dataset,label,path,size_bytes,sha256,width,height,mode,channels,phash,decode_ok,error
source,scab,data/plantvillage/raw/color/Apple___Apple_scab/00075aa8-d81a-4184-8541-b692b78d398a___FREC_Scab 3335.JPG,9616,cc34c72a9d19c74ab2fe86204143856e370d0c981a90382535811b262bb15dda,256,256,RGB,3,eeb185d21aca690f,True,
source,scab,data/plantvillage/raw/color/Apple___Apple_scab/01a66316-0e98-4d3b-a56f-d78752cd043f___FREC_Scab 3003.JPG,10108,653e1d01d1df46983ecfc49b171414ae9ab6030f0ba106a92fd4aa64dc41b61f,256,256,RGB,3,b9e184d31a9c1db5,True,
source,scab,data/plantvillage/raw/color/Apple___Apple_scab/01f3deaa-6143-4b6c-9c22-620a46d8be04___FREC_Scab 3112.JPG,12005,c3580cb39e6cfd5ff54b95516ead2e2cab9b19b2d3ba54968a3483838ee47a81,256,256,RGB,3,96ed92e04b966996,True,
source,scab,data/plantvillage/raw/color/Apple___Apple_scab/0208f4eb-45a4-4399-904e-989ac2c6257c___FREC_Scab 3037.JPG,19474,131db5601b6b9bc4246a2f4fe3c9080c59f26d5fba1ea6c5f92eaa5b61e5075f,256,256,RGB,3,fcfc005a4b4d7c46,True,
source,scab,data/plantvillage/raw/color/Apple___Apple_scab/023123cb-7b69-4c9f-a521-766d7c8543bb___FREC_Scab 3487.JPG,8897,d55b641a35a204b8f92fe18953c5c7f4f42980406da9d9af2e10aaccc25bc440,256,256,RGB,3,abfd859095925a9a,True,
source,scab,data/plantvillage/raw/color/Apple___Apple_scab/0261a6e4-21f8-481a-8827-b674e6955644___FREC_Scab 3055.JPG,10070,5d7236ea8400b9b6093b51a860ebf4844d78b961e1505b6e64520a29fcef4427,256,256,RGB,3,ffaaa08587979690,True,
source,scab,data/plantvillage/raw/color/Apple___Apple_scab/029424b0-0ef5-491b-9ef5-069190d24d8f___FREC_Scab 3504.JPG,14135,b73b22aac7b271c1ff1f60e9fd943464ca125c3b7ccb771f432be1c9ebdd2a0d,256,256,RGB,3,afe89787da121293,True,
source,scab,data/plantvillage/raw/color/Apple___Apple_scab/03354abb-aa1c-4f9d-a1ef-9f40505cd539___FREC_Scab 3355.JPG,9774,c73ddfe0d1e0319ea85c94bd7802e29b996600b19ee11ca0c99fd87f2dece8ec,256,256,RGB,3,aafac1858d9eb891,True,
source,scab,data/plantvillage/raw/color/Apple___Apple_scab/0340dc35-5215-48ab-8db7-06af99fcb358___FREC_Scab 2966.JPG,22974,ee31df7eff3adaaca42248e412510e8d299c764d84b06d61b1474327913e847c,256,256,RGB,3,fda5508ed69c1a58,True,
source,scab,data/plantvillage/raw/color/Apple___Apple_scab/0395b847-2c73-4674-826f-33a6afb5b4fe___FREC_Scab 3287.JPG,16390,a671f0e6e8195847c34e26cdde6ae579a04a70d06e804ba0513173dc8f7743b8,256,256,RGB,3,adc99286d896fc8a,True,
source,scab,data/plantvillage/raw/color/Apple___Apple_scab/03eccb1a-0368-4ac7-9f48-7546037b775a___FREC_Scab 3334.JPG,12286,56062f3b489873d48b772df7b6bd893aeaee75db9f73c0cfdcdaed8fa2c28e09,256,256,RGB,3,f6e2cc997891658c,True,
source,scab,data/plantvillage/raw/color/Apple___Apple_scab/0537ad56-3d24-4e97-a947-65b9b37f8988___FREC_Scab 3079.JPG,16055,eafda053be5864a7ca03623efd5ddc8151a27de36c95ebac9f4e892ce225a49a,256,256,RGB,3,bf99f09cc3c0c781,True,
source,scab,data/plantvillage/raw/color/Apple___Apple_scab/058d5e64-2c57-45ba-94cb-ac83fd1885a0___FREC_Scab 3181.JPG,8334,193faed743a64cec9e1d163c817e9593cd08452c63ae4b8a2cf23b3d1dd23c47,256,256,RGB,3,a5b65a8b168d4bb4,True,
source,scab,data/plantvillage/raw/color/Apple___Apple_scab/0631708e-5bac-4611-8ff9-6d5ee87ce3b3___FREC_Scab 3252.JPG,17063,a476c9a5dadb0dea350b10c561d7e7380627dd07e7c97266fed96f49dfdfbdc9,256,256,RGB,3,a885965ada796d52,True,
source,scab,data/plantvillage/raw/color/Apple___Apple_scab/0672ab32-9fce-41f3-ae69-e39c48a0a292___FREC_Scab 3347.JPG,15457,406665d327b63fd85673ea55d25c9dc63a93f438f8e17ca107dcf8b6b8a3edf6,256,256,RGB,3,bee2e087c5c5cd82,True,
source,scab,data/plantvillage/raw/color/Apple___Apple_scab/06cf74b6-d895-4a09-b3b1-bc63579f8c33___FREC_Scab 3128.JPG,11154,2782bf60fe8e43d367a9c952372d981fd29043b18c69c09229c413e36ebecb03,256,256,RGB,3,eaea80869fb9a127,True,
source,scab,data/plantvillage/raw/color/Apple___Apple_scab/073b509f-c1ea-4e61-881b-2e874c5f4199___FREC_Scab 3286.JPG,13757,a6ffaee400416ff7fd1e1fd335afb63fe7ba369395a495ef9ad3b7e485d0cf2b,256,256,RGB,3,fe29a195e292cb92,True,
source,scab,data/plantvillage/raw/color/Apple___Apple_scab/075b1885-250b-4b3e-8168-e54efdbb04e8___FREC_Scab 3173.JPG,11338,6c25df58e9ac0cadf433045f811c8e44f3dc8ddc428584d41f2536e86c8c23d7,256,256,RGB,3,bc61c397cc9b3270,True,
source,scab,data/plantvillage/raw/color/Apple___Apple_scab/0812e1e4-6d1b-4264-8f23-6519354fc5a6___FREC_Scab 3293.JPG,14693,a9646d821c844177eedf0b8049955e9e8713ee636d2124593edec01ebf72bdf0,256,256,RGB,3,aae0b597d2934a8b,True,
source,scab,data/plantvillage/raw/color/Apple___Apple_scab/0896ecbc-1af2-4868-8279-ed302acb29bc___FREC_Scab 3339.JPG,16075,02fe7684e9215c0ee79ade87296fe4564fa4797796fdd2eb76138edaf64d1638,256,256,RGB,3,aa95819e0f6839af,True,
source,scab,data/plantvillage/raw/color/Apple___Apple_scab/08c42d78-aa7b-4106-b0c1-b260f898dcba___FREC_Scab 3151.JPG,9784,450f00d066be636c96a4499313d7a7375e4b7d55e275222468fc328e8032d590,256,256,RGB,3,ee91f4c2d0eee0e0,True,
source,scab,data/plantvillage/raw/color/Apple___Apple_scab/095c9131-a0cb-47de-898a-f9371f208c01___FREC_Scab 3109.JPG,16088,d7ab3c98f548f0f6ae6abb5f513f06a1e9fa781f6b24b472e05c052db310d68b,256,256,RGB,3,b873e60cd3a6c90e,True,
source,scab,data/plantvillage/raw/color/Apple___Apple_scab/09ba6ad9-aa8d-4493-b1bf-818a4b30c4aa___FREC_Scab 2981.JPG,18650,e3361ff9e8a77610aa1b953a57bc4d1dd0ea7755bde5d46f469f95851886b2cd,256,256,RGB,3,8270946fc9f2bc33,True,
source,scab,data/plantvillage/raw/color/Apple___Apple_scab/09e40e4f-f8bc-4537-b20d-0b244760dbf4___FREC_Scab 3216.JPG,18741,97a89659d89e15ffc53e59e221af3c5737c0d6990a04b8e60e4dedd939e2d554,256,256,RGB,3,eab19cc4e663592c,True,
source,scab,data/plantvillage/raw/color/Apple___Apple_scab/0a14783a-838a-4d4f-a671-ff98011714c6___FREC_Scab 3288.JPG,15200,2f4f31b29d4e1365729fc5a9ec563b56d86da0a6fe8af55ffd2d94a25db116d4,256,256,RGB,3,a9b7d298cb898c4e,True,
source,scab,data/plantvillage/raw/color/Apple___Apple_scab/0a5e9323-dbad-432d-ac58-d291718345d9___FREC_Scab 3417.JPG,9022,60885d5399abf76e14b1d605d847c21cdee826af4ca0e1b07262dfa7e9ed9365,256,256,RGB,3,fcb3a19ec5894a4a,True,
source,scab,data/plantvillage/raw/color/Apple___Apple_scab/0a6812de-7416-4ffe-aba9-307599a02c84___FREC_Scab 2973.JPG,15739,b5f4775063bf02d4bb33bc0ed2620123c46850193fb8851568827ce5aac58f72,256,256,RGB,3,d4f52a4ab9ba90a3,True,
source,scab,data/plantvillage/raw/color/Apple___Apple_scab/0a769a71-052a-4f19-a4d8-b0f0cb75541c___FREC_Scab 3165.JPG,19509,1c7a8af76c37c5b6f25759c14026b00cb266d39a1d9325e7bf62083ee50491c5,256,256,RGB,3,da93a56956cd0ab4,True,
source,scab,data/plantvillage/raw/color/Apple___Apple_scab/0b170906-9436-4c0d-84c1-c396ad9d909b___FREC_Scab 3101.JPG,17190,6335c17e5d7714659bd81ce44e630519a0771eacd797951dbc638e7d7212e1ea,256,256,RGB,3,fc8ec330d46398cb,True,
source,scab,data/plantvillage/raw/color/Apple___Apple_scab/0b1e31fa-cbc0-41ed-9139-c794e6855e82___FREC_Scab 3089.JPG,20849,8887e5095a006aabb6781f537b08aa5240e224ad3379843b90ef7845247b5d29,256,256,RGB,3,faa1e187979a129a,True,
source,scab,data/plantvillage/raw/color/Apple___Apple_scab/0b4a52e3-e15e-4117-b2e8-7cdb5dca3ce9___FREC_Scab 3137.JPG,16502,4f93df97e3a70fbfa9a58dfb2c1ab400bee5df9e72236fbc1dabcac180a06586,256,256,RGB,3,a01fc4d0ddefc0e4,True,
source,scab,data/plantvillage/raw/color/Apple___Apple_scab/0c620ec5-11cf-4120-94ab-1311e99df147___FREC_Scab 3131.JPG,9048,55a65f3c9965c067b7d1af8e9cefbf987036b780259ab6deaf89c3c09bb41717,256,256,RGB,3,f9c9839fc23043b3,True,
source,scab,data/plantvillage/raw/color/Apple___Apple_scab/0cbfa4fa-63d8-43ce-9385-ff140e524b69___FREC_Scab 3164.JPG,10454,f057feedc7c6e3af2c58092ed35ebae59a1c937e39cb74ca26eccc5eba4677a7,256,256,RGB,3,e8bc96d349cdcc24,True,
source,scab,data/plantvillage/raw/color/Apple___Apple_scab/0d3c0790-7833-470b-ac6e-94d0a3bf3e7c___FREC_Scab 2959.JPG,18020,22096cc4b3ab15bf4966ab1a145577629ae9e930dce12542dce053d0c5aedb52,256,256,RGB,3,ee71aec0151790fa,True,
source,scab,data/plantvillage/raw/color/Apple___Apple_scab/0d8d5b80-962d-4381-8d3b-9eca3f2f1bb0___FREC_Scab 3449.JPG,7691,2d6737dee7e4dc7e7152c9c5238741140a4ed99808930d1ab202be50c3f20536,256,256,RGB,3,ea27d28cd69853a9,True,
source,scab,data/plantvillage/raw/color/Apple___Apple_scab/0db71c1d-93d7-4481-b0d0-b73f995131a9___FREC_Scab 2976.JPG,22106,8f50dcb061a543b7f7025203254bea3bfd42b0f719df531057bb5bbd100dbfd0,256,256,RGB,3,ab17f2ca051e1f1a,True,
source,scab,data/plantvillage/raw/color/Apple___Apple_scab/0e90fe4a-e8b6-4186-9429-a9fea180af9a___FREC_Scab 3391.JPG,15211,a9401c234fc7a6f301220b74c7537494fc22bf01b4f5d1bb9d7934aa9dc3fa7b,256,256,RGB,3,889fb4e0878f9c2d,True,
source,scab,data/plantvillage/raw/color/Apple___Apple_scab/0ea78733-9404-4536-8793-a108c66269b3___FREC_Scab 3145.JPG,11807,1f7a1a838c8b320c8ac12b23e5077eddebc56a76b5b3e1894c456d5814ef35f2,256,256,RGB,3,fd8f80d095d3899a,True,
source,scab,data/plantvillage/raw/color/Apple___Apple_scab/10072248-60e2-4190-b4df-14e8ab61008c___FREC_Scab 3445.JPG,9870,e7084566e3e3a6362f92d5671d69f8dcd278053a2252e5db16e6463bc2bffb17,256,256,RGB,3,abdcb4c09eb892c6,True,
source,scab,data/plantvillage/raw/color/Apple___Apple_scab/106aaa5f-c98d-482d-88ef-8e5170e9072d___FREC_Scab 3489.JPG,13261,be7b85ce4fee41b2fb4c0c733ee3c94eb3a4553255b6d6ee28348e65aa7710c6,256,256,RGB,3,aaf2e4c9808d9f3c,True,
source,scab,data/plantvillage/raw/color/Apple___Apple_scab/11c50257-617e-4a6a-a996-2b195af9ada4___FREC_Scab 3462.JPG,10943,e4cbdd064eb332f6f96d3ab02e0eaa9f47d361a79c26b044443fd4a5294e0fb1,256,256,RGB,3,fac2858f9a12b437,True,
source,scab,data/plantvillage/raw/color/Apple___Apple_scab/11f5b020-3dfd-400c-9819-7d229bc5f929___FREC_Scab 2945.JPG,10451,e66dc09f362cb8f2d73f9ba109f4af830d775414c222297c345a1e2212e607d7,256,256,RGB,3,aa9592cb6d663632,True,
source,scab,data/plantvillage/raw/color/Apple___Apple_scab/12bc3d5c-2409-426e-b6cb-a08cbf488153___FREC_Scab 3154.JPG,12785,9d7889b79443eb5d41203edf7e039657bb1b7e2def81bf01dba574da1dea9c78,256,256,RGB,3,b1bb7ce5e08bc118,True,
source,scab,data/plantvillage/raw/color/Apple___Apple_scab/133c27cd-57f6-4790-b446-972327e13194___FREC_Scab 3362.JPG,14713,902b78d0037f1b2193fa75148f72ffc8178bb6674a40bd652af15555cf02eee5,256,256,RGB,3,f8b8c791c692ca99,True,
source,scab,data/plantvillage/raw/color/Apple___Apple_scab/13b10b04-7da6-4d34-8b43-258239a25ffd___FREC_Scab 2990.JPG,15278,b392422e1a081fb9f52ec72127c560f650f0f5d10a44b283a8fad65c8b3abc0f,256,256,RGB,3,ed18c0f617da02fa,True,
source,scab,data/plantvillage/raw/color/Apple___Apple_scab/13b16e68-c82c-4de8-ab34-877ff352e821___FREC_Scab 3180.JPG,11191,927a8848a2fe1d0ab7e992a7315e4225754b1ae9491134e1d872614267ac3576,256,256,RGB,3,e9dac6ad988117ac,True,
source,scab,data/plantvillage/raw/color/Apple___Apple_scab/13f31401-f65a-4025-823a-4f2738e8bff9___FREC_Scab 3062.JPG,15609,995490b05dff02a120a2ca6dc66e4e02f7c5adedcdaa4f47368a17b9660a9cd7,256,256,RGB,3,eeb0e4c295cf928c,True,
source,scab,data/plantvillage/raw/color/Apple___Apple_scab/14c623e5-051c-42f6-9e4f-f7a93e6a723c___FREC_Scab 2965.JPG,10191,2a6d0d53b82bb87554335a5404c07458873b232db03dbcf9c71b3f495731fe17,256,256,RGB,3,faa190d8cde546a6,True,
source,scab,data/plantvillage/raw/color/Apple___Apple_scab/1547f817-6a4d-4cbc-8ce0-7dff293562ee___FREC_Scab 3194.JPG,10186,813b2125e89b6023dc701292554f726556cc7217a9ce0654dbeb836b30de3cf6,256,256,RGB,3,fec181e34e6e903c,True,
source,scab,data/plantvillage/raw/color/Apple___Apple_scab/154842bb-6ee3-4176-9007-cf7a43cfe140___FREC_Scab 3434.JPG,9603,0727842c7b1e0717dd8cf4876dcd19ec325442999fec2c89856f03675d7b981d,256,256,RGB,3,aac9953dd2266c5a,True,
source,scab,data/plantvillage/raw/color/Apple___Apple_scab/15bfa086-7d4a-43c0-800d-2fe8255ba50c___FREC_Scab 3150.JPG,9880,90495c0282cf74a1309e554c3cc0d239efce0108a1b63002de1f6f76ba4802ec,256,256,RGB,3,aad4255ea0ab95ec,True,
source,scab,data/plantvillage/raw/color/Apple___Apple_scab/162d8ca4-7cd3-46f1-904f-09721df3e498___FREC_Scab 3336.JPG,14466,858b8b757e02f3f3a292db01be19bd01660f69fbedb20db54b7a6c98809a7fb0,256,256,RGB,3,fea1c9d4ca2d24c3,True,
source,scab,data/plantvillage/raw/color/Apple___Apple_scab/1637ad84-640c-41e7-9be7-6d8e7769b875___FREC_Scab 3110.JPG,10592,57b07963d17e4822180e29db1b621fd14890bcbd00c7efcef7e369ab075ada91,256,256,RGB,3,eaaaaa8f9fd18089,True,
source,scab,data/plantvillage/raw/color/Apple___Apple_scab/176a93ed-6c2d-4828-ada1-87f1688b509b___FREC_Scab 3083.JPG,18614,e695aa169addbe4ca6bd868611cd097ad9f0283b0286238497935a7cd06f3b9b,256,256,RGB,3,efd2b1878e95b408,True,
source,scab,data/plantvillage/raw/color/Apple___Apple_scab/18ab74ed-8e95-4787-b2e1-1283594bd00b___FREC_Scab 3012.JPG,7220,bd2eda0a90f19f576d483204dcb16964c6e86f74f50cb21ae6a67fa92454a49b,256,256,RGB,3,eab5b6438912d8ad,True,
source,scab,data/plantvillage/raw/color/Apple___Apple_scab/18e95262-fb0a-472c-93ab-e03138a360dc___FREC_Scab 3366.JPG,10542,64da445d4308aaff202f2e3907eebbbd5282873ddf705c083f16b55d14ebfd73,256,256,RGB,3,ff60c58d5c98c915,True,
source,scab,data/plantvillage/raw/color/Apple___Apple_scab/18ea82fd-4e16-416f-8ad9-54e0f6601693___FREC_Scab 3127.JPG,11377,d1e13d2c0c7b642c8e095f92c96d210352a58b378aefd0c51be8ff8e7aeba3a4,256,256,RGB,3,f0b3c399cccccc26,True,
source,scab,data/plantvillage/raw/color/Apple___Apple_scab/1962d1ec-fb66-4583-b631-81cd23ecf063___FREC_Scab 3238.JPG,10508,5a80a1f44b722ae59231b01aae48291f6ec92b6a02646c24263066ddd2550968,256,256,RGB,3,ea69c50d5c5458db,True,
source,scab,data/plantvillage/raw/color/Apple___Apple_scab/1a21aabb-6f74-4644-8d9e-a517568b7e9c___FREC_Scab 3095.JPG,12743,06cefbbabcf9128318457a602a89e4f0c32e7fafc3289ba61c18b807c0c20612,256,256,RGB,3,f8a4b1c6178ad78a,True,
source,scab,data/plantvillage/raw/color/Apple___Apple_scab/1a304331-98b5-473f-bbb1-c33b8441052a___FREC_Scab 3296.JPG,15567,ae54b8b1b542ea8918cce998c044ced22429b1b5c37bfd60816f951387ef1328,256,256,RGB,3,efb590cac98cc24e,True,
source,scab,data/plantvillage/raw/color/Apple___Apple_scab/1a4047d7-23d6-4bba-ba10-b6e7005ea01b___FREC_Scab 3193.JPG,11072,06f376f229ca04af831f4d4db42303cce5559d5d7aca10a6ef64a05084a6af5c,256,256,RGB,3,ec9c81721f3b98b1,True,
source,scab,data/plantvillage/raw/color/Apple___Apple_scab/1a41bab0-45e0-4dda-a798-9bf4a998f1b6___FREC_Scab 3450.JPG,15466,b9f8a3099dc6661bf384956565efb26f98e77d518e4a8cd4692adcfe1d435488,256,256,RGB,3,aa75a5c69d9c5889,True,
source,scab,data/plantvillage/raw/color/Apple___Apple_scab/1b1004c8-99e9-4c85-8fe5-b1c11d558cf8___FREC_Scab 3300.JPG,14111,6e2a67454e10029cb2c39f5597f03e3e48bc137354b460c4d7a2d0cdfdac9588,256,256,RGB,3,aadff4c090c396cc,True,
source,scab,data/plantvillage/raw/color/Apple___Apple_scab/1bc60205-27cc-4d10-bc87-7e968573e5d5___FREC_Scab 3531.JPG,19431,222b9c8c11e8680366eea03cecc6464fe9d072e51734ccfc95ecaaffdd7315de,256,256,RGB,3,aff0b487d20ec13c,True,
source,scab,data/plantvillage/raw/color/Apple___Apple_scab/1bcc3b5d-7e00-43fb-983e-95ae271a715b___FREC_Scab 3061.JPG,18051,7a55a268150327e4abc87c9ed2ad289cbbb97b9634c8bc72b596128d63698b0a,256,256,RGB,3,d474ea1b31d25457,True,
source,scab,data/plantvillage/raw/color/Apple___Apple_scab/1c10ab31-02b9-4008-b66f-9b44d8a9d323___FREC_Scab 3084.JPG,20564,bcfeb9f5688fedac38d9a9105c0b29e73b4d1d6c86b31f70bc4060f70e20225a,256,256,RGB,3,af31f4809103d7cf,True,
source,scab,data/plantvillage/raw/color/Apple___Apple_scab/1cb869ea-0a4c-47d7-9def-a88c16b72ddc___FREC_Scab 3350.JPG,14854,f4d33e56db8c9b3e757adad9e72013d749ca5112f2198eb8d0628832edd6e0d9,256,256,RGB,3,f9d0c717d45ec848,True,
source,scab,data/plantvillage/raw/color/Apple___Apple_scab/1cdf2779-8cb1-4ae4-be70-b0eeb1abb0f8___FREC_Scab 3370.JPG,12335,ff1db8b5ac09627509e0d662c52cec680c779005dac21318697c7f8f7b28a81c,256,256,RGB,3,ffa0b087d08f4b1c,True,
source,scab,data/plantvillage/raw/color/Apple___Apple_scab/1ceeeee0-40bd-4ac9-8a57-59385bf5df8a___FREC_Scab 3001.JPG,16912,e2696f1b141646af57e194c82371795c8c4652e5f0666af52a1649fc31e4d3d4,256,256,RGB,3,fe59a10a87a5d6c2,True,
source,scab,data/plantvillage/raw/color/Apple___Apple_scab/1d81b4c1-072d-4cf7-b1ca-ce43f59822d8___FREC_Scab 3406.JPG,9750,2a0ed8bc842cc73f59d4cfdf0b67261edfdf644ddb969417e05c42c79d0bd93c,256,256,RGB,3,ba95e45ac3e0c5e1,True,
source,scab,data/plantvillage/raw/color/Apple___Apple_scab/1d9d67e2-5603-4710-ae2b-6cb0b922ae61___FREC_Scab 3122.JPG,9362,25f2c4b4d61ee4e4982e9791d4840d1508d260716df322dd7c0594765b3b6a88,256,256,RGB,3,a8ef90871f72c487,True,
source,scab,data/plantvillage/raw/color/Apple___Apple_scab/1f6abf22-93fa-48f0-a509-cc3e210f75f0___FREC_Scab 3172.JPG,11974,4cf527b4843d4a01e4261f62c58dc4022a37a44749332ff4f263566e77d9e6bc,256,256,RGB,3,e84685b19cdeb1cc,True,
source,scab,data/plantvillage/raw/color/Apple___Apple_scab/1f97d75c-db85-4344-8687-82ca56454d17___FREC_Scab 3408.JPG,13268,fc8a2e8fa90d9fb4e64a82a5119cb6856bfeab54bca839311daaeb9acd252134,256,256,RGB,3,ffc1a81f91e89125,True,
source,scab,data/plantvillage/raw/color/Apple___Apple_scab/1f98b949-4df2-45cf-8572-3b4a753be21a___FREC_Scab 2907.JPG,9244,e123dadc638bc31a352befc08e0f2583473b82f3c792ee03a71bbf0135893cce,256,256,RGB,3,bc6343cf99c44c99,True,
source,scab,data/plantvillage/raw/color/Apple___Apple_scab/201d8b27-5a38-43e5-8065-f7fe039ad781___FREC_Scab 3058.JPG,15436,7d40222e4938545ec12e98d6d43b6195db4f03fec6c47c1e6c0b4a46dd28cd02,256,256,RGB,3,de0fa0f487119e6a,True,
source,scab,data/plantvillage/raw/color/Apple___Apple_scab/20f4f8d1-7527-420b-a90d-e17b9e45549a___FREC_Scab 2997.JPG,20234,ff451a39474cde225eb49411536801c6e59c805030a0ef5b189d15a61745a6a9,256,256,RGB,3,be15b05ad3219be4,True,
source,scab,data/plantvillage/raw/color/Apple___Apple_scab/222a9802-f14c-433e-9d18-d0668ed3c279___FREC_Scab 3239.JPG,13425,31237a9dc388fc3c1bd7b35ebeb1b16debf8fb381052c4fae4b9b54c83f6fb99,256,256,RGB,3,d8f5a99ab59a141a,True,
source,scab,data/plantvillage/raw/color/Apple___Apple_scab/22c12d6a-3c17-45be-b53b-f17f1b3f5168___FREC_Scab 3206.JPG,9356,ecd286421cbe5323fc4157e453335a7b4f838a93efd99cf8c7965d4e5dca556d,256,256,RGB,3,f0869b993d9a664c,True,
source,scab,data/plantvillage/raw/color/Apple___Apple_scab/233b7aec-ccec-47a3-b5bd-27e154d7a8f7___FREC_Scab 2912.JPG,14483,9a23d252865359489df7fb4f49c17dd1bbe3e79668e71cf08b147e1534b23d99,256,256,RGB,3,ec2e759053834b8f,True,
source,scab,data/plantvillage/raw/color/Apple___Apple_scab/23466313-6a2c-46e7-ad89-1f95dd2d3b40___FREC_Scab 3517.JPG,14637,5625dacddc152914135ca48b084e4dcdfc155d358ce4a161e51454fdce02f53d,256,256,RGB,3,b669839e34c12fc9,True,
source,scab,data/plantvillage/raw/color/Apple___Apple_scab/23576562-df0c-46bb-8c50-1bf03412097f___FREC_Scab 3086.JPG,21221,1653dfc18c259dec73fef3bf9b4693fee1ecfb247c18c1709865a3985a2d2d50,256,256,RGB,3,a6dfb0a48d959932,True,
source,scab,data/plantvillage/raw/color/Apple___Apple_scab/23f31e0d-3330-4752-9f83-8aba28c90ccb___FREC_Scab 3178.JPG,9208,27138fea6c9323fff64201456fd888b47aa38db42a7ef098083c6b7e11b406dd,256,256,RGB,3,ad69568cc11fc98b,True,
source,scab,data/plantvillage/raw/color/Apple___Apple_scab/2438c1f0-556e-4575-b382-96e17f908e34___FREC_Scab 3230.JPG,7845,0a4c61494309382fd39db1fe549c0221b1ed1d4e13fd5be61138e08270296b27,256,256,RGB,3,ae99e7b1c605ca26,True,
source,scab,data/plantvillage/raw/color/Apple___Apple_scab/246c33b0-fac8-4cca-ae8b-17947338b8b2___FREC_Scab 3091.JPG,13608,5ef9063941c33115053d84ea482a8c5f6f005eaaed327964b8ec193d6fe4a40d,256,256,RGB,3,9583e0b643f0ceab,True,
source,scab,data/plantvillage/raw/color/Apple___Apple_scab/24d43ad3-24e6-4236-8ef7-59b268520ca3___FREC_Scab 3533.JPG,11067,413dffaee5d04a005c9e881695f4c6bde95e5626628990f2d673530132e052f8,256,256,RGB,3,adb790d8cd648cc6,True,
source,scab,data/plantvillage/raw/color/Apple___Apple_scab/252087d7-57c9-4ebe-b6c4-840d6c5dfcb1___FREC_Scab 3329.JPG,10166,5db923d99532692d39215c02dadcbb6db3a67468ae67fc35014f2420c048e025,256,256,RGB,3,fce58d9d30b007c6,True,
source,scab,data/plantvillage/raw/color/Apple___Apple_scab/258ce9eb-2b67-475b-b09c-0bc83b0987f1___FREC_Scab 3033.JPG,16564,1ba2f27d59780766d4a4826d6d095a2876f1604b7edcd9d952d5d8e163a7452f,256,256,RGB,3,afd0a48b960f961d,True,
source,scab,data/plantvillage/raw/color/Apple___Apple_scab/25aeb397-bc36-4fe5-affe-6b8195d4f282___FREC_Scab 3494.JPG,11837,3af4bd045422fcdeee6f264b431b6cb8d30d363aa97395c1c0191c7e154cc1e5,256,256,RGB,3,daade5d482001f3f,True,
source,scab,data/plantvillage/raw/color/Apple___Apple_scab/268a2ad1-d649-4ec0-add3-61cc8f54f479___FREC_Scab 3235.JPG,8336,c221ff0ef8ffeb3e2cc7e5e7db7d8c99ae47d25a3cb7b3355726325581dd0404,256,256,RGB,3,a492db5994b2a96e,True,
source,scab,data/plantvillage/raw/color/Apple___Apple_scab/26a31865-1d42-4bd6-8b67-02cbedfd6f64___FREC_Scab 3516.JPG,19977,c583582f8151b9f87ab04c81f1bed0450b6a248041e8f7f1565f6bc46efc2a61,256,256,RGB,3,f936c965126d9358,True,
source,scab,data/plantvillage/raw/color/Apple___Apple_scab/270dd6be-95f4-4fd1-8423-b698663b3f72___FREC_Scab 2954.JPG,22034,c99dd1d587763990dc4753f8837ae89b32c8d5d8ccc0052407280f2b23e3ae64,256,256,RGB,3,ba4da1f203f21bd1,True,
source,scab,data/plantvillage/raw/color/Apple___Apple_scab/27338275-3c75-4bbf-8d74-7b90e9d224d3___FREC_Scab 3269.JPG,18840,8c297fba766db542fc9ca4bd99bdd738a18a282e0ab57be4a7f7cc811b851945,256,256,RGB,3,ead1b44fc09ab89a,True,
source,scab,data/plantvillage/raw/color/Apple___Apple_scab/276ed34e-9987-4b38-b83b-8626504fc204___FREC_Scab 3050.JPG,17359,e66866c1931ea1bd24db3c92843174d50e6ae49cb62835d6b40b28776f04e137,256,256,RGB,3,daa1ab85ad553856,True,
source,scab,data/plantvillage/raw/color/Apple___Apple_scab/29ab8216-ec38-4efd-9c77-21068fa899a4___FREC_Scab 3241.JPG,17638,bb930d3c45c911386bece8f4f9e1451bb31730efd7f7d1b8d694ce21a39012cc,256,256,RGB,3,9af0a1cb950d5e55,True,
source,scab,data/plantvillage/raw/color/Apple___Apple_scab/2a59761b-c91c-451c-8e13-d9dc3aff8d29___FREC_Scab 3503.JPG,13335,f3253af6036f2e7496f0b91a5e9d160adf9f5218b29983e959c9f2c706221e7c,256,256,RGB,3,bb95900844cfef6c,True,
source,scab,data/plantvillage/raw/color/Apple___Apple_scab/2a800c84-902e-4aa8-af13-4e020d6f17dd___FREC_Scab 3124.JPG,8051,3743c721971ede01c6fee7b884f1e33fcc6adb48ff0785dc7b50774e462f8002,256,256,RGB,3,fe9fe1d0ca80cc8c,True,
source,scab,data/plantvillage/raw/color/Apple___Apple_scab/2a97b29d-8a63-47ab-bd5b-c14832a586c8___FREC_Scab 3242.JPG,18647,57eb5dd2e25b4b032b39c830e895305b41da53dc0630b97379990baf69b7f63c,256,256,RGB,3,b44a2ae22bef8547,True,
source,scab,data/plantvillage/raw/color/Apple___Apple_scab/2ae81857-0615-4a6a-8d13-1ace0c62284d___FREC_Scab 2992.JPG,12016,e575ece501d6e93e7645fb00699c62d6916eae3436cfb7f1aa2dee4ea4b13da4,256,256,RGB,3,8fb1dcc8fe24e442,True,
source,scab,data/plantvillage/raw/color/Apple___Apple_scab/2bc018ba-3c49-4cf4-9411-a93b7b196f45___FREC_Scab 3326.JPG,14613,7ad669a3f9f013984914ffa2847e6c045606e0572d092b8e70d2856fa7f7cb5a,256,256,RGB,3,fab9a456c2dacb04,True,
source,scab,data/plantvillage/raw/color/Apple___Apple_scab/2bc50b52-0d7d-41a3-be8a-8d070341d87f___FREC_Scab 3476.JPG,12066,86e52b8311ba6af96c2fff73178e244d548056ad44923840ed110fcb5b57047a,256,256,RGB,3,abc8f48d941f169c,True,
source,scab,data/plantvillage/raw/color/Apple___Apple_scab/2bfd8ee0-af6b-42fd-ae61-fc5e92ec1b67___FREC_Scab 2988.JPG,17262,2f103ae1bd6e69ad1c703d5e9b382ce09e4b197997f0cb6fbf45a56d95e0db05,256,256,RGB,3,af7512fa00c53bc5,True,
source,scab,data/plantvillage/raw/color/Apple___Apple_scab/2c648fcd-d637-4559-beaa-9dd6079646fb___FREC_Scab 3213.JPG,20367,11c0b4014d2e77a472182ea174beddaac4f9803c33c85ac7093428bd0da8f70e,256,256,RGB,3,d0ea2ba5c5b2559a,True,
source,scab,data/plantvillage/raw/color/Apple___Apple_scab/2c7ca7c8-1a6c-4811-b9b0-b054c11a5397___FREC_Scab 3260.JPG,9156,283cc9fec2589725087f136f38b22b0129fd03b2753043bcb81cdd5356bf3a31,256,256,RGB,3,ea02f80ff40eb13b,True,
source,scab,data/plantvillage/raw/color/Apple___Apple_scab/2c89ceaf-748c-4371-80d0-d01855f04a92___FREC_Scab 2962.JPG,14681,f67a15b10324ee06c31dc3de6fcd32bd8b4a3b7571f441b25929bd02726dca71,256,256,RGB,3,f847d35b494c4666,True,
source,scab,data/plantvillage/raw/color/Apple___Apple_scab/2d329823-7ad5-4189-89b7-4bdf24f9c393___FREC_Scab 3507.JPG,12323,d8405ce49023644b6a1eb07eec564ff5a22f923a3b91769b6b1e6279488d5cec,256,256,RGB,3,a9cd82b696b3251d,True,
source,scab,data/plantvillage/raw/color/Apple___Apple_scab/2d4c8a12-a34c-4c8b-b357-271d87532ece___FREC_Scab 3090.JPG,21398,9a56d749d5db90323fb8aa8aa58d97c28c97b7248208651396597f460735e235,256,256,RGB,3,aaf0e5cb978c9891,True,
source,scab,data/plantvillage/raw/color/Apple___Apple_scab/2d5265d2-be99-4e9f-a085-d309cc01b751___FREC_Scab 3023.JPG,14556,4546a2bbae80519ad4085515749fdd96f6ee09cc307bb065073accdbfe639e3f,256,256,RGB,3,fab4a35fd40a2938,True,
source,scab,data/plantvillage/raw/color/Apple___Apple_scab/2dd8b8f8-46b0-4bc6-b817-ea7163f4b28b___FREC_Scab 3473.JPG,9620,fb18e667645288e34eeb2cf8a94518558955cc60c874b4c46cd9e8067f59efd6,256,256,RGB,3,f8a7a1d0879e9538,True,
source,scab,data/plantvillage/raw/color/Apple___Apple_scab/2e264ee0-7679-4ad2-a19a-1ac4d2e84079___FREC_Scab 2984.JPG,21225,c4edd4badb7c7ff8363b59e61d04f30ef9f4094b681c59a9a504d369eeb039bf,256,256,RGB,3,a2bde64f2d03e4c1,True,
source,scab,data/plantvillage/raw/color/Apple___Apple_scab/2f1e68c0-c059-46fd-bbf3-f160817abdc3___FREC_Scab 3535.JPG,16251,e39584679bb475f9233b571966c124ffa780800ab0780830ca62cc4ec9306a89,256,256,RGB,3,ef58b42fd2848b4c,True,
source,scab,data/plantvillage/raw/color/Apple___Apple_scab/2f668a95-80ab-40ac-98ef-657bd85b668b___FREC_Scab 3247.JPG,21066,11ca1b89f706332420856b6025d4cadb22948bc792d0cd074288009a1d89df6e,256,256,RGB,3,deaaa1e5d194d0d2,True,
source,scab,data/plantvillage/raw/color/Apple___Apple_scab/30111fee-0c22-4ca4-aeb4-ac14a9a5d651___FREC_Scab 3097.JPG,19685,1efedfb2bfe810da9557c6a0888f8209e7912616217b4690548e40d70db660cf,256,256,RGB,3,efd0b6cdba881891,True,
source,scab,data/plantvillage/raw/color/Apple___Apple_scab/320dff9e-6d59-4bec-9e7c-930444343e3b___FREC_Scab 3398.JPG,11002,a57af88f8ccd95830ad63073365e19070db624beb8f4b63744a12e4e257d12f9,256,256,RGB,3,f867851ac7344f32,True,
source,scab,data/plantvillage/raw/color/Apple___Apple_scab/321c7135-853f-444d-9952-a893e660d966___FREC_Scab 2958.JPG,19788,dc6251dc9b1b0eb7073677a94b75cf277517687489de09eb6bf4ddb780e84816,256,256,RGB,3,f555856ac2b5a83a,True,
source,scab,data/plantvillage/raw/color/Apple___Apple_scab/32454154-edbf-464f-8097-e99a3d9a15af___FREC_Scab 2936.JPG,17143,2fb882cd1f9b5f33f652cb63678bd6ebfa27585822a0631d88c30d247efbfeaa,256,256,RGB,3,ab4ef431873c8f81,True,
source,scab,data/plantvillage/raw/color/Apple___Apple_scab/32550bbb-cdf1-4805-8167-27dc5a8e87d2___FREC_Scab 3195.JPG,10773,f23531142a36c8740a40a4605c6b3da33623e638ca1147dffb26722cd036155d,256,256,RGB,3,bdc9c2670e1ec938,True,
source,scab,data/plantvillage/raw/color/Apple___Apple_scab/334f8e1a-5989-476e-88f4-8a45c304e12c___FREC_Scab 3035.JPG,18726,d72f9cf3e06338d877b10b725492c6e3c6cc311374502d03e2ec34ce05c9ee6f,256,256,RGB,3,adf9e6849eca1a90,True,
source,scab,data/plantvillage/raw/color/Apple___Apple_scab/33ebf0dd-f971-4f11-aa93-45df7d55a9ea___FREC_Scab 3182.JPG,9185,c09bca6b412507b500330f0fbb4bc92c9d826c2b95db48a7259dbb57dfdf43f7,256,256,RGB,3,adacd49b126b8749,True,
source,scab,data/plantvillage/raw/color/Apple___Apple_scab/34c2823b-d1c5-4bd8-a5a7-74bdef959e10___FREC_Scab 3484.JPG,9752,ee9f40d5b7cee37824a59c51645d56f9f137d9ef9ffc3bf011600e66bfa0de3d,256,256,RGB,3,feaee098c7d18883,True,
source,scab,data/plantvillage/raw/color/Apple___Apple_scab/34c37353-8429-499e-bd38-ac7501f79e90___FREC_Scab 3501.JPG,12707,5279db31f4646a9fee3833804982ef520929cc4ff0ad49ec09c60d29a35510f4,256,256,RGB,3,ef82f680db28cb98,True,
source,scab,data/plantvillage/raw/color/Apple___Apple_scab/3523d2d8-0da9-4b83-b09d-21bd96860a3d___FREC_Scab 3499.JPG,10625,4bbf3ec80137012c4dff9b46e28c293e4936b61acc0c8f180181cd05e1ac90fe,256,256,RGB,3,fbcc88839e94b163,True,
source,scab,data/plantvillage/raw/color/Apple___Apple_scab/352a5659-3552-4e94-8333-c3715d38cc27___FREC_Scab 3049.JPG,19446,62f3355cc53fb9334cedc7d06ad63d77d5d5a9bbad6242edaeb6ca001dc0fc05,256,256,RGB,3,cab5aa943d327562,True,
source,scab,data/plantvillage/raw/color/Apple___Apple_scab/35694cb9-efe9-441a-a810-13e065de7925___FREC_Scab 3320.JPG,17018,bcf616ce65a1a23c6d26c7894d5e72f3471e71bc03fb73412698f238ce6e75a1,256,256,RGB,3,fdc8a0d7851eba18,True,
source,scab,data/plantvillage/raw/color/Apple___Apple_scab/35fde58e-46ea-4d1b-9580-ead7a2d0cb3b___FREC_Scab 2952.JPG,19306,1f1e60a180d567220318df21fa93a5b95369a83e63c9f40947ff90a60bac7fdb,256,256,RGB,3,dcf029cb962d9326,True,
source,scab,data/plantvillage/raw/color/Apple___Apple_scab/3636b2d7-b888-437b-b4e3-a8af4bb62763___FREC_Scab 3148.JPG,8985,2da6cc137de23987333a6ed15af0e9da3454da73915f60226abd6a86903dcfbe,256,256,RGB,3,f8cce3e8a711e530,True,
source,scab,data/plantvillage/raw/color/Apple___Apple_scab/3652fd23-ba4c-4958-8db8-3aff8f614dfd___FREC_Scab 3377.JPG,16679,d1defbe4b3159102667ffa268221f4f934fbc1eb680f4469e9fa2ef914fc061a,256,256,RGB,3,ff8fe0b0c7a090c3,True,
source,scab,data/plantvillage/raw/color/Apple___Apple_scab/36d99a07-4a43-4416-b204-6886f71d5039___FREC_Scab 3294.JPG,15087,3b9fe9ca7f968a4fda95675243aa3c49cc0106ffd633e998308a255399cd72f1,256,256,RGB,3,8fafb8b2819094d7,True,
source,scab,data/plantvillage/raw/color/Apple___Apple_scab/37659856-0fc8-430b-871a-af4f0b557e49___FREC_Scab 3081.JPG,18939,4bf3534a463917146b41468b8b6acd71b4431d363859c72cf016c33264bf0d9e,256,256,RGB,3,c0d7a18a94fd94d9,True,
source,scab,data/plantvillage/raw/color/Apple___Apple_scab/376aaef3-8649-43aa-89f8-166bd349a3d3___FREC_Scab 3064.JPG,15045,d55a6b6b9c347405a434bc456d8ad5a9e0208e990db553bd4aac9f9c9dc07bbc,256,256,RGB,3,b3ce93849dba2469,True,
source,scab,data/plantvillage/raw/color/Apple___Apple_scab/38e76f0a-63cb-460a-b0fa-f20e561dc2c0___FREC_Scab 3481.JPG,7628,31ed6a7fb95a5b5f56d24c7b734b55658b5ef3a8b8d1c5670977523f03471231,256,256,RGB,3,bbec4cc284948fec,True,
source,scab,data/plantvillage/raw/color/Apple___Apple_scab/3bf2f5f8-4578-405a-88c6-c5338620a078___FREC_Scab 3059.JPG,16665,d0eda62035af10b17a12381acecf237fb690a8a128a2486a65346f7445edda5e,256,256,RGB,3,ea96a5ca91c5918f,True,
source,scab,data/plantvillage/raw/color/Apple___Apple_scab/3c27bbd7-b305-4ab0-8a85-5061363cf632___FREC_Scab 3183.JPG,8440,ce718b5052c567f564924ca1eefd79b6eb6a855eabda0430a69bacb5c4855b3e,256,256,RGB,3,aeb4d29a61cd8bc2,True,
source,scab,data/plantvillage/raw/color/Apple___Apple_scab/3c2f46e3-9f96-4912-a9d5-7a046aa6a1b2___FREC_Scab 2967.JPG,19810,e9707574b73b64bbcc33c44ab5d947b93d53a1a64b8729e4605d9a1b7475311c,256,256,RGB,3,b721d18bcfbc6428,True,
source,scab,data/plantvillage/raw/color/Apple___Apple_scab/3d34bd1c-fae9-446a-a629-147b5e8d5d6b___FREC_Scab 3103.JPG,20956,90480ba8eee7b86d20ad0f39ff34af63ec4475f10c5aaa4b8c3418fcd75aa023,256,256,RGB,3,bed2a48dce5d9218,True,
source,scab,data/plantvillage/raw/color/Apple___Apple_scab/3dd3d59c-be2a-4f29-8fa1-d4f37d7fb894___FREC_Scab 3412.JPG,11000,47798efef24a49a03dd2d4b6a795e7bde64b161240c7f76adc2d645a9d31cdc7,256,256,RGB,3,d5c5aa97a842cd59,True,
source,scab,data/plantvillage/raw/color/Apple___Apple_scab/3eb26abb-a392-4cc4-9be2-d5e4bb8f3660___FREC_Scab 2969.JPG,22579,958bdd47401b8a134f308e2e158fa3f156cdd6e03342fcf153f62096b19311d4,256,256,RGB,3,fde513aa07da0e12,True,
source,scab,data/plantvillage/raw/color/Apple___Apple_scab/3f65aa69-06c9-423f-ac7a-e2ab6edf63ca___FREC_Scab 3360.JPG,8592,9a3ddc10093f5bb0716baae8195cbb6f1e52a8d1507c1de815de4f2e78c11d86,256,256,RGB,3,f8a4c1c7cc1ac69e,True,
source,scab,data/plantvillage/raw/color/Apple___Apple_scab/4098b029-fcda-4d2f-9703-c16e6e5fae49___FREC_Scab 3455.JPG,11187,aea0f03e9cadf380512233c6c46bd2d45824e01983d8c3804c4c1f31784decc7,256,256,RGB,3,fee0879c92b031d3,True,
source,scab,data/plantvillage/raw/color/Apple___Apple_scab/40a5e87c-ee32-4d67-9b28-926e94638a1d___FREC_Scab 3251.JPG,13591,c855219942abfe14cba6ba3bcc2a7efc9568177551b23433ee0e6894238c600d,256,256,RGB,3,95eecc8b1a7a7045,True,
source,scab,data/plantvillage/raw/color/Apple___Apple_scab/40d60cf0-1311-40c7-9e7e-579e74c92027___FREC_Scab 3136.JPG,18477,d9e86b782add8c013b39bbfcc19d8ca0db70687c1e4b1f796cce23c7d908c03c,256,256,RGB,3,fa42859dd9359135,True,
source,scab,data/plantvillage/raw/color/Apple___Apple_scab/40df2c3f-673e-4da8-a172-65fd5a656c1d___FREC_Scab 2957.JPG,18951,fa6cd384d616ee6e32ed4184674996e90dcfaf4c1deec329e7cd14855a4ac531,256,256,RGB,3,ba1da7503899cdcc,True,
source,scab,data/plantvillage/raw/color/Apple___Apple_scab/4147e694-ce1f-47ea-b641-899e60ef3f3a___FREC_Scab 3278.JPG,21310,dbac76b8461e43970dae05b56f3dc51eb059705644942b3c1f103a38262fd4c5,256,256,RGB,3,ea3571b4c6c287c3,True,
source,scab,data/plantvillage/raw/color/Apple___Apple_scab/4151028c-c8bc-4394-b4a7-aff414864c15___FREC_Scab 3418.JPG,9843,c07892eb3aba1a27870a9e11e5ee8e7b958d31bcfa8ad419f13f166be5f0303d,256,256,RGB,3,d8a6ab988c8db55a,True,
source,scab,data/plantvillage/raw/color/Apple___Apple_scab/419c16b2-13aa-485b-8342-3760707e21f9___FREC_Scab 3285.JPG,18960,fd424b46778bdc7b9775e50257820bf50f6b3f0a3a5792316535c6caaa593715,256,256,RGB,3,d5abaa85d9157146,True,
source,scab,data/plantvillage/raw/color/Apple___Apple_scab/41c2bb79-44fb-48f4-864f-eec35e3442f5___FREC_Scab 2931.JPG,10624,4df0f77f178d756e81c9cdb9d9ed57e39f0cd166bc43d1579d23bbb05cf62cb2,256,256,RGB,3,e8da94859efc11b1,True,
source,scab,data/plantvillage/raw/color/Apple___Apple_scab/41c30a63-9e26-4ced-8110-038a2e36b095___FREC_Scab 3298.JPG,16180,490c5cc07bbcee848d6e895a1090efea36df69fb3a420128c52c194ec5ec6cc5,256,256,RGB,3,cee2a917849a94de,True,
source,scab,data/plantvillage/raw/color/Apple___Apple_scab/43712608-0fa2-4be2-91a0-242aca469cb4___FREC_Scab 2985.JPG,19442,af596d1dee124ee0baa46471923da7057b728abd2afcc53c1b4234770a84c30d,256,256,RGB,3,bca1c7caa61cb169,True,
source,scab,data/plantvillage/raw/color/Apple___Apple_scab/43f68711-decd-4831-bf5c-99fa40abe339___FREC_Scab 3413.JPG,13788,022b44769ef665aed186ac392178e0c8ac111fbb601719a954243b123adc9d7f,256,256,RGB,3,dfc0aa9d3346c135,True,
source,scab,data/plantvillage/raw/color/Apple___Apple_scab/4442b558-4db4-4de3-82c3-7524b59bb315___FREC_Scab 2961.JPG,15563,e61b0bfa4bce08877d9c110c5e4750b9c20ea7d28b626f847ac27d7d072847c7,256,256,RGB,3,dab2e087ad1db0f0,True,
source,scab,data/plantvillage/raw/color/Apple___Apple_scab/444c4ed0-3bee-4059-870a-a15a00f0e37e___FREC_Scab 3067.JPG,13787,5eb2993227c8a83a91b4905ae10e9abe87d864c0d8d1dd8ade42efafd3c8999e,256,256,RGB,3,fac6add892789261,True,
source,scab,data/plantvillage/raw/color/Apple___Apple_scab/4495850d-4478-4680-a657-c082a8ea69ed___FREC_Scab 3534.JPG,17714,9698ae5d0934d2cd08aa139b554891723ad51557e601cfb6cf5758672e2a8660,256,256,RGB,3,ea17b51a96c9868d,True,
source,scab,data/plantvillage/raw/color/Apple___Apple_scab/44b52928-c5dd-48f4-b2c8-b128032c49dd___FREC_Scab 3518.JPG,17555,9698d68bc5fa9d0ef2e973051cf17ef8d08b9bc3e2bcb83e6372cb4093455b89,256,256,RGB,3,bfaed04f85328389,True,
source,scab,data/plantvillage/raw/color/Apple___Apple_scab/44d28651-473c-4e9b-81ec-212893669fba___FREC_Scab 3477.JPG,10564,1257d3aaa94e9552b1685d8d7f713673020eaf992791407250b292548989ec51,256,256,RGB,3,fe42e11f87388d61,True,
source,scab,data/plantvillage/raw/color/Apple___Apple_scab/44dbb7a4-4c41-4d4c-9e34-9e665a35926c___FREC_Scab 3438.JPG,11226,d3367b5b7b21aa69e8319d0abd6f4479f4e2c5c5cf39575e23f25f4dbce21011,256,256,RGB,3,bbe1859786dc924c,True,
source,scab,data/plantvillage/raw/color/Apple___Apple_scab/44dcf367-d162-407e-8ea8-e363ab8ff5c4___FREC_Scab 3282.JPG,14473,bb1a4666d94bbb14a75cf3c3714fc05a5b747da65ac1dd15ea7e2fa549fd0776,256,256,RGB,3,ab6a6545db169c98,True,
source,scab,data/plantvillage/raw/color/Apple___Apple_scab/45000608-507a-46f5-be52-3ee24d0fb47d___FREC_Scab 3113.JPG,11166,6373db81ef09a3242af065db0a89385dc670a6e9ba6865e4f48e2a174d7a1a38,256,256,RGB,3,e7f9a1c20d0e3e1c,True,
source,scab,data/plantvillage/raw/color/Apple___Apple_scab/4512edee-9d3b-451e-845d-86666feebe99___FREC_Scab 3328.JPG,10524,7d3e179f06195c13fa90b818bf34e32b1fa6afecef2c54fe555a51078dfe955c,256,256,RGB,3,bf9dc0d483c18e63,True,
source,scab,data/plantvillage/raw/color/Apple___Apple_scab/453b09e4-6469-47f9-8599-f87e1d6eddf3___FREC_Scab 3048.JPG,20097,db72ec88504021f9da0fb10cb9b5672ead55f2166ee1c11a3124d1d2f043450e,256,256,RGB,3,fae0c587969ad0ca,True,
source,scab,data/plantvillage/raw/color/Apple___Apple_scab/45512c84-e453-459c-b12f-1d08ce44001b___FREC_Scab 3072.JPG,22899,720c2eaee9a4a2a8838e0b45bb2da7d0fd64a239792d691136e8366209526e09,256,256,RGB,3,e90697589a3a33b3,True,
source,scab,data/plantvillage/raw/color/Apple___Apple_scab/4555c009-6c33-4913-accc-fd1a8355646b___FREC_Scab 2929.JPG,11652,e267c1d9c04b800b1557d0afafda39dfaa61f27498c7374dff3b5724118c3173,256,256,RGB,3,ad9cd0b297e3900f,True,
source,scab,data/plantvillage/raw/color/Apple___Apple_scab/45a699f2-a02d-4f1f-b628-6d445c58a595___FREC_Scab 3291.JPG,14493,362d2720b4ded163b8defd47cb7eae718956b0faba14d4f4b56ce23ca6cf34d1,256,256,RGB,3,eed8b7859d909581,True,
source,scab,data/plantvillage/raw/color/Apple___Apple_scab/45e34a1f-1d46-42e8-921d-c82f2c9e7cd1___FREC_Scab 3228.JPG,12169,d77f2c5bbc0b081a447b1bef712c27884fc5de55448a75b5482ec48e999bf292,256,256,RGB,3,bf60871f9494d817,True,
source,scab,data/plantvillage/raw/color/Apple___Apple_scab/45ee8aaa-1a08-46ed-8ac8-bba8e40c61d6___FREC_Scab 2986.JPG,16445,f01624ec43a0b6e7f5e4a6942aac9e6726455aa8b6fece43e3579df3aa48be63,256,256,RGB,3,af18ed9b9246b407,True,
source,scab,data/plantvillage/raw/color/Apple___Apple_scab/461eeeb9-5bf1-4c0a-a7dd-6967917b4537___FREC_Scab 3098.JPG,19574,b2033acb4e719accfe237bc8deda8bd5df3e788f4c3413e5a6551838052e8fc2,256,256,RGB,3,dfd085c23a1f702b,True,
source,scab,data/plantvillage/raw/color/Apple___Apple_scab/462f0ef8-5460-4f5c-8935-62a204d3fc08___FREC_Scab 2924.JPG,11070,57f9ee8f557d0d86152b97571d330afe5ddcb19a74dda31d8d2641f3aa352679,256,256,RGB,3,a8fa85e09742dacd,True,
source,scab,data/plantvillage/raw/color/Apple___Apple_scab/470bece4-7eb2-4ec1-917a-278559afe463___FREC_Scab 3250.JPG,16822,44331ef31266e851e76caf006b738069e09c54c2d88d95abb94bbc11844b9fe2,256,256,RGB,3,99e5428d3f5e3270,True,
source,scab,data/plantvillage/raw/color/Apple___Apple_scab/474cf33e-0289-4014-bb8a-8004b87b471b___FREC_Scab 3425.JPG,9882,9d07cbd717cb99d16d01d59bcbdfbe202cbd5537e19cb9d74100ca53f7dcb7c7,256,256,RGB,3,bc9dcb608c64f2e4,True,
source,scab,data/plantvillage/raw/color/Apple___Apple_scab/47b3d8bb-2461-4593-a0fe-a6adf0925a9a___FREC_Scab 2974.JPG,13511,8a686b1ece01af6304791f16d8ec6b4d3bebf3d879df01a97ca47b4c0c64e5f1,256,256,RGB,3,99bef040e7831f8c,True,
source,scab,data/plantvillage/raw/color/Apple___Apple_scab/47ebb7a4-a8e0-4a57-95e5-dd8e9d1235a2___FREC_Scab 3147.JPG,8401,070e149ffc560099bc3eaaf0d8c739a536812d3f7cf010a0d3376028323e267a,256,256,RGB,3,ea94b1b35ca95aa1,True,
source,scab,data/plantvillage/raw/color/Apple___Apple_scab/48420763-bd18-49b4-9ab4-69319b5733f2___FREC_Scab 3201.JPG,10282,e1e07c890a9fb2fa72212511529a2970167af8017a9fa77d316efbdffa1e8d4c,256,256,RGB,3,f6434cac9c9333b4,True,
source,scab,data/plantvillage/raw/color/Apple___Apple_scab/48dcb319-8b65-4bac-bba4-aa8ffa8abdd0___FREC_Scab 3519.JPG,18813,274605f11c70ed5bd6cabe4320e54e127f4549a5e4a99ae4c272e300d6ca8a02,256,256,RGB,3,be80d82f9259ad56,True,
source,scab,data/plantvillage/raw/color/Apple___Apple_scab/48e62e54-d02a-41bb-8486-234408706e69___FREC_Scab 3190.JPG,8049,7076547defca1666bba5ac9e83e1124caf238cb1114da7297ee25f3db8393a83,256,256,RGB,3,ac88d2a3c3ae9bac,True,
source,scab,data/plantvillage/raw/color/Apple___Apple_scab/4940cd87-695e-4f4d-8a45-5490812447cc___FREC_Scab 3044.JPG,16974,4cffda189ac2f01efc882f66fccfdeb906ecad570b631bf8e7b52a42fab5fdfa,256,256,RGB,3,dfa2e086819f971c,True,
source,scab,data/plantvillage/raw/color/Apple___Apple_scab/495816a8-4d85-47a5-9aca-a09f3f30a068___FREC_Scab 3443.JPG,11977,1b223f07f006bb4d08b1b6e102c8b50b076b8a3ad19ad97642198f991d44b19a,256,256,RGB,3,ad6cf0c192879b9c,True,
source,scab,data/plantvillage/raw/color/Apple___Apple_scab/4a50158d-dcd0-4a1f-885e-2d9b16a4e344___FREC_Scab 3205.JPG,10031,98c998c344ef1f01a7c86f16d6aa1d9462226c29bb8ee1a5d0a2f25dd1d39698,256,256,RGB,3,fc1bd168c63ac12e,True,
source,scab,data/plantvillage/raw/color/Apple___Apple_scab/4a7f12ff-a785-4d12-8943-f1644789a21b___FREC_Scab 2916.JPG,13328,7ad32dc7e162dcd3c6570833e21ea9e1e731e50af86a175cdf49d39ec52aba89,256,256,RGB,3,accbc7b491699266,True,
source,scab,data/plantvillage/raw/color/Apple___Apple_scab/4abca5eb-2376-4551-be42-25bbb5400fc7___FREC_Scab 3268.JPG,21584,38708a8a060a3d41d50c09465a2e032edf60b81d902c46a954b7fc89c0904040,256,256,RGB,3,eeb2b5a4d08542be,True,
source,scab,data/plantvillage/raw/color/Apple___Apple_scab/4b4b59d5-3c6d-4ce5-b349-616fecb850ff___FREC_Scab 3447.JPG,13302,8adc2d9d114d7edca6d214a337fe683c5f9e15a20dcb57ffcdc9fed8e38cae5d,256,256,RGB,3,ab50b54ad2897e35,True,
source,scab,data/plantvillage/raw/color/Apple___Apple_scab/4b51cc5d-4122-451b-8598-81ea29dc7cd4___FREC_Scab 3290.JPG,15419,972f7dcc154d74c30db0ac94f08be6a13ef8251a7870bb9e07eb97c6916f72e1,256,256,RGB,3,be14d38cc6cbc4c3,True,
source,scab,data/plantvillage/raw/color/Apple___Apple_scab/4b7c40cd-b145-4945-b649-3576a1d898dc___FREC_Scab 3343.JPG,11243,cf9e97239659567496404e41e124e9ae669908c5316ee52de2c7a27cfba9cb90,256,256,RGB,3,bbcee084c7d4869a,True,
source,scab,data/plantvillage/raw/color/Apple___Apple_scab/4bb38e05-1d5a-40c6-8638-10db134db682___FREC_Scab 3390.JPG,13208,4785fb643e768abdf6c0b77ff6e02f18e4f59912caabe00add9dfba1b5d90c0a,256,256,RGB,3,aad1b4da098b6dcc,True,
source,scab,data/plantvillage/raw/color/Apple___Apple_scab/4be9d1d9-2170-4856-a81e-e53e7aa5dbf7___FREC_Scab 3082.JPG,16878,48fd1e603208ec861e99f3daeda5135a596931286beae4037023b6ea615bb43b,256,256,RGB,3,ced0a18fb53ad431,True,
source,scab,data/plantvillage/raw/color/Apple___Apple_scab/4d02c4a9-4b0d-4b4b-9695-91f08228ee53___FREC_Scab 3274.JPG,20903,9f1d9f0185aa4d772c1f6e780b78354abb7859ac872a30bab02681927d8051f5,256,256,RGB,3,ea81b116e79cd51a,True,
source,scab,data/plantvillage/raw/color/Apple___Apple_scab/4d3bcf15-cc49-4189-82e1-780efdf625a8___FREC_Scab 3254.JPG,11196,47aef15efdf1b71515762e58f8d54ba7bdb181e72b0d56abb042041205acccc0,256,256,RGB,3,98ebaa15f41ee24a,True,
source,scab,data/plantvillage/raw/color/Apple___Apple_scab/4e2c27a7-4be1-4c86-a07b-bc2a64c1bff9___FREC_Scab 3018.JPG,16598,730429300096475997291cb48d36afd9180b15260c05c3af11962cbc497abddd,256,256,RGB,3,bfa7f0d460ca5381,True,
source,scab,data/plantvillage/raw/color/Apple___Apple_scab/4e770559-e332-470e-aae3-c7ad0399dd20___FREC_Scab 3513.JPG,9977,88fe287f658849164a226623955bf0e7a5e91131f80ac827ff6f5e31696f9b0d,256,256,RGB,3,a7ec9289d3c11fc4,True,
source,scab,data/plantvillage/raw/color/Apple___Apple_scab/50dca3b7-fe83-426b-9fa7-a4e80df022aa___FREC_Scab 3488.JPG,13186,db6d348c297d01cc4c7a00aa454e114a05b149504ad73cf5c23ce5f26822ef7a,256,256,RGB,3,ff9dc010dbdf0d00,True,
source,scab,data/plantvillage/raw/color/Apple___Apple_scab/51530f6a-2bee-4008-8e77-eeda281e9195___FREC_Scab 3209.JPG,8208,d3665e6ae24abf601f1c91085da3f401be713898e591a2a04c64e9959afd9125,256,256,RGB,3,cb9134cc1fce38c3,True,
source,scab,data/plantvillage/raw/color/Apple___Apple_scab/517d0958-b10e-4260-a736-7a4bbb9706c0___FREC_Scab 3497.JPG,11330,801e389fc5d00559624c9e377885779d5f469c9523a40b7598897f54ab046f11,256,256,RGB,3,af9ed68bc069e160,True,
source,scab,data/plantvillage/raw/color/Apple___Apple_scab/518ab601-3736-4d3b-9770-a0efba601c0e___FREC_Scab 3231.JPG,9384,1dda00a793e994fcd0cb8bf572f2a48898071181adf975ecdf3dd55215f12a10,256,256,RGB,3,a4a6da49c9b4ab4b,True,
source,scab,data/plantvillage/raw/color/Apple___Apple_scab/51929389-451f-4c78-a66b-b644e82a33b6___FREC_Scab 3528.JPG,13014,6a0e1b494772e94bfd678aed647236fc76bb9692f0c438561c44aea275514673,256,256,RGB,3,ebb4924b8d652666,True,
source,scab,data/plantvillage/raw/color/Apple___Apple_scab/52d5723a-b498-4759-89a1-a7d815689716___FREC_Scab 3034.JPG,17381,bce650b3f21ccb7fcbb9af065296dde55fdb33cbf79f75262a8f2f65ef44ef6d,256,256,RGB,3,a2aff5949612da89,True,
source,scab,data/plantvillage/raw/color/Apple___Apple_scab/53035d10-9f2b-4c90-ab75-dfde2a9af82f___FREC_Scab 2915.JPG,12378,39419a5108321de619571682ab15a93e5b8b2e4426ec15905b188ac730578152,256,256,RGB,3,e921d58ed09cd3ac,True,
source,scab,data/plantvillage/raw/color/Apple___Apple_scab/5345e6fb-1829-457f-ac86-6683d762c9ea___FREC_Scab 3482.JPG,10315,b6a08f3c00f00ba89287ade27c383e1352b9d3e96c33e9009757a23c4c93dc55,256,256,RGB,3,aaea94a501c34f9f,True,
source,scab,data/plantvillage/raw/color/Apple___Apple_scab/536ce9e9-6c98-42c6-9447-f38073b3e9da___FREC_Scab 3222.JPG,11631,829d5ef9281f5ef5c5f40021cfede104ea3ea7d3d0354266823551afd8db8e3b,256,256,RGB,3,b834c6d299cdcca6,True,
source,scab,data/plantvillage/raw/color/Apple___Apple_scab/537873ed-fc63-4df3-bb6a-a5bf4c742619___FREC_Scab 3505.JPG,13897,89fd0c6e8b1929d9c2625ba119ee65956c098d53eabf325033cceaa8644b46db,256,256,RGB,3,ec8695db313990d9,True,
source,scab,data/plantvillage/raw/color/Apple___Apple_scab/53c67c39-c05f-4b2e-939e-23d44a32efac___FREC_Scab 3087.JPG,20931,9b99374cc2a01fb970943a0aa3c2653fcc8ac2950418c8ea434c0973d5e93231,256,256,RGB,3,eec6b0ab85d614d1,True,
source,scab,data/plantvillage/raw/color/Apple___Apple_scab/53d37faf-7a68-4fe2-ac1f-5438637742d4___FREC_Scab 3080.JPG,19655,ae66ba019fbcba815b6da2eb29017cafe7c43ac5103422083160d98e6c52ec03,256,256,RGB,3,bfcde09803d88bd1,True,
source,scab,data/plantvillage/raw/color/Apple___Apple_scab/53fe6519-da0a-4183-80d6-a18828a33223___FREC_Scab 3283.JPG,10604,f06315c010675ab9c4654f449339f0f33db924032c57e74e94e741badd092ad9,256,256,RGB,3,fe2db1929ac8c9c4,True,
source,scab,data/plantvillage/raw/color/Apple___Apple_scab/550b0aab-e777-4942-a186-fc910e0fa89b___FREC_Scab 3253.JPG,13855,8e1e1eee76be77fa56a00530aa85c3a572f03b215405c366bd13b1dea073e98d,256,256,RGB,3,88f5e506d6097bb1,True,
source,scab,data/plantvillage/raw/color/Apple___Apple_scab/5581f206-7305-4430-be5f-8de62689fb70___FREC_Scab 2918.JPG,8757,d3d95be3225a1e7b76e8260049eae62e6f3e9aa6d72347a2aa8713bb3cc7ea7b,256,256,RGB,3,f6a4c59a9ad9b083,True,
source,scab,data/plantvillage/raw/color/Apple___Apple_scab/55cd6283-a5b1-47e9-b061-c7692c8ba781___FREC_Scab 3460.JPG,9356,4df1c221c6f55d4cfd7db511b822826bc0daa38f4397214fa84f2bcef1eceb94,256,256,RGB,3,ba85e3d6861c8ed8,True,
source,scab,data/plantvillage/raw/color/Apple___Apple_scab/563a51b6-2342-4922-b76d-0a6bb69a11f9___FREC_Scab 3107.JPG,16994,99995734933bf073e03e133538b7391992a844a6f462ec9e8ee2c479f106a3f4,256,256,RGB,3,a86b23645b6e48f6,True,
source,scab,data/plantvillage/raw/color/Apple___Apple_scab/5893bd90-486f-42cf-9fcd-a4dc1e208246___FREC_Scab 3236.JPG,8940,751e92616385aeaedbdf8d595813350ed698c488d332e309ddfc8181a1e985d8,256,256,RGB,3,b381cc4cdb59d436,True,
source,scab,data/plantvillage/raw/color/Apple___Apple_scab/5990ed9f-ffe8-4622-bd26-e536ea5e1109___FREC_Scab 3042.JPG,20559,9004804d633b5243ed921b4202563d229e7c007b2b37a10b710950f664f1e3df,256,256,RGB,3,ffe0ca89aa953115,True,
source,scab,data/plantvillage/raw/color/Apple___Apple_scab/59c9641b-c84e-4595-8f2c-13b5f914aa4a___FREC_Scab 3060.JPG,17088,e4079a4f7ad8ca12c1e08f5ae5b8057fc02f5943ff2f0a6d23af222d5ab4337b,256,256,RGB,3,d1f3aa8f8cd415d0,True,
source,scab,data/plantvillage/raw/color/Apple___Apple_scab/5a178d63-372d-48c4-adb8-d616130ba3f0___FREC_Scab 3104.JPG,19785,bf11820552be5208a6431a43a4e25c39f86cae25f3bf45ca875f94821165a1ef,256,256,RGB,3,8aa7ffd2f0c9c088,True,
source,scab,data/plantvillage/raw/color/Apple___Apple_scab/5a923f64-b733-47a7-90f5-2786cd9c85ce___FREC_Scab 3234.JPG,9305,47a61641274552d129ffa01a4467cd9ff8aa71134c65e2e2ef89f853149e9a43,256,256,RGB,3,b3846c0d9b9b9ab2,True,
source,scab,data/plantvillage/raw/color/Apple___Apple_scab/5b74fa7a-008d-42b2-b8c0-07bd4642153a___FREC_Scab 3162.JPG,10031,9c07d8581a147dde2552bc36ab7b5762c140fa9b00897cb64e2ab55c696ff0c7,256,256,RGB,3,bac0879d9037f166,True,
source,scab,data/plantvillage/raw/color/Apple___Apple_scab/5c0af4dd-f185-4fc9-ae2c-a697a235d660___FREC_Scab 2955.JPG,18849,e896e056afe8f33faa5f8d4d33b92cd016927eab7d77ee557c7d99331dff881d,256,256,RGB,3,eaf2c50f9c89b035,True,
source,scab,data/plantvillage/raw/color/Apple___Apple_scab/5cd3df15-31a2-4076-9d1a-8735fa1dccdf___FREC_Scab 3410.JPG,12327,432f509ba3f94e2b39d206185bc205c804d1b54cc19502f3da4c19acdb33b6a7,256,256,RGB,3,f6488b9d31746cc6,True,
source,scab,data/plantvillage/raw/color/Apple___Apple_scab/5d398d0d-256d-4de5-8dcd-f3b455da2b76___FREC_Scab 3522.JPG,11107,3b21f3f991bd7f264ed61b27e42af6794443c305891418a6d0d14767aeaf9162,256,256,RGB,3,fda0439ee699a0d8,True,
source,scab,data/plantvillage/raw/color/Apple___Apple_scab/5dbcba87-93fa-4c21-8abd-bc20c93b359f___FREC_Scab 3258.JPG,10839,10775689bd85e494111e91c5e3b6232adf7a6209660eb70fafb0ab2a9f6a3906,256,256,RGB,3,e9c2e18dce4adb18,True,
source,scab,data/plantvillage/raw/color/Apple___Apple_scab/5e96dd82-f2d2-4a19-a9cd-46165d6623f9___FREC_Scab 3218.JPG,18440,cb486fd99a587605b58f64709005ccb7929a2c2980bd9e10f1652302e78d355b,256,256,RGB,3,82b995168ac6d9f3,True,
source,scab,data/plantvillage/raw/color/Apple___Apple_scab/5eb564a6-cd74-4c90-95d9-611a6301369d___FREC_Scab 3099.JPG,21271,6cb49896f16e69035ac41a396ffdee77febf6c215c0d0bac457de0cc21d9726a,256,256,RGB,3,eaa5b1c4f21a879a,True,
source,scab,data/plantvillage/raw/color/Apple___Apple_scab/5f312356-04d0-44d0-ba06-4e3c33907b03___FREC_Scab 3349.JPG,15965,de2fac4cd6bb3901b94ccab50808b866c1846a9805fc7dad9b6d17cafc3e756a,256,256,RGB,3,bad2e5ca98359ab0,True,
source,scab,data/plantvillage/raw/color/Apple___Apple_scab/5fcb921d-3329-443c-a708-37c3943f5493___FREC_Scab 2987.JPG,19802,7aa6f95e20d134ba477457f9817e7012efe10a97b594ae3e063d930fd176c13b,256,256,RGB,3,af10e4cfd1cbf201,True,
source,scab,data/plantvillage/raw/color/Apple___Apple_scab/60226bd7-db11-4d7e-ba29-a5136f6bebe0___FREC_Scab 3470.JPG,12109,ac2fbaa2416d7883b0560623b8f6a0f8108de959a5ba19ed3d49d313b275593c,256,256,RGB,3,fee08d9831b1374a,True,
source,scab,data/plantvillage/raw/color/Apple___Apple_scab/60f3ba82-caf1-4cf7-998c-b0005458fa38___FREC_Scab 3226.JPG,10068,f7f5d0912898ce2653efd01688158dd0c5baf70981b48ee4e9b46f39841583a4,256,256,RGB,3,bf60c50f9096586f,True,
source,scab,data/plantvillage/raw/color/Apple___Apple_scab/6105e3bd-339c-47bd-9764-4ba9b7059a6b___FREC_Scab 3096.JPG,19576,4ee3d9fa54fcdd189b79a55a1580aef808c45932f9892381ab3766f08b6d2b06,256,256,RGB,3,afa1f49f80ca89c5,True,
source,scab,data/plantvillage/raw/color/Apple___Apple_scab/61373045-a7a5-4213-94fb-7d81638d5561___FREC_Scab 3430.JPG,11394,a324a1a650ba72d78ec27c3d53f0bc864803f341ae48ab3004cdde0bdace4b36,256,256,RGB,3,bee1f8d1c8c30d4c,True,
source,scab,data/plantvillage/raw/color/Apple___Apple_scab/61643f40-eb9a-4c6b-8de5-c12319fc7680___FREC_Scab 3114.JPG,11634,f82accfa969efad93ea9f9ce049e18d166faa1dc97cdf1c6bbbd3e214b5dfc13,256,256,RGB,3,eec4b1bb9130da2c,True,
source,scab,data/plantvillage/raw/color/Apple___Apple_scab/6171eecd-e385-4010-b9cd-5982f4674fee___FREC_Scab 2911.JPG,11564,f7eee5ddf4cc1674c566ff099812b0f61fbfb4deb5c756455e072c15fddc4316,256,256,RGB,3,80f93ec39c8fe036,True,
source,scab,data/plantvillage/raw/color/Apple___Apple_scab/623fb084-dbac-42fb-b636-7cfcb89ba9f6___FREC_Scab 3437.JPG,9269,f0b3498e5100939149124b39168b7682930883ea16b3a704a1e0f6d67219bec1,256,256,RGB,3,aa7a85a79ad4839c,True,
source,scab,data/plantvillage/raw/color/Apple___Apple_scab/62c3478f-3ab0-48df-962f-9d7782ec364d___FREC_Scab 2925.JPG,11665,2f82e6a13eabbfb77a28aefa352481f37fff34b44a7dcd3d80b88f7a95e85a3e,256,256,RGB,3,acc396491a96d26f,True,
source,scab,data/plantvillage/raw/color/Apple___Apple_scab/62f548e4-13e0-4e62-bcbc-2bc2c68251f3___FREC_Scab 3273.JPG,20425,bbd19cca98af0b07113f030dfdad8cb49c2c8eb21965dc30362fd3387c657f32,256,256,RGB,3,dfa0a80ee914f81f,True,
source,scab,data/plantvillage/raw/color/Apple___Apple_scab/6344cfa8-2c26-4498-b366-817d56285212___FREC_Scab 2964.JPG,15185,d3c9c8ad6f2dd34028e5c75862b6e732a695536d454615b18b5c7f82994fa2f4,256,256,RGB,3,ea95c0f2c866e732,True,
source,scab,data/plantvillage/raw/color/Apple___Apple_scab/63a29431-0e93-4e5d-b28d-3956edd10d01___FREC_Scab 3197.JPG,9809,2efbf4b70f38540497a2c9a2c2028cee7b8d800acc207032a1337d09b02d9950,256,256,RGB,3,ef9581d098c9c36e,True,
source,scab,data/plantvillage/raw/color/Apple___Apple_scab/63cf5c0e-0a65-4261-9034-ba75466ee918___FREC_Scab 3385.JPG,18078,09752f8c04e4a89ab0438ecb9ed719db0c177a6968e7fc0356e13bfb8ee6cb80,256,256,RGB,3,ee91b58ed050938f,True,
source,scab,data/plantvillage/raw/color/Apple___Apple_scab/63e1d796-f00e-4c24-9871-2eae6f9c9ced___FREC_Scab 3078.JPG,17435,773acf217f4001de94792e05036b3a23964fc89fa19982cdbe5c14170f1a10c9,256,256,RGB,3,a8e687da9e81fc09,True,
source,scab,data/plantvillage/raw/color/Apple___Apple_scab/64863bd8-baca-47b6-b07b-516df2659919___FREC_Scab 3149.JPG,9634,9620b511ee4e353c1d8ddf7b24eb38d46524907c0de6e7c2eaae35853b847520,256,256,RGB,3,fea1f4a291b21ac9,True,
source,scab,data/plantvillage/raw/color/Apple___Apple_scab/64e20068-6685-4a30-a812-fd817117d628___FREC_Scab 3485.JPG,9796,9d5866eafbafc40fdb3946e79a3a0db46185daa47f1e2a7054af3ac34b27edd1,256,256,RGB,3,fbfc4bc3c08f0494,True,
source,scab,data/plantvillage/raw/color/Apple___Apple_scab/650f4395-7428-404a-b65c-8fd36f204dd6___FREC_Scab 3111.JPG,11182,1ddd81e3876950fa8f003dbe7ef0deb5da5785188750623ffcff689f08ed0aac,256,256,RGB,3,afcb923df0244d38,True,
source,scab,data/plantvillage/raw/color/Apple___Apple_scab/656265b3-9f9a-4a20-83f5-e5d6be938dcd___FREC_Scab 3454.JPG,11370,30f90d9d570cfc2e973c82971bd270c9270a34983251353ce7cd92b54abc6d6d,256,256,RGB,3,ad14c16ac767996c,True,
source,scab,data/plantvillage/raw/color/Apple___Apple_scab/659a6491-b20d-4ff6-a3be-243266b4df0c___FREC_Scab 3155.JPG,9653,220bc63edc372081750986146606543a6838c17524e76a9e03bade076c4ba115,256,256,RGB,3,9706f819e176865e,True,
source,scab,data/plantvillage/raw/color/Apple___Apple_scab/65c52553-6152-46d4-a576-3ef4984a6ad4___FREC_Scab 3524.JPG,14010,01366c58122ffd2b1c91535b6bd4297da98a397dc2909bfdf4317aeb963ce57d,256,256,RGB,3,de52a5a91aada992,True,
source,scab,data/plantvillage/raw/color/Apple___Apple_scab/6639559d-7af6-40b0-9677-a8dcfe036435___FREC_Scab 3342.JPG,12795,62daf4a95b8750bd029527bd6caf78012ff079e732a2b9cc868c919f44ba4ba2,256,256,RGB,3,bbc2e08ec5a5c69a,True,
source,scab,data/plantvillage/raw/color/Apple___Apple_scab/663ad178-6346-4b89-8074-6655f1be1578___FREC_Scab 3500.JPG,11203,e3c3a117613bfc3522bf026a0adadd9edc19384c26c9bbad398d989120ee447f,256,256,RGB,3,fd92f38c9f184c60,True,
source,scab,data/plantvillage/raw/color/Apple___Apple_scab/6643566f-d980-4bdb-88d7-4d3ab3c771fa___FREC_Scab 3038.JPG,11057,4968bb7173132dcd4a6008540e208134657d9b301825623659197e69ebcd4992,256,256,RGB,3,bb9785c01ce32cf4,True,
source,scab,data/plantvillage/raw/color/Apple___Apple_scab/66fab3e4-d6e3-4a6d-aff0-4fe011ef8eb3___FREC_Scab 3153.JPG,10361,5083c80d5f9cbdcd23767ff5ddd9a8f4fd30d0d152bb60efd658752bcd8e2e70,256,256,RGB,3,f7a14acec519b298,True,
source,scab,data/plantvillage/raw/color/Apple___Apple_scab/670efd0e-9a5e-44db-bd5a-4ffb5c5e5a7d___FREC_Scab 3108.JPG,12253,88b272ac0a3393dfb29188d77b454bd541a5a6700a9609250601b95714c7f5d7,256,256,RGB,3,9cdf13e43d8260b9,True,
source,scab,data/plantvillage/raw/color/Apple___Apple_scab/675f0b56-9d0b-45b3-8c8e-820efae75274___FREC_Scab 3006.JPG,9776,4f26ecca3cc0f596e901cfa02c053a6c9ddd8a2dd5a309a8d6b845ec72da9dad,256,256,RGB,3,ffe08b9f98909132,True,
source,scab,data/plantvillage/raw/color/Apple___Apple_scab/679c439b-740f-45cb-a9ba-d2984694fb25___FREC_Scab 2950.JPG,14656,7850b6de272c7907b0ab9b6e0c29a1e682472222e11fb980d8aa2d85961841f6,256,256,RGB,3,d22d2b94acd25a5b,True,
source,scab,data/plantvillage/raw/color/Apple___Apple_scab/67c7e9f9-19ca-4fb5-a2b1-8efdeed7b9e2___FREC_Scab 3397.JPG,10379,368ce42474119fe1a5de0033e9a6dfaff1a7b9760235a7c57636c0f5e0e8f04b,256,256,RGB,3,b8e6c518c39bce13,True,
source,scab,data/plantvillage/raw/color/Apple___Apple_scab/67f122a8-fb8f-4b8c-bd45-3cf11db238b8___FREC_Scab 3140.JPG,8687,c44f502b21e5c802fb4df57baad224ad39d29399771ea7bb021dc28178547aa8,256,256,RGB,3,f8ad81a2c59a9c9e,True,
source,scab,data/plantvillage/raw/color/Apple___Apple_scab/680c56ea-dc23-4b7b-baeb-f51b156c98f6___FREC_Scab 3416.JPG,14199,bb550997575d65605ff461ce6c9b909ce1e353ce52d94431c3220fdf30b763b6,256,256,RGB,3,fcb1a08fc5ce1c4a,True,
source,scab,data/plantvillage/raw/color/Apple___Apple_scab/6823f5d3-b27b-4a34-a417-5fc5bd99f9d7___FREC_Scab 2975.JPG,19383,27d0218901d2be8b6e601b78d99386c22835125edc1c245dc2de93042b99ff14,256,256,RGB,3,8b3a042b070fdefc,True,
source,scab,data/plantvillage/raw/color/Apple___Apple_scab/68a57535-547d-4287-89cc-6d8acc265372___FREC_Scab 3351.JPG,17403,a6265d3258867a35c5e5ca141df96ddf1b149bf5bc245f5ed6fdf0483b0fe9f8,256,256,RGB,3,aeeae1891b36c564,True,
source,scab,data/plantvillage/raw/color/Apple___Apple_scab/69a10285-eacb-4c83-b410-18e62bf33ef9___FREC_Scab 2908.JPG,12133,63de7eef747641eebf5d7afa64e60c59ad425a6794b69d620c41763b63d3e7b4,256,256,RGB,3,bb8ce47acc23313c,True,
source,scab,data/plantvillage/raw/color/Apple___Apple_scab/6a006aa9-a9f2-4269-9fd9-7a879f01faf1___FREC_Scab 3117.JPG,10354,7b5377bb603a267e7d68fc4884a00cf758566891ad00ecd3c54dced8a9fe8abc,256,256,RGB,3,fa80d590dac381ef,True,
source,scab,data/plantvillage/raw/color/Apple___Apple_scab/6a19d31f-b5e3-4732-a82c-e3d5b1d26c60___FREC_Scab 3537.JPG,12651,9640fef46268abaf0224e9bc3ff2b4c4f020b6564b46f6a338189eba1deadfe1,256,256,RGB,3,ea069539b6c3d28d,True,
source,scab,data/plantvillage/raw/color/Apple___Apple_scab/6a1f119d-d210-4a87-b17f-699436b82bef___FREC_Scab 3025.JPG,18165,52086a85d5a486c6b5808b31be48988763b613dac38652ebcf271e7f731fcaa8,256,256,RGB,3,ab058f0f2c0bb32f,True,
source,scab,data/plantvillage/raw/color/Apple___Apple_scab/6a2c0f48-b0f7-4bd9-b7b8-7410c1ef4048___FREC_Scab 2999.JPG,18336,26a26395cd33283c95abb7c7f53f4bc4e9f69b72edb37cdf20e8dd9cc7d433c1,256,256,RGB,3,ec52a1abc5951e95,True,
source,scab,data/plantvillage/raw/color/Apple___Apple_scab/6a61688a-c972-4f8f-b3b7-46fd00264240___FREC_Scab 3271.JPG,13154,4e11c2081ea751185407678ebedb2711eea39ce26e2c1567d70c33702c32d365,256,256,RGB,3,af84939a6d79a462,True,
source,scab,data/plantvillage/raw/color/Apple___Apple_scab/6b5e1187-9b7b-4b4c-912f-b2175619f35f___FREC_Scab 3121.JPG,10212,5004556b29d2d8d7838660a740ffa2f3947db22adc34c1833df14fa813744fca,256,256,RGB,3,f8c1c19e97dec049,True,
source,scab,data/plantvillage/raw/color/Apple___Apple_scab/6b66d8dd-af9f-43b5-a43f-6e4c6d64bede___FREC_Scab 3248.JPG,15252,879ac2497eedb12636ec4ae646b744b9c5969063bd57575873885421bd72da2d,256,256,RGB,3,91e6ea85899e7d50,True,
source,scab,data/plantvillage/raw/color/Apple___Apple_scab/6b6b2140-bb67-4342-adad-8cba97a5ecbe___FREC_Scab 3388.JPG,11323,074d406d2ba62ebdace4b20ccae8a41ced94c561e4db8d84b39231a18a1a5fd2,256,256,RGB,3,e8b5d2c9c4c3cc17,True,
source,scab,data/plantvillage/raw/color/Apple___Apple_scab/6b784953-7e31-4cec-a3d5-82f3b6bbdd00___FREC_Scab 3352.JPG,15734,c470a0c88c6fb003d68df6bb7f416d713134a020d74983ad9e46cdcc1b081a83,256,256,RGB,3,bfa4c752e8c14e1a,True,
source,scab,data/plantvillage/raw/color/Apple___Apple_scab/6b9ef56b-3338-4d2b-a5e4-a1547234e6d6___FREC_Scab 3474.JPG,10435,0c317cf129cdf5f845cc27e1f774f79c6429139a5acccc84e8899b70f1940389,256,256,RGB,3,aa49f54dd1358b34,True,
source,scab,data/plantvillage/raw/color/Apple___Apple_scab/6cbf7fa9-e7b4-4cf6-9184-0ef06446704e___FREC_Scab 3016.JPG,19559,da937d601859b8c5c0b4d07505b0bcbdf39f7063419bcf8b64ac398d2bca318e,256,256,RGB,3,feb041d00fd31e99,True,
source,scab,data/plantvillage/raw/color/Apple___Apple_scab/6cee3edf-8909-418f-a27f-5e175e7ccd77___FREC_Scab 2951.JPG,19716,5f078f77d121671abc0a8dd27e7dd169886fb7e0a2024bc1c5f480983f8dc5fc,256,256,RGB,3,f02cb593c8cca6cb,True,
source,scab,data/plantvillage/raw/color/Apple___Apple_scab/6d6f5a72-4c92-4163-b3dc-9a8f74f9edb7___FREC_Scab 3480.JPG,9516,df98b1256bf59e9fcc2db6aed787829be3180aeab2b2900f173d9756d83e84c1,256,256,RGB,3,aaa5b19a86c3c94f,True,
source,scab,data/plantvillage/raw/color/Apple___Apple_scab/6d9f5940-0ec4-4ccf-8003-719410b7f47c___FREC_Scab 3373.JPG,10711,4b13c112d0f5602e58a63df7e896da122a30a9b408bdc9c7dd104278b08f5afb,256,256,RGB,3,eab1a59692dec88c,True,
source,scab,data/plantvillage/raw/color/Apple___Apple_scab/6dd6a502-d5b3-4f3d-9231-e7dbd7b54908___FREC_Scab 2937.JPG,16191,e9e0c6d298c0fbd02992bef4f4c80fa02c50681cc1a012087d0cd7323519732b,256,256,RGB,3,afd1701fc978c641,True,
source,scab,data/plantvillage/raw/color/Apple___Apple_scab/6e17c808-c071-4eae-befd-bf7e2ed0d9e1___FREC_Scab 3256.JPG,10723,b5ddc3b61db6e7603af05aa92cba26bcc51b9e183762c1cc0b953459e66ccbce,256,256,RGB,3,daa1ab9595745236,True,
source,scab,data/plantvillage/raw/color/Apple___Apple_scab/6e620ce9-bf70-41af-8778-dd46247a3327___FREC_Scab 3405.JPG,8723,764c2130c818282efa717f747aa4369af4e201c1b6502c210551076ec7371a01,256,256,RGB,3,bfc0871d9a348973,True,
source,scab,data/plantvillage/raw/color/Apple___Apple_scab/6e8ed8d7-45e0-446a-aad1-d7ccf4a861fe___FREC_Scab 3068.JPG,18393,8390f208554a69df56c2758735082b2e51a4dcf3a13919349c162d485c7746b3,256,256,RGB,3,b89485da83cf86f8,True,
source,scab,data/plantvillage/raw/color/Apple___Apple_scab/6fb41b7b-d1f0-451c-988a-1083d038acdb___FREC_Scab 3094.JPG,16806,fd00f042b71edc0b03e63022426aefe37662bb67247be5d1c3892e752e96883e,256,256,RGB,3,f59ae0a287a8c63d,True,
source,scab,data/plantvillage/raw/color/Apple___Apple_scab/6fb62aa7-c3d4-457a-b95d-a8b3102cccd8___FREC_Scab 3005.JPG,13311,1c5538da4383ed3d6fbc52d7c5bc82d8c743ed57eee40c7d100bbd2d0a0e9977,256,256,RGB,3,bfa71aa56a46e094,True,
source,scab,data/plantvillage/raw/color/Apple___Apple_scab/70fa2c8f-5657-444f-b57b-3ad6755acc74___FREC_Scab 3275.JPG,21009,8d772b3372a2a7347c180f74126f7e7aa8c0e62001c7489f827eae2ca38e80b9,256,256,RGB,3,bfd0e08f935a0e2c,True,
source,scab,data/plantvillage/raw/color/Apple___Apple_scab/716a13b6-1747-40d8-96d7-5ec1c183b3b5___FREC_Scab 3004.JPG,11438,002c6f35db42612d324c89615835cb338089482e5ede93a6f31c2a97fb75a9ea,256,256,RGB,3,bde0d6c4c383c34d,True,
source,scab,data/plantvillage/raw/color/Apple___Apple_scab/71c26585-883f-41e9-939c-5f1683cdf4ed___FREC_Scab 3302.JPG,20225,64284c274dafbb1e700ac62b9b0c2a522b55ed7dfd19f973a78c6a267ce1a507,256,256,RGB,3,eab5b1d8d2c8c389,True,
source,scab,data/plantvillage/raw/color/Apple___Apple_scab/72317b7f-8162-4454-b6db-c2e6e5455911___FREC_Scab 3088.JPG,16973,75b3d9d153bceb2d24d014b8fdd0a5c2bc47c3aecea8492bf26f4570c54ec4d3,256,256,RGB,3,9ff5aa82858f9454,True,
source,scab,data/plantvillage/raw/color/Apple___Apple_scab/72d9363f-1e23-4154-92bd-5f34a149d444___FREC_Scab 2980.JPG,16396,76d8ece06c77598abfe0654134b1cba278a1df942655802a565cc06aaeaa7f3a,256,256,RGB,3,cff8a04c9fa19227,True,
source,scab,data/plantvillage/raw/color/Apple___Apple_scab/7308b9c4-3408-48ff-bd4a-b07350421e60___FREC_Scab 3508.JPG,10463,95305642ceaa3bc7028610a5e965a49f9377e939ad79e2c2383d836410674f8c,256,256,RGB,3,b2ca9ab794b4a7a0,True,
source,scab,data/plantvillage/raw/color/Apple___Apple_scab/730f20de-a19f-4320-89bf-027dceeff9b5___FREC_Scab 3185.JPG,9073,46b0a3566ddfdeb817e99e2af8ffeee16b36f614690e01909abe8e5c4b6d39cc,256,256,RGB,3,ab25a456a6969d5a,True,
source,scab,data/plantvillage/raw/color/Apple___Apple_scab/73204011-6f70-4300-a908-adf4334104fd___FREC_Scab 3319.JPG,11382,5dad36a1f4769d669cb7abd5c2babb72a2500fc193b81ac90d54d58930ce124f,256,256,RGB,3,eb4285db96a899a6,True,
source,scab,data/plantvillage/raw/color/Apple___Apple_scab/745cfcfa-5b39-46ad-8c40-96086e71f6ee___FREC_Scab 3448.JPG,10217,dbd86aef66f8f204937aa59edb523a13032685aa8a8e25f4d8a47d71e0336c43,256,256,RGB,3,f8a3e79c96985889,True,
source,scab,data/plantvillage/raw/color/Apple___Apple_scab/74813834-38bc-4301-93ff-39b208eb52bc___FREC_Scab 3315.JPG,10934,b8e306354bddcc79efca5da988aa6b29025428bc3040933fb898ead5eed619b5,256,256,RGB,3,abd0a58bbe88929b,True,
source,scab,data/plantvillage/raw/color/Apple___Apple_scab/748e82aa-02b1-4ca7-9fd3-e0184f20644f___FREC_Scab 3354.JPG,11480,8c9b9abd2e7fabdbe2e8f842fd0079c4f5c57642deb5f765300908557587adad,256,256,RGB,3,bcf0c39bc28d4987,True,
source,scab,data/plantvillage/raw/color/Apple___Apple_scab/74f429dd-0b33-41e1-a689-17f8b62dd614___FREC_Scab 3186.JPG,9331,756b4b615818e1545ad1ca7b6a415ecbb846744069d66cee66fc4e98743029b1,256,256,RGB,3,bea4d0cb418dcd8e,True,
source,scab,data/plantvillage/raw/color/Apple___Apple_scab/75896d3d-899a-4143-9262-c44bcea75237___FREC_Scab 3295.JPG,15772,34688f6331e97374bcbd7405de0402d6a74d3379105b0dcfa1fa763e5b9f2d6a,256,256,RGB,3,eae1a556a5c8958e,True,
source,scab,data/plantvillage/raw/color/Apple___Apple_scab/75eca8b6-4446-4bf4-9d10-7d38ed44199a___FREC_Scab 3475.JPG,11960,6e467548b46602813e98793f1ae4888b73cc7d2804c95639b8306089d1bd3df2,256,256,RGB,3,aee1b5ded209920d,True,
source,scab,data/plantvillage/raw/color/Apple___Apple_scab/76e50482-74b2-468f-8556-7669e1682f1e___FREC_Scab 3323.JPG,17353,845cc570063ddb0ab14ba697bb9a5028fdc69fbe9edc7a838c75387829e35ab4,256,256,RGB,3,facc219686da9678,True,
source,scab,data/plantvillage/raw/color/Apple___Apple_scab/76eca386-c7c1-4807-ae27-13c793d06e02___FREC_Scab 3272.JPG,20524,724b4be526b8338d0f2ab46e0f7c777d2e0b18f4b1c37f05e989c8b3218c2b9a,256,256,RGB,3,eab7b2d863918cc2,True,
source,scab,data/plantvillage/raw/color/Apple___Apple_scab/774fb249-80b5-4575-ab5a-5459a9c14ef6___FREC_Scab 3024.JPG,18329,c7c70b84f186b1937840267365a36402268303a301028b425429375e8c8cc56c,256,256,RGB,3,f3948dce3829943e,True,
source,scab,data/plantvillage/raw/color/Apple___Apple_scab/7897b5dc-7aa6-48b2-8c18-a30fcd6cae94___FREC_Scab 3203.JPG,12212,f714031e43597ec341d4e9e51eed74990a3fd145fc0012b5272f4dd1ec85bfe5,256,256,RGB,3,ef68d28791950d8e,True,
source,scab,data/plantvillage/raw/color/Apple___Apple_scab/78f8b36a-5126-4105-9699-39387015452f___FREC_Scab 2983.JPG,21805,a3d67c565d72aa59f453cfa99c46a34da6618c1d508a56d8ac3ae7db89d4bd77,256,256,RGB,3,b801efdf848a874b,True,
source,scab,data/plantvillage/raw/color/Apple___Apple_scab/792c3972-8724-45b6-8ba0-eec0f675bc50___FREC_Scab 3120.JPG,11464,80d759d6a74776a1edb21fe40c0867c6d015eada071abaf2124f4e569b694345,256,256,RGB,3,ffc2e083c18fc68c,True,
source,scab,data/plantvillage/raw/color/Apple___Apple_scab/795c112f-bd6c-4d70-8986-b1c2fb62cbf2___FREC_Scab 3384.JPG,11560,b26e079780bc4ad9903c07a8b729808d091d5d9119378d2c1a3a97b51bdf0fd2,256,256,RGB,3,f3aca6f1c8c30d1c,True,
source,scab,data/plantvillage/raw/color/Apple___Apple_scab/7966ec90-1939-40ea-a4f7-99aca4fe8af5___FREC_Scab 3402.JPG,9182,3dfb0df5e978bdb08b5b94d5516e0008d82029176500f024212da37a6a3a87c3,256,256,RGB,3,bf9fc1e0cccc8069,True,
source,scab,data/plantvillage/raw/color/Apple___Apple_scab/7b17fb27-2af4-4c90-b499-0c0658ba7262___FREC_Scab 2943.JPG,13544,48065d9c5cf86b51b339b5c7eb711f00570c6b4a5bdba04b2882a4193907b6f6,256,256,RGB,3,adc09207da1e99d7,True,
source,scab,data/plantvillage/raw/color/Apple___Apple_scab/7b3e4313-9abb-4105-8be9-2020f1101e58___FREC_Scab 3441.JPG,9424,a2c417ea426d992cf4cbdfb128efacd642b88a6930afe48157df78aeff87d9d9,256,256,RGB,3,ead894859b3e7823,True,
source,scab,data/plantvillage/raw/color/Apple___Apple_scab/7b7c32e3-68f8-4280-acda-4c6e67f4725f___FREC_Scab 3340.JPG,13835,468b891b77efde274834a01b12c4412eafd7e5b54c65e75cfe00e9f49e04ab3c,256,256,RGB,3,ebcc85d01e0ec9f1,True,
source,scab,data/plantvillage/raw/color/Apple___Apple_scab/7bc2b2d5-b2b6-4ac2-9bbe-322ce8d7d9bb___FREC_Scab 2944.JPG,11856,8a87390fffc6c55ade8f643cd1ac9289f22820dc1692b9344168815574498e61,256,256,RGB,3,fbb0904eae65924b,True,
source,scab,data/plantvillage/raw/color/Apple___Apple_scab/7be1e0a3-01d0-40c3-9628-f69952550267___FREC_Scab 3263.JPG,22416,708120b9ee6b813ffdf60ef6f01f7bfdbae2f51c687a30e76189f895150de510,256,256,RGB,3,cea7f4c0178a588f,True,
source,scab,data/plantvillage/raw/color/Apple___Apple_scab/7bf25c0a-6594-4777-9a67-49a6487bb203___FREC_Scab 2993.JPG,12320,34c7b0348468be5016bc24ac9dd5cda053d9a793b0bd98cc3ee5b1cce4cc810c,256,256,RGB,3,ab7431ca32c13fc3,True,
source,scab,data/plantvillage/raw/color/Apple___Apple_scab/7c0710e7-2ad4-44c4-a6f6-ffeb5573f8e7___FREC_Scab 3208.JPG,17473,40b49e0faa394552f92a2bd59f8cbc465d5392523e30775907707d5666563b23,256,256,RGB,3,dae9a5968f101dc9,True,
source,scab,data/plantvillage/raw/color/Apple___Apple_scab/7c66bda4-301c-4987-85b8-fd8230c5a2f2___FREC_Scab 3324.JPG,12908,24bbdcc73af6a43bdd7afdcfd8740a0fc05c5274d797df77bb1d78883078e889,256,256,RGB,3,ad626883969f92ec,True,
source,scab,data/plantvillage/raw/color/Apple___Apple_scab/7c83792f-d375-42fb-a5a0-1bc2cb3a8eff___FREC_Scab 2914.JPG,15232,7886ca7617729d2c0b3c410efd0a8cd272a6d19ddd18e96e1cf2a99938679e49,256,256,RGB,3,fe3c90588dc496cb,True,
source,scab,data/plantvillage/raw/color/Apple___Apple_scab/7ceb532d-1a58-4a25-bbff-8dd04a117744___FREC_Scab 3422.JPG,12995,8295d13b7dbd8e3c5f5da31bd289a44ada4d4fb3dec7b78ce36209bd182830e8,256,256,RGB,3,ee9165dec1894a4b,True,
source,scab,data/plantvillage/raw/color/Apple___Apple_scab/7dbdcba3-395b-413e-bc22-cd0d0e11a1c9___FREC_Scab 3363.JPG,8497,156200ad87d0607ed038b81b0d7f189447a128f532b1bd8d61a7d78a0e22f032,256,256,RGB,3,fc81a9de941af071,True,
source,scab,data/plantvillage/raw/color/Apple___Apple_scab/7e2bacbd-f92b-417e-879f-002f3862718c___FREC_Scab 3374.JPG,10454,02b5aac67ddcae8b93a1aaa1ab1837b45c639b65aae4601e100f523420fd83d8,256,256,RGB,3,fbb3e586c6885898,True,
source,scab,data/plantvillage/raw/color/Apple___Apple_scab/7e4bbd7a-b494-426f-9f08-755ce4a399e7___FREC_Scab 3331.JPG,9400,8ebecc7062367f14ed1894e70fbd93ad8db02b5f757bb7d362f6ea4f40412c08,256,256,RGB,3,eb6a8539f224d30e,True,
source,scab,data/plantvillage/raw/color/Apple___Apple_scab/7e64fdef-9cb7-40ed-9f40-f3c97d6e0e8a___FREC_Scab 3536.JPG,17068,b17d2f05b0bddaae1716e7209e0609c8e7bba1b2a368c5f322528a754fc1f182,256,256,RGB,3,fd4dd8372631c238,True,
source,scab,data/plantvillage/raw/color/Apple___Apple_scab/7ead14ac-9bdd-42a9-bde9-b70d8b6694b7___FREC_Scab 3356.JPG,8669,5f17496a1ca4c521ea78ec114423f833dab3083f0d25e028dee1e8cac77a7b04,256,256,RGB,3,ffa0d3875a868c58,True,
source,scab,data/plantvillage/raw/color/Apple___Apple_scab/7ed79254-3e04-4e08-9c80-088cd9d7d8c9___FREC_Scab 3310.JPG,23122,5fd57afe04860ad91903ea5fb4c2a3d693a6997947971a6a5ab098d585b192b0,256,256,RGB,3,ab4ab5a5c487993a,True,
source,scab,data/plantvillage/raw/color/Apple___Apple_scab/7edff180-8238-44d7-bba1-07749e649dae___FREC_Scab 3071.JPG,18076,912da25c4106592f118a711a509b697393a89df64a9d406abe141186600e23e4,256,256,RGB,3,f515a2baa58aaad1,True,
source,scab,data/plantvillage/raw/color/Apple___Apple_scab/7efdde34-c75b-40bc-92ef-48de08ec0709___FREC_Scab 3027.JPG,21688,b147de01d679d1f9559c8d5bd2d50c86ab3f9801b552bde16b0835d51f69546c,256,256,RGB,3,adeb90063ff2013b,True,
source,scab,data/plantvillage/raw/color/Apple___Apple_scab/7f21c995-332c-4a60-9b18-b279917d7ffa___FREC_Scab 3277.JPG,20903,a7b024432ae76b9cc678403e98354e260d3ed44342a31e655954bc78a539d44e,256,256,RGB,3,bc4971659697d286,True,
source,scab,data/plantvillage/raw/color/Apple___Apple_scab/7f4d7ebc-7d2b-454f-8f61-b5dc469a16b7___FREC_Scab 3010.JPG,16086,a72d037d2b597e0c1779e4fcea6289a19275119c22b96bf06f0a8067f4d83121,256,256,RGB,3,bbe3844e9c30c3d6,True,
source,scab,data/plantvillage/raw/color/Apple___Apple_scab/7f7b25d4-f895-4f8e-80ad-db72a9b19a2e___FREC_Scab 3451.JPG,9128,1db14412b772f843fdf2b059df221153f7d907543597708b65bf17d24b9be31a,256,256,RGB,3,fee1e1878e9c9890,True,
source,scab,data/plantvillage/raw/color/Apple___Apple_scab/808207df-2000-4050-a720-bd23997710b8___FREC_Scab 3270.JPG,16648,b5b0bc88ca9e200c6949c6d4ccb7aa5abd5746264dad476d66cf0a27f3630972,256,256,RGB,3,a5dbf0499bb49492,True,
source,scab,data/plantvillage/raw/color/Apple___Apple_scab/80870a3d-e028-47c6-9548-cef00d68be2c___FREC_Scab 3469.JPG,10033,e585110b593585ce1ddfbd3ea669c165a3ae067086c934ec781de001e7636d4b,256,256,RGB,3,faa1819fd01ac9b9,True,
source,scab,data/plantvillage/raw/color/Apple___Apple_scab/80894f41-f887-4d0c-8b09-0a7cd24fbe18___FREC_Scab 3526.JPG,13289,47dc4b9bee56bfcdfe0bbe78888a61cbbe06d64e920f6488635e7f3fcae102c0,256,256,RGB,3,ebca9425cf9a268c,True,
source,scab,data/plantvillage/raw/color/Apple___Apple_scab/80ddd81b-9c75-4711-8012-7ee68af378db___FREC_Scab 3458.JPG,8158,57ee2a4b57b92c69de28d71037d24b2bf419ffd2f4d7866314e5bbd4c31829d1,256,256,RGB,3,ac69d1a59ad69a92,True,
source,scab,data/plantvillage/raw/color/Apple___Apple_scab/815d2612-ee00-407a-8a0d-d0d94c7e0a9f___FREC_Scab 3461.JPG,10484,f0282fc3f3e5271bf08543ef80e0db041613a0b59d3293f0eb6ec1ed55d53dc5,256,256,RGB,3,ac4b928d8db9b21e,True,
source,scab,data/plantvillage/raw/color/Apple___Apple_scab/81c34d6d-e734-4ee7-9645-0f8f80c809c7___FREC_Scab 3276.JPG,16215,315e76bd14efbdb4abb00ad1415bc8a77f36e8ef243e5f51d50b3769a885e541,256,256,RGB,3,9f7c78c1c1279196,True,
source,scab,data/plantvillage/raw/color/Apple___Apple_scab/82488f15-ffb8-495f-b09f-3810e447681a___FREC_Scab 3007.JPG,12694,9986024f0ed50e887272534340af60428a05391f69226e45b95c417f47094b46,256,256,RGB,3,ffe0c8c2c18f499a,True,
source,scab,data/plantvillage/raw/color/Apple___Apple_scab/82f4f2fc-b28e-4834-95b8-3d7b144f8b15___FREC_Scab 3063.JPG,18239,64f49ccfc66dc1e449e3cb460295c6bd2668209d70a51c581581ff059b971a3e,256,256,RGB,3,e515d24aaacd5479,True,
source,scab,data/plantvillage/raw/color/Apple___Apple_scab/83b1935d-f1fc-4b9f-876e-c0dbbb2fcb03___FREC_Scab 3486.JPG,11576,7c241fdc232b32f7df71e7b0897951be2dc656a3a221a4bc5fa75102e03ece61,256,256,RGB,3,dbf648cbc68c918c,True,
source,scab,data/plantvillage/raw/color/Apple___Apple_scab/83d10707-6253-4717-8c8a-6ea3ebb1e0e1___FREC_Scab 3138.JPG,19722,f4a01d002b1fb8d793248abf86767ad5529bf3edc84eee91e1617d5efba9bbae,256,256,RGB,3,dc45aa4ab12bd5ac,True,
source,scab,data/plantvillage/raw/color/Apple___Apple_scab/83dc6270-1c10-4c76-a1a2-6b562fcb4e4c___FREC_Scab 3478.JPG,10384,84a8c5cf081ccb21c1eee6e9abfd66b9d65d7ae091bfe7d27560a9a69ac9a846,256,256,RGB,3,f896871c8f319723,True,
source,scab,data/plantvillage/raw/color/Apple___Apple_scab/8406c2d8-abac-4992-bf23-6728a84d5437___FREC_Scab 3371.JPG,11940,66ad9b2c4d50c8d70ee7974f801bc60e40f4ed536ad60598d8a5517d8a89ee2d,256,256,RGB,3,8fa5b0d7d0cac18d,True,
source,scab,data/plantvillage/raw/color/Apple___Apple_scab/8455ff58-ba10-44ee-abfc-0055cf6f0449___FREC_Scab 3135.JPG,10672,c8cc9fed59cc39b0f535d8dbd420da91dd249b77b57a36eb69fa17e6a1ed9c78,256,256,RGB,3,f9c28dbcb053529c,True,
source,scab,data/plantvillage/raw/color/Apple___Apple_scab/84671985-6989-4451-b61d-c32dda7d7c5f___FREC_Scab 3379.JPG,9937,d019b72ca3ca2c3ace20e075c311e15a88fb99de97dfd21421ee1798ca6553dd,256,256,RGB,3,afe0c59a1ab1664b,True,
source,scab,data/plantvillage/raw/color/Apple___Apple_scab/84ba6fe9-427e-415b-8bfe-a1f8670e1537___FREC_Scab 3530.JPG,17628,c47280a1622dd7470f27cdea35e663e58ea02122c8a8ac3a75a4e7896e49ec21,256,256,RGB,3,b2db207e867a8f60,True,
source,scab,data/plantvillage/raw/color/Apple___Apple_scab/84ca9b3d-80c2-476a-a3ae-c085ea721548___FREC_Scab 3132.JPG,12382,7c8ad9a1be25e670f0e6f766bf783328eac0096fcc6db0dac169f062fabf1755,256,256,RGB,3,f08d87949a3199f3,True,
source,scab,data/plantvillage/raw/color/Apple___Apple_scab/84e61e7e-f106-442c-a954-63dc3a57d5d5___FREC_Scab 3057.JPG,15434,f1c13f0a7827184ff28b3e4e1d3101c8d1681e1b7aa9a5eeb9af2bb3f3008e53,256,256,RGB,3,dbb0a0cf855e9478,True,
source,scab,data/plantvillage/raw/color/Apple___Apple_scab/84ef6106-d401-44fb-a5c9-be5ef93cb4e7___FREC_Scab 2921.JPG,12131,c2e47570113e4bbbde3aa3fe7a5b6bfdcf831388e7429e4e7dc146e6066dd30c,256,256,RGB,3,efb354ca719c418c,True,
source,scab,data/plantvillage/raw/color/Apple___Apple_scab/85aad925-f1e2-463e-840b-266d49a56d1f___FREC_Scab 3100.JPG,20148,86c005f0a733a76bcce904f91b565309a8c5aeeb693e078323f23ad3a301788c,256,256,RGB,3,fac6e59a861894d9,True,
source,scab,data/plantvillage/raw/color/Apple___Apple_scab/86054e9e-26b4-42b5-b192-58ddee7b0c34___FREC_Scab 3011.JPG,13936,cc9c0d28a05cbf4ce1dafec038df28749ead9a902fa35bf993c009209cbb8bbb,256,256,RGB,3,ba63840ecfb81d39,True,
source,scab,data/plantvillage/raw/color/Apple___Apple_scab/8632c6b9-84e1-4779-9294-71548ff838e5___FREC_Scab 3423.JPG,8975,d895ef6a4aee6163c686e2e78e939ba74f2166a6402c5fbc19549c2b95285370,256,256,RGB,3,e831cec33d8e21d9,True,
source,scab,data/plantvillage/raw/color/Apple___Apple_scab/8727408d-c5b9-41c4-abd7-dd8e6978efff___FREC_Scab 2995.JPG,14324,8173f93b3c16b292ca37bd2343176ea16b5ad5b462b6b4848ea1fbf013dc66bf,256,256,RGB,3,ec10e517c75a962b,True,
source,scab,data/plantvillage/raw/color/Apple___Apple_scab/88079400-60e9-4317-b917-0bee6c8c16f5___FREC_Scab 3411.JPG,11891,7169980a26abb0282fc4702f60e1721fee48bffd0398f273460a94385c8f6565,256,256,RGB,3,aea1945bca79c934,True,
source,scab,data/plantvillage/raw/color/Apple___Apple_scab/88b51f59-08ed-41fe-8402-69f0964f87fe___FREC_Scab 3299.JPG,13799,0b3e7f856fcf788c76bd1f1765fa534c098ef23243847c5c2ceee3d5d65eab5d,256,256,RGB,3,aa95fd52c8c8c11f,True,
source,scab,data/plantvillage/raw/color/Apple___Apple_scab/892da302-54b8-43a1-960d-055f5eb3f0a1___FREC_Scab 3019.JPG,12703,a5700e84d9df6ca0512285f0365ccbe857b8a7fd9dd08f88ec65a705b5e8b9b9,256,256,RGB,3,fa6821a3abc5158f,True,
source,scab,data/plantvillage/raw/color/Apple___Apple_scab/895252c3-5047-4e87-8e13-2cdd765f3e0a___FREC_Scab 3056.JPG,16876,fae28159c83d59ba12750b209b2c8db05b342a364474b6f383250423d02137ba,256,256,RGB,3,fce8e081cfcc9097,True,
source,scab,data/plantvillage/raw/color/Apple___Apple_scab/89888e39-a951-4507-a9c4-193aead90f64___FREC_Scab 3160.JPG,10987,df573422b2577fd52c8a3cc6595154f10ef1afbccd128ae96122b61d5f21ac7b,256,256,RGB,3,eae715da80e89e0d,True,
source,scab,data/plantvillage/raw/color/Apple___Apple_scab/89937e2f-6ec2-483d-9ba4-1c7c61859cb0___FREC_Scab 3394.JPG,12970,3b672cf6a5f0084d014fe5ecdce87bb2cb891fcea49ad56afa31456f538668e8,256,256,RGB,3,a572e4c59fb811c3,True,
source,scab,data/plantvillage/raw/color/Apple___Apple_scab/8a212787-77fb-40dc-a028-92d5ff2d6c7c___FREC_Scab 3043.JPG,19915,da9e80f1f3a7ee473e4449bd7e5fccaa122731a03f23d411fbb2607f7c92e09e,256,256,RGB,3,9fe0ec87a7959412,True,
source,scab,data/plantvillage/raw/color/Apple___Apple_scab/8a8f8dd2-a938-4288-a8ec-56ef0aaa2d4f___FREC_Scab 2947.JPG,17516,4ac0e95dd63701708455dda9a4e6712b544a14283816db282ba4a60880cfec08,256,256,RGB,3,8f807cb7e0de611a,True,
source,scab,data/plantvillage/raw/color/Apple___Apple_scab/8b28fdba-2f54-45dc-a671-a2743f127c45___FREC_Scab 3346.JPG,12441,fad180bf8e5be6ac822ad2af93976d715d9656420894fce8aeb5e556e3643512,256,256,RGB,3,afe0c58c9b34de30,True,
source,scab,data/plantvillage/raw/color/Apple___Apple_scab/8bcbb4fb-c733-4fc7-92d2-6e4a442e592e___FREC_Scab 3506.JPG,11834,954383d64dc528d25dd4073c198bcce0b03825a6a630957a8edccd109f396368,256,256,RGB,3,ebcc959333937884,True,
source,scab,data/plantvillage/raw/color/Apple___Apple_scab/8c5418d9-37db-450f-a20e-7fccfe69f57a___FREC_Scab 3404.JPG,10615,45747ca3af58b727009343a205f6eb7e97a632df5feb7442625d2cf3f73d1f96,256,256,RGB,3,fb92e42ec5acd290,True,
source,scab,data/plantvillage/raw/color/Apple___Apple_scab/8c71b810-5fe3-415e-863b-6bb0b1fb1455___FREC_Scab 3221.JPG,12479,7aa7f4444238597852f4d6f1e71c1e86cf3a18744021c06abe2f8d24ac35a7de,256,256,RGB,3,f830c5929bcb8d6c,True,
source,scab,data/plantvillage/raw/color/Apple___Apple_scab/8c72c236-8f13-4087-8d1d-f365211563f0___FREC_Scab 3196.JPG,10517,9d4acce739de3e36e5d0851bf5b8797b440c31a3abed70e362794ff29b519a56,256,256,RGB,3,abc1d6c5d83c493a,True,
source,scab,data/plantvillage/raw/color/Apple___Apple_scab/8c916434-af92-4360-9833-0422aa510f7e___FREC_Scab 3245.JPG,20604,80fbe69b79c3830328a2a2ba8c5e79cc01bcc219404f8446bcf5b6cd45db8948,256,256,RGB,3,d94d4251e3aba59c,True,
source,scab,data/plantvillage/raw/color/Apple___Apple_scab/8d2bd2f9-2c65-43f7-95f7-22f7f404ba13___FREC_Scab 3232.JPG,11045,7ff85c5c8bcf4ebd91f45a4bb2f11897eaeb87b99f79337538cacd4ad58530c6,256,256,RGB,3,b292db4dec644a69,True,
source,scab,data/plantvillage/raw/color/Apple___Apple_scab/8df36a92-b562-4bff-975b-ff08d8da40f6___FREC_Scab 3119.JPG,9566,a4ba331c6ada3faba52fac0329835d15fb2960fc2e054806510205cb23728c58,256,256,RGB,3,ea9395b8d488d68b,True,
source,scab,data/plantvillage/raw/color/Apple___Apple_scab/8e04135b-2279-43a7-af41-147d96395478___FREC_Scab 3143.JPG,11575,f1a006ded5d0810016596797c4cc217d97c67b8aac8bc57c466edf7807a595b4,256,256,RGB,3,eef5c0968f9c9418,True,
source,scab,data/plantvillage/raw/color/Apple___Apple_scab/8eaf0422-c84e-4521-8628-85cf2fc91e7c___FREC_Scab 2989.JPG,17277,62b85fa57d78fae949bcc369810ca6d58104a84b40d359fc08d8c28d9b6f788a,256,256,RGB,3,ca7f04ed18f03de0,True,
source,scab,data/plantvillage/raw/color/Apple___Apple_scab/8edca1d5-7ab9-47b6-bdd0-b61e4a11621e___FREC_Scab 3512.JPG,10274,d516e3f0990c1ff79b1a5e5d1eed4ab159cd1c353b6a66476df6f98ce3a69fb7,256,256,RGB,3,fad585a99a764831,True,
source,scab,data/plantvillage/raw/color/Apple___Apple_scab/900e46e0-2f82-4062-8963-50fa06834c38___FREC_Scab 3301.JPG,9755,675a648f2282baa118f6ce6be713345b880650776cd6c45db91ecdfb1bfd8c17,256,256,RGB,3,baca9565c924cd93,True,
source,scab,data/plantvillage/raw/color/Apple___Apple_scab/9082fc1b-6621-48be-9953-50d3de9a6661___FREC_Scab 3065.JPG,16004,40cbceb4c8a5b9f741d2dd614ab6ca0f612667cdb49c68e254dce2701033afff,256,256,RGB,3,edc9829d9bb22067,True,
source,scab,data/plantvillage/raw/color/Apple___Apple_scab/9100bed7-65dd-4425-840b-503f9db78ef8___FREC_Scab 3076.JPG,17682,1cc2693e202ebc0e779846d0eacf6b40d0b2371a70ea166e195e5a51e095e203,256,256,RGB,3,ed5396acba224678,True,
source,scab,data/plantvillage/raw/color/Apple___Apple_scab/919f1400-c9b6-4343-9708-0e70deabb85d___FREC_Scab 2941.JPG,13652,7c0abe764c22e8d172cc8c4a6073ace36d1bd125502de947f6f9b1ee4d694027,256,256,RGB,3,bfa6978ae8c16492,True,
source,scab,data/plantvillage/raw/color/Apple___Apple_scab/91decba3-10b0-4d3e-974c-bcc7729e867d___FREC_Scab 3527.JPG,17647,3b5023a192ebbaccfea930d3dafe993cec1d60e3cbe931b6c0b306fa35c13f26,256,256,RGB,3,eddea06996244b87,True,
source,scab,data/plantvillage/raw/color/Apple___Apple_scab/925b4276-9d62-4a3d-9dfd-1613ed40685a___FREC_Scab 2994.JPG,17091,4080307ee45f682bc22b6e014e3efcd0ce945ee040435b990db9fafb6434c306,256,256,RGB,3,e97300df1cc63dc2,True,
source,scab,data/plantvillage/raw/color/Apple___Apple_scab/9431682d-6de3-4b1f-bdde-11b706fe2e85___FREC_Scab 3029.JPG,17048,cbca76ba37ea6bb0d2a7995b47b9a05793d8ebee3da4bc332abd9dcfcadeaa76,256,256,RGB,3,9bbde0c0df004f8e,True,
source,scab,data/plantvillage/raw/color/Apple___Apple_scab/9474d631-06bc-45e0-bdcc-2aff28b34856___FREC_Scab 3358.JPG,7022,9c39b9bebd9d420aee8efa90888f8c0455f2ae0ee9b01089dffe664a007b60ce,256,256,RGB,3,a7d1f2d9d68c890c,True,
source,scab,data/plantvillage/raw/color/Apple___Apple_scab/94ef05b0-aee5-4956-8a07-67808c0ca84c___FREC_Scab 3376.JPG,14106,2eb6e40d04557d40d77ed29e60c937565c2f06be252b05e838adf17da4350de0,256,256,RGB,3,ffb1e0c4c1c7870a,True,
source,scab,data/plantvillage/raw/color/Apple___Apple_scab/9555b45b-0080-4d26-8b54-a343b9bf0ffc___FREC_Scab 3313.JPG,15289,91e280d098894442b4bd631f756db3ab615b507050896ae2c65328cbfcbc9827,256,256,RGB,3,eada95a589a6cc13,True,
source,scab,data/plantvillage/raw/color/Apple___Apple_scab/95c2cc04-5581-48ca-8001-9644bb488b12___FREC_Scab 3163.JPG,10571,b033654c07209de26566152f44abfb1a49e4ca069f9c887fbdc2e6a959f66ec9,256,256,RGB,3,f683888f1e783533,True,
source,scab,data/plantvillage/raw/color/Apple___Apple_scab/96a26f9f-76b9-456a-b39f-d390ff20bc58___FREC_Scab 3257.JPG,11353,fe4d8cf805119f9b54a2cf3ded2ea7a91b7b5eb732fd2403b3dad5fbaebbf209,256,256,RGB,3,ddc1a295545aea69,True,
source,scab,data/plantvillage/raw/color/Apple___Apple_scab/96f7f6b4-4dd6-4887-b6b2-89449271274f___FREC_Scab 3047.JPG,21079,9f7d4e8e8bbcb9b0b0e65db8a2bdd569d8109b15a67bfc1d1b0707ba5a60906b,256,256,RGB,3,bd9bc4f1583439c8,True,
source,scab,data/plantvillage/raw/color/Apple___Apple_scab/97294a06-04ae-440f-b130-ddff2817c727___FREC_Scab 3372.JPG,10839,4054d1d26f9de88425e86887e0846495ed8d8d29cd9a1e87f2fb58e92779d7b2,256,256,RGB,3,8ca0bfb5d4d4d2c2,True,
source,scab,data/plantvillage/raw/color/Apple___Apple_scab/975c76b5-0c9f-4179-bc48-20b37d3113e6___FREC_Scab 3463.JPG,11025,af98f3692e29127560a0ea86b4a41f953d2e72b5456611e9afabe9ef6e2e39b0,256,256,RGB,3,fb89e0d4c7968c58,True,
source,scab,data/plantvillage/raw/color/Apple___Apple_scab/97cd53cf-e95a-4d40-b77c-15ccf9bbb8f3___FREC_Scab 3134.JPG,10388,87d98142b36e3d117bd415573f534f25aa0ebcad94c526e26f698d8a72de5a5f,256,256,RGB,3,f88487529f2bd46a,True,
source,scab,data/plantvillage/raw/color/Apple___Apple_scab/97d9b70c-15fc-4463-a7cd-129e7bccef1c___FREC_Scab 2910.JPG,7860,fbe6e766979511d1f651e5f642df7d33154e16885ca46fa26c10417c4aa39653,256,256,RGB,3,a77072c909d39be4,True,
source,scab,data/plantvillage/raw/color/Apple___Apple_scab/98259104-a5dd-4751-88f2-27923a2317a3___FREC_Scab 3419.JPG,11143,cd9211dec5ad2310e78243cbbb6d26c7180096ef9f62f1a06de617311dfbc962,256,256,RGB,3,eab0a5ced8a93269,True,
source,scab,data/plantvillage/raw/color/Apple___Apple_scab/98d39524-dfe5-42c0-999d-110aa1c49b85___FREC_Scab 3259.JPG,9690,c95a5ed50f9892d0197c82618ce0013b2635beeb4e77aa9bbf594084f1daa96b,256,256,RGB,3,ff01fd09fe029238,True,
source,scab,data/plantvillage/raw/color/Apple___Apple_scab/98e6e72f-092d-41dc-93e1-22bfc1ea2abd___FREC_Scab 2953.JPG,17191,5c904a3a3d4918c4ddad4183d4e2a23709bdc59a119370adc897c48b59ae48c3,256,256,RGB,3,d48a65b532303bbd,True,
source,scab,data/plantvillage/raw/color/Apple___Apple_scab/98f72edf-a354-43de-8734-a697d8cdd3f5___FREC_Scab 3400.JPG,13609,ef13911d8abafbb92ddc2904a2a7eec5de9c726c0ee051788e2de681197b398b,256,256,RGB,3,fab585d2c6cb882c,True,
source,scab,data/plantvillage/raw/color/Apple___Apple_scab/99a971b6-cd13-4ed2-8fc5-0d6769945578___FREC_Scab 3130.JPG,10611,0ae8728ef379749c6044a57799ce3c924b41afb6d0c0e854308ea4bf3c78e2b3,256,256,RGB,3,b8b5dbcacd446462,True,
source,scab,data/plantvillage/raw/color/Apple___Apple_scab/99e03a3c-c68f-4648-af09-877c57d6b115___FREC_Scab 3054.JPG,14850,35bab31664f53c6e410d60c595d7d228b39df4294b5fa73e5862ed5de7417264,256,256,RGB,3,f6c6aa8a959d9191,True,
source,scab,data/plantvillage/raw/color/Apple___Apple_scab/99f409b1-0e19-43e6-bbc5-95c5368f86be___FREC_Scab 3051.JPG,13103,d5eeef14cfb7de9669cb2064fb2ac8b7b5066629aa34d8305cbb4981766e2a47,256,256,RGB,3,bc8f6134c389cec9,True,
source,scab,data/plantvillage/raw/color/Apple___Apple_scab/9a544639-1fc6-4c45-88e4-3049c2bc0814___FREC_Scab 3439.JPG,10337,5a463824b7e87260e730fef23290c5741aa595a28cf7c70e3da62ca2be7495c8,256,256,RGB,3,ee11e59ad59b8419,True,
source,scab,data/plantvillage/raw/color/Apple___Apple_scab/9a82c830-7854-4f7f-84c5-f7414cd238b0___FREC_Scab 3069.JPG,17874,cb79a81ac3cd1dacfd073617a2e033565cf7f28d9edcbd95341618e8f0c2410c,256,256,RGB,3,abc0874d9ab6503f,True,
source,scab,data/plantvillage/raw/color/Apple___Apple_scab/9ac984f5-d42c-4321-ae2e-7fbde038aa38___FREC_Scab 3369.JPG,10715,adfede0aaac0c8b865ebd236a329b0348ba16429d11cfb864972bfd3a9a466be,256,256,RGB,3,ead6a580849dbf31,True,
source,scab,data/plantvillage/raw/color/Apple___Apple_scab/9b7399aa-1c3c-4137-ae4e-196cd23fe573___FREC_Scab 3468.JPG,10423,7fc5e72251f7df8709f36840a31b2ed73f21a926e8d1f61f1827c74f6531fb79,256,256,RGB,3,fe84e08f879cb138,True,
source,scab,data/plantvillage/raw/color/Apple___Apple_scab/9c04ca1c-e5f5-4a03-8205-544c1475a18c___FREC_Scab 3502.JPG,11545,05195a983ca8e5d494769ff3220ffce4a2d57df8c13b84d4983ce6691def4c61,256,256,RGB,3,ebb693884888cded,True,
source,scab,data/plantvillage/raw/color/Apple___Apple_scab/9cbb6419-1670-45d5-a8ad-90cf9eaac971___FREC_Scab 3075.JPG,17533,6c9160f1e59bb8ad1bc38f3b4a68e1faaac045497442e18996a99566280b2fe1,256,256,RGB,3,b565dc90c31fd891,True,
source,scab,data/plantvillage/raw/color/Apple___Apple_scab/9d586b46-914c-4715-a406-484a597e3bab___FREC_Scab 2998.JPG,20508,8f916df33dabab56e6b8b33fa90096aedb4edab660a1fd3ebbfa55874cf9f1a9,256,256,RGB,3,fa3cc351aa53c1e1,True,
source,scab,data/plantvillage/raw/color/Apple___Apple_scab/9dac36c9-3c32-44be-8752-0f03666cbb76___FREC_Scab 3365.JPG,9862,22dbdc31828cf9aea746157b2caf3242aca462b71ad5a4f14f0aac4df139dcf7,256,256,RGB,3,bfe0c48fdc98d089,True,
source,scab,data/plantvillage/raw/color/Apple___Apple_scab/9e399a72-a81f-4a43-8542-ebc4e96ba346___FREC_Scab 2930.JPG,17427,939842730e5471a3c01ec8070e0a73f3f85c96ea628bb03c94f5c0fa3da94793,256,256,RGB,3,8ffdf0d001c38765,True,
source,scab,data/plantvillage/raw/color/Apple___Apple_scab/9e4d949f-0d9b-4b61-8ce9-574664176efc___FREC_Scab 3022.JPG,20323,4331a2289e225eae3db31198d7779e602350a86c3c7d94623472382d2cf5e417,256,256,RGB,3,f996c5ca846d9638,True,
source,scab,data/plantvillage/raw/color/Apple___Apple_scab/9eab7829-c658-4544-b6ba-f7fb10035aab___FREC_Scab 3382.JPG,10906,6a83bb8b2fe32048ab9dc2d29fc1fe19af0abe45984b636432a65842cefba0fa,256,256,RGB,3,eeea808d1b30b3a7,True,
source,scab,data/plantvillage/raw/color/Apple___Apple_scab/9efcd800-e927-4595-8eb8-26d36524242a___FREC_Scab 3026.JPG,22865,7ec196b96f870bfb0161c311a058314c5f79af5f1455408d80771d0721781a7f,256,256,RGB,3,afe0954fc8389167,True,
source,scab,data/plantvillage/raw/color/Apple___Apple_scab/9f76829c-655e-4f75-b5fd-2ddfd01f963a___FREC_Scab 3337.JPG,15050,a6d596270cc6f259bbb119816b8146842ea52ed5c1885c27da9322148c18d688,256,256,RGB,3,ab9c85921ec37939,True,
source,scab,data/plantvillage/raw/color/Apple___Apple_scab/9f815013-3c21-403b-80ca-c69cd82d6251___FREC_Scab 2963.JPG,11484,513ae8dfc08e890b69ad56adbce78f3925b0f01f4869aac7ac4f450128bb0810,256,256,RGB,3,b9b1c68ad6a4daa4,True,
source,scab,data/plantvillage/raw/color/Apple___Apple_scab/9fd8d7c3-3321-49fc-a7dc-165ccc353c78___FREC_Scab 3177.JPG,8970,abb1341bdb36d16280ab14396314b979f19c8e83316a098ffbb6d4b9056788e6,256,256,RGB,3,ea30d587b4ca56b8,True,
source,scab,data/plantvillage/raw/color/Apple___Apple_scab/a031daf8-94a3-476b-b2e4-dc39a4ee843d___FREC_Scab 3233.JPG,9771,ce21de31e44b3235a8892fb4c4082a84917b1d0d2dfb6bb68dd718a49988bd0f,256,256,RGB,3,a54dda72a5b5445a,True,
source,scab,data/plantvillage/raw/color/Apple___Apple_scab/a038a218-4c69-4f5a-9887-80fac9888782___FREC_Scab 3008.JPG,10100,c581c17674a6583aa9ee81628ee7ba34cfaaddee4afab13814c4cc4a6d48da15,256,256,RGB,3,f8e1c6df88cc8c94,True,
source,scab,data/plantvillage/raw/color/Apple___Apple_scab/a0fb83fc-d5a2-4ddf-9a04-c2bf96e5027f___FREC_Scab 3175.JPG,10384,763c16b6572871b0818c714ff0d983b52995fd51b2beff253b84cdb6260912de,256,256,RGB,3,e8b182f68b45f645,True,
source,scab,data/plantvillage/raw/color/Apple___Apple_scab/a0fd13e3-e36c-4386-beb2-ec6a587bfd70___FREC_Scab 3053.JPG,18175,86b62c4dc36ac26b6b41e8398c72d93fc5136c2aab5f46f45658f509d772a9e4,256,256,RGB,3,ff2aa0b1b1949393,True,
source,scab,data/plantvillage/raw/color/Apple___Apple_scab/a15c8e33-6b90-489e-800d-99b3056235c2___FREC_Scab 3466.JPG,10794,63e5760c9330433d60b424941c0a96bc380bc7d7c67c00f20a1e50ec59f25670,256,256,RGB,3,bfa5f092c54e6548,True,
source,scab,data/plantvillage/raw/color/Apple___Apple_scab/a2d4e28d-efb1-4b5c-8f39-de90392f007a___FREC_Scab 3139.JPG,17416,292fa7966bd4d738026a9073d33eb7cbb9fc2fa328188a9c36362a4fd06d806c,256,256,RGB,3,fa6125ad85d4964e,True,
source,scab,data/plantvillage/raw/color/Apple___Apple_scab/a2d623ff-8e4d-40e3-a6c5-3d61e7355f92___FREC_Scab 2949.JPG,22896,2cb567a2e7f7ae90e6e4b7f6b31ccf831381b272251cb51b220c7538429ae337,256,256,RGB,3,d2672b9c9572524b,True,
source,scab,data/plantvillage/raw/color/Apple___Apple_scab/a2d74032-fd6c-469b-897a-054705e03dec___FREC_Scab 3028.JPG,18548,6ea8b6f5e76a27b3154b633165494605e33313584120de7c25028876d98101a6,256,256,RGB,3,ff87d0d88d44e05a,True,
source,scab,data/plantvillage/raw/color/Apple___Apple_scab/a31b7944-c213-4b83-a586-004d0522e355___FREC_Scab 3341.JPG,18808,23771c67a37febcb955d208f2350fce049bd8413805bac454e25808783fc6774,256,256,RGB,3,bad9c196c6069e9a,True,
source,scab,data/plantvillage/raw/color/Apple___Apple_scab/a3824376-87d9-464c-b78e-e35d029d43f2___FREC_Scab 3249.JPG,14348,246f89c0ffa7fd54975de4fe0392a5e424a252af955fe665f41f20cab1839ffe,256,256,RGB,3,98f9a385a59e5694,True,
source,scab,data/plantvillage/raw/color/Apple___Apple_scab/a5ed05d8-9815-41b7-b481-332e48cfde56___FREC_Scab 3415.JPG,9035,96b6af2945940dfed2a6a7f24faa53307ca0e36e76b7883cab152a226ea92c06,256,256,RGB,3,fca3c09cda992ac5,True,
source,scab,data/plantvillage/raw/color/Apple___Apple_scab/a6ba4b1c-285a-432d-ae70-df3e37e5e6c1___FREC_Scab 3002.JPG,12276,1be71885c616122b0c196880d8df22c3a8909765e8c50697d67cd0d481476720,256,256,RGB,3,bfecc0e581e54b84,True,
source,scab,data/plantvillage/raw/color/Apple___Apple_scab/a72a9033-d2b9-4c64-93bc-7e5a1a0ea4ae___FREC_Scab 3284.JPG,19479,1dea3e581a9c70ba1783149290ff7188d6e9a28cfecc40ad72f94e6a138894de,256,256,RGB,3,fa3cb1909a99c9c9,True,
source,scab,data/plantvillage/raw/color/Apple___Apple_scab/a7609a35-fd75-4ec3-868a-eb97b9ffd096___FREC_Scab 3032.JPG,18425,9a20e3a3669bb0bcad80b0daa4bff5277e7380982beb1b7466c7371b7a651fb2,256,256,RGB,3,e9f2a5ca958d921c,True,
source,scab,data/plantvillage/raw/color/Apple___Apple_scab/a8037811-6ce4-4611-ace1-1b6492374135___FREC_Scab 3126.JPG,10601,4c07e5b7c1add19f589019cbbfe0c8b17d0f838faca4c369a6a6eb27935118b5,256,256,RGB,3,ef3457488dca40f3,True,
source,scab,data/plantvillage/raw/color/Apple___Apple_scab/a88d758c-0c4f-4214-b91d-e5645aa97113___FREC_Scab 3424.JPG,12068,f14d2c009d5e15ba96985c2c9c00c4a63ab35b4ca4f7e37b64b478bccbb4e94f,256,256,RGB,3,b81cc6e33ccb31cc,True,
source,scab,data/plantvillage/raw/color/Apple___Apple_scab/a93dc267-cd94-49fd-9766-8afe67ba747a___FREC_Scab 3125.JPG,10668,ea45ad2c30e8de9798d6c142105b51be9782e2c33ce6e94dc51528f479cfd028,256,256,RGB,3,feb691dc8600c4e7,True,
source,scab,data/plantvillage/raw/color/Apple___Apple_scab/ab0ab3b2-0893-46c6-8f66-9469e8340b64___FREC_Scab 3368.JPG,10524,c01830657b17a46b5fc18dbe0763285df9d186d118d6f1953453d9a683ba18e0,256,256,RGB,3,faa59096cbce095c,True,
source,scab,data/plantvillage/raw/color/Apple___Apple_scab/ab7d0d06-b45c-4472-a708-c2a1d65ee748___FREC_Scab 3152.JPG,10247,7b1f8349641825d9a8d80d7ee15657ddd0345f226ef562bdb3a26d31aaea9e82,256,256,RGB,3,ea90f4d2d0eaf0e8,True,
source,scab,data/plantvillage/raw/color/Apple___Apple_scab/aba69098-9c79-46cc-ba1f-6f88a456b56f___FREC_Scab 3039.JPG,18867,39c4f058d07b0f50c220ed0881a6d237f162283b7c94126a77c8964bb5c1cf63,256,256,RGB,3,ab0694fb109cb59b,True,
source,scab,data/plantvillage/raw/color/Apple___Apple_scab/abd8b296-db97-40c0-af5b-39e03f4dec16___FREC_Scab 3041.JPG,15646,f61850b64103ed3d94318b4f04e93cb811b5f08083d54ed6da1256100ca04e0b,256,256,RGB,3,fe3e81a496d3d058,True,
source,scab,data/plantvillage/raw/color/Apple___Apple_scab/abfd8972-51b1-4715-a358-54e8e2afa071___FREC_Scab 3267.JPG,17487,63c7aca30d27c8ef663e45ec3d4f41f22ef6895d3b51b1425e65b697468d2e35,256,256,RGB,3,ed36d2c9178bc588,True,
source,scab,data/plantvillage/raw/color/Apple___Apple_scab/ac3ae45a-aaff-44c0-979d-6a2a8ba50ccf___FREC_Scab 3520.JPG,19383,06394d471e3899e1c11242f1aaad10f058291987537df6129960bb939fa2e676,256,256,RGB,3,ffc0c29e7c8127c4,True,
source,scab,data/plantvillage/raw/color/Apple___Apple_scab/ac61c972-546d-4977-ac4a-085f98bbf206___FREC_Scab 3308.JPG,20659,59d6d607229d423ee49254a6d6a3743a50a211bb889b93f2416feea67f141925,256,256,RGB,3,abca94e59f929c30,True,
source,scab,data/plantvillage/raw/color/Apple___Apple_scab/ac8466c6-8a4f-4757-bb4d-d63f4b6a6928___FREC_Scab 3436.JPG,9406,9dd4bb205a9159321fd5ff42f4354f565545276e20cad3cb77d476f2e519b3c6,256,256,RGB,3,ae97d0d8c9c88e65,True,
source,scab,data/plantvillage/raw/color/Apple___Apple_scab/ad6539ea-7bc6-4f4a-810f-63ee95db8bfe___FREC_Scab 3184.JPG,9547,1bf69e1a6e609d7ff98674e0639d0cc19d688ae094cc763853f89ab58fca1330,256,256,RGB,3,bfc0839f78227147,True,
source,scab,data/plantvillage/raw/color/Apple___Apple_scab/add9ce00-e304-4632-82f2-ddc86a6be5f6___FREC_Scab 3472.JPG,8569,78bc5fbdb29327ed7bca9b078257168babf3fa10fe4efe147ff211ed4fabdbcc,256,256,RGB,3,f88783d2879e9718,True,
source,scab,data/plantvillage/raw/color/Apple___Apple_scab/ade2b601-d2ea-4f5b-afc2-2c88aefea6b6___FREC_Scab 3464.JPG,9339,b18e1dd5d17d328b420fec7ee264fef1fc177f3baec4e98e5cb42291f9457454,256,256,RGB,3,baf4b5c1d01e1789,True,
source,scab,data/plantvillage/raw/color/Apple___Apple_scab/adfdba4a-a725-4c5b-8b1c-96e8b20baa7b___FREC_Scab 3265.JPG,21609,2205b435333ead254965301f039bc7b9c50f8eca1c7b4004d912cdb6b2a46ec7,256,256,RGB,3,ab48b3678cf40db2,True,
source,scab,data/plantvillage/raw/color/Apple___Apple_scab/ae02ce53-61ad-41d0-870a-a5a8b2fb3e93___FREC_Scab 3359.JPG,6738,4ebacaa1d629bb47f3b2baf9ee223af04170cd5823033dd4426acbe92838fab2,256,256,RGB,3,aa46943edb8b78c1,True,
source,scab,data/plantvillage/raw/color/Apple___Apple_scab/ae035eb1-0214-4964-b018-14fca52713fc___FREC_Scab 3166.JPG,21488,07e1f09377af7809142add5ed28dac6642e4ddb677311992ea6df59e6227d0fd,256,256,RGB,3,ea2da5329ea3990b,True,
source,scab,data/plantvillage/raw/color/Apple___Apple_scab/af598e54-dae1-47e5-aefc-0b0a419dfa07___FREC_Scab 3211.JPG,17442,a1f110d4cc7cbe711cab29074d1e7f56ac7b4674b0c22be5481c0e6a85e1f022,256,256,RGB,3,917b6ea524b05e9a,True,
source,scab,data/plantvillage/raw/color/Apple___Apple_scab/af82e889-9ec0-437c-85b8-7a6a5caf73a1___FREC_Scab 3338.JPG,13384,3300a62c068a6c753fffb432a3d696a7c61c6a2e867295508ca3d66d4bd2296c,256,256,RGB,3,ebc394d80e4fb0b1,True,
source,scab,data/plantvillage/raw/color/Apple___Apple_scab/afab688d-242c-4e62-abef-ba277df5a76d___FREC_Scab 3188.JPG,10078,293176043739bf3bf7a618b8e8ba8a5413be9fa7f0997f941191dc7a4360d6e4,256,256,RGB,3,a9b4d6dac98dd02c,True,
source,scab,data/plantvillage/raw/color/Apple___Apple_scab/afc6c0d9-46a0-4275-a2f5-bb241017dbe4___FREC_Scab 3020.JPG,16536,55deb0e979736fccbe0b55e277ec32b9aa8e4a60333a8137ef6db9c1cee2518b,256,256,RGB,3,e9a574929adb09c9,True,
source,scab,data/plantvillage/raw/color/Apple___Apple_scab/aff87313-e090-401b-aa23-92fba4c55fae___FREC_Scab 3305.JPG,11074,6c5a1e22a8a6da4db6d8fd9ca79932dab59c537f8c5ea8e3a1f3f1e2e4086cd8,256,256,RGB,3,d4aaa09babb18d35,True,
source,scab,data/plantvillage/raw/color/Apple___Apple_scab/affb666c-6915-48e6-ba8a-92385af75826___FREC_Scab 3395.JPG,11209,fe0b81182aec9eb68ef55d1fc83eaf1a530d6ff1dc61a7385f13f2f5119bb65c,256,256,RGB,3,e3d5185a24c88fe7,True,
source,scab,data/plantvillage/raw/color/Apple___Apple_scab/b006c4b8-5f33-4794-91bd-7aaa430e6ceb___FREC_Scab 3498.JPG,11523,75ba66efc9edf45d61edd5cc8e89631aac5452af84b1ec04f10d244d2ba7a7bb,256,256,RGB,3,ffc494819e30b1b6,True,
source,scab,data/plantvillage/raw/color/Apple___Apple_scab/b011c870-c5a5-4990-9ddd-e00e02613780___FREC_Scab 3493.JPG,9504,633ec512d23ecee6df43237f7d2f8daa8467e334fdfb6a89174db2e84aa44cca,256,256,RGB,3,faf0c083070f4efc,True,
source,scab,data/plantvillage/raw/color/Apple___Apple_scab/b02a7f1d-3cfc-489e-9e74-983059c6980d___FREC_Scab 3244.JPG,18192,4127c7ea3d89bb2c098fdb9b3b1678b4ee19b498f14aaf9143b46752af055477,256,256,RGB,3,fb8ae485c294ab74,True,
source,scab,data/plantvillage/raw/color/Apple___Apple_scab/b0586996-77d5-4d02-8112-14eb67895bcf___FREC_Scab 3000.JPG,16635,7fa8e6f054250bc192424fb18105d856937d8d635d00b2ada88f81c77b818d98,256,256,RGB,3,ee66a12c87b0da87,True,
source,scab,data/plantvillage/raw/color/Apple___Apple_scab/b0613c0d-0e9d-4e47-9743-57f5da39a092___FREC_Scab 3311.JPG,18662,5aba7fe02a5951d003a6a55f72f59809e83b2531896438c5b388ad76f14904a0,256,256,RGB,3,e8ca97258b9ad42d,True,
source,scab,data/plantvillage/raw/color/Apple___Apple_scab/b0744c40-7396-4efb-9d0e-d7b1f22a9dd4___FREC_Scab 3407.JPG,12273,dad3030544b80772178d0e3420d92a206eb56e8f28cec22554c01822eeb10069,256,256,RGB,3,fec0a58b96a1b2a5,True,
source,scab,data/plantvillage/raw/color/Apple___Apple_scab/b0b2a38c-396d-4d25-b346-5947e2c787d9___FREC_Scab 3077.JPG,16166,93a88103e4287ee3226aad2f61dee820e028ec93d8abfaeed2278df20d4b2765,256,256,RGB,3,eba590de1ba95838,True,
source,scab,data/plantvillage/raw/color/Apple___Apple_scab/b10dceaa-a764-46b4-bd61-bc9fb13579ca___FREC_Scab 3141.JPG,9630,4ceaae3156ddc143732d7a6cfdf38e7fe9453d3e7a9891f019474b14c7be5546,256,256,RGB,3,e6e48c99c799522d,True,
source,scab,data/plantvillage/raw/color/Apple___Apple_scab/b18d07ee-d2e2-4cc2-876c-e03e3839f3b6___FREC_Scab 3427.JPG,9895,1690571c8359bd53956edc68e28b12888f6f14918462189d903ddef0c2203473,256,256,RGB,3,e98986d31cd9923d,True,
source,scab,data/plantvillage/raw/color/Apple___Apple_scab/b19aef4d-ee91-4768-9520-8fdfee2578b4___FREC_Scab 3396.JPG,10429,79e3860df578c7a0427cd6c9e202d1ae961a9ef1014cad08f31683be00ad594a,256,256,RGB,3,e3329c4bc9c4f265,True,
source,scab,data/plantvillage/raw/color/Apple___Apple_scab/b19d8a20-6d33-4ad5-848b-e618c07756b7___FREC_Scab 3198.JPG,9796,d5e43a2504714a8d8a8a0ab0767be56208cd459d2d6a74044e11cb85dad982d8,256,256,RGB,3,bf86f058c171a746,True,
source,scab,data/plantvillage/raw/color/Apple___Apple_scab/b1efda88-84a3-4d96-b3bf-48d7e12155e9___FREC_Scab 3009.JPG,16516,b8b67cc3e6d3c2dcf56533214d30cf5843e8ffe64a518d23da1c08fb45e1b35d,256,256,RGB,3,fae2a44f9298c969,True,
source,scab,data/plantvillage/raw/color/Apple___Apple_scab/b24daaef-81e1-47fc-a858-b8c8b346d956___FREC_Scab 2927.JPG,13157,f18cc420f026b53f8edc13505088443630f3660cfd1db69ab64b692c42835818,256,256,RGB,3,ec859e5ab1805f6a,True,
source,scab,data/plantvillage/raw/color/Apple___Apple_scab/b2567b00-d781-4177-9c3f-6a7b9f47941f___FREC_Scab 3414.JPG,12435,39cb49b4a6e819316b73508166393bd25fe944ab1e373393c073d0996bc3c77e,256,256,RGB,3,aad2952d3b604fc9,True,
source,scab,data/plantvillage/raw/color/Apple___Apple_scab/b34550a7-6327-4993-b112-16eedf8f0353___FREC_Scab 2922.JPG,13009,6fff9990e5f95fff722d9a63b99e37ad73bce318ed6a7b1e245c0f5f7257ee29,256,256,RGB,3,a0ce96a5d8da9939,True,
source,scab,data/plantvillage/raw/color/Apple___Apple_scab/b3b884bb-55ff-42dd-81d6-d8260acd4ad5___FREC_Scab 3281.JPG,13044,a08cfa47b080beb371ce560d3daeb851d0b9d8bc32b63c39956588f43016e9a1,256,256,RGB,3,ad8efeffc059c000,True,
source,scab,data/plantvillage/raw/color/Apple___Apple_scab/b4162101-daaa-4e98-bd83-e00f38cf5946___FREC_Scab 2968.JPG,17462,4bd087a89a6c84f166e18d95d905cee398cdaf759c51c3780b550f89a19fac49,256,256,RGB,3,ea5a85bf18947913,True,
source,scab,data/plantvillage/raw/color/Apple___Apple_scab/b4b9c80a-f741-416d-a7e6-6d9566ea731e___FREC_Scab 3399.JPG,9700,a45cc9c3ef371d752d2d3135e98d5967b87d31233fbfed05ec3e80161a35c28e,256,256,RGB,3,efc0858f9aa199b2,True,
source,scab,data/plantvillage/raw/color/Apple___Apple_scab/b4d26d69-8318-4898-93be-561f78c18d5a___FREC_Scab 3133.JPG,11503,6d92ee00c2005aa0a2a294841159465a480696ec5e433c73413e14d4c099596d,256,256,RGB,3,afe29499d2257887,True,
source,scab,data/plantvillage/raw/color/Apple___Apple_scab/b4dd08e1-926f-41e0-b266-c2f37cea3203___FREC_Scab 3030.JPG,18938,0cb39c710462d9e9d3f45af56aa5dcfc3df5f7d5e9e200559d8e83edaa69ebc5,256,256,RGB,3,e29fc750d8ea4964,True,
source,scab,data/plantvillage/raw/color/Apple___Apple_scab/b56bccc2-4489-412c-83ac-ef0c7672ee70___FREC_Scab 3479.JPG,8269,574999202b8c6b2c27be55e937abc6486bc206e5864816a55f71d385bc52b3fe,256,256,RGB,3,aecbb18d92349c72,True,
source,scab,data/plantvillage/raw/color/Apple___Apple_scab/b67039ac-fa02-4db5-9aad-a429c329263f___FREC_Scab 3435.JPG,9746,f18f2404601cd71919aecad13ebad35d2cf813b8a2a995027f8a48404cd04a8d,256,256,RGB,3,bbf09187849a65cb,True,
source,scab,data/plantvillage/raw/color/Apple___Apple_scab/b7740d56-4540-44f5-82c4-3916da0cba20___FREC_Scab 3229.JPG,7799,e6473147d2bde8d2ec43e88b354e47df9ccfc84fa02635a3adeb281da86d2f03,256,256,RGB,3,bf60e1a7d087cc13,True,
source,scab,data/plantvillage/raw/color/Apple___Apple_scab/b8199a66-9ef5-498c-b55d-9a05d67433a5___FREC_Scab 2920.JPG,12975,949e5a5c90c840a8dcd7fb374b4adfd65738f61e379a644f6cda48b3865b5ffa,256,256,RGB,3,e8f385c89e4e58e1,True,
source,scab,data/plantvillage/raw/color/Apple___Apple_scab/b84c8919-1f8c-4751-a759-e0ec84839020___FREC_Scab 3264.JPG,18333,33b2089ce4f7116fb13da20bc2f19cde5c4c56a3a95ae42b459fcd85d06794ae,256,256,RGB,3,ad8935ad52825f8e,True,
source,scab,data/plantvillage/raw/color/Apple___Apple_scab/b8829a11-a69e-479f-977e-3890cd1d76b1___FREC_Scab 3144.JPG,12645,52727066fd4479c0c02ea793b6e5aaed52960262c3eac2585ae2039aefe51ea0,256,256,RGB,3,fb9fa1908790d0da,True,
source,scab,data/plantvillage/raw/color/Apple___Apple_scab/b963d384-123e-48e5-ac66-a1e87f33ba0b___FREC_Scab 3021.JPG,18328,9e64e54518052a00f3327c1b77eaaf49602a392f755df80b58c8b8e3d12e0e74,256,256,RGB,3,dab721aa1195b0d7,True,
source,scab,data/plantvillage/raw/color/Apple___Apple_scab/b98c71e9-79a0-4e8d-9c8d-0438c4fe8a57___FREC_Scab 2948.JPG,21027,63f20c134d179c280f45a456410097c1f7a33ed6d45563373f0bd82fcac12c77,256,256,RGB,3,faa015935b8f6c2c,True,
source,scab,data/plantvillage/raw/color/Apple___Apple_scab/b98ecede-7f6f-4e39-a761-4dc37699507b___FREC_Scab 2971.JPG,22458,1124672efcd58fb97d2f92894a7785da6c3a22a80f5fd2569cf44c22c58139e5,256,256,RGB,3,a0e60c9bb981b775,True,
source,scab,data/plantvillage/raw/color/Apple___Apple_scab/ba0c02a0-3597-44e5-826d-00398a68d65b___FREC_Scab 2939.JPG,17714,cf89973b608a93e9793903d8140de174a5b78198d6f62db8fd8e0fe1b2ad810d,256,256,RGB,3,89e2be11f41f02d7,True,
source,scab,data/plantvillage/raw/color/Apple___Apple_scab/ba325c11-e91c-4f5e-9ae0-76f8f0bb24df___FREC_Scab 3523.JPG,21511,1932ce19b9283ec8d2bbe81b2597bf077794fc99d14f00f0e8cb5154f60ab789,256,256,RGB,3,d777a8a81ec5c194,True,
source,scab,data/plantvillage/raw/color/Apple___Apple_scab/ba94f188-df0b-41fd-94e3-f0ed4924e23e___FREC_Scab 3102.JPG,18262,108981d20882e08bb1e067c52c93205c03db05bbc078a35824a7881924010bba,256,256,RGB,3,bfe0c58f92a43067,True,
source,scab,data/plantvillage/raw/color/Apple___Apple_scab/baa200af-fc0e-4f13-abec-389605a604a7___FREC_Scab 3220.JPG,13657,efbf67cd028dbf571ae1819b367da1ceaf70adf3e77287d53fb095480c34863a,256,256,RGB,3,b3c08d9b9033e537,True,
source,scab,data/plantvillage/raw/color/Apple___Apple_scab/baa34f65-7a7a-4308-ad86-4fe8f0da288d___FREC_Scab 3115.JPG,9704,b282c60d1d949cd20b07bb7da72f44c77a0790155bd65820d7f6fca20a461557,256,256,RGB,3,bac2952ddf354912,True,
source,scab,data/plantvillage/raw/color/Apple___Apple_scab/bb495423-1617-447c-95cd-52ebabee1a59___FREC_Scab 3199.JPG,8131,d091792a337fd4873d624efdeae8ffa74d717cbce049342dd13ecac38b04bc94,256,256,RGB,3,bcd9c2a70f2d4938,True,
source,scab,data/plantvillage/raw/color/Apple___Apple_scab/bbab7c92-4287-4e69-82b0-5c37fea5897c___FREC_Scab 3017.JPG,16342,c5766410a8dc11a983de1bb9fa9b2bc57514e2207fe73e17eeaaec4669b0ba72,256,256,RGB,3,8fb650bdc0d4cb92,True,
source,scab,data/plantvillage/raw/color/Apple___Apple_scab/bbcecb36-bad4-4aa5-812b-00a402427943___FREC_Scab 3279.JPG,16967,dd980cc770144115507055b1024bcb5b9ee37b27c0b66eff2ce441bc3f85517a,256,256,RGB,3,ebc2948dda4c7926,True,
source,scab,data/plantvillage/raw/color/Apple___Apple_scab/bc2ce052-84b8-4de9-bd9d-7528869b62dc___FREC_Scab 3309.JPG,11914,71a7e4741b276947d12d02e4e589fade60c51f65ec46500b1c4aeb6620ab6a67,256,256,RGB,3,aab1f5d2804f8d4e,True,
source,scab,data/plantvillage/raw/color/Apple___Apple_scab/bc7769cc-805e-42ef-bbcf-0c134ff03276___FREC_Scab 2909.JPG,9613,b12f1c8271f62843ae4d38413df1fa426ecdb6f2897275b14c34b85aae3167c0,256,256,RGB,3,c86ea19b98bc94b3,True,
source,scab,data/plantvillage/raw/color/Apple___Apple_scab/bc93b0fd-568f-4969-9d2d-c94d5f340e7e___FREC_Scab 3357.JPG,11745,8b42ca88c7c403e93fd3fea91bcad4bd22ee070de8810c1c5b41bc326708d615,256,256,RGB,3,ffe0e2871e84c8d8,True,
source,scab,data/plantvillage/raw/color/Apple___Apple_scab/bca5ef0a-0555-4f76-9f9c-c01bee56b816___FREC_Scab 3200.JPG,11065,0b6b17eee18d29a09c0a280fee28c7e4dc35d6ad404f26a5c961b6256bf662a5,256,256,RGB,3,fe9cc0701f4b8738,True,
source,scab,data/plantvillage/raw/color/Apple___Apple_scab/bce3ba0b-a142-4b28-8cb3-eb6bb6a3b8a2___FREC_Scab 3142.JPG,12932,e04443c3340065836e40ad0ff148c3b181711dadcece02a10372c963acb02e0c,256,256,RGB,3,fc8ea1a88797859a,True,
source,scab,data/plantvillage/raw/color/Apple___Apple_scab/bceb695a-e877-4b2b-bf05-241661d511d4___FREC_Scab 3240.JPG,13012,3f2d50efd22d884ee1c054c963b73c76f10aa5c5e57312b43661a6f6b9429838,256,256,RGB,3,f85a6aa1a5e632c3,True,
source,scab,data/plantvillage/raw/color/Apple___Apple_scab/bda4a657-9bc8-4a02-a450-d38c7056172a___FREC_Scab 3316.JPG,13196,9cf5993fdbd5bf8b552afef166eeee323bb032cb4542dbd55c07bb522f0f7519,256,256,RGB,3,feaaa5949a1dc861,True,
source,scab,data/plantvillage/raw/color/Apple___Apple_scab/bdaae6b2-8ff5-4a4c-9286-a2393063cdaf___FREC_Scab 3491.JPG,11245,7dea483a06e084c0a62b50b319dd721c60165ef0b351ab7c7c5f28f44e958690,256,256,RGB,3,a8cc9cf1d3333332,True,
source,scab,data/plantvillage/raw/color/Apple___Apple_scab/be076652-b1bd-430c-a752-db525c1dfcfd___FREC_Scab 3367.JPG,11339,2224511a50685b8dfdd6584b400d1a415cb6e3f856311c91fb302972ebc18c57,256,256,RGB,3,ffe08c9f94683261,True,
source,scab,data/plantvillage/raw/color/Apple___Apple_scab/be0ae8eb-76ea-4aba-bc29-175812af0f8d___FREC_Scab 3421.JPG,9789,18bde4e09089900048c6d9edcd65e68e9bc3ee351d93aa4388b14354ab576322,256,256,RGB,3,c386e0789ccecb59,True,
source,scab,data/plantvillage/raw/color/Apple___Apple_scab/be10c6a0-b99b-4c91-b78f-141a12beb70c___FREC_Scab 3106.JPG,17629,6b199f69a83a3fe525d0d12626119e0e23312e366a921793f574d93b422ef493,256,256,RGB,3,aa85f65ac53b0732,True,
source,scab,data/plantvillage/raw/color/Apple___Apple_scab/be23de1a-2db8-4d7f-8b5f-cee56829d49c___FREC_Scab 2991.JPG,17023,98dd0f4aeeeaa8861193e3ea9b7259063b889484da1fdc5aa2450b75754d1688,256,256,RGB,3,8b31d8de88df08f4,True,
source,scab,data/plantvillage/raw/color/Apple___Apple_scab/be517ff5-5e63-4f6a-9f55-1522c9ec972b___FREC_Scab 3123.JPG,11012,f558da1a21eb7aba8750067840ba2771bf901c887882f2cabc47d12f87fee03c,256,256,RGB,3,e9c3879894cb1d5a,True,
source,scab,data/plantvillage/raw/color/Apple___Apple_scab/bef6e86f-946a-4c2e-be1d-6b2913be449d___FREC_Scab 3187.JPG,8400,28c7d942b6a86468b53ad65d15a171d97bacd24f9a19c07bbd96bbc9d76aa043,256,256,RGB,3,a5b6d2db8359c324,True,
source,scab,data/plantvillage/raw/color/Apple___Apple_scab/bf99a731-b08d-47af-8d65-196bbb0ca2e3___FREC_Scab 3344.JPG,11222,1a0b6ea785edf5d7d3006bbec19da7989291b500454b3694fb1ff39c8ba81b49,256,256,RGB,3,bacce593d01a8bc9,True,
source,scab,data/plantvillage/raw/color/Apple___Apple_scab/bf9a1cb3-baa2-42f6-881b-c77864b3019c___FREC_Scab 3189.JPG,9067,edecb02042f28e764f809e54b315d64172894e6f9c54d5286a5a69cb38ac7a7b,256,256,RGB,3,ae8cd53b52a19b26,True,
source,scab,data/plantvillage/raw/color/Apple___Apple_scab/c0b4c09e-80d2-4f4e-a87f-eecd09f656fd___FREC_Scab 3452.JPG,12615,d921fc138079394ffcb257c3cfaaf3f5076eb0cdbed72134dd2a4975cbb6d4a5,256,256,RGB,3,af58b54b96ac1a25,True,
source,scab,data/plantvillage/raw/color/Apple___Apple_scab/c0bfed2f-ace7-44dd-9410-440b5eea4d89___FREC_Scab 3266.JPG,22718,ca5f247448f24a824634b29b1565184f3bd86d340eb6a1b6f303cefc917cfc6e,256,256,RGB,3,e8a6d58b56ba42b1,True,
source,scab,data/plantvillage/raw/color/Apple___Apple_scab/c0f4f71a-8f53-4a0a-816f-d400a445680a___FREC_Scab 3459.JPG,5944,362852204afe3179e7abbe55fd65cbccde2e10f262a361fd9ae9085bdf2f5bb3,256,256,RGB,3,e4938e8f9c1c9972,True,
source,scab,data/plantvillage/raw/color/Apple___Apple_scab/c190660f-6116-465c-8ca6-fc56f9844a30___FREC_Scab 3432.JPG,10907,4d8b5db99d6d56eab227c6f9c76c4892e128f30a335c1a36f2a7c7969dbcd3fc,256,256,RGB,3,fcbfc9d4c3c282c0,True,
source,scab,data/plantvillage/raw/color/Apple___Apple_scab/c270319e-61d4-4376-a3e8-b159ff712dd4___FREC_Scab 3401.JPG,13114,a3f37a952d262b52273058dc2545069ff84c4e89e0b65a894311c5646a41c9bf,256,256,RGB,3,fab5a5b084c3c9c6,True,
source,scab,data/plantvillage/raw/color/Apple___Apple_scab/c27b45af-c362-4d37-ab5b-ee197a3670de___FREC_Scab 3521.JPG,10471,5e9cb8ed538368c69b64c067ee3ca11862e56380efb8b59abcfa59f5575a2221,256,256,RGB,3,f8a7d3a9c934862a,True,
source,scab,data/plantvillage/raw/color/Apple___Apple_scab/c2997bb6-d9ae-4ffc-bc3f-c85510480e13___FREC_Scab 3428.JPG,7143,7d857db1748a0517b087b8890ab9c859984899440ad460ea4e8b64fd9cea9386,256,256,RGB,3,bc9fd0d861c0c53b,True,
source,scab,data/plantvillage/raw/color/Apple___Apple_scab/c3cb1c6c-30f6-4fda-9887-eaeb7e071ca9___FREC_Scab 2913.JPG,12516,bafd445dd249fcb4fd175a2e04b13ffeccb926938aa7935e07435da7b190495f,256,256,RGB,3,ba32e58cd8899bb2,True,
source,scab,data/plantvillage/raw/color/Apple___Apple_scab/c3d356bb-504c-48f7-b7aa-4feb5c009d6d___FREC_Scab 3383.JPG,13696,fd8c0920a68a18f65760373b42d3e47d296b01921257a8378be3c3060f5fe338,256,256,RGB,3,bc719ecaa54ae40e,True,
source,scab,data/plantvillage/raw/color/Apple___Apple_scab/c4175126-9e07-4465-9574-0229bb5b1f41___FREC_Scab 3304.JPG,13621,7744b912833fe766ceb3a69d95aff241b84fe6dd6aa8d7a62136a68b007c92c2,256,256,RGB,3,cd91ae42bc8bbc83,True,
source,scab,data/plantvillage/raw/color/Apple___Apple_scab/c4a3c215-aa1e-4d1c-b545-1ab2b15812fe___FREC_Scab 2938.JPG,16809,1d878fc5962fad4299cc9c92fcfcac0cf4206b86b95dae5abd41c21dd21cda7d,256,256,RGB,3,9ab2fbf4c0a780e1,True,
source,scab,data/plantvillage/raw/color/Apple___Apple_scab/c4e2b47d-d3c9-418e-9e60-78cead67c5d7___FREC_Scab 2928.JPG,11308,5ea697be79d352041fb23fa9263eb12078a5bee73dd7c1ee50e6b681aab1d856,256,256,RGB,3,afc0ca9e92e9253a,True,
source,scab,data/plantvillage/raw/color/Apple___Apple_scab/c51ed52b-7c1a-47fa-83c2-097502ee09b9___FREC_Scab 3146.JPG,8989,9e69c0252caf66359bdd460c19b9a055b1b26760dc292d24c651aec006e7f044,256,256,RGB,3,eea1f0ae50ecd2e0,True,
source,scab,data/plantvillage/raw/color/Apple___Apple_scab/c54db2df-2fe4-44e0-8a54-aee97e74acf5___FREC_Scab 3318.JPG,11631,6361399ad1c8795a5068c8b64e24873071c3ce38c67fdac9f47f2c08e14f6507,256,256,RGB,3,fafca0d487968692,True,
source,scab,data/plantvillage/raw/color/Apple___Apple_scab/c563cf1c-da17-4c03-b3e8-b306334e0270___FREC_Scab 2933.JPG,20035,f38529798f48fd584bde99b9268e9522ea78b4bea1cdabd2c037133449b70c41,256,256,RGB,3,fea3b0d40ac92dcc,True,
source,scab,data/plantvillage/raw/color/Apple___Apple_scab/c665dad4-adfc-40a3-b1cc-a29aed48d93c___FREC_Scab 3246.JPG,15922,85bfce3774bd4904e41597483b7a1d7257f8bf2f1fb4e695cbdca6c4f1ece244,256,256,RGB,3,bf83f00e930fc361,True,
source,scab,data/plantvillage/raw/color/Apple___Apple_scab/c6e7fae4-cacb-4058-a933-d38ea04ee42e___FREC_Scab 3348.JPG,17604,a6b5f2b803ceaf516c97c319b85a8cb81d79d2aa7caec4b1653df7970fd49b17,256,256,RGB,3,fbb0e44f95788858,True,
source,scab,data/plantvillage/raw/color/Apple___Apple_scab/c71e8ee2-8865-4e45-be5a-3303c17337bd___FREC_Scab 3403.JPG,14206,53778dc1c590ae8d06aa0a85bc2cf28a054e30a92a952f8ebde9130e2c8f6b6f,256,256,RGB,3,bee4e181d292cbca,True,
source,scab,data/plantvillage/raw/color/Apple___Apple_scab/c745cec0-6c89-4bee-b0c2-a71a925b7f1b___FREC_Scab 3227.JPG,12498,41754b7eb61e47da6fcad64183987608d1969e83ad725d8852fe169d7fc7b773,256,256,RGB,3,bf42a187d49ed20e,True,
source,scab,data/plantvillage/raw/color/Apple___Apple_scab/c777c2ac-ea64-4aad-a97a-90b35e2db603___FREC_Scab 3156.JPG,12227,4dfc2161e253d3fea7f03893c2fbaa42f213eaab1a95d9f7c1c80c4932c4b31e,256,256,RGB,3,ffdfc068392b8121,True,
source,scab,data/plantvillage/raw/color/Apple___Apple_scab/c7a9601c-b927-413d-8bc8-2175e573b128___FREC_Scab 3031.JPG,18230,4935882f074b0f99713a055bb4f602be68486664eccbcfe7f8fec896dda512b0,256,256,RGB,3,dfe0a0d5855a0f6a,True,
source,scab,data/plantvillage/raw/color/Apple___Apple_scab/c7dc7cfa-559a-4950-ba71-90d11dfe0b56___FREC_Scab 3381.JPG,11807,6f0d3530a4df6732b500b792930e2ed8983a7c61b3b1a2d19f8cd15aa56f0bf4,256,256,RGB,3,f9b0a7ced00f3c09,True,
source,scab,data/plantvillage/raw/color/Apple___Apple_scab/c84037f0-a9ba-46fc-9e44-ca67914ae7d0___FREC_Scab 3171.JPG,10949,d8bd242a5cc81052314472357135a421d9d2f350ac3701d39193ccda458bbd94,256,256,RGB,3,ff00ec13864fb9c8,True,
source,scab,data/plantvillage/raw/color/Apple___Apple_scab/c9535536-7e19-474d-9ea2-734d4576e6b7___FREC_Scab 2977.JPG,17641,b9d01c58297217c60db5ab89571d5bb797b6cf63d41c7b9fd3b7fa2f57734e48,256,256,RGB,3,af7aa0cd82c699e4,True,
source,scab,data/plantvillage/raw/color/Apple___Apple_scab/ca37bd3e-47ec-415d-8012-81e4efcc6be5___FREC_Scab 2917.JPG,13770,0b3d20fae696dc9642660030f85dad5822c45d4d2808b9b0b918f63fd7cef688,256,256,RGB,3,a8dad725934a5e64,True,
source,scab,data/plantvillage/raw/color/Apple___Apple_scab/cad140d1-bf93-4d65-bae8-c2e332f1346f___FREC_Scab 3426.JPG,9217,14bcd4a64b82c3f2c8b07b915764c9d593dc9a637e2c5451c33c1c3637883fc0,256,256,RGB,3,ea34d9c2739d44a3,True,
source,scab,data/plantvillage/raw/color/Apple___Apple_scab/cb36375a-3a30-4d01-8764-358eb6300f16___FREC_Scab 3378.JPG,14175,e29f254ace21cb149c7f22d34bc2b3caf19875cbe9c97e8611fc24898b860929,256,256,RGB,3,aaf2a5ca9849fa25,True,
source,scab,data/plantvillage/raw/color/Apple___Apple_scab/cbbdd77b-93f5-4f45-b35d-2b05ab1c8eb4___FREC_Scab 3465.JPG,11771,6738b818d99cd84d16b6fb8f1d0f1c3f0e88f6e2cc44206922ba4973bad5ecca,256,256,RGB,3,adc2c48d933cd2d3,True,
source,scab,data/plantvillage/raw/color/Apple___Apple_scab/cbc265da-87e2-449e-8585-b744f9371772___FREC_Scab 3431.JPG,14867,4950f43fbdc3aa1beffbc00e6d9a5fba8d22fbfd8515153af099acaa719cbe5c,256,256,RGB,3,aacaf1c091a78f3c,True,
source,scab,data/plantvillage/raw/color/Apple___Apple_scab/cbf63da6-f1a7-41e0-b581-6f5b6cff2bc2___FREC_Scab 3496.JPG,12288,a9a7bc2a656ab4039f9d90695bcadbd05a1b784652e45e9b5292716477a3572c,256,256,RGB,3,a9e8d4979e32b690,True,
source,scab,data/plantvillage/raw/color/Apple___Apple_scab/cc62ab3a-f945-4aa3-add4-03887b49007a___FREC_Scab 2960.JPG,14304,41a6e3b58252d58e05115bce3b0f8b7b5f7d35ee08b0ede0b441617cb42d9319,256,256,RGB,3,f8ac83578a4b9c65,True,
source,scab,data/plantvillage/raw/color/Apple___Apple_scab/cc729eed-8d8e-4a23-9b27-db78e418543d___FREC_Scab 3092.JPG,22071,c18726b66e1dde9a18451a7858ea8d02f31fc2e7edb27958b96b7a04323fc183,256,256,RGB,3,f7d485cd92253265,True,
source,scab,data/plantvillage/raw/color/Apple___Apple_scab/cd5654a1-a27a-49f1-8d97-22101a905278___FREC_Scab 3179.JPG,10091,f4651fc064d66c0fb2a0c5fac9c2e55dab58e4f9dc3a2b9b8aee1dc415b1cf31,256,256,RGB,3,f1e0ce9599b122b3,True,
source,scab,data/plantvillage/raw/color/Apple___Apple_scab/cd7234b0-3c97-4763-9d16-5a97c87140f7___FREC_Scab 3207.JPG,15284,99980ecd8fcb63bf223b1e391b05d0c95701e4a5f2a8dcea57506ac37c8fa63e,256,256,RGB,3,dc6a29b5c6925cca,True,
source,scab,data/plantvillage/raw/color/Apple___Apple_scab/cd7bc55c-1c47-4af7-9875-f29147d54115___FREC_Scab 3471.JPG,9689,209c6b65a40b0038a52886852ed26c313a52149219281a748a6b476e94ec7aa4,256,256,RGB,3,faa3c59e805932b5,True,
source,scab,data/plantvillage/raw/color/Apple___Apple_scab/ce7338f4-ed12-4014-8d2f-4b674b672357___FREC_Scab 3532.JPG,17653,93a0cd46bb0783c651533b276f465cb7bcb2373bb0593b3c251251184b02c7e0,256,256,RGB,3,ebb590dacf498461,True,
source,scab,data/plantvillage/raw/color/Apple___Apple_scab/ced72cdb-0358-420c-abdd-1c94ba303435___FREC_Scab 3217.JPG,19288,d660dccfc92206ad52ed11efec8faaf99980c92e86db1f772fa74314c3471582,256,256,RGB,3,eaeb91ad50a64ea4,True,
source,scab,data/plantvillage/raw/color/Apple___Apple_scab/cf1d9afc-3473-4c97-ae0b-6f2352d9d595___FREC_Scab 3457.JPG,11581,9d700f7e6889bf402a386fad94e3b4bf932817467a6e37d1008048875aabffba,256,256,RGB,3,f426c2f2cc63cc99,True,
source,scab,data/plantvillage/raw/color/Apple___Apple_scab/cff69c82-7901-400a-b45c-6343624edfc3___FREC_Scab 3192.JPG,11320,8382bbfab4b091d59a4ccd194ff744bf9bc1027eacb78f5484d5a6de8163fe5b,256,256,RGB,3,bfc280279dbcc133,True,
source,scab,data/plantvillage/raw/color/Apple___Apple_scab/d01086a5-c14e-424a-8825-47343752c0a0___FREC_Scab 3170.JPG,18587,f153413571a2b5e53d2ec70ae850cef85684feea8b79be5cb8ea46c00ab042d0,256,256,RGB,3,ee96a5f812e90be0,True,
source,scab,data/plantvillage/raw/color/Apple___Apple_scab/d08d117d-d394-4e24-83c2-cd7fd96894ce___FREC_Scab 3093.JPG,18384,dc09939d80b8012bf1e5242c9f4f7dc9be4a140067269f6362db135f52165048,256,256,RGB,3,fd82a88ad51bd43a,True,
source,scab,data/plantvillage/raw/color/Apple___Apple_scab/d1745979-75a6-4b00-a544-cf5ba043e7e0___FREC_Scab 3330.JPG,10688,73fcbb4207644d467d2ba21012b0f7d1c2e2d4e333d98909ee33c294aa864ce4,256,256,RGB,3,b80f8793cbc2e1e4,True,
source,scab,data/plantvillage/raw/color/Apple___Apple_scab/d1773f0b-f049-4bb1-b13f-d33b96078ab3___FREC_Scab 3046.JPG,17370,2e2b17bc638b2a7060e5afeae458cc868350cada1ef4216678b28d9120e5dec5,256,256,RGB,3,f2c68db155b65642,True,
source,scab,data/plantvillage/raw/color/Apple___Apple_scab/d1938082-a2de-49ad-8ca2-4b1947a7e107___FREC_Scab 3212.JPG,15699,22b389877ee3d6e524cc251d881ea2b058f2626f82b57f9e17d01ac8ce4b70c2,256,256,RGB,3,996a653494d6c6cb,True,
source,scab,data/plantvillage/raw/color/Apple___Apple_scab/d1a9a2ab-6d10-4c1a-87e1-349117b2700f___FREC_Scab 3389.JPG,18499,8852c213930524bbdacfdb31c1bff7a5cabb22497c68d05e942694487b8f6d9e,256,256,RGB,3,ee9390bcd2e1538c,True,
source,scab,data/plantvillage/raw/color/Apple___Apple_scab/d250df8f-72ee-40c2-a620-0e0e0fa36971___FREC_Scab 3070.JPG,19111,92c4e6434636ff915b575b9594bd98b5486ae6dd1aff639f1ecef726d21d1784,256,256,RGB,3,f897c758c14c9743,True,
source,scab,data/plantvillage/raw/color/Apple___Apple_scab/d42691a9-d8a5-43f9-b9e6-7a2cd5bc8371___FREC_Scab 3224.JPG,9451,9067db20a1b0f1a560065e085fdef0f2222fc1a390753257501323451d060be4,256,256,RGB,3,bf91c8cee01f603c,True,
source,scab,data/plantvillage/raw/color/Apple___Apple_scab/d480dbfb-ce18-40cf-a183-9bc52ec9195d___FREC_Scab 3303.JPG,14501,3cc8fe877f9910cc7d88ff78add5e8c6a8590a169acffeb253845d5f8468c5fb,256,256,RGB,3,d4d5b5aa8a3489ba,True,
source,scab,data/plantvillage/raw/color/Apple___Apple_scab/d48c6280-ceec-4b35-bc04-bbbf56995203___FREC_Scab 3262.JPG,11053,20d17a0c4341549164acfd256b5b945ee1130eb704d83f568f4e8ffaec8ed0dd,256,256,RGB,3,ef40dd10f601ed4e,True,
source,scab,data/plantvillage/raw/color/Apple___Apple_scab/d608ac35-eaf8-43e2-b429-f9b433126023___FREC_Scab 3386.JPG,14000,36590d7002ab2d43f447bbdf102157e490c4968eb75f4b7a24d9a7b1474dbbad,256,256,RGB,3,aedcb1c2d2438acd,True,
source,scab,data/plantvillage/raw/color/Apple___Apple_scab/d652b023-0ade-4f34-a490-206a87489e5e___FREC_Scab 3066.JPG,20633,94b3e3a712ed5c319ed14da07cbab665cb7ec51de639b5dd68bde594fd8f8b63,256,256,RGB,3,efc812a59f989135,True,
source,scab,data/plantvillage/raw/color/Apple___Apple_scab/d66bf6da-1199-4f2b-9776-8cbc4529b268___FREC_Scab 3157.JPG,10398,49130fcac47d70593b4bbed75efa0e14f75d0f7b905600aaf30fb525bb92ffa9,256,256,RGB,3,fcd8c163473ec630,True,
source,scab,data/plantvillage/raw/color/Apple___Apple_scab/d72cdbbd-7982-4198-8bf7-a053ed69bba1___FREC_Scab 3529.JPG,20039,ce7ac6e9c6667996d5cb7a87f3c95829605b3393648cc158371df3d7c34c3771,256,256,RGB,3,9ee2e50dca3e8532,True,
source,scab,data/plantvillage/raw/color/Apple___Apple_scab/d730c2c9-ac5f-4c4e-b568-2f3e8b43b1a9___FREC_Scab 3074.JPG,16911,681e61b2c3092954cf9d2772ce1d5d223b42ba9e865f4eec1ea4d8a18da5516e,256,256,RGB,3,b86487d3cb9c1cc9,True,
source,scab,data/plantvillage/raw/color/Apple___Apple_scab/d736e5ee-f15e-453e-a14a-390d226e24a7___FREC_Scab 3322.JPG,11720,cfc849ade798ff3624559f1cc266531f32104eaa5853a4b5b76b59df0082cddd,256,256,RGB,3,fe9d41d0cfc1c4e0,True,
source,scab,data/plantvillage/raw/color/Apple___Apple_scab/d7ac8a6f-7c88-47ac-9387-eefb672e9776___FREC_Scab 3392.JPG,15163,1563d693afb5ff3681f35331623683625d58aadd03dde9af072be4f9d0342ba2,256,256,RGB,3,af70e4c798999236,True,
source,scab,data/plantvillage/raw/color/Apple___Apple_scab/d7bdef33-fa84-4240-a931-8a568d62cee7___FREC_Scab 2946.JPG,16781,848a36cabb8a1525745cf45d020c6ae1174ee5038c2d24b4fbe397edd5fca047,256,256,RGB,3,caf505ea29c297d8,True,
source,scab,data/plantvillage/raw/color/Apple___Apple_scab/d842b34b-d2ab-48fc-9e78-ef586308c359___FREC_Scab 2982.JPG,23078,12e3252a551c652107a76652b608896d460b2e3c17742dc1a99e90bd9394c142,256,256,RGB,3,ae70a50ff49e904b,True,
source,scab,data/plantvillage/raw/color/Apple___Apple_scab/d8aeb323-17d2-4123-9988-3c2346558bc6___FREC_Scab 2996.JPG,19144,7f58419b428e85c327254ad84eb6afa59713acdd7845ba980c00ffebd0ea5793,256,256,RGB,3,e853e568c66dca62,True,
source,scab,data/plantvillage/raw/color/Apple___Apple_scab/d8b8a834-08df-43d9-8a1a-4bc8e508a1e3___FREC_Scab 3280.JPG,17808,49104a2610de9cc9be4205b50f83cf5dc1ec261218d0ff0282a5e95f695a562b,256,256,RGB,3,f256a9cab4ab828d,True,
source,scab,data/plantvillage/raw/color/Apple___Apple_scab/d94dd9a8-f2ad-45c4-bf45-3a361f5e2efa___FREC_Scab 3442.JPG,11777,4a36500fe43c947f17586e49ff4f929a4fbe158399792a2337072662bfc17602,256,256,RGB,3,fa3590d8cbcc0fc2,True,
source,scab,data/plantvillage/raw/color/Apple___Apple_scab/d9a98a38-faa1-47dc-9710-28a86f024a29___FREC_Scab 3490.JPG,11070,f9a7520a889b15be76b89af3bbf3a4fd515ce3c13e206d85dc6b1540d0359b3a,256,256,RGB,3,ffbd800000bffec2,True,
source,scab,data/plantvillage/raw/color/Apple___Apple_scab/da09f1db-51a0-4142-855a-7783a3f92114___FREC_Scab 2978.JPG,20984,2358351c546538f33ca33f45c43c29adcd0417008870224818fa5b2cdf86ee7d,256,256,RGB,3,aaa5fdc3401a15be,True,
source,scab,data/plantvillage/raw/color/Apple___Apple_scab/daf6db9e-a600-449c-8b66-482ab50ea431___FREC_Scab 3237.JPG,18488,71924ab3719dd334730bf4485cbe24673c840cc8839aa902b29cf1d33cd6fa72,256,256,RGB,3,b0e2aaeb859c95d4,True,
source,scab,data/plantvillage/raw/color/Apple___Apple_scab/db71d62d-b06f-4aa2-a512-d3e5956fcffe___FREC_Scab 3444.JPG,9689,0c74f9c7927ff4ee53514d455c91761baad0645106db7e242add06084eabd92e,256,256,RGB,3,f48ce2b59bd8c948,True,
source,scab,data/plantvillage/raw/color/Apple___Apple_scab/dbf66e2f-cf58-418c-9dcd-14254af3ddb1___FREC_Scab 2934.JPG,19353,5c5105e794f3bf72d188b55a81447b1a70a7279543f0227a152a61b451dacb09,256,256,RGB,3,eafda1d605da9608,True,
source,scab,data/plantvillage/raw/color/Apple___Apple_scab/dbf6dab4-0765-454c-8cb9-6b4329bca971___FREC_Scab 3225.JPG,12012,932eb146a220d8b99660ecd4f7ea30b6fcc1ee067df749359e18489205f9b39a,256,256,RGB,3,f818c175c6329e73,True,
source,scab,data/plantvillage/raw/color/Apple___Apple_scab/dc12e2fd-e41b-43b5-9874-09661913316e___FREC_Scab 3073.JPG,20496,93709ae55a94b627037bbfbac2bb05acb71b0a96623914a5ac767d5350dc6b90,256,256,RGB,3,bf9dd248c470183f,True,
source,scab,data/plantvillage/raw/color/Apple___Apple_scab/dce5b716-54ad-420c-911c-476b838c4be9___FREC_Scab 3045.JPG,15949,4e3be30285c658e722aa0006c1dadfd629d8754e0656394b9dd59b27567c754c,256,256,RGB,3,ff1fc8a097c190cc,True,
source,scab,data/plantvillage/raw/color/Apple___Apple_scab/dd46079c-b12c-4687-9db9-5d45b7f0e510___FREC_Scab 3327.JPG,11304,054bb5286ec9ced0f51cdd594515adba86e3ebd12073e985bad84a3484e0b540,256,256,RGB,3,bae5c48c9d9e90b8,True,
source,scab,data/plantvillage/raw/color/Apple___Apple_scab/de341ebf-f335-4120-be2e-2640de5bde93___FREC_Scab 3375.JPG,10822,3eea7db685c249c8eee9f7326f6dcc950089e3f7e3a9e941684f9d7041ec3e84,256,256,RGB,3,eafae0c09195b53c,True,
source,scab,data/plantvillage/raw/color/Apple___Apple_scab/de6e3dd8-b2b8-4bce-aa4f-83cc514f2007___FREC_Scab 3511.JPG,12694,ef8016aaf76d98e3cd5158ae732b130615f4593406fc61934f5e4b630c1d41eb,256,256,RGB,3,fcb8a5919ac9cc4c,True,
source,scab,data/plantvillage/raw/color/Apple___Apple_scab/de8933ae-509d-48ae-8cd7-9097ad1e6d2d___FREC_Scab 3307.JPG,16268,f0fbaef0392ee6cd05d6bc8b7e68324a77b56c19ab63c8c7b9067ef69c321e38,256,256,RGB,3,eaa5f0de8318c729,True,
source,scab,data/plantvillage/raw/color/Apple___Apple_scab/debd9885-73c5-4ba8-9a95-f820846cec77___FREC_Scab 3433.JPG,12365,7533873869407b47431218a21e7fc4bd391d56f2520e85ee9f9aefd219ed4de4,256,256,RGB,3,bc9cc4d6c3c8e1e1,True,
source,scab,data/plantvillage/raw/color/Apple___Apple_scab/deda82bc-976d-4dd8-8599-283d622249bb___FREC_Scab 3085.JPG,18603,0315d17c005b7654c998f5ab8a0e668e32982386c8c1db8ed2113c8b781d32e3,256,256,RGB,3,aaa0f65ff08bc1c4,True,
source,scab,data/plantvillage/raw/color/Apple___Apple_scab/dfa24368-8ba9-4c02-9c3e-9e9a62a8d479___FREC_Scab 3215.JPG,14945,2e7192b7bdbe833031da02f0e6d02c2eeadfcf9487dc21f7fb731db70df32ef9,256,256,RGB,3,f992ac9ec4c7a258,True,
source,scab,data/plantvillage/raw/color/Apple___Apple_scab/e0291fa3-bb60-4c05-85da-28a10a1562e9___FREC_Scab 3214.JPG,17881,f02e277991838293b019996b256b551e2ea868720b96dab968348de0a1163e1c,256,256,RGB,3,e6c31dd8c66c03e5,True,
source,scab,data/plantvillage/raw/color/Apple___Apple_scab/e0bf6219-02d8-4255-88e2-a99afb1ad355___FREC_Scab 3515.JPG,16688,1e1a6bb1849d797a09f7ef4444da766ea13ae3bdfb9e6c37c175b5f0723debd7,256,256,RGB,3,f9a1c79e4295f043,True,
source,scab,data/plantvillage/raw/color/Apple___Apple_scab/e12cb6bc-9831-4a22-ba1f-95d3e7c1c62a___FREC_Scab 3040.JPG,12855,f20ac8b2ee731ddde48023d6e151089689e9e6e5e2cf3b8094a8d8677a8e38a6,256,256,RGB,3,ab86959a9494a5bb,True,
source,scab,data/plantvillage/raw/color/Apple___Apple_scab/e17c9433-0a90-4dd8-a2d8-08bb65c3d3d2___FREC_Scab 3306.JPG,15598,4aa3cec5c2097200d0046175e3f8637cecf56586130fafc870a0639a095aad35,256,256,RGB,3,ae489137c996c6cb,True,
source,scab,data/plantvillage/raw/color/Apple___Apple_scab/e181fe6a-6865-4ae7-8b3e-0ce6f70ac63b___FREC_Scab 3223.JPG,10815,12c6e76d71edf22bfaffce1ff364d0ee91e66f5ee015c537fcb243488aec23ab,256,256,RGB,3,bb92c08bd71d493c,True,
source,scab,data/plantvillage/raw/color/Apple___Apple_scab/e2746374-a734-4d96-9dc8-503fbd35effa___FREC_Scab 2979.JPG,20643,bbc9983a987a0f68b2b735c69ca1c5dd310e1341a0967c8c124155d71ee1f9bf,256,256,RGB,3,bca5f0ea258c0e8f,True,
source,scab,data/plantvillage/raw/color/Apple___Apple_scab/e3509da1-332c-4e43-977a-c57978ff6a38___FREC_Scab 3219.JPG,14226,d3ad55cf753fc3154d18a8fd128a9dbbcb7b7f1daf56a5e5d50c35da7b3da901,256,256,RGB,3,f20bcdbc92364b32,True,
source,scab,data/plantvillage/raw/color/Apple___Apple_scab/e3891103-ded4-418f-bae1-91c282a30dcb___FREC_Scab 3159.JPG,8801,ddf8a1a4ada3c31b13deee4951fa77d534b1e2613456aaada8ab074711e3cf44,256,256,RGB,3,fc1ee13894c3c1d3,True,
source,scab,data/plantvillage/raw/color/Apple___Apple_scab/e5d9029b-ba16-44c2-be95-66199f1a8a96___FREC_Scab 3317.JPG,7989,c420db968aec0e3e5f0a7eb8dd3dfbe32846e3ebd681dc13656376288ec69977,256,256,RGB,3,da96ada9aa426e4c,True,
source,scab,data/plantvillage/raw/color/Apple___Apple_scab/e6fcead3-7234-4e51-80fc-056372588d85___FREC_Scab 2940.JPG,11173,cc469f791e5c36f22022c53d11fe065ecd720f13bad116f3904e006ccdc66f27,256,256,RGB,3,adf8f5a40a16da92,True,
source,scab,data/plantvillage/raw/color/Apple___Apple_scab/e7115dcb-8124-42c9-bf6b-40740173d2ba___FREC_Scab 3353.JPG,16816,2963e57a6e2f5958d0933805e2ca6158f63969d81041b707f399327eac84a4ff,256,256,RGB,3,df8be055b25a8748,True,
source,scab,data/plantvillage/raw/color/Apple___Apple_scab/e893d964-8a40-46f5-b8ae-0a0f0cd79296___FREC_Scab 3333.JPG,9471,96d9e89bf50c9069a9384ad1322c83c65c8073e314227af50ece9bdc0e21106a,256,256,RGB,3,fba0c08fcf9e6c08,True,
source,scab,data/plantvillage/raw/color/Apple___Apple_scab/e8f5c962-6f40-443e-9913-5a43b5f2ef07___FREC_Scab 3191.JPG,11980,976173e7ac968f69c3704ee99d707e89eff737b89089619b2778321340c7ca73,256,256,RGB,3,bbe2902fcd38c98a,True,
source,scab,data/plantvillage/raw/color/Apple___Apple_scab/e8fc927f-fac2-4386-be3c-0a8ad0ddd83d___FREC_Scab 3292.JPG,10393,109d00710dd609437abbf98258674cacd140501f5f5eb211aca2e49a8f3f9b9c,256,256,RGB,3,fb8df095e5d2c600,True,
source,scab,data/plantvillage/raw/color/Apple___Apple_scab/e9155e73-7f58-441b-a36b-d513bd051742___FREC_Scab 3509.JPG,8535,6c183a79d3dee8eecefab1ee67a1d559ef4fc5a0b3dfc39a0e6b45a3afa96b95,256,256,RGB,3,ebc8b5a0871f198d,True,
source,scab,data/plantvillage/raw/color/Apple___Apple_scab/ea693d65-bcc9-4e76-9d64-cba561b520cc___FREC_Scab 3345.JPG,10667,51075cd786dfa6967286577f2553e08e691721935c0c4d262d82f984680098b3,256,256,RGB,3,be9fc5b493b0d048,True,
source,scab,data/plantvillage/raw/color/Apple___Apple_scab/eb3fa649-d717-4769-9f69-57f88c166455___FREC_Scab 3387.JPG,13583,392e4140c27804dab9a4a6b393730f688acbe8ab05bf1692534e2ec6fd3eaf9f,256,256,RGB,3,e897919cd3d1c1c3,True,
source,scab,data/plantvillage/raw/color/Apple___Apple_scab/eca2a279-0f7f-40a7-b2c4-a9bc500f4f5b___FREC_Scab 3015.JPG,18607,90a93fe4d0a026c2f52aaab497445a163f91cea4b45c9692bd6951cd9ff6ca0d,256,256,RGB,3,eba0658fd2948c5e,True,
source,scab,data/plantvillage/raw/color/Apple___Apple_scab/ecbac6b5-e07f-4a0d-a670-1d3b97f01104___FREC_Scab 3168.JPG,18824,2a74e666f5de3b58780f6b8692f9214a3bcc65c5840bae4e95c53ca244e64e49,256,256,RGB,3,fbad64b01ad3498c,True,
source,scab,data/plantvillage/raw/color/Apple___Apple_scab/ed1d17cd-a5c2-4b10-996f-53f316df30b7___FREC_Scab 3456.JPG,10335,35c9c538b65e338186633103a71889ba53b60fa69c3cd2a7c5278b2ce47845f8,256,256,RGB,3,f8c6c59b961c1969,True,
source,scab,data/plantvillage/raw/color/Apple___Apple_scab/ed33dbe0-edc4-4ad8-85c2-0495f384e3fe___FREC_Scab 3467.JPG,11333,a857203c92997b6db5e7beaa9ac85034ee4813298e4deea130e48c824d3527d6,256,256,RGB,3,fa05c19fc31e8758,True,
source,scab,data/plantvillage/raw/color/Apple___Apple_scab/ed3fa713-5de5-4298-96c1-9cf5bb830078___FREC_Scab 3105.JPG,16096,fc179af24413697676f765f92a1b15824d92b112cb38e49c950c86eb06379000,256,256,RGB,3,ad19b47bd2ed01e0,True,
source,scab,data/plantvillage/raw/color/Apple___Apple_scab/eda0a3b5-fe6e-4646-acc6-7db5179e3e96___FREC_Scab 3380.JPG,11452,7fae63b01fe4bf00328fb17eb5e82f4cbd329a56f9f84fbf1a304711c8eb8669,256,256,RGB,3,bbb0f0c0c0c9cf4f,True,
source,scab,data/plantvillage/raw/color/Apple___Apple_scab/edb3d65b-533a-490a-a3fd-46e686d3e690___FREC_Scab 3453.JPG,14503,9275e8b301ba58ac57fe2b748916f89d5c66e88b635aee4933984b7b98ddd64c,256,256,RGB,3,ad50b54f948d1af1,True,
source,scab,data/plantvillage/raw/color/Apple___Apple_scab/eeae3585-0e6e-456c-bbdf-b099b6b4e11c___FREC_Scab 3297.JPG,12208,7ccf6bc74553baf8ee980b7f2d4696c531369d52ef4f618e56065c17a4508e45,256,256,RGB,3,cad4ad0aa8b9839f,True,
source,scab,data/plantvillage/raw/color/Apple___Apple_scab/ef0593e6-f8bc-4501-9c2a-8ee8a6ff33fc___FREC_Scab 3495.JPG,11962,5bd769f5d88e51a7374aa4beeb673eb73b57eb4e497b6ac60df18c8b6beec58a,256,256,RGB,3,ed82c3c7c7c0e661,True,
source,scab,data/plantvillage/raw/color/Apple___Apple_scab/ef359032-085f-44ba-a63d-493a1724eca4___FREC_Scab 3202.JPG,11973,ceb280480c3fabed99fedaa020c8a4d0afd43614846aa341c3c8d0abd47c707d,256,256,RGB,3,fe68dbb095942487,True,
source,scab,data/plantvillage/raw/color/Apple___Apple_scab/ef40de8f-19ee-4a7f-b9de-f37ebcbac26c___FREC_Scab 3364.JPG,14968,aa1762e25babb21a3e5c0a1b8ebbbc5809db87dc4772b0f31fa0514c54222ab7,256,256,RGB,3,ff8fe1d4c2c0c381,True,
source,scab,data/plantvillage/raw/color/Apple___Apple_scab/ef91867f-33c5-4063-9783-44fd47238fe0___FREC_Scab 2935.JPG,17540,992bd0b7a72d2ae17432bbb166cff92c87bd48495dc7348e1bfbb49b89797aaf,256,256,RGB,3,99f8f4c0838f9e4c,True,
source,scab,data/plantvillage/raw/color/Apple___Apple_scab/f0963f8c-18f5-42db-853a-8d52d40d8c07___FREC_Scab 2956.JPG,18550,fe9617cdc1f5e6ad911f3155663f78ea5e9836eb2a1a886ca3471b02663f3f6e,256,256,RGB,3,9beea0f502b01bcb,True,
source,scab,data/plantvillage/raw/color/Apple___Apple_scab/f0b1c450-fdbd-402f-9309-e7d5d06bc0e7___FREC_Scab 3210.JPG,17113,38d4b751d900af2d28d21371396b911e9c446b8094657ee270de12ead702126d,256,256,RGB,3,9a692db745925699,True,
source,scab,data/plantvillage/raw/color/Apple___Apple_scab/f0bbc28f-b6d6-4db3-b924-984a1e988510___FREC_Scab 3204.JPG,10380,4eeb609fb11cd36e4d3de8f4c0d25a39979e89121a81be4eaf1c03cb3271f24d,256,256,RGB,3,ee49d89697353988,True,
source,scab,data/plantvillage/raw/color/Apple___Apple_scab/f0d56524-1296-4a54-bafa-9b620baf9f1d___FREC_Scab 2942.JPG,14907,08f45bd52850a737cdbdf04e5c2da94054c2651b8de25c4d93b640f2cdc6d050,256,256,RGB,3,acdbf2e1c4129c1e,True,
source,scab,data/plantvillage/raw/color/Apple___Apple_scab/f1017472-d391-4a66-b9b2-d52916cd0c0b___FREC_Scab 3176.JPG,11590,d6c38a1c01b00505785296a90929f5e6b4da05f286de64156c5c29cc652094ec,256,256,RGB,3,eab187c6b5589833,True,
source,scab,data/plantvillage/raw/color/Apple___Apple_scab/f105cc0d-1cc5-4726-b46d-f5bd9c9aacc1___FREC_Scab 3321.JPG,14896,c677c512e17bb8bee3bbc5a6fb8a252b9c80bc341a3a69711f09719316da9abf,256,256,RGB,3,eac42596965b9279,True,
source,scab,data/plantvillage/raw/color/Apple___Apple_scab/f141c7f9-66b7-4052-b5c7-db3df1a894f2___FREC_Scab 3261.JPG,5688,3bbc993db7f36f79fe0a5d1ca9c460ac17b6066841d0e0767cf9c55726927906,256,256,RGB,3,fb40c90fb61a9978,True,
source,scab,data/plantvillage/raw/color/Apple___Apple_scab/f18c0441-917e-4f34-b26e-a1a71d0adec2___FREC_Scab 3429.JPG,15079,c30a5d7543a1d520523f4b1e0a8910215168babf8200904169577a97d92ace45,256,256,RGB,3,fa9d81d4c3c287c3,True,
source,scab,data/plantvillage/raw/color/Apple___Apple_scab/f2391b26-b388-4ffc-b735-9b8d859d1ffa___FREC_Scab 3312.JPG,15922,e87d407282f13e1084e40ad2a7598606f6ca17248cad92b6d5388f7cecb939b8,256,256,RGB,3,c84eb57209d58e67,True,
source,scab,data/plantvillage/raw/color/Apple___Apple_scab/f27fd3ff-a3b7-486a-883c-f91488883555___FREC_Scab 3158.JPG,11973,baf0f578f2645e78ff88e213fd510a36d14db82c599478056fb2981f645aaec2,256,256,RGB,3,fda842a7189e8bd1,True,
source,scab,data/plantvillage/raw/color/Apple___Apple_scab/f2d6beb9-e8b1-49f6-b7b7-903b51565435___FREC_Scab 3393.JPG,13625,a86df8c3171c4fd11ec1769e10d91e0e08991c440efdc99e5cbb05452855938c,256,256,RGB,3,8ff0b443c68d98b5,True,
source,scab,data/plantvillage/raw/color/Apple___Apple_scab/f2fb711e-3bcb-4729-9352-205c8dd0576f___FREC_Scab 3118.JPG,10490,ceb855a657532958099c19e8e68e23cd8ac0079fd3754d198a3724a0db07ce3f,256,256,RGB,3,b8e187add8929c99,True,
source,scab,data/plantvillage/raw/color/Apple___Apple_scab/f3303560-12ce-4e37-b62c-bfb5aad8aa0d___FREC_Scab 3332.JPG,13078,0dbc02a58b2311ccc79512da2193c551f9bc2e0994b125f6d99517ebd70ed652,256,256,RGB,3,f9b1a28dc75e4a18,True,
source,scab,data/plantvillage/raw/color/Apple___Apple_scab/f33a08e5-03bb-4b97-991c-a1332866043d___FREC_Scab 2923.JPG,10425,5809654a61510f9668f6e9c6d9465b8648e526ee4d2a8a2dc844dc940647c8b3,256,256,RGB,3,fabcc0d88f830cc7,True,
source,scab,data/plantvillage/raw/color/Apple___Apple_scab/f34d9619-f182-4b2f-b1a3-1658cc298f9b___FREC_Scab 3440.JPG,11780,45b5cc434e0fcd89229b0bb357d8fa2b03ea9622fdefb2bec473fdbae70c1ba8,256,256,RGB,3,af4cf5ca948b9289,True,
source,scab,data/plantvillage/raw/color/Apple___Apple_scab/f3b61d33-8875-46a0-be57-ad3bda4cb5c6___FREC_Scab 3243.JPG,21939,0a7bffab2adc0fd605db97d26d7bf9904f2bb792a426899af7e2fcd0b189eafb,256,256,RGB,3,f1aaa8c59095ce97,True,
source,scab,data/plantvillage/raw/color/Apple___Apple_scab/f50d9c8b-ffd4-47aa-aac1-46762c0b1a26___FREC_Scab 3483.JPG,7000,3dc31b7bdd2c3ac03ba4d19ac58fd1f618b23ab3dbdb08c329c537fcd7135e11,256,256,RGB,3,a0fa9595f2da84c9,True,
source,scab,data/plantvillage/raw/color/Apple___Apple_scab/f6144504-015b-426e-a967-0712cf7621e4___FREC_Scab 3420.JPG,11679,0939027c1cb4d7a4fbbe8ce6edd2036ddfa35c168aa4b2f88a4d22795fdde0e4,256,256,RGB,3,bca1d5c2c94a65b5,True,
source,scab,data/plantvillage/raw/color/Apple___Apple_scab/f684504f-ca6d-4f06-bb0e-2b296e3829b8___FREC_Scab 3314.JPG,13364,271ebd9ee240479caf2c9212ac6defb8980158fa7f3edd18bb0a9bec8391a566,256,256,RGB,3,89f5a5c2968b9e0d,True,
source,scab,data/plantvillage/raw/color/Apple___Apple_scab/f6946261-1a18-4306-ba87-ca25344d9bd2___FREC_Scab 3525.JPG,11523,86a51c0557ce1076f5588e34c80f854a739a2af403b4d2d7b64c4f977a1e5a3c,256,256,RGB,3,eada9525da92ac98,True,
source,scab,data/plantvillage/raw/color/Apple___Apple_scab/f777466d-15ee-4269-b90c-0d64bd099c0f___FREC_Scab 3409.JPG,6879,bb28c085c537454a5c94383a6076317685584761f1961ba896977eca2e15a38f,256,256,RGB,3,fac78d5891d29692,True,
source,scab,data/plantvillage/raw/color/Apple___Apple_scab/f79134e9-f8b2-4855-96bd-6b3ce814b32a___FREC_Scab 3116.JPG,6085,0a434dd7b683358629e4e6fe3ee7c9612be9608c05cadb83bd6e27bf77f1b702,256,256,RGB,3,fea885f580fe83c0,True,
source,scab,data/plantvillage/raw/color/Apple___Apple_scab/f79c50ef-d89d-4371-b581-810b37eb2ac9___FREC_Scab 3255.JPG,19877,289b804d19345539b58207e9714dc8c52b120d93d687016092f776c3903373dc,256,256,RGB,3,da83a795947ab252,True,
source,scab,data/plantvillage/raw/color/Apple___Apple_scab/f7c4bd45-5098-4b2c-bbfb-2e47c8f2d711___FREC_Scab 3361.JPG,13724,5cc1c5a310e84a1e83451e018620e440ac48ebe61c3811cb177ee4177ebe0af5,256,256,RGB,3,bfa0c487dc9ed809,True,
source,scab,data/plantvillage/raw/color/Apple___Apple_scab/f887b059-f797-442d-b2b6-a9cab0f76f43___FREC_Scab 3169.JPG,18792,657381115086019d23c70400e59d8c3c339d257c0e877a40c2999feeadff3a0e,256,256,RGB,3,fba560325886d9cd,True,
source,scab,data/plantvillage/raw/color/Apple___Apple_scab/f8e48799-c566-4b86-b7c8-a0e290fb7f25___FREC_Scab 3167.JPG,21357,11169e88c730532b36d3e78682bb49833f448df68f32ac50342e481dfb588bbc,256,256,RGB,3,d8d2a5e916f50ad4,True,
source,scab,data/plantvillage/raw/color/Apple___Apple_scab/f8ef99d9-9d01-4aeb-9248-e8c312c9a981___FREC_Scab 3129.JPG,9562,ceac1fc48f050e7f2b315d96da1db2799f3893372196602e8977ca93f7b13404,256,256,RGB,3,ffe0c0879e98f811,True,
source,scab,data/plantvillage/raw/color/Apple___Apple_scab/f957b91b-878a-4f53-b8b5-a8bf7fa2c773___FREC_Scab 2970.JPG,15317,e72831e852eb4486e7716ddbcb700e393a2380d68f57a25770c0424bd649f195,256,256,RGB,3,9f7a00a125a747cf,True,
source,scab,data/plantvillage/raw/color/Apple___Apple_scab/f96cb3b3-172a-44d8-9720-d6a3ed87ced9___FREC_Scab 3036.JPG,16303,9099ebb27b66f1c67251adaf56af4939024358498e95f314a58a93041681ea35,256,256,RGB,3,eae985de9610b3a1,True,
source,scab,data/plantvillage/raw/color/Apple___Apple_scab/f9e4b1bc-36b0-40df-bb48-4e6ed48ec8b5___FREC_Scab 3514.JPG,11687,fd8a5847b7063413695b21a30cf1a2f8d07ae7aff9995fffbabc5fc76f3a878b,256,256,RGB,3,aba7989ac98c4ec6,True,
source,scab,data/plantvillage/raw/color/Apple___Apple_scab/fa9c1112-27fc-42db-930d-7e4956267ab5___FREC_Scab 3174.JPG,9808,c70b92e85fb130934574c74a5f1bd09ac82118df40dab3abffd49f78132c792f,256,256,RGB,3,f2b4cd6299cc46c9,True,
source,scab,data/plantvillage/raw/color/Apple___Apple_scab/fb911d9c-0445-4d0f-886e-50458b82d6c2___FREC_Scab 2972.JPG,17462,f720ee1f0ea64e62c35d3a520aff1611cf60d005b5fb1af4ac306d20705d91fe,256,256,RGB,3,f89e4fe528e23078,True,
source,scab,data/plantvillage/raw/color/Apple___Apple_scab/fb942296-ba33-40e5-ada0-6700365cf71d___FREC_Scab 2919.JPG,15263,c99e238a7c995bb41a8a6c817c56daad556b679067501eae681e7460c5e886ca,256,256,RGB,3,feb0c1c99e9e4864,True,
source,scab,data/plantvillage/raw/color/Apple___Apple_scab/fbd09d7f-e816-408a-946e-e4009ec8cae1___FREC_Scab 3289.JPG,13424,26ac971ee9fbd3da77984bd358c920444ca8fed35b5401d21d435b9d59249194,256,256,RGB,3,acc9d387d28e9296,True,
source,scab,data/plantvillage/raw/color/Apple___Apple_scab/fc9c12dc-1bdb-402d-ada8-dc1b33c84d5b___FREC_Scab 2932.JPG,11149,d8ff8457611f445f1d3c1789f19a5f9803745749dc3f42551b4d07d43c5a0230,256,256,RGB,3,a8fb858599b38734,True,
source,scab,data/plantvillage/raw/color/Apple___Apple_scab/fcb1ce1e-f60c-4a65-bfa4-157009760dad___FREC_Scab 3052.JPG,17198,793f003b00546b59d84e8b6578ba6f72ece64831833dd8cc3322d5fe35a30c4b,256,256,RGB,3,8b7e68c44187ce9d,True,
source,scab,data/plantvillage/raw/color/Apple___Apple_scab/fcd4d0fd-30c9-4b05-b0ea-ca74fd3cad72___FREC_Scab 3510.JPG,13916,b1bd542e1d5118f9f7f72b3653a18283a476d2af240cb6b6ba0e919676e858c2,256,256,RGB,3,fea791d8c689ec02,True,
source,scab,data/plantvillage/raw/color/Apple___Apple_scab/fcee4ece-01ce-45aa-a0f1-f20aa2ec8efb___FREC_Scab 3325.JPG,14065,f39854e9d740d2c2346b3e6e6ea7320761942dea37dc95ed9a5f63cc7a23e10e,256,256,RGB,3,be8fc1d2c3e15462,True,
source,scab,data/plantvillage/raw/color/Apple___Apple_scab/fd3ae59f-e06e-403b-b317-83ee68aa9ea7___FREC_Scab 3492.JPG,8352,2837748576fca7b979361a2f30ef93b8dfbe9db73004911a6a096fb8b1614fca,256,256,RGB,3,a0ffbfda89c80505,True,
source,scab,data/plantvillage/raw/color/Apple___Apple_scab/fd5a96b7-6623-41cc-b34c-3b940ea27286___FREC_Scab 3013.JPG,17375,edb1d4f9b141b6bba58c132bff31d795bb80f8343c2a8b040317d871365b8e52,256,256,RGB,3,e895a72ec55a16a3,True,
source,scab,data/plantvillage/raw/color/Apple___Apple_scab/fdc58f83-8a94-4f0c-aefe-c6f2b5028682___FREC_Scab 3014.JPG,18011,fff4233d89b3a7711f0e4c829ea1550dfa7ffcdff5570d708ab7ddcad2bc1664,256,256,RGB,3,dd5ac255c5ab0ca5,True,
source,scab,data/plantvillage/raw/color/Apple___Apple_scab/fed05dda-1d4d-4de4-bbf2-517640b3c999___FREC_Scab 3446.JPG,13268,0574cd81b49ac98a8d890f35face3b409a37ec0ce0f3178756b89c25544f893a,256,256,RGB,3,aa55f08ad38d599a,True,
source,scab,data/plantvillage/raw/color/Apple___Apple_scab/ff99efdc-a9f8-4360-9c64-f8274f456be5___FREC_Scab 3161.JPG,10335,0673df1fd2ab9a42e2e6bb5ac3c9853eadbc365e2bb0c45e135cf0039ea0b452,256,256,RGB,3,f28d879c1bf31286,True,
source,rust,data/plantvillage/raw/color/Apple___Cedar_apple_rust/025b2b9a-0ec4-4132-96ac-7f2832d0db4a___FREC_C.Rust 3655.JPG,10719,f457678638005152406198e087c6c79769e547bc7783371417f385337d4c0a35,256,256,RGB,3,f6ce8c2191b53ba2,True,
source,rust,data/plantvillage/raw/color/Apple___Cedar_apple_rust/0321e067-d13b-47d0-b3a6-76ba6f357d02___FREC_C.Rust 3667.JPG,10050,def9eca7ef40a373cb60f9f9b34ab3a040974a8ea915d0c134c69f6a0abec531,256,256,RGB,3,f1d387789c8430e7,True,
source,rust,data/plantvillage/raw/color/Apple___Cedar_apple_rust/0340baaa-e9cc-4c04-8f9b-c204180d9ae3___FREC_C.Rust 3805.JPG,9426,00b8861569edd42595dd0d598876257a0768d20cc3f22edcbbd4c10456826c15,256,256,RGB,3,b1c19d8ecace98b4,True,
source,rust,data/plantvillage/raw/color/Apple___Cedar_apple_rust/04da297e-5238-41b1-a8a0-0c87c6c2f21f___FREC_C.Rust 4394.JPG,10552,e52c2fff5d411758f5eb9a9a9dcfdceb3ef4e135e3d1245686e097f969d2fc58,256,256,RGB,3,b9b4c389cd606637,True,
source,rust,data/plantvillage/raw/color/Apple___Cedar_apple_rust/052e3deb-0499-4685-bc39-cea7f1df0700___FREC_C.Rust 3742.JPG,10221,74fb2084da898a535101c6b3a6db41c17a33a5f77ca6836f52ab5b4e7b61fa19,256,256,RGB,3,a6a7f492c0cf8999,True,
source,rust,data/plantvillage/raw/color/Apple___Cedar_apple_rust/064b14b5-af1b-4bcf-afe7-a061e5669dbb___FREC_C.Rust 9839.JPG,9860,d88ac8f6bf33e327a927c2dbb969285fb702c65fe1febd71b164ab4959c01a58,256,256,RGB,3,f9e4c6d61a583949,True,
source,rust,data/plantvillage/raw/color/Apple___Cedar_apple_rust/072f23fb-0b1a-43b9-a548-3981120ff33c___FREC_C.Rust 0133.JPG,10702,bdd5270ec45a668740b9568ed1abf848f4c9b9a13142c569d0e671090155016f,256,256,RGB,3,f52ae255c5a15cca,True,
source,rust,data/plantvillage/raw/color/Apple___Cedar_apple_rust/09239528-a0a0-4a2d-af03-c5d5f7a27710___FREC_C.Rust 4024.JPG,12182,09a9da0bcb84871fb0aea227275aa0a0e40f9410785a4c9ba9148c17324be1c2,256,256,RGB,3,d60be135c5741f32,True,
source,rust,data/plantvillage/raw/color/Apple___Cedar_apple_rust/097f37e1-d490-42e6-84d2-51e5385bf886___FREC_C.Rust 9861.JPG,11047,78e350030891bc4877216c82267c7125cf001cb77736879a44429594337dd8df,256,256,RGB,3,ba3aa5b1c6c2c98e,True,
source,rust,data/plantvillage/raw/color/Apple___Cedar_apple_rust/0a41c25a-f9a6-4c34-8e5c-7f89a6ac4c40___FREC_C.Rust 9807.JPG,9791,f8af2962ffe1c83db647c08562d6c9773480886cc95867b5a0ad21005ddf7e0e,256,256,RGB,3,bc36c363198764cd,True,
source,rust,data/plantvillage/raw/color/Apple___Cedar_apple_rust/0cd24b0c-0a9d-483f-8734-5c08988e029f___FREC_C.Rust 3762.JPG,10085,3698fd8512d457d19f7082107b3edb0e2054cea734a12ae14afe2555d422116a,256,256,RGB,3,af0fd098d36069c7,True,
source,rust,data/plantvillage/raw/color/Apple___Cedar_apple_rust/0ce943e7-3fed-41cb-8430-0e0f54ff2bc4___FREC_C.Rust 0014.JPG,11973,b02d2e5238b2e29371b2e1b074d4499041beda61a58c6117d6842feb780e0799,256,256,RGB,3,f676e0a29dd55848,True,
source,rust,data/plantvillage/raw/color/Apple___Cedar_apple_rust/0fbdccdc-fb96-475a-92bb-65734592c895___FREC_C.Rust 3619.JPG,11069,fb692997f7620fd5617279b5a8f38c99259ee76e0b7a1f69f54e02deceb0fb02,256,256,RGB,3,b83cc7c33936361c,True,
source,rust,data/plantvillage/raw/color/Apple___Cedar_apple_rust/112cfc79-00ab-4920-a235-977c134bdb5d___FREC_C.Rust 4365.JPG,11983,0e99a61ed99be0eda5bca757ad023524346e94672d98e3eb16bba2fa6f3c75cd,256,256,RGB,3,ef01403d493fd536,True,
source,rust,data/plantvillage/raw/color/Apple___Cedar_apple_rust/11a41b2a-5bf3-458a-801c-0898dd280c1e___FREC_C.Rust 9874.JPG,10209,135a7bc79311d30055a2db26db081fdb465e1ce4e7ddc2ef5754a3360360b3de,256,256,RGB,3,99f1e49fdb640d10,True,
source,rust,data/plantvillage/raw/color/Apple___Cedar_apple_rust/1440b8ad-ba66-44dc-aeff-13515fe5eb68___FREC_C.Rust 3816.JPG,9253,14cf251716b5e35e123668c2211f9a1c9d144752af62a05b334c2c98da47a072,256,256,RGB,3,da8d8732b56b5c21,True,
source,rust,data/plantvillage/raw/color/Apple___Cedar_apple_rust/1798ac41-0f49-4007-9df5-7e41e3077e51___FREC_C.Rust 3656.JPG,10250,2377fe30c67981a5ca04923360bc836c501c40f2ebb6295323d9f7ae7217388d,256,256,RGB,3,fad274a9e40d3187,True,
source,rust,data/plantvillage/raw/color/Apple___Cedar_apple_rust/17b9f64c-4660-424f-9c8e-d9a49654e512___FREC_C.Rust 3776.JPG,10288,782679e2d88d83ab0bd09c12cdc7cb2f6d049cad4a83b0fbdcd6ca95e1da2b0f,256,256,RGB,3,8c5c27e3b13269d9,True,
source,rust,data/plantvillage/raw/color/Apple___Cedar_apple_rust/18ba5927-bf67-47ff-bdcf-11056e368b60___FREC_C.Rust 4258.JPG,10376,5a2626d0169a19da82ae96dfbdda3fbc70a31214e542ead34c219d3866eb34db,256,256,RGB,3,849ebdf0b331828f,True,
source,rust,data/plantvillage/raw/color/Apple___Cedar_apple_rust/19335371-d443-4629-bb10-ef4e0b7215c0___FREC_C.Rust 0064.JPG,9353,bb91dd2bda55f40d618f6afeaa5ad188cad9c8ef9a4c7b45df9cbb5ee6b9ecb5,256,256,RGB,3,e51a966959318f36,True,
source,rust,data/plantvillage/raw/color/Apple___Cedar_apple_rust/1a67f47d-d35d-4c47-a336-af8ec6141113___FREC_C.Rust 4404.JPG,12531,d30628f0c504bfce2e1ec761756019ab49197fdb43960a49b71779f5c7440e7e,256,256,RGB,3,d9db278c5cba6031,True,
source,rust,data/plantvillage/raw/color/Apple___Cedar_apple_rust/1a69060b-e45e-4d95-881c-f6d1960dffcd___FREC_C.Rust 0065.JPG,8159,6f0b1fc405e3e9c086285d922e523c4e82f8d081c2ea32ebcd27cd462053e981,256,256,RGB,3,e79991664b2594e3,True,
source,rust,data/plantvillage/raw/color/Apple___Cedar_apple_rust/1a80b84d-1a5a-4e23-8deb-823ba928e29a___FREC_C.Rust 4431.JPG,11642,7698ec91652fe678b111c6ac92a5ab6741bee49743d966ecae7aa41c269b6759,256,256,RGB,3,d5f94807ed4bb218,True,
source,rust,data/plantvillage/raw/color/Apple___Cedar_apple_rust/1b567c7d-1041-4240-a56c-8ea94e6252b4___FREC_C.Rust 4245.JPG,10360,08d167caf73779c4105462ddecf305f1613dd7e445c6b8e8b4eb5fd28bced23a,256,256,RGB,3,cd92b0ad1bceb2a4,True,
source,rust,data/plantvillage/raw/color/Apple___Cedar_apple_rust/1cfc6e73-1d86-4fb9-bffb-010163531711___FREC_C.Rust 3944.JPG,10637,d224914c7442a9a6f15ce86128f167bc53583c98635ece5d8d8131c6c2380a3a,256,256,RGB,3,c88787ba864c9ced,True,
source,rust,data/plantvillage/raw/color/Apple___Cedar_apple_rust/1d4dee76-8af5-4bce-ba44-ef87ffd664de___FREC_C.Rust 3628.JPG,12741,1a108712c92cae0589cf1c460e83daf8104f42141acbda9ad535a01cbb8fccc4,256,256,RGB,3,a7c3d0fc8fe03213,True,
source,rust,data/plantvillage/raw/color/Apple___Cedar_apple_rust/1e099d8e-b40c-4cf3-bb52-4e77b5a2dc69___FREC_C.Rust 0155.JPG,11410,19a73c5755097b6417fb673eac150a76a52e1f1d1df3c4a1ec9b7e66a1e39b6b,256,256,RGB,3,f624aa9d851adea1,True,
source,rust,data/plantvillage/raw/color/Apple___Cedar_apple_rust/1ec3e679-2b1e-4243-9e62-67f8f04314b3___FREC_C.Rust 4328.JPG,11425,252f426805c9214b9f3f21d2d0d7d4d495ac8f4238f57112cc9c5a45ab01ada0,256,256,RGB,3,83a634961bdb4d2d,True,
source,rust,data/plantvillage/raw/color/Apple___Cedar_apple_rust/20ef08f2-96ae-4148-942c-3d7708cd94d8___FREC_C.Rust 9830.JPG,9129,f67c78d1de341b6e770580bff49b8655ed4841ccedd1f00f7b8698453bfde830,256,256,RGB,3,acf9c2329fc341cc,True,
source,rust,data/plantvillage/raw/color/Apple___Cedar_apple_rust/23f6e0fa-3860-48a5-a3f4-4e64b54a3046___FREC_C.Rust 4336.JPG,10337,60d8112a243287e9b6daa8ff1441f5b6e482ca09b39edf2a1e0f9b27640c82b7,256,256,RGB,3,cc731c87e2721b96,True,
source,rust,data/plantvillage/raw/color/Apple___Cedar_apple_rust/24f68f21-8edb-49df-b0f1-d75ac66631fd___FREC_C.Rust 9937.JPG,11155,0af17b291f1ed8d1be6300ec5b9c83ca2caaad50b1c5e761786b17aecdebd0ac,256,256,RGB,3,fef1918ac72d881c,True,
source,rust,data/plantvillage/raw/color/Apple___Cedar_apple_rust/252e347b-262e-4dd8-8d6d-852324d5bcfd___FREC_C.Rust 3841.JPG,10352,0628777a5c79a28fba96a422f068ff7f1c35881685c6d7e2986e18ce52f8faa7,256,256,RGB,3,ae76c42cca343d8b,True,
source,rust,data/plantvillage/raw/color/Apple___Cedar_apple_rust/2770fd33-4612-4c09-80a7-dbac2ec8ff82___FREC_C.Rust 4049.JPG,9525,1deb9e0ab44f0e2512446e950bd36065166b6c58ff08ea37e670e3f432f1c1ee,256,256,RGB,3,aca6d28b99994d78,True,
source,rust,data/plantvillage/raw/color/Apple___Cedar_apple_rust/27d7abba-647b-4f0c-aa4a-3978dccd4f5b___FREC_C.Rust 4092.JPG,12881,417779d017dc8b1d1219d45495623c047fcf55751338fb1fc8428ebee8350794,256,256,RGB,3,d80e613dc73c4ef0,True,
source,rust,data/plantvillage/raw/color/Apple___Cedar_apple_rust/2824df6c-6e1e-4dc5-9035-098c32988662___FREC_C.Rust 4292.JPG,8798,d49bdf8d4c7218433faf1d87aa5b19a41599cb52ee07e35d78e494a4560a2ae8,256,256,RGB,3,8db2c158ef353887,True,
source,rust,data/plantvillage/raw/color/Apple___Cedar_apple_rust/290ad123-7702-4219-9773-17e07f22438c___FREC_C.Rust 4444.JPG,10718,8f07d29f356b111ad9aa74993b5ae004adac6aa779b01466ecb8fbe11d5c40c6,256,256,RGB,3,99bc04c7673a38b5,True,
source,rust,data/plantvillage/raw/color/Apple___Cedar_apple_rust/2a6fe192-977f-482c-8af7-3465448920f4___FREC_C.Rust 9919.JPG,9487,1408e832a26ac2dfc542b048bf7e599aaebb290b13a470722928ac2560d685b7,256,256,RGB,3,bcdb60e0d9870e74,True,
source,rust,data/plantvillage/raw/color/Apple___Cedar_apple_rust/2ac8d689-f30a-4eee-a856-86c92f8dcbd2___FREC_C.Rust 3952.JPG,12400,25cfe71a7b498bed33340f87faabd15dcd73a84ad939e09053b409ee1e4db39b,256,256,RGB,3,ed30b4ce92659b34,True,
source,rust,data/plantvillage/raw/color/Apple___Cedar_apple_rust/2af1177b-1a2f-4dbe-b7f1-93118342d44e___FREC_C.Rust 0036.JPG,9982,b232d7b8f744a5b4d59e181335394b51524b5d3b18dabc6d488a075780ff7f1a,256,256,RGB,3,a98b96ac9a6169b6,True,
source,rust,data/plantvillage/raw/color/Apple___Cedar_apple_rust/2dd8a8e6-8774-49a9-a712-9fa6b9ef21f3___FREC_C.Rust 3594.JPG,9754,0daab8a6e2eb53919198edbc59d43d1436ac60f5799aaf3d16d27a6a3f4b8d38,256,256,RGB,3,eadbb585cc85c81a,True,
source,rust,data/plantvillage/raw/color/Apple___Cedar_apple_rust/2ddde539-6c5f-4d76-8611-14761bb240de___FREC_C.Rust 3564.JPG,9107,bda68cb398435139c9315651487d680df4af66e16e110b9a8f81c482ddfd3b76,256,256,RGB,3,fe436974b3789809,True,
source,rust,data/plantvillage/raw/color/Apple___Cedar_apple_rust/30ae56d0-6974-4ad2-b4bf-486a97dcff5f___FREC_C.Rust 4088.JPG,11833,3768c24f34a8d36bf582481e12c80aee4289acd022689df9953671831c7e717e,256,256,RGB,3,f94cc01f833c4ff0,True,
source,rust,data/plantvillage/raw/color/Apple___Cedar_apple_rust/31cd0e16-01aa-442a-af4d-1162ac8a7b81___FREC_C.Rust 9889.JPG,10523,f4ebed5143833c40ff99904fd7db6e38429ab8a46a20b6024a83f53f0fd05191,256,256,RGB,3,ace4e09b933c9a65,True,
source,rust,data/plantvillage/raw/color/Apple___Cedar_apple_rust/32ba7e2f-7ad8-480e-9f37-28469e6802af___FREC_C.Rust 9811.JPG,11014,781bae4013e582db68f68822e907f6db843889a02154841240a7a39b446bff4f,256,256,RGB,3,a96e9630da466d8b,True,
source,rust,data/plantvillage/raw/color/Apple___Cedar_apple_rust/3590e70d-8ab1-453d-ae81-0f77bdda3f60___FREC_C.Rust 3824.JPG,10011,05341de9c55efefac69994f31761f8660b135a54117f2672bc9546539a046ff1,256,256,RGB,3,b3dc6eb5cb619060,True,
source,rust,data/plantvillage/raw/color/Apple___Cedar_apple_rust/3762c9a3-83db-44b7-88be-07c048ad293b___FREC_C.Rust 9945.JPG,11810,866c84e2fc377af42a501d385bcb87035dcd164dab81dbc3e2513126e21d1753,256,256,RGB,3,adc0d227cbdacc92,True,
source,rust,data/plantvillage/raw/color/Apple___Cedar_apple_rust/38395894-268c-4ae1-827d-679f97e1a262___FREC_C.Rust 3998.JPG,9883,3c76802bafb6ecc095b2681ec5ba393d0d9b7ef16c8f2e3d88bae6fb0fd845d4,256,256,RGB,3,b308c86dccb66b87,True,
source,rust,data/plantvillage/raw/color/Apple___Cedar_apple_rust/39c00da9-396e-4bd3-8e4a-f701c11d4fa7___FREC_C.Rust 3907.JPG,10822,f7fd68bd621dc88f47bbb8a8b7b052d74cd035c54bd486c1d9225209cde14304,256,256,RGB,3,db0725381e3bae61,True,
source,rust,data/plantvillage/raw/color/Apple___Cedar_apple_rust/3b1e5132-71dd-4e75-b04a-513a3851ca02___FREC_C.Rust 4439.JPG,11126,07b81765ac83d645630aa047c2c987af139ecdef63a682a293411216dcaa5956,256,256,RGB,3,e6f7110dcdc99234,True,
source,rust,data/plantvillage/raw/color/Apple___Cedar_apple_rust/3c412dc8-dbe2-43db-92ba-28ce72f835f6___FREC_C.Rust 9930.JPG,11078,46ede290f167c70679fc531e254b575b3d9cf579bb98a4a13e72faba1ca7a94a,256,256,RGB,3,b8e1c32eceb419c9,True,
source,rust,data/plantvillage/raw/color/Apple___Cedar_apple_rust/3dc7b8db-79dd-4206-b3f0-7091d28475b2___FREC_C.Rust 0079.JPG,9045,62deac15ac0a75b5285ada3c0fc3fcd000dc11c7d6075e2566390a0489fa615d,256,256,RGB,3,aca653d9499664f8,True,
source,rust,data/plantvillage/raw/color/Apple___Cedar_apple_rust/3dcf5bf7-744a-439e-881b-10f73fd83616___FREC_C.Rust 3642.JPG,10274,150478f9c83cecf3bde4334fc7f69b5a8f2fb65dae9f9786d4f7548da400df34,256,256,RGB,3,b595706b4aa6cc59,True,
source,rust,data/plantvillage/raw/color/Apple___Cedar_apple_rust/3dde7bc6-90e6-4057-a1e7-c2580ccf03a2___FREC_C.Rust 0092.JPG,9405,1014f37d0101d8702817511e4871d8cf05e50923a139866831fcb03afcc23472,256,256,RGB,3,fe4aa1a887953cca,True,
source,rust,data/plantvillage/raw/color/Apple___Cedar_apple_rust/3e123b1b-a57d-4689-8211-e270c19fd4a9___FREC_C.Rust 9962.JPG,10600,e4319bc097facdb78cb23bfee6a277d381c8b0ccba68bd435d900b214101aa5d,256,256,RGB,3,e91296cc969b32d9,True,
source,rust,data/plantvillage/raw/color/Apple___Cedar_apple_rust/3e4303ad-6293-4522-821b-ef5dd3b658ce___FREC_C.Rust 3686.JPG,9344,626738b5a0b892f8e4cd196ee8d7adfdb4d95fca2cc503d184cdb81f51d6cc33,256,256,RGB,3,aa233f3ef06c0bc2,True,
source,rust,data/plantvillage/raw/color/Apple___Cedar_apple_rust/3ea747af-ed9d-44f1-a8b6-61503adf0a4b___FREC_C.Rust 4174.JPG,10278,cd49f8e2bd124090a121c63ed408ea6f98a18eaa7c4f943a88dfaf084e4f2e9f,256,256,RGB,3,8b1890b1e7cf4a5e,True,
source,rust,data/plantvillage/raw/color/Apple___Cedar_apple_rust/3ef85bf3-728f-46d7-95cc-a5bddf34db98___FREC_C.Rust 3885.JPG,11686,eadac4ffe2c6a28693edec9727799142f1049fda820821f19674a16a0ed271e9,256,256,RGB,3,fef0c48d9b281276,True,
source,rust,data/plantvillage/raw/color/Apple___Cedar_apple_rust/3f9bd33d-ceeb-49fa-8874-d9cc013ca018___FREC_C.Rust 4183.JPG,10202,4d80de30b707da14853405861ecbaf1c35d9b0f86305d937d23711f24ac9a952,256,256,RGB,3,ae6de717c032ca31,True,
source,rust,data/plantvillage/raw/color/Apple___Cedar_apple_rust/3fb3806c-db88-491d-b9b0-191b3d5964cd___FREC_C.Rust 4130.JPG,11724,c3c6b15003ba07371b6b1537da27f7f158c00eaec4385ec8b2fa621b0725de40,256,256,RGB,3,fc5e456847699625,True,
source,rust,data/plantvillage/raw/color/Apple___Cedar_apple_rust/3fe25d8e-4497-49bd-b4e0-9c7dd3c3c6cd___FREC_C.Rust 9960.JPG,10051,f05a464347b47223adb26c3339cfad7dc17012c5513f6ba8933faf070ce76639,256,256,RGB,3,f883c5ce9fb04649,True,
source,rust,data/plantvillage/raw/color/Apple___Cedar_apple_rust/402aad30-3914-4227-a9b4-4d40a49fae72___FREC_C.Rust 0230.JPG,9760,46f1c058c84930a614c56a7297c6369160d5c1c7d0167676d6240b901b42716b,256,256,RGB,3,f395a57e86689621,True,
source,rust,data/plantvillage/raw/color/Apple___Cedar_apple_rust/40761a05-eac1-44d2-b543-7e83ee6507ba___FREC_C.Rust 3556.JPG,10650,1c3b807a76dbce4e9d3b753bd97607008a6e3c9b1de66c5193915bac9f84b72a,256,256,RGB,3,876f18f261c7078e,True,
source,rust,data/plantvillage/raw/color/Apple___Cedar_apple_rust/4134586e-a00a-4c53-8f8d-c275ef0d5f5f___FREC_C.Rust 3676.JPG,9444,ab62427ee3f71493b812d9c6190d76fb4b0f3734b346e5e4e742799d816bbd1d,256,256,RGB,3,b285c55e9d789427,True,
source,rust,data/plantvillage/raw/color/Apple___Cedar_apple_rust/42bbd61a-bfa0-4adf-a064-407165f70ecf___FREC_C.Rust 4199.JPG,11190,e538e6e5376923817980ed269a76b61dc06feb13725295a607a6b12f0eae42a0,256,256,RGB,3,ae34949b932cdb61,True,
source,rust,data/plantvillage/raw/color/Apple___Cedar_apple_rust/43850a33-b2c2-4d67-aa90-685f8f76da3a___FREC_C.Rust 3664.JPG,9771,b0a21992726caca418ed643f014d440ee66fdb057aa0fe8ccee0a5ac6e548e94,256,256,RGB,3,fc0cc863b5935a9a,True,
source,rust,data/plantvillage/raw/color/Apple___Cedar_apple_rust/4444fa5c-3ad7-49cf-9384-8686b691e4b8___FREC_C.Rust 3600.JPG,10982,7eef50405b324d8bc458d40897ad296791b83fc897adf882275b8498a5cd5a8f,256,256,RGB,3,f91e016566c5369e,True,
source,rust,data/plantvillage/raw/color/Apple___Cedar_apple_rust/4485494e-e310-49b5-9ca8-73608ec4e83c___FREC_C.Rust 3631.JPG,9898,a104ee5809df4e4f19f1d74317f71dcd826a100c0b6de22bdea401241c08d494,256,256,RGB,3,93afc8b487b03b07,True,
source,rust,data/plantvillage/raw/color/Apple___Cedar_apple_rust/46597071-9826-4f76-b853-083b76c5ef63___FREC_C.Rust 3666.JPG,10579,88479329eb9f6c25bf32f0f18c676059e54ac0b85c27be0edfa65dc37eaf5833,256,256,RGB,3,db83861e94b539c3,True,
source,rust,data/plantvillage/raw/color/Apple___Cedar_apple_rust/46aef257-999e-4158-9107-c5f5c7c8016a___FREC_C.Rust 4147.JPG,11178,307aafe6b5e653306e68a3da7be23bea59bcab80d925e4285b174d64c2a2a8f8,256,256,RGB,3,ab49b087de619f30,True,
source,rust,data/plantvillage/raw/color/Apple___Cedar_apple_rust/46b6b57e-9c90-4de7-9fb1-b8b674d51f38___FREC_C.Rust 9857.JPG,8831,5e2f0cdbf8646b29b5ebbbf3c42b63463610093e63b8eb338b331438421996f5,256,256,RGB,3,acccd2b8cb616c96,True,
source,rust,data/plantvillage/raw/color/Apple___Cedar_apple_rust/492e83ef-7407-42f1-a0e2-e272cf1cdbc1___FREC_C.Rust 0024.JPG,11278,83772fa64a649aad77d4fcce6fbfdc79d4396697722f679fd9045d3a8711e8ac,256,256,RGB,3,ba45e50e923c9af1,True,
source,rust,data/plantvillage/raw/color/Apple___Cedar_apple_rust/4abb2c64-458c-473b-bbe4-4b9bc69cd035___FREC_C.Rust 9974.JPG,9631,119f8029ce21f7c3ef274f804e4f0f934562347647d89da75e1df528d6d09720,256,256,RGB,3,e94c86309eb39979,True,
source,rust,data/plantvillage/raw/color/Apple___Cedar_apple_rust/4bd5f28f-beb3-4b27-b4f1-7e94b332ef93___FREC_C.Rust 9932.JPG,9900,619b7d315122348cf096d4662cd16ee2fef05c8a3fd8bf6ddaaa2b05f1939859,256,256,RGB,3,bfd1d00bc32d493c,True,
source,rust,data/plantvillage/raw/color/Apple___Cedar_apple_rust/4d7f4b74-59f6-431e-afa3-6fbbb9ac90ea___FREC_C.Rust 0145.JPG,10279,87084b5eccd8bf714b064d56fe879bc0ab8c77a386f47cc95b3acb1b1d2be9f5,256,256,RGB,3,ac8553964e6d49f2,True,
source,rust,data/plantvillage/raw/color/Apple___Cedar_apple_rust/4dc8e2a8-4374-488a-afc6-fd0ea7f15c88___FREC_C.Rust 3991.JPG,13116,9f64d312bd869040a7b5b895c381931347264d20103263783a86b4aa778c9632,256,256,RGB,3,f8032566d23c9fb1,True,
source,rust,data/plantvillage/raw/color/Apple___Cedar_apple_rust/4ddf4752-f02c-40ae-a2a8-19095f07137d___FREC_C.Rust 3733.JPG,9714,80c417596f0b99629118805087f117e8f2167d4e672b37284892dbd26240bc92,256,256,RGB,3,bede40c6c761380f,True,
source,rust,data/plantvillage/raw/color/Apple___Cedar_apple_rust/4e469367-da28-4b4b-a06e-18d64f0433bc___FREC_C.Rust 4014.JPG,10129,33aa2edbf1d14a3d59e6674f83197d27dab98b2ef573b470040730a9d4038d5f,256,256,RGB,3,ab51b437c24e0737,True,
source,rust,data/plantvillage/raw/color/Apple___Cedar_apple_rust/4e6676b6-154c-4f7d-a355-bcc00a397c3d___FREC_C.Rust 9853.JPG,11753,1e08a8b5da0a968f4c678c8273d307e7c32fa51f44ffdcc476058f37d8120f32,256,256,RGB,3,e97b96314ac66c1a,True,
source,rust,data/plantvillage/raw/color/Apple___Cedar_apple_rust/4fd1cebf-96dd-4786-b1df-021dac153ca7___FREC_C.Rust 9953.JPG,11307,dba1b9842e5d43016b74a5d0709f23e785e1e1e05170d95e0d9e26646f7da9d7,256,256,RGB,3,baf1c58f9e70c481,True,
source,rust,data/plantvillage/raw/color/Apple___Cedar_apple_rust/4fe22d35-3e93-414a-83fc-1be230cec721___FREC_C.Rust 4424.JPG,10850,955d829f22a30613e42646e806f668eed90eac20e17c8f1ca084e76c85448858,256,256,RGB,3,ad6958d312960ede,True,
source,rust,data/plantvillage/raw/color/Apple___Cedar_apple_rust/503fa8ad-36cc-41ea-997c-d61727a7677c___FREC_C.Rust 3842.JPG,10267,7dad7936ac3c44b38694cd3ea6d87f11f0b57f22107651835eb76836788a37a0,256,256,RGB,3,ff4a01a78cb08f8e,True,
source,rust,data/plantvillage/raw/color/Apple___Cedar_apple_rust/5069c246-1254-4396-a0f3-11bb6becd234___FREC_C.Rust 9868.JPG,11450,ebb110f528de5f6ee7fb447f8ad041eb2d0f9c0ee7bc96fb93b5e23288f16229,256,256,RGB,3,f9a6960ed93405d9,True,
source,rust,data/plantvillage/raw/color/Apple___Cedar_apple_rust/5271addc-c445-4af1-ba68-318c7b509e1f___FREC_C.Rust 3585.JPG,10163,9eb63ed2a4e3bc59bc97cfc2912221e7b1f6c1e94df3b1c3f5df2faac319407d,256,256,RGB,3,80c67f3f1790389d,True,
source,rust,data/plantvillage/raw/color/Apple___Cedar_apple_rust/5367e167-14f3-4d65-bd93-4c4b693e0bc7___FREC_C.Rust 4109.JPG,11182,766de452d115f0d65a27e7d9be961d8b61a7dc46ab9a253bee8d0ecf6b282a2a,256,256,RGB,3,a372280fb8b94f71,True,
source,rust,data/plantvillage/raw/color/Apple___Cedar_apple_rust/54f60420-248f-41f6-be1a-a0be7936005f___FREC_C.Rust 3801.JPG,9484,e3cd67b6c15ae452f81e09ffc3e130169da7a018f3b08f3b33bd6e66e79f494f,256,256,RGB,3,fb31835e84c238e7,True,
source,rust,data/plantvillage/raw/color/Apple___Cedar_apple_rust/56cc0223-46b0-44d3-ba43-66d3def44f1d___FREC_C.Rust 3834.JPG,10151,8985a6a1775fbb853f3adde8be46112dcc71b2d58c1c078100df6cf37a6d169d,256,256,RGB,3,a757746cca601b0f,True,
source,rust,data/plantvillage/raw/color/Apple___Cedar_apple_rust/57a522fe-b1f4-47e0-9b4c-b30635b402f7___FREC_C.Rust 4226.JPG,11318,1ab48ac7da9679ec602c3573c4b845958cd9e4d7eb059a831ee1ca4b3fdd0845,256,256,RGB,3,e63699ca9069c9b5,True,
source,rust,data/plantvillage/raw/color/Apple___Cedar_apple_rust/57be14d8-a24b-4354-acce-98b3a47f4512___FREC_C.Rust 4057.JPG,11445,00499d07f1fed8c643ef20ddbb9a317ba1c5d6f402ccc37088a64afd402c773a,256,256,RGB,3,ff44c01f81bc1f52,True,
source,rust,data/plantvillage/raw/color/Apple___Cedar_apple_rust/58c70126-b289-441f-a608-eff6a2df3762___FREC_C.Rust 3654.JPG,10290,084af68f8dc0b70d9e4ec1b41b7f4faf134b7a3bebadda6cca1a22bd4646bf39,256,256,RGB,3,8ae36d35c49c9ec2,True,
source,rust,data/plantvillage/raw/color/Apple___Cedar_apple_rust/5b047b56-77e8-4bbd-8b5c-7c72821b50f0___FREC_C.Rust 0101.JPG,12185,2b5095730bd806c0690cfbdea8fe3c581e46bf0a841aa774add94f5024c5ceb8,256,256,RGB,3,edd1903eca604d67,True,
source,rust,data/plantvillage/raw/color/Apple___Cedar_apple_rust/5b0cb1a1-e3ef-4503-8833-a8b013ab6e92___FREC_C.Rust 3599.JPG,10472,6b99f15507795cfaecd39050c2f99ec64ad89fe902d2a96f2cf7b4f0e5728716,256,256,RGB,3,a55f5260c9873c3d,True,
source,rust,data/plantvillage/raw/color/Apple___Cedar_apple_rust/5b1f2adb-5065-4b7f-8b51-bc5695ad5ebb___FREC_C.Rust 9802.JPG,7987,d4bee2e05323d816799d348f02de66ee516ebc12367fde97b437c28b3e24d1b5,256,256,RGB,3,ff938280c9ccacec,True,
source,rust,data/plantvillage/raw/color/Apple___Cedar_apple_rust/5ba35826-8831-4638-a443-5c28f80c4de8___FREC_C.Rust 0212.JPG,10717,4195f6c2797bcc976ffc1ac8857dddfde8cb84b417010a3101f89d536339d7f2,256,256,RGB,3,f9f8c4c786661a86,True,
source,rust,data/plantvillage/raw/color/Apple___Cedar_apple_rust/5c2677da-56e7-47bc-bc21-31a1db9ff5bf___FREC_C.Rust 9799.JPG,7634,c840c36f49da15d54f8e569839aa81ea3fa6a12e537eab64a82ff22ef1ae921e,256,256,RGB,3,fb7c8532c463ca25,True,
source,rust,data/plantvillage/raw/color/Apple___Cedar_apple_rust/5c9da5f6-93f9-4fba-8adc-49a6392a7467___FREC_C.Rust 3909.JPG,9928,92e390cef828be324fdc217c665d41c93d3edf51941483eac2284a06078bb493,256,256,RGB,3,d206a13d9cd3c637,True,
source,rust,data/plantvillage/raw/color/Apple___Cedar_apple_rust/5cc20b25-edc1-4ec9-afc8-c19a5ef1cfda___FREC_C.Rust 3540.JPG,10038,c26bd95eb754ddcf03c09053c6be201838c7c6d7ed57fdf3426610335ec46ec7,256,256,RGB,3,b9260c7933cbcc3c,True,
source,rust,data/plantvillage/raw/color/Apple___Cedar_apple_rust/5d4e82f2-d720-45fa-b913-13773583ee0f___FREC_C.Rust 4181.JPG,9343,0b6044deff96ee1799b27cdeb6a3fb97f93734f3dcc83826b1bf65db26620aa0,256,256,RGB,3,b9fcd015863a6e15,True,
source,rust,data/plantvillage/raw/color/Apple___Cedar_apple_rust/5d85daec-3dd3-4c35-aceb-2a9cf0eb87ad___FREC_C.Rust 3710.JPG,10175,d605b4fb57556eaeadbebea607ee203f4514a520a5812b12b0fc5a822b3bdfe5,256,256,RGB,3,a9c951b6969838e7,True,
source,rust,data/plantvillage/raw/color/Apple___Cedar_apple_rust/5eba8ca8-b4f7-4f49-9481-9703adc53678___FREC_C.Rust 3732.JPG,8860,4ffbd23b6b80b0f3af547d5678fe06706556f72ce06a76617bcaa890456f0234,256,256,RGB,3,afa8e0b3b4869c96,True,
source,rust,data/plantvillage/raw/color/Apple___Cedar_apple_rust/60ecab05-90df-45d5-8a50-edb8635aac87___FREC_C.Rust 4155.JPG,10475,d5597dd982c15eed1da4a54797853edc84d0d7950a949fc0850de1a0d3e8a7f2,256,256,RGB,3,b67886639acccbc4,True,
source,rust,data/plantvillage/raw/color/Apple___Cedar_apple_rust/669c0bde-c75a-4495-92ea-e7d6be6de1bc___FREC_C.Rust 4410.JPG,12232,ae5393cead0b2e916a9f0e259e957decaf339c7fe2537c9afa790d524fa43558,256,256,RGB,3,8be18597de927819,True,
source,rust,data/plantvillage/raw/color/Apple___Cedar_apple_rust/68a4878f-c220-49ff-a858-5b026e56e7b0___FREC_C.Rust 9844.JPG,8862,64f4117c223bc9be1bec8a949fa2b758d7a349c605af92ac3bf7457394aa0489,256,256,RGB,3,af37d0dacc65a460,True,
source,rust,data/plantvillage/raw/color/Apple___Cedar_apple_rust/69561ee3-9a1f-42cd-a2fc-f3f06102747c___FREC_C.Rust 0190.JPG,9760,368d5932d783618dcddea1b005051d5c96e85a5ae6bb32e53e486c96a6243362,256,256,RGB,3,e496872992cd4bb6,True,
source,rust,data/plantvillage/raw/color/Apple___Cedar_apple_rust/69ceb6f0-6e63-4676-90a6-288ae97b0c2f___FREC_C.Rust 0107.JPG,8773,0f47298225c5c4d24798e80d9cb6bebac8d0918e73f563ac8cdf47ab50498dc0,256,256,RGB,3,a69cd921cd3266b3,True,
source,rust,data/plantvillage/raw/color/Apple___Cedar_apple_rust/6a858b72-4061-4fa1-a83d-04d83f83ad77___FREC_C.Rust 4281.JPG,12172,179c43e7b5697242fa295d0b3933ba23bee2e8c20884e50303e194bddbf848c7,256,256,RGB,3,8c716cc2832f3dce,True,
source,rust,data/plantvillage/raw/color/Apple___Cedar_apple_rust/6b9f9f65-4359-40a4-bdba-3db5057489f4___FREC_C.Rust 3748.JPG,10786,f92a04ef2c75053108c33773d9159774cda508ac4e48e91653b709ee19f4d01b,256,256,RGB,3,a7c570d88f618d66,True,
source,rust,data/plantvillage/raw/color/Apple___Cedar_apple_rust/6ddafe85-27e6-4ca2-915f-2db6015cdf29___FREC_C.Rust 3983.JPG,10109,d03213b7ead484d139802d223fa8b3d35ebbeda7dd210e74e122926799d22d59,256,256,RGB,3,ec44b6ca4939b3ac,True,
source,rust,data/plantvillage/raw/color/Apple___Cedar_apple_rust/6fa42fea-4fcd-4cfe-bfbd-c03ee2d7bb3f___FREC_C.Rust 0163.JPG,9088,75e712d70dfe802556d4b0551005be7c62da5f50c858655dc976bad044b822da,256,256,RGB,3,b20de534d867b43a,True,
source,rust,data/plantvillage/raw/color/Apple___Cedar_apple_rust/6fe0e179-4491-4257-a1d3-9cff9e9e2d27___FREC_C.Rust 0225.JPG,10022,881480c0eab941993b64c4e97b7efbb88e32e1f4790d31df9048399b78c93f7f,256,256,RGB,3,f403c23c4fe1399b,True,
source,rust,data/plantvillage/raw/color/Apple___Cedar_apple_rust/70190de6-c93f-4b1e-9c6d-19b0b424f42f___FREC_C.Rust 4315.JPG,10670,e5cd1e81d7583c3c0dd2c497d3b336d27cfe0980fb2f867705a6ceb2dd0bc00a,256,256,RGB,3,ef4c387303513637,True,
source,rust,data/plantvillage/raw/color/Apple___Cedar_apple_rust/71c08a14-4875-40dc-b35c-8216951ffd8a___FREC_C.Rust 0195.JPG,12080,45deadebff4ea9285308ef2b4b383b1314a597e700f26b6b8a110a76e99d03d7,256,256,RGB,3,a6b68589da699b34,True,
source,rust,data/plantvillage/raw/color/Apple___Cedar_apple_rust/743ddf7b-a620-436d-b69b-125044a0d9fc___FREC_C.Rust 0037.JPG,10338,1cadddb21ccbb4c84e184a341297b0e4d3edf139ef3cc71101967ef4d59243ae,256,256,RGB,3,ee98906c9b6d18b6,True,
source,rust,data/plantvillage/raw/color/Apple___Cedar_apple_rust/763123be-8a12-4d7a-8fa5-deff863b70f9___FREC_C.Rust 3691.JPG,10862,2ddc1661872d755d8e4cb6f38831855ee5a7786bb972abedfae9119fe5da8cec,256,256,RGB,3,bff1c48f1a3c3160,True,
source,rust,data/plantvillage/raw/color/Apple___Cedar_apple_rust/77f413dd-06cd-4e01-92f9-fdb8d0320b68___FREC_C.Rust 0089.JPG,9783,32ffa3cb1717bcdf649c815990307ed159204a6f85fcd46e73cf1f92b150c9b6,256,256,RGB,3,bdade07083374ec2,True,
source,rust,data/plantvillage/raw/color/Apple___Cedar_apple_rust/78821840-5d27-43ae-b830-c54e9f84432d___FREC_C.Rust 9891.JPG,10493,ebf9d4286d1afbdca290dee639bc0029e892d3464198f3329019be1661adca36,256,256,RGB,3,ad1a96795a649a4e,True,
source,rust,data/plantvillage/raw/color/Apple___Cedar_apple_rust/79e57aaf-f825-4818-9594-621327134e0b___FREC_C.Rust 4219.JPG,12053,26532ddd6b473aa6d6f62104f6041936cf9d077380d58a1d96431bd784c9fde7,256,256,RGB,3,a6e43692da9b89c9,True,
source,rust,data/plantvillage/raw/color/Apple___Cedar_apple_rust/7b2dd7f1-d16e-47b6-8750-cfaf315aad87___FREC_C.Rust 0109.JPG,9944,78a8ef12b8411ca9c3969b9378f8f28c2d032887e63f0998e82ab5611403acc3,256,256,RGB,3,abd4d422cef34d41,True,
source,rust,data/plantvillage/raw/color/Apple___Cedar_apple_rust/7ba80ce1-562a-404b-a8e9-273cd917081a___FREC_C.Rust 9833.JPG,9970,22976c825d0318e7b5ef0b87b0f9d855da40ca65aff51a37a88d60c26ba7bcb6,256,256,RGB,3,f4a1c3928dcd6ccc,True,
source,rust,data/plantvillage/raw/color/Apple___Cedar_apple_rust/7c4829bb-fb00-42fc-b19f-1fc057aa61c3___FREC_C.Rust 9986.JPG,10650,908f157abb4523b823d48ec1a93b7688c77effa1a92e895bc55f92bbb6c2c6c3,256,256,RGB,3,ad63921dc63ccd64,True,
source,rust,data/plantvillage/raw/color/Apple___Cedar_apple_rust/7ca50f21-d7c4-4fab-90ab-daabd7dd960d___FREC_C.Rust 3913.JPG,9050,831ed9b9e7faca568a6541375ee2e567b41d794ade8730b120d46f54fbc8c0a3,256,256,RGB,3,f9b7059ab6494619,True,
source,rust,data/plantvillage/raw/color/Apple___Cedar_apple_rust/7ce07da8-973f-467f-98af-642a1ffbea04___FREC_C.Rust 4334.JPG,10003,5cdd51e6f967b17d1b9028d2b86a04947e06917f5d892f7fa26eb5dd53e10f52,256,256,RGB,3,df18e0270f713437,True,
source,rust,data/plantvillage/raw/color/Apple___Cedar_apple_rust/7d3aae9a-3fdd-4b83-b41f-7dd3e0400986___FREC_C.Rust 3616.JPG,9626,bb50434ecb054ea6518cdb645cf5005006ef9b3c2e567421390c6127ddd7655c,256,256,RGB,3,ac3dd8d2e6c1093e,True,
source,rust,data/plantvillage/raw/color/Apple___Cedar_apple_rust/7ddc6bbf-42d1-4c84-b695-88077058656f___FREC_C.Rust 4079.JPG,13476,6f54305ded8ca1e25a31795efbf10540c252a7521662fe7f4880e48124261a77,256,256,RGB,3,af473038932d6bd2,True,
source,rust,data/plantvillage/raw/color/Apple___Cedar_apple_rust/7e32ce27-bc89-4fca-9f49-c50de91210d1___FREC_C.Rust 4425.JPG,11636,bc6db88571c303b386ab2d309443dc1bbd5a4ae51a7d3fcea0f356e68ffc3bc5,256,256,RGB,3,d8092d273d3e32f2,True,
source,rust,data/plantvillage/raw/color/Apple___Cedar_apple_rust/7e6e24dd-b8e6-4668-b4ae-a2480441bb78___FREC_C.Rust 3627.JPG,10972,3d48e36f920a08f93546c52f1603d1c6da05b68d07a92a68f29e53d1c169e7b1,256,256,RGB,3,c03bb4656ddb82d8,True,
source,rust,data/plantvillage/raw/color/Apple___Cedar_apple_rust/809c7104-6f46-4117-8c8c-6d5491b2178d___FREC_C.Rust 3839.JPG,9547,a4a2e2311cc2a526864196cf2ff3089bd6eedc30c2934cdf34bf2f1e6095c594,256,256,RGB,3,b04779a1ce9c9966,True,
source,rust,data/plantvillage/raw/color/Apple___Cedar_apple_rust/81049e31-d2ea-4372-9865-c7f1479a513a___FREC_C.Rust 3833.JPG,8855,25b32690838b2d3d52cf9410be94847138b1db4f05c27fce3cc28c6076f85015,256,256,RGB,3,8bd834a774a30de9,True,
source,rust,data/plantvillage/raw/color/Apple___Cedar_apple_rust/811b2953-8508-4327-944e-8d999211790c___FREC_C.Rust 3891.JPG,10468,8c2d9abe93a78c2e68ee78f7aad0ace12b7d3cb6d0fe2b965eaafd0d2ac4fca5,256,256,RGB,3,fa90879eb4293363,True,
source,rust,data/plantvillage/raw/color/Apple___Cedar_apple_rust/821d427b-7aff-475c-8d76-6c984e09463f___FREC_C.Rust 3760.JPG,10243,b6788c55aa9031df14a22bfca030007b5fcf89f3930facf481e8f53ab3141985,256,256,RGB,3,af5b903a92256dc3,True,
source,rust,data/plantvillage/raw/color/Apple___Cedar_apple_rust/82ecdc54-ded2-4767-b865-c1df8ac85eaf___FREC_C.Rust 0128.JPG,10007,a76dbab11939591284590dcc3d59428d222dd667db1dc5135985c6c36f22ab04,256,256,RGB,3,ab23b57edab001c3,True,
source,rust,data/plantvillage/raw/color/Apple___Cedar_apple_rust/8306d4f0-6a4f-4f02-86ca-72b1a950f420___FREC_C.Rust 0175.JPG,10368,f148208a19f16ffa5586a1a7e049cbe978fa0286a0669abfb13989c3d3b534de,256,256,RGB,3,e8c1969ecba57852,True,
source,rust,data/plantvillage/raw/color/Apple___Cedar_apple_rust/83a6031c-8219-4f22-8476-530c6bb1ee31___FREC_C.Rust 3765.JPG,11319,e3fa556f49b1e7b5993178b3a0b904ecdc392e675e00a8f7e91849de0f238903,256,256,RGB,3,a899d6cecdc2c067,True,
source,rust,data/plantvillage/raw/color/Apple___Cedar_apple_rust/848e865c-bdbb-41eb-a4d1-90f1d49d1d74___FREC_C.Rust 0067.JPG,9815,bf158fc329a5329ab7afc78346331a2b876bfa9a8500305270eeeea5405555b0,256,256,RGB,3,ac58d363cb64ccc6,True,
source,rust,data/plantvillage/raw/color/Apple___Cedar_apple_rust/84eda310-5cbd-4de7-949d-471213cd0016___FREC_C.Rust 3679.JPG,10850,28d997d533ee7826ff8489090d591f18ba208de1a478a7a5c2743312d8b078aa,256,256,RGB,3,d9afa461171b32cc,True,
source,rust,data/plantvillage/raw/color/Apple___Cedar_apple_rust/859d4241-7bfc-4ac1-825d-f129ce1bf2fe___FREC_C.Rust 3731.JPG,8855,17b3af67ffd844c7859e7e303f7085ee27d2307ff13107dfa24fbe465e00849d,256,256,RGB,3,aea6d09a83d8d971,True,
source,rust,data/plantvillage/raw/color/Apple___Cedar_apple_rust/85b2d11e-4682-4699-9196-fba13b6232d5___FREC_C.Rust 3718.JPG,9909,1d7f4f28b717a97694d82aeb5e504518b351384b814428690ebbb41b419bf09f,256,256,RGB,3,a97690276e7cc90e,True,
source,rust,data/plantvillage/raw/color/Apple___Cedar_apple_rust/85c546e8-0e5c-4d84-9ec8-3ebb53942b98___FREC_C.Rust 9847.JPG,10634,dce89844f28afee0104c34ce277c6d6593917003e8dce8d08ac006f02edd4f78,256,256,RGB,3,e9edc4c49a929c9c,True,
source,rust,data/plantvillage/raw/color/Apple___Cedar_apple_rust/85eb91f6-f8f0-438e-afbc-ca12551ee404___FREC_C.Rust 9884.JPG,8706,7217bca162edf35f5676e831d44473427b458c9509f5b14d49c889ece5862365,256,256,RGB,3,e9c7961a60b66f24,True,
source,rust,data/plantvillage/raw/color/Apple___Cedar_apple_rust/85f1b51d-ad5e-4ec2-a46b-2a9dade22e2a___FREC_C.Rust 9971.JPG,9638,62f3ba370fa7c35d1b4348af7fffd67a49c864f48f155b497fb00e653dd2a50d,256,256,RGB,3,f9a65c0e96993319,True,
source,rust,data/plantvillage/raw/color/Apple___Cedar_apple_rust/87ea6ae6-eaf6-468d-85cd-cded92ba526f___FREC_C.Rust 9963.JPG,10590,fa94e203dee0896795d5edda052e463bfd3fed061218ee45ca71cd0908a052d8,256,256,RGB,3,f88794ccc79c92b1,True,
source,rust,data/plantvillage/raw/color/Apple___Cedar_apple_rust/8817af29-8b64-4fae-be6d-f05a2eed6b85___FREC_C.Rust 3695.JPG,9385,07a8c4c4f1be5905af8704b8b03afeec4ef35491348c223726f36b387dec2ae6,256,256,RGB,3,a66713d0eccd9b90,True,
source,rust,data/plantvillage/raw/color/Apple___Cedar_apple_rust/891545af-a393-4733-89a9-847a6da455ab___FREC_C.Rust 4182.JPG,9321,26431007d5c93a75e32ba6db859b034ef01c252ceff2f53744c158416770954d,256,256,RGB,3,be1894b4c34b4fd1,True,
source,rust,data/plantvillage/raw/color/Apple___Cedar_apple_rust/8a2c7dda-c639-47f2-8f10-3bd33d24a08e___FREC_C.Rust 3929.JPG,11764,644b6882e6e1fe4b0afc91217bb523c7125f5846e13a02fdb468a4150cdccd07,256,256,RGB,3,fe26c11b96851e35,True,
source,rust,data/plantvillage/raw/color/Apple___Cedar_apple_rust/8c16e58c-0272-4c95-a53c-1984bd6bb83e___FREC_C.Rust 0059.JPG,8100,6cb4720b1edd789a7f8e73f78cb1782106b7ea14c1da7261239e8ab210a0e5bb,256,256,RGB,3,fcc6829b992ccb38,True,
source,rust,data/plantvillage/raw/color/Apple___Cedar_apple_rust/8e4fc487-528e-4ff9-94dd-165332126018___FREC_C.Rust 9890.JPG,10071,f5673a7d21266e82c48a57cd7146160b0e9c71a8463068cae6b2db06333150c6,256,256,RGB,3,e9a2cecc927939a4,True,
source,rust,data/plantvillage/raw/color/Apple___Cedar_apple_rust/8e50e865-0621-442a-945d-f402f328151b___FREC_C.Rust 3699.JPG,9609,1d4a4964a1de9067623d580364f713e68e43d450b87331766a445b94c7f8be96,256,256,RGB,3,a6f3d80fc9181f64,True,
source,rust,data/plantvillage/raw/color/Apple___Cedar_apple_rust/8fd46690-5e57-47f6-8d99-235d4738411f___FREC_C.Rust 0074.JPG,8497,c81815c0b41a02b82c725a5a06520cfb9d1be971f25cdb5f0a7e850b5cfe75ab,256,256,RGB,3,fc9093cb8b8ccce4,True,
source,rust,data/plantvillage/raw/color/Apple___Cedar_apple_rust/90355db8-e997-4ab6-a1a3-14aca5e55395___FREC_C.Rust 9907.JPG,11160,26ff4026c65be07674f75a82a5a79e189386fd9632a046218e4ad70c80a568cd,256,256,RGB,3,9ae9a5d59e6a8885,True,
source,rust,data/plantvillage/raw/color/Apple___Cedar_apple_rust/90a124ff-56a1-46be-bac4-0bd424599cbc___FREC_C.Rust 4300.JPG,10499,8e0c9c1a00b0e0759ea6fecea55fc2811e1d165b7f52537674bc4183a6ce171b,256,256,RGB,3,d092a7ec5db56342,True,
source,rust,data/plantvillage/raw/color/Apple___Cedar_apple_rust/90bff1e0-f71d-4963-93cb-8a9a16f49e74___FREC_C.Rust 9939.JPG,9529,880e36d22d66d1af080e9a050b8780920ea2debd3a99bda4cc5b165aa417e696,256,256,RGB,3,fed1d10bc2e5492c,True,
source,rust,data/plantvillage/raw/color/Apple___Cedar_apple_rust/915ea730-231d-408d-baea-d2554d47bfa9___FREC_C.Rust 9809.JPG,9272,b9017688d8d27ca75caf1d473291f0f1b7242e4ad13e5d322d2d602e1825638a,256,256,RGB,3,a1c614b84bec6dd3,True,
source,rust,data/plantvillage/raw/color/Apple___Cedar_apple_rust/91ba83a7-5138-4cec-9fe4-e8729484836b___FREC_C.Rust 0058.JPG,8226,970854dde28b675849b43f8e0ed154d09df718d47bebec423379a6c8ee2ded52,256,256,RGB,3,ff84b483122ccb3e,True,
source,rust,data/plantvillage/raw/color/Apple___Cedar_apple_rust/91c6f875-414d-4449-937c-488718a84921___FREC_C.Rust 3756.JPG,9541,84e8743d31f2864ecd8317a0fcb7a07f14c64860492f3a1a6f0df7577ed8f3d6,256,256,RGB,3,fccda2c2d5961cc2,True,
source,rust,data/plantvillage/raw/color/Apple___Cedar_apple_rust/9251881a-0cf0-48e1-80c5-562704abb40c___FREC_C.Rust 3681.JPG,8724,a7d963d326ec2f2c4020fedc1551f076b6fec48cfe1bf13aff8627981aa3d440,256,256,RGB,3,cad6b5d03449d39c,True,
source,rust,data/plantvillage/raw/color/Apple___Cedar_apple_rust/928e5ee5-6568-4e73-afbf-8251794d33a8___FREC_C.Rust 3747.JPG,9785,48141287cf19b6ae1e24604ce242bcdcb908dd524f2b4864447cd845fdc088d0,256,256,RGB,3,a97ab664c8939e61,True,
source,rust,data/plantvillage/raw/color/Apple___Cedar_apple_rust/92d7ce46-da77-4c87-a58b-81a44b0a9a58___FREC_C.Rust 4351.JPG,10525,a94c1f7ad6a0feba2fe2eb13c083c1495140a2e39188685d485c67244576196b,256,256,RGB,3,abd0b7b35231cc58,True,
source,rust,data/plantvillage/raw/color/Apple___Cedar_apple_rust/92f2fe26-624c-4620-8210-0e2ff92e594d___FREC_C.Rust 4354.JPG,10643,f5ccab48bc6de2d48fa97699a50719773dc006ee429d8f8da4ab14b1ad01a6f5,256,256,RGB,3,acead3a44d994663,True,
source,rust,data/plantvillage/raw/color/Apple___Cedar_apple_rust/9360a196-fc3f-495e-ab9b-1803bcd87921___FREC_C.Rust 3818.JPG,10270,705d2b3e527dabb00ec8a9cc7867b9e6cabe5ab8a92ae8fd791ee95cbc4f5e07,256,256,RGB,3,f380cd359a8f6760,True,
source,rust,data/plantvillage/raw/color/Apple___Cedar_apple_rust/949d3f98-9992-4f2d-8384-a74d3e9a4ae8___FREC_C.Rust 0197.JPG,10481,61dce7ff5bfc6e7ee5305aee58e4814add40831fd8d06f86a383b777e764bd61,256,256,RGB,3,e692b50d9b664d32,True,
source,rust,data/plantvillage/raw/color/Apple___Cedar_apple_rust/94d6b99f-2ac4-4a88-823f-3c607358d057___FREC_C.Rust 9826.JPG,10657,5ad78a814350ef6775e786728276aded6d643660bb8f014f46a4da01a098fefa,256,256,RGB,3,e86385949ece69c9,True,
source,rust,data/plantvillage/raw/color/Apple___Cedar_apple_rust/96a1d021-2c27-46a0-9891-41e449e4910e___FREC_C.Rust 3610.JPG,9541,089eede5ed9bf4f684e6d95e4584cb445e29f66b66d283dd7ffd04bc19666a5d,256,256,RGB,3,fadad6a48d318691,True,
source,rust,data/plantvillage/raw/color/Apple___Cedar_apple_rust/96bec7bd-9c12-4284-a298-d20379abb4a2___FREC_C.Rust 3815.JPG,10299,4ed1af91a2b96c4cefcb7490ff91d44890fbdb5953aca1423dcbf5b1b3cf2a0f,256,256,RGB,3,fac2851dd19d3364,True,
source,rust,data/plantvillage/raw/color/Apple___Cedar_apple_rust/98db1965-ab83-41ac-bd9b-a029d42a236c___FREC_C.Rust 9878.JPG,10602,9a151d48546cb7f4a7c0085e5ae5ebbedaff0c10e927a3eb0fec475a25c1710a,256,256,RGB,3,b9e666949a684db1,True,
source,rust,data/plantvillage/raw/color/Apple___Cedar_apple_rust/99efb674-1e97-4f94-978a-a87c24dde48a___FREC_C.Rust 9995.JPG,9726,5f332d5b09b46966fc032fcb6fc70d2f2ad5499ce41536815fc3b8ceb58cc55a,256,256,RGB,3,eda9d2f086960dc9,True,
source,rust,data/plantvillage/raw/color/Apple___Cedar_apple_rust/99efeabc-dafd-45ca-8111-91ec6aae3a7b___FREC_C.Rust 4089.JPG,10466,b660e17bae3663026701b4973f15ff1c8f5dfaebf2c8e0f99be5513cf21e609b,256,256,RGB,3,fd40c33d83b04797,True,
source,rust,data/plantvillage/raw/color/Apple___Cedar_apple_rust/9ace7aaf-8950-43b5-bafb-2c63f8839c20___FREC_C.Rust 9867.JPG,10702,8a617e446826c9b7ae039cae81909a5952c032b29ed0b307d1bc0fc51f68e47e,256,256,RGB,3,fcc1d61e59346558,True,
source,rust,data/plantvillage/raw/color/Apple___Cedar_apple_rust/9b3023a6-f35a-46b4-be98-022eb2ac42e4___FREC_C.Rust 9801.JPG,9898,5810cb49ed7f67a36a3860e739e5d78f42cc73e8489308a9f8a2f2f40710c4b7,256,256,RGB,3,ab76d0742b8be434,True,
source,rust,data/plantvillage/raw/color/Apple___Cedar_apple_rust/9bbb97c5-a05b-4853-a30e-3b3ec1917067___FREC_C.Rust 3674.JPG,8225,7991c12af10136ae734865f8dfb2368ff5c317ea8240a2e56bec166f05f7057c,256,256,RGB,3,f5e1cc1af227246c,True,
source,rust,data/plantvillage/raw/color/Apple___Cedar_apple_rust/9d03ec86-ab87-4193-8589-9cfeada9fe70___FREC_C.Rust 4442.JPG,9685,18fc871fefb689ac5f297131dc8f35713396b9be6f9904d6c44983bfcc34e48f,256,256,RGB,3,e694279a97c892ad,True,
source,rust,data/plantvillage/raw/color/Apple___Cedar_apple_rust/9dad463d-4f26-4fa5-b500-7b85613dbf46___FREC_C.Rust 9824.JPG,9072,81d760e628b2afd8116b9e9172f707ef1684ac39a558fc94d1009f80814c6f0a,256,256,RGB,3,dbb395b49ac44899,True,
source,rust,data/plantvillage/raw/color/Apple___Cedar_apple_rust/9e83b384-97cc-4b00-a283-cbed301e876a___FREC_C.Rust 4052.JPG,9927,ad8c954747619d831b07252cce9ce9e4350f3c8c3ae7b987c21c56f110bb469c,256,256,RGB,3,af69d086979e6c18,True,
source,rust,data/plantvillage/raw/color/Apple___Cedar_apple_rust/9ebff92f-999c-49d0-9235-6c98aaa63bbd___FREC_C.Rust 4206.JPG,12536,0c146ba9554ed5c143b2a58775ba43b67d0ca9dd04f8c0a72ec033418af4906c,256,256,RGB,3,ef06e03a9791f078,True,
source,rust,data/plantvillage/raw/color/Apple___Cedar_apple_rust/9f7d070e-f51d-4b14-86e4-6f059ea4eca7___FREC_C.Rust 0210.JPG,8788,0779d3e3edda945b131bb33c776cced7b8143ba005f1089638e1f1a1ccd4a511,256,256,RGB,3,bc1661699e244f37,True,
source,rust,data/plantvillage/raw/color/Apple___Cedar_apple_rust/9f8d81c0-6a20-47df-b52a-46820078fd74___FREC_C.Rust 3626.JPG,10889,50a2990896e9962dde40e0b786a93a28e5dec9438547eb92882a42d1a43b9dd4,256,256,RGB,3,a909d2f261c7c7cc,True,
source,rust,data/plantvillage/raw/color/Apple___Cedar_apple_rust/a0277f94-ece7-4f93-8b26-adea371f0a32___FREC_C.Rust 9917.JPG,10001,6e69b225384dc75e1a99cea9a34b0df734ecb8e4fcb3ef475249067ed07ac044,256,256,RGB,3,fcf2a51594c8da19,True,
source,rust,data/plantvillage/raw/color/Apple___Cedar_apple_rust/a3141843-3628-45c2-ac01-5b1726744c6d___FREC_C.Rust 9906.JPG,10840,59030ba2250fa940400c8a8740615f2923d1497304a8bfa51ca5bc6f2e700e2b,256,256,RGB,3,e93287c2964ddb8c,True,
source,rust,data/plantvillage/raw/color/Apple___Cedar_apple_rust/a39baf45-f09c-4b1f-a382-25c8f61f49c0___FREC_C.Rust 4123.JPG,11076,1160dccf8cd885151107e15ae570798e92d3f255f35261a1ca0c2e5c4f317df6,256,256,RGB,3,de484a2d2d3574b6,True,
source,rust,data/plantvillage/raw/color/Apple___Cedar_apple_rust/a3bfb6c7-1f1e-407a-a2cf-40b316896185___FREC_C.Rust 9819.JPG,11405,f9bcd5975575159c34848909dc5780e093eaea70128c4f7e89bbf81acf8bd4ac,256,256,RGB,3,eb3394b4daca2989,True,
source,rust,data/plantvillage/raw/color/Apple___Cedar_apple_rust/a4e8bc4c-4522-4a7d-b7c9-70c4b220561e___FREC_C.Rust 3570.JPG,10074,6bb069c0698307159e3703310ca33364ac6f9e5372a807db22a267cff0817c8f,256,256,RGB,3,ed80321912dddc7b,True,
source,rust,data/plantvillage/raw/color/Apple___Cedar_apple_rust/a523f082-e20a-40a4-b91a-6806b3794f29___FREC_C.Rust 3965.JPG,10196,89d4bfbeb0d6b444cab73c05edc3de76c80aa4f025721e3ac48940b29d35ea85,256,256,RGB,3,ae34d2cb9a93c718,True,
source,rust,data/plantvillage/raw/color/Apple___Cedar_apple_rust/a5644e1f-cc61-4ecc-a642-a39cb32cf157___FREC_C.Rust 4450.JPG,11957,c027c9d7c27b8e6937c9a3453267c27922ea086954959603cd497c77930616b1,256,256,RGB,3,a95e366892f44973,True,
source,rust,data/plantvillage/raw/color/Apple___Cedar_apple_rust/a6ff61c5-74e4-48a5-b3c4-f8a80d3a1eca___FREC_C.Rust 4327.JPG,10309,b133e798de9eb4b69269351561101fa5c55946e59f2a3b4007087a96cae82766,256,256,RGB,3,dadab1c51c64e133,True,
source,rust,data/plantvillage/raw/color/Apple___Cedar_apple_rust/a7918302-395d-4bd8-854b-b2a335f1cc3f___FREC_C.Rust 4075.JPG,10187,a8a8897a2d6b4948882785306ec04c2e329d2e66c268a2a070b27c5d9b729c74,256,256,RGB,3,afc91236dcb41c27,True,
source,rust,data/plantvillage/raw/color/Apple___Cedar_apple_rust/a88eb7c4-930a-448e-923e-bef22327fe25___FREC_C.Rust 0044.JPG,9939,df96bfbac5229fec89b2e18683b02d8e50eb3dfc43792ba845ee86c309627712,256,256,RGB,3,f8a3c70ece18c939,True,
source,rust,data/plantvillage/raw/color/Apple___Cedar_apple_rust/a9c36955-73f5-43d5-9e1e-03672ed95b38___FREC_C.Rust 3893.JPG,13294,08cb916f0ef6ff086fcb2b4f63e1a074b797ac2656053062f7308a975cabd4e5,256,256,RGB,3,ad52366d9b346962,True,
source,rust,data/plantvillage/raw/color/Apple___Cedar_apple_rust/aa87fd23-a302-4e4e-80e7-18a261b17fd5___FREC_C.Rust 9989.JPG,9107,83a0b024f2df3d03e1d270d689b80c81c1470f1d391aa0bfd135080ae4a4f537,256,256,RGB,3,fd42d2099678dc35,True,
source,rust,data/plantvillage/raw/color/Apple___Cedar_apple_rust/accd43fa-2496-47ad-a24b-81da9e5f82b7___FREC_C.Rust 3783.JPG,10070,e11001316585cb3a0fcaeffe40011467aee3eb7ffa19352cbe380409bcaf8921,256,256,RGB,3,db5846c76c3419e9,True,
source,rust,data/plantvillage/raw/color/Apple___Cedar_apple_rust/ad8d7957-d361-44cd-ab49-f58e23870614___FREC_C.Rust 0110.JPG,10013,65cb465483c5b03ba3de2a9e671b90b9f61844f158cf96f2f1643a31c0a885bd,256,256,RGB,3,abb89563c2e2cd43,True,
source,rust,data/plantvillage/raw/color/Apple___Cedar_apple_rust/adc62175-3fb6-4273-81d2-818c75ba0ab1___FREC_C.Rust 0233.JPG,9600,c734551bd44b6fbb1deb37014829638f314d0f83696c6fb46c24d7c15eccee6c,256,256,RGB,3,99c07c2ce673071f,True,
source,rust,data/plantvillage/raw/color/Apple___Cedar_apple_rust/af89cf7a-446b-4a39-b454-99a611c10ed2___FREC_C.Rust 3862.JPG,11040,5418d035bb33846c59008cce2c3f310082aca27f413193bfc310e9fb26ba6f28,256,256,RGB,3,aab8b5c0466b1ee5,True,
source,rust,data/plantvillage/raw/color/Apple___Cedar_apple_rust/affae282-693e-4078-b037-de7037ecdcdc___FREC_C.Rust 9909.JPG,10716,9174d7d66615c02afc1b839624da745702537a6a4ef91a488a07470c22c81bc1,256,256,RGB,3,fe0ac1359bc6cc70,True,
source,rust,data/plantvillage/raw/color/Apple___Cedar_apple_rust/b14f7df6-7a6c-44e6-80a4-c0c11318a9a9___FREC_C.Rust 4260.JPG,10686,31d28ef295f6afd3cef7f8b593bf16ab83c3ed2ddd129d0523fb06e520e45c7e,256,256,RGB,3,8bd5708ee3f04c33,True,
source,rust,data/plantvillage/raw/color/Apple___Cedar_apple_rust/b1a2c1e8-e1a6-4d25-9d5b-1488e9d8b0ee___FREC_C.Rust 3938.JPG,10741,f4b550dad53bd343c8e0c436d90836ce85bc87a3e26cdbbaea603e24aca4247b,256,256,RGB,3,de038572ba9dc4c6,True,
source,rust,data/plantvillage/raw/color/Apple___Cedar_apple_rust/b20f66dd-3447-4d83-96d8-b63d03741f47___FREC_C.Rust 3621.JPG,9542,6e09f24467eab4d1c11d94e49cdf446ff915b32a2d861cc9df53ead35d90ae35,256,256,RGB,3,b878c43c8f271f07,True,
source,rust,data/plantvillage/raw/color/Apple___Cedar_apple_rust/b2723e0b-7e61-48ae-b50e-0cee5d437cb3___FREC_C.Rust 3823.JPG,9398,cee02e147b6d4616450020c19958a894c276f587cd9ebe90ef81e5ffb86fc878,256,256,RGB,3,803fb0d33fc03fc4,True,
source,rust,data/plantvillage/raw/color/Apple___Cedar_apple_rust/b401cded-e2cb-4907-b475-5373142735d9___FREC_C.Rust 3766.JPG,10843,f43754156904738ca1451c8fb3de665c1bbb515999a2a577dd5e317b4f5b6cca,256,256,RGB,3,ee6291d4978eca94,True,
source,rust,data/plantvillage/raw/color/Apple___Cedar_apple_rust/b5869aff-ad9c-4d28-8e57-c20e21d25c01___FREC_C.Rust 3561.JPG,11476,43018fdda7b0d8fb4248c19ef466e6b5f488deb52423d0566d2048589e40f73c,256,256,RGB,3,9f0f63b078e9e0d0,True,
source,rust,data/plantvillage/raw/color/Apple___Cedar_apple_rust/b5a75c29-c79a-4db0-8976-e33e48628ccb___FREC_C.Rust 9966.JPG,11294,92f6f94a974063f7dd877cf003e8b42fa00133b405e377924d459696c0bc6fb8,256,256,RGB,3,aad1854fdaa6b149,True,
source,rust,data/plantvillage/raw/color/Apple___Cedar_apple_rust/b75430d8-c8a2-4620-9bbb-88c301cba700___FREC_C.Rust 4385.JPG,11124,212f3e6ee2874ef8f601922ed34abbc2fe5100eef2b9ea768c586b12a9086bd4,256,256,RGB,3,8dcc93b11ec9e09e,True,
source,rust,data/plantvillage/raw/color/Apple___Cedar_apple_rust/b83383d6-f476-412f-b8b8-6965a795ef7b___FREC_C.Rust 3541.JPG,8199,29e3579617d1106bba94ad643f463021f30674364dd72f012c7232a34907d798,256,256,RGB,3,e91426f986c993b6,True,
source,rust,data/plantvillage/raw/color/Apple___Cedar_apple_rust/b845075b-dbb8-4b69-bec2-36e99cee7f3c___FREC_C.Rust 4038.JPG,11435,72b11d558bfcb0e2d1c555360cf0caeaf8a6c04302b86420dfc2406832193fcf,256,256,RGB,3,8ab035965a0f4bbe,True,
source,rust,data/plantvillage/raw/color/Apple___Cedar_apple_rust/b884b0a2-44bb-4bf5-b335-946b1757c822___FREC_C.Rust 3955.JPG,10926,fc1417d829c22a4501095af94370d1aab063224a9a575f780aefb03370394bc1,256,256,RGB,3,a7f2700f89484fb9,True,
source,rust,data/plantvillage/raw/color/Apple___Cedar_apple_rust/bc863aa7-2cb6-44f1-b060-4cd78237d7a3___FREC_C.Rust 3566.JPG,10013,ba3d4a97a425614764f7c0fe29696d2dcb00abdbce3da77fd98982d300ae0b49,256,256,RGB,3,8f8ef0f84323707c,True,
source,rust,data/plantvillage/raw/color/Apple___Cedar_apple_rust/bcc248dc-0c65-46f0-b80e-bac2b8db5045___FREC_C.Rust 0013.JPG,11193,fd254bec39a4b2188ef491f5bc432de675eda2078614b3b4c558189a9602b4c1,256,256,RGB,3,bea640799dcd4e48,True,
source,rust,data/plantvillage/raw/color/Apple___Cedar_apple_rust/bd0ead39-9628-46b3-9feb-c3496af0ae8b___FREC_C.Rust 0015.JPG,10801,35e522ea3168cf6b271cf7974102d0a5183552b3ca2aea743394aa61f09a0981,256,256,RGB,3,f2f2a5ad9cd6480a,True,
source,rust,data/plantvillage/raw/color/Apple___Cedar_apple_rust/bdf1ac66-9dd3-4590-8e49-ee0e754a69f5___FREC_C.Rust 0151.JPG,9069,968c58569642ea9311d2bf5c1a258b706791b1ec6ab8c88396f236c76b31d4a1,256,256,RGB,3,a62a98d9c3276dd2,True,
source,rust,data/plantvillage/raw/color/Apple___Cedar_apple_rust/bee59bef-1155-40bd-97a3-8c600c33e6b5___FREC_C.Rust 0082.JPG,8791,f293612f61377a8f7ec5aabb7024ac9af8abad8b49916c26f0eea311ee6a18d4,256,256,RGB,3,ed2d9692db31c125,True,
source,rust,data/plantvillage/raw/color/Apple___Cedar_apple_rust/c16bbb5c-bd59-4568-80a4-ac10eb488a4e___FREC_C.Rust 4274.JPG,10265,ecc1e84ce7ff8306ee0d86eafb5b2ef78ebaf8b1be65b0696fdfa6b9434c3592,256,256,RGB,3,f98487b6846bbc49,True,
source,rust,data/plantvillage/raw/color/Apple___Cedar_apple_rust/c1d81b03-9e29-4f99-813b-1a9578defbc8___FREC_C.Rust 3942.JPG,11010,fab2580df3f9abf7a61154c736538b8d4009fb42f12978b9932715aa7ac9e6a2,256,256,RGB,3,95a1c38e1cb1c33f,True,
source,rust,data/plantvillage/raw/color/Apple___Cedar_apple_rust/c5912efe-a2cc-4203-bc9c-bdc58adcf6a3___FREC_C.Rust 9821.JPG,9708,0f06fa145ba06786fab78656d62fdfdfa0d6284e0cf89cf06f6bd4473168aa66,256,256,RGB,3,aaa3d1f8ccc6392c,True,
source,rust,data/plantvillage/raw/color/Apple___Cedar_apple_rust/c66745e3-7285-461a-959e-0f2f25b0e198___FREC_C.Rust 3746.JPG,9749,a3c6eddd75300b8015ef6f5138efdcc2ecdca2cc0b49a43537483a03ae31a8d0,256,256,RGB,3,abcef495f078c380,True,
source,rust,data/plantvillage/raw/color/Apple___Cedar_apple_rust/c8ef20c5-1117-4774-aeec-0f263f9f3b3c___FREC_C.Rust 3853.JPG,9672,bcbd095fce718a7e9dd7786e92078bfff0d20e1543e7164cc634fa9ef0b1a3f0,256,256,RGB,3,a854954a96656b77,True,
source,rust,data/plantvillage/raw/color/Apple___Cedar_apple_rust/c915957c-39df-4299-8061-f1f94293529a___FREC_C.Rust 3660.JPG,9363,79a08968bfe11f978178514864bf90414273ce85c2bd0e3bc249a7473c74caee,256,256,RGB,3,fd7ac6692194e468,True,
source,rust,data/plantvillage/raw/color/Apple___Cedar_apple_rust/cc887bc3-fb12-407d-9a11-d8f829e3d6a0___FREC_C.Rust 0127.JPG,9592,2d0a5bdd9da847103e3bcd2e0e646eefed2d75f37d7c1e7c95b228990e6912fd,256,256,RGB,3,ab07d47ac0a14f4f,True,
source,rust,data/plantvillage/raw/color/Apple___Cedar_apple_rust/cdb4821f-1d1b-4f61-982f-2057ca1b7ecb___FREC_C.Rust 4270.JPG,13048,229326602201feaec36aeae5e813945fcfdbdfaa9c55f2e9042ce20892e6a0d6,256,256,RGB,3,df0d623535321e93,True,
source,rust,data/plantvillage/raw/color/Apple___Cedar_apple_rust/cf570118-397c-434d-b158-d3539dd12786___FREC_C.Rust 0122.JPG,9557,b3c32dee6a1c3f4315da88c2bee763e8b218235f72a7586ef6cfe5da5c7e81ad,256,256,RGB,3,ed87506b03344fe5,True,
source,rust,data/plantvillage/raw/color/Apple___Cedar_apple_rust/cf65a122-3455-40dc-8ba0-f6f71c4b0782___FREC_C.Rust 3673.JPG,8410,3facb236797c2220925bbad90d71c58c4389f9d1e692dc09029e62e9a7a8ad90,256,256,RGB,3,fb100d6bd2a473cc,True,
source,rust,data/plantvillage/raw/color/Apple___Cedar_apple_rust/d2465b2c-5b95-4557-b086-211e6e7a73d2___FREC_C.Rust 0045.JPG,10203,f449f994dafb9d99d1b9f838bd255441b112de0d7ba96bae24efa1615955b31b,256,256,RGB,3,f863858d96389b39,True,
source,rust,data/plantvillage/raw/color/Apple___Cedar_apple_rust/d3df6ac8-4b20-460a-ad91-68e50d49078c___FREC_C.Rust 3879.JPG,10156,3cf827615fbf474c0263e4eb19c4dbf36daf75f305bde90da88f7fea470bc045,256,256,RGB,3,df1b80851b8eb63c,True,
source,rust,data/plantvillage/raw/color/Apple___Cedar_apple_rust/d4165e95-f43c-41e5-a177-cc5ad823b5b0___FREC_C.Rust 3781.JPG,11965,4d93c2def4c44306b810320506d9f0f4b142e5722dbad52584f494acd3b96b4b,256,256,RGB,3,ef43b078933dc360,True,
source,rust,data/plantvillage/raw/color/Apple___Cedar_apple_rust/d4547913-b1ce-4620-b078-dbf24ea71764___FREC_C.Rust 4197.JPG,11114,091c8640504bd3035c6a6f6e681382c1bfed1decaf89facc3c8f6451fd50c311,256,256,RGB,3,a75c328b9127cf34,True,
source,rust,data/plantvillage/raw/color/Apple___Cedar_apple_rust/d46c67aa-e05c-48f7-9287-fbc727396c9e___FREC_C.Rust 4036.JPG,10900,043c5c6c7cf094ba0e6dbc8ad459929fb17bb7a793060fc9889da01941d102b1,256,256,RGB,3,fbc0850a56edca3c,True,
source,rust,data/plantvillage/raw/color/Apple___Cedar_apple_rust/d4cda9ab-6b06-4551-ad3d-ee61dd78450a___FREC_C.Rust 3592.JPG,11206,47b6d4c62c4f7ca799008ab45c9307f7fa46897a9991dded808374be813eb272,256,256,RGB,3,ca9bb5c494b5cc38,True,
source,rust,data/plantvillage/raw/color/Apple___Cedar_apple_rust/d523dfa0-a337-44db-a994-669ac6e0a87c___FREC_C.Rust 4006.JPG,12417,a97804af003556c32e891faaefaa88d221b20e0e286850b59d3eb07c4183b16b,256,256,RGB,3,a9a996529a3e686d,True,
source,rust,data/plantvillage/raw/color/Apple___Cedar_apple_rust/d5839d69-9c98-4ea7-811b-03b40e7fc991___FREC_C.Rust 3869.JPG,10063,cd8a2fd1b0a05ccb159045d12296b26e477a2f38d1a7117642b92002ba004b7a,256,256,RGB,3,ae8694c8935a9bad,True,
source,rust,data/plantvillage/raw/color/Apple___Cedar_apple_rust/d58e68d2-a041-445c-8639-7359edd4827c___FREC_C.Rust 3558.JPG,8508,dd35834cb729e529ec40ef33ae13e8a60301bc3be3acc328a4cb264d36650ea0,256,256,RGB,3,aedcd0e2c7c3068e,True,
source,rust,data/plantvillage/raw/color/Apple___Cedar_apple_rust/d5d4f65c-aeca-4965-82d4-05d179dfa92e___FREC_C.Rust 4382.JPG,13239,df5404d4cda968aaa97c5cf9f6e915c628868088bf46ec1c74ef6801e99ac877,256,256,RGB,3,84a937969ee25987,True,
source,rust,data/plantvillage/raw/color/Apple___Cedar_apple_rust/d6485527-aab0-463c-b895-64d7612f45f1___FREC_C.Rust 0144.JPG,9924,c41f82057c098dff63633e03c75f4518bc60785e242df1d4488cd9debf060695,256,256,RGB,3,a64f59b9d3244d64,True,
source,rust,data/plantvillage/raw/color/Apple___Cedar_apple_rust/d64bd246-5ab0-4b1e-b522-3f69668214d1___FREC_C.Rust 4290.JPG,10835,f603dae18a77ce09fa336ed2d077b25b2eed3063eb286852123a9846687b3eb8,256,256,RGB,3,ec5c346737343293,True,
source,rust,data/plantvillage/raw/color/Apple___Cedar_apple_rust/d79cfdd6-fa8a-4a96-aa90-3c347bb9c800___FREC_C.Rust 4125.JPG,11645,23f4d5753d19793c94b30cb56e6f1be599f7167a254547e4f9899e01af584544,256,256,RGB,3,df19602f0d3d243e,True,
source,rust,data/plantvillage/raw/color/Apple___Cedar_apple_rust/d7fb4740-9707-484f-9809-b7efa8f7851d___FREC_C.Rust 4344.JPG,11787,e1d2a64fe618f560cf2850741994e3d19aac2d0f0173197393be7513caa202da,256,256,RGB,3,f1dc07e77831852c,True,
source,rust,data/plantvillage/raw/color/Apple___Cedar_apple_rust/d836e354-b8ec-4747-abb6-a92804c390b5___FREC_C.Rust 0023.JPG,9609,02854e8aaddb1b698c04db243db90b6a03ade01ee5f1b2d4fa5e4eb2947535cd,256,256,RGB,3,b8976dc853bc4334,True,
source,rust,data/plantvillage/raw/color/Apple___Cedar_apple_rust/d9db24c6-22b7-4786-8cb9-a1a805fd9fc5___FREC_C.Rust 3803.JPG,10492,6e44fb204c407f9d8774ff1b5ddb4edc7c995c405b188977945c7e481eb0f262,256,256,RGB,3,ec85859ab366722d,True,
source,rust,data/plantvillage/raw/color/Apple___Cedar_apple_rust/daf0438c-72e3-49af-b23a-50b0d136b18c___FREC_C.Rust 0182.JPG,10304,192b67f4028196a0e54d7558af53a27072dadf955150ad70fc52cc798ba05f71,256,256,RGB,3,ad9492ca8ded1a69,True,
source,rust,data/plantvillage/raw/color/Apple___Cedar_apple_rust/db3ca396-a1ed-416d-902e-9265335cf132___FREC_C.Rust 3711.JPG,10556,9223aaa9a3e15c982ec9234dbd4cc0c189ad2fcce293bea1616fc47eafe1b3e6,256,256,RGB,3,af58903db86699e4,True,
source,rust,data/plantvillage/raw/color/Apple___Cedar_apple_rust/dc75b693-0cd6-4a48-b0a0-e442070df2cc___FREC_C.Rust 9951.JPG,8738,58b5bd833fcd8a766acb5e6e8ec9a3850b0bd9c8c5baeef2c2b6c243923c9ce0,256,256,RGB,3,abc194cb9a3cc335,True,
source,rust,data/plantvillage/raw/color/Apple___Cedar_apple_rust/de0d25d1-eb08-4b9a-ac44-07d755d1fca0___FREC_C.Rust 9856.JPG,9972,2c4441e1c414e998f11acbf66a08930bad5163540ebabcf22ea2beb827e52785,256,256,RGB,3,ec88971bcb64c92e,True,
source,rust,data/plantvillage/raw/color/Apple___Cedar_apple_rust/de78e9f9-5e7f-47e2-b750-7d510e876bae___FREC_C.Rust 3611.JPG,11448,6916c5dcc4549b26767f96e39c9fd562ac2c58782fca30cb2d3976e9dd6b556e,256,256,RGB,3,9ada613d8de130ec,True,
source,rust,data/plantvillage/raw/color/Apple___Cedar_apple_rust/dec47754-abfe-496b-a310-47d1fbb077ba___FREC_C.Rust 9910.JPG,10752,c2146fd4b34523a4738f2d772a4d516f869ebfe74c548c90dfd35b55a0d01e8f,256,256,RGB,3,fe2bc1309ac6c96a,True,
source,rust,data/plantvillage/raw/color/Apple___Cedar_apple_rust/dee4cbf1-9bdd-451a-b1bb-21756fd981e9___FREC_C.Rust 3727.JPG,9860,b3f1dfab94de897497975eb73ee170831d765dc7aa10bab2fa7b34f9a5c89d20,256,256,RGB,3,d29f25e3876c0c9c,True,
source,rust,data/plantvillage/raw/color/Apple___Cedar_apple_rust/e0d2045f-215f-4aeb-be90-0859ce7c49cc___FREC_C.Rust 3613.JPG,10066,f26820cbfc4f81954cbf1cc26a3625c852ce08c4882276b3294fb9a2f5e60ecd,256,256,RGB,3,9067b5256e7863cc,True,
source,rust,data/plantvillage/raw/color/Apple___Cedar_apple_rust/e1140e29-f2c5-43ca-b69c-981f278d0b86___FREC_C.Rust 3569.JPG,10318,ad3ef3f9d05a254aee69d38f4e797f420fe2d6ca2552f19bbd05818f0ab35d47,256,256,RGB,3,8f6e381b333c70e1,True,
source,rust,data/plantvillage/raw/color/Apple___Cedar_apple_rust/e15e3b48-edda-485d-b5a0-0d876f441b73___FREC_C.Rust 3692.JPG,10608,4fdb13af5262987b4fff7f9835a764bf92810293145563778547cd45d2efb2a3,256,256,RGB,3,fa86e0b3275992e1,True,
source,rust,data/plantvillage/raw/color/Apple___Cedar_apple_rust/e21f859e-9fee-43ee-a1ca-722c55885ad2___FREC_C.Rust 3852.JPG,12096,6113a8d3c1642977e1f2121576b0c3567026306651bddc376ce126ceaf8d490e,256,256,RGB,3,8e15305ab569cb37,True,
source,rust,data/plantvillage/raw/color/Apple___Cedar_apple_rust/e4b8b876-3bfa-4e82-bb17-92293b4b5be8___FREC_C.Rust 4170.JPG,10974,94dc444f1fddf751b4f22b66057242f6dfe9646ca2d0d7b8a4fddcd05d8e4ad4,256,256,RGB,3,f783b19b9848cda4,True,
source,rust,data/plantvillage/raw/color/Apple___Cedar_apple_rust/e5521dec-ea35-479d-93be-38743927db53___FREC_C.Rust 4356.JPG,11948,dce3c6ba8fdbf6d23448f5512449c1237b1ebd8fef75031f69c49bbdcf276b36,256,256,RGB,3,8c33374912679b2f,True,
source,rust,data/plantvillage/raw/color/Apple___Cedar_apple_rust/e733b839-3fac-4c4e-ac1c-38fa89c1e739___FREC_C.Rust 3546.JPG,11415,8cbe39deeceffc0da838d8ea2990c9cfc12b2d7d4ec0fea9947b72b15be042e7,256,256,RGB,3,9e8d613835e39726,True,
source,rust,data/plantvillage/raw/color/Apple___Cedar_apple_rust/e908463e-59ee-4eac-b1c9-4a79850030bc___FREC_C.Rust 9980.JPG,10751,b69fc09b4ea58b75c0cab2349e9cdece1ddfcdd90edf0687cf80bcf67605927c,256,256,RGB,3,fec0a1bc87f11a1a,True,
source,rust,data/plantvillage/raw/color/Apple___Cedar_apple_rust/e95a95f3-6650-4134-82fe-d6eae344b27d___FREC_C.Rust 3587.JPG,10713,0892d5ee0e3332632cda023fe2e4ecf82f6fa56169f2871f2e1c7a942a1d0840,256,256,RGB,3,a12e7e766cf130e0,True,
source,rust,data/plantvillage/raw/color/Apple___Cedar_apple_rust/ea119d19-1b3a-4767-af1d-e8b148a3bb8d___FREC_C.Rust 3579.JPG,10166,0002811ffd5484e96fd125e098b166bdeb006a9d28e440afcc3fee6ed8c9f5b4,256,256,RGB,3,8df952c3c1c4878f,True,
source,rust,data/plantvillage/raw/color/Apple___Cedar_apple_rust/eb94b818-0cd7-4233-8315-1138c258eb88___FREC_C.Rust 0164.JPG,9462,2f77c6dc58df25c0f9ccb64a97c36079b202b89ca36fcad8c61ad6de2e728aa1,256,256,RGB,3,a4ad93d78c38c333,True,
source,rust,data/plantvillage/raw/color/Apple___Cedar_apple_rust/ec8120c7-f9b9-4831-a7b3-242a9c22a17a___FREC_C.Rust 3720.JPG,10737,6096ea54734ee44de2574766c077d4f8fa4960b2b55f1738d6e23be3ec6f20ae,256,256,RGB,3,ee63913fc864d330,True,
source,rust,data/plantvillage/raw/color/Apple___Cedar_apple_rust/edf726ff-0eff-46a5-90d3-23badf249c46___FREC_C.Rust 9972.JPG,11693,47ab12aaec054e7fcf892f34be23650fe8cdcc00c12cb70c7b5a23b1f22c21d9,256,256,RGB,3,ff46c03c87711a1b,True,
source,rust,data/plantvillage/raw/color/Apple___Cedar_apple_rust/ee625c73-927a-4959-ac97-d98a753ae99c___FREC_C.Rust 9904.JPG,10726,5394930c87a81851486884afb2a10c12f1afbdf3dc04cd6a005dbdaa5606db4d,256,256,RGB,3,e9e485d9999292a7,True,
source,rust,data/plantvillage/raw/color/Apple___Cedar_apple_rust/ee7229ad-03bd-4ca3-9814-ace05f041b4c___FREC_C.Rust 0187.JPG,12191,c24f67de61953da4f03c834bc410dddc78a95aa3b1f7805d937d28f043805280,256,256,RGB,3,f723c394d86e4d90,True,
source,rust,data/plantvillage/raw/color/Apple___Cedar_apple_rust/f02732b5-5250-4c05-80cf-fa68e71fee69___FREC_C.Rust 0234.JPG,11360,f21b02d36b6282d60681523574980818f554bf3dfcfdeffca7b0732166b526d2,256,256,RGB,3,fba6c48ccd789131,True,
source,rust,data/plantvillage/raw/color/Apple___Cedar_apple_rust/f0d04e6e-18c3-4c74-a56c-609b5035f358___FREC_C.Rust 4231.JPG,10814,ec9057bc1745aea8f9482764e15d8f43145c9622323a20bae400f96326e5b900,256,256,RGB,3,baf434cae383c13c,True,
source,rust,data/plantvillage/raw/color/Apple___Cedar_apple_rust/f167b41b-c294-47e4-aed9-9ff7923176a5___FREC_C.Rust 3969.JPG,9763,cf6700c98d8bd671e0f5a9c9d917c1ed434be607a05937a9561cd42aec6208bd,256,256,RGB,3,aa4ee9c18f9db414,True,
source,rust,data/plantvillage/raw/color/Apple___Cedar_apple_rust/f2c49716-d630-4dfa-8104-e98b8a9d7497___FREC_C.Rust 9897.JPG,9684,d7866094c3d362d63952f83a9928f0a47ab7135d7295675ef8c6d2cb3235c9c1,256,256,RGB,3,e55392789863c9e6,True,
source,rust,data/plantvillage/raw/color/Apple___Cedar_apple_rust/f416a057-5518-4df4-8c12-660cd636166c___FREC_C.Rust 4412.JPG,11662,12c8a795fe8883cf42df816816a48057db230b1ba812f3ce26f39a1772d5c209,256,256,RGB,3,8ada14ad1b3264ef,True,
source,rust,data/plantvillage/raw/color/Apple___Cedar_apple_rust/f5a27cbb-be27-4416-b9ae-a811e885c131___FREC_C.Rust 3788.JPG,10400,da6309077a5c929da22f07e0bbe15efb94240f03e0d4be8647471c3c2c2bd573,256,256,RGB,3,b8f1818787c3b60f,True,
source,rust,data/plantvillage/raw/color/Apple___Cedar_apple_rust/f6af5eb5-6338-48a2-8b23-c7143b7f4a62___FREC_C.Rust 0016.JPG,10929,405f54fed037560ca29c460b4a5795da3a602932e57c54f16889e13b76174db7,256,256,RGB,3,b2f2a5a99dd4c84a,True,
source,rust,data/plantvillage/raw/color/Apple___Cedar_apple_rust/f90bff66-b339-4a6f-acf4-85ed13aebff8___FREC_C.Rust 9843.JPG,8488,d310c43102b481abf627a785a49d9a5f85bd238a9c1d2f53fde236c96bb4d69d,256,256,RGB,3,a7dbd0c8cd641e83,True,
source,rust,data/plantvillage/raw/color/Apple___Cedar_apple_rust/fa148283-75ee-4806-8282-63662a2e05c1___FREC_C.Rust 4416.JPG,12226,fdf44a66d1e978ab770a8ffdbf10a911e6604f5e834c42cca01aff2b1a61ea7c,256,256,RGB,3,a2761ed298b2354f,True,
source,rust,data/plantvillage/raw/color/Apple___Cedar_apple_rust/fb11d069-d664-4666-ab51-3a7a4284e495___FREC_C.Rust 3791.JPG,10843,9de966eea84ea5c618f3af1dad6a1973d0b8a7f8d713504c87aad0fcc242d5d0,256,256,RGB,3,ac16b4699669cbb4,True,
source,rust,data/plantvillage/raw/color/Apple___Cedar_apple_rust/fb27b16c-4ac1-45e9-abd2-487a1a528fb0___FREC_C.Rust 0206.JPG,10004,5b65d4dd807a43e5ebb8ff1d96f12f6b82081a31e94742b882cb6c37f004d11e,256,256,RGB,3,e959166c9232d9b3,True,
source,rust,data/plantvillage/raw/color/Apple___Cedar_apple_rust/fbf3ccdb-6130-47f3-b5e3-3d2726b4b5c7___FREC_C.Rust 4237.JPG,10429,e5610c1e9233062149e17b15d3718609f91acf777ce4879f25476e93034735ce,256,256,RGB,3,ae3669d993620b93,True,
source,rust,data/plantvillage/raw/color/Apple___Cedar_apple_rust/fc170fda-2b0d-4b02-a569-fbe37a23264d___FREC_C.Rust 3704.JPG,10335,14951165efac6bb7d8ffa23d094ce187774967b2135a63eda1393db506a7db2c,256,256,RGB,3,b41fc372194cc7d1,True,
source,rust,data/plantvillage/raw/color/Apple___Cedar_apple_rust/fc477749-2fe6-48a5-9393-5eedeb7cedc3___FREC_C.Rust 3826.JPG,8898,3cc94ac3a7dc4a29e3f587a7a7349164cec5fe91fdc95a7b28025ffc45f06f5e,256,256,RGB,3,c198ebb5c64b946a,True,
source,rust,data/plantvillage/raw/color/Apple___Cedar_apple_rust/fcf12448-e50c-45a6-a70c-ea8a60ebb6ac___FREC_C.Rust 0204.JPG,10902,522ffd1a1688b05c1cdfef69d675931c0f8687d6987bcdde2bbd2511faf51408,256,256,RGB,3,fa1b856c9634da92,True,
source,rust,data/plantvillage/raw/color/Apple___Cedar_apple_rust/fcfc7057-7de6-466b-9f7e-9b767deaf266___FREC_C.Rust 3807.JPG,8667,e4c7da00b26bd70a7b0b1342d6b7a033b28d098453ddd2052970aae9e4c71c21,256,256,RGB,3,fd9282cd99e42d26,True,
source,rust,data/plantvillage/raw/color/Apple___Cedar_apple_rust/fdaecc2c-c48c-447d-9cdc-5d52efdc979a___FREC_C.Rust 3858.JPG,9629,418754cc4cff098d88f3ca56f3a01405c6807282897ba6d80749b8c90b73b8e2,256,256,RGB,3,aa6dd55ad0b46a61,True,
source,rust,data/plantvillage/raw/color/Apple___Cedar_apple_rust/fe8e7208-9986-428c-abff-98da6ba8809a___FREC_C.Rust 4161.JPG,11250,a6d4c96e36fc3d97aee6e7bdb4d653e43e6ae3f7a1cdb0b642e9011144c28adb,256,256,RGB,3,f03c8e73980ccb67,True,
source,rust,data/plantvillage/raw/color/Apple___Cedar_apple_rust/fec27618-f75c-4a6e-b2e7-d290fcb5b9bd___FREC_C.Rust 3550.JPG,9853,d887ba4ae6ee5f6725d68c142628a89a7118f57d5e96ab33e5e4c24a91ea40bf,256,256,RGB,3,e8b6976333984c65,True,
source,rust,data/plantvillage/raw/color/Apple___Cedar_apple_rust/ffd73dc5-8b5b-4d7b-b44d-640ae3489190___FREC_C.Rust 9944.JPG,8998,eefd1e564ce10276542c34fcec1100b4fba82fc50eefcedff84d6d97a8801e2d,256,256,RGB,3,f459d36c4d30cb32,True,
source,healthy,data/plantvillage/raw/color/Apple___healthy/0055dd26-23a7-4415-ac61-e0b44ebfaf80___RS_HL 5672.JPG,17124,23eff20e99a15cc76627faffb0a16caa451047a2e060e787fa2ec7131df4f5f9,256,256,RGB,3,b80ec1311ecb6ccf,True,
source,healthy,data/plantvillage/raw/color/Apple___healthy/00907d8b-6ae6-4306-bfd7-d54471981a86___RS_HL 5709.JPG,20318,b79fca2eb7a793443965ea74243a34246deece2f9b752a136fe3f1d18cc05e5f,256,256,RGB,3,ee40b517c21e9a79,True,
source,healthy,data/plantvillage/raw/color/Apple___healthy/0098dbd9-286a-4d6a-bf4b-5459d66f88c0___RS_HL 5776.JPG,18617,85bc5253de01dac545391a91a99b97fe6e984a435a27d7eb34e268ffbdd34c30,256,256,RGB,3,fa42876e9ab5a892,True,
source,healthy,data/plantvillage/raw/color/Apple___healthy/00a6039c-e425-4f7d-81b1-d6b0e668517e___RS_HL 7669.JPG,9797,efea9883b438a644666dc186886bf860f205b64a59543a5616b3490f64ec1013,256,256,RGB,3,fc18e23987658ca7,True,
source,healthy,data/plantvillage/raw/color/Apple___healthy/00fca0da-2db3-481b-b98a-9b67bb7b105c___RS_HL 7708.JPG,9778,b07c3849eebcd095729ccc002cdc4f90fe90dd37dbcf32622db473d62fd605b7,256,256,RGB,3,bae2c78d989291b3,True,
source,healthy,data/plantvillage/raw/color/Apple___healthy/010125c0-e6f2-4f3d-b469-dd98ffecbb01___RS_HL 7948.JPG,13725,0ca0eb2615f3f3dc41ecf231e3a8d71a2f3941ec62a9e7fc63c066584debed6e,256,256,RGB,3,fac883869cb1e137,True,
source,healthy,data/plantvillage/raw/color/Apple___healthy/011d02f3-5c3c-4484-a384-b1a0a0dbdec1___RS_HL 7544.JPG,17324,5f1cb5a4cbff7537d3c98c924c95f8b919565e3754f5183ab109973461a8a292,256,256,RGB,3,fb85e03195581ecb,True,
source,healthy,data/plantvillage/raw/color/Apple___healthy/013b7c70-5e3b-42b7-86af-167815a5b04f___RS_HL 7480.JPG,9924,9f5a26ad1ef5fe6b13003cef367a663e621a6a6a3b4b7f166533ff57f3726509,256,256,RGB,3,f608a1319e73c9ec,True,
source,healthy,data/plantvillage/raw/color/Apple___healthy/017fd21b-142f-4988-849a-5fd316ea9a1b___RS_HL 6279.JPG,10812,c214509297dde82ded25aefeeaef6c294e8f27be8de274f60cac1646b3ddb4b7,256,256,RGB,3,e8169558d6e19e65,True,
source,healthy,data/plantvillage/raw/color/Apple___healthy/0181db4e-718e-41bc-b6ed-92863471fa85___RS_HL 5941.JPG,10693,bb73d762c223576c9aaa7eb7f7b49dd497a40ecbe792e4eef91a5fa3dca65afa,256,256,RGB,3,eaca9cb892b32794,True,
source,healthy,data/plantvillage/raw/color/Apple___healthy/0199bffc-baee-499f-8e03-5dadb8b671be___RS_HL 8042.JPG,13296,89bb6f12a55918d4f646ee53ed4eeab3f96c8daa1f93e889aed9f127b2daeef0,256,256,RGB,3,ab6ad0b5c09037cf,True,
source,healthy,data/plantvillage/raw/color/Apple___healthy/01b32971-5125-4982-98e2-22daa9ae864a___RS_HL 7977.JPG,14522,55a28c5423c4da920698b5d82429cc48498a7b960f203eb31594870116a58e02,256,256,RGB,3,f4d306911b8f9936,True,
source,healthy,data/plantvillage/raw/color/Apple___healthy/01efa999-757d-487e-8250-27c7854c0ca8___RS_HL 7515.JPG,13819,6df067d70c90ba031402671a0bff9d5b1be20419996a1dd59ae936e775e299a9,256,256,RGB,3,ae97c36898e6251e,True,
source,healthy,data/plantvillage/raw/color/Apple___healthy/022b515d-41fd-448e-abac-e8722c32d864___RS_HL 8131.JPG,13928,58daec305e77b49ee31e58cc56df86f83e0d8fa7c2780a84f4ce0267ffa73806,256,256,RGB,3,af83d0cad1686cb6,True,
source,healthy,data/plantvillage/raw/color/Apple___healthy/023810b0-18e6-4352-9dfa-c2f4c034cda5___RS_HL 7538.JPG,16530,84e266eaa9be7eddfd648e75088c1a5b3dc760ea7fdbab8e3130f3123f159601,256,256,RGB,3,f1f8c38e388c31e3,True,
source,healthy,data/plantvillage/raw/color/Apple___healthy/02720439-ecbd-4c7a-9382-4c8156b6f15b___RS_HL 5918.JPG,10810,d494da4bb54e4b1a6b4cedf534961176fd1f5fea91dbca88fa3da51c3e9f0bdd,256,256,RGB,3,e8e3938e989a7869,True,
source,healthy,data/plantvillage/raw/color/Apple___healthy/02847045-4405-467c-9ccb-7ba2ab1d574c___RS_HL 5943.JPG,12965,7392498da98ccd220a0d491528b6f184342289275600932c8cfa820be1c8f7e4,256,256,RGB,3,aa4a970ddc30b5b3,True,
source,healthy,data/plantvillage/raw/color/Apple___healthy/02a0f44c-9cbe-4a2e-9710-296692635ec6___RS_HL 5789.JPG,14860,5425d1b3d5ea04e05be3242007b7cf4b8d80a2395e5bc65c70c7536193f033ca,256,256,RGB,3,f81e8778ca2d8cc6,True,
source,healthy,data/plantvillage/raw/color/Apple___healthy/02cd3257-a42f-4fbc-8056-a41d5aabfbc3___RS_HL 8029.JPG,13357,7c191c9ce23d2b47b9678961e023998819f4878dc34240f424839ccb2ac5f5d3,256,256,RGB,3,f5478a9a90a335b6,True,
source,healthy,data/plantvillage/raw/color/Apple___healthy/02d0257a-d21a-43a4-9348-472043df801e___RS_HL 6065.JPG,12380,0fa096cde83e84cced7f579054c898c343b734b22ade5356a333b98966669665,256,256,RGB,3,eaca941f913c89b3,True,
source,healthy,data/plantvillage/raw/color/Apple___healthy/02fe229e-2b2e-4e1e-b56f-3af97996bee6___RS_HL 8134.JPG,14270,c4858af8e8ba00eace936cecf127444019ba627dc58296c4a3236187123e0230,256,256,RGB,3,fd3f908486d36964,True,
source,healthy,data/plantvillage/raw/color/Apple___healthy/03109942-bfa2-4728-b375-4f02a95957de___RS_HL 8066.JPG,10897,a342c4defef60076c37a8a27b747fbcc82218c467f59a390bb721671e7dd1cc6,256,256,RGB,3,a84bde3ccb661913,True,
source,healthy,data/plantvillage/raw/color/Apple___healthy/03152113-855b-4eab-8a4f-7d78d92240d0___RS_HL 5838.JPG,19205,f9024c935683f3613320b2ca1dea836736f54180f80b19ec5cf0bc775bbd8a55,256,256,RGB,3,ffe0c10f94b89235,True,
source,healthy,data/plantvillage/raw/color/Apple___healthy/036e9351-118e-4795-9f80-74c369b98c88___RS_HL 7513.JPG,15975,0cd7c3cd610bd398e270b7fa4e72908191cc18b7a30f176d6dbfd0aeebb00185,256,256,RGB,3,bbf3e00ccf423cd0,True,
source,healthy,data/plantvillage/raw/color/Apple___healthy/039d297c-374b-47cd-bed1-a94ac757eb8b___RS_HL 7612.JPG,12747,f78da70722b11dbddc0997377c473cf5cdc9ef7d70a1ceb307fed815a4d575ea,256,256,RGB,3,ad6dc190cb369d62,True,
source,healthy,data/plantvillage/raw/color/Apple___healthy/03aebf5c-6cca-40da-b61d-f3f83e1cbf9e___RS_HL 8080.JPG,14705,11d25e0d5f33bb09a5dbd397bc1b1822e2cdc0071e6ef68244af93d154073566,256,256,RGB,3,af9ed0684de47258,True,
source,healthy,data/plantvillage/raw/color/Apple___healthy/03cb0cf0-04cf-4549-a2b8-44ed75b2e56c___RS_HL 7460.JPG,17914,e5c017f8df210486f3c7dbc28875d40e98e952f6ec21f305e4d75f2b7b583cac,256,256,RGB,3,aa7ad2a4c19f8c99,True,
source,healthy,data/plantvillage/raw/color/Apple___healthy/03d420e7-42a1-41d8-9600-16d577043c64___RS_HL 5738.JPG,13195,c3f930625ccbffbeca77b83708cd5ea12421699532d528b8e7178d92e630bb3b,256,256,RGB,3,aacaf02d83b58fb0,True,
source,healthy,data/plantvillage/raw/color/Apple___healthy/03d9267c-935a-487b-a27f-fa22f935b299___RS_HL 5671.JPG,18647,59a9150049acf4f522618b334d98e917309839ea4945b4aa3406de83c0ea6257,256,256,RGB,3,bc35c2c9d8c2e52e,True,
source,healthy,data/plantvillage/raw/color/Apple___healthy/03f6a4b2-d08b-4f7f-8a8e-d132ff3eca8b___RS_HL 6226.JPG,8444,956574bb1b0baf3ba9bb6c865976f9a2566e42ec8dc268612f62605dbbec050f,256,256,RGB,3,f83e9530dac3198e,True,
source,healthy,data/plantvillage/raw/color/Apple___healthy/04032305-5ca9-4110-b517-461f13c95f18___RS_HL 7446.JPG,18149,5d14434bdad3b437192ba65cbe6e83b4a5f36c4af76ac7d20622ee324a7e1f08,256,256,RGB,3,afb0b0cf922dd234,True,
source,healthy,data/plantvillage/raw/color/Apple___healthy/04125537-801d-4e15-b66c-224b09b4e1a7___RS_HL 7457.JPG,17988,42743a7f3f03c8fa2dd30b59154a74cdcc61ce720b8b56206b0dafe35a233ae0,256,256,RGB,3,faada1389452aac7,True,
source,healthy,data/plantvillage/raw/color/Apple___healthy/041482f6-6dd6-4ac9-9e59-e973c9bcaf6d___RS_HL 8155.JPG,14063,ccd82f461b09f4fe1abe5c4692ee46aaa23b84a36ab3644fdee9f1d68a64d87a,256,256,RGB,3,fe1f8df0b0589249,True,
source,healthy,data/plantvillage/raw/color/Apple___healthy/04467511-de12-439c-853f-ef4d99785541___RS_HL 7367.JPG,20424,ef645af9ffd804b0ba8f1336704ea53935b7026d675b020fd51d152b8cf89243,256,256,RGB,3,d79be8e0915530da,True,
source,healthy,data/plantvillage/raw/color/Apple___healthy/044a96a2-d5ac-490b-8c57-2c1859cdf8f3___RS_HL 7991.JPG,15620,d5eca3b240accaaa56dae0e0a465d5ea25f6eddb77a4e84540964017331c2535,256,256,RGB,3,aec8d2859de419d3,True,
source,healthy,data/plantvillage/raw/color/Apple___healthy/0460b7aa-4eb0-4c0b-80e5-055ced6684a3___RS_HL 6287.JPG,11923,db2307eecbd1b0c2cb7d8326dad2b1bcbf4f1127ded4b9d860975e94a4d92da4,256,256,RGB,3,eac2953d9025cd3e,True,
source,healthy,data/plantvillage/raw/color/Apple___healthy/04d4f065-5cb8-4122-b479-d1362d007276___RS_HL 7719.JPG,9621,192c4dcb12fe8e332d58183578f99abad57cd4a1c5fd6050a098a198dddf02e1,256,256,RGB,3,af1ec423cb6519c6,True,
source,healthy,data/plantvillage/raw/color/Apple___healthy/04f426ce-8f6f-400a-94f9-c513255d2fa4___RS_HL 7823.JPG,13910,b39c3d84245d1cb1a3c73185d4dda765c86dc3b0d7d61aee45f1b787fdc61315,256,256,RGB,3,bf9fc0c2e034da38,True,
source,healthy,data/plantvillage/raw/color/Apple___healthy/0576bbc4-37b3-413c-8a35-4138c2da69a7___RS_HL 8038.JPG,14083,57669044a574920a55866bddc946249a9255bf85dc3461e5ce98c735094e00dc,256,256,RGB,3,f82d87728bc91d4c,True,
source,healthy,data/plantvillage/raw/color/Apple___healthy/0580ddaa-0221-4adc-8b64-8ce1842f5f07___RS_HL 6242.JPG,10999,628f99bbb54fb80cddd194c77c899bfc56049e1465de2fed6eab3353723549f6,256,256,RGB,3,aaca873d99b11396,True,
source,healthy,data/plantvillage/raw/color/Apple___healthy/05e20036-a134-46c0-a06f-3c5d4768d787___RS_HL 5856.JPG,17303,a116856471519879f7f31b9b4fb245d61de2fc66d755983efe3a23f315675acb,256,256,RGB,3,ffc9c60fd4349920,True,
source,healthy,data/plantvillage/raw/color/Apple___healthy/063d4c39-48ee-4c1a-903a-fe1d8da621e1___RS_HL 7694.JPG,10664,b68d03866e8cf16f5f44aa48089665219738a155d494b84762f52f513d5d243a,256,256,RGB,3,adc196cb1a8d711e,True,
source,healthy,data/plantvillage/raw/color/Apple___healthy/0646a42e-9fdd-4914-9879-50843fe1ac6d___RS_HL 6111.JPG,11726,504bd29a138f4d48733f58976588caf270937d6c097317659e45d6fcfc267260,256,256,RGB,3,b830c7c29acdcace,True,
source,healthy,data/plantvillage/raw/color/Apple___healthy/0692eda2-32c3-4f9a-b249-bb8112356999___RS_HL 6307.JPG,13427,4b17e0cb202373193b07fce3b078129c1eaefc6e573cbe0487bdd9d5f9aaf5aa,256,256,RGB,3,a86ac396b49d9197,True,
source,healthy,data/plantvillage/raw/color/Apple___healthy/06b0742a-6d5d-40c6-a02e-ecaa7e1279f0___RS_HL 7639.JPG,11035,90d75c6173c5fa4189006863a2cf2766727b8e02b3812c7bcb26a948bbc8b4a8,256,256,RGB,3,ab6ad0a74e92b58c,True,
source,healthy,data/plantvillage/raw/color/Apple___healthy/06c0c5f7-59cd-498b-8284-51290720a18d___RS_HL 7636.JPG,15088,d3f085ab838916e8ac97157206a753ca49139deff0ea613a68c1f1fb2a0022c5,256,256,RGB,3,fc43953c92f22f30,True,
source,healthy,data/plantvillage/raw/color/Apple___healthy/06dad629-8898-4e90-bd0d-f1b34350b7a1___RS_HL 7387.JPG,18527,5311fc5269912136ca0c0ada1d60483529603fcc79b5fd400924fec023b5f7d9,256,256,RGB,3,dfe0ab16b549234a,True,
source,healthy,data/plantvillage/raw/color/Apple___healthy/0756094c-e815-4897-8b74-5ec4e4cc59b6___RS_HL 7956.JPG,14597,09609682385faca54c2e41999cb455211d31c909d18513dfa56d0f291511454b,256,256,RGB,3,f5f2e0b18786d8c8,True,
source,healthy,data/plantvillage/raw/color/Apple___healthy/076255ae-2574-415a-b9db-feb739266656___RS_HL 7540.JPG,17824,81deee01f1902caf8b59583f3815fa2be510ccbf3e27bf0da9d3ca1cdce1aa66,256,256,RGB,3,8a6bbc85c5919ed2,True,
source,healthy,data/plantvillage/raw/color/Apple___healthy/0776a839-af75-4f70-81b5-2c8dbecc0c55___RS_HL 7851.JPG,15667,96858e29a502e49caa2634729cc73e88b9e6fbbad631792e0aadbd5b22c2f13f,256,256,RGB,3,b8f096cfc33819f0,True,
source,healthy,data/plantvillage/raw/color/Apple___healthy/07778a5c-8037-425f-aa83-d10b1e1d5db4___RS_HL 7269.JPG,14181,ee64d55d2200ed92ffde70f95e349d6abf151386c7d1d7c624bcfee5b75004d1,256,256,RGB,3,eaabda9233c4b3c0,True,
source,healthy,data/plantvillage/raw/color/Apple___healthy/0793dfa6-3728-409b-a5dc-7f3c07528dde___RS_HL 7379.JPG,18880,0f71b88c0c2cf8749ca2521eb531470c462c0c613c928052399b55ae112c7d05,256,256,RGB,3,be49c03ccb619ed2,True,
source,healthy,data/plantvillage/raw/color/Apple___healthy/07942abf-8326-4742-bcba-52ddba093974___RS_HL 5731.JPG,19253,1bd1eb93b492231f485b987ff761185b622752d780ae8e2ed6e8b824a8513cbb,256,256,RGB,3,ea85b44e96ce984d,True,
source,healthy,data/plantvillage/raw/color/Apple___healthy/079543ef-5ba8-46ad-95de-7c006c7e7f36___RS_HL 7570.JPG,15676,775c8f314d909017ef365a3d84630d82c3dfd559d233a8bfcba8d5f7bba7d9cd,256,256,RGB,3,fab4e4c3869b1a68,True,
source,healthy,data/plantvillage/raw/color/Apple___healthy/0802be25-38cf-4c85-bc3b-31988cafadcd___RS_HL 8084.JPG,13223,6b0bf72918ecabc9e3ac32dced2955a4a1528ccda0f97a281bceb685c3dff5f1,256,256,RGB,3,fa3dc5c2c86cb069,True,
source,healthy,data/plantvillage/raw/color/Apple___healthy/0872ffc6-d9db-4ba7-a2bf-1fb0f537cafb___RS_HL 6129.JPG,10721,d4598cb8c21c708148a79e96c4c84f4f56d9f01a453c1efa0076a0f5117afa56,256,256,RGB,3,ba3681b0d7689ec5,True,
source,healthy,data/plantvillage/raw/color/Apple___healthy/08aaa4e8-ed92-49d3-9ac3-1f6c59740017___RS_HL 7701.JPG,11277,81d7344f4bcf3b868f3489da064c59bc041f59b0e9ccbe18cb404a6a14771180,256,256,RGB,3,edc99a968c394c93,True,
source,healthy,data/plantvillage/raw/color/Apple___healthy/08da0395-feee-4f66-b88b-2fa171d9521d___RS_HL 7779.JPG,15847,d63cce3db5a916ed4b887c4cd07b1206d40b114c46a58e2cb429488ca67cc066,256,256,RGB,3,fc4585cb9c31e362,True,
source,healthy,data/plantvillage/raw/color/Apple___healthy/08f0fe63-3c64-49a2-b413-c0de91abcafd___RS_HL 8008.JPG,15628,0432c5f7f593b2f39b472335a8b986a6d02d7725b13ee113dd68d33e1490712b,256,256,RGB,3,b4b29b8dc8cdc42e,True,
source,healthy,data/plantvillage/raw/color/Apple___healthy/09074cd1-a3f0-4d64-97d9-16919451bd58___RS_HL 6258.JPG,11451,4e5267a8ddd9703fc54e7a68783b6fef017f3e73c4e72aa5d51c773c62c0fc7e,256,256,RGB,3,edc4d092cb6d8c3c,True,
source,healthy,data/plantvillage/raw/color/Apple___healthy/09293103-81bd-45ef-b3ce-d163441d6b18___RS_HL 7337.JPG,17917,6f69fa912a66c39312bb56495724d6c24813acaf838d2609b968abd04d5057b7,256,256,RGB,3,ee68938f4e1839b1,True,
source,healthy,data/plantvillage/raw/color/Apple___healthy/09994dfa-4aab-4ada-9ef2-431d050e1e38___RS_HL 5658.JPG,18291,dff0cb6103f1cf92697da4d5d328cd1d2b3b1ca6c14c9006e085a4b34890b26e,256,256,RGB,3,aa63873ec899bc91,True,
source,healthy,data/plantvillage/raw/color/Apple___healthy/09ad370f-ca6e-48fc-9b4b-990b0d9f6cd3___RS_HL 8135.JPG,12881,cddb6e05342ce7bf8c14df9041634cbc3ea90f70596c9f8544a9421180cb2062,256,256,RGB,3,fbc5d0c29e3c61b0,True,
source,healthy,data/plantvillage/raw/color/Apple___healthy/09b428ff-8046-4c05-9dc3-991b58e4a649___RS_HL 7731.JPG,9963,06ff92e0954d1dbc4d3f2079dddcea858f2589cd691440d9eed596090e839986,256,256,RGB,3,aee7b113c2d29b18,True,
source,healthy,data/plantvillage/raw/color/Apple___healthy/0a02e8cb-b715-497f-a16a-c28b3409f927___RS_HL 7432.JPG,16472,98cb35052cb1eb71ca64621ad8c35d531b01243cbd9052c8d7a3083e3f9887d3,256,256,RGB,3,ebc5e43a92e1298e,True,
source,healthy,data/plantvillage/raw/color/Apple___healthy/0a285c8b-1c31-48d4-89f2-af8b9edc36f6___RS_HL 5759.JPG,18516,606450beff4fae2dc6e704cf9884dc92041f1ef7b4236cf5b1f5f932ac8b9341,256,256,RGB,3,b878942dc330cfd3,True,
source,healthy,data/plantvillage/raw/color/Apple___healthy/0a553fc0-fc2c-4598-baba-3bc10191447c___RS_HL 5969.JPG,12156,78d595c85cf14c4d37a2e2a93f54967f0e1064244ff70bd8713ec42d0d6bb1e0,256,256,RGB,3,ea51c56ec66896a5,True,
source,healthy,data/plantvillage/raw/color/Apple___healthy/0adc1c5b-8958-47c0-a152-f28078c214f1___RS_HL 7825.JPG,16225,afe0b5852c1023e3cc2573d1c7e9e0b638a0df59e41cb7dca874c027e7764636,256,256,RGB,3,b546c3361c9ac771,True,
source,healthy,data/plantvillage/raw/color/Apple___healthy/0afaaf78-6ec5-49ee-a070-f6217039ed2d___RS_HL 7827.JPG,15962,5abc737ca87e27741aa622a0926d1eb3246bbcaa76367232dd2be2914472eea1,256,256,RGB,3,fc86c33a1bc57886,True,
source,healthy,data/plantvillage/raw/color/Apple___healthy/0b00a1a8-b525-4392-bb6c-3ffb7d824bee___RS_HL 7904.JPG,11625,07369871980e2c6b3c17ddbb68936a3adf72bf32ddeb2860169736565f50586a,256,256,RGB,3,fa28c3a1a6939eb2,True,
source,healthy,data/plantvillage/raw/color/Apple___healthy/0b6ec66f-fe63-4eef-8068-cf8ed0baf0de___RS_HL 7482.JPG,16900,264440017908cfacab463c52d972af8b90d229fe62695d6fee2a97e5d234ed94,256,256,RGB,3,fa86c19c6b3224db,True,
source,healthy,data/plantvillage/raw/color/Apple___healthy/0b91573d-d0f3-4e57-b7e5-e1924f537f0e___RS_HL 6216.JPG,11698,f7a312d31bccd01be89b9cab1e3c405bebe3712dcde7ed3bf7ae796b08315f66,256,256,RGB,3,fec0e09f943cb071,True,
source,healthy,data/plantvillage/raw/color/Apple___healthy/0bb2ddc5-d1f4-4fc2-be6b-6b63c60790df___RS_HL 7550.JPG,18399,78bac58b104e1fcf0a91c7052ce8cfc10e2697906a2f71355fa899dc9c1cb220,256,256,RGB,3,f484aa4b9cb09737,True,
source,healthy,data/plantvillage/raw/color/Apple___healthy/0bc2127e-99b9-44ea-bb2b-4e1b0b0f7624___RS_HL 7777.JPG,15183,ea62884e86e581000ffcdf630ba0a1feadc743e7c4bdd21d069d02e58a5143bf,256,256,RGB,3,b987c398cc6ba472,True,
source,healthy,data/plantvillage/raw/color/Apple___healthy/0bff693d-bab0-4438-9dac-e4503e5e83bb___RS_HL 5741.JPG,21579,8eebe4b77448f84310957edfb77fd1bdce53375a55ffc1469d7ea417e9b29b22,256,256,RGB,3,ee32c56b93859e90,True,
source,healthy,data/plantvillage/raw/color/Apple___healthy/0c056dd8-2040-48cf-a9a8-53d8ae5662d0___RS_HL 7987.JPG,12814,9a1b0262fc547e0b1c4754857e9e0164efd5b8599ac4f6176cc25b95303ada7d,256,256,RGB,3,fb4a90659f3cc930,True,
source,healthy,data/plantvillage/raw/color/Apple___healthy/0c30f1f2-9eed-4861-bf66-eceae1b0b625___RS_HL 7430.JPG,21282,77334413a3d42e0c518b0d9af4aa1451dd709c8dad22c340e4bda2cd2470eb3c,256,256,RGB,3,fe2d91d2c4a858dc,True,
source,healthy,data/plantvillage/raw/color/Apple___healthy/0c55b379-c6e7-4b89-959f-abc506fed437___RS_HL 5927.JPG,13969,fe0aaedef5089a515d9d9735831da61691774d414f673dea13d28820e4676d56,256,256,RGB,3,ac339668da31c9b3,True,
source,healthy,data/plantvillage/raw/color/Apple___healthy/0c83f4eb-4949-47c8-bf63-312d16e64913___RS_HL 7619.JPG,15971,f71db18a56373f93b6e2f3969eac2ff99e8a02019601449541094718a69f9dad,256,256,RGB,3,aac8e56af11596b4,True,
source,healthy,data/plantvillage/raw/color/Apple___healthy/0ca762d0-3853-4018-896e-8f01e29cb144___RS_HL 7558.JPG,16062,5238852739434e906344ed798a93a7b15f86140c67e051ab44fd272b524b8a8f,256,256,RGB,3,fa95c2598e1d8c63,True,
source,healthy,data/plantvillage/raw/color/Apple___healthy/0ce497e6-8184-4ef6-9a9f-c46b66c898c3___RS_HL 6036.JPG,11780,daa6f3283dfa13ba57596d2fbe32b518d1c77d6116e2412da9ff14713b6288c6,256,256,RGB,3,fdb1d246cf821c8c,True,
source,healthy,data/plantvillage/raw/color/Apple___healthy/0cfa2ddf-56d9-4f62-89a4-f74e220f1859___RS_HL 6196.JPG,10347,e3133dede5df11afc6041a64aa957589851ade3184a8aebe21e97feeb60d77a5,256,256,RGB,3,ae6ac194cdcb9c98,True,
source,healthy,data/plantvillage/raw/color/Apple___healthy/0d01a8a3-9faa-4a1f-afe0-be6bffa42056___RS_HL 6204.JPG,11554,9c4d7b0eb03c55e1585cec19f538609faaeddacaa5c3e9e2ea5db16b89a45426,256,256,RGB,3,fae0859d98b0e137,True,
source,healthy,data/plantvillage/raw/color/Apple___healthy/0d072074-0253-4a6b-a4cb-02f520c46942___RS_HL 5805.JPG,19473,0ba5061b63f679e832b6a6181036f427506d3c89a76760c90adfd9f1e9b5596f,256,256,RGB,3,aa7ad5a1c187c49e,True,
source,healthy,data/plantvillage/raw/color/Apple___healthy/0d3fa72f-0441-45e8-b30f-a83904f48f99___RS_HL 6261.JPG,10699,3f9ec7e28b3f6f3552280c2892c55e1e3d1750d6ff268c6d1dd8e9e89b2d29e7,256,256,RGB,3,ad24d04a873d9e79,True,
source,healthy,data/plantvillage/raw/color/Apple___healthy/0d6e0971-a3d3-4773-b694-b2161248fdaf___RS_HL 5836.JPG,16948,6ee9c2727d9a9b04deabae636ca966b8273001b4885da8f2cd991ff69915670e,256,256,RGB,3,bf60c067cb1eec09,True,
source,healthy,data/plantvillage/raw/color/Apple___healthy/0d776b17-9724-44b9-9186-c89fd17bcf16___RS_HL 8073.JPG,12703,1db761a16b32d8d23a2676df563628ad9c44381ec0dfc501c13e14e90fe9fc84,256,256,RGB,3,aa70956fca9e9c90,True,
source,healthy,data/plantvillage/raw/color/Apple___healthy/0da48999-25da-4373-8277-3718a8203d0a___RS_HL 8012.JPG,15790,ef1d6ef099f577b405435d37de47738b0e6dcc9bb4d2958a5d38145d10937867,256,256,RGB,3,bf0fe03c97319c42,True,
source,healthy,data/plantvillage/raw/color/Apple___healthy/0da8c59a-e54c-4408-ae3c-06d54608b20a___RS_HL 6236.JPG,9931,85b4855b1340e5311804f9c6164437c3e2a6e82502be081b43c135200b9ec667,256,256,RGB,3,aa6bd094859b96bc,True,
source,healthy,data/plantvillage/raw/color/Apple___healthy/0e277198-95a0-4700-a7b0-f1881af2b1c0___RS_HL 7285.JPG,16722,7a8583160584c28c800f52a9478895b26c46f99b76a8448de49304d04ceee594,256,256,RGB,3,afd4f01bf901c835,True,
source,healthy,data/plantvillage/raw/color/Apple___healthy/0e3c0777-c214-4749-b8ae-4985274d2f9e___RS_HL 7984.JPG,10983,2e11b05ea8fa6114a6218e63903e1f61982b882cf82facdb6d0908145d74ef81,256,256,RGB,3,adc19286c93ef0b3,True,
source,healthy,data/plantvillage/raw/color/Apple___healthy/0e857e3d-34ff-4549-b8ef-4d699aacb178___RS_HL 7511.JPG,11927,8ef04114c1426c11cab940be3fc3dd078dffe0e7ff34c9eca1b9a225ef8c199a,256,256,RGB,3,eac5e196a5c91e98,True,
source,healthy,data/plantvillage/raw/color/Apple___healthy/0e8c4b90-36d4-4b8c-a134-88c344e97ac2___RS_HL 5721.JPG,18993,783ef3f7ada7fae98fd1c03d704a652a9aa88446688923b2d155aa00a0541c3c,256,256,RGB,3,a285d1de8958cfe4,True,
source,healthy,data/plantvillage/raw/color/Apple___healthy/0e99efe9-d414-4091-b7b4-6ba6856db3d9___RS_HL 5841.JPG,19430,caf31db85ad6b6851ce7baa01af685734cd94833f7eac6d4eeebaff255a6ac3c,256,256,RGB,3,ab4af6b5c0b5c18a,True,
source,healthy,data/plantvillage/raw/color/Apple___healthy/0e9d1f0c-19b3-4765-87cc-470413d16275___RS_HL 7637.JPG,15020,e0b648339d75c47f5964819d93ca8086cb1e108fcaed88dbb8352242a8dfe7ea,256,256,RGB,3,fb2f9432d8c361a8,True,
source,healthy,data/plantvillage/raw/color/Apple___healthy/0eacfbb6-3d68-4a89-b8f8-6b2d328102af___RS_HL 7961.JPG,15350,7dad9c0fca195485cb52b07cf23cc479cb197be28a762e75841b5a819f68a748,256,256,RGB,3,ff60c21dc81bf01d,True,
source,healthy,data/plantvillage/raw/color/Apple___healthy/0ebf06b5-7471-42d7-b8d6-5a53127f90f3___RS_HL 8163.JPG,13484,2a67ac59b4d434cb196db78b285d6121a4a6c9d77fc221bbfed6ed9e2c334672,256,256,RGB,3,ecc4b44e923e93b2,True,
source,healthy,data/plantvillage/raw/color/Apple___healthy/0ec3bd54-80a1-4dcd-9411-bcfafd147272___RS_HL 7534.JPG,16490,3c0ef8f30294f354d9d35953b1dcff2a0a41f9b23564f775b8f51a2d1d7a8d94,256,256,RGB,3,aaca9561d23783b6,True,
source,healthy,data/plantvillage/raw/color/Apple___healthy/0eceac69-c7bf-4e9e-a249-7ae23dcf065f___RS_HL 5888.JPG,10046,f1479d4e9114753849642f492e7fba11b828c4c39bb6a41b2cd860697418c91a,256,256,RGB,3,eed2958dc21a9b38,True,
source,healthy,data/plantvillage/raw/color/Apple___healthy/0eeeccc7-f3fb-4b7a-90ec-750fbf10f7e6___RS_HL 6249.JPG,12444,75476f3cf27af520f55653246a15fb4f1a4a2eb8995cb0e63330491e98234a56,256,256,RGB,3,be69c190b48d5b5a,True,
source,healthy,data/plantvillage/raw/color/Apple___healthy/0f33804a-5389-49cc-abb1-c414b243991b___RS_HL 7321.JPG,19657,a6f5f7fcd2f03ae0477c1c26e576f2372f45653e0149733c027ed4a237cc7c39,256,256,RGB,3,f847851e54b29ac7,True,
source,healthy,data/plantvillage/raw/color/Apple___healthy/0f56566e-6151-4ede-b10b-2b1f04f23659___RS_HL 7359.JPG,19878,d0f51fa3bb794563c469caf2530be4f61ab1d7d5cc1b47638136e9214eddd62f,256,256,RGB,3,a4e1a7cd98dc19d2,True,
source,healthy,data/plantvillage/raw/color/Apple___healthy/0f5cb632-9b97-48ce-88d6-45bf321175ce___RS_HL 6088.JPG,12957,817ff581fd6a969e854f094e723ba253644554dcbfd828facd0bd5c55b99095c,256,256,RGB,3,fa72c00f8b9c9db0,True,
source,healthy,data/plantvillage/raw/color/Apple___healthy/0f6184c4-18d9-42c5-93d7-e9c4abe85560___RS_HL 7286.JPG,10202,795fd180bdeda1bc2c5ed17a8cdd4b8c4d6949d5118ded522a780aed82503233,256,256,RGB,3,afe9d034e12587e1,True,
source,healthy,data/plantvillage/raw/color/Apple___healthy/0f78db5b-0775-4132-b7d6-6a5eb5f4682a___RS_HL 6006.JPG,12205,35aff8715da668604dc7c8a887703280f2bd8f8d6368a92c075897a7beff8421,256,256,RGB,3,fec09507d833b11b,True,
source,healthy,data/plantvillage/raw/color/Apple___healthy/0fef497f-8fc7-45ee-ad1c-f4e9237fdaf4___RS_HL 7283.JPG,10696,4050b747c010d762d11b820b90cab062d7122443defbb9a4ffcd05938aec3c5d,256,256,RGB,3,eee594c69e4a9849,True,
source,healthy,data/plantvillage/raw/color/Apple___healthy/1017bf7f-5a1e-459e-af55-c9a0f83f1b23___RS_HL 5868.JPG,18986,cde7f6e21ccf6bd8c9365b9213aab724e7988d90e230206eaec537b285d6a222,256,256,RGB,3,eed28d9892a7272c,True,
source,healthy,data/plantvillage/raw/color/Apple___healthy/101c9dba-0628-40fd-a4af-cb7f4848d414___RS_HL 7358.JPG,18722,d59bdbffdb1f278660112320552a678c41e5b8f0adb43528bfdae5b239f75ec4,256,256,RGB,3,fe32a9c085cfc5c8,True,
source,healthy,data/plantvillage/raw/color/Apple___healthy/10b8f12c-d16a-4fa0-b70a-5f066f6a1c5c___RS_HL 7312.JPG,20661,d9d5220eebf6852456ee691a5ba72925e511b8c3ed3c6c4497ae3958281e2294,256,256,RGB,3,fa8d656ba1704e94,True,
source,healthy,data/plantvillage/raw/color/Apple___healthy/10f68987-caf7-4e29-aa26-b48e074212f4___RS_HL 6130.JPG,12343,658eb365e9479ef88861680428189bf8375b3e9e2a96b97ed422cfd931c21c5a,256,256,RGB,3,fa6a818f9db49834,True,
source,healthy,data/plantvillage/raw/color/Apple___healthy/10f75d05-fa3e-4b14-b3d8-093292c218e6___RS_HL 7873.JPG,14807,94d2fb54b55f354b58e044912938198f203046d376516e2aea477759d199ee97,256,256,RGB,3,b9a3478e1ccec839,True,
source,healthy,data/plantvillage/raw/color/Apple___healthy/1116c1cc-48d8-4bb5-8349-099690ba0b0b___RS_HL 5980.JPG,11023,692786e09bb42b7f5e63041e59932c04cf0ef31a1a7f5a7507dcfa40971aca1e,256,256,RGB,3,bd6ac21f859836e8,True,
source,healthy,data/plantvillage/raw/color/Apple___healthy/1141dcab-cf2a-40e4-8b19-a33aa318f875___RS_HL 5689.JPG,17118,f83ba17cc2e33cca2d53aa0568bacef906d8496636cf37258b7d51b1361aeff7,256,256,RGB,3,ba8590dacbe93471,True,
source,healthy,data/plantvillage/raw/color/Apple___healthy/115ce7f7-f1b1-4f24-a96f-07107c9e703c___RS_HL 5791.JPG,15822,181c381b6753febee8309337bfcea22486ffda6e57bdc7d7027e682b3274fc64,256,256,RGB,3,eaca9698b3a6b4a4,True,
source,healthy,data/plantvillage/raw/color/Apple___healthy/11636fd2-75f3-40e5-99c4-777589bfc392___RS_HL 8203.JPG,13568,d8e542667c5b8f09597123bb9410ff8c6e0a54017d01cd760452a6db37eeaa58,256,256,RGB,3,f88127cc97c897e8,True,
source,healthy,data/plantvillage/raw/color/Apple___healthy/11749aa9-4b07-4cd8-8605-356de6d4cc68___RS_HL 7684.JPG,11178,fc55c0f21a55109f3e3a131c1bcb5df39270a46e7b5c903855c7dac615869459,256,256,RGB,3,fc8bd094c2f1cf60,True,
source,healthy,data/plantvillage/raw/color/Apple___healthy/118160af-d2a3-48ef-8134-cf72f0588cfe___RS_HL 7456.JPG,17746,282714d8670857247f34c289ccaab562cb78bf6a92d69d311641b6e1d9cad29b,256,256,RGB,3,efd3a029973cd016,True,
source,healthy,data/plantvillage/raw/color/Apple___healthy/11bc4ba3-5d5e-4b1e-a5e3-27122256864a___RS_HL 7371.JPG,19324,de1f7f19434000bfa87b0960629e8d77167faeab6f973fbf796ce8a97d238e2c,256,256,RGB,3,f84a9236cd993c99,True,
source,healthy,data/plantvillage/raw/color/Apple___healthy/11beda66-01e9-4bfd-be37-c0f8646d1478___RS_HL 6271.JPG,13773,ec2fe5801c82d7ffff332b9429480c6a432830ccce2f7e1aec1cc4c05f6a0abb,256,256,RGB,3,ade9d206d892d333,True,
source,healthy,data/plantvillage/raw/color/Apple___healthy/11c35e07-255e-42cf-b8e9-4533c35ce2c6___RS_HL 7500.JPG,12186,0168189dc767ad88e72be608abde58cb1e7b0465427109378dc839d31accf8fa,256,256,RGB,3,b383c0f83ecf6170,True,
source,healthy,data/plantvillage/raw/color/Apple___healthy/11dc8fb3-42f9-4d14-9e20-3252e18eb802___RS_HL 6278.JPG,12038,2acc82a4cd62d2864515936d0f1bcd8f3ea4c6f43c7501eebfcd1ee3bd8f4e37,256,256,RGB,3,ab68d027cf32ccd2,True,
source,healthy,data/plantvillage/raw/color/Apple___healthy/12253089-92a5-4a3d-b742-f554cc2a0fe0___RS_HL 5756.JPG,18185,df167728f726b266cc7108c6b560a3c162cdc678add5b76e89e698f9bb2454d9,256,256,RGB,3,bbe0a4c6960fda1c,True,
source,healthy,data/plantvillage/raw/color/Apple___healthy/122d2ed7-efb5-4a82-a6f0-74e9524e83ff___RS_HL 5702.JPG,14894,9d72e146aafbc905c7aec9fd9a4352666b78e448a56ae5d0142036382258b1e9,256,256,RGB,3,ba62c29ac3c69e9c,True,
source,healthy,data/plantvillage/raw/color/Apple___healthy/1230a95a-5f08-4fd6-b6e9-44c0c7b1fe8c___RS_HL 8092.JPG,7842,262606f305c5395bf9dace5d485506b5252a1cec3215821d5001425569426ceb,256,256,RGB,3,faf0e5cb30dd10e0,True,
source,healthy,data/plantvillage/raw/color/Apple___healthy/123de292-f902-404e-bfc9-3f248342f418___RS_HL 7542.JPG,15370,0404f34b2a0fea75320bd5c92a3cb9fa3faeecc426cb235722cc6cd3597b8d9e,256,256,RGB,3,f05ce7309f329863,True,
source,healthy,data/plantvillage/raw/color/Apple___healthy/129abcae-51bd-43d9-9f30-c4e07523186a___RS_HL 7769.JPG,14140,86d48ae04c8571e9a6d262fe6d4fffca031eedc2f487f0eb621c9bea28be36d4,256,256,RGB,3,af99d8e682e046e5,True,
source,healthy,data/plantvillage/raw/color/Apple___healthy/12f455c2-a44e-4069-a8fb-b7bec17d23c1___RS_HL 5895.JPG,12203,b0390af6dc36d72ab216b7522c8cdf51a2de4c8f49fc1d034a9daf142bf03b4c,256,256,RGB,3,bf49c21e9933c631,True,
source,healthy,data/plantvillage/raw/color/Apple___healthy/130a93b4-92ca-4883-b003-37954a929dbf___RS_HL 7855.JPG,15352,d47912f333bd6a1e9fc03f3d4e19d776b39541d7a514e968e7c2bd0f5aed5f75,256,256,RGB,3,fd42961d90f0c736,True,
source,healthy,data/plantvillage/raw/color/Apple___healthy/13227870-bd81-48a1-97a0-8c5bcecef8f7___RS_HL 7452.JPG,20030,568bc4c33cf031a3e46c1cf1e11e545de3841da2df4745c9d1bb47769609bb09,256,256,RGB,3,ecec9294cbb2cc83,True,
source,healthy,data/plantvillage/raw/color/Apple___healthy/13298d36-4425-437d-ae8e-c7d70e200084___RS_HL 6271.JPG,13773,ec2fe5801c82d7ffff332b9429480c6a432830ccce2f7e1aec1cc4c05f6a0abb,256,256,RGB,3,ade9d206d892d333,True,
source,healthy,data/plantvillage/raw/color/Apple___healthy/1331fd38-acdf-488f-a5db-8dfcecfa5690___RS_HL 7381.JPG,20519,bed07e7df7a344d1a88e7550caa24d6357b56df3a9a3a1b7c3649b0d5c148999,256,256,RGB,3,ffc8e007d0741af2,True,
source,healthy,data/plantvillage/raw/color/Apple___healthy/133aae4b-64c8-4def-8f1d-cdc4e1bb73a7___RS_HL 6180.JPG,11755,554c8d4ef155fa2e0344ed6d842fd3833621a3bd2d358ce4428143d37562d91b,256,256,RGB,3,ac67c99a1694b1b3,True,
source,healthy,data/plantvillage/raw/color/Apple___healthy/1356ba06-a72d-480b-b9e5-7bc349d9e605___RS_HL 6208.JPG,9348,7db662e03c8e9b959b5f5371aabb4eb36c89b3636bf59e00f4e968aac374c929,256,256,RGB,3,bd36c26092c34d9f,True,
source,healthy,data/plantvillage/raw/color/Apple___healthy/13575fc3-1674-4511-a124-2ed065f00cda___RS_HL 7351.JPG,18401,5fc3538a73c41c325411b5507c3c95b430ad69406876ebee2d28718bda1ac28a,256,256,RGB,3,f1678f9892b62196,True,
source,healthy,data/plantvillage/raw/color/Apple___healthy/13866bf5-0193-41b4-8e26-cb09d35e8697___RS_HL 5945.JPG,12068,be514f4193ba7cea11bb23307ee51cd346832064ccafefe978ad7fe9a5ef01de,256,256,RGB,3,fec5814e942ed03d,True,
source,healthy,data/plantvillage/raw/color/Apple___healthy/1398b04d-e259-418b-a5db-d4b20b7a3380___RS_HL 7536.JPG,15983,14482c4a50dae16bc09a82605a3e2fd2309828d77c30bdd6afc9d2262d807633,256,256,RGB,3,f039c733399c4c96,True,
source,healthy,data/plantvillage/raw/color/Apple___healthy/139cb003-2cc1-43ce-bbdf-29767f9e2ce0___RS_HL 7386.JPG,17440,8ba67d8dbcf6976f997ee6e4119228cfdf495f977505014504c9d5585b7160e3,256,256,RGB,3,a410da7dcfc264c7,True,
source,healthy,data/plantvillage/raw/color/Apple___healthy/139ff5a7-102b-4434-b540-eb6930e6d968___RS_HL 7910.JPG,13116,df58dede18e74d9487b6bd6c714343cda05f59b9f27c8a25b63587fe07fb0207,256,256,RGB,3,ea3985429236dbcd,True,
source,healthy,data/plantvillage/raw/color/Apple___healthy/13a06d54-2bd9-4bd0-a260-1c193ac4caa8___RS_HL 6293.JPG,11378,78a04276a7bed94cf223954dbffe0199fcad025f45341817e12e0d41f12bc333,256,256,RGB,3,fad0e08f859cb43c,True,
source,healthy,data/plantvillage/raw/color/Apple___healthy/13bbfa7e-e864-414e-a16b-cb08688604ae___RS_HL 6190.JPG,9415,a2c6830b66dd1a7eea86a273e7a141d5de079a632e3b57c5f51d89dca207f6f0,256,256,RGB,3,fac28fa89cd073b0,True,
source,healthy,data/plantvillage/raw/color/Apple___healthy/13c8382b-ca6c-45f5-a6d0-acd67fb28651___RS_HL 7284.JPG,15365,9ffc970b561188fdb80f8054aeeb25fa054790dc01f7fdb469a7f2dff4214499,256,256,RGB,3,b4c39b9c993ce125,True,
source,healthy,data/plantvillage/raw/color/Apple___healthy/13cdbdbe-be7f-463c-9085-9ae160412772___RS_HL 6286.JPG,12905,fdce2fc21c2b8dd20fbe62e5e99c6ba2287f863210b1a78de73252b6c8f2dac7,256,256,RGB,3,fac2943d91368736,True,
source,healthy,data/plantvillage/raw/color/Apple___healthy/13dba956-2c74-400e-a2ac-b06baeee5e38___RS_HL 7571.JPG,15821,c5f1a4dc4e72878915ac1e4316e97315c9ff4e1043eaaa073f4e95dd80678f96,256,256,RGB,3,fabcc2d09c8bc9c1,True,
source,healthy,data/plantvillage/raw/color/Apple___healthy/13ee12c2-f465-4e44-a81f-36695ded6955___RS_HL 7897.JPG,12755,bf6b96a320cfa182ebf01c0e361411f1a8147f02dcd79476033fc13313186ce5,256,256,RGB,3,edf0c4cd9e9891b0,True,
source,healthy,data/plantvillage/raw/color/Apple___healthy/14009d84-bca8-4054-b09d-7fd4241c74a6___RS_HL 7907.JPG,13268,1b32a2d79f665a93d828952fd3ea9502f88ddba31ae87a472a88d646eddaafed,256,256,RGB,3,bb96c0d86dc0e62b,True,
source,healthy,data/plantvillage/raw/color/Apple___healthy/14284447-1510-439f-bb04-8977e8fa8cbb___RS_HL 6257.JPG,11915,d2ce486ef746868140d98a6488f0cd8020dd5b3d65d335baebbf98b3cbd5fd04,256,256,RGB,3,fe3d85e0984b88cd,True,
source,healthy,data/plantvillage/raw/color/Apple___healthy/1477ac33-4284-4db3-9a91-dbd61e6183e3___RS_HL 8059.JPG,14210,cd64ace19c7779c8b3fe558085bd1d2b5d7644e60c9527de908e98ee4b3ed362,256,256,RGB,3,e8309d469b4d966d,True,
source,healthy,data/plantvillage/raw/color/Apple___healthy/14828181-53d0-4dfb-92b1-d7a52602f3cb___RS_HL 7517.JPG,18110,5ca09cf654016af7d8d3742a313f6ba40fffcae944909ed62716e7c1f7251bdd,256,256,RGB,3,f739a0ce85a51ec2,True,
source,healthy,data/plantvillage/raw/color/Apple___healthy/14896dc0-688d-456f-b5ec-a037695b0193___RS_HL 6268.JPG,12133,5d486b62abe59b8dea5aef6b63f887bacd12bbc3cb2a154eb45a7a522e5d88c9,256,256,RGB,3,ea4a853d99309db3,True,
source,healthy,data/plantvillage/raw/color/Apple___healthy/1490daeb-9cfb-4456-bb27-dd836f9e07a6___RS_HL 5959.JPG,12142,42c817b880119e0ae83367d40502f724cb1e81d3de48260f39b7dfd3dffb55f3,256,256,RGB,3,ebc0908f9ebeb031,True,
source,healthy,data/plantvillage/raw/color/Apple___healthy/1495b096-6249-4f8c-b9e5-37e09fc21d1a___RS_HL 7716.JPG,11361,ddd1ec69ccb92496cbc5d09382348ed662af4733b84486d13657414d6ca853da,256,256,RGB,3,a5cf808e9fc49d91,True,
source,healthy,data/plantvillage/raw/color/Apple___healthy/1497c20f-448a-48e2-9cf0-b4fc8cfa848a___RS_HL 6292.JPG,12750,3b94f5e02fcf7289b1e56786baf33eec2e930b864098086a1b67e92d44015b1d,256,256,RGB,3,fac2851e94719727,True,
source,healthy,data/plantvillage/raw/color/Apple___healthy/14a71f70-0cd9-416c-88c9-5a76e0473e07___RS_HL 7884.JPG,12856,5c78b28fa34f6abc80a9b3b96c3abc86a1f877097d8b2f53cfe9d2d0ca232ba4,256,256,RGB,3,a99694f0dae9c9c4,True,
source,healthy,data/plantvillage/raw/color/Apple___healthy/14bb032e-5462-40e4-9056-0e9c3eb47946___RS_HL 7301.JPG,8919,77e5040961d2f96439f8d5a4a01611bd3b1efb421608fdcb08f207a272e401c0,256,256,RGB,3,f2aba59586959c86,True,
source,healthy,data/plantvillage/raw/color/Apple___healthy/14c60de6-5641-4531-b2af-d1b767c28176___RS_HL 8161.JPG,13256,09facb110eb60eab37d656f56b75f49a1ddf426808f99957990f6b7341f05de4,256,256,RGB,3,ea0d975a9a698d51,True,
source,healthy,data/plantvillage/raw/color/Apple___healthy/14c691eb-78de-417f-8832-93427151a6e1___RS_HL 8090.JPG,14131,eeb94b178340b0dfaa0168e7bb91b73a01555baad616e87fdad8f2dcf2cdf737,256,256,RGB,3,fac18d1cf4124f6a,True,
source,healthy,data/plantvillage/raw/color/Apple___healthy/14e92721-00a0-4696-9392-d3f633082454___RS_HL 5654.JPG,19110,0adac637a16bb3931cf6aba0663428e19877bf56f96c0bceffee6359e533d0a1,256,256,RGB,3,af12e0359365da96,True,
source,healthy,data/plantvillage/raw/color/Apple___healthy/153e84e2-1849-4cf6-96b7-a1507376d496___RS_HL 8198.JPG,12919,804e6e4f69d18a41b3801a27cf9e8a6fcb6fff4be00884ee08576a4ddafcfafd,256,256,RGB,3,f62b81d4c6cbc98c,True,
source,healthy,data/plantvillage/raw/color/Apple___healthy/153ee5ec-b8c2-4dd1-9387-cb0e796f301b___RS_HL 7563.JPG,16245,8767f14ace2245a1abcf7204b3334791c5680c871cf02d333d3c8054d77b4b70,256,256,RGB,3,addac0c9e6e0c267,True,
source,healthy,data/plantvillage/raw/color/Apple___healthy/1598eb2e-21c6-4fda-9080-945551c7f2ee___RS_HL 7501.JPG,13377,e884faad8dae8bc7aff8410c7a2181f5902f66644ee58b79d61cf498fdf5cc05,256,256,RGB,3,a93e9f597061c1c9,True,
source,healthy,data/plantvillage/raw/color/Apple___healthy/15a995e0-2e4a-486b-8509-db35d944ce6d___RS_HL 8086.JPG,13687,641c95b11be424855ee05f1da0cc713c071975e2953d4a4ecad2d6282a9bdaf4,256,256,RGB,3,bcc3c79dc4982738,True,
source,healthy,data/plantvillage/raw/color/Apple___healthy/15ad1bbe-d6da-4b40-aa05-38d394273595___RS_HL 8046.JPG,14446,ef298dcd7029a611b91860ae446e889102ac4e6e11bf0acb2f9fe1a09a044479,256,256,RGB,3,fb85e0d217691c65,True,
source,healthy,data/plantvillage/raw/color/Apple___healthy/15b10e4e-2d9b-463e-85c0-d66ba29c5b49___RS_HL 7506.JPG,14296,7727984ed7ab67e6654967b60599d91664858764bf6ed21ac10f5978ffc7ab9a,256,256,RGB,3,ad9692f9c9e0ccc4,True,
source,healthy,data/plantvillage/raw/color/Apple___healthy/15bacfc9-1875-48b3-9b91-8b60f030d7ca___RS_HL 7240.JPG,13952,f164d77a5d77d09fa1870616d53a8b2a5bf306d1070f2f0239579a061470e1fb,256,256,RGB,3,eac63cd20e79076c,True,
source,healthy,data/plantvillage/raw/color/Apple___healthy/1617e81b-190b-41e8-b258-cf432f65b7ab___RS_HL 6058.JPG,11964,be30a28f3c1861d83f15199ed3b34dad2d08c67168b127236d4112406ef094a5,256,256,RGB,3,e86b8e94a599b386,True,
source,healthy,data/plantvillage/raw/color/Apple___healthy/1630633a-63cb-433f-96bc-bc47a933506c___RS_HL 5718.JPG,11721,7f46e234f50373435f9dec138980fdebf0298552a8efafd6436b3a8661f28e37,256,256,RGB,3,fae1c58f949c9298,True,
source,healthy,data/plantvillage/raw/color/Apple___healthy/1652d645-fb1b-4529-acbe-17093566cd2a___RS_HL 8074.JPG,13121,a525af2e3e0e85bfccbdeb703df9d9729cfac0dc8f25683b7e1893750d5125f6,256,256,RGB,3,a1789773ca33591a,True,
source,healthy,data/plantvillage/raw/color/Apple___healthy/16590622-481b-4f63-ac18-7f590f6af49a___RS_HL 7846.JPG,12878,d9da4cbc84d8fd23f02389fea80e19f1c7f6b77c7b808eadba0bf8c724661552,256,256,RGB,3,bb97c2b04ec73194,True,
source,healthy,data/plantvillage/raw/color/Apple___healthy/167f191e-491b-471a-8dc7-ba76315fef0a___RS_HL 7279.JPG,17839,70e46676544922c113740da3cf9b866c2185a5b8690d848b1c18918012b0e0b2,256,256,RGB,3,bc92f1c9c59e924c,True,
source,healthy,data/plantvillage/raw/color/Apple___healthy/167f64e6-c4c5-423b-8506-9b8210d5fd75___RS_HL 7926.JPG,13316,b22549d0139966b16ee3218fe54ad93b87bb01b8bdff3db17a25c40695c34c44,256,256,RGB,3,e8cb873cb1e492a6,True,
source,healthy,data/plantvillage/raw/color/Apple___healthy/168d6d21-9d72-43c0-acca-b216f64ee87b___RS_HL 7942.JPG,12504,44f7afefb4b1cdd31f59c86e1a98fe21d51d17fb53ee1d6b3033fa893deae5fa,256,256,RGB,3,da6cafc5948ad289,True,
source,healthy,data/plantvillage/raw/color/Apple___healthy/16b2b778-a864-496e-b292-3e9b4029902b___RS_HL 6178.JPG,12288,eac6916406ea3c0ff808ec878b3cc27136dfd8522de2be632ec6114bea4d72b8,256,256,RGB,3,eac2e08f979d909c,True,
source,healthy,data/plantvillage/raw/color/Apple___healthy/16f4ae2e-0592-4a9b-ba7d-df9db0cc04fc___RS_HL 7688.JPG,10205,70eeee2bc2fdb15fb578d1fac7621f7b0448a31cfaf75974d369207d6d3db21b,256,256,RGB,3,a813f77ac2689b61,True,
source,healthy,data/plantvillage/raw/color/Apple___healthy/176a0917-16d8-43c6-8698-1ae095282e66___RS_HL 7903.JPG,13987,0e889c4460c883d75d57bc056fa9ebad6ce81406ffae0ac07b1ab6131009bda9,256,256,RGB,3,fb60858ede358332,True,
source,healthy,data/plantvillage/raw/color/Apple___healthy/177523d1-d9b9-4ba5-94b9-22d5832aa664___RS_HL 5762.JPG,16874,4757712bbb9ddbf948b3ee9f1b7c3c6b19c06cb78458f15abbb6a2b37d5aca11,256,256,RGB,3,aaaec4259e96d89a,True,
source,healthy,data/plantvillage/raw/color/Apple___healthy/177ee310-d918-4756-ab59-f6f5a1b9e446___RS_HL 7740.JPG,12808,e60085545979dc1d85a1decb0276e1a58ccae9ad8464be94379e1989fead0959,256,256,RGB,3,ed96c198cce568e4,True,
source,healthy,data/plantvillage/raw/color/Apple___healthy/179ad6a1-385b-42a2-8232-538664869673___RS_HL 5771.JPG,14059,df5909daf87a91201cd1024b878a365f48acc2de52f22c3d36c1609ad055fe3e,256,256,RGB,3,f82381b59fc26a8b,True,
source,healthy,data/plantvillage/raw/color/Apple___healthy/17af118c-a4aa-49c6-b31b-b7de49b58dfa___RS_HL 7557.JPG,17044,1c51013c96e82a54bab9e4713f07f4f7de41087ca0374962e4bb7e0d2fd17251,256,256,RGB,3,aa95c652ad65d12e,True,
source,healthy,data/plantvillage/raw/color/Apple___healthy/17e328e5-37ef-4f34-b610-092fdfbbb314___RS_HL 5915.JPG,10055,9bba23f6c741628887c272cacf45f28a32ba06bf93213a755e64cb89671d8830,256,256,RGB,3,ef31844a9eed9825,True,
source,healthy,data/plantvillage/raw/color/Apple___healthy/18121688-72a8-414a-8e36-43060cdebb22___RS_HL 5747.JPG,21326,028dcbba04efc34b3d8d523745b02d5be02b3c03e63141ac423bacea3b0ef6f8,256,256,RGB,3,bf60a125e566463e,True,
source,healthy,data/plantvillage/raw/color/Apple___healthy/181ce194-fdc9-4f0b-ae8d-0c621f723279___RS_HL 7487.JPG,15942,995a06948969d89b297b40e3b2dbcde65c95e52afeb725fda8748c95714535fc,256,256,RGB,3,ff40c22b94b493f1,True,
source,healthy,data/plantvillage/raw/color/Apple___healthy/18571abd-0d3c-42de-a257-f46c1a6d1517___RS_HL 6126.JPG,12028,bba9f07892e1fc61fb22e32b7e917c89179f82637b35b6c7850f314b7b2247f9,256,256,RGB,3,bf9384e8c2919f2a,True,
source,healthy,data/plantvillage/raw/color/Apple___healthy/18873cb4-cf30-414d-9ffd-c965879d84b1___RS_HL 6239.JPG,10055,18288869a0fbf43fdae6ff5b2db096a55cbd28c1a3d2aecd7f19907fca0a2d9b,256,256,RGB,3,ff6ac0948f8eb08c,True,
source,healthy,data/plantvillage/raw/color/Apple___healthy/188d8d1c-a33a-4513-b97f-466135939339___RS_HL 8151.JPG,14917,330f7daf26580187b24d7be2be3a4c61e22ac5b17b2e50faf5d98f1368958238,256,256,RGB,3,a9ebd0a5c49f84d8,True,
source,healthy,data/plantvillage/raw/color/Apple___healthy/189c5270-4ba6-4c14-bfb2-3a7dd4d3e7aa___RS_HL 5984.JPG,11774,ad91f87bf931c84f1e9eab758f6809327a9f1d23dba2ba78f08fb2255ab32814,256,256,RGB,3,ffc1901edaec8930,True,
source,healthy,data/plantvillage/raw/color/Apple___healthy/18a10d55-e00c-4bb7-9ea6-d11bf0de070e___RS_HL 7252.JPG,18935,60228973fce00037cbb6b46d7d7b97f614671cf6cf69745c2072eb960fbc51a4,256,256,RGB,3,ad72d3a4859b6ec0,True,
source,healthy,data/plantvillage/raw/color/Apple___healthy/19331cca-70bd-47e9-8e0e-2b3ea81f2d1c___RS_HL 5655.JPG,17654,cfc263388f8b8d40f7798079f00715bff0ef62552ff89e85d9f733e553f4a276,256,256,RGB,3,f8c3868f9c39c136,True,
source,healthy,data/plantvillage/raw/color/Apple___healthy/194c4f91-31be-425f-8ac9-698202cf507d___RS_HL 7470.JPG,19775,393669cc6bf22d2dda01f1721be7ed9ee4b16c2c4f1050fa9269a688999ffac5,256,256,RGB,3,ed65d637cc1cc091,True,
source,healthy,data/plantvillage/raw/color/Apple___healthy/198ed991-931b-444a-986d-a3facdb8255b___RS_HL 8105.JPG,12000,c5fafcec755867cefff879a60d6ba66b148c87a76c82240ba7cb019ff05f3267,256,256,RGB,3,f069cf9ab4cc4998,True,
source,healthy,data/plantvillage/raw/color/Apple___healthy/19b3dc29-de7d-46e8-af14-7451d779f424___RS_HL 7373.JPG,12793,8a139653296f5be0c2682d23e65ce4642ea609ee68326e563d84be545a9a2f9f,256,256,RGB,3,fab2a54d9c7091b2,True,
source,healthy,data/plantvillage/raw/color/Apple___healthy/1a0ddafd-c52e-4ea1-ab34-a302cdc27be1___RS_HL 5785.JPG,18419,0a5349c0af70764dcba3ca3315a2e3356dbec719b492e9d70b7e04b21a599027,256,256,RGB,3,e2c28d9d98b19b36,True,
source,healthy,data/plantvillage/raw/color/Apple___healthy/1a1937a5-c204-4bde-8f70-58b619125c88___RS_HL 7722.JPG,9977,44cf66e6e67f49155c7fa8f719c1c5eaf8949df0560820a1350052b3556ae6fa,256,256,RGB,3,e8b4874a5e6d3570,True,
source,healthy,data/plantvillage/raw/color/Apple___healthy/1a219a0d-defa-4ed1-8878-e3f6aeac847b___RS_HL 6046.JPG,11111,b86d5edf7236c0d04f3796ce5402a65c3a1e7e48439377022e5cd239fc277f39,256,256,RGB,3,e84acfb499933287,True,
source,healthy,data/plantvillage/raw/color/Apple___healthy/1a593b62-fe23-462c-bf68-50f53f357609___RS_HL 6322.JPG,14918,3bc322b5451526d78d410ed8e97ca3d204398867bbc9c76a62507bf28d42bdc8,256,256,RGB,3,e1c9973c1a3225cf,True,
source,healthy,data/plantvillage/raw/color/Apple___healthy/1a905d2f-3b54-41b4-bab8-3c2b0845a91d___RS_HL 7958.JPG,16708,4ab7ce7080b520428a79862dc3e4bfc068c65a740a5c34c8942ef7bd189631d3,256,256,RGB,3,afa490cb988fc9cc,True,
source,healthy,data/plantvillage/raw/color/Apple___healthy/1aa82164-61f2-4baf-b99d-41f18f6e98cc___RS_HL 8087.JPG,12824,1d4b78e6dd68371c80351503983c3e20d80222f3b93578333b97b9856f142722,256,256,RGB,3,ace6f213c19a9f48,True,
source,healthy,data/plantvillage/raw/color/Apple___healthy/1aaa3665-febe-407c-8830-7919b093305e___RS_HL 7803.JPG,12978,9fbbe119f6623ff498695c56b1ff14426a9b3cb25db664282462fd601b604148,256,256,RGB,3,eec2852d9be4611e,True,
source,healthy,data/plantvillage/raw/color/Apple___healthy/1ab5e019-e5f0-4d8e-a252-94cb0aab8b0a___RS_HL 6269.JPG,13533,372bc4a6e18895011eaa18638acf8cdd83db9c5909af02cd833263d5cfeb0cbe,256,256,RGB,3,eac2859fb22c616d,True,
source,healthy,data/plantvillage/raw/color/Apple___healthy/1ab74120-9cfd-47dd-9a80-ee37f2328be6___RS_HL 7667.JPG,12275,93dce27262dadaebd0db1e286974f66bdcb74ba09be6c15be75a87c3321358c3,256,256,RGB,3,aa0295bdbe1cb278,True,
source,healthy,data/plantvillage/raw/color/Apple___healthy/1b22388a-cf05-4795-892f-a5b6f35304d5___RS_HL 8141.JPG,13701,536752a148a3f1a2ba5cf4ef16b95cd48cde6aebcbf10c0a29ede0c8cbfc2f28,256,256,RGB,3,cf2fb5e054928bc1,True,
source,healthy,data/plantvillage/raw/color/Apple___healthy/1b36926c-faee-4b6c-9f66-26d1377b9a78___RS_HL 7662.JPG,10170,16eb714a42a8d7ca75882b3504b3d080b2148e71e1a66043128450952e5d9278,256,256,RGB,3,b719e09a0f345ae5,True,
source,healthy,data/plantvillage/raw/color/Apple___healthy/1b7e4b68-0062-410d-a57f-48177145dfb6___RS_HL 7734.JPG,11787,5e8cff3f75f9d947d616db43a0b1833acc743d454d76dc7cfb8bc2c6d961d0cc,256,256,RGB,3,e847939c9c36d133,True,
source,healthy,data/plantvillage/raw/color/Apple___healthy/1b9f5fe1-6d06-4ff6-a35d-3155f623e4fb___RS_HL 6228.JPG,10776,c348e69dab2d6fbcb19ee3950edcdc0992ed4f02ca32f94600e0d4274b63255f,256,256,RGB,3,eac2959f9127c62c,True,
source,healthy,data/plantvillage/raw/color/Apple___healthy/1c116208-4ef8-4b42-ba20-92c3b9ca957c___RS_HL 5885.JPG,9742,939e68d2f1310d3171701bcf09eb0304edab5aee950a78ce087ac89197430f42,256,256,RGB,3,b801913fca3fc935,True,
source,healthy,data/plantvillage/raw/color/Apple___healthy/1c2b0674-384b-4cad-8704-80781a89d78a___RS_HL 5848.JPG,17548,6578a9e81a391cdb5f0b72100f4fdd7fe0be26b7f1935938512c6eccfe0e4677,256,256,RGB,3,bf60e067c31fe490,True,
source,healthy,data/plantvillage/raw/color/Apple___healthy/1c2b51f1-5439-449a-9ca0-52dd158018fc___RS_HL 7998.JPG,15955,8c6877ea45c70c04bb1ebafe7d73571a44e668c0bac89e9a7064f1f69fa1039c,256,256,RGB,3,f8d8e56396ce884c,True,
source,healthy,data/plantvillage/raw/color/Apple___healthy/1c34397e-9b33-436e-83fc-bd42014fdfa6___RS_HL 5687.JPG,17735,8cb0d9fe43198747db26ecebf224712fc24dfef94fb72ddf6e848ab56032a59d,256,256,RGB,3,eec0949fd219c279,True,
source,healthy,data/plantvillage/raw/color/Apple___healthy/1c45cf6f-2e2e-4091-9bc9-24463f9fcf90___RS_HL 5733.JPG,22054,a3153c9f8a7d954bf7675d5e33549f027df2b2c44573bd1df159a68e15a3f6dd,256,256,RGB,3,af5ad225c9c349ca,True,
source,healthy,data/plantvillage/raw/color/Apple___healthy/1c807ca4-b6f5-4123-8d3b-cd44238df38d___RS_HL 6140.JPG,9498,2eabdd5aeac221932affbb87ef82a027b2ffec69c3dc6f25c0795ac1512f42f0,256,256,RGB,3,e869c3d6b48d9d90,True,
source,healthy,data/plantvillage/raw/color/Apple___healthy/1c85fc77-1843-4a85-8f21-107385d5873c___RS_HL 7272.JPG,17300,f72df814070ea552790cb0fab634b843e81578ae3ebcb21b5803a2cf55ff3d34,256,256,RGB,3,8568cb893fd230b7,True,
source,healthy,data/plantvillage/raw/color/Apple___healthy/1cb890ab-c267-467f-abbc-be9023cb55ff___RS_HL 5667.JPG,17513,b0f41e08ef0c9078bfdc29568dc0af41df79b35197edde9bae4b0571919fc524,256,256,RGB,3,f04b8f9a9495b196,True,
source,healthy,data/plantvillage/raw/color/Apple___healthy/1cbe6aef-57d4-4f2a-b8fb-0375db7084d3___RS_HL 7356.JPG,18049,cc1a9c7e3bff698e6d09f1cbb32247bc973f22c6ec1b72dee9e6f678155975fe,256,256,RGB,3,e4639766cf18cc19,True,
source,healthy,data/plantvillage/raw/color/Apple___healthy/1cd322aa-2fdf-4e50-bb72-f9ebe031f385___RS_HL 7315.JPG,15114,28b26a8edc99d778dbacf51358505ff210adb1df466575992a078fd96ab409cb,256,256,RGB,3,fec28d999011f30f,True,
source,healthy,data/plantvillage/raw/color/Apple___healthy/1ceda3e6-3df1-4a82-a5f5-6c62dbd8ccc3___RS_HL 8072.JPG,14281,54047cfb207cc63151da124be353e758c417f8cc83a24bf51745e55b579890d7,256,256,RGB,3,bfe0d099c10f4f64,True,
source,healthy,data/plantvillage/raw/color/Apple___healthy/1cf4ad6b-8c00-42de-aff0-ee2662c54df1___RS_HL 7462.JPG,17512,ae2f9e9b95e9d0104f4095b0fd815d14d41bc0be07d5b7a7759891cda69b3451,256,256,RGB,3,f96bc04fcf909c18,True,
source,healthy,data/plantvillage/raw/color/Apple___healthy/1d44a5a9-c15c-40d5-b2d6-bbd9e84c96ea___RS_HL 7923.JPG,19376,63249a878c46ad1b08f2016d6999f75b9a4d622eed478817d9cd158b20e25ffb,256,256,RGB,3,a832d3c959cccc9e,True,
source,healthy,data/plantvillage/raw/color/Apple___healthy/1d4ea234-bb1b-44ec-9114-d1ea9abece5c___RS_HL 8002.JPG,19856,47c2f63565cb3c34b0832e872be08a251f390a8fdcb15c1d8cf51ec98e674d65,256,256,RGB,3,ab3f946ada858466,True,
source,healthy,data/plantvillage/raw/color/Apple___healthy/1d68db41-8cec-49d7-b702-d16e36348f6e___RS_HL 6300.JPG,10972,1c32f0779a3b7aa9fe9ecb474b8242f8f4fdbf269cf354a59505da20eb59d6c6,256,256,RGB,3,fbc6954eca2c8d30,True,
source,healthy,data/plantvillage/raw/color/Apple___healthy/1d74d65a-039c-41d6-a459-13f946971ca1___RS_HL 7582.JPG,13608,88354d02c3e0ea7294b9b256d551d5f57b48035e52c0660211b5f5608a376072,256,256,RGB,3,ab4bb561ca869d68,True,
source,healthy,data/plantvillage/raw/color/Apple___healthy/1d74fb02-045f-4919-b360-46e51ee33e82___RS_HL 6086.JPG,11309,acea12bb4faca28ec7d4456bf26a27e85561f28b42d25a9e5bf4a71d35d9f989,256,256,RGB,3,af6ad025c91ecccc,True,
source,healthy,data/plantvillage/raw/color/Apple___healthy/1d7c71d2-fac0-4ee6-8def-765282cb744c___RS_HL 5758.JPG,19119,68940de7e812652eb47806d79f9abbd691d75167b5ea4390103299c5f8fb2b74,256,256,RGB,3,ea4a9025cfbc8d99,True,
source,healthy,data/plantvillage/raw/color/Apple___healthy/1d98a80e-f33b-44e5-99de-89fb990211f5___RS_HL 7834.JPG,14483,e38fcd6384998f369da51bd627de7a45b9cc4b438a55039207409deead8dfedc,256,256,RGB,3,ec99836e953c924b,True,
source,healthy,data/plantvillage/raw/color/Apple___healthy/1dabd7f0-68f4-4d1b-b026-e314457de638___RS_HL 8153.JPG,13766,e7d7bd79408675acfdeb6f48852fd06d32280717660f9805c66244aa4f3bb723,256,256,RGB,3,a835a56f96ec9898,True,
source,healthy,data/plantvillage/raw/color/Apple___healthy/1db9945a-de31-4e5f-9f95-2888c6330057___RS_HL 7901.JPG,10459,eb84455209dbef288c46769bd47f2452f54b4c1361161920f1224a77f18e97d4,256,256,RGB,3,aa95e1588dc7a1ce,True,
source,healthy,data/plantvillage/raw/color/Apple___healthy/1dbfc9d3-f568-4e19-a83c-8fa408cfea3a___RS_HL 5909.JPG,11439,bccd4dee53d51d7e720cb1ff1ca79383b5aa7db67427d04e5cbca2c75de4e81d,256,256,RGB,3,ed12d62d8a3c98f2,True,
source,healthy,data/plantvillage/raw/color/Apple___healthy/1e59b25e-551a-4343-a551-cd03abdb5cac___RS_HL 7376.JPG,18484,c02ddf82a13e2a41f383a0dd3e9f3944cd7c7a83d5b4ea1648f021fa8acd6c3c,256,256,RGB,3,aec1b09ec39c3b0d,True,
source,healthy,data/plantvillage/raw/color/Apple___healthy/1ec5d93e-76ab-44cf-a53e-ef3f741a095a___RS_HL 7504.JPG,13601,30b79da4c32100360cded2841f796d08d782c8eeefc5d82f52f55c5689a6971c,256,256,RGB,3,fcc5a1cb96cc960c,True,
source,healthy,data/plantvillage/raw/color/Apple___healthy/1ecec99b-aeb0-4261-85cf-ac2e8cc80ebd___RS_HL 6073.JPG,12790,d6a8fecbe5c4aaf2b5ba861364dc4d191f59b8406c9444920173b4d1d0a7ba7f,256,256,RGB,3,bfb7c0d8ca698462,True,
source,healthy,data/plantvillage/raw/color/Apple___healthy/1ee2a8ac-77e7-4799-bff1-be48e8aa9ae5___RS_HL 7303.JPG,18569,9e5b75541aaa54fe27ed6364baa0223f3299f1d0b4f2e96496963193c11a13c8,256,256,RGB,3,f394cc58a97325e2,True,
source,healthy,data/plantvillage/raw/color/Apple___healthy/1f2a82f5-af63-46b8-9c18-d8b9567db343___RS_HL 7849.JPG,15485,c7f369216422118b1b81cda882a4a3dc7c745bbc67d3a89d3651c66b1c301e42,256,256,RGB,3,d428a695dd6aa94d,True,
source,healthy,data/plantvillage/raw/color/Apple___healthy/1f2d1c4b-78cd-418a-b0c3-2565b530fe5b___RS_HL 7572.JPG,18189,a91f9058f9257f6d7d69905f83b193a64b70aec4fc96b630d4e781251e4262b1,256,256,RGB,3,aec6e7a4b07b9085,True,
source,healthy,data/plantvillage/raw/color/Apple___healthy/1f2ffb52-a697-43fc-a0d0-609d30e33bfe___RS_HL 6010.JPG,12238,57df0f3dc4d221f8d97f6d1c8f9c85d45b63bc7e236f73edbbba81622c975d7b,256,256,RGB,3,ed15924ac3cb8e39,True,
source,healthy,data/plantvillage/raw/color/Apple___healthy/1fae0947-05ec-4487-a8d4-5ce3c860a21f___RS_HL 7962.JPG,14753,4eafc08233c79a47c193bfc4681f85026fd15cba368c42a48541de1327e2fdca,256,256,RGB,3,fa3d8763b0488dc9,True,
source,healthy,data/plantvillage/raw/color/Apple___healthy/1fd5cde9-dc78-4b8d-a82c-ab9a29880894___RS_HL 7918.JPG,12512,c95342bf6ed9799e3269dc17aa3c7c9645ad63e61cef3f802a9d00d51b7e7c46,256,256,RGB,3,fb42c11d1e31e933,True,
source,healthy,data/plantvillage/raw/color/Apple___healthy/1fdc99ae-fbc7-480f-9cde-e80b54744c0d___RS_HL 7972.JPG,15495,feaf7d975aabf04e6f5e657b1c1f0c36f77a6b40e71054e392d4a13155adec18,256,256,RGB,3,e9cb94c6922c796c,True,
source,healthy,data/plantvillage/raw/color/Apple___healthy/1ff38f29-401d-4ec7-a99a-c4d3ccf42efc___RS_HL 7498.JPG,14995,c9e84e19a3169307e9767b18c97cc86ce0c39807858fb2b9211726000e488cc5,256,256,RGB,3,bcbcd0b04dc387cc,True,
source,healthy,data/plantvillage/raw/color/Apple___healthy/20102c8b-dde0-47d2-8035-7ceeb42f1961___RS_HL 6207.JPG,8918,160f0dc32ffece1eca8ef904211528718e3d268272cf7f6b1eb06cb5124cdfe3,256,256,RGB,3,eb6ac0378cb09dc9,True,
source,healthy,data/plantvillage/raw/color/Apple___healthy/201de0e4-a74d-4dff-9b5b-e997d36e63d7___RS_HL 7569.JPG,15019,25dbb19247d5b1902ae92ab518fef91d09d715028449d61ede9d6929867a68b1,256,256,RGB,3,eeb7914898cae195,True,
source,healthy,data/plantvillage/raw/color/Apple___healthy/203d4b1b-d358-43d5-bd7f-273e68993961___RS_HL 7590.JPG,14180,b81baae9ba82ed3efabef562455feb376274bfa2e757974e8f0a3e6091007ee1,256,256,RGB,3,ad69da65cd186499,True,
source,healthy,data/plantvillage/raw/color/Apple___healthy/2056f48c-137e-4a96-b26d-1c6dae33ee47___RS_HL 7567.JPG,16525,0ea0803dca03daaab62bda2daedbf1c22cf3c2a7249018b06079d94a114ee4ca,256,256,RGB,3,ec170d5a98cf994c,True,
source,healthy,data/plantvillage/raw/color/Apple___healthy/2074d81b-88ad-40f7-9e7a-cd24c2435ea9___RS_HL 5804.JPG,17404,df1a37f46b4ea6adceec0ab9aaae536e7007a8f7db7e9499ffaa64832b962803,256,256,RGB,3,afe094879a1ed938,True,
source,healthy,data/plantvillage/raw/color/Apple___healthy/2076cebe-cecb-463f-9a0a-a20c4e53e5f3___RS_HL 5900.JPG,12361,56707952f5ecfb9b1be142206e170c82044e2b8186ff2987764472d2b3985348,256,256,RGB,3,aef0810f93c9da95,True,
source,healthy,data/plantvillage/raw/color/Apple___healthy/20828c75-15bc-4c31-a3ef-4ee3bfb7081b___RS_HL 8065.JPG,12848,f331f1d82c2b17bba0346e8675586df64702c815463959fc42be8514d74cc5d9,256,256,RGB,3,a39ccee3cca66262,True,
source,healthy,data/plantvillage/raw/color/Apple___healthy/20a6a1df-7c88-4c01-bfe0-2110c1eb0324___RS_HL 8133.JPG,13683,bd705d93529a3661c3177efb826395cf80bc36abe51959e2884019ef536355b1,256,256,RGB,3,e62c85c71f3d3898,True,
source,healthy,data/plantvillage/raw/color/Apple___healthy/20c2fcd9-0df2-4a18-a976-5a4f2e3f22aa___RS_HL 7882.JPG,13476,653f8213711f8ffd1be23e5972481b12b2b20a6ded774a66d033d42b8bd413b6,256,256,RGB,3,f88185c7de3c8378,True,
source,healthy,data/plantvillage/raw/color/Apple___healthy/20d16569-6237-4038-b6a9-2b2e5375beea___RS_HL 6042.JPG,11391,d0b16df95adb32e9e11af9ded7193dc47827256ebf14fd5357566c9072c0e09f,256,256,RGB,3,bcb0c3c39b8f4c98,True,
source,healthy,data/plantvillage/raw/color/Apple___healthy/2116b976-703d-46af-b8a0-ee3ff8e4afa4___RS_HL 5793.JPG,20561,88bf07929eb8dc2fc1d05db2027be8e87238c1c9e00ae630e243b1292f698c6a,256,256,RGB,3,ab4ad560d0a7c397,True,
source,healthy,data/plantvillage/raw/color/Apple___healthy/211f5e77-fdc9-4d96-9395-bb3647678c43___RS_HL 7364.JPG,21817,8f5c2172dfc759bf7d11e82571089289e333188f8f6e203622b5a559644a3f1d,256,256,RGB,3,e843876cca5c99b3,True,
source,healthy,data/plantvillage/raw/color/Apple___healthy/21321d47-a7a7-40e7-9514-cfa4f45e2f22___RS_HL 5651.JPG,18119,eafc59f09df634e7e7521689d2d3dfc8e9fbf2ea4c3588c30fe2b137156adf59,256,256,RGB,3,eac2859cc6981ef9,True,
source,healthy,data/plantvillage/raw/color/Apple___healthy/21b1f887-6f78-4da8-b676-d9e53cb8b24d___RS_HL 6012.JPG,12351,1e51695f6fca58c42ff3f6972f800667321c5d740964c9abda59912a7fabb73d,256,256,RGB,3,eaa987c59e96381a,True,
source,healthy,data/plantvillage/raw/color/Apple___healthy/21c10a73-ebeb-4a16-898b-8b39d9d6eca2___RS_HL 6315.JPG,11370,8cd91c17515d9ed1e6b672e1d47d347d7ce16c732ed56404d9de82d332eb8a86,256,256,RGB,3,ad29c2e6cf923c1c,True,
source,healthy,data/plantvillage/raw/color/Apple___healthy/21c42956-0894-43bf-a1b8-787ef33594c2___RS_HL 7686.JPG,10614,90519ec73d86dab39bd720dfbdb5c5e84b3d00ce443e0af7e4d2b50c0295dc05,256,256,RGB,3,bfd3d0cd0dc4301e,True,
source,healthy,data/plantvillage/raw/color/Apple___healthy/221bfc6b-53d8-4677-8590-8f51530a9661___RS_HL 7260.JPG,16204,13bddd677fe5cab19f39dae7012dc3eb0941b946091ad6b8ba5e2d0cff61e0b9,256,256,RGB,3,e9cf94b183364978,True,
source,healthy,data/plantvillage/raw/color/Apple___healthy/22289256-19f2-49b7-a1b6-f1210557543b___RS_HL 7985.JPG,12749,c24e7fa6914a7a7907e21584034400b8d77d0e86564ada43f3cf6e150b209060,256,256,RGB,3,bcc1c38e93cecc8c,True,
source,healthy,data/plantvillage/raw/color/Apple___healthy/223dbe3b-9f96-473b-a6a6-ea354777ae1f___RS_HL 8040.JPG,13648,4ea11bbe4a69173fa97f246e05423796b736d3b8ad020fa7b1e0c1f768d69454,256,256,RGB,3,e8c2949d93b23766,True,
source,healthy,data/plantvillage/raw/color/Apple___healthy/2255256e-1e76-4c19-8d32-f168ac6eeaa2___RS_HL 5784.JPG,17865,d8244618ecc46c2da90986746b94678b6236b708e10f824fce0aa1110116a935,256,256,RGB,3,ffe0c0ad87d41a98,True,
source,healthy,data/plantvillage/raw/color/Apple___healthy/2260f331-0610-4dd8-9d8e-270115aba39b___RS_HL 6033.JPG,10995,14b2026e2b0eeb2506ab647958fb41a6954c1702612cb05b017c4aa9d014ce0b,256,256,RGB,3,bd66c21e8f3998c1,True,
source,healthy,data/plantvillage/raw/color/Apple___healthy/2270f63e-fbad-41fd-95a4-4700006191f7___RS_HL 8000.JPG,17547,6ef22b4ad04d77b49e1aacb8c249c0d0476e91b5f99db3d84d57d4ec6c874093,256,256,RGB,3,aca652569b59cd31,True,
source,healthy,data/plantvillage/raw/color/Apple___healthy/228c3cfc-c511-4f1d-80ef-eb6a9e89cc0b___RS_HL 7383.JPG,20035,47d5213bf694af3f076fdbab1fe912d6e72653b935181f286e11f4beefee0bb9,256,256,RGB,3,bcc1b08ed3c639c6,True,
source,healthy,data/plantvillage/raw/color/Apple___healthy/229d89f1-b2ac-4427-b7e7-47139f62b73d___RS_HL 7341.JPG,18487,a06e98da3af171ab3985af1caab4711795c252bc00ea7b4ce18d2536f53b5803,256,256,RGB,3,afc1b0a7c196cf18,True,
source,healthy,data/plantvillage/raw/color/Apple___healthy/22ccba73-f485-4c4d-a6a8-faaaa7c90e1f___RS_HL 7824.JPG,15501,074c8a3732eb05082c522b3dc8ce90e91554664bbc5185c9575e9d5067fe8189,256,256,RGB,3,a598d04fcdf61b03,True,
source,healthy,data/plantvillage/raw/color/Apple___healthy/22e6ab6c-375c-475f-8888-3d2f6d939111___RS_HL 7625.JPG,15240,d427b03fef467d57f7594deb5f5117ce27fba37dd5ec529bcbf3363182d9c09a,256,256,RGB,3,e59692c8c964cf65,True,
source,healthy,data/plantvillage/raw/color/Apple___healthy/2301f2bb-7972-4fb8-8be6-246ce55ca3b6___RS_HL 6100.JPG,12177,7178ee09a53925d0138ff661f6645f76143b0e9dc6a0b08c578afa89d0ba9308,256,256,RGB,3,ea4a9c399bb32694,True,
source,healthy,data/plantvillage/raw/color/Apple___healthy/230a4c38-8e59-4c1d-bda8-ee3401e6507b___RS_HL 7945.JPG,14047,c10c118284d6a610b0fb3065d0cb955ff1f13b21a99f2d3fc825f7801a0e7bc7,256,256,RGB,3,a364dc3d899236ce,True,
source,healthy,data/plantvillage/raw/color/Apple___healthy/232e37bf-da7c-4c4e-94fd-ce592dd37786___RS_HL 7770.JPG,13774,f3d9d6008b75484f5f5d184b32b94651c1c016a22d2aee38f8a854dfb7d863cd,256,256,RGB,3,a86f849ccf389b31,True,
source,healthy,data/plantvillage/raw/color/Apple___healthy/23307db5-ba40-498c-9b96-2c6b65f40c27___RS_HL 6096.JPG,10087,1060ef702fcd2c0ab929042361b0a794861f9cf482ff5d980dc3402ce9fe1b9b,256,256,RGB,3,eae085859e9278db,True,
source,healthy,data/plantvillage/raw/color/Apple___healthy/2331c0e7-475e-4304-8f4e-d98f80778a08___RS_HL 8043.JPG,13133,35489d070b3cd78cc61e5d3887503e35b0f4a9626f74c10bc5e1609a66e1992b,256,256,RGB,3,abb7d058c9e54c86,True,
source,healthy,data/plantvillage/raw/color/Apple___healthy/2345cf40-76a9-4bb3-9e7c-8d185dd41905___RS_HL 8123.JPG,14115,f75ab8bd06be27c94f9d7e44c8a5e66c673b95477f355751bb2221cb7b9612ff,256,256,RGB,3,be40f02fcb9ccd18,True,
source,healthy,data/plantvillage/raw/color/Apple___healthy/23484fef-f518-486c-8469-c33469e4ac11___RS_HL 6117.JPG,12608,eeab0cc6a330e6d0dc20e26e8d510deec59455c67c0191c432230124225963a0,256,256,RGB,3,ea25c55a9ef04c93,True,
source,healthy,data/plantvillage/raw/color/Apple___healthy/234fbf88-be8a-4b45-a93d-493b6e83215c___RS_HL 8182.JPG,11249,e1190905e2bfe4d9f2401e304e0175b8f3478e7b3c2aafa9247daaaad9e3283f,256,256,RGB,3,8b84fc5fc560d2e1,True,
source,healthy,data/plantvillage/raw/color/Apple___healthy/2363daeb-88d5-43f3-925b-be7360c10394___RS_HL 5828.JPG,17732,9e53f1ce8c99618896ad61aa2a8e592f082d2c9ed98ffcaf827315ed078c058f,256,256,RGB,3,fac0879ed039c935,True,
source,healthy,data/plantvillage/raw/color/Apple___healthy/236eab7b-6301-4764-8e70-7b3b87ecc904___RS_HL 8147.JPG,14621,631d26b42787807a99b8a938182e712bc8ca5a1ba30a68529f242e1433744d8e,256,256,RGB,3,ab3d97c2d249b4c1,True,
source,healthy,data/plantvillage/raw/color/Apple___healthy/2381a136-3832-4e59-a7d6-9fe4702ef0a0___RS_HL 7580.JPG,16182,a130f1b6a2f9b37acb2f4600efd53dbe6e1c3f741f081f691393b14ca609d23d,256,256,RGB,3,abc9b5b5c092c792,True,
source,healthy,data/plantvillage/raw/color/Apple___healthy/238b94a0-eed1-4c28-8396-2de2e7247f72___RS_HL 8107.JPG,16507,f4c71f1971a6e42d9a8c759da6e4e70a91044d56e14d1db45a1c60aa41b310fc,256,256,RGB,3,ef92d013974a8f68,True,
source,healthy,data/plantvillage/raw/color/Apple___healthy/238ba7d8-807f-4af5-8524-5259b80cff9e___RS_HL 8119.JPG,13450,dabb9211c14676430bfec1760c7fa452b2b030d6620238baa818c4772e7b9b4e,256,256,RGB,3,edc9929136cc31c7,True,
source,healthy,data/plantvillage/raw/color/Apple___healthy/23a11b8b-6812-481e-9258-e07cc24fdad4___RS_HL 5898.JPG,12244,7c56c828d81b92324c1049e2048c4838d08f95433a4925e4123a9733cd4edeb1,256,256,RGB,3,efe8c11f98b09193,True,
source,healthy,data/plantvillage/raw/color/Apple___healthy/23a80c76-8642-4e07-b157-b73eff76c44e___RS_HL 5906.JPG,11056,aba32dc23840e74aef67501b56a42a0a3379012a19ef23da74f5240f16400a2f,256,256,RGB,3,eaecc49386c39acc,True,
source,healthy,data/plantvillage/raw/color/Apple___healthy/23b5f9bf-18d8-43d3-a289-6398a7abde91___RS_HL 7914.JPG,14487,be543cf988da846779cf0a13aa019ecd34153ee4febf06048014114061a32a17,256,256,RGB,3,a9c3369ec22cd36c,True,
source,healthy,data/plantvillage/raw/color/Apple___healthy/23ea1618-d554-47fb-bc03-a1b978f14fbf___RS_HL 6008.JPG,13493,3ef2f3294e2fd04b6b0d496433a12840f1580c0fbecbe9d6331ee5789a078879,256,256,RGB,3,aac89525d23fda32,True,
source,healthy,data/plantvillage/raw/color/Apple___healthy/2408e9ef-1a03-44f4-9432-e24113c409e3___RS_HL 7556.JPG,16467,5d25a50c3dcb43830184b3007007f01fb32b8d3a85e53e7942b7264dc24f1258,256,256,RGB,3,ac83c52f932c936e,True,
source,healthy,data/plantvillage/raw/color/Apple___healthy/24adc938-da71-4d2a-9c7e-f2dc3a73c908___RS_HL 7307.JPG,18596,2fe800940a208414bd1f3c127547fb60f7d8326aa0af907f347cf73ad8b20eea,256,256,RGB,3,f047872cc6395cd3,True,
source,healthy,data/plantvillage/raw/color/Apple___healthy/24cddc8a-d7e6-4ebf-9771-b3844913f02e___RS_HL 5966.JPG,11075,f991cb3dab46ba9c1761f061bf393bdfbc0bc359c6014e8086b70ce9703d26cb,256,256,RGB,3,fae281979678d861,True,
source,healthy,data/plantvillage/raw/color/Apple___healthy/2514a94f-5f1b-4792-92e7-63b6a552225a___RS_HL 8186.JPG,13391,8c4c933d21e63c3ddfca125c3a351303b50eb2942a072591ad89f542452735dc,256,256,RGB,3,f6c2c99b649c86e4,True,
source,healthy,data/plantvillage/raw/color/Apple___healthy/253bd68f-d969-4fa8-9373-6c49ba5fb274___RS_HL 7439.JPG,19620,a90a025a43e6daba2d06a4c1e899daf383abae07fceb243867345d0cd167d974,256,256,RGB,3,bdb0b4c2d28f8569,True,
source,healthy,data/plantvillage/raw/color/Apple___healthy/2551a3b8-b5dd-4716-88e6-517a012a44f1___RS_HL 7551.JPG,17740,868c8a2cd6c32ef95985fa166d9cd4ce481d3f67a0c949052e0eaa405c2d5d37,256,256,RGB,3,f6afe870c552524a,True,
source,healthy,data/plantvillage/raw/color/Apple___healthy/25aa6094-5f2e-4551-9349-a3fe0edd3b92___RS_HL 7296.JPG,11633,caef4fb461eea5ccbf6a83a4a0d52387e21f9fb2086435f881f8f8f012e8e925,256,256,RGB,3,ebcda192c35ace21,True,
source,healthy,data/plantvillage/raw/color/Apple___healthy/25de086c-ea7e-42b0-83fd-bc7d1e584d0a___RS_HL 5852.JPG,17549,4485665295d5ac77cb6e842d331aa17c4ed51e58f146560a91fa708d8c6c70a3,256,256,RGB,3,afc2e195c42c9a6d,True,
source,healthy,data/plantvillage/raw/color/Apple___healthy/263c9e0a-4cba-451c-98bf-77ce71af1b82___RS_HL 6237.JPG,11698,87568bdf6a19ede14013e29f496c8ff08d2a088fc97ad9abb771bd44d3e790d5,256,256,RGB,3,bf69c8b2c4919785,True,
source,healthy,data/plantvillage/raw/color/Apple___healthy/264deb35-dd16-459c-bbd5-4991f6b21be3___RS_HL 5842.JPG,19006,aa940e271a3a86824ab3eae153a6d4bd71452a7a4a631e8bb4b8cfe20e43ffd5,256,256,RGB,3,bb6af065c107cf48,True,
source,healthy,data/plantvillage/raw/color/Apple___healthy/2693000f-ad26-46ae-9d5f-3fb67de2b86c___RS_HL 8206.JPG,11700,a2051ef4c2c90f9a569cb6a9f24c735a12bd76570d93d5d1ee7b68998c6958cc,256,256,RGB,3,ffd0e00f943c30e3,True,
source,healthy,data/plantvillage/raw/color/Apple___healthy/269865f0-68b7-4046-8076-22e347b36567___RS_HL 6256.JPG,11171,b30566b0b158252041482e7e29667adcfcaa7ab50416aded9271b551c1a67335,256,256,RGB,3,ebc2850f903db237,True,
source,healthy,data/plantvillage/raw/color/Apple___healthy/26e85922-aaf1-4cc6-8bdb-2fb0222a4b8c___RS_HL 7624.JPG,15661,07b19d6aa118f5978ad647a11190a215adf23b71ecb197a5670ff7ffd8cf3a78,256,256,RGB,3,e8c5b4d2c61f923c,True,
source,healthy,data/plantvillage/raw/color/Apple___healthy/26f830c1-f86f-438b-9045-3531ef02ea9c___RS_HL 8122.JPG,13610,10b6ecfff870ce090ddb93500295d9fb0f139868c9731503c6450378e7696030,256,256,RGB,3,af9fc270d86d8462,True,
source,healthy,data/plantvillage/raw/color/Apple___healthy/270ca100-e754-4ed1-9fe8-0d3270cba958___RS_HL 5660.JPG,15233,fbd8be5c24ed764546d0fdefef2686eeee21de59f13ab1c80a366f7705d826c1,256,256,RGB,3,f82e85b1cec3309e,True,
source,healthy,data/plantvillage/raw/color/Apple___healthy/2710a9e1-5834-4606-9e2c-477c0415882e___RS_HL 7564.JPG,16588,444141778a0bcb210919b319644b61934cbc620b7a144a3c0db27dd875a3d8ed,256,256,RGB,3,ae2dc430c6df18ce,True,
source,healthy,data/plantvillage/raw/color/Apple___healthy/2735c32b-b407-4714-b190-2b35d8e9a61f___RS_HL 8104.JPG,13858,2d40b5d45866c3c45e69af714a9da4385cda99804f14eb86d0753f016d1ba173,256,256,RGB,3,ab33e486c36cc9e1,True,
source,healthy,data/plantvillage/raw/color/Apple___healthy/274144ec-893c-43fb-ad9a-18f71ead2e58___RS_HL 5971.JPG,11784,9bcf741e22b7c802374a614b24714c7885bfb6f0d93a3aeb25f5c26a4feee8b1,256,256,RGB,3,eac0859fb4313367,True,
source,healthy,data/plantvillage/raw/color/Apple___healthy/2766f4b1-33d2-4532-aab2-a7fb037b87bf___RS_HL 6155.JPG,13609,8c48924b0ee5f76e71ff4fb5a9510007528d0d431c932263c3043e2a90744684,256,256,RGB,3,bfe2c2979c30e113,True,
source,healthy,data/plantvillage/raw/color/Apple___healthy/2768d40f-209f-4f71-a90a-a5f748fe299a___RS_HL 5938.JPG,11652,9460835b53de69222a0e9a5c9480356bf064bf873cc375cf1d621f6f80ddb041,256,256,RGB,3,ea4a863d9b963487,True,
source,healthy,data/plantvillage/raw/color/Apple___healthy/278e3aec-395c-457a-8fd0-ddf0ad8f3056___RS_HL 7377.JPG,17191,ae4279ec627d149e334c8c7bc4513ca7d54e19f6308beb59eda57315642d621c,256,256,RGB,3,bf9d62b9c26896c0,True,
source,healthy,data/plantvillage/raw/color/Apple___healthy/2796f6e4-6b9f-4b3b-9f96-a6788b2e0f02___RS_HL 5712.JPG,13549,e09ed7a08a27ed638dcf793f4ee4df1d8f7337677e778c67ab6b5570e1c06f46,256,256,RGB,3,bbf085ca96c38e4c,True,
source,healthy,data/plantvillage/raw/color/Apple___healthy/27af3831-cc86-4c30-96a5-98d5a2375fcd___RS_HL 8183.JPG,15181,744f40fec9e0bc116d1a9da087d1eaaa7391335a805fe1d52c05a33f7595ac08,256,256,RGB,3,ba1c95f2c9619d0e,True,
source,healthy,data/plantvillage/raw/color/Apple___healthy/27b057d7-929a-436f-905d-fd8339bf1bca___RS_HL 7366.JPG,20873,b0b421d9dc1135581e3234c5344007a9dce3ebec8989a694b1b2b7343985a203,256,256,RGB,3,f1a1e99787588b68,True,
source,healthy,data/plantvillage/raw/color/Apple___healthy/27d5e1e8-d30f-4514-bafe-f600ad03a871___RS_HL 7648.JPG,9697,2d75810509e2e07b5213bea2ddc9a5101e2a4bd47e11be845edc7b95b6c0f2fd,256,256,RGB,3,f0478f3c9131d336,True,
source,healthy,data/plantvillage/raw/color/Apple___healthy/281380c3-d61a-442c-8e1a-a8058645ff01___RS_HL 7350.JPG,19441,50f62217aa2222462260df85bd01ce7e8f3c497b7a16a2d1297b7932441fd0a3,256,256,RGB,3,eb6a8e4c694bd891,True,
source,healthy,data/plantvillage/raw/color/Apple___healthy/2836a80f-2aa7-46b1-8d64-0cf10037eb67___RS_HL 7268.JPG,20848,9d5911589127d4d249e790c4b9797cad9bb5f7eb357a037e41fe597c28f31bae,256,256,RGB,3,edd0970e3125ca5e,True,
source,healthy,data/plantvillage/raw/color/Apple___healthy/28682886-ee9f-4698-854f-8f196c01b67a___RS_HL 6101.JPG,12274,3e27ac03f7812279fd3caf7845354fe526ebeeaa0c38eab8f92693fe1ec5f885,256,256,RGB,3,e3ca9cb19336258d,True,
source,healthy,data/plantvillage/raw/color/Apple___healthy/288e87b5-654d-434e-a5bc-3f8adaff8cc5___RS_HL 5714.JPG,16737,dfa8b50943d54faa872595be21dbec24b3f58cb2aaaf19051bcd52152fcbee4d,256,256,RGB,3,af3cf065e286ec90,True,
source,healthy,data/plantvillage/raw/color/Apple___healthy/28b993ef-31f6-42a9-b39b-933a18c0b532___RS_HL 7798.JPG,14132,34e287afae59926ef07c55acb1e3f33305b0948cac3aa60ab77f1c8360d4429b,256,256,RGB,3,bcd1924fc13c1ee4,True,
source,healthy,data/plantvillage/raw/color/Apple___healthy/28c298e3-0846-4372-a9ab-562f2ce7cf9d___RS_HL 5846.JPG,17225,5e2bc42c7653b72f9ed72d2d01a401da027e6f90773c075dd3ca2878d110ac32,256,256,RGB,3,ba84e59bc61929d9,True,
source,healthy,data/plantvillage/raw/color/Apple___healthy/291f66c2-6044-4485-861a-8fa3aa625ddd___RS_HL 7520.JPG,16857,95386f30aae6bdb9b90afa21258f60fe1b86341da76c428cd8219497471cf218,256,256,RGB,3,fcd0c18f274c366c,True,
source,healthy,data/plantvillage/raw/color/Apple___healthy/2922187c-ac88-45e4-96ae-2aa396d50bda___RS_HL 5700.JPG,16781,122325e52e94a312ce4bcfb5cd6d0f989f7ae3a8d5abd623385c266fab42a307,256,256,RGB,3,eace850d97b09a3a,True,
source,healthy,data/plantvillage/raw/color/Apple___healthy/29745ef7-133c-4f61-a5bd-592790f81a32___RS_HL 6326.JPG,13119,76eea65b3031eb13e4ce549beb4f641bfe14141115e63703c7a3e256ce436419,256,256,RGB,3,bf9ec2e06da5300e,True,
source,healthy,data/plantvillage/raw/color/Apple___healthy/298c8daf-43cc-4f65-b2db-65623425e5f8___RS_HL 6103.JPG,12715,c473b6551158a9cbdca7f5361d22519edb48a701743ee4de901a91712f7d3b26,256,256,RGB,3,ab6ad0858d9f9499,True,
source,healthy,data/plantvillage/raw/color/Apple___healthy/2a485bb5-c59f-4af0-837a-063b60e0c3c8___RS_HL 6025.JPG,8336,9027c1ffd2eefc942025cffcdd1c3c3e08cef94c91bcb1a2fbd172aec9d5c5c6,256,256,RGB,3,a86ac3972d8f90b5,True,
source,healthy,data/plantvillage/raw/color/Apple___healthy/2a53473e-0c50-43d5-933c-a62576fb5f52___RS_HL 7664.JPG,11185,dede80266e0b0de13ddfe0ed081fe0b9e5844c7a981a114e494e29839142e39f,256,256,RGB,3,fcc38434563c6373,True,
source,healthy,data/plantvillage/raw/color/Apple___healthy/2a73c206-19c5-4f7c-80da-1bdf62354562___RS_HL 6082.JPG,11829,1e3a42512d4e7bac4fa37cf4693e1d70e7c730112003dcae75c3f269ae3c32af,256,256,RGB,3,fec0c70fc834c933,True,
source,healthy,data/plantvillage/raw/color/Apple___healthy/2a986e85-7e83-443a-871e-c590d5a25845___RS_HL 6000.JPG,12528,270586d5e02f51173f4274a5f23f616c72aad395b2ddabba91fb33eab5f4e4a9,256,256,RGB,3,fac0858f9eb49133,True,
source,healthy,data/plantvillage/raw/color/Apple___healthy/2ab9dfe3-b810-428c-843c-e257a25c4447___RS_HL 7576.JPG,14667,ca36432529298fdff8d41b0cd61b62f4128feecf1d1057ef37f451d35950f989,256,256,RGB,3,de1ba069e6a50736,True,
source,healthy,data/plantvillage/raw/color/Apple___healthy/2abb295b-31c5-4e5f-b5c7-94ca57e94305___RS_HL 6277.JPG,10547,4c96c5bf6e18a660ecd8ebdc29822884794d2ad3ae83013060b2aa294623f598,256,256,RGB,3,aac2951dd834d337,True,
source,healthy,data/plantvillage/raw/color/Apple___healthy/2ae4c8d8-309c-4dfa-8bde-b985b2a81272___RS_HL 7659.JPG,12715,4525f2c587a9bc1ba3b3a0df8a81f9588ee86f065283de3a3110f15c9c4189b4,256,256,RGB,3,a5f0964aca1f699c,True,
source,healthy,data/plantvillage/raw/color/Apple___healthy/2b044129-3011-4709-8947-18c1a3bf014d___RS_HL 7919.JPG,13319,60550d0a9aecad486ba67e212224489eb07b1b0da315e9e67e1728b23778058a,256,256,RGB,3,fa85a73cc4128fd2,True,
source,healthy,data/plantvillage/raw/color/Apple___healthy/2b0d21b2-2320-4cb4-8d40-4684f0c91e55___RS_HL 7505.JPG,15040,d29dd41481a7ed0a67015e26231306eb0e7a81993311d25bce93c8d5c88a084b,256,256,RGB,3,abfa9425c993859a,True,
source,healthy,data/plantvillage/raw/color/Apple___healthy/2b21526f-9ab0-444b-829a-fa97cd727733___RS_HL 7844.JPG,14089,9a613e4911b18d8857d184da0e6e35acbb704b82f24d3b8e754fcec95a271980,256,256,RGB,3,f0d3936cc3b02ccb,True,
source,healthy,data/plantvillage/raw/color/Apple___healthy/2b3fa6ff-a37a-497e-b122-5b29ae419bec___RS_HL 5979.JPG,9805,e86ce52337baa5509f335f5ce28bb579e3e70ae4ccbed8b80a9c59d93062b005,256,256,RGB,3,aaca950d9b9ee036,True,
source,healthy,data/plantvillage/raw/color/Apple___healthy/2b48ce1f-c273-4c10-a7b9-2528944097b4___RS_HL 7787.JPG,9596,0a12614a5fd650c7b194b86d80e9dbb441b5e92144db8114aebee713e351ed36,256,256,RGB,3,f4c18b3e98b135b2,True,
source,healthy,data/plantvillage/raw/color/Apple___healthy/2b76e710-42aa-4732-9d60-c7fdaa14f9fa___RS_HL 5822.JPG,16190,43dff8dc8735a4bc4d21296a64789d01d0a07f0a3069697ad6b0fc2d9e3b611b,256,256,RGB,3,abc0958795979e34,True,
source,healthy,data/plantvillage/raw/color/Apple___healthy/2b76f048-cc2d-4e91-9652-ca3608dd0481___RS_HL 6201.JPG,9032,906e33e7e76ed04c799c03a8c3b111c209ea8de640637f139f7d9f039f7b6c0a,256,256,RGB,3,af69c296c59c92c5,True,
source,healthy,data/plantvillage/raw/color/Apple___healthy/2b96d8f8-6642-4897-b43e-dde7fb2fcb2a___RS_HL 7295.JPG,19297,bbf2bd271c42fc347ed3b1c8dc8abc21ed15ad8e087e61cc8521f1dc1690e631,256,256,RGB,3,afe4b012f04be1a7,True,
source,healthy,data/plantvillage/raw/color/Apple___healthy/2ba31dd4-36d6-4cda-b2e6-c1f53a174d4d___RS_HL 6305.JPG,12828,0e46ee451e5bfb21e607eea3fc836d973fc8861288a855de785adeb49e4154a0,256,256,RGB,3,eec2952f98b4c534,True,
source,healthy,data/plantvillage/raw/color/Apple___healthy/2bbd0a49-9a1c-473b-bdf3-51f154db463e___RS_HL 6081.JPG,11351,72755572447c3bff278c5659cdb80c75a049caa6b080ba39868f2450eef65691,256,256,RGB,3,ba1f85708e63d887,True,
source,healthy,data/plantvillage/raw/color/Apple___healthy/2bf54e83-c962-4b46-84b1-d5a8a7b686da___RS_HL 5858.JPG,17300,72f93fe511d391f41ac4053b297b4f17b01c9e8ab687d2e04b0f8f183d8e2908,256,256,RGB,3,e8cb8695ded81863,True,
source,healthy,data/plantvillage/raw/color/Apple___healthy/2c7fe12b-945d-4828-a327-fc17eb0c4afc___RS_HL 5942.JPG,11116,61d7de19c97678ca759686a2ef8bf9fbde9a474323dcccd140c244d55909d560,256,256,RGB,3,beb091cada0fcc34,True,
source,healthy,data/plantvillage/raw/color/Apple___healthy/2cad835a-1b47-4cad-b08e-acfd29cf5883___RS_HL 7647.JPG,8790,5a9756909498bf58f981695b2bb1714a217970a4ff76823624e0a650cf2b4783,256,256,RGB,3,af15d47acca0c4e3,True,
source,healthy,data/plantvillage/raw/color/Apple___healthy/2d1542c5-6771-4433-a912-313e77945d85___RS_HL 5683.JPG,15755,6a00cc7c1e7a99e5cbbf229df5e814c6ebb7c644e9a562c9c1b63597ea4c5e36,256,256,RGB,3,ea6ac3a7ed8d3820,True,
source,healthy,data/plantvillage/raw/color/Apple___healthy/2d62f422-484f-4fa9-af67-f2724cfe5564___RS_HL 7441.JPG,20561,79bdba5bde1dd330f3754415f8bc09d0261f0b3353fec29543a730240c2ccee4,256,256,RGB,3,ea4ac34d9b65cc31,True,
source,healthy,data/plantvillage/raw/color/Apple___healthy/2d6efa59-1d5a-4f92-8879-2fdfa163d404___RS_HL 6157.JPG,11609,27afc7bd34825806c542248f755c83e36e12bc39bce6b17e6889262fd111a9da,256,256,RGB,3,aa6ace94a58d9993,True,
source,healthy,data/plantvillage/raw/color/Apple___healthy/2d7f4c07-f4f4-4589-aa82-49e05e5b253b___RS_HL 8056.JPG,12521,0354269dda29a25ebecfa6a0af76af3dfe8d8ae078658e495c73f2d56174ff5a,256,256,RGB,3,aff0c107cc9ce09d,True,
source,healthy,data/plantvillage/raw/color/Apple___healthy/2da4c099-fc85-4895-bedc-8a0241ed23b5___RS_HL 5754.JPG,20429,831c887c804287c93c6edf830a2613e9821010499f68788c25a4c199bf8dcdb9,256,256,RGB,3,efc8920c9936cd33,True,
source,healthy,data/plantvillage/raw/color/Apple___healthy/2dc5f050-21dd-4b81-a1cb-ef2a9f72f134___RS_HL 5694.JPG,17735,c0f35d648c763c06774436859d486b506eabd1faace9a98c70e01dfed9d46d15,256,256,RGB,3,be9fc360ccc3309a,True,
source,healthy,data/plantvillage/raw/color/Apple___healthy/2e403d36-e4f2-4323-a78c-5a7330f1083c___RS_HL 7857.JPG,14355,575967f1d67f9f56971de73cbfb7e6bcdc3c7911b905cd9e8e23dd420a774d8d,256,256,RGB,3,ecca903d99b3c634,True,
source,healthy,data/plantvillage/raw/color/Apple___healthy/2e599aab-11dd-4073-845e-b45a6accb4de___RS_HL 8009.JPG,18793,e50ca6e0a6e2099b36a7370855ef0440bdd86837258ae0dedf4c2e38bb2b1aed,256,256,RGB,3,aa6fb4a052d3cb92,True,
source,healthy,data/plantvillage/raw/color/Apple___healthy/2e6c2a31-e580-49ad-aa9e-31c11f0ff4b3___RS_HL 8137.JPG,15135,80fc9425f50663a55eb52edfa5b857e9168fdef3ea0dbce5b9b7229599b0fee6,256,256,RGB,3,bbeec49195c622ca,True,
source,healthy,data/plantvillage/raw/color/Apple___healthy/2e7471ae-fd24-4038-9caf-98f4cf2a6946___RS_HL 7437.JPG,18289,a23747679c6bf86eede447982dc30a3f5380892c608ba19583cfe1203fc39814,256,256,RGB,3,da2ba5d4daca4269,True,
source,healthy,data/plantvillage/raw/color/Apple___healthy/2f2f3662-f870-4b42-b00a-cf098b974d85___RS_HL 8140.JPG,12231,4ee989b49154c2e3d86d6088aa9885a696dea87a05451565df3a84156e2e72d1,256,256,RGB,3,f20ca963959d9a99,True,
source,healthy,data/plantvillage/raw/color/Apple___healthy/2fae96ef-fe0f-4004-bbb7-259c62cde5c3___RS_HL 7953.JPG,15495,485567a1b0318b677ce60fec1a35832cc7a7026b26d156df83a0cb659afac2aa,256,256,RGB,3,af1d945ada65c944,True,
source,healthy,data/plantvillage/raw/color/Apple___healthy/2fbd9205-be67-4f43-be2a-93a8def382a6___RS_HL 7680.JPG,9991,450e32be20503725e600d8e18ed699eab19b992d19a1fed87d7dd5c95d9d4adc,256,256,RGB,3,af2cd0f1638ab6c4,True,
source,healthy,data/plantvillage/raw/color/Apple___healthy/303603ae-edae-45ba-914d-ab522db7089b___RS_HL 7400.JPG,14545,cd0e7c719201e18c557a057f121249114483e0b4a42efce64a84e2e941f13b2f,256,256,RGB,3,ecad9152a6a5569a,True,
source,healthy,data/plantvillage/raw/color/Apple___healthy/30995ef5-ad2d-4949-b0e0-f98b074b4a96___RS_HL 7378.JPG,18931,c3a5ae37e57d464f4988eec332f897629f75bef758fa3dfc256541a689da4d20,256,256,RGB,3,ae93c1329dc3629d,True,
source,healthy,data/plantvillage/raw/color/Apple___healthy/30eff8c3-a67c-42d3-b1c6-b17aa2ab8ea4___RS_HL 7461.JPG,17325,a043edab56bce3fe0b65fb7fa90d85148e8adff4b6ca65a8260cd6fdfe1ba84e,256,256,RGB,3,af13f0688f869e46,True,
source,healthy,data/plantvillage/raw/color/Apple___healthy/30fb7843-8e70-407e-b361-aa54a7473c32___RS_HL 6143.JPG,11192,4e0d0692438517ed4c1b43609489285953735d0da7821050ed7e318ebbfdb537,256,256,RGB,3,f8c3859c9eb036ca,True,
source,healthy,data/plantvillage/raw/color/Apple___healthy/30fb851f-052b-4b63-bc29-6d824a764fd5___RS_HL 5916.JPG,10068,fa89e33835399b88865a8692590280cb4af4707b07bf88cd1417e885c0b04848,256,256,RGB,3,eacac79c9c119336,True,
source,healthy,data/plantvillage/raw/color/Apple___healthy/3100088b-5df1-43b2-a1d9-8ff1d414b67b___RS_HL 5834.JPG,18084,71e47da7816150f3d4df74472755efea537717f69fede5994230b35fbf540fab,256,256,RGB,3,eae0b587d28f920e,True,
source,healthy,data/plantvillage/raw/color/Apple___healthy/313b7055-4346-4b7c-99fb-ada974f60486___RS_HL 6275.JPG,12508,b9fb8a1350a884f3a365d90336804fd691f5f8cf2abe60d0b74a44736df1667a,256,256,RGB,3,bec0869d9932f227,True,
source,healthy,data/plantvillage/raw/color/Apple___healthy/314b2ac4-0d06-4940-8517-0d4c1072acbf___RS_HL 5929.JPG,14399,529f1a602558e42a3d5be9981ccad1740e1a22949e76c4dee42af85a17db3062,256,256,RGB,3,eac2959c98b387b2,True,
source,healthy,data/plantvillage/raw/color/Apple___healthy/31c8c28a-ba8f-4869-a623-949d6c67275d___RS_HL 8177.JPG,12733,9d23573ed7548fe6a366e820c5677478cfc40c8b8f801bea64b6d0a46dda73bf,256,256,RGB,3,eec235c9328dda94,True,
source,healthy,data/plantvillage/raw/color/Apple___healthy/32073031-1afb-4a9e-ad8b-2d19ef6bb00a___RS_HL 7362.JPG,19756,10b6566cd1d84b30d97263f79d1ee7316cf532eb72c9bd37067449231d0fba19,256,256,RGB,3,8e7af060c295cb9e,True,
source,healthy,data/plantvillage/raw/color/Apple___healthy/32a59e5f-9167-42d4-8040-40563e416572___RS_HL 6156.JPG,13387,fc3bd49867b1087a9338faadcad341c6c0d86b4dfbf1b59e40f933fc95cf2656,256,256,RGB,3,fab885e5c89e9648,True,
source,healthy,data/plantvillage/raw/color/Apple___healthy/32b6be5f-6482-4bd2-876d-c2a518afed09___RS_HL 6163.JPG,11563,feaee06a74a706533b6691a921ede462af6bfe41a182f328f2e1db210ee17cf8,256,256,RGB,3,a969c6b49c9a31d9,True,
source,healthy,data/plantvillage/raw/color/Apple___healthy/32d7538b-1c41-49c4-a67e-4ef228aaa438___RS_HL 7529.JPG,14298,042002a6fa1be4c95bb6753c9a883a8b54b5ebd644afbbdf833139306726b707,256,256,RGB,3,f8a5c18272b749cb,True,
source,healthy,data/plantvillage/raw/color/Apple___healthy/32da947b-7d05-459b-a5dc-b4481bb09f48___RS_HL 7450.JPG,20573,f56334c80fd17b51964d6371e2294d721d7a1b7d9a43e5450b8b6361e7207008,256,256,RGB,3,fa8fc69969652c12,True,
source,healthy,data/plantvillage/raw/color/Apple___healthy/33426aa7-70c4-4cf0-b275-1a4c3e782a92___RS_HL 7600.JPG,12216,2bd3e1271a2a90a1ba417a6ca254830aa60ee97406fc0ccf4daf4536b7808af8,256,256,RGB,3,eac2959326c933a7,True,
source,healthy,data/plantvillage/raw/color/Apple___healthy/336a5bb9-179f-44fb-a4d1-c59a40d90306___RS_HL 5978.JPG,11927,82aefd409cd598a1dcd27a6bf1eebcaf08d0bc8b7b241d740dc0c6ac5b8ea154,256,256,RGB,3,abe49483da1fc938,True,
source,healthy,data/plantvillage/raw/color/Apple___healthy/336c4870-9f2f-4cdc-ba05-f9d27271ef07___RS_HL 7670.JPG,11048,58b23706395118607e3ff68e73bcc82a5415056c765f9f5b6da19541a4201a04,256,256,RGB,3,fdf0e0c2850f969c,True,
source,healthy,data/plantvillage/raw/color/Apple___healthy/33acc3da-5f90-49e4-b70d-b3d60921e08e___RS_HL 7263.JPG,17423,923a4d62a0dcbad1ae07f9029fa3a5c5798257150d7c46ba4a9bd4bc0627363a,256,256,RGB,3,afbef002d22dc1f0,True,
source,healthy,data/plantvillage/raw/color/Apple___healthy/33c721c9-aa91-4173-8695-916b61852017___RS_HL 7816.JPG,12915,28618a7296eeb3a9044ccf8effdd24d00e25e031f32f826870c16a6dc45d43b4,256,256,RGB,3,bd8cd0b349cb07e1,True,
source,healthy,data/plantvillage/raw/color/Apple___healthy/33f6e93f-9275-445e-a795-e1ef9c20db7b___RS_HL 8051.JPG,13788,7749aa0750ba46834673f777fd7691805e5bc36ee10c494482ae90421c0e5e6b,256,256,RGB,3,af60d02d8f96653a,True,
source,healthy,data/plantvillage/raw/color/Apple___healthy/34121ffc-269b-481e-bbf5-96356da9f137___RS_HL 6185.JPG,13118,20ba241ac53c3cdf0a568cb1e7e2a9fe9af4a5af39936e49360969d034d48cad,256,256,RGB,3,eabd85c39a8e6948,True,
source,healthy,data/plantvillage/raw/color/Apple___healthy/34881ed6-417b-41a6-9f03-1b9be5f09bb6___RS_HL 7463.JPG,18753,fbd028ec2eab09691ad6a90bff32c8adf8c6f53aea16e3abb8649d79f5240eaa,256,256,RGB,3,f834937259c98d4e,True,
source,healthy,data/plantvillage/raw/color/Apple___healthy/349251ed-2e99-4af9-b432-2a63202a0985___RS_HL 6120.JPG,11878,f7dd12d70b3a85f8cce47ef614141f73b9692a863c57cbd0d0b1b520c71173ca,256,256,RGB,3,eae885859e96695a,True,
source,healthy,data/plantvillage/raw/color/Apple___healthy/34960f92-a973-4d36-b388-f63b339b86bc___RS_HL 6167.JPG,11232,d07e6b018a5660c42b90ae488ea57b67f85950317187eec3c4d34404dd25decd,256,256,RGB,3,ff3dd2c070dbc140,True,
source,healthy,data/plantvillage/raw/color/Apple___healthy/34a96778-25fe-4e97-910e-56b39fc2bdd6___RS_HL 6263.JPG,13324,77b1371f2d73889619021d4710d2d58f572d43f29ce03ec0c49a511bdd1a703a,256,256,RGB,3,fec2e085c78d8e98,True,
source,healthy,data/plantvillage/raw/color/Apple___healthy/34b8de2a-d30e-4e52-8269-d65cc4e444f6___RS_HL 7717.JPG,8922,52c5fe0e7af0683b8cd9c0509015838be75527fcf849af07a5ec3a7cdd61554f,256,256,RGB,3,ade0968f9b9cc930,True,
source,healthy,data/plantvillage/raw/color/Apple___healthy/34edd324-8b91-417c-bb4c-3bf0dbe348d2___RS_HL 7698.JPG,9859,1e405fca0875e1bb5a7c45c0c3b9177f583ac4bb91c13ccc3cd8f741df6b3cb8,256,256,RGB,3,f85ec7699c84b494,True,
source,healthy,data/plantvillage/raw/color/Apple___healthy/350182de-38b1-43bf-b189-1fec53a7f499___RS_HL 7867.JPG,9794,1ae827a98af23960ca15aaccf7ffed40b958b6080c4c917182f73055330c66f8,256,256,RGB,3,be87709ee19c4632,True,
source,healthy,data/plantvillage/raw/color/Apple___healthy/3518d065-38fa-4e26-aa0f-6addc2d2968a___RS_HL 7615.JPG,11994,c66ddc4807ec4cfa9298533757d9bed122fee6d23555609d41f6cca5b1c68aba,256,256,RGB,3,ed2eb4519a9ac9c4,True,
source,healthy,data/plantvillage/raw/color/Apple___healthy/3561a457-ec26-442a-925a-cdbe7f37a430___RS_HL 5786.JPG,18206,f58fd02d1e78672ec636b80c9d4ddff31f4308a3ac3afd79ab8fe3e60fd6d429,256,256,RGB,3,bec08133d22fcb9c,True,
source,healthy,data/plantvillage/raw/color/Apple___healthy/359c0812-8e11-45cf-98f7-95840b503b01___RS_HL 5650.JPG,16899,b9b77da6dcf085cb161997794d43afc9ade1f4063a0d65836e57d8999aca82e0,256,256,RGB,3,f28685cab9319765,True,
source,healthy,data/plantvillage/raw/color/Apple___healthy/35acdaad-cf75-4ea6-ae8b-02f5a6e7caeb___RS_HL 7620.JPG,14380,e956ed198188c53e889e238872dcbb3f76bcaea1de074b0c5398eaf9b42c7b6f,256,256,RGB,3,ae9f9048e9e4f03a,True,
source,healthy,data/plantvillage/raw/color/Apple___healthy/35f0c52c-8a43-4bf2-8d55-2a827dbc5c4d___RS_HL 7251.JPG,18704,cd8b61748b06cd177cc8ae3e3a8b677a080c27e3d9670601c09b8cdd7173dd3b,256,256,RGB,3,aea78772d261b162,True,
source,healthy,data/plantvillage/raw/color/Apple___healthy/36321868-bd15-45bc-94f7-b86603f7460d___RS_HL 5772.JPG,16130,d09330a08d8110e504d871dccdd48333c36f6d8a58653dbc489e78c347c9e8f6,256,256,RGB,3,e8389d4f6394a4b3,True,
source,healthy,data/plantvillage/raw/color/Apple___healthy/3643fe1d-9523-47cf-9952-7e2ecb027338___RS_HL 5704.JPG,19317,5175644b806eda1efa420b8c1fc4a7a1a4302f57a5c7833d8cca3a6fbe5914e7,256,256,RGB,3,fb5494a1ce8c2de8,True,
source,healthy,data/plantvillage/raw/color/Apple___healthy/3645e3b0-e9c5-4b10-aea6-ce0ba996c059___RS_HL 7267.JPG,19574,92e1ba33153fb0857f949d4541f203f748d73e9a0414e4d34f9c8f0d5e44492b,256,256,RGB,3,e886a7d2c35a9569,True,
source,healthy,data/plantvillage/raw/color/Apple___healthy/3673d121-b5de-481c-b057-d4ee5b4959b1___RS_HL 6269.JPG,13533,372bc4a6e18895011eaa18638acf8cdd83db9c5909af02cd833263d5cfeb0cbe,256,256,RGB,3,eac2859fb22c616d,True,
source,healthy,data/plantvillage/raw/color/Apple___healthy/367d7a43-f910-4714-918f-f4b9ffde5a91___RS_HL 7692.JPG,10385,8aaf4919b1063eda379fda7713cfd5187e41822e15359dcc34dcc4ccd1fbb684,256,256,RGB,3,f7a3c0151ec9e88d,True,
source,healthy,data/plantvillage/raw/color/Apple___healthy/36980863-22cb-4e05-a1f6-53039a89993a___RS_HL 5934.JPG,13448,b78831e479d74e06d45ab085f22c84e99c62c88170026da0729cc543794685fb,256,256,RGB,3,eaea9c3991379285,True,
source,healthy,data/plantvillage/raw/color/Apple___healthy/36ab2af7-aff6-4578-99ef-4cf5b6527a9c___RS_HL 7689.JPG,9280,4627ece053ba94f22e7baeb79a6ec555776f208df461f8e16d3ccb736ae9d2e2,256,256,RGB,3,8e17d1ca1965d2a7,True,
source,healthy,data/plantvillage/raw/color/Apple___healthy/36b2cda3-5c11-45e2-962e-d9d9ba5a4896___RS_HL 7711.JPG,11007,33a90c3a974f24dab6dad3c1ff6c7f7c49f405f424c99e4de22061026078a776,256,256,RGB,3,af3cd19892cb8d61,True,
source,healthy,data/plantvillage/raw/color/Apple___healthy/36c00bef-25c2-48ae-9505-41827bcd83d8___RS_HL 6085.JPG,12916,f71d1146a3d653a21e4dae025944de094ce4f5975228f8b34d2bb1bc505a651e,256,256,RGB,3,aa6ab5a1c097c59e,True,
source,healthy,data/plantvillage/raw/color/Apple___healthy/36cc892a-a8de-4547-939d-6dcaf2a8f179___RS_HL 7553.JPG,12848,21c0a7d61d18eb558e68c60da70b49e36df39a2b53bfa1d1c5f195687f21257c,256,256,RGB,3,bcf1e0cf94481ab9,True,
source,healthy,data/plantvillage/raw/color/Apple___healthy/3737a846-d49c-4f70-bb38-a11922e093d5___RS_HL 8017.JPG,13481,1cbd6f7c8c29e0e1b83f2b7bbc080fdf3f91b278f370be2323a78a609a94bbe6,256,256,RGB,3,ff95c0d84ccae330,True,
source,healthy,data/plantvillage/raw/color/Apple___healthy/37581d20-bd40-4aca-81ae-00d83473d578___RS_HL 8091.JPG,12022,222bbc50988fe8b43d1f899207f43229b50831a1d5a928010dcef8ca56bc6a99,256,256,RGB,3,f287cd38b5311653,True,
source,healthy,data/plantvillage/raw/color/Apple___healthy/375f1e44-235c-4ef0-a156-077b71abeed3___RS_HL 8162.JPG,12961,9c8c5def36aa35e8929b47762b10837659164a55e1f16b4bef1ac93f467e284d,256,256,RGB,3,eac2952d9a38c7b1,True,
source,healthy,data/plantvillage/raw/color/Apple___healthy/375f472f-7a4e-41fd-af0e-b6da455dfc58___RS_HL 7477.JPG,16667,e46117527a5276845ebe6427fde7939cf5504ca9d78b59b4c01de7c538345f78,256,256,RGB,3,abb590c8cde4c687,True,
source,healthy,data/plantvillage/raw/color/Apple___healthy/37715958-a2d4-41d6-9672-9cafd0f1c146___RS_HL 7502.JPG,13961,efa18406768eb8448cf7bacf4ff34b21b26ac2e6032bb494163c903d96d70b3e,256,256,RGB,3,e26897c7cc9c3c98,True,
source,healthy,data/plantvillage/raw/color/Apple___healthy/37b1cd89-582a-40ce-b2ec-6a635e1fea17___RS_HL 6151.JPG,10933,138ee8b5a93d7527e87aa002acaa29c215504ec4f3975206ba7eb845cba105e8,256,256,RGB,3,afe8da16849fb0b0,True,
source,healthy,data/plantvillage/raw/color/Apple___healthy/37b9da4a-2823-48fb-ba35-4138a44acf53___RS_HL 5954.JPG,10413,b6fed6f4c6f40308ac8520691139031b4237c9ed5ce5cea156169de2f4eadccd,256,256,RGB,3,ea85915e9e789871,True,
source,healthy,data/plantvillage/raw/color/Apple___healthy/37fcfaf7-88f4-4735-99a2-8df576e0f248___RS_HL 8108.JPG,15109,9c1c5f70a952b16f748dd4e07e8c45f045312c44c87a53f9507c9e757914c1a0,256,256,RGB,3,ed3790389e8749c3,True,
source,healthy,data/plantvillage/raw/color/Apple___healthy/3817a269-0274-4a5c-b851-46e91b10788f___RS_HL 5720.JPG,18514,f3c85a876ff1ec8921530a2f6048373fb9e00ed26856173c467e8efe9b1b72c2,256,256,RGB,3,aa6ab4a5c312c71f,True,
source,healthy,data/plantvillage/raw/color/Apple___healthy/381f3abb-208f-4f52-b7a2-57e35f31c373___RS_HL 5680.JPG,18479,765836cfecbfabf504cc3eb716e816a32d6f49fc97bd67d938b637118957a304,256,256,RGB,3,eaca87b892b685b2,True,
source,healthy,data/plantvillage/raw/color/Apple___healthy/38292be8-d182-458a-adcd-343435c343ec___RS_HL 5801.JPG,17673,0b9a7736e9d76f5f37c8b83083edb994567efc8ec64228038dbd04a50c3e2605,256,256,RGB,3,ea4ac12d85699eb5,True,
source,healthy,data/plantvillage/raw/color/Apple___healthy/3829531e-aa99-481f-ab73-23690ea06417___RS_HL 8144.JPG,14744,5ffb4b5129927f69a31a0a5fc8291c30982390ee08c5cb30196ca1d24d8a006a,256,256,RGB,3,a6fed041db9d481a,True,
source,healthy,data/plantvillage/raw/color/Apple___healthy/38394f24-6b80-4231-b2c4-850325c0718d___RS_HL 7968.JPG,16315,5ce276403d09bcb49f019cd61d204d16fa35731631c123c9c083b163776cc1e3,256,256,RGB,3,af34d0cac6e0edc4,True,
source,healthy,data/plantvillage/raw/color/Apple___healthy/386af887-8be7-4b99-9ef1-ee0eb5ba7d87___RS_HL 6030.JPG,12157,d7346a902e25c3f26193549e9ba5cf6f042dabd4adc4804421d06e0181c9fcce,256,256,RGB,3,ebc4941acb2dd8e8,True,
source,healthy,data/plantvillage/raw/color/Apple___healthy/3876f449-0cd6-4910-9321-f56a28621c51___RS_HL 7775.JPG,14970,758088ab9f9949a9b1b379aa27d706f7d87ad5e1ff411eae2b7e65f94d995f2d,256,256,RGB,3,ba6ac2878d9996b4,True,
source,healthy,data/plantvillage/raw/color/Apple___healthy/38c039b6-23f0-4fc2-a0df-e5ec3f523a09___RS_HL 5887.JPG,17070,2a49463b5160e6db0a82f5beb636e7a87cc305d26414bb2998c4099feb5a4da6,256,256,RGB,3,bfc0859d98b09376,True,
source,healthy,data/plantvillage/raw/color/Apple___healthy/38db4391-44e3-4aae-bb9d-51e8e03500b7___RS_HL 6321.JPG,11182,5676ecc686efa3bea08068eefd4e602a01eb67509004350063c9d0017c084e99,256,256,RGB,3,b423d390cbcb2ccd,True,
source,healthy,data/plantvillage/raw/color/Apple___healthy/3969a6d5-f626-4a6a-bc72-3d38d1cff967___RS_HL 6092.JPG,10282,bc1049bab9dcb98fa02e043d23f1982be17e39437812a4ba3570b0865e371f47,256,256,RGB,3,af68d025c91bc69d,True,
source,healthy,data/plantvillage/raw/color/Apple___healthy/398f4455-d008-4d69-a58d-b0a1f228abaa___RS_HL 5729.JPG,17954,6cd9b6990e02f46d5a763dcb65fa334d27687fe42a9bc37c5e41d9c59b0a459d,256,256,RGB,3,fbe0855f942c9139,True,
source,healthy,data/plantvillage/raw/color/Apple___healthy/39bd8139-dfe4-45ec-8bf9-d9cabbdd1ea8___RS_HL 5659.JPG,18400,118f5d26cb3936ca891f95d27e090cc099ca67c9e0232373aac06e9df4f2aa0e,256,256,RGB,3,ad16d2e98b81647e,True,
source,healthy,data/plantvillage/raw/color/Apple___healthy/39be15a0-4c7f-4a8e-9938-829bec85fd1c___RS_HL 6209.JPG,8823,c8f564033739c1d5cdac08c4552e9a35cb36621263361838910502e4dae1670f,256,256,RGB,3,fe40872f9835c936,True,
source,healthy,data/plantvillage/raw/color/Apple___healthy/39f64aba-4bf0-434c-9800-4a0b6bc324bd___RS_HL 7934.JPG,15081,450024b42b127116a9900d6c23b89fbcf9914714f7c5963d60db138fd4af7676,256,256,RGB,3,f9c3c43c338336cc,True,
source,healthy,data/plantvillage/raw/color/Apple___healthy/3a1ca70b-00f0-4a0b-a973-8db1da714e6c___RS_HL 7759.JPG,11823,9886476eb9e616309a7fa39ed0bc6387892c0953ea7c7e51c37a61d907ddfaf7,256,256,RGB,3,fe33e0c485c29e4d,True,
source,healthy,data/plantvillage/raw/color/Apple___healthy/3a26bfb8-eb90-4f61-bc32-8cbe65c708df___RS_HL 6174.JPG,13182,e6655787f04940c31b793bfe3f124307f8b24f267dbd6a6d302def3e45276ef9,256,256,RGB,3,aacaf58d903dce30,True,
source,healthy,data/plantvillage/raw/color/Apple___healthy/3a544ee5-490e-4a41-b03b-cf1700362448___RS_HL 6200.JPG,8785,68c6b9b4a4e5550fc4a8e0bcd8d42a518f8bbe7ec736b37bcac167568c362ab4,256,256,RGB,3,a86a87b48d93f625,True,
source,healthy,data/plantvillage/raw/color/Apple___healthy/3a5916ba-0db8-4aff-a282-26f33b056832___RS_HL 8125.JPG,14360,ca2506f0b088e2d9accfe356ff51c9dcc7664d0d446416536bb1fa894e9e5125,256,256,RGB,3,f43b8dd4624a8f45,True,
source,healthy,data/plantvillage/raw/color/Apple___healthy/3a6789e3-2dd3-4513-b21d-be34f521c4a1___RS_HL 8031.JPG,12939,7b42876486da9b2a783593e6f911d6f9157e4603ce4e8105ec4449552055bc43,256,256,RGB,3,e5f0c4cd9a9ef003,True,
source,healthy,data/plantvillage/raw/color/Apple___healthy/3a74b441-4ab0-412f-ae66-f28f4b1d9df2___RS_HL 5968.JPG,9398,9cd3c304eaa65d3c8fd1aa71ce94b6882db178ad4d1f2f867fdb53d985147972,256,256,RGB,3,eb4ad42dcab68932,True,
source,healthy,data/plantvillage/raw/color/Apple___healthy/3a80eee6-d03a-4ac9-8f73-5f251f568840___RS_HL 5935.JPG,13038,5d428714be338180e2d76303807c3910064db366b077fbe4e27cbfea8f231054,256,256,RGB,3,fa3c9cc5c1928cce,True,
source,healthy,data/plantvillage/raw/color/Apple___healthy/3ab37181-78d5-4bf2-8d20-a233d3c685aa___RS_HL 7407.JPG,19043,b4dcebd1ade77ab15d33ecf582d7d97e2fa2928cec1cc08c672be9c9cd88b712,256,256,RGB,3,faca1c2d9236e19a,True,
source,healthy,data/plantvillage/raw/color/Apple___healthy/3abb0d3f-f131-4025-af6d-68bd6f4d253e___RS_HL 8110.JPG,12553,8ec099e7b171b9b3a453f364215af9fdc9bad136fba62b81031e014816ae3108,256,256,RGB,3,edc8b287929a1a7c,True,
source,healthy,data/plantvillage/raw/color/Apple___healthy/3adc3359-b27d-4eea-bffc-7422a9a15536___RS_HL 5755.JPG,19759,2e82a0d6c3f63857e27c29fbc079616e339a3e939b373a18ce44e479840333ac,256,256,RGB,3,faca92ac99b68427,True,
source,healthy,data/plantvillage/raw/color/Apple___healthy/3af9dc00-a64b-4b45-a034-1d190e5277ea___RS_HL 7788.JPG,14065,48e4a15092af1bb2bb58b79e4e7cf1268f43478f1cfa7794ac1f35d6962d6337,256,256,RGB,3,f28d8f5435335a62,True,
source,healthy,data/plantvillage/raw/color/Apple___healthy/3aff0cab-c5f0-4fd5-8a7a-2a81160da701___RS_HL 7392.JPG,16677,4d1bd90a60f4e1216bbfffb2f65ef55c60ed0dc945438894fc4f4b5525db79d3,256,256,RGB,3,b96cc695ccc79298,True,
source,healthy,data/plantvillage/raw/color/Apple___healthy/3b0f637d-dd22-44a0-a4b4-2a7792e2ac76___RS_HL 7258.JPG,15945,c680a06d94ba580c69b3b0a22bb766a27f4decca0782f60716db03deab7ebf36,256,256,RGB,3,fac2849d98b1b317,True,
source,healthy,data/plantvillage/raw/color/Apple___healthy/3b471f38-5b31-4f0c-83de-1ac26c92f63f___RS_HL 7408.JPG,21041,715cdf7474da045cd71b4e04b108786927ed054c45185d31424b6513f2ce1753,256,256,RGB,3,fa9fb54e84c0d0e4,True,
source,healthy,data/plantvillage/raw/color/Apple___healthy/3b59f785-afa8-4204-b6fd-467404734888___RS_HL 6144.JPG,11615,1945890d87399b96233fc5ad52032b63b5cb4cb24f69ab6e0e2970ab7f47aae7,256,256,RGB,3,fac3a194974e866c,True,
source,healthy,data/plantvillage/raw/color/Apple___healthy/3b7ee41f-9af2-4425-a7ea-574ef63979c8___RS_HL 7838.JPG,14299,5bb1122dd3c83a2f6c45860a5954bf0dc7f4e0791a0871014dd834ceb433693a,256,256,RGB,3,f89cc8b88e65c6c6,True,
source,healthy,data/plantvillage/raw/color/Apple___healthy/3b9d4604-18c3-49a7-8ac3-07386ae370fb___RS_HL 8179.JPG,14291,44ad510057f2d15b0f02016f9f48acad8887dc6769a6ff067b27fe917812a040,256,256,RGB,3,bb9de0c0c30e0fe3,True,
source,healthy,data/plantvillage/raw/color/Apple___healthy/3bd24003-1163-40f4-8b1f-21aad7fc4b4b___RS_HL 5912.JPG,8974,8a26df5b2e1aa9eedf70cc3ffa1d709ac9c59e41dca1a8dc5f5de28b49ef1b46,256,256,RGB,3,e9a6839e9ecc1961,True,
source,healthy,data/plantvillage/raw/color/Apple___healthy/3bde3d8d-8a44-4e06-9492-a54a9844bf90___RS_HL 7318.JPG,18393,73207eb37f432d9987c2c0e1d2162b14636272339945c71faabffe8a3baeac0e,256,256,RGB,3,a0debd409b35fe20,True,
source,healthy,data/plantvillage/raw/color/Apple___healthy/3bfeaca2-de0b-4a2c-adc0-06adc87a1386___RS_HL 7425.JPG,20290,cd838d1734e0171dd1bdcc1a40fe03ff4679f8a24a70a70374a4efd0ee25f0a5,256,256,RGB,3,b98dc6d29e61986c,True,
source,healthy,data/plantvillage/raw/color/Apple___healthy/3c047601-ed4d-4178-8bed-33a65e5f4b6d___RS_HL 6001.JPG,12005,5239f36c4a4fe804f86c52aa8562e691be258463158eed7998921979b995618e,256,256,RGB,3,eac2858d98b99337,True,
source,healthy,data/plantvillage/raw/color/Apple___healthy/3c1fd0db-4090-485a-9d59-4293714b482c___RS_HL 7581.JPG,16465,76f899373b02695da7a1a4603c54ff2a69f151068ef0a94f8fc7b3c531986707,256,256,RGB,3,abb5b458c8c9cb85,True,
source,healthy,data/plantvillage/raw/color/Apple___healthy/3c3127c8-58c3-43ab-9b6f-75c641db96ce___RS_HL 7282.JPG,17659,5b4d5338be72dd7a2b7172be809ab95e4213c9ddd6354f104678f622de90f2c7,256,256,RGB,3,adb4f0cb433e9618,True,
source,healthy,data/plantvillage/raw/color/Apple___healthy/3c469e15-452e-4332-9f4b-93104f32d5e9___RS_HL 7954.JPG,16604,53f551b38df7c6ef42d9de25fc1275ed3b94298e688c6864dd405f2fa8130dff,256,256,RGB,3,fe46c17897939483,True,
source,healthy,data/plantvillage/raw/color/Apple___healthy/3c5ca000-1c26-46bf-8974-fd6599744059___RS_HL 7596.JPG,14381,db3c448005db3827f170e4edfae681abdeb289a1fb90c30f588c446562bc2ff3,256,256,RGB,3,aa9594cacbe1f432,True,
source,healthy,data/plantvillage/raw/color/Apple___healthy/3c739f46-0ab2-4441-8fa9-cbc16d7609cb___RS_HL 7385.JPG,18777,5a984a58281f7ea8859024d5e80827f82e2c264d4e8749805bd6692284815067,256,256,RGB,3,aa0885b57fcad874,True,
source,healthy,data/plantvillage/raw/color/Apple___healthy/3d0032d5-ac37-4dbe-8c2c-ef567472578b___RS_HL 7750.JPG,16155,691bc872e1598867efe411ca7d7943ab15631c639167c10aa5f6a63052f15d84,256,256,RGB,3,e31ce5100f59735b,True,
source,healthy,data/plantvillage/raw/color/Apple___healthy/3d075f90-7002-4c45-abc0-4f35ee49aa79___RS_HL 6272.JPG,11624,6b242d89b134aa87000f8397d0e85f8448e3b3d607d3b7951cf69a2f3e92b0e2,256,256,RGB,3,ad6bd21cdb92c413,True,
source,healthy,data/plantvillage/raw/color/Apple___healthy/3d2a5995-d293-471e-bcd3-862a8850d78d___RS_HL 5773.JPG,16321,091ffa07093551ce2fd7e7eef3d51e8e965d9f4a66d23367a9f1dd0c44147961,256,256,RGB,3,e2cc9cf193b64c34,True,
source,healthy,data/plantvillage/raw/color/Apple___healthy/3d300955-5956-4ed8-9348-d2d02388d4d3___RS_HL 7772.JPG,11975,080d606ecf9f54c79976bd849b2fb27b0a807c91948c7a2bc5635c94969fa92d,256,256,RGB,3,d65a2b6d95ac1495,True,
source,healthy,data/plantvillage/raw/color/Apple___healthy/3df0da99-6c5d-4520-b396-9616e81f8935___RS_HL 6031.JPG,10294,2ec084c5a5cd2bbe066fc5e062a8ca7d7fbdbb7d05bd430380434e6a2e8dce59,256,256,RGB,3,afe8d217cd18b035,True,
source,healthy,data/plantvillage/raw/color/Apple___healthy/3df65fa9-1348-4c13-aca6-04bdca4fc070___RS_HL 5668.JPG,18029,707a0ed396b1f6e4eb1b4a837719fcc729788f081478f6b6c1088e0d0effbaff,256,256,RGB,3,e3ca8c9993b69196,True,
source,healthy,data/plantvillage/raw/color/Apple___healthy/3e19a6c4-e5d8-4649-b403-7a8fd36b88e2___RS_HL 7533.JPG,14532,cee46f107148f5eb1fc3d822da94d218eee63dc67aa578c8d28b0e4595504369,256,256,RGB,3,ee95c26dc5e0b033,True,
source,healthy,data/plantvillage/raw/color/Apple___healthy/3e3eaffe-3dda-4a64-8aa7-ca6cf40ff284___RS_HL 5698.JPG,17824,d00ee65b25f7ea68cfcba259dfd8d9bd71e903f52e2576d81a99113b3b07ae69,256,256,RGB,3,bf1f92618cc66370,True,
source,healthy,data/plantvillage/raw/color/Apple___healthy/3e694355-bfdc-4dfe-978e-16c08b70bdba___RS_HL 8028.JPG,11358,1194ffdebfc299c15e41c8c060b81ef5ffeb4c82397771d4af18c14208748a63,256,256,RGB,3,f845ad4a92919bb6,True,
source,healthy,data/plantvillage/raw/color/Apple___healthy/3e8eb97c-b2ad-4aeb-82ff-2f1334801c9b___RS_HL 6098.JPG,10436,2ddbf4712f626c53cf47260df0450d837227c84c15219f120c3666fad97655a4,256,256,RGB,3,e96bca9c3c993306,True,
source,healthy,data/plantvillage/raw/color/Apple___healthy/3ecbb982-2844-4662-ad65-9a94fee38fa3___RS_HL 8060.JPG,14780,6b0e07a5467c9f572e94fd97b00c1f5a6a26049e0630c6bfb91e00f090424233,256,256,RGB,3,eee0950fd81ad037,True,
source,healthy,data/plantvillage/raw/color/Apple___healthy/3ecfd9ce-30c4-4453-9d90-75854c7f82b7___RS_HL 5950.JPG,14452,90a8659c1059bd8e231e9af32317af84501d7d4b0edfb1a2fa10f45724ebf062,256,256,RGB,3,fa4af025ca36cd1a,True,
source,healthy,data/plantvillage/raw/color/Apple___healthy/3ee00792-0430-445e-8c25-970607d2759d___RS_HL 7810.JPG,15232,a602a6f6a36018025dc2a28e485966beca41f259c0c605b7360147e115620547,256,256,RGB,3,b84697328e69ccc7,True,
source,healthy,data/plantvillage/raw/color/Apple___healthy/3ee17877-b649-4b43-939a-d9415a21dfd5___RS_HL 7300.JPG,10463,4755aade79bfcab913ba9ff0fe022914f8dcc94ba6d7652c8cbdafbcd7a9e408,256,256,RGB,3,adb4d6c9b28291b6,True,
source,healthy,data/plantvillage/raw/color/Apple___healthy/3ee70760-b734-43e2-b29b-aee4daafe6cd___RS_HL 7317.JPG,20421,a1fcba183ec2c7b1648568d588e7cfd83aa9e000233f7c72ec3159256f0e8969,256,256,RGB,3,e997a73a84499aa5,True,
source,healthy,data/plantvillage/raw/color/Apple___healthy/3eef4051-9e25-4e17-8540-c35e5df18648___RS_HL 6054.JPG,12952,f746862805a01cdb9b4d562f12bf211f6372312aa30ea81283dce2e236ca7de0,256,256,RGB,3,e8e987858d9e9698,True,
source,healthy,data/plantvillage/raw/color/Apple___healthy/3f9788c1-8456-453f-b1c2-5cc66ba714a6___RS_HL 7635.JPG,14551,a3e9d467821991b2992f56942e93b68d072f2a16ec3789eaebdb4758029ea59b,256,256,RGB,3,a31c9c63cc67916e,True,
source,healthy,data/plantvillage/raw/color/Apple___healthy/3fdbd8fe-f026-4fef-b02d-b451fb60cb86___RS_HL 7353.JPG,22693,ec064c8f748805ad6cd6917df134e2442ccc8ed3bff21297c709160060ffd9d2,256,256,RGB,3,ece2c69c909933e3,True,
source,healthy,data/plantvillage/raw/color/Apple___healthy/400723a1-65ae-4d62-b7c7-d8c0b7a02480___RS_HL 7479.JPG,13767,527912cae476e280c653d676129ad7948c1b3c75a60ed5d479675978ee82c7f9,256,256,RGB,3,fa42852fb8b10f6a,True,
source,healthy,data/plantvillage/raw/color/Apple___healthy/4019c49e-a237-4e3f-b4a9-823905304e05___RS_HL 7997.JPG,14021,04a6d76428d570ea54ef113ad7c322d83d6a6ec098d8ceba034d9c4653483833,256,256,RGB,3,f8e1c70ed8983993,True,
source,healthy,data/plantvillage/raw/color/Apple___healthy/4023916c-9823-4410-bd89-b8bfe1b0b456___RS_HL 6009.JPG,11659,cebd2bf5b50a49b57c55a62229a27689f59d21eb498a24f65d80defdce119752,256,256,RGB,3,ef68d025c59e9c98,True,
source,healthy,data/plantvillage/raw/color/Apple___healthy/404ef08f-0f34-4530-bc4b-ce356b3c2da1___RS_HL 7484.JPG,14995,5d2f6661d1a03c7fc8f3dcfe650eba8f4176c4ca9e40c7bedd93ef07bfb67ca8,256,256,RGB,3,af8ff05882331d8d,True,
source,healthy,data/plantvillage/raw/color/Apple___healthy/405ca310-f708-4815-b121-5bb315d98f6f___RS_HL 6122.JPG,11799,7f85858cd7ff2315567157c8b8201ac7059ffad32cc98501eca82792206d2418,256,256,RGB,3,fa6ac3958d8bb484,True,
source,healthy,data/plantvillage/raw/color/Apple___healthy/40655604-b43e-4dab-91a2-6fe928f782e9___RS_HL 7929.JPG,9664,ff1976dc0cf655d3b8f03efbc1761162576af0ad411f1af247d109787e0ae07a,256,256,RGB,3,bfc3e099980c4ef2,True,
source,healthy,data/plantvillage/raw/color/Apple___healthy/40b69253-5e07-452f-82b5-8d4f0f15e400___RS_HL 5813.JPG,15965,a3904273a099d986bf635529bd00a887ad82b95773106a2ac66f139f35f9d346,256,256,RGB,3,fa22854fd69c8e38,True,
source,healthy,data/plantvillage/raw/color/Apple___healthy/41628932-5547-443e-8659-ed8ad6be820e___RS_HL 5711.JPG,20014,36b2ffe0bb650da827f8cb6f489442f8812871b83c53e497af4a0d24957bf93f,256,256,RGB,3,ffafa1d094529868,True,
source,healthy,data/plantvillage/raw/color/Apple___healthy/4179bae8-d3f3-43ea-8e36-b3b4c752c261___RS_HL 6138.JPG,11903,20e30f002460ac9a06aa545d77a95d646168aee2b607b56db188f5578f76aab8,256,256,RGB,3,e8e487939a9a9999,True,
source,healthy,data/plantvillage/raw/color/Apple___healthy/41969f52-e194-401e-a55b-4ff88f740a8a___RS_HL 6125.JPG,12060,8d7f460c8b698a716b6f51a26410a56530795855112e4d5bc52a769ecede39a0,256,256,RGB,3,e2ca9db189b4219f,True,
source,healthy,data/plantvillage/raw/color/Apple___healthy/41a4e6fd-7e26-4c73-ac08-bcfffda53c0f___RS_HL 7322.JPG,20965,d3d3eb7b971cc3bc917889c1f2ab54042a6b61092b5d07596c576106b98aaa1d,256,256,RGB,3,fa1cc5329ee2528d,True,
source,healthy,data/plantvillage/raw/color/Apple___healthy/4221a70d-e5ef-44c7-843f-098a1fe0bfe3___RS_HL 8085.JPG,13079,326bed890ac85c5f3c273c34fcc961c4fb9dd4b51e82aad4eb44e6742102db6d,256,256,RGB,3,f0388dc7d24a356b,True,
source,healthy,data/plantvillage/raw/color/Apple___healthy/42777529-bf54-4134-9bd6-34fbd135575d___RS_HL 8045.JPG,14341,83d694c25b120524a089335268e2f18b26f40a96753dba02fdbb99407c03f3e4,256,256,RGB,3,fec2c51d9cb11233,True,
source,healthy,data/plantvillage/raw/color/Apple___healthy/427a2799-ef47-4ee9-9175-f2f850cf933e___RS_HL 8018.JPG,14659,4ceb24e9efdddaca9d7fa41de7e0c52f2add70379c1637795bbf25b9e98e99d5,256,256,RGB,3,b9f0d603c38cce9c,True,
source,healthy,data/plantvillage/raw/color/Apple___healthy/42f558a0-c252-4949-ba12-232731aa9a6b___RS_HL 7543.JPG,18142,5c9ff405db9677212a673b38ff535752c792284cbba8a9824d62b3fc5a02c3de,256,256,RGB,3,ffc0e80fb53c9034,True,
source,healthy,data/plantvillage/raw/color/Apple___healthy/42fdd9ce-6860-4862-8717-4f147884c7d6___RS_HL 5739.JPG,20328,40484cfd06ba18efa671a0cc1bb31e9ab2e39199b102fa3aa7591b04fab0d376,256,256,RGB,3,aa42f72d80b587b6,True,
source,healthy,data/plantvillage/raw/color/Apple___healthy/42feb98c-4131-453a-b189-5e7c147f3f32___RS_HL 6264.JPG,14191,18c78027d00fcb6127d511a4b69c135fe388506f31e44df5c0bcf83122d9785a,256,256,RGB,3,e885859a9a6b936d,True,
source,healthy,data/plantvillage/raw/color/Apple___healthy/4306468f-a177-4c65-bb9a-4167e8d33223___RS_HL 5897.JPG,12169,36036d9611f40ef81528d942f5097ceb8c8fb20a79565260a8e30b1c07cf25f8,256,256,RGB,3,bd33d03acb24cd92,True,
source,healthy,data/plantvillage/raw/color/Apple___healthy/430fd7d8-9390-411c-b849-e421cf11f7a7___RS_HL 7314.JPG,18878,47a028055e778ea7e2224deb871a28d3c849fdf3b0225a14b68a5423f11600fd,256,256,RGB,3,aff1b442c149c56e,True,
source,healthy,data/plantvillage/raw/color/Apple___healthy/432debb0-7063-4747-bf11-e6b335f58947___RS_HL 7548.JPG,17849,58477f3f97e0dbab0e8737ea0d76102a8f5f529084e5565c7ef27c4c4bd79d26,256,256,RGB,3,ea2791d8d68b48c7,True,
source,healthy,data/plantvillage/raw/color/Apple___healthy/4342c40d-5a1b-4a93-97b4-2e3579802605___RS_HL 7744.JPG,14257,60f0e8f3c21286f89c46d97cd68285abdd7319b7ba3fc5576b4d68793119826c,256,256,RGB,3,faa0a11fc36b8d34,True,
source,healthy,data/plantvillage/raw/color/Apple___healthy/435d4aff-f96c-415a-91a4-07e21179a3d0___RS_HL 8159.JPG,13216,a11d07523c5fde088791aee5416266f0db5e78afd01d0af2b9d720a254a4bc31,256,256,RGB,3,ad9fc2e0dc476194,True,
source,healthy,data/plantvillage/raw/color/Apple___healthy/43619607-151e-41c1-b428-89f24c177515___RS_HL 5723.JPG,15864,9148a37f5b4d74047fad48364311aaf507f25d6268853b1bc14b5a6aee8477c1,256,256,RGB,3,fad2a04f973c98b0,True,
source,healthy,data/plantvillage/raw/color/Apple___healthy/445d268a-415e-41d4-80de-0116fdaca73d___RS_HL 5982.JPG,12307,8938f9ac27111a0e0cecff106c5210916229d9eae91599ca9511a1aee2f45cbd,256,256,RGB,3,fec0d10f98399137,True,
source,healthy,data/plantvillage/raw/color/Apple___healthy/44707c11-0d08-411f-9fa3-21d3edf72031___RS_HL 6255.JPG,11709,1c688f2c311e9ed65a1bbb416eed7d76673a6069fac416d75d16a2035126fb96,256,256,RGB,3,b911d04ac76d9e6c,True,
source,healthy,data/plantvillage/raw/color/Apple___healthy/44714cae-d7c8-4b0a-9058-0fe9ba703064___RS_HL 8081.JPG,9322,969e71d45b697ad6696cea4597c9c735f3f54d829baec44760156c6a7f4c59ad,256,256,RGB,3,ff3f81d0582e198c,True,
source,healthy,data/plantvillage/raw/color/Apple___healthy/449205c0-c994-4e4f-9ea4-ef7fa45f2151___RS_HL 7730.JPG,11008,ff0482a709e8fa67a60959b777503cefbb99bbfc348cb57e8cd777cd0996806b,256,256,RGB,3,e79cd269e633190c,True,
source,healthy,data/plantvillage/raw/color/Apple___healthy/44acd453-48a7-48db-997a-34b00a4d437a___RS_HL 7892.JPG,14662,9e9b1aa460367979e59d68486a0d396c56ca247d6200b3e5c6a90c72ceae4ac7,256,256,RGB,3,dc6ac1d85aa3ad49,True,
source,healthy,data/plantvillage/raw/color/Apple___healthy/44be3db8-37a5-44e1-a1b5-df963562cb86___RS_HL 7531.JPG,12413,e7fe4a2626b141123c83d06f9228af10a9a069635c57d5421b108abf77792756,256,256,RGB,3,fa3ccda1104aaf6c,True,
source,healthy,data/plantvillage/raw/color/Apple___healthy/44d0b31c-72e0-4a8f-9c3b-64051dab5d2e___RS_HL 7856.JPG,14821,d787685557f1bec714b5429a69ce01285872e1fcaadc6e663cef4be90e7c0775,256,256,RGB,3,fc3aa151d6c80bc7,True,
source,healthy,data/plantvillage/raw/color/Apple___healthy/44f96d95-150b-499d-8fb7-a95ed4df85c6___RS_HL 8152.JPG,12210,3876c9f0af3a9ef1936632267189fa610ea81c450271dfcec02b73d728f41228,256,256,RGB,3,8982d0be4fe570ce,True,
source,healthy,data/plantvillage/raw/color/Apple___healthy/45584571-03d6-40eb-909e-00c752a4d66e___RS_HL 5803.JPG,16549,1e6f7b9b2b6bf7c036840f6116804e87ebcb6c0752e65520d538b405c35f219b,256,256,RGB,3,aad0e58b961dda38,True,
source,healthy,data/plantvillage/raw/color/Apple___healthy/456779f4-b7a7-4980-94ee-1798491ca888___RS_HL 7415.JPG,17119,3a084b0399bbabe266dbc2995d1d164d26d66954f0c82dfc55fa0b5b53350006,256,256,RGB,3,feb484499b211d9e,True,
source,healthy,data/plantvillage/raw/color/Apple___healthy/456d5c1e-e025-4d4d-866c-799627dfeb36___RS_HL 5673.JPG,18123,6da2b15fbe45f2457c2a1c277669f80ea0525450b801aeb541c11388e3f96c56,256,256,RGB,3,eb3d9563b0d4c2d0,True,
source,healthy,data/plantvillage/raw/color/Apple___healthy/45b5782c-dd64-4513-954a-25a4c4c5fdef___RS_HL 7887.JPG,12083,df36c97843819babc0a1a65ac3908499d5265d40b4192c8888393566d664f491,256,256,RGB,3,fa37a15ac70996c8,True,
source,healthy,data/plantvillage/raw/color/Apple___healthy/45c79d4a-ac12-4bf8-a4d6-f59898aa4570___RS_HL 6317.JPG,12125,af2ef53da3c1c673b235e058508133c6908ade1617fa8517e3b6aaa9dd0fd839,256,256,RGB,3,bbebc09f8d3aa090,True,
source,healthy,data/plantvillage/raw/color/Apple___healthy/45ec1880-a9d2-4458-bd99-f0a6c01e54c4___RS_HL 6303.JPG,10994,b46ada17a0a621ca3d66f80da9086ad1b17b0882d958fa9d021e460a7a1d7ae7,256,256,RGB,3,ba35915acf29cc64,True,
source,healthy,data/plantvillage/raw/color/Apple___healthy/461e67e8-40dd-4bf6-964a-d16c7fc59ac9___RS_HL 7244.JPG,13707,da1c827b03779d282086d0bcbe83e97a60e8f4390a90157e7e1ece2f8a41847f,256,256,RGB,3,a5ed839e98935f02,True,
source,healthy,data/plantvillage/raw/color/Apple___healthy/468c07f3-8ac1-4b0f-8e10-f97a7b41f4f9___RS_HL 7661.JPG,12568,3f9a963b85fe2c5b9f88957b2b272c032688a6d3bd3af0b7ed64921628db0455,256,256,RGB,3,b946df9e687960a0,True,
source,healthy,data/plantvillage/raw/color/Apple___healthy/46c590f0-7e60-4ccd-af4e-45f911abf66a___RS_HL 6152.JPG,13498,3c9a38138962b1350fb624fcb6257c4b18ce58add85caeedd7ed3dce49f00b2f,256,256,RGB,3,bf68d816859fb034,True,
source,healthy,data/plantvillage/raw/color/Apple___healthy/46ef8441-3792-4ca8-919b-eb6cedd0ed3f___RS_HL 5998.JPG,11535,98e5fd2d65e56cd0c4e01e279c24b2de6a92df4339f4dcd5866ad1ad60c819d2,256,256,RGB,3,ba4ad027cd3ec499,True,
source,healthy,data/plantvillage/raw/color/Apple___healthy/472f7b3f-a843-4ca2-b602-005ffc13d457___RS_HL 5864.JPG,19110,d23b614371c4d5731d23c85c0a2c632961743b1bb8549ab37a63864ca547bee9,256,256,RGB,3,ba93a19fc2481ced,True,
source,healthy,data/plantvillage/raw/color/Apple___healthy/47c4f435-2335-44ff-be67-20586e69aacf___RS_HL 7552.JPG,16486,c2ac0b0effe1311a6e7523af6538e1d7d5f85e3a6b807aebd13c66c4cc7b91c8,256,256,RGB,3,bfe0e0cf98c89386,True,
source,healthy,data/plantvillage/raw/color/Apple___healthy/47c52b97-c8c7-41da-8bff-608d8db48408___RS_HL 6243.JPG,11994,1cdc322dc4ed30db5262346f33ef33f69cc4f7a3b43e6da8e6558578b9a0a9d9,256,256,RGB,3,ab3594d0dacbe1c8,True,
source,healthy,data/plantvillage/raw/color/Apple___healthy/47c9915d-7fb5-4426-a1b8-5928c3b20666___RS_HL 7565.JPG,13654,afeeb0ee66000f04cb280e981f769c65e167570b1b0c6fe733f9e1ca58bf466c,256,256,RGB,3,ae3fd0249acae5d0,True,
source,healthy,data/plantvillage/raw/color/Apple___healthy/482fa3b9-4ab6-46ff-b670-ff5ba0f37425___RS_HL 5937.JPG,10505,f12e2c253800776abb685ca08c86dab23b871adae36e39ed5e6ebbaae5dfd04c,256,256,RGB,3,aa4a93a58993b59d,True,
source,healthy,data/plantvillage/raw/color/Apple___healthy/4839a9b1-c89f-475c-849f-c40c44e9cfff___RS_HL 6040.JPG,15353,646b8b479a581b10eb208ce251afbe914b2e1e6d2fb1f94e11a772cf6ad5742b,256,256,RGB,3,fa63c08d1df0b217,True,
source,healthy,data/plantvillage/raw/color/Apple___healthy/48585f10-a0d6-417c-9edc-fc029b04a195___RS_HL 7382.JPG,19871,3b9740202d324769f3b125065773620c1166ec1889f0b4ab2f61fc4d00d5730d,256,256,RGB,3,faad90748c6251cf,True,
source,healthy,data/plantvillage/raw/color/Apple___healthy/48beab72-35ef-4711-ad53-579bfaf787d3___RS_HL 6230.JPG,12484,8ad52ee590547514a1b9a857528a11432fc0fb17576436e0e741232408b925b9,256,256,RGB,3,af4ad0b5cd96c498,True,
source,healthy,data/plantvillage/raw/color/Apple___healthy/48cdfda2-59c7-4de9-96e2-a38dffd80754___RS_HL 6158.JPG,12976,fa8a8bcc86599110efd2b6e2bb59fa508a484cdf7a8814da7658bdd18b7f504f,256,256,RGB,3,e26a9ca56999b631,True,
source,healthy,data/plantvillage/raw/color/Apple___healthy/48ff38b5-5af1-44e5-9d94-ee9a32715aba___RS_HL 6109.JPG,13633,8e0abb4be7d21108bc3cc46a417a94ccfdaa3b07a6ba5740f6e6051078d240d6,256,256,RGB,3,bf63d085c19ecc98,True,
source,healthy,data/plantvillage/raw/color/Apple___healthy/491f5957-ed75-4198-b988-4f0c834cd4ec___RS_HL 6043.JPG,15135,3d578caaec43e00d1e8be0ee8da6abadc7203bb9950c7ea42cbe94e6ea750452,256,256,RGB,3,ab6bc0379d3834c3,True,
source,healthy,data/plantvillage/raw/color/Apple___healthy/4941b5f6-7a47-4207-bf9c-adfb43d46e26___RS_HL 6262.JPG,13719,5a04d0e712ac707a7bea38d1804954c89c2711c3f91278e501600f35d104444a,256,256,RGB,3,fa63c59e971c9830,True,
source,healthy,data/plantvillage/raw/color/Apple___healthy/49b6b50f-7c76-4c31-9e33-b5ae8d22264c___RS_HL 5882.JPG,16135,c692ccc71946935e532aef54c444f6ed8a997a4f020d177f2a7a2f21be5285d2,256,256,RGB,3,bbf080c787ce8ae4,True,
source,healthy,data/plantvillage/raw/color/Apple___healthy/49c357ef-7887-43d3-a478-85486e70e2d3___RS_HL 5656.JPG,20729,40d9debc00292128cc5d749bb864e1bbb9a93388a313a8201f489f19e2c59d4c,256,256,RGB,3,ffad90708ec6c1c8,True,
source,healthy,data/plantvillage/raw/color/Apple___healthy/49cc68a3-a1df-47c2-99d5-c2cb3a4c0227___RS_HL 7854.JPG,15246,fa6811a274299915585419716039a14c3b26736e7337818b1aa72b0199d74200,256,256,RGB,3,aa4ad43dd9d09732,True,
source,healthy,data/plantvillage/raw/color/Apple___healthy/49d18ffd-bfd4-435d-bffb-fe66ec0e3af6___RS_HL 5647.JPG,17962,08d0e2993ed0d9306d39ff0f25a14917d7b31e9a078e3111e5c84fdf0d75510e,256,256,RGB,3,bb14c27acde13916,True,
source,healthy,data/plantvillage/raw/color/Apple___healthy/49db45ee-cfb4-4691-800f-e1887f163f49___RS_HL 6160.JPG,14728,1de5f2ed517a4e860d0915d1ad57cbafafca292feabef42eedced39e5711f7f7,256,256,RGB,3,f2628f8d9d989135,True,
source,healthy,data/plantvillage/raw/color/Apple___healthy/49fa7047-3a59-4afe-8dc3-e6fc10e5b830___RS_HL 7435.JPG,19550,4e52716dec165fe2664d833a869aa5ac80d917bac4fba8d86d312021a25531c2,256,256,RGB,3,a83d97c2994b4e95,True,
source,healthy,data/plantvillage/raw/color/Apple___healthy/4a99390b-e2ee-4941-a14f-37575ada3004___RS_HL 6039.JPG,12008,68fd9d8c26dbce073d254f2b04a9d22f8a76b58dfd04f9ee114be93d966ea10d,256,256,RGB,3,ad69d2b607863c4e,True,
source,healthy,data/plantvillage/raw/color/Apple___healthy/4aa3b2bb-1bd4-410a-bf6b-09862798bf88___RS_HL 6148.JPG,13470,eef25513c07398ff77bc7a76dd5f9488fa874b67ccd2751b1ce74ea7df121eb8,256,256,RGB,3,fb42878f9834e133,True,
source,healthy,data/plantvillage/raw/color/Apple___healthy/4aaa2349-eed7-48ed-a96c-02c313ee2d68___RS_HL 5911.JPG,12871,25a0f2fe0f2dd910e2e305b47aacf33697d3930aacb35b0c0268ec66e1700188,256,256,RGB,3,f863c3a78d989c98,True,
source,healthy,data/plantvillage/raw/color/Apple___healthy/4ab36472-9140-4bab-a351-008dd4845fde___RS_HL 5870.JPG,17201,f822061fd9526843f7eaa138d371dac4ac98b4a4bc55309529dd64b9cb5afeeb,256,256,RGB,3,ec82b59ad21dc16d,True,
source,healthy,data/plantvillage/raw/color/Apple___healthy/4ab5d6f0-6f9a-4af3-ab4d-6daf034edeff___RS_HL 7889.JPG,13229,7128f5d8e56e10bf549334a6f9c67d756f6fceb4fcc7dce8cc412cda2616ea84,256,256,RGB,3,f40acfb5a8169a2e,True,
source,healthy,data/plantvillage/raw/color/Apple___healthy/4b186022-c0ab-4a26-9930-c7944a3c431e___RS_HL 7389.JPG,11438,4564c38ee1acac3e07dfa658dd831b18ad2c41cc220790d7eaf5c5e7418bff8c,256,256,RGB,3,afd0a5cb92e56861,True,
source,healthy,data/plantvillage/raw/color/Apple___healthy/4b22a1e7-745b-4c78-a49e-14ca8cfba26a___RS_HL 8111.JPG,16695,37bd7581177bb1fb3282032831e8213cb269ba227b32600d1356931f13962898,256,256,RGB,3,eee690909bdbc981,True,
source,healthy,data/plantvillage/raw/color/Apple___healthy/4b2958d2-b93d-4ed1-b899-01a6c3a5b8b6___RS_HL 7768.JPG,15117,4cbd9333a47515261e33d61262b64f4fad8b912b36e83f926bd9b70e665c85ae,256,256,RGB,3,bb6ac095a5c39794,True,
source,healthy,data/plantvillage/raw/color/Apple___healthy/4b2e833c-9618-4733-90b1-71877f87a6f6___RS_HL 7361.JPG,22159,8e994d67f536f7e62101850e1adeb77af25e49f272a88ed7105da1a8a433ddee,256,256,RGB,3,bab7a148cfa71898,True,
source,healthy,data/plantvillage/raw/color/Apple___healthy/4b8147d5-9bcb-4375-ab29-de19201bc9af___RS_HL 7372.JPG,19781,89fe14473819a1bc3aaf7581b046e776a657888de8104e052321227629f5a6a4,256,256,RGB,3,eb3485c29a699de4,True,
source,healthy,data/plantvillage/raw/color/Apple___healthy/4b8ec331-226a-4526-a87f-a2d45df438d7___RS_HL 5961.JPG,12507,1802a2321a47945bca6d7ad97efad7b8d628e2502fada834c4be9e0d0bd21488,256,256,RGB,3,aa4af0a79db4c51c,True,
source,healthy,data/plantvillage/raw/color/Apple___healthy/4bfc8d18-abd9-473f-b581-22283574686d___RS_HL 8088.JPG,14189,6aa62c73efcf19b44c2a479695c1e83a5316fcdb2a6e8776476554595b171265,256,256,RGB,3,a9e953811ebe5893,True,
source,healthy,data/plantvillage/raw/color/Apple___healthy/4c368acb-0a47-4c7f-84bd-29dc74660db9___RS_HL 5800.JPG,16269,133d96ad36dced6bbea4c35cedff4dd41d2de4fcb8572ca303295019791d2f0e,256,256,RGB,3,eb4ad0258f3ccd38,True,
source,healthy,data/plantvillage/raw/color/Apple___healthy/4c3bd8fb-b507-4ef4-93b6-39f1b0d087d8___RS_HL 6252.JPG,12378,28386c16cb03059c74e2ca1fbdd3721830e9bdef79dad6c31b1b49db20345a23,256,256,RGB,3,be95c0c2c32f8d3c,True,
source,healthy,data/plantvillage/raw/color/Apple___healthy/4c4358f8-03ad-4d68-be74-d769ab728ef1___RS_HL 5921.JPG,14166,52a19b245e61fbc613ea8b6a216308389e54f52da4b02c43107154b90cde0cbb,256,256,RGB,3,aa3a9469d2e479c6,True,
source,healthy,data/plantvillage/raw/color/Apple___healthy/4c501b09-39fc-4c6c-9c50-2200f0ba8b27___RS_HL 8187.JPG,14208,f9a7168a87514dc048fa469c2df1eaa23d00bd3927d4d53128f33afc33ae84ef,256,256,RGB,3,e9948663986dc6e6,True,
source,healthy,data/plantvillage/raw/color/Apple___healthy/4c50a62b-3af4-43f9-a31d-794abd545413___RS_HL 7739.JPG,13123,02ab77248d7aaacd7bd4bbad56bb6fc1ba1b2f6881451d4241ec1cd73c1edcb7,256,256,RGB,3,bff0e04e87ce8a24,True,
source,healthy,data/plantvillage/raw/color/Apple___healthy/4c6671cb-b873-4e04-9dd8-fafb839a3d28___RS_HL 7797.JPG,15127,055498ff1717d64d5186f19f8bf4a955cb551b0e7df8cdc0ee0e675eaa6ade69,256,256,RGB,3,e9c993c6989c3993,True,
source,healthy,data/plantvillage/raw/color/Apple___healthy/4c7d424b-d418-4b72-84a9-2a639eabb5ec___RS_HL 5734.JPG,20659,7872ac478ddd5a6165cb7baeba82848e0d9ab886622fef643617175847755c9d,256,256,RGB,3,ea64950fc63ecc38,True,
source,healthy,data/plantvillage/raw/color/Apple___healthy/4c7e1a5a-fc48-43a8-959d-c7c8ad6462b9___RS_HL 7561.JPG,14154,07f0e2901026dbcfdee49487feab032472bb5b8381a564cbdafe7d76da0c8610,256,256,RGB,3,adc9a3cc1a8679c3,True,
source,healthy,data/plantvillage/raw/color/Apple___healthy/4cc430bb-9f3d-4dfc-86c0-0dfdfd71ebb3___RS_HL 6147.JPG,11179,3b340646d36fef8cc7140eca2ebe3bebab214f82a8eec6a0ba80d1ac2bee97ee,256,256,RGB,3,ad16d00b8f6dce34,True,
source,healthy,data/plantvillage/raw/color/Apple___healthy/4cd37f4e-557b-4317-8772-21abd1efec65___RS_HL 7420.JPG,19229,74aa689beb70dd6cc458e695ae976daf4d41b89d38f991e9544c2380bb608243,256,256,RGB,3,bf42e02dc7358734,True,
source,healthy,data/plantvillage/raw/color/Apple___healthy/4cd8dfb9-2afe-425f-a110-39882ded3802___RS_HL 5799.JPG,14491,c214046ebd34e1b55cef3cff5a0951e754d66766df3f898fca7a138aceb0270a,256,256,RGB,3,ab95d0cac3c96572,True,
source,healthy,data/plantvillage/raw/color/Apple___healthy/4cf06978-a0b5-43a0-8da3-fda45eee2e1c___RS_HL 5777.JPG,17151,155b54c7aa0a6907df6654895a8cb4458198f91b8c688f9eb59c137588257f2d,256,256,RGB,3,f82587365e93989a,True,
source,healthy,data/plantvillage/raw/color/Apple___healthy/4cfa1595-b674-419b-93f7-2a836ff4d1bd___RS_HL 7464.JPG,17620,b810f108a3486f85ed226ea9e854adff8c83696f69c9e95cd2cabb7f9e7719c0,256,256,RGB,3,faca85cf9d219831,True,
source,healthy,data/plantvillage/raw/color/Apple___healthy/4d3a7082-8a74-4cbe-8c75-eb9ffd47490b___RS_HL 7792.JPG,13607,9497cd96991de37c040408e2c63c8ebc40aa4d2af723a52388239055ea9aa4b9,256,256,RGB,3,bd8592c3e96ca7c0,True,
source,healthy,data/plantvillage/raw/color/Apple___healthy/4d6b1b98-2f9a-454d-9ac9-37433c715920___RS_HL 7338.JPG,18753,dea232bf5f78f19edf94df5086243d113a8366f0e72dfb8ccd3d665f09680d71,256,256,RGB,3,e5c5983bcb3e6103,True,
source,healthy,data/plantvillage/raw/color/Apple___healthy/4d6cc52c-984d-4652-ac24-ad608cb2085d___RS_HL 7725.JPG,9751,8ed3a18992a09918ef8387ce4420f4ca7599129dc06e134b9da0f0146ed1ab95,256,256,RGB,3,bb95c06e6399cc26,True,
source,healthy,data/plantvillage/raw/color/Apple___healthy/4d7bd871-a301-44ce-a229-a8136e0a43e4___RS_HL 7891.JPG,12835,d3af5c2b338981a5049d916ce0f1ff148eeebd5883749b3ce06da53b8ed62dac,256,256,RGB,3,afe8d034c99b269c,True,
source,healthy,data/plantvillage/raw/color/Apple___healthy/4da8c9ec-92d1-4e33-87b2-de2906f88a46___RS_HL 8201.JPG,12956,7c787537a2a0d4558dde4092ae081032e04f71ceab8ae970726144f1e784aba3,256,256,RGB,3,af6bd0b48793b484,True,
source,healthy,data/plantvillage/raw/color/Apple___healthy/4ddc6bdf-fa72-43ff-99df-36430b318df4___RS_HL 7499.JPG,15063,0f6b404f634ad37abc37bccb0be27f5722d1feb7feea1fce934269ed81f0208d,256,256,RGB,3,b8abc1e127d2c6cc,True,
source,healthy,data/plantvillage/raw/color/Apple___healthy/4ddf9e55-b678-4036-87c3-66076035cbe2___RS_HL 6194.JPG,11104,9d589dabeb8f93b245b2a8df1045e143d2c6c4a06b0902d18ab0ca7c4b0494ab,256,256,RGB,3,f9b992c2ca8e4d38,True,
source,healthy,data/plantvillage/raw/color/Apple___healthy/4e481e14-a671-4794-a1f0-9fca67ad7d0d___RS_HL 8124.JPG,15190,6e7c65d306e5b78d5a40e3ecbadee54916a0434b27c9e0288a11d49d4d82208a,256,256,RGB,3,ee429f34833cc33a,True,
source,healthy,data/plantvillage/raw/color/Apple___healthy/4e817ac6-818a-431f-af6d-e44477f9b649___RS_HL 7616.JPG,12957,764609837e942269be55f42ba03fec47af9237907390262d1f9e904c0cdba052,256,256,RGB,3,efc8b0635a9630b6,True,
source,healthy,data/plantvillage/raw/color/Apple___healthy/4eab95ce-76ec-4bd2-9cc6-f39747569750___RS_HL 5958.JPG,11133,4ecf3f35b45f5055a8a4bd84ffcd327bf0fb793c2131b8f288eee37ccc670e08,256,256,RGB,3,ebca901f943ce133,True,
source,healthy,data/plantvillage/raw/color/Apple___healthy/4eae8d4c-d3d9-4109-8637-76b68e1a5b66___RS_HL 5975.JPG,12819,86e5f9f7d2243cf998b90608f5910ad4c8a0db7d39cc6826d62a21b30107d093,256,256,RGB,3,ea3a97a1c3870b5a,True,
source,healthy,data/plantvillage/raw/color/Apple___healthy/4ec6e6f9-7f03-44ca-9bd0-1f64b5964308___RS_HL 5669.JPG,19225,71a5b3e36e349a7ebf3ce5d5634904317ed2c34711f8be2720971d29b15bfaca,256,256,RGB,3,bfc194ce9a256934,True,
source,healthy,data/plantvillage/raw/color/Apple___healthy/4f3f74a8-ea7f-4053-a14c-f2f6d3c219ad___RS_HL 7872.JPG,15174,95dd16260816e37b3e7c341150ee9e5e6db77e38b7237d9540c94f4da5bad6bc,256,256,RGB,3,f8dd0762c967302e,True,
source,healthy,data/plantvillage/raw/color/Apple___healthy/4f7c8fa5-f8cf-4b64-aaff-14d4a1c2cb27___RS_HL 7421.JPG,18994,6a949a3f847b25cbc488b7092da7a3a00b78f3ff97f4475891bec9c1783f6f8e,256,256,RGB,3,ffc89125cc18b137,True,
source,healthy,data/plantvillage/raw/color/Apple___healthy/4f84889d-5057-4b56-9643-86b7ec5fcfdd___RS_HL 8063.JPG,11708,efe61fe1e0b074c5db22a43be30fb982b9c6a9ec9558117395fd3eb7bf5ed421,256,256,RGB,3,fdd192cbc30c893c,True,
source,healthy,data/plantvillage/raw/color/Apple___healthy/4f915b76-fe41-4201-ae61-9c9ad7cbc94d___RS_HL 5933.JPG,11696,18b6212d256d1ea353171d631ec9f640de2905efa44dc1269b3b4ebb5fc42f1e,256,256,RGB,3,ad3c92f178dac261,True,
source,healthy,data/plantvillage/raw/color/Apple___healthy/4f9b8500-4510-4d79-bcbf-d9b680cd8fe8___RS_HL 6304.JPG,12700,4d8da8aa64bf462d9bf065b27808492fafc9b872cb70d1f8b0b145908e9050a7,256,256,RGB,3,efc1851fd034c237,True,
source,healthy,data/plantvillage/raw/color/Apple___healthy/4fa27e50-47f1-4ce8-964d-06e0d62c086d___RS_HL 7881.JPG,16235,e0ace23cc236621735dc905e9d75920e46c096f3be2264b34d7ff9445d9347dd,256,256,RGB,3,f4c51ed69919439a,True,
source,healthy,data/plantvillage/raw/color/Apple___healthy/4ffc00fe-a8ce-4103-9fab-30165684d8c5___RS_HL 7490.JPG,14279,704299f89e2d93123466ddc474e783c8a497dcfa4e5fa64a7dcd0354678802d2,256,256,RGB,3,afe4f48ec69a4a28,True,
source,healthy,data/plantvillage/raw/color/Apple___healthy/50477370-452c-4dd9-bdad-f270011e9094___RS_HL 6183.JPG,10302,767c1853f9616924c5efa100f9c1b89fc9686e32bb82f84903a92ea8d7b747b0,256,256,RGB,3,fc6bc1931e8cd898,True,
source,healthy,data/plantvillage/raw/color/Apple___healthy/504ac2ab-ebfc-4c7d-89bf-d52955b6d297___RS_HL 7652.JPG,10788,b9ee29b8f030b863861566d5784733df59a4d71534e75ce93baef73447156573,256,256,RGB,3,adf4901a8ecfd039,True,
source,healthy,data/plantvillage/raw/color/Apple___healthy/5060f00a-8caf-4379-b0c7-01147b8d932a___RS_HL 7472.JPG,19716,cfbc03d31906443078d2db15970018b6bbe3c36618259fd0d1498679586975a8,256,256,RGB,3,fae4a59a985a9067,True,
source,healthy,data/plantvillage/raw/color/Apple___healthy/507b3ab4-ca9a-490e-8f3a-0ac06905fc40___RS_HL 8033.JPG,12652,5798554c7853e5aeca35d67333ee2a318f838d961d79fb8b02aa2cc98d70191b,256,256,RGB,3,fb9f86cacc64b048,True,
source,healthy,data/plantvillage/raw/color/Apple___healthy/50d5a081-d2b9-4297-ad6b-6c572018d941___RS_HL 7388.JPG,17797,5a65dcf4e0e6131e6356982f1279435f348f14472bd77b8565c2b29efbc72b5b,256,256,RGB,3,f88da592d34a596c,True,
source,healthy,data/plantvillage/raw/color/Apple___healthy/514b3065-844b-40c8-8a86-043200a1779e___RS_HL 7721.JPG,10229,87fb438b95b9997c954c8f908841799015b4074470d9cbb0549b55de12358ecd,256,256,RGB,3,fac1853ed03b036e,True,
source,healthy,data/plantvillage/raw/color/Apple___healthy/5150163c-ce61-4b06-bcab-d806f8c78dba___RS_HL 7682.JPG,10976,eae90d1177209283e6f719aefa1f7862b63ddb0c81027fb6d729ed3fc2dc3f21,256,256,RGB,3,fc61c1241f72789b,True,
source,healthy,data/plantvillage/raw/color/Apple___healthy/5192db55-4aa7-421c-92d4-c2dac79e7379___RS_HL 6273.JPG,10314,767bbeee0c319d4097d7a6d949c6d21def97ceb2d16068eb5b94df42619acc8a,256,256,RGB,3,b412c90f9a69d33b,True,
source,healthy,data/plantvillage/raw/color/Apple___healthy/51ad3661-ed25-4c8f-9f90-44f8f0f042e0___RS_HL 7645.JPG,9045,e72513f58f5c210353115a999903338c7c4464158d3422cfdd831da37c91eaf5,256,256,RGB,3,ade1968ada2dc934,True,
source,healthy,data/plantvillage/raw/color/Apple___healthy/51cafddc-e99e-43bd-866f-21564d062cb2___RS_HL 6328.JPG,12918,5011ce4e8dff4883799a70addca43ff3feadc44bc0ea057cdcc33bb52a05dc12,256,256,RGB,3,e94a963191a733b6,True,
source,healthy,data/plantvillage/raw/color/Apple___healthy/51cb81e8-dd15-40cd-b4f2-5287379dfe74___RS_HL 6104.JPG,11181,e9b63e354d4edd9475d735c76e22743081da88a2e4d5ef975330e85adfde4e5c,256,256,RGB,3,af68d2978d9ab091,True,
source,healthy,data/plantvillage/raw/color/Apple___healthy/51e374ab-4fe6-4207-9d81-ec059f4cd3b8___RS_HL 8050.JPG,14412,adc4c36eabd354dda533d7762d0b52d01cfbd1968652ea3cb88a979a4aeb5901,256,256,RGB,3,af9ec04ecba1854e,True,
source,healthy,data/plantvillage/raw/color/Apple___healthy/51e68778-c3ba-423c-8fb8-bc5d1c20645a___RS_HL 7302.JPG,17711,eb90caf767707e42048061ef69ddee25324c71b5598520b0d7f7f3061d0c53d5,256,256,RGB,3,e997c61a8c792363,True,
source,healthy,data/plantvillage/raw/color/Apple___healthy/523a77ee-6f19-4887-a35f-6ab14d47740b___RS_HL 8079.JPG,14160,db806a808873d45111a0f347d91737b8c4939fa404d06eb46f5a2c7a11b405f5,256,256,RGB,3,aac2872dd9b0a799,True,
source,healthy,data/plantvillage/raw/color/Apple___healthy/525ecf21-2ca1-4939-b258-6002432703aa___RS_HL 7712.JPG,10180,33a8b4185a43204f685f0dc16100158ccb2779ab4ee6af106ec87877424ce678,256,256,RGB,3,b33dc8f0ccc3344b,True,
source,healthy,data/plantvillage/raw/color/Apple___healthy/526782c6-8d24-4438-8255-37422811d33f___RS_HL 7601.JPG,13438,e3e8b2bdf45888d5560314c73651c90924c277af70c87cbbd6f497a4d836fd44,256,256,RGB,3,ef96d0c8419b9a65,True,
source,healthy,data/plantvillage/raw/color/Apple___healthy/52cf2701-f319-4b3e-b6fb-8071f2f09ca9___RS_HL 8191.JPG,11872,ee3bdb23dc7f264c2ea063fe11f397720e417757290af73bab4da82df46007dc,256,256,RGB,3,e8279318875bb569,True,
source,healthy,data/plantvillage/raw/color/Apple___healthy/530f24d7-aefb-419d-b814-2cb3a81cfe2c___RS_HL 6071.JPG,11569,11665311a6f446745af1a126b747c7d9edf8b9978d76d965ad3422b599119b6f,256,256,RGB,3,fac2819f9538d263,True,
source,healthy,data/plantvillage/raw/color/Apple___healthy/531fbf24-8362-445d-ba13-6ece16d53de7___RS_HL 6206.JPG,12081,0637f19dae701ba3f60700ea2ec9fa40e32acef81f7fb5833a68ccbb70708c49,256,256,RGB,3,abca91adce94cc32,True,
source,healthy,data/plantvillage/raw/color/Apple___healthy/5345137b-4957-4d47-896c-e9dcab8b7c43___RS_HL 7685.JPG,11240,82a7086a1b0d6f9001c6d029639d39026f436160f579e42663b80580b7429b3f,256,256,RGB,3,fd9c82e1d4628a6d,True,
source,healthy,data/plantvillage/raw/color/Apple___healthy/5348c7f1-02d4-40ae-989e-1537043644cf___RS_HL 7657.JPG,11029,1dd199a3fb731c53a4153192fdedafa8081709c32e6758e1265626bda8f04789,256,256,RGB,3,fba9e0144bcaad26,True,
source,healthy,data/plantvillage/raw/color/Apple___healthy/5356ef92-e60f-4456-8687-f8b624d60b53___RS_HL 5829.JPG,14433,91a0cd2c6057966126ecbffc6e8ea07d3144ef5695bb7a375cd4dd0125548ec8,256,256,RGB,3,aa5ab5e5ce0cc913,True,
source,healthy,data/plantvillage/raw/color/Apple___healthy/53ad510e-0bf0-4366-928b-8d80f1a51b50___RS_HL 5873.JPG,13986,36f84881f11fd24147feafd387d9efe2cb8b2e9964bf06e9a28e1082ea965c3d,256,256,RGB,3,b814c758c3614fd7,True,
source,healthy,data/plantvillage/raw/color/Apple___healthy/53ad897b-864f-414f-84e7-0ea0ce53fa1d___RS_HL 7273.JPG,13016,ff84b1d2ed5f7bab3a660d83268d45a479cf874a813b0a78cc4fa0be6cc498ed,256,256,RGB,3,b6c18fdb1c1308f3,True,
source,healthy,data/plantvillage/raw/color/Apple___healthy/53b0c397-52b3-40c1-9ef5-c52b6ae7f4bb___RS_HL 6329.JPG,11351,bb55fb5b7b8b5aa6598011252781321e32f1fe7fcfe45b658eff6ce8d7ad31ef,256,256,RGB,3,fa1d85d8d669c864,True,
source,healthy,data/plantvillage/raw/color/Apple___healthy/53d09cc6-89ef-4180-a823-31c5f6566656___RS_HL 6070.JPG,11682,693d623e907063d609c0c05db1c6c4265fda605a052c40d3c9ad86d356bf12fc,256,256,RGB,3,fac4811f95309767,True,
source,healthy,data/plantvillage/raw/color/Apple___healthy/54c9c89e-7cb7-4c1e-8bbe-f33ca90df541___RS_HL 7766.JPG,16082,03dae8f616f18abfa8015fdd290dbe8e0c79a99fb6410ceee88f95cb8119863a,256,256,RGB,3,da3da9c5945a8ac5,True,
source,healthy,data/plantvillage/raw/color/Apple___healthy/54ef2bb4-12a7-447e-a980-32c74bd26c1e___RS_HL 7459.JPG,19783,2aef28a89a6ea33b0dbe42ff4474d122c442a17c9db833c1e923775aebe1f5b0,256,256,RGB,3,bcccc3ec933cc990,True,
source,healthy,data/plantvillage/raw/color/Apple___healthy/556b0ba0-dfb0-45de-9806-c6c068a8149d___RS_HL 5644.JPG,15187,419e7d3f21007d302f06170a6e9118d2d367c19195bcc064ca985b6ea3cee783,256,256,RGB,3,faca85999326c62e,True,
source,healthy,data/plantvillage/raw/color/Apple___healthy/558de0a1-89a7-4fa4-8814-bb1d8a845bfd___RS_HL 5779.JPG,18785,05a4fc8bc459e9678127f27c3205b90be57315dcdf10101cfed85aeaf45b6940,256,256,RGB,3,e8ca879d94399335,True,
source,healthy,data/plantvillage/raw/color/Apple___healthy/55a94d0f-ce98-4681-a4d5-a89dc2031b6a___RS_HL 7311.JPG,19498,ef6c89c860b33ae61025e1ffc82aeb004b2c678470583e4f05356bb100dcf4a5,256,256,RGB,3,fb9cc358a750aa13,True,
source,healthy,data/plantvillage/raw/color/Apple___healthy/55b3e1e7-0bd4-4e0b-b929-19d68fc43e23___RS_HL 7653.JPG,9792,fc992c43cd462c7d884e59ec73d1d7ca56ac9a6cb3dbe67e2cff76e6444a246d,256,256,RGB,3,bc4fd200cbf78d30,True,
source,healthy,data/plantvillage/raw/color/Apple___healthy/55b70cf6-c157-48bb-892c-24fa7c230a85___RS_HL 6203.JPG,12295,5fbfb2e4a9f06c7622ba2283387562a230322063f30f42084e4c520c4a97fa5c,256,256,RGB,3,fa42c79d98b2a139,True,
source,healthy,data/plantvillage/raw/color/Apple___healthy/55c7113c-3c1e-452c-a7bd-bb6fe007a20d___RS_HL 5724.JPG,18798,7b1ea9a6ecc8ad30f050bd9599fee38f7f14a11964f389de2fa7ecf7b050ac62,256,256,RGB,3,ebc2856f9acc9891,True,
source,healthy,data/plantvillage/raw/color/Apple___healthy/55e058db-7a66-4468-b6f8-a2e3fd4d567d___RS_HL 8128.JPG,15209,72e0491edb7ba15fc4eea0a03b26c60764b1911e52fd5c4d7d965c8b7ce942d7,256,256,RGB,3,eed0e04f93b84a35,True,
source,healthy,data/plantvillage/raw/color/Apple___healthy/55e3aeb1-2c97-4cdd-9b75-8ab8d94c8447___RS_HL 7778.JPG,15706,b8f50334ea6aefb6d95476b579d77d8a2a185ccd694318244019cac6c66b4713,256,256,RGB,3,e15cc64c7a91c74b,True,
source,healthy,data/plantvillage/raw/color/Apple___healthy/55e7b07d-f05f-403a-ab00-e8102cb0341c___RS_HL 7410.JPG,18142,a73570c39d065f0906ef9e887b578897d6a81f17e95671568061cd4b4742859e,256,256,RGB,3,bc96c2609b966ccb,True,
source,healthy,data/plantvillage/raw/color/Apple___healthy/55eca570-7e6f-4bb9-ae2e-b9834d8fcea7___RS_HL 7726.JPG,10392,f2e1ac3fb6d1f15a1318f995cd2b92d9bb2af46299b8a416c209314b70034d2e,256,256,RGB,3,b72cd0c28389799f,True,
source,healthy,data/plantvillage/raw/color/Apple___healthy/56357993-94b9-4ed2-bc6e-22d4245f958e___RS_HL 7313.JPG,18232,6bad6121414a7cfa0ec1cf77ed4b224fe0ab90d64980c410449e99bbc13066af,256,256,RGB,3,e196d6f8692906ad,True,
source,healthy,data/plantvillage/raw/color/Apple___healthy/567114a3-0ce7-42e3-8245-ca6f3e27cf43___RS_HL 8001.JPG,17787,04aa6ffa3534bc529fb17125fa836563775da8feb2470f10920278d914517eb8,256,256,RGB,3,baa5b1dac38c65a4,True,
source,healthy,data/plantvillage/raw/color/Apple___healthy/567c7469-bee8-4ddc-8ee9-2f14b3fb569e___RS_HL 7817.JPG,9434,01a18ab63d498c11997043baf1a088ab048f3aa3b7a6b227347ddfcab6213c12,256,256,RGB,3,bb9fc46099cc6711,True,
source,healthy,data/plantvillage/raw/color/Apple___healthy/56bc065a-e27d-4ec9-a15b-63188f6ddf66___RS_HL 7933.JPG,14474,adbe7f7cf77ebb6c2d2da30a40e803b9b85355b21e87b655ea986947f4352962,256,256,RGB,3,e6339d669b886465,True,
source,healthy,data/plantvillage/raw/color/Apple___healthy/56bd23e7-9376-418a-8dfb-f767bdc78500___RS_HL 6124.JPG,12732,eed860e2e0922ca05f5b47122948907d19fb994694023da444dde2b1d8bef892,256,256,RGB,3,fa6a8f958d983095,True,
source,healthy,data/plantvillage/raw/color/Apple___healthy/56c024f5-844e-47d0-a936-d1617219125c___RS_HL 7776.JPG,16343,f33bb736da4615e3fe56289093ecbe7c6a9ed89b15dd0d12a1f63b3059befe16,256,256,RGB,3,aaccb540c21e9ef9,True,
source,healthy,data/plantvillage/raw/color/Apple___healthy/56c8fb12-185b-4225-bdee-abdbdcc6101b___RS_HL 7574.JPG,16218,95a91e0ed6481fc1bcbd179acddadf07d0378040a7312867d80a93964f3284fb,256,256,RGB,3,ae53747bc2e09634,True,
source,healthy,data/plantvillage/raw/color/Apple___healthy/56ca7e9b-3db1-4130-ab97-8627eb1a3850___RS_HL 7593.JPG,12087,a368f67af7afa14ee17134eb7f88ddf26d34ba29b12655c92665c571382b0494,256,256,RGB,3,f9c2969c98655963,True,
source,healthy,data/plantvillage/raw/color/Apple___healthy/57113348-f0fa-49d9-9d53-46edc4ae7bdb___RS_HL 6215.JPG,12488,2db443d883422424ff51dc92b8b210454c9e99e71395d8f1e76c647d97016be0,256,256,RGB,3,fec2c10d9bb49133,True,
source,healthy,data/plantvillage/raw/color/Apple___healthy/57b5c040-d081-45ad-a73b-948eb18dd3eb___RS_HL 7826.JPG,16948,72ee98ce8c211c05f4501a1532b518f4c18da9b16eb4bc2c58292b56f3c723b6,256,256,RGB,3,f8d3c52d1a32648f,True,
source,healthy,data/plantvillage/raw/color/Apple___healthy/57e50846-b756-498f-a4b7-84571faed0ab___RS_HL 7541.JPG,15362,1d4e82db92a3e9072c87ec2214edba886102f6237b2952b5a784b54cf0551bc4,256,256,RGB,3,ae83d198ce65e1c6,True,
source,healthy,data/plantvillage/raw/color/Apple___healthy/57ef10ab-f1fe-4b14-ad46-91b4255f2e49___RS_HL 5796.JPG,20537,cb56ccdcf175d0270a5d552732dcd37d5b7f9c1264d42ca20c5584be64404b60,256,256,RGB,3,fad4e0ca8d1f9438,True,
source,healthy,data/plantvillage/raw/color/Apple___healthy/58200f54-e3ef-4546-9378-0700a030e697___RS_HL 8005.JPG,18619,8c19351682cbefe70643800ea67cf6a1886859902109143ed7c6d22dac04e3be,256,256,RGB,3,fa95c1d28d4cc6e2,True,
source,healthy,data/plantvillage/raw/color/Apple___healthy/5820f6e9-8564-4b16-b548-4565567b07c0___RS_HL 7793.JPG,15497,277e81bad47ee5af9668b677efe1dee0f16e89fbd6481de12eba68f7d59d0429,256,256,RGB,3,a3a6fc1cd24a93a5,True,
source,healthy,data/plantvillage/raw/color/Apple___healthy/5823ffd3-bd23-4088-80f5-dd33ae876694___RS_HL 7765.JPG,15985,2ef2183d215d6b65c41a988613cec60496852a9cefbfad7473c38088ace88ba6,256,256,RGB,3,f221addeb118986d,True,
source,healthy,data/plantvillage/raw/color/Apple___healthy/5857071f-208a-40a0-85f2-6bc9f5a98fea___RS_HL 6026.JPG,10347,cff806b536e2767ea692120f126e93cd2946dafa11ad41d9ecf3a0bebb5b6095,256,256,RGB,3,e169da96e48db28c,True,
source,healthy,data/plantvillage/raw/color/Apple___healthy/58bebbd8-1cfa-486b-86b3-64cf33697320___RS_HL 7651.JPG,11429,f1d56e4a63691216e015157badad8f6154f823acd94b4140c965d0c7ff1f46db,256,256,RGB,3,a5ecc0cc1e9c99f2,True,
source,healthy,data/plantvillage/raw/color/Apple___healthy/590363be-ab1f-4d0e-87a5-d632b28d79e0___RS_HL 7334.JPG,16393,1e7ef628f1cdba1b016a082e40c7aa49fac4fee8bc1a0fabc08ddfd825156793,256,256,RGB,3,a4cec76c9a98c9c3,True,
source,healthy,data/plantvillage/raw/color/Apple___healthy/5915bea7-aecc-4247-acfe-6e115e7c9836___RS_HL 7703.JPG,10489,db2d0a093075dc8cc58a5a0c6db9477c0abc077b40f099f6710a6140fe4add61,256,256,RGB,3,bf60c08fd892b46d,True,
source,healthy,data/plantvillage/raw/color/Apple___healthy/5941b857-a525-4aff-ba20-def608d63c4d___RS_HL 6119.JPG,12036,dec6cf7389c822d710877c381516aaf4bb8f23e94902523efb20e340ee6dc5ff,256,256,RGB,3,fac287bd9834c133,True,
source,healthy,data/plantvillage/raw/color/Apple___healthy/594c429c-488e-4d8e-9b44-c3929cecafc9___RS_HL 5878.JPG,20546,fbcd3daa07d5f41282bddf841197a7fe6a9d27406736564aacf5943ae6444345,256,256,RGB,3,bd69c2b6c519329c,True,
source,healthy,data/plantvillage/raw/color/Apple___healthy/594d37c6-accf-4ea8-9c97-8a9e0300010d___RS_HL 8019.JPG,14880,727a1de25176c8cf5c2ba1fdcc0a9f7f043df4e5b53878378f71d9b2ee4bc216,256,256,RGB,3,a96bc6ccc9989b98,True,
source,healthy,data/plantvillage/raw/color/Apple___healthy/595381e5-c16b-4348-aaea-00763903646d___RS_HL 6153.JPG,14631,4aae0fb18f0ceb92d83a664d260d68eddff52376e26b1149df86bc1154c1697e,256,256,RGB,3,af31d06a8b4d9cb4,True,
source,healthy,data/plantvillage/raw/color/Apple___healthy/5977222a-8f4a-44b3-9960-61fcf36c5e7f___RS_HL 5664.JPG,19429,29dea41a45e0d261e3c269cee15b1633f30453f68d41ff1bd27248146abd73d2,256,256,RGB,3,b5879238cfc1cca9,True,
source,healthy,data/plantvillage/raw/color/Apple___healthy/5a0aa782-76a8-4de9-89e9-47cb35d222e3___RS_HL 6310.JPG,13391,b4d54e2f6309e21ef938e5af3dd78a8cd93fba45809dd0631f7b7b984a5fbe08,256,256,RGB,3,f8638e94b5993326,True,
source,healthy,data/plantvillage/raw/color/Apple___healthy/5a2ee566-426a-4422-b8e7-14e2e3190846___RS_HL 7486.JPG,15330,8dfa9d57b2ae10d2d8e63948d68f1de97afc72068823b6785acc4ab18f021a5e,256,256,RGB,3,a834c3ca9d6bb48b,True,
source,healthy,data/plantvillage/raw/color/Apple___healthy/5a92a89d-a10e-423c-aed8-8505e04e15dc___RS_HL 7836.JPG,15524,354fb9e67ea613e0fd28bca1d43104a637749f9cede77d1d2ae7b353822bb802,256,256,RGB,3,eee6b1861e82f01b,True,
source,healthy,data/plantvillage/raw/color/Apple___healthy/5ac41a3d-ca1b-4215-a7a5-500d77acc67a___RS_HL 5931.JPG,11483,64bab8c44c209b1f265ada31f15681deaa83cf1bcf24148876c62c4fdc8f2c89,256,256,RGB,3,ea6a8db599949591,True,
source,healthy,data/plantvillage/raw/color/Apple___healthy/5ade6606-f111-4074-a533-30f215297f08___RS_HL 6282.JPG,12667,2b196c258ddf271ca4c297380a2e1e6483144384cf29ed2cc38cb6711be23971,256,256,RGB,3,bf90d0cbc34dc62c,True,
source,healthy,data/plantvillage/raw/color/Apple___healthy/5adf1cdb-17bc-4871-ad87-ccdf715cfdb7___RS_HL 7309.JPG,13984,d75ebbc95ed7a1406d60be363bebef37f8f5cee5bf774aceec59a272c6cf6e0c,256,256,RGB,3,ef48850fd2351b36,True,
source,healthy,data/plantvillage/raw/color/Apple___healthy/5b0eb6d3-92f9-4332-8228-6c587810f9c6___RS_HL 7949.JPG,11897,6ec9b4aed0c68f872190428a9cdfd244352629acdecdc372b66ee0ec5bb38108,256,256,RGB,3,d2e1ab988cc2dacd,True,
source,healthy,data/plantvillage/raw/color/Apple___healthy/5b264ecb-2c4c-47f3-93ec-c9f79a3e8e09___RS_HL 7401.JPG,16854,74ad96a58e3744ee31afd7c8404370adc3aae46ba5e0fa8ebda72b9365cf9f9b,256,256,RGB,3,bfc913c68e2cc833,True,
source,healthy,data/plantvillage/raw/color/Apple___healthy/5b8c01e5-748f-4b5b-b64b-26bb129a5db6___RS_HL 7996.JPG,15517,9ff317b3fa843618eda6d48f233896622ab13df69f382b688e6d3e4ecaa80d72,256,256,RGB,3,fcc0c58f8a98999b,True,
source,healthy,data/plantvillage/raw/color/Apple___healthy/5ba92c8d-c731-436f-9d77-5685ec780f5f___RS_HL 8120.JPG,13517,03be9c894a8e7b15aac8d75dabbdf2df0f01a5abb8d74a9a565308d47e9dcae8,256,256,RGB,3,ecc8b1cb92967ac8,True,
source,healthy,data/plantvillage/raw/color/Apple___healthy/5bf61b7f-4211-4667-b004-3481279854f2___RS_HL 8095.JPG,14644,874d43c354e74acb84afc6cd32cf9b507f7abac61505df186900f7c0811f3866,256,256,RGB,3,b99dd460cba5168e,True,
source,healthy,data/plantvillage/raw/color/Apple___healthy/5bfc7dd9-17aa-4e40-b7f3-6033dc95f408___RS_HL 5717.JPG,14075,4a0c580fa3cdea7b0a38302cb262d188688eee8d09d58b7d5ff0af8196aaf7f5,256,256,RGB,3,fee18017952e9a3c,True,
source,healthy,data/plantvillage/raw/color/Apple___healthy/5c320c7a-e164-43d0-adab-b966ff9e2c1a___RS_HL 8055.JPG,12601,66073c6640c8a40286884a5f122508f4fc5d6857530d1c20e1bb153032aecc8d,256,256,RGB,3,bfc1940fc83cc999,True,
source,healthy,data/plantvillage/raw/color/Apple___healthy/5c554f84-2f25-4a08-8cd9-561a0c56fc12___RS_HL 5820.JPG,16872,8bbfb21d35095b817d601c4972730948080f461f5787363c1140e3080969387b,256,256,RGB,3,f8c2a38c9cb171b3,True,
source,healthy,data/plantvillage/raw/color/Apple___healthy/5c74b103-09f2-48ae-bbdd-7aa9aaf929cc___RS_HL 5649.JPG,17919,1a5807d6a828a84c8c23e0a515142d2153caa007855cb5e47c0f81fe734e20f1,256,256,RGB,3,fac28d1e94f12327,True,
source,healthy,data/plantvillage/raw/color/Apple___healthy/5ceb4c0b-09ea-48e5-87b8-454adc630534___RS_HL 7573.JPG,15297,757eab0c44dee8b90fe86cc27d17f2fccbd9f92accda0598f7fa2f35237bc4cb,256,256,RGB,3,b246b72c9999c933,True,
source,healthy,data/plantvillage/raw/color/Apple___healthy/5ceefac5-fa4f-4b5c-b270-3a945fc89ec0___RS_HL 6191.JPG,10858,9e89fbd600890ea07eac55ffdcb0fc3fe7166a9f5fff79a9eae3729c09d0ed02,256,256,RGB,3,efb1c0d297691a2c,True,
source,healthy,data/plantvillage/raw/color/Apple___healthy/5d1bb18d-dda0-4079-b3c5-62bc50c3ce35___RS_HL 7560.JPG,13690,d7eede6041ae12c09f16d676d0d79430ac92ee448f5e1c60b90b21031e7f3b66,256,256,RGB,3,efd2858d39a332c4,True,
source,healthy,data/plantvillage/raw/color/Apple___healthy/5d4206ed-09fa-42d5-a42d-2fc98cb4820d___RS_HL 6032.JPG,12106,a0bb980c81d5112df77604a9b84d2943c2246056b3b1e47bb9881a75b9cbb490,256,256,RGB,3,af68da969519b234,True,
source,healthy,data/plantvillage/raw/color/Apple___healthy/5d542bd8-d3c1-484e-9cc1-e7c409aff1f8___RS_HL 6197.JPG,10911,097024913cbedcc7123b02a30db1749e72584ff598570e9e449e25b048105210,256,256,RGB,3,ba3895d11b9ac54d,True,
source,healthy,data/plantvillage/raw/color/Apple___healthy/5d738917-48c8-4a27-90e9-0a4eac076fbc___RS_HL 5999.JPG,11632,aef33892ae7cb097e422c58db675cc8abc86030c4922b0250141e5874c4c94a4,256,256,RGB,3,ea37956a92c5498e,True,
source,healthy,data/plantvillage/raw/color/Apple___healthy/5db8c857-6f3a-4066-9bd6-e245e725d03e___RS_HL 8016.JPG,14049,cb140ac89ad7bfdd6387eebeb3770162db5228d548296d01eb23d41d3f71d9b9,256,256,RGB,3,eae495c0da1f833c,True,
source,healthy,data/plantvillage/raw/color/Apple___healthy/5dba053d-d3b0-49b9-babc-4f1e8e7d3f59___RS_HL 6235.JPG,12713,fc7dc80900c1b09c292dee7cb0091cf658d6484cb6be99d4085ef61a88aa722c,256,256,RGB,3,eea885e596961a9a,True,
source,healthy,data/plantvillage/raw/color/Apple___healthy/5decc9b0-698c-49d0-906b-1a679b0001f9___RS_HL 6245.JPG,9782,2e7b28d8b24f3d02c6c32e0f0da13c310473c332b1ba6b5eb0bd534aff0cff38,256,256,RGB,3,e8cb873c99701766,True,
source,healthy,data/plantvillage/raw/color/Apple___healthy/5ded9dac-20e0-4e68-a202-43c6723c335d___RS_HL 6186.JPG,10381,44f86e1ad104173c7e9e56441852e00a5ae0546997053744174344abe99f88f2,256,256,RGB,3,af61f4b492920fd8,True,
source,healthy,data/plantvillage/raw/color/Apple___healthy/5e39c42c-b499-495f-8612-eb3a1079d594___RS_HL 6047.JPG,10545,da905c9b6cc8ff2367c0d4af7a1d05e757e5f52fb03f50b857d58b309f07ee3d,256,256,RGB,3,e8aa87c59e3031db,True,
source,healthy,data/plantvillage/raw/color/Apple___healthy/5e552830-5ccd-4f85-9f77-ed63db285890___RS_HL 5994.JPG,13918,d892709adca0882c31284901f68d80bf5d4dcd2fdc2876b9ccf7f01a13ee1c31,256,256,RGB,3,f8c296ad8938e1b3,True,
source,healthy,data/plantvillage/raw/color/Apple___healthy/5e6846df-21b1-444c-ac0d-34c67443dbef___RS_HL 7270.JPG,19550,b73d55cf0be3f95bbd528c2926317bf31e0a274114f4f7a800c1f797041a10a5,256,256,RGB,3,9be2e097a0df205e,True,
source,healthy,data/plantvillage/raw/color/Apple___healthy/5ee4cb1c-d933-4e89-b364-9b740b48e077___RS_HL 6224.JPG,11931,5d53d30fd6660856216462fb1b165985b2129b168db130e850a06dd71bc80e79,256,256,RGB,3,abca949d9836c536,True,
source,healthy,data/plantvillage/raw/color/Apple___healthy/5eea6ca0-2fb5-4382-bd60-2893d4367bc3___RS_HL 6007.JPG,11975,df5e8247fd2a6af15e9a56e928a09fc60abc5a9bdbaf44e8b20e090a5cc5643c,256,256,RGB,3,e893974e8e5c98e1,True,
source,healthy,data/plantvillage/raw/color/Apple___healthy/5f067f00-b2c7-4948-b961-b940b4b148db___RS_HL 5860.JPG,18242,eeb864456785fd8e1711699970e8123a49e4fbd4bea0be5debd9bfdaffec30de,256,256,RGB,3,ef4ad225cf1891b1,True,
source,healthy,data/plantvillage/raw/color/Apple___healthy/5f1b959d-c157-455f-baea-258293cad073___RS_HL 6114.JPG,11216,5f8c401510b72772b1aa308989c313ad78fc9b2849da5ccf8d579805dd0cafb1,256,256,RGB,3,e8c7873c9e614933,True,
source,healthy,data/plantvillage/raw/color/Apple___healthy/5f4ef432-dcd4-4035-811a-b86aff3c885f___RS_HL 5963.JPG,13460,5e73865394d19c22050d2db1660171f62171004805e204cd24d8c1e2eaf8da32,256,256,RGB,3,eb3291a4d2e1cf92,True,
source,healthy,data/plantvillage/raw/color/Apple___healthy/5f83961d-85ba-4fed-9d97-dbf83c2965d9___RS_HL 6029.JPG,12921,fd811a5acc2373ed5ad515fc8c93821554bba598ef250678500489f35155dd91,256,256,RGB,3,e2c69c8993b1b792,True,
source,healthy,data/plantvillage/raw/color/Apple___healthy/5fbda72a-a8f7-4ac9-a1d9-6c8d2e316297___RS_HL 7747.JPG,12490,828381b130cbe3d73cec1a4ad47d5885e6ac3bf9e68f946bc080f4b02c8edfa2,256,256,RGB,3,fc9d609263d8cf24,True,
source,healthy,data/plantvillage/raw/color/Apple___healthy/5fc41ba8-baf5-47ce-b6e5-3741dd3b154f___RS_HL 5965.JPG,12845,4ef52af2b37547ad2ebd18d9f743057ea0665d3c0a144a19bbdf8a673efef7fa,256,256,RGB,3,bfe0852fdc909193,True,
source,healthy,data/plantvillage/raw/color/Apple___healthy/5fc76906-09db-4c86-a95e-f3c8d70c29c6___RS_HL 7414.JPG,16291,703b7d23fa9c58409c1da0f53773799cbe1705b2aab5141ab31fd449a79d8c4b,256,256,RGB,3,fab1c0c2976d943c,True,
source,healthy,data/plantvillage/raw/color/Apple___healthy/5fd5b78d-72e9-4e04-99cf-a1b4ef4ba485___RS_HL 7852.JPG,15617,ae69247f9fad771c0e3029799a1b2a6e6fda55e95e9818b884506ac12e87a708,256,256,RGB,3,afe3d084ce3cc199,True,
source,healthy,data/plantvillage/raw/color/Apple___healthy/5fd95287-1688-4342-8105-ad21af63aeac___RS_HL 8078.JPG,12682,8948a48c4cae248feb3d3fd0ad055932903737fc8f0f4afc23f79598321fd59d,256,256,RGB,3,e194c7da96499879,True,
source,healthy,data/plantvillage/raw/color/Apple___healthy/602a8c1f-1fa9-4141-b589-d514acc17ce4___RS_HL 6016.JPG,12743,2a18ffea0a915124048425c8f9355f28480bd64b5a2b18b0e921ee895024a2cf,256,256,RGB,3,ea4a9eb19b923586,True,
source,healthy,data/plantvillage/raw/color/Apple___healthy/6034f340-2122-4fe1-8696-cd5327f6984f___RS_HL 7445.JPG,19262,0ccf763821314173640373238b411a5b2451206395a5daae2a5be163f1df8f6e,256,256,RGB,3,efd064c932ed1a94,True,
source,healthy,data/plantvillage/raw/color/Apple___healthy/60385266-12df-445f-9fcf-196b1f91c254___RS_HL 8070.JPG,11221,8bf649957580a3a5a8dc5481829a3083c51bb060ef53b33df9d46ac0566380db,256,256,RGB,3,edc19265cb3ec518,True,
source,healthy,data/plantvillage/raw/color/Apple___healthy/603b96cc-3237-4ddf-97b9-11ddbf4840f0___RS_HL 7598.JPG,14701,33ff9918b1e91ea186c601ac3e8a937c69c3b1d41ab1c0df8c09dcbba2732d81,256,256,RGB,3,e28e9927d83ad361,True,
source,healthy,data/plantvillage/raw/color/Apple___healthy/605bebdc-6d3e-4cfe-8498-3ccd1028e76d___RS_HL 7877.JPG,14835,e4fa387957aa151430555e70f36c9acf530a26435d6901bd08357a960109411f,256,256,RGB,3,e51ef64c92299a69,True,
source,healthy,data/plantvillage/raw/color/Apple___healthy/606de063-baa7-4f80-b474-6e5cf4ea010a___RS_HL 7979.JPG,10845,6ff29bb0c009404288162e036c0ff09edf1d0f7132d4701e379a658dc7a27051,256,256,RGB,3,a59292cfcb1dcc1c,True,
source,healthy,data/plantvillage/raw/color/Apple___healthy/60a20878-4945-491b-adff-ca8829824261___RS_HL 5847.JPG,18690,8f84c90cfe5f54adb4efb61cb7a7b75124a405c220749d7c90cb9a2f8faaa420,256,256,RGB,3,aa52f4edd0859d94,True,
source,healthy,data/plantvillage/raw/color/Apple___healthy/60af8fc1-7f44-496c-9999-507d06e92142___RS_HL 7278.JPG,15900,4831df90dc87293a3f3d9a90f763ecc4031d9de4df200451f58d04f1645c5e5e,256,256,RGB,3,8af5f4022f5af1a2,True,
source,healthy,data/plantvillage/raw/color/Apple___healthy/60be19f7-984f-4e9d-ad1d-4d21ea4c0eef___RS_HL 7966.JPG,15722,4d2eb7f9e5caf3b29d334377459d84140e7678ede063ee87fdb6a847a519fbbb,256,256,RGB,3,ada5c59e9292cb68,True,
source,healthy,data/plantvillage/raw/color/Apple___healthy/614e548e-9a13-428c-89bf-353a1880cf73___RS_HL 8190.JPG,14379,0e751f8eb30b3aea409fc4f2828292b556dbc19c2d5f2913f5949fdc4f2393c8,256,256,RGB,3,f0bec3ccc6318b23,True,
source,healthy,data/plantvillage/raw/color/Apple___healthy/61697828-b645-4f07-844a-dc9902713d3e___RS_HL 7363.JPG,20490,7a79a7c9fca5479c15cd2e5f8f3b858914fe71df36f848a03bb858717998a7aa,256,256,RGB,3,a207971ecaf927e0,True,
source,healthy,data/plantvillage/raw/color/Apple___healthy/616a7bd4-b200-4057-9c03-3cdedae3992a___RS_HL 7614.JPG,9141,9f4a2d2e56f3c4075f7e5fbb550780113cee1b81d47db20902d61078e06524f2,256,256,RGB,3,d259a92f96b4329a,True,
source,healthy,data/plantvillage/raw/color/Apple___healthy/61cac07b-9d6e-4fac-b60f-410280d94ed1___RS_HL 7455.JPG,18921,5b7c054ba2ec67ba5999578b445f8be046fa0582425926c6bf82027554de4ee0,256,256,RGB,3,f14ed33cc7328692,True,
source,healthy,data/plantvillage/raw/color/Apple___healthy/61cc71ec-5d4d-4c85-939b-77e8cd75fafe___RS_HL 6038.JPG,11849,6c17d1547496a0310a6366bdbfa2879ab74d6adac3d01a1a8c85401cff7d15ab,256,256,RGB,3,ea6ac3943d9b7281,True,
source,healthy,data/plantvillage/raw/color/Apple___healthy/62047680-5efb-4779-99e0-d2bfe2ddba8a___RS_HL 7791.JPG,14675,4dd365859b825c96ecfd9d67bca5f6723df1acc286c69956393d0f0e0e599fb9,256,256,RGB,3,ee90b0d343cbc66c,True,
source,healthy,data/plantvillage/raw/color/Apple___healthy/6224ac4b-d395-4137-974b-e945c5655dbe___RS_HL 5960.JPG,13089,e1ae2d93ed0665e8810277056ac4247ba4caacca13112ce9c2f6405a158f5210,256,256,RGB,3,afe094c79e4d9831,True,
source,healthy,data/plantvillage/raw/color/Apple___healthy/622b6e6e-1388-4933-9f74-3ae54937a3d7___RS_HL 5920.JPG,13951,7e5e4de9ccb3ae65cb9a7a37eef01189728eef79b1447a84795a6e31d40c354b,256,256,RGB,3,ab95d4dac96d4464,True,
source,healthy,data/plantvillage/raw/color/Apple___healthy/6272b53a-1ade-46fc-85e8-cf9517c6e0ed___RS_HL 7858.JPG,15421,4511699d9cf851499ecc68b54cdf5887d91d8f5330d64e7f1d452efbd1a2dd2f,256,256,RGB,3,edc1968ed8365962,True,
source,healthy,data/plantvillage/raw/color/Apple___healthy/62acb368-c1b6-496c-910d-64cd4b8c5941___RS_HL 7964.JPG,14329,528c4dba29723f2d1b88fddd38fb7141b2394be992513ed3aa3f9c56884dbc19,256,256,RGB,3,aaca969db8b49923,True,
source,healthy,data/plantvillage/raw/color/Apple___healthy/62c6270f-9667-492e-be5b-ee599927718a___RS_HL 7671.JPG,12448,823aa8cbe0ac4d848ba8bfaceba5eee979d45b9ac135ca614c7572fcb91ab634,256,256,RGB,3,ff96e070874388cb,True,
source,healthy,data/plantvillage/raw/color/Apple___healthy/62d3964c-3cc9-495c-94d5-0558f5fe3063___RS_HL 7607.JPG,14265,a219ba28087b7ff731857b089575b2bf07abf576c28d3f05a7a5677558a95e03,256,256,RGB,3,e8c1956e9b925966,True,
source,healthy,data/plantvillage/raw/color/Apple___healthy/62e8755e-c7c8-4eb9-b937-4dd4f1e14723___RS_HL 7339.JPG,14723,6b72d9a1e9f11e171a8c142440afb2802d69c979a1a230d856d4bcbd95247729,256,256,RGB,3,eab591c8c6633b85,True,
source,healthy,data/plantvillage/raw/color/Apple___healthy/6379ed3c-dd03-4f07-a773-84842960d921___RS_HL 7741.JPG,10149,0e92d03b1bc601e22119bbf25c0aa254971b9504e4528e291e94174369f408f1,256,256,RGB,3,8ff0f002c3a79d4e,True,
source,healthy,data/plantvillage/raw/color/Apple___healthy/638ea400-bbc7-4642-b7f3-f57e2f3409cb___RS_HL 7718.JPG,10373,99d9c3e248a75902bb47a38ad6f23e38f2229c41293444c4f73ad66ccbff3f7d,256,256,RGB,3,a867c59d1e96b072,True,
source,healthy,data/plantvillage/raw/color/Apple___healthy/63f2f961-ac3f-4a2d-9fc1-6987e8da97cc___RS_HL 7447.JPG,16716,e34a34bd6150898aa913b3c997c80ea9ddbd181bcafa37e3b35a2a237c1043c4,256,256,RGB,3,a77af240c307c4be,True,
source,healthy,data/plantvillage/raw/color/Apple___healthy/6422d3df-4b2d-4e73-b1c9-3da9f763cb75___RS_HL 7259.JPG,14810,a6ace222fc5040f0881b01f9f7556c52e006098b8f19de9187438e9f0d74e2bc,256,256,RGB,3,e19c9ec999656466,True,
source,healthy,data/plantvillage/raw/color/Apple___healthy/6437e60f-2ce4-447d-be7f-b2fb181eef42___RS_HL 5992.JPG,15594,d0a227feaa77d3fb51268af1972a0fdd6e4071faa7b401ec1ddb56b442e5ee29,256,256,RGB,3,ab42d215e13ec4f9,True,
source,healthy,data/plantvillage/raw/color/Apple___healthy/643e172f-02bf-4021-9587-6cfd21c8a344___RS_HL 6053.JPG,11190,d8eedd1db740f5191106473c0510746e4da9280f36cf6616d670e9ba9066c9ee,256,256,RGB,3,bfc0d48d993cc932,True,
source,healthy,data/plantvillage/raw/color/Apple___healthy/64764c6e-6e57-4fbe-903f-06103bd72a38___RS_HL 5951.JPG,13676,9d6232403c7c6d688fc120b9b5271987000f93b313e4a787f282d1cf29a83961,256,256,RGB,3,ea26943997e51ac6,True,
source,healthy,data/plantvillage/raw/color/Apple___healthy/647ab085-3f32-4ff1-9972-bef63cb4085e___RS_HL 7595.JPG,15907,7fa29fa483b4c638f9dd0972141a1ac4402d17cbad304d1f16a448bc932ef615,256,256,RGB,3,aaea9485859ed6c9,True,
source,healthy,data/plantvillage/raw/color/Apple___healthy/6504ca1b-442e-4839-b61e-2660fffcb67b___RS_HL 7952.JPG,17827,19161a6ed06ba39a63b9d4217d39e6abe805742a73ec6d09ecf7f39552a6a4b8,256,256,RGB,3,ab6ed1a594968687,True,
source,healthy,data/plantvillage/raw/color/Apple___healthy/6519f187-e99f-4a02-9a28-eb4e167ea35c___RS_HL 6015.JPG,14070,360c113a5a1ad34e5213c2e40e633576d51f7749f8540623ac93a9095cdad65d,256,256,RGB,3,b8398570d2e39ac7,True,
source,healthy,data/plantvillage/raw/color/Apple___healthy/65a6866e-a6ea-46d5-a8ca-413f98cd8b7a___RS_HL 5817.JPG,15880,021aa0852db9421ec9d5659f0363f4cd3d5b983de717f0d48908abb57acf1089,256,256,RGB,3,ab6ad094059fb62d,True,
source,healthy,data/plantvillage/raw/color/Apple___healthy/65a6d1f7-616e-40b7-8ebb-8b895c69a7dd___RS_HL 7813.JPG,11953,ed6ac4ae91820b0b0b270774ee576fca53682ada6081c041cc7dddff441c9b64,256,256,RGB,3,e98625c99399d399,True,
source,healthy,data/plantvillage/raw/color/Apple___healthy/65c5f31a-626b-4e2c-afd1-d740ce4ab7d8___RS_HL 7995.JPG,14134,efb2ed619a4e0a04df0e59c86a2339dd79d0e51e9d1e9722d518c7931646b423,256,256,RGB,3,f84385789e359b31,True,
source,healthy,data/plantvillage/raw/color/Apple___healthy/65f9450e-cd32-465c-b2cd-e24111798fb1___RS_HL 7950.JPG,13593,733d638a58010a8c23c19c7666b4e887a0e98d18f072403ee1f37a52a7f95fce,256,256,RGB,3,f4cac995e6329c2c,True,
source,healthy,data/plantvillage/raw/color/Apple___healthy/65fcf384-964b-41c5-9a54-aecb473283d2___RS_HL 7672.JPG,11329,ae61f1ec246c6fe5331104a9479973f26f9964dd0709ed8fe538af2aab804b68,256,256,RGB,3,aaeac1859e9cd89a,True,
source,healthy,data/plantvillage/raw/color/Apple___healthy/6627c6e7-9d4f-41a7-9d86-ad04cfe2841a___RS_HL 7442.JPG,19332,b0637b3792e60d292dffdeb2967493cbdcdbbc0a0713d4ac78d29a7710a1ca94,256,256,RGB,3,fa62e16987b194c9,True,
source,healthy,data/plantvillage/raw/color/Apple___healthy/6695f23d-03f2-48ce-a3fe-b0fcd4f4972c___RS_HL 5884.JPG,18531,c46dc6a714e312f505aa29bf81db8869215c40b725c108c9014a71bfc253ae08,256,256,RGB,3,ec61c70fca1e9cb0,True,
source,healthy,data/plantvillage/raw/color/Apple___healthy/66b2ddc7-46d8-487c-a93b-43d4332b7a31___RS_HL 5764.JPG,18221,bfdd633065e4bf9c114aea6472db85bdd0539de0bbca18a01b890b17d61781b4,256,256,RGB,3,fe68cb1ac41933c6,True,
source,healthy,data/plantvillage/raw/color/Apple___healthy/6758f085-1397-42a4-8b03-2f5e87f3bedd___RS_HL 5751.JPG,17876,8224e1ac865a4324affbead1594ded963d4e3346100b9ccb8406550d7e02c1cd,256,256,RGB,3,ea9593d8cde58066,True,
source,healthy,data/plantvillage/raw/color/Apple___healthy/6760f8fc-05d5-4cdb-ba7c-4d87d508bb79___RS_HL 8185.JPG,14984,4813915cefa8b06029b0274b9774222c963c8a93b071ba24ca6fa19f85be1ac5,256,256,RGB,3,ff1ec0f09a68844f,True,
source,healthy,data/plantvillage/raw/color/Apple___healthy/679f57c6-992b-424e-beb7-5344a873e1dd___RS_HL 8026.JPG,11422,43b3681493e084020cd4d4baf86449be619e15bee2b416e6f5672c18abf4d0bf,256,256,RGB,3,8f8fc1f0c8c5f0e4,True,
source,healthy,data/plantvillage/raw/color/Apple___healthy/67bb4b6e-c398-42db-a269-7aa2e06fee3f___RS_HL 7610.JPG,16250,0abdd0de578b5c15cb3471538ec7f26efff32ac5510682589dd21ed0b1eaa7a7,256,256,RGB,3,a8a3a7b49ad298cb,True,
source,healthy,data/plantvillage/raw/color/Apple___healthy/6806c56d-b5d6-45fc-8e96-0d8def5932b9___RS_HL 5692.JPG,19743,9ab3119e7d3b028b613393da2904dbe5136951a779dc994f454f774e1140c6b5,256,256,RGB,3,efc2f08d918c983b,True,
source,healthy,data/plantvillage/raw/color/Apple___healthy/682b3d72-607f-404f-b9e8-48acc1574f41___RS_HL 7419.JPG,20529,5c1bd922515606beed08eaa93347cfd9eadccba0592db00169bcfdb666cadaf0,256,256,RGB,3,bb1b954ec689a4c6,True,
source,healthy,data/plantvillage/raw/color/Apple___healthy/686a65da-b541-4b08-94bf-631cf6d27449___RS_HL 7584.JPG,16229,53adc15d23ea508b6d58b1ad793de4d7452c875d037fcdbba15d6698a369125c,256,256,RGB,3,ff30c007967a9659,True,
source,healthy,data/plantvillage/raw/color/Apple___healthy/686f612d-bb49-409a-8afa-0707481774fe___RS_HL 8184.JPG,15247,98e1fdc36a2dd1409d06152c6ddced58a86496212f18454d62d5708c682499d7,256,256,RGB,3,f866851b8db89e61,True,
source,healthy,data/plantvillage/raw/color/Apple___healthy/68812d5a-2b5d-4a89-b8de-f8f87422f321___RS_HL 6280.JPG,10268,a4e90b1f8c3de194b4fb277f607a5c99d011aaa67e87e1cb2586afb4957db795,256,256,RGB,3,ee63853d9817c11b,True,
source,healthy,data/plantvillage/raw/color/Apple___healthy/688b1671-7399-46a1-b93e-53b11cf210f7___RS_HL 7842.JPG,13140,f78fd77dbcc69efd6fd2375d49b657ad740429dfef62a5aa0e4211c2a1d6989e,256,256,RGB,3,facb852c99251eb2,True,
source,healthy,data/plantvillage/raw/color/Apple___healthy/68b064ad-fce1-4ab8-9c2c-82f49c4a5ee2___RS_HL 7993.JPG,15358,ddbbad031036f370e2f0b01a4af816158c87c17bd7fbd29bcb3ca0ab351ac83f,256,256,RGB,3,af6cb08dc3f08716,True,
source,healthy,data/plantvillage/raw/color/Apple___healthy/68bec77e-3c62-4ea5-85e4-fa29068ebb34___RS_HL 7340.JPG,16005,5c06bfcb9ccef007cf37429a54b3f93209d3da5d6f522d90b5209cbe7893d2fd,256,256,RGB,3,aaca9d6992a591b6,True,
source,healthy,data/plantvillage/raw/color/Apple___healthy/68d3346d-11c5-4ad7-ba09-2f616dde3848___RS_HL 7428.JPG,19468,e0b54bc3b34467d56e8e9d88e0bc720a233354c0497b4aa6b49f110e8cc42598,256,256,RGB,3,e84ac1659ee59a5a,True,
source,healthy,data/plantvillage/raw/color/Apple___healthy/68dd3ff0-d8d5-49a7-8813-46293114d967___RS_HL 7990.JPG,15816,8bfb6616b72e5cff2eb3e690c4b8820742cf998e92b81aad911d485be705f039,256,256,RGB,3,f4e482d1c7d318cd,True,
source,healthy,data/plantvillage/raw/color/Apple___healthy/68f559ea-dff3-43a8-a804-a491e5c4feb9___RS_HL 7909.JPG,13323,1e6a790f587ab7e8043bd8eb4a50021455c68e75e210075fdff75a6b9c8efd5c,256,256,RGB,3,ea4b873c9980b53b,True,
source,healthy,data/plantvillage/raw/color/Apple___healthy/68fdb88e-755a-47c3-8e60-600533b8a53c___RS_HL 7780.JPG,14985,94f403c506985c6599a58263270119d92234be924b64c41ac25ccbcd18c46ed2,256,256,RGB,3,fe13c54b1e6498c3,True,
source,healthy,data/plantvillage/raw/color/Apple___healthy/68feaaac-b503-4202-99fb-2cb86ad427c3___RS_HL 7916.JPG,13163,74347c4f7e986dfd0ba779354cd2f74a05edbbde629fe17b89d6d057e58bbc30,256,256,RGB,3,bbb0d00b8779c2e5,True,
source,healthy,data/plantvillage/raw/color/Apple___healthy/69344270-ab7c-44c1-a395-03dfb984108a___RS_HL 5925.JPG,10763,407c58b44a8d81f0bac12f981320e87e54efff618d77b35ce80a20b7a01235bd,256,256,RGB,3,aa6a9695ad1b92b4,True,
source,healthy,data/plantvillage/raw/color/Apple___healthy/6935b4ee-4f53-4f11-b2bf-d9e7db6dcaa9___RS_HL 7253.JPG,21703,966cdc01149397f7028e196c160166b57936472a9a85a0808b952ba76b901553,256,256,RGB,3,bb34c17a9c83c94b,True,
source,healthy,data/plantvillage/raw/color/Apple___healthy/698bc8a2-cead-4946-8d9a-abe38760d1fb___RS_HL 5855.JPG,19583,10c27de094e5063cff97995dd85b5b6ec16c9276fec5160eff35735100268449,256,256,RGB,3,ea62c12f97859ec4,True,
source,healthy,data/plantvillage/raw/color/Apple___healthy/6a2b2664-0e91-455c-8978-64c097631604___RS_HL 7808.JPG,11587,0ff30b62bca5bd87bd0a16d10f74be24a5ac109a548d23f5cae0b9c444e55ff7,256,256,RGB,3,aff196834b6e8c24,True,
source,healthy,data/plantvillage/raw/color/Apple___healthy/6a5ded2c-8123-4d42-86fe-7be3c9f268a1___RS_HL 6302.JPG,11422,8d66746640efa06933914e710aa60958d8a307b9adf1ab64d498681e112eefd6,256,256,RGB,3,bf9fc1d8cc61c064,True,
source,healthy,data/plantvillage/raw/color/Apple___healthy/6aa4217e-6d45-4a3b-8804-99fe82bd8925___RS_HL 7627.JPG,15294,bd41321f588501041afe6d418a9b91c20ded6d4c7a118f3d81d0c7e7e7a67e53,256,256,RGB,3,ea69c52e92e41ad6,True,
source,healthy,data/plantvillage/raw/color/Apple___healthy/6acc4c43-8bc1-4a6e-a6d6-93474e9c8502___RS_HL 7654.JPG,10298,ef12a1831884a736f6fdbd12a909f743ef59337d6efc9e96553a1b59479cb466,256,256,RGB,3,aa9dd2caa5688772,True,
source,healthy,data/plantvillage/raw/color/Apple___healthy/6b106a6f-b47f-40a3-8825-f7bfea6163d7___RS_HL 7905.JPG,12972,b666e236e3eda912bf0ce3cdd2bf63593f38469350a48ed6a683087da3435c96,256,256,RGB,3,fbe8878d7892b320,True,
source,healthy,data/plantvillage/raw/color/Apple___healthy/6b11324f-6b70-40d7-9cd2-f7d36b0c69cd___RS_HL 7431.JPG,19368,944d53ff35531adf32335bfd7130c63ca538036b20271d29ead023f68e124a57,256,256,RGB,3,ecd2a5ce63983649,True,
source,healthy,data/plantvillage/raw/color/Apple___healthy/6b1696f3-a455-4ac4-b5e4-2839681937fe___RS_HL 5867.JPG,20481,c8812d3533f7e38ef588697389e786a935a1b3997e888e4cc4b38dfdc30f3fc1,256,256,RGB,3,e838856b96e91a6d,True,
source,healthy,data/plantvillage/raw/color/Apple___healthy/6bf1bcc0-0e98-4f3c-901d-ab8552f04fdd___RS_HL 7899.JPG,10836,14ed3aa7f438e986e11a6c9186921630218cedb7c55595d9303949b8bac1c567,256,256,RGB,3,b2f2c48fcb18989d,True,
source,healthy,data/plantvillage/raw/color/Apple___healthy/6c8764e8-c52e-421a-995d-dc3fdce8f40f___RS_HL 7380.JPG,19366,3aaebdcf0cb5fefa0736d7e0e5d2983dfc46bc2f0631a01f51a655aaa75d3afb,256,256,RGB,3,ea1c957a9ce7488c,True,
source,healthy,data/plantvillage/raw/color/Apple___healthy/6d276438-7f26-4b65-b425-a18ce241ab04___RS_HL 6050.JPG,11749,c04fffdc1aa5a0f90e65a8ecb9fb99a24b0a1ba5f4dfa44bd99132a269813378,256,256,RGB,3,af6ad2278d968499,True,
source,healthy,data/plantvillage/raw/color/Apple___healthy/6d92d301-d0e2-4c46-8715-afa326a6d5d9___RS_HL 8193.JPG,13611,b2ebcfd92522c0cf6a7aedfb009e9990ea998f692d521173e765d021c7f0c44d,256,256,RGB,3,e496c7988f619867,True,
source,healthy,data/plantvillage/raw/color/Apple___healthy/6dd6bf2b-b606-46fd-af76-6c9166c7d626___RS_HL 7276.JPG,18465,40e1be96a0b3860d842594c42b61dfb48389e774dcef8c78f5b23e583b0c1be7,256,256,RGB,3,fca7935b094da446,True,
source,healthy,data/plantvillage/raw/color/Apple___healthy/6dea065f-3b56-4372-a04a-ab6d20e47234___RS_HL 7453.JPG,17459,16f974b566300100df9b2468e17636527ff610cc2fb49144dc0a211002bbcfa6,256,256,RGB,3,ab6af484c11f1ed8,True,
source,healthy,data/plantvillage/raw/color/Apple___healthy/6e05d89e-4cb2-45bd-9800-f128ddbcdaa8___RS_HL 8127.JPG,12651,032bce8ca9d0bfbf04467bfd1e1f852857e029cf47d1b065241136de0a91e5a6,256,256,RGB,3,e3c88a9eb4ed10b5,True,
source,healthy,data/plantvillage/raw/color/Apple___healthy/6e158c4d-f39d-4667-9fb1-7ff184fd7288___RS_HL 6192.JPG,11693,b4a8ad410af3f1752c4d2286c3dee7ca95d1b9a25e25e46e8d6d0f5b81392801,256,256,RGB,3,abea95859a1e9cb0,True,
source,healthy,data/plantvillage/raw/color/Apple___healthy/6e9b4ada-0f43-4de2-8e5d-463a3cb4da0f___RS_HL 7495.JPG,13395,89cefeab91d3f97399a56467cde1b056b7ddf20901c6a4bd16c0a12dc1a3babe,256,256,RGB,3,e61afc65946e9612,True,
source,healthy,data/plantvillage/raw/color/Apple___healthy/6f354ce6-6c55-4cf0-a63e-11f901af67d6___RS_HL 8103.JPG,13874,fbf7efd3e0734fc0dbf2dd132f83b11d24bffc95fc3f60053bdf7bc5846ef565,256,256,RGB,3,8acaf5b5909784da,True,
source,healthy,data/plantvillage/raw/color/Apple___healthy/6fb1530c-0b24-48df-b2f2-02a8498546ad___RS_HL 8168.JPG,14597,df2786a7feda25cb830d79315c6ca98d2bd7f01d62b7d7488fa4a51364f1fe8b,256,256,RGB,3,fa05a59e929a5365,True,
source,healthy,data/plantvillage/raw/color/Apple___healthy/6fdc92a4-12e5-43f3-8766-96f49075b59d___RS_HL 8015.JPG,13535,68562db37f3eeb9c2cffd33531c8f94ed2f4227a727b5e775716b70038d46cd7,256,256,RGB,3,fbc0c19f9c9a308b,True,
source,healthy,data/plantvillage/raw/color/Apple___healthy/6fe99b1c-d402-4756-a21b-ff964b999adb___RS_HL 6253.JPG,12615,09992afbb8887174d7fd7aac2b3097c0ee969f12d50d8c83df59f4a92d5a0097,256,256,RGB,3,fa9f85d09c4ac8e1,True,
source,healthy,data/plantvillage/raw/color/Apple___healthy/7007d57a-a05a-41b5-a80f-9fe33debaf1a___RS_HL 7354.JPG,19312,e6419134f695563a117a4bfdd9a304f0bbc50fbbb40a6435ec0e501065e4de43,256,256,RGB,3,ad98f0c3c2db4b64,True,
source,healthy,data/plantvillage/raw/color/Apple___healthy/70491e38-2a9e-4fb7-9ab5-dfa49d46b202___RS_HL 7758.JPG,13355,83aa06a8b337956fe11d67d679bb6b140452dc5574964833cd7df280d35de6e0,256,256,RGB,3,fe63899a96bcc034,True,
source,healthy,data/plantvillage/raw/color/Apple___healthy/705990f2-bc4f-4568-af0b-2f58bd3b51a0___RS_HL 7608.JPG,13411,a0107c0780f8726192c65242ce50c194a06eda7aa38fa32446c9ac9a5846567c,256,256,RGB,3,eccd90e44799d338,True,
source,healthy,data/plantvillage/raw/color/Apple___healthy/707ef394-bd7d-463c-86b8-4a13464bc6e0___RS_HL 7555.JPG,15309,4893179c698bdd280f1500bc93512f61bf473c33d663dfb5481ef77a980447d5,256,256,RGB,3,abd5e298a5c269b4,True,
source,healthy,data/plantvillage/raw/color/Apple___healthy/70b3a226-962d-4d2c-a6c0-31cb3d1eab4e___RS_HL 6189.JPG,11346,082a16eb27cf6422e00d259edffa78128c5dab3eece3d7de9080ae09bbcbb04c,256,256,RGB,3,fa42c53d9f9031a3,True,
source,healthy,data/plantvillage/raw/color/Apple___healthy/70bfc07a-818d-44fd-bd98-fc779161abce___RS_HL 6105.JPG,10120,7d62cdf2461d7d761b4a5969e3e5696c2633142f48d03739dcc19d9605e91619,256,256,RGB,3,e966c34a8e599c39,True,
source,healthy,data/plantvillage/raw/color/Apple___healthy/70e5bc17-eaff-43e3-b198-2658561b63b1___RS_HL 5866.JPG,19984,c48bafc352121f1a583accd8112f94b69752a90a1736b5438c5e97fd84a05941,256,256,RGB,3,ef4a9325d83ac133,True,
source,healthy,data/plantvillage/raw/color/Apple___healthy/712b5957-4109-4ed4-a393-a6605ebe6c08___RS_HL 5750.JPG,19796,eaad2bf231fde428179384a8bd376fdbdf3a3a4485c6e2cb5c119917e6254aba,256,256,RGB,3,eac2a50fd41e92bc,True,
source,healthy,data/plantvillage/raw/color/Apple___healthy/715ddd59-a49f-42e1-8eed-2c3dd29677fd___RS_HL 5832.JPG,16348,ba086306b316bd59469f10aff1748b0e1c4b4bc889fce17b89671d2c058fdbd0,256,256,RGB,3,fae48b1ab05b9668,True,
source,healthy,data/plantvillage/raw/color/Apple___healthy/71689ece-34cc-4210-ad88-23ee1d26dfde___RS_HL 7924.JPG,17860,f11c02e40ec844338aee2edc619843742e06a764c0133c5e3e4f28b4536cc64a,256,256,RGB,3,e14f9e3493326c69,True,
source,healthy,data/plantvillage/raw/color/Apple___healthy/71757e95-73f9-4d07-b357-feb6b120f4fd___RS_HL 7280.JPG,12200,5f02cd816d740b02b7db6eb8a72fd38a59257bcfe1eee2d0c3bd56a5502e76ba,256,256,RGB,3,a4fef2d9f1a0c103,True,
source,healthy,data/plantvillage/raw/color/Apple___healthy/71b2b307-ddd7-48bf-b904-4d1101c9fc4b___RS_HL 7755.JPG,12495,f28f4f79f4729df38c20b5fa0f1f9f984b3b82556503c643590de7e8fd9d9853,256,256,RGB,3,aee2e02cdb83849f,True,
source,healthy,data/plantvillage/raw/color/Apple___healthy/72053aee-f044-46c5-ab44-322e198c3f1d___RS_HL 7588.JPG,14226,244c5c99e9b9be1dda17b117968df62d401c56b5f73f300557673ef2698d7194,256,256,RGB,3,aaeac2879d98e193,True,
source,healthy,data/plantvillage/raw/color/Apple___healthy/72059689-4c66-4922-8702-1a8d1fef1594___RS_HL 7729.JPG,11343,a78755679fd7c6999c3067b707c207d97cfdaea93d458c38136353c72faac5bf,256,256,RGB,3,f4d2db19c6249a39,True,
source,healthy,data/plantvillage/raw/color/Apple___healthy/720d9250-e209-42bd-8be8-c3ee3e2a057f___RS_HL 5869.JPG,19897,da5e56a68014ad097d5a67c5c56332e433e9012b4b1799b6b0c0091e915e2222,256,256,RGB,3,aac2979932a56d6c,True,
source,healthy,data/plantvillage/raw/color/Apple___healthy/7236c207-e185-4e16-ad82-77b1dde69e23___RS_HL 6173.JPG,12114,89659afb9beb2837c52b4eb3dbba6799c3bf298102a5ac01e4ef213b8741c78f,256,256,RGB,3,fbb0c496c35a9b28,True,
source,healthy,data/plantvillage/raw/color/Apple___healthy/723a658e-85ee-431c-bfe7-a411686bd528___RS_HL 6074.JPG,12741,815666cb7fc0bbd47477689f219c25c0120fa3d0c7eb31868e70229dbaa6a766,256,256,RGB,3,ba6ac1274d7246ec,True,
source,healthy,data/plantvillage/raw/color/Apple___healthy/725e9b8f-f55c-44ce-a0d8-7b6829f86630___RS_HL 7532.JPG,10809,b5e2324b5d9ced3b955a020d5a0e85e845ff0e5c33f93fbc8aeaa6c7a33b7e4b,256,256,RGB,3,e6c7c2f0990fc1d8,True,
source,healthy,data/plantvillage/raw/color/Apple___healthy/725fe867-1075-471a-b69d-6553d1445216___RS_HL 6127.JPG,10103,e45ff1a8593ba88f6f79f8772a433670842614c7535d86b69f6fb71298f0a9aa,256,256,RGB,3,afcaf425c296c91a,True,
source,healthy,data/plantvillage/raw/color/Apple___healthy/726e185f-50c5-47f4-98cd-f1fd333f717b___RS_HL 5862.JPG,18970,6cd4700cc40d7198048737eab5d0e4419fcc0b38802065bfbebbdbf665022a49,256,256,RGB,3,fbe0881fb470876c,True,
source,healthy,data/plantvillage/raw/color/Apple___healthy/72910301-856e-491d-b929-efdc81bb3eb5___RS_HL 5765.JPG,17816,60c05b8836ad4a547e1bf52c8cea03047063026c74a3d8ac85872f3a91f8c2a8,256,256,RGB,3,ed3d90e40f96724a,True,
source,healthy,data/plantvillage/raw/color/Apple___healthy/72e2d888-0fd6-4bd0-be79-82715f062290___RS_HL 7621.JPG,11706,4a06105d95704f6a6ea14eafa39bb9e2278add63037d2d932faeaddcde377ac7,256,256,RGB,3,e138d68bd9b2c964,True,
source,healthy,data/plantvillage/raw/color/Apple___healthy/735b41f2-e433-4ca1-98eb-85b9af69a7bc___RS_HL 5879.JPG,20011,3bb49eb8a7947dc777b6139bf17126cf3264163b116a4caac0dbddf71a15236a,256,256,RGB,3,e96ac0e59f96c192,True,
source,healthy,data/plantvillage/raw/color/Apple___healthy/73f042d4-5213-4618-9783-8ff76967cb75___RS_HL 7821.JPG,14619,fc6e13d168c5f9d7c922bab6e9f1faa5a26c52f76be9bc71a836df7a48074c9f,256,256,RGB,3,fcc2c7c99899c193,True,
source,healthy,data/plantvillage/raw/color/Apple___healthy/741841f6-e95c-4206-ac05-c5cb98c7e7cd___RS_HL 5908.JPG,10067,1446da935c30c1f35c2d583797a8cb22a254522d8c4a0e29d24ac33146091d36,256,256,RGB,3,bf68d036c519c71c,True,
source,healthy,data/plantvillage/raw/color/Apple___healthy/7450ae7f-41df-4afb-a9f5-6a4059d7a4a1___RS_HL 5818.JPG,11843,86d572b30f305dbdbec507da2d05441a7c335c95e79a2a07a0e0bad9e301708e,256,256,RGB,3,fa68cb521e8fb08c,True,
source,healthy,data/plantvillage/raw/color/Apple___healthy/74ac887b-9c88-44bc-8f94-a1da87ccb3ef___RS_HL 7715.JPG,9873,06b0434d0cc24663956e08748e6f835056b08aad08189b617be94e695d2d1b75,256,256,RGB,3,abe887963495316b,True,
source,healthy,data/plantvillage/raw/color/Apple___healthy/74bda678-63b6-44fb-8e8f-259788239618___RS_HL 5830.JPG,17928,76e81740e889946e4ba65150e6f0ea1e1f139c9607436a7640638f08fb0cbcc6,256,256,RGB,3,ef68d0258f1ed898,True,
source,healthy,data/plantvillage/raw/color/Apple___healthy/74d4928f-5a36-4f9b-acbe-be50736d397d___RS_HL 8169.JPG,13716,4b9cc0b4931ec6ed4036ac0ba0b21e6565fcfc04462fad738432d50d42ccf3a0,256,256,RGB,3,fac2858f9c711366,True,
source,healthy,data/plantvillage/raw/color/Apple___healthy/74df20a6-770a-4ab4-87a6-7020c98bc329___RS_HL 8064.JPG,12282,bf5dd32fdf4e3677b89570cd4ffd97d988b7c6d7d3997c007d5a474866c273fa,256,256,RGB,3,abe8d487d83283b9,True,
source,healthy,data/plantvillage/raw/color/Apple___healthy/74f7c545-de83-473d-82de-1e8c89fd975a___RS_HL 8172.JPG,14468,d5df75914171ff143dfa6ef5d3e31e3fde30ec45ac19f12c89ce534de57efaf4,256,256,RGB,3,fd9ec039c5e0c661,True,
source,healthy,data/plantvillage/raw/color/Apple___healthy/74fa2964-1307-4b24-8361-0145f7f7f371___RS_HL 5919.JPG,15562,71168b189540ab134e7e1c5dcf34581718c114af3857a93d78832ddc0bd9d8f6,256,256,RGB,3,bf3fb4f2c0c0c1c1,True,
source,healthy,data/plantvillage/raw/color/Apple___healthy/7519aef6-3f42-4dd9-8e9e-f3eced492298___RS_HL 5863.JPG,17259,245ee4895075dd881417057295ecf923f6e946d41e3f5d9da7c9ae34c5328b86,256,256,RGB,3,aacab4ad99b09137,True,
source,healthy,data/plantvillage/raw/color/Apple___healthy/752c8f77-8b65-46df-886f-e95346e7856f___RS_HL 5705.JPG,19304,ce60951b7de24eb97628c24327f086cd0992162645850f374b1f460df07410d9,256,256,RGB,3,e0c29eb48d98b367,True,
source,healthy,data/plantvillage/raw/color/Apple___healthy/753a02e9-3624-4692-a0c9-ccb78c8f916b___RS_HL 5782.JPG,9659,92fa635b26b64789d8177c014331bdbc9d28590a8de2604e5cf4709031b77763,256,256,RGB,3,e3628e34c817f89b,True,
source,healthy,data/plantvillage/raw/color/Apple___healthy/7569e8c8-96c8-4d87-8bcd-139566dd4d87___RS_HL 5763.JPG,18617,7ceb1aa597ae3af0eab258bf0a8c6da57fe49c2bb56d4fd45f57c202d7e59a49,256,256,RGB,3,aa6acb963589b236,True,
source,healthy,data/plantvillage/raw/color/Apple___healthy/75872668-0901-4fe5-a995-80d0b0caee1c___RS_HL 8130.JPG,11879,9755fb78d53421f04932b17a06698390739c2a3aee336219c64052d669753254,256,256,RGB,3,a2e4d5b948c03f4f,True,
source,healthy,data/plantvillage/raw/color/Apple___healthy/75ab3bb8-40ec-4292-9c61-deaa6fcf71f0___RS_HL 8054.JPG,12674,9d148b72dcb1783d807eccd764e2ab7b5af1da24d827fda427e840aedeeb67aa,256,256,RGB,3,bfc1e0e18b2ec09e,True,
source,healthy,data/plantvillage/raw/color/Apple___healthy/75b7a5bc-e419-4312-b5d9-6c3446a24ef4___RS_HL 6079.JPG,11564,922eab0fa96171c88977caebae8fbeb55d805be1533aee2e835c6ca3a4205726,256,256,RGB,3,ae6ad027cd9c8c99,True,
source,healthy,data/plantvillage/raw/color/Apple___healthy/75bc8098-3ccc-4cc5-aff0-ce68b4fa2b82___RS_HL 7845.JPG,14833,959800a0427b6854876468268e8e62e7d97cc4726cb84390f030c5b5fd008907,256,256,RGB,3,afe1d81c879e38c1,True,
source,healthy,data/plantvillage/raw/color/Apple___healthy/76236e9c-1898-475e-b0f6-0d535e105432___RS_HL 7702.JPG,11092,30aa53b9f0041f6f23b47d9754dc02d4d7baf4929cff552450304d1293f9bbde,256,256,RGB,3,bde3d086839a9b2c,True,
source,healthy,data/plantvillage/raw/color/Apple___healthy/76367d84-6702-4ef7-84f1-fe308315d04d___RS_HL 5967.JPG,13360,84155ed9f638742284c933cc28c4d9c37684fb3d528da1505fb1ada2da873cf6,256,256,RGB,3,abcad48d9536c4b4,True,
source,healthy,data/plantvillage/raw/color/Apple___healthy/764614d4-c19d-4dac-ba69-e2aced0900aa___RS_HL 7546.JPG,15156,db873c2188da24bf25e6adb24e0b9bf39c1166570a87757aed07ab0b7401cf76,256,256,RGB,3,acd1a54f962cdb30,True,
source,healthy,data/plantvillage/raw/color/Apple___healthy/76598665-5f8b-4e6e-86c4-36d528385387___RS_HL 6312.JPG,10517,0e3e9b769bf043e969898dfaca5b1997e58caf6620bfaa1fe713d4014b6ecf0f,256,256,RGB,3,e8b187c39a8e3d4c,True,
source,healthy,data/plantvillage/raw/color/Apple___healthy/7671e6ca-f9a9-4657-a96a-1bcf0df3abe7___RS_HL 6231.JPG,9944,57575a726d58a2ef256f69b08712851f391abb5e90a07be771f9d103965d3398,256,256,RGB,3,bd69d032c79136cc,True,
source,healthy,data/plantvillage/raw/color/Apple___healthy/768f1904-8365-4d72-aa84-87d9f09ef2d5___RS_HL 7937.JPG,14435,35cb1fe3ec23f039c6f723d386eeee19ef275b21986b6e0911cbb3ff95ed301e,256,256,RGB,3,eaa4a59696da9a29,True,
source,healthy,data/plantvillage/raw/color/Apple___healthy/76c0783e-5e1a-4a25-8371-9e7ef2a8c9d7___RS_HL 7465.JPG,18347,844673bb08ca35fd7003802d50ab328a87d73a90975619dfa02cade6cda6b9fd,256,256,RGB,3,fbb5c0481e4be4e4,True,
source,healthy,data/plantvillage/raw/color/Apple___healthy/77004cfa-f435-49af-8435-7986927228ca___RS_HL 7609.JPG,15259,c311f56c4b74f79b9858c71ebba1a2377e1881e14d8be95b7187675db75d7e80,256,256,RGB,3,baeac3a7a19c948c,True,
source,healthy,data/plantvillage/raw/color/Apple___healthy/7703726c-19ce-4e3a-a921-1a84161b12d0___RS_HL 8174.JPG,14583,f52fceb6846e2a21b2baa83ac1882888b144f25009c636a67267059d5e094d3e,256,256,RGB,3,af48d02dc137cf32,True,
source,healthy,data/plantvillage/raw/color/Apple___healthy/7710d64d-83a3-46af-a9ff-535dd225523f___RS_HL 5788.JPG,17433,2315cd9b43e5df8e61db6c9e8a873c495bf624649e4f6a02dee82676d6ee7ee2,256,256,RGB,3,fa4a9035cd3a7439,True,
source,healthy,data/plantvillage/raw/color/Apple___healthy/77273304-be77-4b74-a4ed-cd42826f4635___RS_HL 8178.JPG,13271,7126c5180eb3a2ee90026550c85069bbbcde88b3a54d4124b6277a5edd560ad0,256,256,RGB,3,e8c394cd9a34d933,True,
source,healthy,data/plantvillage/raw/color/Apple___healthy/772e7314-c24e-4126-aa12-224b27098319___RS_HL 5663.JPG,15844,b1652a3eb12397b3d729ae62bd7c118ae7d1997a553512795172799a5a7d9c3c,256,256,RGB,3,bac6859d95789a61,True,
source,healthy,data/plantvillage/raw/color/Apple___healthy/7771f894-0889-44fc-93dc-0e0c1162a5e8___RS_HL 7870.JPG,14965,33bcad8b12e25159ebb94d9bf117ea24d4a1cd0c459efcdb5be33e5e54075130,256,256,RGB,3,fdc4c10f9e381b31,True,
source,healthy,data/plantvillage/raw/color/Apple___healthy/777d6fd1-feb3-4dac-afa7-79b507d48ffa___RS_HL 5859.JPG,16421,1a80e88b20c29b82186ebc2e4f9b7553e68460692615de9d07adec1d39718f6d,256,256,RGB,3,ab6a9434699e38d9,True,
source,healthy,data/plantvillage/raw/color/Apple___healthy/77a54591-ab85-4b5e-8341-62e599a9fc6f___RS_HL 8011.JPG,16043,8a8d47ca27cbfeed6823559ce68f146971b2bc6e4ab36873694e3facf0615a81,256,256,RGB,3,e812e52b9db59495,True,
source,healthy,data/plantvillage/raw/color/Apple___healthy/77b48eb5-7237-460f-8751-cfb231c917a7___RS_HL 7687.JPG,9281,a5cdb5a90c9e597e3499269110d26563205a853a80b8fd51ff6e6621b37f41d9,256,256,RGB,3,bfd0f01bc5601aa7,True,
source,healthy,data/plantvillage/raw/color/Apple___healthy/77b8d24a-27e6-410e-97ef-faacc60c5a10___RS_HL 5831.JPG,16638,bb1eb8d5e101627d55f661ed98c4537df6253bcc9440ec12641c2764958aee30,256,256,RGB,3,be4a81b0d264cb6f,True,
source,healthy,data/plantvillage/raw/color/Apple___healthy/77c943f7-afbd-4d41-a40a-9e05a2600fbc___RS_HL 7475.JPG,18071,1adec21f9bf76b0654e279f05cff86a8a8f06c3697435b293b388d13d24e971d,256,256,RGB,3,ecc492db3698c939,True,
source,healthy,data/plantvillage/raw/color/Apple___healthy/77ce37f4-d184-4798-87e9-57f7ca0d9536___RS_HL 6017.JPG,11769,eafea263a09e61adcef6deea3f3dde8b5b5400659cca85f4a885abbfb033f624,256,256,RGB,3,ebc89cb1a392276c,True,
source,healthy,data/plantvillage/raw/color/Apple___healthy/77dcceb4-6a47-42b6-837a-0b60999cd2d1___RS_HL 7471.JPG,18494,c3301866f794ded08e4619a7aaaaf2519fc00cf7c96a5240e631dbe4abe1149c,256,256,RGB,3,e9d1a48f92b43b2a,True,
source,healthy,data/plantvillage/raw/color/Apple___healthy/7804bbbb-77aa-4556-ba93-a47fed2eb008___RS_HL 6159.JPG,10894,ed66eeb4b3c6a4d8d7c036bb4d304c15c98c74f9e84d9a6284778a89c6be1921,256,256,RGB,3,e96c9395645a9666,True,
source,healthy,data/plantvillage/raw/color/Apple___healthy/782b4257-75e0-46c4-8cf0-bae4f9895da6___RS_HL 7969.JPG,11943,48b5a9c9baea4783e73af762cec732116f1beda172751f4097e43965d4863adf,256,256,RGB,3,ef329036cb9218e7,True,
source,healthy,data/plantvillage/raw/color/Apple___healthy/78308303-e9ca-4cc5-861a-9a7d8017bdad___RS_HL 6176.JPG,14596,af13e351d66cf25d170e7b8edbbb9d7fdd09642b280b7b9d203668fcd9361990,256,256,RGB,3,fa31905a836acfc9,True,
source,healthy,data/plantvillage/raw/color/Apple___healthy/7842bd80-8940-4bc3-a3b0-baebe47b6451___RS_HL 5955.JPG,10835,b6a57f80e7c6af71b1d98a1a0b185992c3e163f6c13ad46128fb353018ded4ac,256,256,RGB,3,abcad2859b3c9932,True,
source,healthy,data/plantvillage/raw/color/Apple___healthy/786696fd-ef1f-4e75-9ddd-250b628d9fe3___RS_HL 6199.JPG,10307,47915946144b9d9b1aa8a678e54600ba09476c23683d47b046caededf9c6f403,256,256,RGB,3,e2ca9ca59a92a56d,True,
source,healthy,data/plantvillage/raw/color/Apple___healthy/7873b55d-17cc-4d91-8914-e2473d18b766___RS_HL 8067.JPG,12089,7dc21ce93db0c030d2ec85724f29a761677f8673f54bfa8a67653efcfcb0d7e1,256,256,RGB,3,fe42c03d89d027bd,True,
source,healthy,data/plantvillage/raw/color/Apple___healthy/78e648c6-a360-4fa8-b8ab-1225b164b7fd___RS_HL 7243.JPG,12594,a564aa174b25d2420269edf8778010583d5e7305b9913cece722b1d3c08ae1e3,256,256,RGB,3,a7d8fec6e7032301,True,
source,healthy,data/plantvillage/raw/color/Apple___healthy/792beb2d-d492-4a19-aa08-412963b87fc7___RS_HL 6314.JPG,10400,c7ac1dab0b7d988abf07b68a3ea8488264dc3a90e0e8dd62e7490e4fd3c7d919,256,256,RGB,3,e86ac3348d991acf,True,
source,healthy,data/plantvillage/raw/color/Apple___healthy/79d597cf-e046-4b0e-b489-a9d24b3a8f8e___RS_HL 8014.JPG,16372,76fe29eb9cca892134aa0a49252d1bd9d02fd283d466e418ed7f7d3a7ab4916e,256,256,RGB,3,ffc0f0899e8f3824,True,
source,healthy,data/plantvillage/raw/color/Apple___healthy/7a13d83d-7511-41c5-9fd5-9fd18d3cf3b1___RS_HL 5685.JPG,12648,1a08c42d06548adfd693a2941d3cebe9582cab968e31e49d993b68acf3a6545b,256,256,RGB,3,fa418f8a1eb1631e,True,
source,healthy,data/plantvillage/raw/color/Apple___healthy/7a193736-ff69-4887-8cd6-44e4639de68f___RS_HL 5996.JPG,11109,aac0b4c6335d3f7917276180fbd319fc3733620db1e371c605cf7d30f800f1f3,256,256,RGB,3,aface097866a9a34,True,
source,healthy,data/plantvillage/raw/color/Apple___healthy/7a4ee5b1-1dff-4719-a2be-e5b1674ac63d___RS_HL 6162.JPG,14286,82d84e6b20fa926c315f292fdb7b784f9101bd4541517c7ca6033625a8bdf815,256,256,RGB,3,f9389185ca9e9e0d,True,
source,healthy,data/plantvillage/raw/color/Apple___healthy/7a56c531-cfa6-43c7-8241-dddf921f39d4___RS_HL 6240.JPG,11620,7f04c1a48504a2b8c593eb95fb73990e6bc036822a303d7a76ecafd223f8a229,256,256,RGB,3,facac1859e9634b1,True,
source,healthy,data/plantvillage/raw/color/Apple___healthy/7a5ad785-c05e-49bd-b1e0-4d9405bedfb5___RS_HL 7804.JPG,10345,0a77bbccb67fb2431ce331f4ea3c58ef24c6805f56ebeb66bc0adaf6137a79cf,256,256,RGB,3,de09a556935a1d69,True,
source,healthy,data/plantvillage/raw/color/Apple___healthy/7a95ed03-478d-4410-804f-1bab389d5f77___RS_HL 7678.JPG,10527,324508d296c8560681542925402b27508cdd3a53c981947696ba622dc02eaa6a,256,256,RGB,3,bde0d20f7a929163,True,
source,healthy,data/plantvillage/raw/color/Apple___healthy/7ac83dd1-c411-4348-82d9-f59abcf75924___RS_HL 7245.JPG,19387,5254f1e9ce03d913644d772e079fed6a51ad7c90e68e7653b3e56084e72bdd30,256,256,RGB,3,acf49243db25d02f,True,
source,healthy,data/plantvillage/raw/color/Apple___healthy/7b0dc46f-4bfd-4329-85a3-06db12434d3a___RS_HL 7603.JPG,14364,a2c89de70ba2f78a410fdc5bd0159098dacb756a235efe3c973da5094b37e613,256,256,RGB,3,abb7d27898498cc6,True,
source,healthy,data/plantvillage/raw/color/Apple___healthy/7b236824-defb-40ae-8f83-76c00cf8b822___RS_HL 6222.JPG,10652,57bffe94ec8d2e3db50f98a160d397e1ac95dff7fd216aeaf9ec2cacf3263682,256,256,RGB,3,fec0c58f979c9230,True,
source,healthy,data/plantvillage/raw/color/Apple___healthy/7b2e642b-cf2d-4154-b986-b7be01f215f5___RS_HL 7839.JPG,13373,74243c75ad7158f6ecb862419396026a8800d9c5144c1306ed8ac724756acd13,256,256,RGB,3,b726c230cbc89ccf,True,
source,healthy,data/plantvillage/raw/color/Apple___healthy/7b5603c7-76c7-4b94-9c7a-5db00fb8581d___RS_HL 6064.JPG,11994,5226457730eb1d44609c6093cb5f5e9b91c928b0dec17228c02a5e890d82a1e9,256,256,RGB,3,fa42858d9cb0b5b3,True,
source,healthy,data/plantvillage/raw/color/Apple___healthy/7b7dde04-2c9d-47da-9b22-dc356a851810___RS_HL 5722.JPG,17889,18bb44d22052d6a7fc2b79158c5fff685ba75a5feb008270c11ee155f53185f5,256,256,RGB,3,ef4ae435826596c6,True,
source,healthy,data/plantvillage/raw/color/Apple___healthy/7be4cfca-8984-4624-ac7e-94d19aa2e5fe___RS_HL 7656.JPG,12124,c1a7f4980a415038179f65c6f591b057a579f31a4b0351f4bc08cfd9d52ea999,256,256,RGB,3,e91e8f3490cab369,True,
source,healthy,data/plantvillage/raw/color/Apple___healthy/7bf0ddc7-fa85-442b-859b-486b087a4641___RS_HL 5837.JPG,18232,fbeb16b4b15c716cb5d48a4454daa504d18d2050938063432b09bc134e4d4cd9,256,256,RGB,3,bb6bc035c73096b2,True,
source,healthy,data/plantvillage/raw/color/Apple___healthy/7bf79f19-bb50-44cd-b8d5-0b4d6794689b___RS_HL 7989.JPG,13088,c2c74e6c75f20bac5ef05518954825361b66d72593f2459bb8f04c136c6122a3,256,256,RGB,3,fec0859f90d2326d,True,
source,healthy,data/plantvillage/raw/color/Apple___healthy/7c1289d0-4fe5-478c-a9f4-5d94b461d7bf___RS_HL 7970.JPG,15036,38f7a8798b4666b594deef42b8e68946ece9a354d26087c6bba296c1ad2f2c1f,256,256,RGB,3,f9c3c59c96389b90,True,
source,healthy,data/plantvillage/raw/color/Apple___healthy/7c2adcd0-fa59-4181-8abf-3840a445c786___RS_HL 7690.JPG,9646,96f9d0c65fbfbf3807250ec2efbac35d1f329531252e1aca5ba687fc41df078c,256,256,RGB,3,e834c753338b915b,True,
source,healthy,data/plantvillage/raw/color/Apple___healthy/7c388477-2953-4b3d-8f22-7f9eed5fff5c___RS_HL 7527.JPG,16190,9f33160ef63c467e1985e451410a33110c553df27aec16906667fcff5248fe85,256,256,RGB,3,aa86b53ad229cb35,True,
source,healthy,data/plantvillage/raw/color/Apple___healthy/7c5e4508-64ba-4b06-8a5b-6d0147280d88___RS_HL 7577.JPG,13235,ecba1d811f41900452030b78e72c38f59f82b08593d8cc66c54aceaaf0edcbc1,256,256,RGB,3,eec225ce9ecc9819,True,
source,healthy,data/plantvillage/raw/color/Apple___healthy/7cbd343b-9af0-47cb-9aa5-e19e675b3057___RS_HL 7265.JPG,18832,1a81e1c2dfb2b5df3259191a62dd39a3fa46f1a6651e3cc9151f077046ab13f7,256,256,RGB,3,ec94c35ac76c9469,True,
source,healthy,data/plantvillage/raw/color/Apple___healthy/7ccedff8-c997-40f4-bcd6-50e43a783389___RS_HL 7936.JPG,11950,464212b000c6ce5b834404301ca76c422a5bc64484a134044250803f6342b65e,256,256,RGB,3,a983969c39e31ace,True,
source,healthy,data/plantvillage/raw/color/Apple___healthy/7d9eb65f-be86-4516-b239-cbf856aa5ed4___RS_HL 6110.JPG,9271,c743992b5730e4c4f5778cb69b058cabec8b9266b320337739fb25d0d5cf4d6a,256,256,RGB,3,b994f07bc763c064,True,
source,healthy,data/plantvillage/raw/color/Apple___healthy/7dd45aba-e6cc-4ef9-a52c-5223c2e6b0ea___RS_HL 5877.JPG,18834,4c5316040acd39beb2dd549e59bb51bbe1198fbd97f74c430210d2946b5a843f,256,256,RGB,3,af6ad0b4a58d1a8e,True,
source,healthy,data/plantvillage/raw/color/Apple___healthy/7de88302-023d-4979-ad91-88cb5c02f14b___RS_HL 7255.JPG,19436,ff892eecaad18184697dfe69192af96efad8fbc68fc8f70d12de91d42c408edc,256,256,RGB,3,e83497729663d265,True,
source,healthy,data/plantvillage/raw/color/Apple___healthy/7e2b569c-2eb5-4f4e-af96-e4cde4971634___RS_HL 6136.JPG,11876,a7ccc6b3e719b5f024125855815e41f8bfadd933e879470876d903708431d50c,256,256,RGB,3,f842c73d9932a137,True,
source,healthy,data/plantvillage/raw/color/Apple___healthy/7e502244-9105-4931-abde-46f8f7993fd7___RS_HL 7745.JPG,10838,821f0e9a28a794cf27b8375e7560ce0785fbfc380cd9c782be48269202ce92a0,256,256,RGB,3,eec0879b32e56346,True,
source,healthy,data/plantvillage/raw/color/Apple___healthy/7e582ef9-de24-4f2d-bfd7-a9c79dd4fb1f___RS_HL 5881.JPG,17919,59d241fef92608f45e2c172751e5ab7a184e914d022c806ccf6b6f1e5371e4de,256,256,RGB,3,e8cb93a58932999b,True,
source,healthy,data/plantvillage/raw/color/Apple___healthy/7e721779-b328-4c32-ad15-889743f9846a___RS_HL 7832.JPG,14770,f5e273a6fec929fb451ccecf64cb9a531fd11a2d9c00c665e4797108be7b5988,256,256,RGB,3,b764c447c93e9c70,True,
source,healthy,data/plantvillage/raw/color/Apple___healthy/7ea27d6d-f7a0-44b3-b6a2-f24455deb48b___RS_HL 7589.JPG,14760,974eecb3971fcd7b14f4c26069a4afe19eac06d9fb26922aa82176991084639c,256,256,RGB,3,beb6f0584ac18dc5,True,
source,healthy,data/plantvillage/raw/color/Apple___healthy/7ecec5dd-4dc9-4f1f-809c-4884d627a9e2___RS_HL 7467.JPG,20262,688283180ee9d15e4eb56b5c9f1856ea9e49aed107cd6d90134c49eb6fdc00a2,256,256,RGB,3,ade090cb826fcd3c,True,
source,healthy,data/plantvillage/raw/color/Apple___healthy/7f06e481-8f9a-47cd-860a-8fea5b81fe9b___RS_HL 6193.JPG,10483,5608e45393a92301181edc72ebcf1087ce83d797bbbf802c78b50d4e2352e032,256,256,RGB,3,af6ac027cd9a3698,True,
source,healthy,data/plantvillage/raw/color/Apple___healthy/7f447118-8a9c-4e77-8333-d411d1124c7f___RS_HL 5849.JPG,17220,bc5398a3b9657f1a20e86949d8eb1e4b68a76c2c9e13377e5bd449207f53e5b8,256,256,RGB,3,be38c167dae00fc1,True,
source,healthy,data/plantvillage/raw/color/Apple___healthy/7f7a6126-8b21-49fd-8880-25ffd0234302___RS_HL 6027.JPG,11181,74e567c77efb23c7b862b500a8224a05f31374baa5e5f6a9809f7ca8780e9237,256,256,RGB,3,af3dd0e04b838d0f,True,
source,healthy,data/plantvillage/raw/color/Apple___healthy/80089e7a-4c0c-492b-ac23-753be3617cbf___RS_HL 6099.JPG,12151,66bdc412e498f4679018f44f75298faa5e88447b60ac13c8abd4e885fe3f4f4f,256,256,RGB,3,f83997611a9729c9,True,
source,healthy,data/plantvillage/raw/color/Apple___healthy/801956aa-445e-4bb8-90bb-49dcea55c679___RS_HL 5865.JPG,19486,43f17483c3be5b39be58dad62b92ea2252e693ad8b6b9d0c6fc4f4e056239025,256,256,RGB,3,aa97c1789e67c468,True,
source,healthy,data/plantvillage/raw/color/Apple___healthy/801b694b-8412-4e4d-96f7-98b42e3fe214___RS_HL 7494.JPG,14821,79d301f609927aae89bcdca499726ab418386f861b9452f5b7d0353eeedb378b,256,256,RGB,3,f21d87638946b36c,True,
source,healthy,data/plantvillage/raw/color/Apple___healthy/801feab6-e225-4ce5-8bf0-6fb44a767045___RS_HL 7723.JPG,9660,55762703c394245e615575a55de06aa0be404b371cf7c97b629f789721bc13bb,256,256,RGB,3,abca9585d437ca32,True,
source,healthy,data/plantvillage/raw/color/Apple___healthy/80392195-3a5e-4331-b824-5cd0e2dcc69d___RS_HL 5987.JPG,12868,409801fcfd6173a36124ad6b19cd5a13445a321e93036c1cdcc5774ecc5a0d97,256,256,RGB,3,bc03c31a9f64ccc7,True,
source,healthy,data/plantvillage/raw/color/Apple___healthy/803fcf75-7e13-45a8-bb3d-352140702555___RS_HL 5677.JPG,13927,b3d49bc613121ec3a5eeef21ae364e920b0971260a57fd58f34f088d78b80bdf,256,256,RGB,3,a904d2f9da8d64ce,True,
source,healthy,data/plantvillage/raw/color/Apple___healthy/8042447f-f615-4683-b8fc-267e746a4744___RS_HL 7820.JPG,13937,edc03a5e545cfa8855681f0b280dc87fb59444990a27eea5ddf000f91d352955,256,256,RGB,3,f93e85e1169741ca,True,
source,healthy,data/plantvillage/raw/color/Apple___healthy/8098a8fe-6a51-485f-ab92-97350982e651___RS_HL 7474.JPG,19521,9373bb3c539bdf435d43dfd198a2449a80ad5825e1aeeb97dc801cb495ece2b7,256,256,RGB,3,adc887c5ca3e92b2,True,
source,healthy,data/plantvillage/raw/color/Apple___healthy/80b2c0f7-a3fe-40d9-904d-0d78ac00e35f___RS_HL 7883.JPG,12330,b15bef599626a2f2281c93e8e67d1695d81bf05d0491c6d28cf55049a2147246,256,256,RGB,3,e5b492d989c9ce61,True,
source,healthy,data/plantvillage/raw/color/Apple___healthy/8130bd33-0680-4140-84c5-85f11c6c34ff___RS_HL 7397.JPG,19671,88441eae1c6eed98888bbd814380a997faf731a3ed53827f48f131a027741148,256,256,RGB,3,bab0c1c997a568da,True,
source,healthy,data/plantvillage/raw/color/Apple___healthy/813a99b0-5df6-49cc-bd36-7910e0cb8912___RS_HL 7932.JPG,13631,18a58c2b77c9e048e3751d80811fa07f940c023de6f502d83d65db6c1cb07b03,256,256,RGB,3,b42dcd64cc99d233,True,
source,healthy,data/plantvillage/raw/color/Apple___healthy/8159ee63-0c79-4987-8d1d-42471d4e8b90___RS_HL 7508.JPG,13198,663e054d4e9dae94c2a6ad893a6632f12c42daf238a526c167f06e2786be8efa,256,256,RGB,3,fe1bc530ce23d223,True,
source,healthy,data/plantvillage/raw/color/Apple___healthy/81666301-0038-450d-bd14-36d069f4f30a___RS_HL 7696.JPG,13108,352350ea122e838f3a6faf7bce52c9c318839cd45e29d458bb26b3a1bac439b9,256,256,RGB,3,ab16953d5ae012ed,True,
source,healthy,data/plantvillage/raw/color/Apple___healthy/817ae6f2-7f72-457f-889a-6cddeaf0945e___RS_HL 7674.JPG,12786,a7bd856cea1eee7aa40c0dab9a4bbcfb89f0b27680382a394f50e54f1e013b69,256,256,RGB,3,ab0994aedab04bb3,True,
source,healthy,data/plantvillage/raw/color/Apple___healthy/818082df-492c-4c5e-a3bb-a3153818d816___RS_HL 7319.JPG,18284,c7ee71e3752a32d618981314caf3ec6efbc7946e44a22f34571248da059fffb8,256,256,RGB,3,b97183666d839c8e,True,
source,healthy,data/plantvillage/raw/color/Apple___healthy/818854a8-1153-49bb-8981-8c6e5f34fbbe___RS_HL 8089.JPG,14267,bfca5575c9b6b3a8a8477be3ee196ef3043e93a9396f79f6a9502fef200c18ac,256,256,RGB,3,bde1829e39e0446f,True,
source,healthy,data/plantvillage/raw/color/Apple___healthy/81bf7931-e6d7-4f6d-aae5-9de7d0c4ae33___RS_HL 7893.JPG,12405,16cf1507c08837e54b3518e34d69d836a80acf68716fbcca45779140af1b30b8,256,256,RGB,3,e9265eb852995393,True,
source,healthy,data/plantvillage/raw/color/Apple___healthy/81dd861f-5c83-41f3-8aa2-2abbb94ed9f5___RS_HL 7325.JPG,17774,dfc14be1c3215c0493c178594a340a3ff2352440c974ec7aa203f279b766d6a2,256,256,RGB,3,fda572c6648a9c49,True,
source,healthy,data/plantvillage/raw/color/Apple___healthy/8201f21f-cd54-4ff6-9fc7-f3e97b0a8b42___RS_HL 8077.JPG,13368,4dc692924a46396c1d25e2e271dc297b28ac6a3b1b69dd6152bc5e8231e343c2,256,256,RGB,3,f4f902cf9930c533,True,
source,healthy,data/plantvillage/raw/color/Apple___healthy/826bd506-04f2-424d-89da-7fe6ad6926b2___RS_HL 5757.JPG,17198,178a24a731cdef60d725391c483e2210ddedac4c6a27388d75a6eb8063dc6a29,256,256,RGB,3,a9699425c79e66d8,True,
source,healthy,data/plantvillage/raw/color/Apple___healthy/828a6b50-e2fb-4e63-a595-556aa41d43a7___RS_HL 6250.JPG,11830,d9cc95ff58307c12ff97031b9903e953f915a3024a711a4e488fc7dc952c3861,256,256,RGB,3,e86983b49c93d8d3,True,
source,healthy,data/plantvillage/raw/color/Apple___healthy/8293f7a8-cfde-4dea-be03-8d750b133e30___RS_HL 7440.JPG,19019,d5a84c7949d94adde97843c80bf3bd9c7442bbefbcedac82bbd278d4cd0ab250,256,256,RGB,3,bb73f405c3968592,True,
source,healthy,data/plantvillage/raw/color/Apple___healthy/82aeb30f-575f-46d5-b653-408c3cf5e553___RS_HL 7566.JPG,14902,93b974d14cf84d5729ad09a31d51c4047c422972f2429188a51bfde97d2c91f0,256,256,RGB,3,f847c12ec7391ab2,True,
source,healthy,data/plantvillage/raw/color/Apple___healthy/82d55fb4-a8df-439a-9935-5e5f72b05383___RS_HL 6107.JPG,11427,4c70814980a675376eef0bbd36074abd26211cd8e7034740254ed57d404f34fd,256,256,RGB,3,fac2952d9832c733,True,
source,healthy,data/plantvillage/raw/color/Apple___healthy/82fa759f-dfdd-40ee-98df-ed232a081ab1___RS_HL 7629.JPG,16365,f1d93d8ca15293bd8c51117feba34723047a80500c6ad38f77c1c777b081270a,256,256,RGB,3,fac9a13486d28f33,True,
source,healthy,data/plantvillage/raw/color/Apple___healthy/831c37a3-44c3-4f1e-9fa2-4c10551809d2___RS_HL 6108.JPG,10938,5c1b4a0303fa00a2a72af353edcf1ed4a6162c13ee7b971d1b5a7c9f35582167,256,256,RGB,3,bf91c0ca87385e69,True,
source,healthy,data/plantvillage/raw/color/Apple___healthy/83636c4e-c4f1-47c4-81e8-0bcf7bac8995___RS_HL 5730.JPG,19275,f793696e9b8b49536c9db873b946d5293409fce68781562766a14c3ae79427f5,256,256,RGB,3,fad285e7988d900f,True,
source,healthy,data/plantvillage/raw/color/Apple___healthy/836734c2-f568-4b02-896e-9a6bca89404f___RS_HL 7900.JPG,11026,aef15fbf0291b1a23250b08230ea3bed26df3f7f4f47d4d54aabf9aca68d254f,256,256,RGB,3,af90f0fa904cce65,True,
source,healthy,data/plantvillage/raw/color/Apple___healthy/83849d18-49c5-412b-91c5-3fe882335e88___RS_HL 7840.JPG,13758,565e1fccd7d2472cf8f116c5fbec7ef4dabb150af6fec6aff947be1bdea5627a,256,256,RGB,3,ae9f946299e570d0,True,
source,healthy,data/plantvillage/raw/color/Apple___healthy/83d1ec74-db00-407e-ac1e-3cbb77d381e7___RS_HL 8102.JPG,12277,80cb8ea552635bb3c7a7a2542d5cb849b0f7d0ff787e4ec5b554e94585b2ef3e,256,256,RGB,3,eccd83b193b0cab2,True,
source,healthy,data/plantvillage/raw/color/Apple___healthy/83e52e5f-0192-4cf9-b513-651040367ed8___RS_HL 7320.JPG,18594,493ec773defadbfc8fd70ad1b4f19616b8a388e8fe87670529c783aa96b75292,256,256,RGB,3,ac5dc5311c93789b,True,
source,healthy,data/plantvillage/raw/color/Apple___healthy/844a6049-175e-4f5b-bdf4-142866cf0bc8___RS_HL 8022.JPG,14088,b625566d8eb8436e37cef32f0d1165e2317f323f7b2bd4ad0b55fc2945e8a666,256,256,RGB,3,fc2e87d095c8c8cd,True,
source,healthy,data/plantvillage/raw/color/Apple___healthy/8471f2db-6c5c-4aba-9ea4-0eea99121f19___RS_HL 5641.JPG,18429,e4cb67a8001ce8cec7eb0a35acb5b89ff7c2e26ccc9a1ddaf9e1f4dc50a62304,256,256,RGB,3,af9dc062cde5b01a,True,
source,healthy,data/plantvillage/raw/color/Apple___healthy/84bfff51-9aa5-4e6f-8798-5c5b14baa7a6___RS_HL 7549.JPG,17126,bfd4006e9d0ac3c3e2760814bc15550fb411c92242b18bb98092dd29704a6cef,256,256,RGB,3,ea589567dae43898,True,
source,healthy,data/plantvillage/raw/color/Apple___healthy/84d6003b-3195-49cb-9831-861d9dc5b2cd___RS_HL 8041.JPG,13830,290f94a683268cc909ce172b0076f2235298569ce09ad21e63b78abc87537431,256,256,RGB,3,acb6429ace999971,True,
source,healthy,data/plantvillage/raw/color/Apple___healthy/84ed8ffd-a47f-4b52-befa-938a10012a4c___RS_HL 6135.JPG,12482,6fc2cc41db27e7726518cf87a887fd3a1ca81d3970f903af57b9f978d6ce588d,256,256,RGB,3,af24d04e877d9e30,True,
source,healthy,data/plantvillage/raw/color/Apple___healthy/8516ac47-c297-4943-9ac1-a10f26e9101c___RS_HL 6094.JPG,11604,abdde8140622152c0be3af6070a01c95363e6d6d1f2c40540dd0773f5145b83b,256,256,RGB,3,ea6b858d9e94899a,True,
source,healthy,data/plantvillage/raw/color/Apple___healthy/8536327d-1f21-4599-a587-c75b3ae576e4___RS_HL 5746.JPG,20465,83f08267418ab202b7940cae15c0ef305a1b1ccb423fcbe6f1f6902d7beb764a,256,256,RGB,3,ea4af461c34e8e9c,True,
source,healthy,data/plantvillage/raw/color/Apple___healthy/8558ed98-6e99-4d7e-98e1-9437bd4d2382___RS_HL 5766.JPG,19322,a9a82917548a216e6ae1aaa3b3d0faa623290f07884c68e39e2f7ad5f7daff98,256,256,RGB,3,ecc185ad9ab2a593,True,
source,healthy,data/plantvillage/raw/color/Apple___healthy/857365c4-b60a-465e-8a86-101530c9e83d___RS_HL 5894.JPG,11654,95d431c66fb8cdaf42f7d5d31ca046c21ab75dfce672b633e2962a85b5e2da7b,256,256,RGB,3,e9e1c41e9e9898f1,True,
source,healthy,data/plantvillage/raw/color/Apple___healthy/857684fb-c4a3-43a4-ad47-da0058b403cd___RS_HL 8053.JPG,12410,093d7b8be4aa9527dd01b7c6c062f8e30e3a8bc37746ece39b72d5e87f8095f6,256,256,RGB,3,faa4851e85f01b3d,True,
source,healthy,data/plantvillage/raw/color/Apple___healthy/85ebf3f6-11f4-45df-ac16-bd04b355cb31___RS_HL 5991.JPG,10933,1046ce411e581d4a077d1f1c7f1b3933029412a26391f1e3275c7cdde3f974ef,256,256,RGB,3,afe8d2959d92a491,True,
source,healthy,data/plantvillage/raw/color/Apple___healthy/862f3f9e-e9b4-4cd1-9810-832f6bf1d285___RS_HL 7879.JPG,15225,141fe4daf9125a25ea8cca37b4f227ed90696ed42505b8647cfef770b385afe3,256,256,RGB,3,e4c614679a3cc33e,True,
source,healthy,data/plantvillage/raw/color/Apple___healthy/8656f9ff-3a95-4350-af32-82ed2fbff533___RS_HL 7976.JPG,14431,db45e53ba59ffab390f4ec6a17baf6a44039792c3ac57f3a5163d741bf18d663,256,256,RGB,3,f83ccac1c165a6ce,True,
source,healthy,data/plantvillage/raw/color/Apple___healthy/8673df90-01fb-4dde-9510-6743bfefb367___RS_HL 6069.JPG,13714,ff4b640ac62a9829add5a307dc521da57ed617b8e758dce222d452b69344bbda,256,256,RGB,3,ba60951fc223cb9d,True,
source,healthy,data/plantvillage/raw/color/Apple___healthy/86abe4bd-80fd-4a65-ba6f-fd48e6d51119___RS_HL 6251.JPG,8980,56783020120d31d2e87a3216b07fbe17fb94645805928909b306c61d661390fd,256,256,RGB,3,ace8c3b185cf9a1a,True,
source,healthy,data/plantvillage/raw/color/Apple___healthy/86bbe500-5e1b-4212-9c9d-eb324af1236b___RS_HL 7413.JPG,18221,eff1b3325f7ce7a3aeb5bce236ca9013d391dbd1449c43ee638273a5c5af1975,256,256,RGB,3,eb37d1701369c8c5,True,
source,healthy,data/plantvillage/raw/color/Apple___healthy/86e79f38-1fcf-4581-945d-5a28ed6d6852___RS_HL 7391.JPG,18040,96f5ccdee457707802c168b89cf50bdd147fbae415f99d196a587febde57c8e6,256,256,RGB,3,a233fdb59ac0e20d,True,
source,healthy,data/plantvillage/raw/color/Apple___healthy/86f3c6c0-3038-45dc-9307-3f548f20b74b___RS_HL 6318.JPG,14222,30684b5e6b9a2d7819502de34831aefb01d669810c6560dd34ae92d5ad18c73c,256,256,RGB,3,fad3856fda708828,True,
source,healthy,data/plantvillage/raw/color/Apple___healthy/86f6b322-e7af-4d91-b0c3-c5c6d6336fa5___RS_HL 7422.JPG,19906,1ffae44e54a9a79850e5a2445d8ae5cc583182ff755184f2180e86fd6838e5ca,256,256,RGB,3,ef4dd03983b21b86,True,
source,healthy,data/plantvillage/raw/color/Apple___healthy/8704d8b7-1368-441a-bad0-9f05b1cb6e7b___RS_HL 7623.JPG,11076,70ad7f4e51d36bf94e12c6a1827b1dd5ec441658fb546b676162905556457909,256,256,RGB,3,fec2952c98931eb1,True,
source,healthy,data/plantvillage/raw/color/Apple___healthy/871420e0-e5de-40c7-a79c-a17fe1781f8e___RS_HL 7444.JPG,18858,e0e96dbc3045af63e116c448567bb6d7ec11123af126cd1e05a9ef1da92a95c0,256,256,RGB,3,faaca99583d28d4a,True,
source,healthy,data/plantvillage/raw/color/Apple___healthy/872f47c5-4779-4ebc-8102-ee38e695f0d3___RS_HL 7943.JPG,13147,bbf8b21de302ab64d2f48773bdda6f5166439341ff369118ef0bb52b3f4d6e44,256,256,RGB,3,fa802dcb9c9932b5,True,
source,healthy,data/plantvillage/raw/color/Apple___healthy/872f54d3-61de-4b41-aaa4-57caad5ad9d3___RS_HL 7865.JPG,13560,88f630629c6c4ead5593e11551638915384fdd14c7ca5192530c7a45f0899e11,256,256,RGB,3,bde8c2c783df1b00,True,
source,healthy,data/plantvillage/raw/color/Apple___healthy/8742bc93-09b4-4aa7-9a75-ec592ba27c57___RS_HL 7587.JPG,14621,41384cdac8ebdfbe8290acb21a183eb7407a3ac19f56faa5f26d69b8ea5a6395,256,256,RGB,3,e9c187ca9638cb6a,True,
source,healthy,data/plantvillage/raw/color/Apple___healthy/879e60c7-fa8a-421d-ad5d-06a43fa2ae89___RS_HL 7634.JPG,13876,7037be0fb757af94d11eb7acc9c5b9f7626803317800cfa818a49fc674dd956b,256,256,RGB,3,aa6bc63c19d89393,True,
source,healthy,data/plantvillage/raw/color/Apple___healthy/87a26817-6916-47fc-8cdb-adc5c57ad21b___RS_HL 5684.JPG,13792,ef91ee0d598daf73ce7296cf1248d63b323188004d899e7136fd406b1d7b0b02,256,256,RGB,3,fa3991a11b9ea568,True,
source,healthy,data/plantvillage/raw/color/Apple___healthy/87c49c13-8b4f-40c8-b624-57c19e6e51e9___RS_HL 5811.JPG,19664,f0acd4f6149e95d435beeacca16deb9cc16e1afc9ee00db899cf4dbb80dbb12b,256,256,RGB,3,ab5ad420cf05cb9e,True,
source,healthy,data/plantvillage/raw/color/Apple___healthy/88076c11-c60e-4aea-afca-a1f1187eff0a___RS_HL 5706.JPG,18287,85ac7bba128b2512870052b889499e67017aecfebe285bc7e6f488e0c4446ffd,256,256,RGB,3,ea9095c6d61bf039,True,
source,healthy,data/plantvillage/raw/color/Apple___healthy/880ed927-54cb-43f7-8d9d-4e2705cc8472___RS_HL 7488.JPG,16240,94cd6a904cbe741d6adbf3afd557d5b877afbec81202e81726ba722773eaefb1,256,256,RGB,3,ff3fc2e0d0c2e0c8,True,
source,healthy,data/plantvillage/raw/color/Apple___healthy/88334c09-9bd6-4653-8109-f1a36383b131___RS_HL 7841.JPG,15112,71d0c5ccf77ae38fbb725dc51a08515be41ec765e2b0acc5e7b9b2742e97190d,256,256,RGB,3,a1578771c6639a1d,True,
source,healthy,data/plantvillage/raw/color/Apple___healthy/885dd825-a34b-4149-bbb0-445fa62a4e64___RS_HL 7814.JPG,13071,3d1ece5acccc89a3f198a89c88ce2efc1306642149ff15fb76438e94f6f74406,256,256,RGB,3,bf98d0e4090ec5f9,True,
source,healthy,data/plantvillage/raw/color/Apple___healthy/889a58f6-911e-4f6f-86fa-7058d2a5d964___RS_HL 7632.JPG,15225,fa3a71bfd968297b8a3928f81f538d43fa324a9909a5f57d8ad722698a43c029,256,256,RGB,3,a7e1f884c59b3ae0,True,
source,healthy,data/plantvillage/raw/color/Apple___healthy/88aad30d-4d2e-461f-847f-a4d2e9caf035___RS_HL 7967.JPG,15517,bf487136c06d4af1ec97bbea20af959799500a41eaef47d65487ad3d5f8d6168,256,256,RGB,3,a949d4b6929f0c79,True,
source,healthy,data/plantvillage/raw/color/Apple___healthy/88b24a9d-7b04-4b83-815b-52a9f5949bbd___RS_HL 8083.JPG,14702,e68903e006e28363d5a3a9948fa9f5072dbd26d2100614259696c4654d80a536,256,256,RGB,3,f02f8bdb94781239,True,
source,healthy,data/plantvillage/raw/color/Apple___healthy/88ffb541-e088-4505-baef-c292c25925dc___RS_HL 6164.JPG,12560,912da486d776879775614d867fd9b3df6cd5f60a207e530dabe612652bfc3604,256,256,RGB,3,ea6a8785ed9d9013,True,
source,healthy,data/plantvillage/raw/color/Apple___healthy/8912707b-6c5d-4744-ad9c-b5d3564a0850___RS_HL 7796.JPG,16913,8875e2d595a9134d3ce5d2cfe92c1425d15dbdf300d6c161f94901a06e8dbfdb,256,256,RGB,3,ff1f906c8fc34824,True,
source,healthy,data/plantvillage/raw/color/Apple___healthy/892258ae-052d-4df5-8a8c-27924cd64a85___RS_HL 7497.JPG,14734,87cc8248b21455754ce4e6986fa4874d204159daa5926b4386a979c1fa7eb356,256,256,RGB,3,edc0e08f93dc7298,True,
source,healthy,data/plantvillage/raw/color/Apple___healthy/89699048-94c3-4389-9a86-13e73dfd23c6___RS_HL 7257.JPG,9852,2ac120c7848faeef060896662ce5d8a33c3127fec3a55e33b528165d4cf6f7b7,256,256,RGB,3,eab78361586e3338,True,
source,healthy,data/plantvillage/raw/color/Apple___healthy/89ce10db-057c-4c03-9324-b512db8ca3d6___RS_HL 5797.JPG,20046,cddf294e717496bb1151922ffff6fc5cb8cff221db4d4065f88327b9716d575f,256,256,RGB,3,fac2858f9c389ab1,True,
source,healthy,data/plantvillage/raw/color/Apple___healthy/89ddfb64-92d0-494d-b4a2-bb13f2c0db4c___RS_HL 7642.JPG,8576,329c7138ea6cd2499a77b6bc251d59625c9fb8e1a0e837cc32ee210d5f812359,256,256,RGB,3,fac0c59fb431436c,True,
source,healthy,data/plantvillage/raw/color/Apple___healthy/89f6b546-2692-4ea9-aaac-66ef1b8a7bdd___RS_HL 7250.JPG,16326,c0690c71e425203913a971a7cf3009b51137f01484950d473fcc6356230303de,256,256,RGB,3,b12b1a3489e3e5cb,True,
source,healthy,data/plantvillage/raw/color/Apple___healthy/8a311714-e680-4c68-8f3a-60f4bfc16ada___RS_HL 8062.JPG,12855,1d02740ca7435e88b6376bcee8adda7bab3990c78002306d709c4bd7ce324b24,256,256,RGB,3,eab58563904ec3cd,True,
source,healthy,data/plantvillage/raw/color/Apple___healthy/8a5ead41-d268-4bc8-867e-036f90f3d99c___RS_HL 7771.JPG,12904,5ff76922efb15b4e8e08886b80ae1f145b4ad2be21e2c3ba23871c0871d7f90c,256,256,RGB,3,af3d76729268192c,True,
source,healthy,data/plantvillage/raw/color/Apple___healthy/8a5fd341-9f0f-4c54-8f9d-b9c4c5b16994___RS_HL 7650.JPG,11356,6fe6de800ea54dbee37b2354c8f4193d1f9353770a60352ab7420a49e97a31b4,256,256,RGB,3,e8f493d24ece4cc8,True,
source,healthy,data/plantvillage/raw/color/Apple___healthy/8a6cad28-0c10-47aa-af0e-fd82de61ba70___RS_HL 6246.JPG,12002,a94bb539c4a5b235d25e27cbff3779201abb57924c4794fa276044d755f6e83e,256,256,RGB,3,fa3f97c150d8c560,True,
source,healthy,data/plantvillage/raw/color/Apple___healthy/8acb2f43-d1ff-4a60-8462-04e578be3be2___RS_HL 7753.JPG,15325,ff7a1df736783e6a94c9b645a5411de38c08b28babd71850186cb543accdf5b8,256,256,RGB,3,ebc893879c85b9c2,True,
source,healthy,data/plantvillage/raw/color/Apple___healthy/8ae37f10-377d-44a3-ad94-f271a95673c8___RS_HL 7297.JPG,13423,161612053e232cbf8c0119c4cde15e70d307da5434ca9bd7a17d54083a3de094,256,256,RGB,3,ff81f012817bcf60,True,
source,healthy,data/plantvillage/raw/color/Apple___healthy/8aef4eea-eb12-493c-b912-d7cd43144c8b___RS_HL 8052.JPG,13353,d5e39be7063fbecc896632fb4b6f7d869cf142c548c497d22ced1e1a749718a8,256,256,RGB,3,bb3e97314a4b31c4,True,
source,healthy,data/plantvillage/raw/color/Apple___healthy/8b258036-674c-4553-8e2c-408d02319a05___RS_HL 7767.JPG,15414,57c31a7543bef15f56930cfdb00d77e5a61d85c23dc372f2639324a04549076f,256,256,RGB,3,adc6d29b4b9924cc,True,
source,healthy,data/plantvillage/raw/color/Apple___healthy/8b36cf3e-4ce6-477b-9773-442f5d3c90e1___RS_HL 7931.JPG,12709,55293f5695b9d9a0cade0058bf62e21170d016d25fec2cffea13d40ed362c61d,256,256,RGB,3,8dd2f049c783783e,True,
source,healthy,data/plantvillage/raw/color/Apple___healthy/8b60fc20-52fa-40a2-8d91-367307968f8e___RS_HL 7264.JPG,13351,fac706425bdc6693cec8d99bfd87a061c93361eb5e1ae30d359f11d48d8fd4ea,256,256,RGB,3,fac3a31fe4288770,True,
source,healthy,data/plantvillage/raw/color/Apple___healthy/8b944746-e4b0-4032-b5ec-8a6252128065___RS_HL 6266.JPG,14224,513eaa318c50dbd7d4f130190d066935ff2ca607a3117d6f58d36fce0c229013,256,256,RGB,3,eb4ad027cd3c99b0,True,
source,healthy,data/plantvillage/raw/color/Apple___healthy/8b96fb28-f778-4d18-93ef-cb3ef4ecd532___RS_HL 7575.JPG,15585,706986aef61543babe4a84c6e8a6f1d3ed78c8e987cb7f7a0b2a564e3245f505,256,256,RGB,3,f654a14bde85cc1a,True,
source,healthy,data/plantvillage/raw/color/Apple___healthy/8b9db905-ed0e-4f6b-b5f0-451f8b27ecbd___RS_HL 7640.JPG,10947,e13dfa766de903a368614efc5386d4ae22267a1e6fbccdcbb8fd24afd275a1a0,256,256,RGB,3,af1ed2694d673092,True,
source,healthy,data/plantvillage/raw/color/Apple___healthy/8bc978ac-e3b2-4466-a180-731dcbb71a59___RS_HL 8167.JPG,15596,451bc7f54866fb6e1abcc6d09db1030e83d3a6088d99f25a9f02d1cac9cd826a,256,256,RGB,3,f09ee298cf8d6431,True,
source,healthy,data/plantvillage/raw/color/Apple___healthy/8c00ea10-bfc2-4d26-9dcf-afbf2dcd377a___RS_HL 7326.JPG,19725,2d8d77135c5550fcc828a6b6824f77dc3b9b1d6bffe0dcb1ebb085436510d099,256,256,RGB,3,fae1a9da94983529,True,
source,healthy,data/plantvillage/raw/color/Apple___healthy/8c00f0dd-bcef-4188-a270-91e563d7b18b___RS_HL 6182.JPG,10670,a8670e7b84c295583984a045da5f739fbf8f77966c1d5c8d844a8932e3a4fe4c,256,256,RGB,3,b424c1c33e8fd372,True,
source,healthy,data/plantvillage/raw/color/Apple___healthy/8c43ceb4-000b-441b-887f-ef495da381e2___RS_HL 7864.JPG,13673,fbb59cc1274e3bbefab6e2dc58fc3ff3ed4c6da8a90a6c3035d30dd252c3058a,256,256,RGB,3,ffafc0500e07ccc6,True,
source,healthy,data/plantvillage/raw/color/Apple___healthy/8c656b1d-5f20-4904-a20b-d0f7ef64e773___RS_HL 7526.JPG,16455,4bef1506d5a8876f74a5c0b32115883ca0d3a7bba298f4f387874af80d4c2b2d,256,256,RGB,3,b9d2e6ce9a98c889,True,
source,healthy,data/plantvillage/raw/color/Apple___healthy/8c65a84d-100d-42af-bc07-6a02fd953a59___RS_HL 8192.JPG,15345,dcc61720320f5f216148d35c3d1447768389c594a71dd79fe455b30a5210615a,256,256,RGB,3,f41f8bd4c2311d36,True,
source,healthy,data/plantvillage/raw/color/Apple___healthy/8c678916-c5d8-445d-9283-88c90c529edc___RS_HL 5740.JPG,19673,c06fb17cfb269f0faf931b8c345c36ddb9ce6dc76f830724df07327e2cee69ed,256,256,RGB,3,ea4ad06dc3258f36,True,
source,healthy,data/plantvillage/raw/color/Apple___healthy/8c6b7e3f-0a34-4370-9477-110614bd7a8f___RS_HL 7281.JPG,20060,c58d60113508efcac812d5a4c5e281cf673842a92f33e5038f69721db05a29d7,256,256,RGB,3,acf4f1c2e101d70f,True,
source,healthy,data/plantvillage/raw/color/Apple___healthy/8c843c35-5dc9-47be-9ccf-1448ed30356c___RS_HL 5949.JPG,10793,e6b099288b653445602e0ad20ab7982d749ac23f326d8437b325fb329b31dd2c,256,256,RGB,3,ab4ab535c0b5c51e,True,
source,healthy,data/plantvillage/raw/color/Apple___healthy/8c850584-ade3-4067-bbf3-5c8602dba3c3___RS_HL 8175.JPG,14447,6a7cdc667b9dbc46b2ca7fe4bf0c8a551a567ba9d727d3ed880d939c44b4f0f1,256,256,RGB,3,f3528d0dda36053b,True,
source,healthy,data/plantvillage/raw/color/Apple___healthy/8cbf5a96-37a0-47d4-a626-26f0bcd9f024___RS_HL 5922.JPG,11250,620e1a8a83abd0935152f04d957fd784df38e3754c74b24a33dd4f18c3258b12,256,256,RGB,3,e8688787b09cd673,True,
source,healthy,data/plantvillage/raw/color/Apple___healthy/8cc94307-16b9-4e2c-a786-5ba504d244c3___RS_HL 7799.JPG,14082,bbce6779116b123ba0e0d13b0dea4e00cdd3ef53f4127e43724ff5088345d727,256,256,RGB,3,aecad0258d837db8,True,
source,healthy,data/plantvillage/raw/color/Apple___healthy/8cec684f-e301-4016-8bd8-4b686c6e4b9b___RS_HL 8075.JPG,13266,423afdc4d4f27a8098feeeb8d181751f03ec67f420f6a43b2ce3744170047977,256,256,RGB,3,f2428d38dfb12a8e,True,
source,healthy,data/plantvillage/raw/color/Apple___healthy/8cf44f32-5736-4681-be02-f86e4454e00a___RS_HL 5904.JPG,11673,d32b0c24d692efbcaea69518bd5b415147e1cf57b78026729f1eabb3a52f8fb3,256,256,RGB,3,fad2c0af8f3c9034,True,
source,healthy,data/plantvillage/raw/color/Apple___healthy/8cf66a75-d71b-4808-a251-c929ecfa80bc___RS_HL 7514.JPG,16238,3a06294f00e4949d8e6dd0f0cfb7702f054820631c3c4730f6fbefcc848bb588,256,256,RGB,3,ae8ff43cd2c146c2,True,
source,healthy,data/plantvillage/raw/color/Apple___healthy/8d45fcf9-d1c1-47b6-be37-6e3d2fde46e0___RS_HL 7261.JPG,14230,6aaf398abe6fb94329278f5ef677c870ecacc8d9ea856ddff991bff0723ce2a8,256,256,RGB,3,adc3961cf36fc204,True,
source,healthy,data/plantvillage/raw/color/Apple___healthy/8de1ca48-0d3b-4473-bc5a-9b4a881006ff___RS_HL 7433.JPG,19002,135724104f84168a8e1849185bcd39761272e310c0ba839f8d074547d218eb34,256,256,RGB,3,9ca7f038c0c21fcf,True,
source,healthy,data/plantvillage/raw/color/Apple___healthy/8e11b695-ac84-42c4-926a-b48b311bcfe8___RS_HL 7782.JPG,15344,d5f87234fa45fffd83dfa0f6d2f25fb1be2029d7772e2bef4e8522eaeacda6bd,256,256,RGB,3,fac2c0c79e349933,True,
source,healthy,data/plantvillage/raw/color/Apple___healthy/8e153b00-732e-420f-8cea-f947b19403ad___RS_HL 7728.JPG,13323,7d14f6948767755914f9f281bbba15bd32b9dc7524f4ac2d9dc851ba126d3d4d,256,256,RGB,3,fabcc58a96234da4,True,
source,healthy,data/plantvillage/raw/color/Apple___healthy/8e1d492d-1f6e-48a1-aa14-db5bc515d580___RS_HL 7822.JPG,14235,8c7cce35119d0ed007613faac13fbbd0a4cef4812eca2b3e6dbd5a2012afc4f6,256,256,RGB,3,f6e3c38d99cc1164,True,
source,healthy,data/plantvillage/raw/color/Apple___healthy/8e2d41f1-9cae-4f1a-b7b4-9ec0c6fbd6fe___RS_HL 7329.JPG,18352,87c349baac1593b3080f1d56d77c01ad1e85d591864f32b69083b3e19d7f8d98,256,256,RGB,3,fcc6939a486d9362,True,
source,healthy,data/plantvillage/raw/color/Apple___healthy/8e4b14b2-2601-4ffc-805c-a68b200e80ec___RS_HL 8069.JPG,14164,b77aa00ff90b0bad3b759c9075b31940beea04fd523c8affd23186d6461a06de,256,256,RGB,3,e4cb933cd9923664,True,
source,healthy,data/plantvillage/raw/color/Apple___healthy/8e4e37b7-0ac8-44d3-90e7-001bf26aa5f3___RS_HL 7417.JPG,20376,12fc0c0e1ebe2bfa3537c2615c5dab1417fac1101f00b5367dfec0799c4ef47c,256,256,RGB,3,bde0f0cb938dc324,True,
source,healthy,data/plantvillage/raw/color/Apple___healthy/8eb47c92-87b8-4c92-a6a1-faf62e651e3e___RS_HL 8156.JPG,13609,7977ec9a155c5f9fb4a12d3d74ee8475dba4338357d4ed61f4e7b3702879e5f0,256,256,RGB,3,ff3f89e0b41a0a85,True,
source,healthy,data/plantvillage/raw/color/Apple___healthy/8ef4c6f0-d4fd-4d4c-bc4d-525b6b74b19a___RS_HL 7786.JPG,14891,02acb80340cead2dae17f0792cc2faa8344a59ad584292e55bc8c7958bfb18aa,256,256,RGB,3,ae489337cd929c99,True,
source,healthy,data/plantvillage/raw/color/Apple___healthy/8f38f758-8514-442b-82e9-90b53120db38___RS_HL 5781.JPG,16513,cf1a5196c639995f3234f9b9b2ce82cdaba1c1c25adb9808c621bfcea0d3f474,256,256,RGB,3,ba7ae7e480c6648b,True,
source,healthy,data/plantvillage/raw/color/Apple___healthy/8f4c3d68-2d5a-40c5-bca1-911002ff3324___RS_HL 7299.JPG,19204,114f9da090ec787dae43de8f47347a3e00f201ad2d373fb87c2134fe9cd8c716,256,256,RGB,3,afd1850f9831b336,True,
source,healthy,data/plantvillage/raw/color/Apple___healthy/8f9ea5b9-f4c7-46d9-88b1-af5cf17694a0___RS_HL 7271.JPG,19303,76e7ad722c524f3b268e239bbc8a64a419dbc82fe0a221fbde722b382180abc2,256,256,RGB,3,fcaea094d21aab99,True,
source,healthy,data/plantvillage/raw/color/Apple___healthy/8fba2297-e4e5-4fab-b41d-d5cb537dc840___RS_HL 6220.JPG,11588,ee4b9c452135d4c75b61424f3f1eb9494b52de9065ac5c62d33306ea01e1e890,256,256,RGB,3,ab36946bca830d9e,True,
source,healthy,data/plantvillage/raw/color/Apple___healthy/8fd3cfbd-fbca-4c33-a2a7-1e7ecc71ec9e___RS_HL 6091.JPG,9838,1ef0ea9775a3080accb7629db71c8b3970e1ff745f4bea4056ce23488362cf40,256,256,RGB,3,bfe0c025cb9ac798,True,
source,healthy,data/plantvillage/raw/color/Apple___healthy/8fdd8420-f139-40e5-8121-b76d43dcee32___RS_HL 6075.JPG,11603,af7f38efccf3d579d411d32dcfa2ddb2cbc86ba1c56a2c5da5712439b4c1a24d,256,256,RGB,3,eb1e8568b5617265,True,
source,healthy,data/plantvillage/raw/color/Apple___healthy/90f3d34a-1bed-4681-aed9-fcd39c74d573___RS_HL 5732.JPG,20876,8486b2e7c9641b0f80b22524f644eb48fec90504b34629ba725c6eaa0dd45d16,256,256,RGB,3,ee8581d6ca98c3e9,True,
source,healthy,data/plantvillage/raw/color/Apple___healthy/90fd9659-9d97-4428-bc35-c84def0ba3ba___RS_HL 7981.JPG,14722,05eee48cee410f67824ba269b15a1dc4fc711f04408a6f7226ccc32537598b8a,256,256,RGB,3,a830d04a9fe7739c,True,
source,healthy,data/plantvillage/raw/color/Apple___healthy/9130029f-854a-4099-bc98-74170edfb660___RS_HL 7448.JPG,18710,86218a941398612393286ca5258fb5d4bd43efd7ce70db53f6bd31981bbf0052,256,256,RGB,3,a805907acf67b8d6,True,
source,healthy,data/plantvillage/raw/color/Apple___healthy/919e61a6-e6fa-4d4c-bad1-62eea9b19c79___RS_HL 8106.JPG,13409,03548caa86d44b3105f1873439ac251b5847d7bd20dc6569594a5f7c2585588d,256,256,RGB,3,f561cac69e38b521,True,
source,healthy,data/plantvillage/raw/color/Apple___healthy/91a935c4-659c-4344-8355-eba55d673af5___RS_HL 8189.JPG,14018,abc5d666839f8f2202e20b1e305f7fa5d389d5dd41606a70ccccba95f268fcb9,256,256,RGB,3,ea478d1a94619b67,True,
source,healthy,data/plantvillage/raw/color/Apple___healthy/91c6a666-8d31-466f-b7cf-78c9268fba9c___RS_HL 7697.JPG,11922,8ab28f4e49cb63cee9e1d7d5a29d2410c0fd4647704c7b66f9c8d2de2c64bb91,256,256,RGB,3,a011cb6fdd669269,True,
source,healthy,data/plantvillage/raw/color/Apple___healthy/923ac4fd-39d5-4387-9636-ddfed02bc62e___RS_HL 8039.JPG,12727,67ea20d3dec7ccfc5cc22e7d85459cd9035aa89b4bba313442a6d892034f5673,256,256,RGB,3,ecc3368db9869166,True,
source,healthy,data/plantvillage/raw/color/Apple___healthy/92425071-59b8-4490-bea5-91830169a5a1___RS_HL 7469.JPG,21056,082d24249d0a3547fc3e7bb4d5b26c4e7745cdb548bec3bb407f53c1a5bc204a,256,256,RGB,3,af07b0d2cae8cb45,True,
source,healthy,data/plantvillage/raw/color/Apple___healthy/9244aeb1-9d6d-4ef7-9d94-7a02e369feea___RS_HL 7327.JPG,20708,4dd53183edb9e5f8ce7e0708717b9c87c2cc7b4baf8fe6cc87a460aa236ba3f7,256,256,RGB,3,fc88e1b5874a1a6b,True,
source,healthy,data/plantvillage/raw/color/Apple___healthy/925d0f0f-08ae-4f20-a528-0f78bf27b9e7___RS_HL 8032.JPG,13284,a6aa64e0f21db6a903f3bfa6676ffaecd0f8a209d0b25de85395a5614e791cd7,256,256,RGB,3,e4c727da9a291993,True,
source,healthy,data/plantvillage/raw/color/Apple___healthy/9284bd52-df45-4fc3-aaa6-4323666b41c4___RS_HL 7348.JPG,21293,72aa42d63c330b58d4f0d8bd5656dcf8ea411e1e3ed91a2d7366a0068d67cab5,256,256,RGB,3,af1f26f0781ec3c0,True,
source,healthy,data/plantvillage/raw/color/Apple___healthy/9290b98f-6984-44d4-b2d5-6eca9177156e___RS_HL 7458.JPG,20935,3f7e933c9e4737389232c4aac4b0267aaf9639cad46762f18c1084ffbb83d72c,256,256,RGB,3,edc9a1ce926499e4,True,
source,healthy,data/plantvillage/raw/color/Apple___healthy/92effbbb-c662-40c8-8aa9-a5a453d859df___RS_HL 5899.JPG,11814,3404a4accf933541af095786b2f7f07b80eea8ec6f6d4d272c4f1c23dc39d879,256,256,RGB,3,eacb839e90b1a726,True,
source,healthy,data/plantvillage/raw/color/Apple___healthy/936c7bd1-5902-499b-b03b-bcf1f9434a06___RS_HL 7785.JPG,15041,534079bc2915dae4224fbbb5b50debd677f361a0f67c1136add8280dd97f2afe,256,256,RGB,3,afe7d234c0824b9b,True,
source,healthy,data/plantvillage/raw/color/Apple___healthy/93d22073-347e-4447-ba19-92eccb54563e___RS_HL 5662.JPG,17874,506b52193583291c0676abf3c5b8f4a9e93b0bc8cb44ae60c718d29e41312378,256,256,RGB,3,fe2c95c25298cbe1,True,
source,healthy,data/plantvillage/raw/color/Apple___healthy/946b311a-cb67-46d4-8c8b-0d91ebd456f3___RS_HL 5809.JPG,20308,62d85c1621fd732a26e6852b26d8dd4bd5892d24cb6584ae7eb30241225d4b91,256,256,RGB,3,eac0958f98b585b3,True,
source,healthy,data/plantvillage/raw/color/Apple___healthy/94aeb96c-b0f5-4554-9627-98d131c7b321___RS_HL 5988.JPG,16744,24a86da9d297f7d34d95ed042d3482ec9ca5a609722a58c46dc6feff5cf9da91,256,256,RGB,3,fac2871c9833e70e,True,
source,healthy,data/plantvillage/raw/color/Apple___healthy/94b7e2c6-9081-4546-b411-c89c0dd219e7___RS_HL 7416.JPG,17114,dd427231a8f098a85ba9ecf30eca3682f0e8bd56104668b9c8d17a5fe424a3e8,256,256,RGB,3,b8c2a7cd933cd990,True,
source,healthy,data/plantvillage/raw/color/Apple___healthy/94c36e88-6c77-4e7b-b6c8-bf354d8f6fe9___RS_HL 7930.JPG,13181,dc6eddbcf9287d38de08f9da321bb254ef6f15802041b06aa883db4f74456a74,256,256,RGB,3,f8bec7c0c4e33834,True,
source,healthy,data/plantvillage/raw/color/Apple___healthy/94e40c05-1631-42bc-99b8-ec4afafd8d7b___RS_HL 5710.JPG,18053,ad6a5ae5e8d1738c12fb2f3a604a83312b6404afc7eeb86064296637900054df,256,256,RGB,3,ead2a50b947cb169,True,
source,healthy,data/plantvillage/raw/color/Apple___healthy/950b3f81-0b23-4fed-a47c-e1291f430e8f___RS_HL 7418.JPG,18535,a61dc6971a2372fdf8157ea9a0d2f56f401004a41f961c5116a9b875dcd08ed4,256,256,RGB,3,a27adf80a1b784dc,True,
source,healthy,data/plantvillage/raw/color/Apple___healthy/950e5c9d-49ec-4c5c-af23-69efff18f8a6___RS_HL 5749.JPG,20107,d7f3805eb60767f8a9665c8d2a7ff7b5ce7c3d13d1c089f631d2a43520a6f22c,256,256,RGB,3,eac0e18f9c99b435,True,
source,healthy,data/plantvillage/raw/color/Apple___healthy/953076be-ed87-4a45-a553-48cd555b63bb___RS_HL 7888.JPG,11367,f957dcce5c5f743f9f824d22eb0c92ffe8931c5ab1dd95da112cac3bc8862573,256,256,RGB,3,fc1ec1a15e16986e,True,
source,healthy,data/plantvillage/raw/color/Apple___healthy/953743b5-d396-4f6f-926c-4e216df44f0b___RS_HL 5993.JPG,16715,ed6206d2cc1eae733ebc4a17c9a813b8132a6359239cfa24578b47e7a169b9e0,256,256,RGB,3,ad46c43a9a699d39,True,
source,healthy,data/plantvillage/raw/color/Apple___healthy/956ef90c-41af-4e70-89a7-291687859623___RS_HL 6063.JPG,11756,8ae3793e537d0d7313954068f1fadee90f90ce0da908dbfdeef130187801ea9b,256,256,RGB,3,ea66c50e9778d831,True,
source,healthy,data/plantvillage/raw/color/Apple___healthy/95742a3e-9664-496c-8e3d-90bdd9299ae5___RS_HL 7298.JPG,17482,fdff958869bdab9b8388ec3f8e02f940b6f784b49f1a5336997f5962f129d2d3,256,256,RGB,3,aeedbd10f80ab1a1,True,
source,healthy,data/plantvillage/raw/color/Apple___healthy/957a4a41-e0d8-4dc3-8ed8-43f8c2ac3684___RS_HL 8157.JPG,13194,183d66ab2268f4c826e70a0001c53b345633d84686dc998421c0f569401dd02a,256,256,RGB,3,ecd192cdc39c9d60,True,
source,healthy,data/plantvillage/raw/color/Apple___healthy/957b622a-4f30-459f-9dbb-97c3f4bde0d3___RS_HL 6150.JPG,12953,1d714b3c5bee8b27d775a68acdbeb3f3c9ae2f2f3da2f6d941cd125fe71745d8,256,256,RGB,3,ece4c51f9a38c961,True,
source,healthy,data/plantvillage/raw/color/Apple___healthy/95884f1c-6886-41a1-9ce3-cffa1dcaf8e5___RS_HL 6051.JPG,12288,2a02ca44cf63db3758d09f2efdbc4dd2083596501401308d25b4788366b684ee,256,256,RGB,3,aa65b44ec2399f31,True,
source,healthy,data/plantvillage/raw/color/Apple___healthy/95e2eed0-c0d2-4907-bfac-1117f38f5e5a___RS_HL 6202.JPG,11241,fb1252341339ff495217009501754b052dad79808e3774719f7fd158c11a2517,256,256,RGB,3,b838c3c1cdc70d9e,True,
source,healthy,data/plantvillage/raw/color/Apple___healthy/95e92b80-49d6-4589-95ad-be379775d193___RS_HL 7451.JPG,20166,98faf4b35b32b1aa5fc3537dd7d100261bf8a321c96d20a5e67b4f8709dd37d8,256,256,RGB,3,bce1c68ccd346399,True,
source,healthy,data/plantvillage/raw/color/Apple___healthy/962f2c1c-b6e2-4428-9ed1-077a92250128___RS_HL 5806.JPG,17691,ae5e36d765a46d2a33e635f4dc378a63efc4b4bbf3d796397da1cc86547ea37a,256,256,RGB,3,fe62c02fca5a48d9,True,
source,healthy,data/plantvillage/raw/color/Apple___healthy/966a6112-9699-4511-a71b-02a1dd62cb65___RS_HL 5850.JPG,18701,8ef3cc880e7a9f9f09e62643edd54df74ad7ff950ed2eb39840bc2936c0afa58,256,256,RGB,3,fac2c09b9e70c32d,True,
source,healthy,data/plantvillage/raw/color/Apple___healthy/96717630-6d48-4660-b472-268f5f1304d9___RS_HL 7978.JPG,15446,7c7c0d12d2dd36c427220e23e4b646f8471d71349a5e0c6f3157065f76a59499,256,256,RGB,3,a0cace949db1939d,True,
source,healthy,data/plantvillage/raw/color/Apple___healthy/96dce078-e196-4d9b-837a-570480acdf6d___RS_HL 7890.JPG,11636,83240015ee2b59b68c3b8b0a5d9164c51d55333a89db4fa672454dc34829568e,256,256,RGB,3,e9d2e0ced6cc8839,True,
source,healthy,data/plantvillage/raw/color/Apple___healthy/96fa4629-851e-4706-b397-f27c6f6f272c___RS_HL 7913.JPG,12389,1e43d14fb47118aa36ea8c7fa5cd1d9f1f3e4d1ad7b13874d4b5f77e3b830335,256,256,RGB,3,aec1931dc8b2c733,True,
source,healthy,data/plantvillage/raw/color/Apple___healthy/9781c9ee-9e01-4599-b799-3651b487ccc7___RS_HL 7304.JPG,16930,eafac456dc16a4f33ba7647c52d644e24c13a0d03bdbaf894b3544ef28c30d1e,256,256,RGB,3,f2868d1c917bc333,True,
source,healthy,data/plantvillage/raw/color/Apple___healthy/97a6eaed-70d4-4b78-9871-1aba3d7a9abe___RS_HL 7908.JPG,13368,ccefb924c8f6e6f20b4b78eb155f0fff349b998e75cb6236d3bb3991cebf1c35,256,256,RGB,3,ae27c0f093cb49b5,True,
source,healthy,data/plantvillage/raw/color/Apple___healthy/985b2838-96ab-414f-9a53-89bb4567e682___RS_HL 5910.JPG,10429,76c47cc0e3db485419c3e5b821c6e7b82ccc4f3a6d9c67ac8a8a9891293a30b5,256,256,RGB,3,bf68c0a5819f93b2,True,
source,healthy,data/plantvillage/raw/color/Apple___healthy/9871fd63-1ee8-436a-a1b3-c6104350400b___RS_HL 5693.JPG,17286,1773bb606149873b0b30da4fdf426eee0896d88e4db41bc721811be5a3e2bb04,256,256,RGB,3,aff2f08d83600d97,True,
source,healthy,data/plantvillage/raw/color/Apple___healthy/98834a65-1043-4c21-b06e-5f625274b0c4___RS_HL 6267.JPG,13640,9766d0df9ab59ad81767d1501dac804b80846995d795c99cfdf309ef5e941924,256,256,RGB,3,e806976e9e799831,True,
source,healthy,data/plantvillage/raw/color/Apple___healthy/98cfff90-4edc-4b41-b834-09d18d1c08ca___RS_HL 6142.JPG,11992,3b6b16ca874c2276ae3989425fae2cbecf8350bc81cbb83f812976abb7542714,256,256,RGB,3,f0628e9c3999b327,True,
source,healthy,data/plantvillage/raw/color/Apple___healthy/98f456da-9871-48b8-b74a-a251dcfd1f9e___RS_HL 6123.JPG,12471,f25b1d56589696edf2c7f32ef5bb519df204e46e63382b8d6e89499c4f6de37b,256,256,RGB,3,bd39c2b03993338b,True,
source,healthy,data/plantvillage/raw/color/Apple___healthy/990838f4-b976-45bb-859d-95de901acc8c___RS_HL 7365.JPG,21012,948ff4d6852d21fff650f2d872938b69368eac1815767f27f088448d203c67e2,256,256,RGB,3,f81a8537da629966,True,
source,healthy,data/plantvillage/raw/color/Apple___healthy/9979c166-aa9e-4c63-af93-d9ad2b56bce2___RS_HL 5890.JPG,9817,dd895c89557a839205edc66538dce3f10021b0db33f9d5dd7fe1b2deeb152113,256,256,RGB,3,eb6ad0958d98b09d,True,
source,healthy,data/plantvillage/raw/color/Apple___healthy/997e59bf-7010-4153-a994-47aee2fdc666___RS_HL 8023.JPG,15671,70efa46416f79cb3aee2f101800622552be7a11e1b8efc2c4a58d9ffe9fdf23b,256,256,RGB,3,edcad0cd9b3624c8,True,
source,healthy,data/plantvillage/raw/color/Apple___healthy/9992b9d9-9301-476c-b0a7-7b68ee8a47e5___RS_HL 6014.JPG,13475,e7ec4302585d99d52a8aaf54197b72ab991175ac4ed1382ff2b3740422a6df84,256,256,RGB,3,af96d0f8cf609462,True,
source,healthy,data/plantvillage/raw/color/Apple___healthy/99997741-0ae6-4f14-a8e9-43b61a86ecc5___RS_HL 6294.JPG,12719,0c15a07581539bee9e2a3e018d7c8cddd1c2c233f60a1f8072e703fca990d050,256,256,RGB,3,eae385349ec6589a,True,
source,healthy,data/plantvillage/raw/color/Apple___healthy/99b369d2-fa9b-4d3b-8516-462dbae8561a___RS_HL 7242.JPG,12397,9c8aaa4661636c56f486641995a2a606b65af05cdddba86cd1cd09fae7e1c771,256,256,RGB,3,bb7bd2848db90e30,True,
source,healthy,data/plantvillage/raw/color/Apple___healthy/99b7cd44-a359-45f7-98e0-155aa8f44eec___RS_HL 5728.JPG,17085,4e6add1f687da55fc5ad72692fa163ed7a77e2bd71ef9ccf59ea79830588ca93,256,256,RGB,3,fe46a0a09339cbd3,True,
source,healthy,data/plantvillage/raw/color/Apple___healthy/99d2c488-dfa2-4dde-a3de-a9cbeca28583___RS_HL 5823.JPG,13524,349e679af8d80b43a1a2e25db156ae311542c2c8945106f44e7e98c682df0e43,256,256,RGB,3,aa4a97a5d8b6c0da,True,
source,healthy,data/plantvillage/raw/color/Apple___healthy/99eee6bd-5bca-412a-beaa-afc6009bb868___RS_HL 7434.JPG,20654,40c57c4c18d8c1aac7f9ae17e0138f0171c6b59735b1dce9f8af26f329ee3900,256,256,RGB,3,af60c28f9b3c603b,True,
source,healthy,data/plantvillage/raw/color/Apple___healthy/9a7d0452-4015-4cef-ab3c-f8f9633b6e9b___RS_HL 8117.JPG,14601,4007df5d6deaef73f24d5d88a73321222dc0a90a1e1bc4df702440e2b3bcc67d,256,256,RGB,3,e6319952cbc94da5,True,
source,healthy,data/plantvillage/raw/color/Apple___healthy/9aa3bace-83a4-4572-a2b2-cc12dcb4cafa___RS_HL 5742.JPG,21546,43cc511189968b3811792aa20123ca907efe94d80dbce242bf27d8d38d30ebc5,256,256,RGB,3,ef5ae0a192c5963c,True,
source,healthy,data/plantvillage/raw/color/Apple___healthy/9ac93ab7-5e33-46f3-9db7-008edcf15f30___RS_HL 5787.JPG,16981,c4aa08deaaecadcc9bdf8b9b217c638332b37d964ac1c4caa66e4ae35b34c79c,256,256,RGB,3,ba72e58d881b9b92,True,
source,healthy,data/plantvillage/raw/color/Apple___healthy/9ae0c2e4-ff70-4be7-a231-65d4c2acd8ee___RS_HL 7476.JPG,13379,e646a0ebf4d26e5c6847524f035d374aba6cf80860068aa59fbe834d51f2f875,256,256,RGB,3,af6ad09785959784,True,
source,healthy,data/plantvillage/raw/color/Apple___healthy/9b0ebfaf-9d8f-4195-b2af-9505b5bc1f19___RS_HL 6212.JPG,10829,fc1d9c61a59f3f9f36f2624f4368ae3d2d3bd90f1a943f177f7e68f03400f631,256,256,RGB,3,add896879e3c7061,True,
source,healthy,data/plantvillage/raw/color/Apple___healthy/9b75de13-d4b0-4b3f-988c-3e9926eef957___RS_HL 6273.JPG,10314,767bbeee0c319d4097d7a6d949c6d21def97ceb2d16068eb5b94df42619acc8a,256,256,RGB,3,b412c90f9a69d33b,True,
source,healthy,data/plantvillage/raw/color/Apple___healthy/9b84171d-c1b4-4697-a82b-e33535021013___RS_HL 5977.JPG,13817,a0ba0f2b7b5f64ec6ed171f350c0632144fb0588507cac07e283de4b37b21855,256,256,RGB,3,eac286aa9cb59b91,True,
source,healthy,data/plantvillage/raw/color/Apple___healthy/9b958d1b-ef54-4290-9636-4aa08eb55dda___RS_HL 5843.JPG,17964,10e6de292c4eab9bcd0837a488a340957f9bd6a6739425577a8f0effe5e16944,256,256,RGB,3,fc24e032d279cbb1,True,
source,healthy,data/plantvillage/raw/color/Apple___healthy/9c817f68-e2ba-44cd-8408-492efd9932c8___RS_HL 7757.JPG,10876,2a990458b8b726ce757c4e9c302b946ce95f6a4b9bbe395ffcecb988a2dc2ea6,256,256,RGB,3,aa2eb525c646ce9c,True,
source,healthy,data/plantvillage/raw/color/Apple___healthy/9c95370b-3dfa-4f1d-b9d6-def93d1cda1b___RS_HL 8044.JPG,14109,8c4f26d7e17d0d936c81888e5ffcaf1f2d148635f8d806d4a1a972939d719a1f,256,256,RGB,3,e85787699aa59992,True,
source,healthy,data/plantvillage/raw/color/Apple___healthy/9cfb97eb-0e0a-4e55-b25d-d6121ceded58___RS_HL 6146.JPG,12810,13492255420532f350f92a13daa56cf47c1b6cd2e17de408c200829c42b5d356,256,256,RGB,3,af6ad007cd1aa4b9,True,
source,healthy,data/plantvillage/raw/color/Apple___healthy/9d135274-b26e-4925-8215-13c928b56b81___RS_HL 7583.JPG,15438,9178c80153eef5698fed209f276abebf45d12391cce48e43ce3e88c55c5b6717,256,256,RGB,3,b91ec77188dacc23,True,
source,healthy,data/plantvillage/raw/color/Apple___healthy/9d3b64cb-6af0-49b7-a488-2e8af4caff65___RS_HL 7330.JPG,19133,c40259598dc5281be207c8f9c32e40d77b5a725bff57d1ef3c386f08947cbbf6,256,256,RGB,3,dec1994c70ca9739,True,
source,healthy,data/plantvillage/raw/color/Apple___healthy/9d3bb139-5177-4d08-914b-5fe232cff065___RS_HL 6011.JPG,11646,235ee208f6cdfd5b6d64300f98b4a59937f6771b3b354ecf513c318563ab47c1,256,256,RGB,3,ebc3850d92b4d137,True,
source,healthy,data/plantvillage/raw/color/Apple___healthy/9d555477-70c8-4716-b22e-8e353a290632___RS_HL 8013.JPG,12806,fda5d97650a6d39257b8b54d6c8300a38db852ba70a43dbcc9e31b83c8969780,256,256,RGB,3,ff02e017ca7ea530,True,
source,healthy,data/plantvillage/raw/color/Apple___healthy/9d72b93c-59d4-41ec-b346-954a1e8e57bb___RS_HL 6284.JPG,11313,f1314684d1f045d2bd40556516b6fa1ec0e4cea4ffdb98bc0572580daf17c62c,256,256,RGB,3,af48d21fcc38e293,True,
source,healthy,data/plantvillage/raw/color/Apple___healthy/9d872301-fed3-4fc4-bf58-9963a5248105___RS_HL 5678.JPG,16079,f98c3a95f35aa04bff26307ff08a06127f5de462e4232e01e32cfeb530cc2162,256,256,RGB,3,fa4ac129c6933c9e,True,
source,healthy,data/plantvillage/raw/color/Apple___healthy/9d98700c-5613-4156-95db-e09fbb00cb04___RS_HL 8007.JPG,16506,03f04ddda32c553795be23cc8f76b16e132cfe43a63b374542b8a39d599a2c78,256,256,RGB,3,b9b1c586da3ee034,True,
source,healthy,data/plantvillage/raw/color/Apple___healthy/9dba8abe-f50e-45fe-aa32-17dd4445189b___RS_HL 7489.JPG,12266,cec73d649990d5f600310754596b9a8095e6a234b3af83cebe24d7fd95ffe7dd,256,256,RGB,3,efd0848d9b34b833,True,
source,healthy,data/plantvillage/raw/color/Apple___healthy/9decdcd8-8027-4901-8da6-bd27c01e1ba1___RS_HL 5798.JPG,13825,9850ff2c3fead5c8d52605165b54667c916b95d507f19784e65f137da408937a,256,256,RGB,3,efc2b587c2368e30,True,
source,healthy,data/plantvillage/raw/color/Apple___healthy/9e5f1beb-8245-4775-8298-4cb787b3f897___RS_HL 5854.JPG,19142,e86bcac63b41447db3a27b495560461d26a8158aa43bb3848be9e7d2ca26c173,256,256,RGB,3,fa4ad0a5cb12c7b8,True,
source,healthy,data/plantvillage/raw/color/Apple___healthy/9e68d5bf-8b78-4ba1-9f04-ce5c69c14d46___RS_HL 7733.JPG,12817,03f4367dfac40886b3c35ebef6ac3bfc6a176b43968f24af0995a43bde8a60e5,256,256,RGB,3,aa1d85629d6f52e4,True,
source,healthy,data/plantvillage/raw/color/Apple___healthy/9ebc421f-9c65-41ee-a650-2da921e8e7cb___RS_HL 6227.JPG,10386,4cbbd514b7b1675f7cbe25bcac746e6dd76c16bf11664bfebec1dcaa1150eb99,256,256,RGB,3,fec2890f98b19336,True,
source,healthy,data/plantvillage/raw/color/Apple___healthy/9ec4f654-e45e-4910-8b1f-8b9825cefbd1___RS_HL 8173.JPG,15659,0a035e40ee708d529d6a9296786fb1c69572f9f9229ef496cbebc97b460fad66,256,256,RGB,3,ab85f5729092cbb1,True,
source,healthy,data/plantvillage/raw/color/Apple___healthy/9ece0a35-9af4-4974-acad-2aa973badf17___RS_HL 8129.JPG,14205,15d07b3cadbdc5743b48116e6fdc11f95bff93e946ffe34146a3e6a809ef4e3a,256,256,RGB,3,fd96c0d2c9749269,True,
source,healthy,data/plantvillage/raw/color/Apple___healthy/9ee2b5e6-46cf-400f-a82f-660a2ac05157___RS_HL 5643.JPG,17915,051f1585faed20ebfe4ed3338350f165f6bc4f18219d8fbf8386381b48a2f3ee,256,256,RGB,3,f6c38d3db2348326,True,
source,healthy,data/plantvillage/raw/color/Apple___healthy/9efbd99b-9ac8-4c6c-9ad6-6cece321b832___RS_HL 7346.JPG,20681,c4bb803887d23eaab62c4ea6f431dd3cae16533e5e0f5d00093b6b4f00c04d11,256,256,RGB,3,bbe0a5c384cf9c98,True,
source,healthy,data/plantvillage/raw/color/Apple___healthy/9f288c49-e11c-4054-9a44-b5e81e39427a___RS_HL 7938.JPG,14286,71b5536c28a3b12b90ebfb75899132035c750576e8fc51823908f86012c3a5bb,256,256,RGB,3,ab6ac0b5859e328f,True,
source,healthy,data/plantvillage/raw/color/Apple___healthy/9f6f67e7-5369-4642-9594-a29fba331a5c___RS_HL 5907.JPG,12086,5b7aff8ba53f12d33d005fdf68c592b545be2282ec65ed4888484c7107e839d3,256,256,RGB,3,bf4bd0b6c11ac718,True,
source,healthy,data/plantvillage/raw/color/Apple___healthy/9fa007fa-08c0-4d3a-b2b4-9ac7ad72c316___RS_HL 7833.JPG,15026,2fba884fedfbf6b70ed6f61ed2fd250a3834fe30a183202a5c09ee6d0d0630fd,256,256,RGB,3,f3c598aa8c31e336,True,
source,healthy,data/plantvillage/raw/color/Apple___healthy/9fc6acc1-0394-498d-b51c-d2e92febae55___RS_HL 6013.JPG,14916,ebfa3275d4f9302f5077d8264126208c0663d24d6f19bcc0b674e0e3b95d1a8d,256,256,RGB,3,ab6ac28d8d9f9491,True,
source,healthy,data/plantvillage/raw/color/Apple___healthy/9fd4b6dc-c72b-4a90-b9c6-e5518f237d90___RS_HL 5760.JPG,15810,78a5891f811229119b6b9d5308ea1b4ed68f68feb1ea8b81a026d770142ccf37,256,256,RGB,3,ffe1c80f913990b1,True,
source,healthy,data/plantvillage/raw/color/Apple___healthy/9fe1ea92-d106-4bc5-a0da-072a67c3260b___RS_HL 7828.JPG,14277,a6ff36daeba7dc92f7a6ec05e295f0903944477b20c5433ee07dee79428d1239,256,256,RGB,3,fa25855a1ccc6a37,True,
source,healthy,data/plantvillage/raw/color/Apple___healthy/a0167593-6219-479d-9e28-161dfea5b19a___RS_HL 5790.JPG,14002,fd6a42e986a7500a41ce16031fe5a9b10ab2247a051152c6e59f8e3fe4198498,256,256,RGB,3,eee1851f9cb81b90,True,
source,healthy,data/plantvillage/raw/color/Apple___healthy/a01b22a2-292a-485e-ad7d-ee14de31506c___RS_HL 6102.JPG,12721,8aae8853ffd4c522658cd85234824ae59b53c68b8901a51efcf388c0459f30e5,256,256,RGB,3,e985955a9e799861,True,
source,healthy,data/plantvillage/raw/color/Apple___healthy/a027ddf2-029c-43c2-b812-f3ffcdefea80___RS_HL 7859.JPG,14979,52b102cae89f5c02731fbe94013382ee21bfa6553a42245f3a93e34280876fe6,256,256,RGB,3,bbf0c48fc61e1a70,True,
source,healthy,data/plantvillage/raw/color/Apple___healthy/a0548b7d-598a-4637-acfa-653b7bd3e8cd___RS_HL 7917.JPG,14857,c80ea17570584212bd193c801ab492c7c81ba021c42e9f3aac02973e69374467,256,256,RGB,3,be49c01fcb7218b3,True,
source,healthy,data/plantvillage/raw/color/Apple___healthy/a0670cfe-00e2-4c7a-a9f7-29408debdc3a___RS_HL 6061.JPG,12422,4a360eb3183340263494a8518c132707601270cec9229f743b91b1c5795d1d0e,256,256,RGB,3,ab6ad0859f1ecc98,True,
source,healthy,data/plantvillage/raw/color/Apple___healthy/a09b0571-6876-487c-bf88-bb378dd4f0cc___RS_HL 8057.JPG,13778,78105741c3596d69e935753dfbd934a5226b031f8d33e32210339c70cb3bee70,256,256,RGB,3,ad93d0ecc7b04473,True,
source,healthy,data/plantvillage/raw/color/Apple___healthy/a0a31340-6426-4e4b-9473-4daacbc305dc___RS_HL 7644.JPG,9651,ef32b4731097441b226cc3547a9e49f35e4b5faaf37563508602e5bbe48e4f69,256,256,RGB,3,acca963cd937a524,True,
source,healthy,data/plantvillage/raw/color/Apple___healthy/a0c5f687-6807-44a3-8a74-faa5ab3d95bd___RS_HL 7850.JPG,12768,2ef5b42730df7565504c7f68f78c88b89c7eac20b0446c1335363afc3ceb05f4,256,256,RGB,3,ebc2b42fd8609b92,True,
source,healthy,data/plantvillage/raw/color/Apple___healthy/a0ebd8aa-d4d7-459e-8ecf-72f6854436aa___RS_HL 6238.JPG,9922,50b7439254505a8c50094c36935cd3ce3456be443cbf589d60cab3856a594468,256,256,RGB,3,ad6dc02d1b923c9b,True,
source,healthy,data/plantvillage/raw/color/Apple___healthy/a117c853-363a-443a-b489-323fb4239f07___RS_HL 5697.JPG,16349,316285e46d58f5334edac5438c4285b673ab337a2b99988bfc50490693e7407d,256,256,RGB,3,af2ec0749ec3609e,True,
source,healthy,data/plantvillage/raw/color/Apple___healthy/a11acc05-8bd6-43f7-9b9e-3899a0bbce2c___RS_HL 7658.JPG,10466,c1a17fd55f010921d5380428c904f1474fcbd2d08452589ec7acb26ac0f6670f,256,256,RGB,3,b9ca968df896b160,True,
source,healthy,data/plantvillage/raw/color/Apple___healthy/a1630d3e-2f30-455e-b259-d92b7b332588___RS_HL 5768.JPG,17677,5b90b5d5f4cef1d4598e1a36b8ba7ddeda9bd074c541478e6bfba0c65eb51efd,256,256,RGB,3,b8e386acca94995b,True,
source,healthy,data/plantvillage/raw/color/Apple___healthy/a1644fa1-0871-47e1-a316-bc435c6a275b___RS_HL 6225.JPG,11882,e41724532eb2320d25f0171f2ebe94fc024e4fa74c5975b645273e9a12d57b13,256,256,RGB,3,ab95d0e2c96de426,True,
source,healthy,data/plantvillage/raw/color/Apple___healthy/a16cfc1d-26ae-4bf8-bd37-5f1ba495447b___RS_HL 5905.JPG,15469,468d0e4ce4dce35b1eb422f77156d5a312ec3286e8baf0ac0d2b2100e032276d,256,256,RGB,3,ff0f807c9572dc02,True,
source,healthy,data/plantvillage/raw/color/Apple___healthy/a1788b2d-2440-4087-b2b8-166029c423ef___RS_HL 5713.JPG,16637,206241087154ebb994101389f7c820bed79a0aa97fdd619cb38855e1b6fe571c,256,256,RGB,3,afc1b49ae09acdc1,True,
source,healthy,data/plantvillage/raw/color/Apple___healthy/a1867bda-d965-4389-8a19-ed13c82df5f6___RS_HL 7655.JPG,9850,9c5c1145f3b66a3fa534d483d31fb2fa38281d9deeb68f246229623c5b488e90,256,256,RGB,3,fd41860ff83ec170,True,
source,healthy,data/plantvillage/raw/color/Apple___healthy/a19f8aa8-6d6e-4bcd-b0ac-5046336817bc___RS_HL 7660.JPG,11130,26250091287278b12ce9efa61790f42fc5de5d464d2b0f3bc3efc4442915448e,256,256,RGB,3,b290fec3a50e4733,True,
source,healthy,data/plantvillage/raw/color/Apple___healthy/a2024303-1e78-4f1b-80b4-3f02f9f5dceb___RS_HL 7707.JPG,10780,190d44b118cd69f963793c39a28483d2a19321412a4b440c124301b37ebef011,256,256,RGB,3,ff9fc2604d46b032,True,
source,healthy,data/plantvillage/raw/color/Apple___healthy/a270262b-b9f7-4756-abc4-d8ce165a4a8f___RS_HL 7613.JPG,13703,61c50374a6e9b4059e3bf0faa0ab033d5d4b61b1a49b214f4413d231cd43f21f,256,256,RGB,3,b834c6629d5b9b8c,True,
source,healthy,data/plantvillage/raw/color/Apple___healthy/a2b40acc-cec7-4c42-a1d4-199b85f7e4a1___RS_HL 7675.JPG,11997,7c467708bdb17ce07a73c92ebbb6f3631bad05b7c48b04a4386945d79d8a4a4e,256,256,RGB,3,fd45c00fca3ed930,True,
source,healthy,data/plantvillage/raw/color/Apple___healthy/a2c29f1a-5bdd-4755-94ce-1ee4ed63d037___RS_HL 7332.JPG,18744,2f24aba7eb521593414171b075a3bbd6706c95bb5490ccc21169c83fda898836,256,256,RGB,3,f88da7164b69a534,True,
source,healthy,data/plantvillage/raw/color/Apple___healthy/a30bee25-14fb-43d2-9ab2-b179c920839c___RS_HL 5778.JPG,16179,af3f2e977fe40e0aca633f397c3dc015d302e898c3aef9c09fa4a67dccf9ae45,256,256,RGB,3,fec2c007afa815b5,True,
source,healthy,data/plantvillage/raw/color/Apple___healthy/a30edbd9-7605-47ca-9841-dce943c3e12a___RS_HL 7523.JPG,12946,ed894ce9d630f4d720f4f6a4ecd7811a07d9460822872a4e94a78d6c194bcfcd,256,256,RGB,3,ad3a9249cb650d7c,True,
source,healthy,data/plantvillage/raw/color/Apple___healthy/a359d235-43af-469c-a14b-3a6677c0bb2e___RS_HL 8118.JPG,14871,c48e44760e59d7f45f28009987974c3a37a7184d194de92fec175d597f2b5a53,256,256,RGB,3,e611984ee533b61b,True,
source,healthy,data/plantvillage/raw/color/Apple___healthy/a36d3771-3cbd-48ef-9e31-a1de629e56a6___RS_HL 8082.JPG,13009,be4eb325d2f5d9c511967f9fcffba3db5bb0388e4bac09e20fe97ba37aac4a6f,256,256,RGB,3,fc3ad5e2582c13c9,True,
source,healthy,data/plantvillage/raw/color/Apple___healthy/a3bae732-a9e8-494a-93dd-7fd04dc558b7___RS_HL 6045.JPG,12384,6e8ff418a6af0f2ab009dcc3f31aac3dde552458df3bb5152ef1116db4231ff0,256,256,RGB,3,af36d2c24f9a3078,True,
source,healthy,data/plantvillage/raw/color/Apple___healthy/a3d2fcfa-645e-419e-91a5-ab626f5fab6c___RS_HL 5930.JPG,12501,8697db95e5888a65e430eae5dfe80155eaf9ee050dae8650f7bcc2b634a5f62a,256,256,RGB,3,fcfc83c09b874c58,True,
source,healthy,data/plantvillage/raw/color/Apple___healthy/a3dfe485-ef1c-4c7b-bb11-38528d73947b___RS_HL 7982.JPG,12469,4cc0341a580e0b19b976041b3c8c87e96692c1f8a5e7d889f84789a4d4e4b28a,256,256,RGB,3,fd02d00fcf70ce31,True,
source,healthy,data/plantvillage/raw/color/Apple___healthy/a4339fb7-ea48-4a93-ad00-aa1a55ea2b4e___RS_HL 7524.JPG,14284,213bbd1546273f3cd59e8e4211a0e4c1c8445305ed7bd344ae4e16f06acfd70d,256,256,RGB,3,ea4c999b94b99325,True,
source,healthy,data/plantvillage/raw/color/Apple___healthy/a469c307-a754-4c0f-9012-b09ba22c4d00___RS_HL 5917.JPG,9163,b2223da21a69766b392c8a01028d29e87e6ded8fe11b2aa4a5f18800f636adad,256,256,RGB,3,e8cb979c98b29136,True,
source,healthy,data/plantvillage/raw/color/Apple___healthy/a46a0643-d128-49ed-8044-de7e97fe3f97___RS_HL 6259.JPG,12337,bcab647894e4ec0050fbbd9cb03b07908b3dcf615f243a86dbddcde33fe1253b,256,256,RGB,3,a9cd96c0d227c93e,True,
source,healthy,data/plantvillage/raw/color/Apple___healthy/a48cbfdf-653b-4ab0-8f63-2d6977ec1014___RS_HL 5639.JPG,16814,b5088c7cbf31360cecd0ef64385ccdb45449a0cabd7d4bc25701d0ab2da1767e,256,256,RGB,3,a1c6869b9bc9d92c,True,
source,healthy,data/plantvillage/raw/color/Apple___healthy/a4b86fe3-2a80-4399-bc38-6ab0f6c1ece6___RS_HL 6056.JPG,12643,b3cbf978306705ea20091500f236f7573ceee33c06ee68ec2bfaa1867ba328b3,256,256,RGB,3,a969cf9e34899992,True,
source,healthy,data/plantvillage/raw/color/Apple___healthy/a4c37f29-8f5a-4a06-b6c4-367d523d452a___RS_HL 7374.JPG,11971,9c5e0b3275200c4f008a2dcbadf15e138a10874157c0e8727fffae12f3e7363b,256,256,RGB,3,e8cb36cd9a3485b2,True,
source,healthy,data/plantvillage/raw/color/Apple___healthy/a4c3d6d2-cc69-4d8e-acc9-0e648df959ef___RS_HL 7806.JPG,14474,7645f0362e1d70208becd7e7b53ecd86570c4721c2849072aa454308d61f071d,256,256,RGB,3,edd1329bc36c8cc4,True,
source,healthy,data/plantvillage/raw/color/Apple___healthy/a4f33d84-f27c-481d-83ac-9575c8469fe6___RS_HL 7960.JPG,14412,7dd9346fd9116463046ca65b49b9bf2811b5544b522952eab73d78b4c2ace40d,256,256,RGB,3,ae37c17098cbb1d8,True,
source,healthy,data/plantvillage/raw/color/Apple___healthy/a50556b8-e947-45f6-8b4e-6574ddab1903___RS_HL 7944.JPG,15727,6dafb240e14ea67cd3868eaf3cae1652450fca74f5b562d8d71e5f4d68ef9afc,256,256,RGB,3,ae81cc966d79916c,True,
source,healthy,data/plantvillage/raw/color/Apple___healthy/a5121b4f-be3e-4911-9d15-2678a0ccf66d___RS_HL 7751.JPG,15660,5b2a6805bbca83969b61b85ccc172e7992f54b1a5623d1c7da87f229b56ccdcd,256,256,RGB,3,ee48913fd0362dc9,True,
source,healthy,data/plantvillage/raw/color/Apple___healthy/a58444b0-ca47-491a-8ddb-c9ae42c26747___RS_HL 6060.JPG,10643,4ca06c0e563a649f66beb15a72a1495b2a96ce408c9363863bfd45b48afc6cdf,256,256,RGB,3,efe4c4169219cbe8,True,
source,healthy,data/plantvillage/raw/color/Apple___healthy/a5acd48c-a7c2-42de-8a2e-231bb94e134d___RS_HL 7591.JPG,14250,27b6797f7ddf6d7c8507da88a583bf606ae1fc1b2d5a11df6a3be6b9fab78989,256,256,RGB,3,f7409e2d9837a58c,True,
source,healthy,data/plantvillage/raw/color/Apple___healthy/a5da624b-8a38-4e64-ae7f-ace8b7c20548___RS_HL 5997.JPG,12414,f5cc9b63715e3766a09148959dde73dbcb8245d4d5f22a83e8753038dd17eeb1,256,256,RGB,3,fa9585d8cb6184e6,True,
source,healthy,data/plantvillage/raw/color/Apple___healthy/a600f02f-b4a8-43e5-8d31-4c0d99009d7b___RS_HL 8132.JPG,13066,3db0bba24848dea2438bd2911ee78b959cd1bb3f9c2dac53f0847ce9c960f2a7,256,256,RGB,3,ad58c0474b6db696,True,
source,healthy,data/plantvillage/raw/color/Apple___healthy/a61c6603-0f78-4fb9-b917-99eaf0d67c3f___RS_HL 5853.JPG,17632,659e7ece91d55549cd6c3a5a183197ab06b0c2464f333f8f0901be78d505f002,256,256,RGB,3,aa4ad0bdc192879f,True,
source,healthy,data/plantvillage/raw/color/Apple___healthy/a63295f1-8032-4db2-b0d7-4e51f6e30bad___RS_HL 6089.JPG,13624,5eb492cf5fa0b53d113860147c72ab2807c29f040b9fb0bde9b3c698bb155e91,256,256,RGB,3,fec0858f9ab59930,True,
source,healthy,data/plantvillage/raw/color/Apple___healthy/a64b16af-0fb8-4c07-a4d3-b3f87e33d6ca___RS_HL 5795.JPG,20319,1163bff125510aeaf31817e0b62faa939167621fe6b9e2642b83caa0f9775f7d,256,256,RGB,3,ff00a567d2368e29,True,
source,healthy,data/plantvillage/raw/color/Apple___healthy/a65ad047-7fcd-4059-a4fa-15cd09a284d4___RS_HL 7861.JPG,14075,c1d9418f0d4ee02105fff0e145bf459ab150689cd9565bbac5ab973a12a1d9b2,256,256,RGB,3,be8fc160acc370bc,True,
source,healthy,data/plantvillage/raw/color/Apple___healthy/a6af24a5-31a8-4154-bfe6-7b3f7d516f6a___RS_HL 7622.JPG,13650,5748d807164bea7d2fd8a1180acd641ba6170467a3bff70eaa368baf49c8ee2f,256,256,RGB,3,fa42872dc1b239b3,True,
source,healthy,data/plantvillage/raw/color/Apple___healthy/a6cfd8cf-37d2-42ea-9946-daf4fc794e3e___RS_HL 7853.JPG,15544,3536995d791b1ad6ade92160c11650eed6402b4c31be05a7cdc19e1ae71ff9bb,256,256,RGB,3,aa9591e1cc6e94e3,True,
source,healthy,data/plantvillage/raw/color/Apple___healthy/a6ff09a1-af72-4357-a122-4549efdb90b3___RS_HL 7646.JPG,10533,77a6b4211739456be7178959c0458d91763fc047474db7fb5d1e0ee422430c26,256,256,RGB,3,a979d2b644960e79,True,
source,healthy,data/plantvillage/raw/color/Apple___healthy/a70c8783-85c0-4a22-879f-9f0a0c46abf6___RS_HL 6161.JPG,10369,df041c6589aa8fec39d97e0cbb6068c7f54d88bf7158d16713fcaa7631a6da9d,256,256,RGB,3,eac29cad9991b626,True,
source,healthy,data/plantvillage/raw/color/Apple___healthy/a7fde017-ef6b-44c7-9b1e-825ed048fcce___RS_HL 6049.JPG,13570,3d38136ea617750f8491aabb3eb6acab5d14150453fc6ba5d073402eee455f15,256,256,RGB,3,abe9d007c3b6b498,True,
source,healthy,data/plantvillage/raw/color/Apple___healthy/a850464f-70db-4726-8e80-bfe6ca501942___RS_HL 7999.JPG,14557,2aa514e31328848097ec76842c652fcfd346176742625eb4acb106b0bdb5f3f6,256,256,RGB,3,aee0d327cd989499,True,
source,healthy,data/plantvillage/raw/color/Apple___healthy/a88f01ad-8550-49f1-9757-e9e9649d81b2___RS_HL 7360.JPG,18055,6e38a088ed54dbe216ccc76ba32f3cd03a7ccdd74e9e3f5734c335d4b9b527a7,256,256,RGB,3,ade097cc999a18d3,True,
source,healthy,data/plantvillage/raw/color/Apple___healthy/a8af4c4f-6022-4e82-99bf-b0044e1bd3c3___RS_HL 8003.JPG,17859,b00ccae23012eabb809282c7f2171c123e3c05ff6a9b12c3d7ed5534f79028b1,256,256,RGB,3,fa2da5a6971a9a18,True,
source,healthy,data/plantvillage/raw/color/Apple___healthy/a8bcd8e0-29d1-4118-9117-838fc9174aa9___RS_HL 7618.JPG,13522,b08d63db13446e25ccf8398d651dc807bff8ee02d255dd8a3a34e218d2c11d1a,256,256,RGB,3,ef9fcacd2660c061,True,
source,healthy,data/plantvillage/raw/color/Apple___healthy/a8c76694-697e-4684-bc13-ac1302ebd3c0___RS_HL 7411.JPG,18354,58cfdd4bb94558542e25d69e82f10c919fa040e954d94b4ba102ba189c410f4d,256,256,RGB,3,aa27c47f5b84495a,True,
source,healthy,data/plantvillage/raw/color/Apple___healthy/a8d012ca-b1ac-45b6-b8fa-44257fd4605f___RS_HL 5824.JPG,18325,7bb0599cbd28c2469f773d9afee8cbcdf72e9377ee01e3ecc7584059932d8f96,256,256,RGB,3,bf6ad035c192c5c9,True,
source,healthy,data/plantvillage/raw/color/Apple___healthy/aa701c91-01d7-44bf-a1df-b4d8ca4fbce0___RS_HL 5715.JPG,10796,95eb491154192b179d3797d9ac8624dcd11ef59fb3c5b2627db59b72d132abfb,256,256,RGB,3,ba63909bc358cf2c,True,
source,healthy,data/plantvillage/raw/color/Apple___healthy/aa8e1c77-667f-4610-8e36-c8a21f1f9eae___RS_HL 7578.JPG,15237,7dbe14462270bbd08355d2882f7be2af3d12c350f96012405f165d509a48f104,256,256,RGB,3,e3f226cf9cc41983,True,
source,healthy,data/plantvillage/raw/color/Apple___healthy/aacd1350-3b5c-46c6-9320-84f45f5161db___RS_HL 7746.JPG,16224,c9098da9e404a014214f6d2cd7b8fcffd5359d761e655092d20cbbb47c477850,256,256,RGB,3,e9e995c51ed8320b,True,
source,healthy,data/plantvillage/raw/color/Apple___healthy/ab014481-2a2f-4bb8-9a80-6b0ceb012625___RS_HL 5808.JPG,20933,ec81aaac7f414ab8bd0097e60d655fe91539c4edd0494ee59dcab6fd6e3bf7ae,256,256,RGB,3,ffc1c10eda35c832,True,
source,healthy,data/plantvillage/raw/color/Apple___healthy/ab23fdc9-8036-47f2-a32b-b3facb13fd5b___RS_HL 5947.JPG,10727,f7ec7804a69a96434250a7e53552ed97d50274e08561f3ef6160fa9ae41164dd,256,256,RGB,3,eac2953db127cc2c,True,
source,healthy,data/plantvillage/raw/color/Apple___healthy/ab3bb73a-9828-4951-89c1-44a47e980ca2___RS_HL 7695.JPG,10445,901c58fd46f821dc966cfc9a9386f197fb02cf99e3f1078d404bee538db48fa0,256,256,RGB,3,ad69d8970598b7e0,True,
source,healthy,data/plantvillage/raw/color/Apple___healthy/ab407e72-8e8a-4d0b-b6c7-515054c65caa___RS_HL 7869.JPG,16631,e9fd4a9006bfb3ee7d295ff7f7caa23c0a1935ca3f8014aba20f327f33c0b129,256,256,RGB,3,ba01c73cd037e536,True,
source,healthy,data/plantvillage/raw/color/Apple___healthy/ab4fd2f9-da8a-4fe7-9634-50be1efa0730___RS_HL 7714.JPG,10515,d11bc94523302f8bd09e5f0426bb5c37d23e49f1060574b515390ad2c24faaf3,256,256,RGB,3,fdc3c21a9ab4f025,True,
source,healthy,data/plantvillage/raw/color/Apple___healthy/ab56c266-3b13-43f0-9856-587367a3b45a___RS_HL 5770.JPG,20570,d41df473020ec1e1588e31481fa2eb7f71cebd481e00b0eda79aa3dd59f95084,256,256,RGB,3,aa25d5f9f09ac1c2,True,
source,healthy,data/plantvillage/raw/color/Apple___healthy/ab5eb58e-8cd9-4f70-ac56-1a14c101622e___RS_HL 7927.JPG,14023,39d9c2ce7b126da2d066b0518a3fcf7436bb94fcd06ae602c7cb6b9ab1fa91b9,256,256,RGB,3,f4aa8151cae5b176,True,
source,healthy,data/plantvillage/raw/color/Apple___healthy/ab9d5340-375c-4935-b997-99ed6e2cfaea___RS_HL 7493.JPG,14787,5968ef24d3c19736b09619242a43244921715e551712d9c128261b90dc93afbc,256,256,RGB,3,b84ad31c3992e673,True,
source,healthy,data/plantvillage/raw/color/Apple___healthy/abb44bf0-cc56-4086-a5eb-0747cddc367c___RS_HL 5679.JPG,18191,d5b01b5d3dceae2be13bad73d9b3ebff11eb8e75b90588abbef69f7a05db320e,256,256,RGB,3,fc40873a9ab52d96,True,
source,healthy,data/plantvillage/raw/color/Apple___healthy/abc9f5f6-ea98-46c0-8df7-2986969318bf___RS_HL 5928.JPG,13800,55e694234b0b8d83f64cd4498df8c30e50a5840006d9aacb14a2996c4021ab98,256,256,RGB,3,eac2952dda32c7b0,True,
source,healthy,data/plantvillage/raw/color/Apple___healthy/abff9f5a-3cc5-4753-96e7-1271110346cc___RS_HL 5914.JPG,10928,2e765a70c8d8e61706bd87592131e12cb7edc2ed053fa17bc6a5f9a125f7de49,256,256,RGB,3,bf60c216cc19fe1c,True,
source,healthy,data/plantvillage/raw/color/Apple___healthy/ac41e650-367c-4a74-b26e-0a983bc1223b___RS_HL 7743.JPG,11814,575a3f97302f39a6bcb3e51bb899e008190e558bb5875df9d28641c2800ccf02,256,256,RGB,3,e8308dc69b6897cd,True,
source,healthy,data/plantvillage/raw/color/Apple___healthy/ac49a568-aa04-4c08-88a6-d1551e3f41ca___RS_HL 8146.JPG,12684,4d4ef6b225897e24a4f49fba4424ca161f733a864da44cb8350d679f627fe0d6,256,256,RGB,3,b661d366cc9acc58,True,
source,healthy,data/plantvillage/raw/color/Apple___healthy/ac7b5666-1fe7-4407-a769-7beb71dadd13___RS_HL 5640.JPG,18195,8105a257c90c8052cbc0b344e8f726d18a5b2b7879a845cfb6e354af0961ab90,256,256,RGB,3,ab5ad0a68c98379d,True,
source,healthy,data/plantvillage/raw/color/Apple___healthy/ac83e870-8aec-4b1a-8156-b9a60fa09259___RS_HL 5735.JPG,21364,daedff9191ed890b5816196c3aba882c04f7e331820a7b455485e893a1ad979b,256,256,RGB,3,ef1ba197954990e1,True,
source,healthy,data/plantvillage/raw/color/Apple___healthy/ac9eef55-7ba7-4663-913a-6c68fc5b3376___RS_HL 5696.JPG,19080,6c554c3c4e6b1122a4b161d5cf351a15aca71d1a852545965533c02a11b1e5fd,256,256,RGB,3,bd1ec269d4c6709a,True,
source,healthy,data/plantvillage/raw/color/Apple___healthy/acb21cc2-8d65-4880-a7bb-dcc1eab1564b___RS_HL 6272.JPG,11624,6b242d89b134aa87000f8397d0e85f8448e3b3d607d3b7951cf69a2f3e92b0e2,256,256,RGB,3,ad6bd21cdb92c413,True,
source,healthy,data/plantvillage/raw/color/Apple___healthy/acbdd971-62fa-4109-a0b7-38b6eae4d748___RS_HL 5939.JPG,10024,8e06b03e1ad1185073c1a3bbb1e50768717bd9aceeae832f1e73e6eef325963c,256,256,RGB,3,fc3c91f0cac3e149,True,
source,healthy,data/plantvillage/raw/color/Apple___healthy/ad7674f8-ff0c-43f8-9bb7-1c347ba197fe___RS_HL 7812.JPG,10969,d03d248e1f3c86aa98bee5953cb6c7f138427a85d5066d382af5cd4047b835a8,256,256,RGB,3,dc18af2791c2c3d9,True,
source,healthy,data/plantvillage/raw/color/Apple___healthy/ad772bfa-6845-4104-8d94-8d3a2adb67c2___RS_HL 6149.JPG,11144,d80f36facb3acb2133a5d6855d579b7ebb1faaeb489242c9b81da2083bbf0f76,256,256,RGB,3,fbc0878f9834b037,True,
source,healthy,data/plantvillage/raw/color/Apple___healthy/ada1699c-0a91-44ea-bc2b-476147394421___RS_HL 5646.JPG,18091,13d2a14c33e1afb39474c01a4b739bc26e9115ae0b849ba43277327361239e1e,256,256,RGB,3,ab6ac4b5cf86103d,True,
source,healthy,data/plantvillage/raw/color/Apple___healthy/ae0a8f1e-235b-4fd9-980f-58d486951875___RS_HL 6244.JPG,11158,ef728f01ab45909cce76601f1077a4066af839ef8ca75172665df9a3cbc408b7,256,256,RGB,3,ba15c15acba14f87,True,
source,healthy,data/plantvillage/raw/color/Apple___healthy/ae11ce7e-dfd2-42bc-9e1b-0b6a29f9e538___RS_HL 5674.JPG,12507,407c6443a52299aed635b5626fdca702bcdc9cae38abc5e29196296198ac049e,256,256,RGB,3,a3ca9c6991b764b4,True,
source,healthy,data/plantvillage/raw/color/Apple___healthy/ae2bb9d6-502a-4ae2-b4e4-4c2fffd06ebc___RS_HL 7951.JPG,13868,c726dc2ad6ffe0bb4bd290f518942bd6a88f9fbfdaf7ed7eb1157ca1fc6297a0,256,256,RGB,3,aba991969e1aca71,True,
source,healthy,data/plantvillage/raw/color/Apple___healthy/ae4a5e3d-c781-49ec-901e-940f127e1688___RS_HL 6128.JPG,11694,a20266b9b05788dce69b27ac93b6b657f872d3ddc0fe35d0cc10318fa2b2aa25,256,256,RGB,3,ab6ab5a5c716c41c,True,
source,healthy,data/plantvillage/raw/color/Apple___healthy/ae67e27b-7937-4094-9263-580fcff3718d___RS_HL 7663.JPG,10555,1316ebfb5680093763c3247294a77fe8c8503d9cb683542f323169d794c4aae7,256,256,RGB,3,e219966acd259d87,True,
source,healthy,data/plantvillage/raw/color/Apple___healthy/ae8840d7-cde8-4739-817a-9ff6f548c522___RS_HL 8197.JPG,13199,2924d6be00dff95d721e5e209396bc937985c7d81a105912b6daec8ace26efef,256,256,RGB,3,ea4a95359e9031cf,True,
source,healthy,data/plantvillage/raw/color/Apple___healthy/aeae3ac9-437e-4f74-9ff4-48f9058e6c9e___RS_HL 7974.JPG,14092,fb12b11256b1676a5a72afcb5ed15eaf5ffa2dc0ba1b042ab2d63e6242523820,256,256,RGB,3,a863479ccc99b0b7,True,
source,healthy,data/plantvillage/raw/color/Apple___healthy/aed7208f-81b3-4fbc-869b-87083033e048___RS_HL 8180.JPG,12643,3b44db8c4c41349758831783d9107af2ed6d56989156d6c2187215a171127914,256,256,RGB,3,bbe2e884c797d098,True,
source,healthy,data/plantvillage/raw/color/Apple___healthy/aede527b-869e-4e42-a760-3ada64aeb8aa___RS_HL 6131.JPG,11701,d692cfb422084ccefcf396ffa3911dd8f998c4f6878f9bfcc333f2d953c06ccc,256,256,RGB,3,fac0858f94bc5837,True,
source,healthy,data/plantvillage/raw/color/Apple___healthy/af00bd10-d7ef-4076-90c8-28f2d6ff6aa2___RS_HL 8188.JPG,15034,f1fd1076996ca895221b5ec57d0d67f23526d496f133f913d7b85899c1b697d3,256,256,RGB,3,b89c8762db856cc6,True,
source,healthy,data/plantvillage/raw/color/Apple___healthy/af109f85-cfe8-4547-a642-10fd10a2b79b___RS_HL 7393.JPG,16514,4a1348942044bda012f5df16bd6a48cd15548f47e0a4fcd7a30f6104d8599cd4,256,256,RGB,3,fb4aa0ac4f953cd0,True,
source,healthy,data/plantvillage/raw/color/Apple___healthy/af2972a9-c62d-44bf-a5df-45c0bdf70572___RS_HL 5835.JPG,14735,62ce5b5c7065bc9838924d261e0a6a0a054ef2f83bcd8734f1f567f5e5f8d321,256,256,RGB,3,aa4a94a1cb17cd3e,True,
source,healthy,data/plantvillage/raw/color/Apple___healthy/af413561-59ca-4d3a-9e7d-34711b946db4___RS_HL 6298.JPG,11404,57119bd8038f5ab69c870cfb35f3500997712e32574de5722aa16f759b2beb23,256,256,RGB,3,fa4a81ab1f95b498,True,
source,healthy,data/plantvillage/raw/color/Apple___healthy/afac9fcd-ff8d-4ab8-9be2-c5649a59d6a0___RS_HL 6324.JPG,12634,f2aba1cbfce20950c5aaeb702ba6a8f3778065e03be7986ad2b2f42b88410902,256,256,RGB,3,ecc4d71a9a3cc961,True,
source,healthy,data/plantvillage/raw/color/Apple___healthy/afc0668a-0e88-4fa3-a91b-acf3f54551d7___RS_HL 7800.JPG,14766,455857e158b801189d98fdd5cf987eb3710d0ee233d90a8f3244918f4d0b0e63,256,256,RGB,3,ae9ab054cb6a1c6d,True,
source,healthy,data/plantvillage/raw/color/Apple___healthy/afc70f71-aaa3-4de5-9fe4-1e951fda71cc___RS_HL 6211.JPG,12626,999bcc86986ae6afc4aa4dcd8e0afa152ad9a9eb6aa80892b1fa2c2334d6bc12,256,256,RGB,3,fd82d80f6c367093,True,
source,healthy,data/plantvillage/raw/color/Apple___healthy/b0178b88-d413-498c-a6de-1d7cef560d3a___RS_HL 7925.JPG,14987,b130632c06571f9666f0c90cdabeb7e14e8ffee6e3b8af4952d1e97e3fa6bd94,256,256,RGB,3,f136d32159ccc792,True,
source,healthy,data/plantvillage/raw/color/Apple___healthy/b0233269-e0b7-4314-8aa1-6b7ecfd12033___RS_HL 8049.JPG,13023,8e942ff8ef77f548f410ff4edde9592b10875f1ef84c669553db128095f82fbe,256,256,RGB,3,af29c02d8f8e663a,True,
source,healthy,data/plantvillage/raw/color/Apple___healthy/b06260e3-9149-43c1-ab1d-2a592ee2b7fc___RS_HL 5825.JPG,19242,afd8342a7af289d795cf096e9e0898fbf33a758a7f51a9d310331c697b68cbd5,256,256,RGB,3,bb4ae03bc1319735,True,
source,healthy,data/plantvillage/raw/color/Apple___healthy/b09360ae-9c60-49b8-abb8-edc4c37d79c3___RS_HL 7643.JPG,12010,3d6b2aa77b931f07a90415be044c9acefc9f621938387b5342d94ef53ab190d7,256,256,RGB,3,febf83c0984e25a4,True,
source,healthy,data/plantvillage/raw/color/Apple___healthy/b0ba7a6d-95eb-44e2-a2a5-4d9ef9b489d7___RS_HL 5896.JPG,11807,006182713032468431c059e633c0c6b58dd88575a7222c6adb13ade3d1d47656,256,256,RGB,3,bf68ca1684b9b2b4,True,
source,healthy,data/plantvillage/raw/color/Apple___healthy/b122dc1b-a929-4b77-baa9-faf01744fd88___RS_HL 5657.JPG,17337,b50a916d3e78ced1b41f945911172c3731e450d1cf5ff626735cc7880160e1e1,256,256,RGB,3,bac7d586923c9638,True,
source,healthy,data/plantvillage/raw/color/Apple___healthy/b13ada28-ecc1-43e6-bfa2-e8847cd7ec02___RS_HL 7835.JPG,14684,9c40672d59fc2db6ed1f7362766f7a435c77100d32ee46f87c2904e1a90b2e1c,256,256,RGB,3,ecd887639c91f390,True,
source,healthy,data/plantvillage/raw/color/Apple___healthy/b1784ebf-1145-4997-8e7c-4238d0ee2575___RS_HL 6299.JPG,12614,678d54f4801745e51e5b9eab2f78c69d743daa7926b893623526705115cd7650,256,256,RGB,3,ebca96659892b199,True,
source,healthy,data/plantvillage/raw/color/Apple___healthy/b17878ef-2476-4eba-9bdf-0a7950edae2a___RS_HL 7957.JPG,13477,966b88272080f34942582a58ebcef3f78e21956d99db7806230969979781c9b2,256,256,RGB,3,feb8a0d0d5ca8ac5,True,
source,healthy,data/plantvillage/raw/color/Apple___healthy/b1e778d9-67ab-4480-ad8c-99608cbad53e___RS_HL 5976.JPG,13860,49e730acb7a4f6558f8a12a5bc35f145e9f80a7206228f950348f9c2264566b7,256,256,RGB,3,fa7a81cb9d95b090,True,
source,healthy,data/plantvillage/raw/color/Apple___healthy/b202b328-dec4-4b4a-bf6f-50c331f63f89___RS_HL 6311.JPG,11709,72efc4dcf9c48893b56293297e430e6502c28fb493c88837f52ea1abc797e0d4,256,256,RGB,3,e5ed98923691b326,True,
source,healthy,data/plantvillage/raw/color/Apple___healthy/b2187f22-a9bf-47e1-8b92-b12af779833f___RS_HL 5944.JPG,11638,0b7939dd6e448de0e968b1ff52c0770305b03a88477c5150392c61e227dcad00,256,256,RGB,3,bf68cb16cc19c21d,True,
source,healthy,data/plantvillage/raw/color/Apple___healthy/b228e0e9-6082-4f02-a31e-11077fff799a___RS_HL 8143.JPG,12781,a606eda01410763f5fe14058c323ef95b05bf9e6948efdf29471c01ce6156ce1,256,256,RGB,3,ff94c1c3933c3c28,True,
source,healthy,data/plantvillage/raw/color/Apple___healthy/b2acd8b3-5156-4568-95e3-b7c6604ce7cc___RS_HL 7959.JPG,13335,9701b95cf45046ff228e3df90153af16318d4dda9d1b935c5b99e80d10a94e64,256,256,RGB,3,827ef025cf06fc19,True,
source,healthy,data/plantvillage/raw/color/Apple___healthy/b2daabdc-93aa-462f-8789-6e491d95a027___RS_HL 7641.JPG,9957,7199668b669bc7460cedc59ffdaa71cd2f85af26d4f64e3c6d5c4ddce7e24bbe,256,256,RGB,3,e34b8d30d3762e92,True,
source,healthy,data/plantvillage/raw/color/Apple___healthy/b30e7ae6-7ea7-4eaf-8ffa-06b0093c9f75___RS_HL 8030.JPG,14163,f7c67e78f06460aeab297c0ba2b4e4f910914e8690c72d0da6850d11892d36d1,256,256,RGB,3,e5ecc09d9b947063,True,
source,healthy,data/plantvillage/raw/color/Apple___healthy/b31c759a-547a-46de-937f-56714107db63___RS_HL 5857.JPG,18418,597b8d175bedcbbcf39427a0345b7a1fa4e287cfe138a59e1c43e19d8ef0dfd0,256,256,RGB,3,bec2958d98acb156,True,
source,healthy,data/plantvillage/raw/color/Apple___healthy/b31cfff9-da7e-40ca-8e8a-2b8562031473___RS_HL 7333.JPG,17317,842d2a03df1438d8765e2a80cf7fd4744156d72a9c32a7ca96c2ceb1a6767680,256,256,RGB,3,bdc3e28c9c2cd833,True,
source,healthy,data/plantvillage/raw/color/Apple___healthy/b34b807c-4986-4b85-8ede-73d625a14921___RS_HL 8025.JPG,13350,69c8d2a2fc09a7fed20bbca77c7b63c52b9bbf8cd18dff6bb5965ea1f382f210,256,256,RGB,3,abe99434c3b6259a,True,
source,healthy,data/plantvillage/raw/color/Apple___healthy/b3562453-945e-4462-8589-ec879c2a4102___RS_HL 5893.JPG,10956,aba2a45e0396cabe3ff61cc879776906252c913e94259c1ae7e42da3e82be962,256,256,RGB,3,bec0953d99b0c336,True,
source,healthy,data/plantvillage/raw/color/Apple___healthy/b3731461-8db1-42f5-9976-5f3b8b72935b___RS_HL 5973.JPG,13603,c792012141d9d19ecc102a96d5cba5ac59384f579ee2e0a689e7ceb5f2a9eb0e,256,256,RGB,3,aa6a95e59993b60c,True,
source,healthy,data/plantvillage/raw/color/Apple___healthy/b39834e5-d836-4265-a2d6-bba7116efaa3___RS_HL 7518.JPG,15581,f4668150896b22ecb8564088cc5f11ca707db21a645d716cdff87623ffbc8c72,256,256,RGB,3,e5c525cf9c911b32,True,
source,healthy,data/plantvillage/raw/color/Apple___healthy/b3a6e935-5855-48b2-905a-e3d6e1806e94___RS_HL 5688.JPG,15373,cf8d6c84ea8ff52cdaae8c6eaa409ddfe5ad4b3d83afb64c8894b64cb340dc64,256,256,RGB,3,af95d0cae1e4e226,True,
source,healthy,data/plantvillage/raw/color/Apple___healthy/b49f9a95-3672-4f62-9767-51a0f9825267___RS_HL 6232.JPG,12404,8d752165069378ba7fda80ee71f062e2dcd589ae604855d81d9d0d784e63774b,256,256,RGB,3,eb0f956092872d9e,True,
source,healthy,data/plantvillage/raw/color/Apple___healthy/b553a8a1-d101-4b38-aa0b-e76c89c10554___RS_HL 8010.JPG,17117,4da44bb8e64866fd79454709cbd280f380436c59976ebcf712e1deb4727a8476,256,256,RGB,3,e05a876d9e319996,True,
source,healthy,data/plantvillage/raw/color/Apple___healthy/b55fbd6e-955c-4016-acff-4829df8a2f0f___RS_HL 7399.JPG,19942,457d38b2cc6b092a3120cbb335f5c86497ba2fe293eb390ffc13e29139344c97,256,256,RGB,3,bcc364cd9a9d9232,True,
source,healthy,data/plantvillage/raw/color/Apple___healthy/b5bd9505-7491-4ff6-a703-d87b4f5db18b___RS_HL 6223.JPG,10674,c23c00dfaf36b7f2e3b7b30f99c44bd6362ff28baf0b8d9d2dade2cdc604844d,256,256,RGB,3,be90c1cfce6c4c34,True,
source,healthy,data/plantvillage/raw/color/Apple___healthy/b5ff5168-38d9-4a8b-b5bb-94c310e77b53___RS_HL 6083.JPG,12709,40c9719d80ac2e0dbe44b759d5693ea6113c486162d68ec71c5c56c8f06f3900,256,256,RGB,3,f8c3872c91b4e1b3,True,
source,healthy,data/plantvillage/raw/color/Apple___healthy/b6808ea5-f26b-49fa-87b2-a1bbbc98d74c___RS_HL 6095.JPG,10792,f5b69b3556a09ff037a3bd08015f9b668bf8c3ee95e8182632deade9674f1521,256,256,RGB,3,eac2878f98b581b3,True,
source,healthy,data/plantvillage/raw/color/Apple___healthy/b681e485-e0a6-489f-b9c9-c67d67e70801___RS_HL 5874.JPG,16136,d3d2edbd9b102a9b6afe5d75db4c7f7fe4a92bd891c2b50bd4da1cdbc35ef2ec,256,256,RGB,3,f8c58b1a95619727,True,
source,healthy,data/plantvillage/raw/color/Apple___healthy/b68238fa-2e01-43b2-bf8c-0e9d38848b02___RS_HL 6289.JPG,12102,7e29aa4d7ff18b51a9fb67d7e6a28164c02a20c8e039e7d241418aa20caf49a2,256,256,RGB,3,aacaf10b973f9034,True,
source,healthy,data/plantvillage/raw/color/Apple___healthy/b687a4b9-a56c-4d15-b1a4-0e0ce647f7d3___RS_HL 7935.JPG,14537,7c2e94f4f18619782bf1f4defb9cd950e1a6ea9fdfa4801586675b07edfb0c35,256,256,RGB,3,f42a8771cae74526,True,
source,healthy,data/plantvillage/raw/color/Apple___healthy/b6a2a9d1-5fff-4f42-bc18-12c9777001e6___RS_HL 6067.JPG,12749,2487255e0db8d3e1e6d9339e4fbb92db29392e570110d2fbca5c5a2357dc24c0,256,256,RGB,3,aacaf50d9a35d036,True,
source,healthy,data/plantvillage/raw/color/Apple___healthy/b6d4b26d-cc9d-4250-ae1f-5678b5fcd068___RS_HL 8071.JPG,12167,eb51cb95943f33d727cc54926b34c62bd44b206317e155f2ab8a670d1171af6b,256,256,RGB,3,89ffd080ce1fe41a,True,
source,healthy,data/plantvillage/raw/color/Apple___healthy/b776b468-ee06-4871-98da-3998ead30369___RS_HL 7438.JPG,18050,214bce6b7d4b29a9ee79f604167ed3bf8ccac1f6e35b863464d06cd779ab5f8d,256,256,RGB,3,eac9348e936c4bb4,True,
source,healthy,data/plantvillage/raw/color/Apple___healthy/b78e8d44-f901-4cef-bb6b-220e229796e8___RS_HL 7468.JPG,21186,d57771a31d3c65148be92d035229229d663dc2f129e7a89e146bcf2ca70bbcce,256,256,RGB,3,aa52b521cf8fc89c,True,
source,healthy,data/plantvillage/raw/color/Apple___healthy/b78fc35e-44b6-4e89-8a23-54becf423e0c___RS_HL 5964.JPG,14849,8e4e19f66681ce8ecdfeee28f5cc31f55fc9788298e44f89d1f4990299d6133a,256,256,RGB,3,fae0818fd895cd31,True,
source,healthy,data/plantvillage/raw/color/Apple___healthy/b79b7572-548b-400e-a675-1ffa9a1d6079___RS_HL 6281.JPG,11293,f12147cd28db30d85b647786bfbb31bb6cceb771a2b1a032f2ad3d914abdd441,256,256,RGB,3,ffc0a19e94959037,True,
source,healthy,data/plantvillage/raw/color/Apple___healthy/b7bc8a7b-c93c-44c2-9b8f-d142e05cee7f___RS_HL 7617.JPG,14255,45f3503516bbe7e84f0ab8d8510700ebb83975aa815da054035d327b0169ce3e,256,256,RGB,3,ed8d81c5c71a96b2,True,
source,healthy,data/plantvillage/raw/color/Apple___healthy/b7e9a2ff-31e8-4ddc-b739-17a8889715e7___RS_HL 6285.JPG,12835,c03f1d312ac946bc362af47b242d8e1962e234fc861217c84bfaa3c55d07f44c,256,256,RGB,3,bc30903bcb398dc7,True,
source,healthy,data/plantvillage/raw/color/Apple___healthy/b85dfb75-f620-427c-9108-02547560a2b4___RS_HL 5913.JPG,11735,44d46e4fd8c3ab132a4d8ef149f36f7e89228413ce5061446a6040afca25ff13,256,256,RGB,3,bf61c0868d999eb8,True,
source,healthy,data/plantvillage/raw/color/Apple___healthy/b876a8f5-9fee-48fe-817c-f810a55c9ee2___RS_HL 7496.JPG,15013,a4fe3cb00de7a29d5e4622d2cfe1908b6b20aea0fdbd0804ad0486d0297b95c4,256,256,RGB,3,fd3e9751a8c47188,True,
source,healthy,data/plantvillage/raw/color/Apple___healthy/b8e23dd6-ff8c-4617-8602-c9c3a0039766___RS_HL 7983.JPG,11470,46c8cae3812ecd42d5efef60e948030af11df83fc45a4537d111cf3d7dd68827,256,256,RGB,3,ea9d945a8d6741ac,True,
source,healthy,data/plantvillage/raw/color/Apple___healthy/b8ed9a0b-1f7d-476e-907e-7c3c6936d325___RS_HL 5769.JPG,17739,2cdd34632434e289f2a3d04eb3765e4f28bbcdb2a810f252452b3b013089066f,256,256,RGB,3,bf87e0bd92c8c2d0,True,
source,healthy,data/plantvillage/raw/color/Apple___healthy/b93cadc6-112d-40f1-bec9-60c88e79f919___RS_HL 6229.JPG,11816,93e32e5c2969a03b4e4ba7b9d45ee1abf0bd3d1790ba1f724db0d24229a8f8b5,256,256,RGB,3,ec9cc1d396c29a2b,True,
source,healthy,data/plantvillage/raw/color/Apple___healthy/b95d7446-58e5-4f88-a1a9-4ee2930051c4___RS_HL 8205.JPG,12895,36ebf87e75d6b679914a21a9ef3bf2639e475bbb0fc8eca02b8e4ae1ecd9e17b,256,256,RGB,3,f01d8719cc47cd66,True,
source,healthy,data/plantvillage/raw/color/Apple___healthy/b9a7faa2-e43b-4d8d-8df0-2256c8ee3607___RS_HL 7483.JPG,14914,94c9ec3d4d2c1c8052acdfa9163c4475eeb27d0bae2f0e77c7f22ae57470bed4,256,256,RGB,3,aef0d28fcd9d1412,True,
source,healthy,data/plantvillage/raw/color/Apple___healthy/b9d6a99b-7ffb-47a2-a9f5-e3fedf6c0ec8___RS_HL 8204.JPG,12469,d3510798859babd09b80316eb1eef198a562347f30006dc5666e7021426374fd,256,256,RGB,3,f388ad3794768c62,True,
source,healthy,data/plantvillage/raw/color/Apple___healthy/b9d6f390-c210-486f-802b-e204e27990ea___RS_HL 7756.JPG,11587,f6dc824401605fee6da7eb701fc9f592dc52abcb202f3c3922addbad23012897,256,256,RGB,3,a38df63bd830c961,True,
source,healthy,data/plantvillage/raw/color/Apple___healthy/b9e6aeac-899b-4f14-9e45-abb938f58ec1___RS_HL 8200.JPG,11709,8e99d55d72b11fbc653ce0476089ae085dc58ec0a349a67c8489f1b2c8c51a98,256,256,RGB,3,ece6c2918b991dc9,True,
source,healthy,data/plantvillage/raw/color/Apple___healthy/b9ff58a5-fdd5-429a-a6ef-e20d0be450e2___RS_HL 6059.JPG,12064,41725fbab0e1a6b68c8bd92582ccb7af467ddf10e5a2d2c086a426b65f5a1ef4,256,256,RGB,3,eaca9cb1299ab724,True,
source,healthy,data/plantvillage/raw/color/Apple___healthy/ba04fd9d-8914-4513-bc3a-2b8c3998fe83___RS_HL 7256.JPG,17134,da7a61be273d034e6e473bcea36e873dc355b389932bdcc15d35e1b6ff2f3ea0,256,256,RGB,3,a9c3969c9137b346,True,
source,healthy,data/plantvillage/raw/color/Apple___healthy/ba0769ee-18a8-4250-b5c3-d7cfbb1ea0ac___RS_HL 6205.JPG,9377,df549244ec3ac705f3b1c7da927d4c6813387c3d0b347a969492b3373b7bcaf4,256,256,RGB,3,e9869398db689c65,True,
source,healthy,data/plantvillage/raw/color/Apple___healthy/ba1c31ed-0786-4d38-97dc-99c28fb61e64___RS_HL 7289.JPG,13590,83d15f14d8739ebfbe0cd2fbe892acc1a7cc57830ee8cce4f856b75b0634a668,256,256,RGB,3,bdc5a11ee03cf039,True,
source,healthy,data/plantvillage/raw/color/Apple___healthy/ba26ee51-3cff-482d-8ed1-4387aa33f208___RS_HL 7316.JPG,14732,64992a4ee299660d58ddadbf29a9f91ee997a8bfef592144a4f9bb7c5740171e,256,256,RGB,3,fa85a79cd038632b,True,
source,healthy,data/plantvillage/raw/color/Apple___healthy/ba33103e-1321-43f0-8a86-6d5e014c0755___RS_HL 8166.JPG,12942,a30a1368c1b94ae38bdf0c98232e5300cef2bc1d2ce85f22636786458030bbe1,256,256,RGB,3,a96bd41bc2962f38,True,
source,healthy,data/plantvillage/raw/color/Apple___healthy/ba74e810-929a-4107-b366-ade4fc3cc50e___RS_HL 7436.JPG,21972,5c71a42581df2198466f253c2370473e99f7902bd71dcc46553cfc8757d9a23d,256,256,RGB,3,f433a0d9d06a0fb5,True,
source,healthy,data/plantvillage/raw/color/Apple___healthy/ba78848a-d307-4ba9-bb8e-34de742de684___RS_HL 7266.JPG,16378,8f8b3d7329382d933d278979fabba9e39e30136b6dcb36b7394ebf07798e3d11,256,256,RGB,3,e886c39b4fb85529,True,
source,healthy,data/plantvillage/raw/color/Apple___healthy/ba7aa30a-5f0c-44b6-9323-f6ced64aed63___RS_HL 7370.JPG,20689,3a6ee3d4d41f2f13ed29ebcb5c5e2e14f663ecbf603ba75085067cf5607f1faa,256,256,RGB,3,ab4c956547972c5a,True,
source,healthy,data/plantvillage/raw/color/Apple___healthy/bae0be56-db99-469e-909a-6035f9b85443___RS_HL 6003.JPG,11373,1777d55bbb03d7411d3ce10a7640c9ba9e9f53e6a399a1ee8ca661b97fcb7aff,256,256,RGB,3,aaca9387d938a5b1,True,
source,healthy,data/plantvillage/raw/color/Apple___healthy/baf96695-955b-4e24-8b10-c0d544a5d91a___RS_HL 7248.JPG,9945,1c73fd8320f798cbce2ef270ac2c600b15b0e1df19be8440e846f49c4552def7,256,256,RGB,3,b4619336c336cc79,True,
source,healthy,data/plantvillage/raw/color/Apple___healthy/bb575ddf-8661-4bcc-82ee-25050ba543b7___RS_HL 5807.JPG,18730,5a5cd393bf51acc9c33f60d0bc818e82b7017f6b04e913551e2b93f7158e9d1d,256,256,RGB,3,fb0ee02dc6369662,True,
source,healthy,data/plantvillage/raw/color/Apple___healthy/bb94fafa-e2c6-41bc-8146-83835e579513___RS_HL 7585.JPG,15807,a09ab8cf646632e9fa69e6a7a283dfed6b59bfd500e2e8508cb9ab29a93c0ee6,256,256,RGB,3,fea680c39dbd4858,True,
source,healthy,data/plantvillage/raw/color/Apple___healthy/bbc953a4-7860-4273-a653-6697a53c74e2___RS_HL 7606.JPG,13141,17c5c7b557696ebcb2b87d593c5a51cbc1779efb1c2b95c80efa859ad3f63941,256,256,RGB,3,fa468528ce758f31,True,
source,healthy,data/plantvillage/raw/color/Apple___healthy/bbf190ed-4d1d-4add-a0d9-e672860c7b1e___RS_HL 7736.JPG,11679,3956fba6fc85aa2cb42d85b1fc26a1f56344a8cdd334749ff9d25fa6114713c9,256,256,RGB,3,e0c7c7dc98919395,True,
source,healthy,data/plantvillage/raw/color/Apple___healthy/bc0818a9-ad35-4d9d-93c7-20a9901c0781___RS_HL 8098.JPG,15244,beade2b509c016850cba9ddfda4ea69897191accb4f000669bc32183e902c6e0,256,256,RGB,3,eb649d9b96351360,True,
source,healthy,data/plantvillage/raw/color/Apple___healthy/bc1fe2f2-05c7-485e-9f97-af1dfb59394a___RS_HL 5901.JPG,11022,7e30414649e1547e2e985ffaeca1ddd3ccda0c687f66880b941ff5f92ea341ac,256,256,RGB,3,af9f95b48a48d8c1,True,
source,healthy,data/plantvillage/raw/color/Apple___healthy/bc9b490b-eb06-4b0a-bfcc-f90478e0418b___RS_HL 7677.JPG,11565,0e32c743cd2b6089437dfb711da81ffee7da32867d954986f41bc62769266d85,256,256,RGB,3,efc7c41491d09b4b,True,
source,healthy,data/plantvillage/raw/color/Apple___healthy/bcc124a4-afd2-4663-86ff-5eef7101bf02___RS_HL 7939.JPG,14496,6449d0e6efb51fc6b92511497e50731b5d28a9793f9f72c03f19b9cf1de5cb12,256,256,RGB,3,aa7592c8cacd6596,True,
source,healthy,data/plantvillage/raw/color/Apple___healthy/bcd55989-eab4-4d03-8fe2-2f24ba37c637___RS_HL 7394.JPG,14857,3e90a1f45cab9adb78b7b847ab8eca17eeff16113099bcf1fcb205e543f9fcd4,256,256,RGB,3,de2be5b09095889f,True,
source,healthy,data/plantvillage/raw/color/Apple___healthy/bd44da3a-be59-458e-a81b-cf8f9d38724d___RS_HL 7336.JPG,18620,b4a8c2fbda973a78306c8037774b163e57229acdb584eedfa3b81b04613dee62,256,256,RGB,3,af17c0fc4ec3382c,True,
source,healthy,data/plantvillage/raw/color/Apple___healthy/bd55e151-34f4-46b0-8683-7315c39a7e34___RS_HL 7802.JPG,15699,dbe1e41b92dd1076861bd4730ef16085570a8e8b0653b3d7da51629cacff607a,256,256,RGB,3,a956d76cc9306993,True,
source,healthy,data/plantvillage/raw/color/Apple___healthy/bd61a0a7-939f-43ba-bb02-168ceb97a32a___RS_HL 5902.JPG,13301,0f17612bef3a8a15918fd810f9655497cc854922357799dd1b50549c76d1784d,256,256,RGB,3,ea42d52d8a3d8d33,True,
source,healthy,data/plantvillage/raw/color/Apple___healthy/bd802f98-838a-4703-b38d-5db77ddac1b8___RS_HL 8154.JPG,13856,8bb7d246bd8f5d492c86985f499d67ca24949c9ae59f2b687e768f8f8c89b2d1,256,256,RGB,3,f546883b91b396a5,True,
source,healthy,data/plantvillage/raw/color/Apple___healthy/bd8417a5-84a7-4d6f-b71c-687c343d97f5___RS_HL 6028.JPG,10021,3468f119cbb341af65f416abacaebd8a7db8a18fd395d391b16c194b491c3f4a,256,256,RGB,3,f862c7851e98b1b9,True,
source,healthy,data/plantvillage/raw/color/Apple___healthy/bd910a05-42d0-4e01-9d88-0c8577ccdbe2___RS_HL 7396.JPG,16687,788000c05a35b24d08c9c14a82e6ed2ae7cbe7bb15313ddf0526aa6f3be64af3,256,256,RGB,3,fa95c5ca96693229,True,
source,healthy,data/plantvillage/raw/color/Apple___healthy/bd91bdc8-d23d-4414-94ab-485c2bc509b1___RS_HL 6313.JPG,9960,099292d781c9ab8befed0d126d95a47a0ca5f804cefdf9436fcd8e9a8dae702d,256,256,RGB,3,ad69c2968dce9a32,True,
source,healthy,data/plantvillage/raw/color/Apple___healthy/bd9222f6-b97a-4e5b-ac0f-ff320f5f7180___RS_HL 7630.JPG,14777,9c6b9e8baaa48f64d590da409ef3c28ca7e6dfd92586ef95f0a5b0e8bbbae12c,256,256,RGB,3,eff0e58d929c3085,True,
source,healthy,data/plantvillage/raw/color/Apple___healthy/bda31474-87d3-4256-ace8-00d20ef05139___RS_HL 7443.JPG,18931,8430eac975dedfed52c117f3d4e2f43ee78bc233945dd0eceaed618e2dc71f75,256,256,RGB,3,f63c65b07298ca99,True,
source,healthy,data/plantvillage/raw/color/Apple___healthy/bdcce69f-7520-48cc-b22b-c3ad33d5be71___RS_HL 7878.JPG,15062,4e97302dfbc8fbaa8cdc12cfa50d79ff713f2721c7fd2bb5907d1c923ecc7069,256,256,RGB,3,fbca183fc0312769,True,
source,healthy,data/plantvillage/raw/color/Apple___healthy/bde3160c-8a91-4169-908c-62b3429dc829___RS_HL 5981.JPG,11649,4e1b6aa4df234c337fbfa0dcc766ab05cd47129fcfb5c805720f9fdf5c1619ae,256,256,RGB,3,fb52c129ce3998b4,True,
source,healthy,data/plantvillage/raw/color/Apple___healthy/bdf80993-e555-4609-8a83-7f1676bce18b___RS_HL 5682.JPG,19996,7b82f0b829b623971abbd11dd1b60fcb10f73afd8966bbb4729ed8c18aa354ef,256,256,RGB,3,ba6ac78fc89e9490,True,
source,healthy,data/plantvillage/raw/color/Apple___healthy/be0f61c7-6307-4492-8a2c-50987ca6890e___RS_HL 7403.JPG,19553,b2ca60726781790c5977ca656b29b51e37ca021f2db7d2cdd8fb5fd24c361ad0,256,256,RGB,3,b1b386b698ce8c9c,True,
source,healthy,data/plantvillage/raw/color/Apple___healthy/be58ce4e-6678-4315-8786-31bd39e11909___RS_HL 6106.JPG,13506,6f42ea21ea2fbbf32539c9b111d5271eb7238969176901eba106ecdf1ab0c8d9,256,256,RGB,3,fe60c10f9ab0b599,True,
source,healthy,data/plantvillage/raw/color/Apple___healthy/be76ffa1-32a2-4d45-a5b4-740f0eb73156___RS_HL 5974.JPG,14357,6c723b88450b3dc5e166db5fcc0aae79b8ed8a6d4e207665bc56fa26dc34018c,256,256,RGB,3,af36d0c8cbc1b469,True,
source,healthy,data/plantvillage/raw/color/Apple___healthy/be861072-a40c-4318-80a7-659f9f9a11ae___RS_HL 6241.JPG,10073,4ea71b9b876acf623aa9c0bcea130e9c469d359af1dc1a4456098e0805097782,256,256,RGB,3,f894c5ca9a6f0cb4,True,
source,healthy,data/plantvillage/raw/color/Apple___healthy/beaa2ead-91d2-46f1-b2a0-f3a3662ee1f0___RS_HL 7676.JPG,11631,00ba35152c0dc455896ebff79d7ca2235c24eae9c849b1746a37e5713984e842,256,256,RGB,3,faca8127a4cd9c99,True,
source,healthy,data/plantvillage/raw/color/Apple___healthy/becd7e46-f87c-46d0-a973-f957e99ba4b7___RS_HL 7519.JPG,12489,ae7d58286e12912bbe69ddd3fc2b29ddb0aa7a40cbe9d505e713e48023bc1ad6,256,256,RGB,3,e6c674cd9a999960,True,
source,healthy,data/plantvillage/raw/color/Apple___healthy/bed5806d-7325-4a3f-9515-e357432636f1___RS_HL 6301.JPG,13700,ad58dd2f001406c8fa1280bcbd3a21fe024f3cd7320e24c3f754499ea65d0a5c,256,256,RGB,3,abe8d405de3ef030,True,
source,healthy,data/plantvillage/raw/color/Apple___healthy/bede2484-dd97-4291-9132-bf015313a6bd___RS_HL 8196.JPG,12348,823b7922766616fdf6645cbbebf0cd5313f88aee514090e45d326d4ee221ee9d,256,256,RGB,3,e14ec6199a659967,True,
source,healthy,data/plantvillage/raw/color/Apple___healthy/bf26ad48-1ebb-4186-a52c-e249dc19317e___RS_HL 8195.JPG,13236,143ac019eecb4e440f25066fecab94b13ab36c22a4c5a1997795e4fca9a20a3c,256,256,RGB,3,a99f966178c564d2,True,
source,healthy,data/plantvillage/raw/color/Apple___healthy/bf5065ab-8a95-42b7-a914-60c43973ac47___RS_HL 5827.JPG,14321,c15a9940ebde5fa70f4acdb024ea9e2e4aee55e6f59099e25761c4a5fb5fec5d,256,256,RGB,3,aec0a5ad9395da16,True,
source,healthy,data/plantvillage/raw/color/Apple___healthy/bf5b3cf2-cc13-4fbd-b629-7a7f56afe59b___RS_HL 5932.JPG,12173,0cf1dcfc8db4ec1fcf57327dd9cf9e687b78988fbbe736b4b69a449316b9e000,256,256,RGB,3,ea6a87254c9e35c9,True,
source,healthy,data/plantvillage/raw/color/Apple___healthy/bf73cd4a-c19c-457c-827b-144d15f88b37___RS_HL 7830.JPG,14744,e809287481a67437860ae085d56ad2ebb9580376820048980b23f034700e5568,256,256,RGB,3,bbe8c191c39e94b4,True,
source,healthy,data/plantvillage/raw/color/Apple___healthy/bf8697bb-a12a-4488-9178-22180bde51e5___RS_HL 5889.JPG,9586,413703784eebc9ab0219cbb361522bf9bfc1e11cc7f303227e39c8f6a705b387,256,256,RGB,3,aac89585da1ec33b,True,
source,healthy,data/plantvillage/raw/color/Apple___healthy/bfbfd624-ea18-4469-8038-4c90e4369209___RS_HL 7628.JPG,17443,8548d69cb10e626ab5918844c5bba733385696b3ce6e8286d87adc4c8f4a50fd,256,256,RGB,3,f4997190c74bcd85,True,
source,healthy,data/plantvillage/raw/color/Apple___healthy/bfe9c599-e0d3-4ce6-8d8a-403df3d265cc___RS_HL 8058.JPG,12515,ec289e864fbbf17d05e1c1665d4dc034dbfb5e1ef73d29f6a3f48491620ca323,256,256,RGB,3,ad61d61e993ac11b,True,
source,healthy,data/plantvillage/raw/color/Apple___healthy/bfef73e8-a8d2-4c50-8266-b8eaafd993e4___RS_HL 5861.JPG,18420,f635f19d675353d2d174c74e65e890c750d7fefeba0f6747fffdaabc8da80aba,256,256,RGB,3,ec119237db6c49c6,True,
source,healthy,data/plantvillage/raw/color/Apple___healthy/bfff4d8f-8a42-435a-9793-07d7858d0e9a___RS_HL 6177.JPG,11280,3a07b72e4b1881b0b547bbdccce271295e85b83dc8ec405ca7ae8e7e04228bff,256,256,RGB,3,ffc4c00b9f399c30,True,
source,healthy,data/plantvillage/raw/color/Apple___healthy/c0045dfa-da87-423c-a78c-07eb2fd456f3___RS_HL 7764.JPG,16491,040ce2dc1bd269acec0dcb347a55e5058173f7ff420025526dab5afc59929ff7,256,256,RGB,3,fec2891fb439c264,True,
source,healthy,data/plantvillage/raw/color/Apple___healthy/c023b0a2-5c8b-448f-9735-2e11a7a389ec___RS_HL 6198.JPG,9941,c882f313da9566422bd32f6633e6814e1cd8f0b83f2c2deb776771075cd2cfac,256,256,RGB,3,e94b86b49d92328f,True,
source,healthy,data/plantvillage/raw/color/Apple___healthy/c02b90e9-753e-44a7-a4b8-1e19f1de42f4___RS_HL 7971.JPG,14158,119da1132e89f4304d030f83a53af10b2c9e66c7d36cad58f4171a9e84bfb0b6,256,256,RGB,3,ddaba0d4d3c28d61,True,
source,healthy,data/plantvillage/raw/color/Apple___healthy/c05b58c7-3d82-4e6b-b64f-324e0d30d44b___RS_HL 6320.JPG,14781,efd31c84d4301ad51607a8a34802d7e0f19a27cdc48fce1169c563be3dcf9ceb,256,256,RGB,3,bcd6c3591c66319a,True,
source,healthy,data/plantvillage/raw/color/Apple___healthy/c07b5a20-2ebb-44b8-8a17-f8ce3890de91___RS_HL 7638.JPG,10221,5b0de3245f005da2333a1048c6c540a4ac1835b684dec66a3732227eeffd2c91,256,256,RGB,3,a7f19283c93bcc1c,True,
source,healthy,data/plantvillage/raw/color/Apple___healthy/c08ff541-b426-4e5b-8630-98b5246b7d20___RS_HL 5642.JPG,18198,65be223f2f8e5250b80c68938f9574552128035264ad7591ca971e526b327d5d,256,256,RGB,3,f166c6649e92c8cb,True,
source,healthy,data/plantvillage/raw/color/Apple___healthy/c09a02e7-f47a-4dea-b648-eaad0d9f3df1___RS_HL 6037.JPG,10691,67a917eb0c56c4bb3a219a11457c9ebe7b1939094832121d34ea2b8dbef532f6,256,256,RGB,3,aa6ad3942d99d037,True,
source,healthy,data/plantvillage/raw/color/Apple___healthy/c0eef36a-242b-4420-9153-198446da57d4___RS_HL 7478.JPG,16124,5669a858e2f985ffeb44b7b8e8e1cc097f1718d9006bc5ab81f1f0a883537915,256,256,RGB,3,a94f956cce349a61,True,
source,healthy,data/plantvillage/raw/color/Apple___healthy/c0ffd6a1-e3d2-4034-aa74-597bf3a257e9___RS_HL 7973.JPG,15035,544b462df10b76c7de7274adeae24dc116e4e0f4c0c37eb3edcc538ee0257096,256,256,RGB,3,b4a4c3ca8f8d5c39,True,
source,healthy,data/plantvillage/raw/color/Apple___healthy/c1b8e085-537b-4a2d-890f-76f0dabb4757___RS_HL 7928.JPG,16342,1a27aa62b97243b9d00dbafa908c1abca376432bd0f466206051858c35dc1e4e,256,256,RGB,3,efc8d0961c7ac833,True,
source,healthy,data/plantvillage/raw/color/Apple___healthy/c1c192eb-1b3d-4fc5-b2c1-4eba9445536d___RS_HL 8061.JPG,14029,1202909ae61845005d0eab8ff8efce0044bd7c3b2bc9a69d5b00cba460747cb9,256,256,RGB,3,fa9c8772986ad04d,True,
source,healthy,data/plantvillage/raw/color/Apple___healthy/c1d50cb3-894c-4cfa-b414-b0a81b8cfbe6___RS_HL 7405.JPG,20916,553f5a76de17d6f7dc5da93a9d83a1d99735252aad9c4709d8b53c70027bb740,256,256,RGB,3,a284915afcbd6785,True,
source,healthy,data/plantvillage/raw/color/Apple___healthy/c1fb257d-b00b-4a71-baad-92a73af09f52___RS_HL 5745.JPG,21281,cbe819c8077060bc8b30a1aea3c372d8492e38bde5eaf44f1557be9ad9191de4,256,256,RGB,3,aa5ab560c3878a9f,True,
source,healthy,data/plantvillage/raw/color/Apple___healthy/c21cf428-bfc3-4710-b5d2-69d1c0e94748___RS_HL 6268.JPG,12133,5d486b62abe59b8dea5aef6b63f887bacd12bbc3cb2a154eb45a7a522e5d88c9,256,256,RGB,3,ea4a853d99309db3,True,
source,healthy,data/plantvillage/raw/color/Apple___healthy/c2498e7d-1a61-467a-9de9-800bab0e69bb___RS_HL 7395.JPG,11464,e38ce2f18b96f6051f86405721dd75325dbeaed16214d0e4ebc22d518a8cf342,256,256,RGB,3,fb97a0cac50f4cb0,True,
source,healthy,data/plantvillage/raw/color/Apple___healthy/c25d42b9-915a-442d-bdae-d1405e76b8a8___RS_HL 6179.JPG,12445,0fd8b5bb71dec4daf9531eee90d3b07b46a4fb83b622a4aa349cfc1e1a014823,256,256,RGB,3,f6b2c3c98d8c361c,True,
source,healthy,data/plantvillage/raw/color/Apple___healthy/c2a0c51e-b57c-459f-8ce0-34f0816323db___RS_HL 7754.JPG,14964,fc821e20dbffc32ee4d3f5925ae4f76955655c53134509b00299aea610ea9477,256,256,RGB,3,fad2a58dc3c81e94,True,
source,healthy,data/plantvillage/raw/color/Apple___healthy/c2aa2c88-d07b-4df4-80c7-1ba703254844___RS_HL 5727.JPG,18583,e4b404a607728628381de975381771e139136bf8956064ab29139c10d22391cc,256,256,RGB,3,ab68b18dc0478d3f,True,
source,healthy,data/plantvillage/raw/color/Apple___healthy/c2bb2f86-2dc0-46cb-b6af-6fcfde123bec___RS_HL 7762.JPG,12716,48693fc1072716838545427d7dee91c8b920bb49287e26bea79f8a7448d8192e,256,256,RGB,3,fd9462cb6d9c3218,True,
source,healthy,data/plantvillage/raw/color/Apple___healthy/c337df55-148e-41c6-8739-e7c87ec1b32e___RS_HL 6276.JPG,9421,425b6d80b907c0d7657c7aeba169969a8d3a21a3bc498762c4f8e51faed7bdd8,256,256,RGB,3,f898c7c39e6c1866,True,
source,healthy,data/plantvillage/raw/color/Apple___healthy/c338ab5c-055e-4159-949f-9797c7314963___RS_HL 5989.JPG,16825,43a05ddeaed1fd52213fd2c77f38de94081a15a02a220ef67f3cd20af2bf23a4,256,256,RGB,3,ea3c974391cce598,True,
source,healthy,data/plantvillage/raw/color/Apple___healthy/c35175e9-8421-4af6-a6dd-fc8163d7ba73___RS_HL 7876.JPG,15745,5223d09242d98c461e999f5376c69709f88445e8550964e26874c51a2b38c359,256,256,RGB,3,a895c162bc6dd26b,True,
source,healthy,data/plantvillage/raw/color/Apple___healthy/c36cccf8-e56e-49ea-ba5e-b44cb9e04ebd___RS_HL 6062.JPG,11966,760dccd53851857b13ecb6d7a56a70364bc09e0f8bde45dd560e214989e17041,256,256,RGB,3,af69c2168f38b4b1,True,
source,healthy,data/plantvillage/raw/color/Apple___healthy/c3740e2e-9676-4468-a33b-3e11de158532___RS_HL 5872.JPG,17696,ed21f45840a05eae2f1f88503219c0adfd385e9b03edcff60acddb0a0e131342,256,256,RGB,3,f968c30cdc39d09b,True,
source,healthy,data/plantvillage/raw/color/Apple___healthy/c3d84f64-28b0-4ea7-a45a-ea564a9b801e___RS_HL 5648.JPG,17808,e697b1e659a86b22f0f9fbb6666af182a3c96eb98e418dfc71bc2e4367e9b8ad,256,256,RGB,3,fe62c3a49b964c58,True,
source,healthy,data/plantvillage/raw/color/Apple___healthy/c3dfce5d-2232-4b97-8821-6f5c32553fb7___RS_HL 8149.JPG,11839,f854d733f4e0d5b1f87699d4898a972057d7ef4905d49703ff4b1c19196ddc47,256,256,RGB,3,ed1f96c9c9643232,True,
source,healthy,data/plantvillage/raw/color/Apple___healthy/c419612e-2fa8-4d25-96c5-0bf68b3c7205___RS_HL 7720.JPG,8965,60f6e1fbbec332f98fd39f074a1a3a0a9091523edbf47215f0d7f07aacc96ca0,256,256,RGB,3,fc43903eda38cd31,True,
source,healthy,data/plantvillage/raw/color/Apple___healthy/c475ca60-0635-4bd9-8d2f-d3e7003304c0___RS_HL 5814.JPG,20436,f3a9919e44993412b62ca673313bc7d495b953c776e6249c90e4f8ba9181b12f,256,256,RGB,3,efd2c18d9a15b434,True,
source,healthy,data/plantvillage/raw/color/Apple___healthy/c4fcb18d-d501-43da-a069-85bb58831714___RS_HL 5840.JPG,19604,17b71e4189f95c65f9664068867b5902b82bf9a0866ad09b656fcf306cff3b5c,256,256,RGB,3,aee49493de0bc869,True,
source,healthy,data/plantvillage/raw/color/Apple___healthy/c53b358c-9cf4-4388-9743-7c3447715424___RS_HL 7880.JPG,13375,3615abed57c7f7b30b7f9aa142296d1e3d8969b49b7043a5dff5aa10d1618fea,256,256,RGB,3,fec21f2c909635a5,True,
source,healthy,data/plantvillage/raw/color/Apple___healthy/c53e1b93-f910-412e-b902-19f1693ea08d___RS_HL 5962.JPG,11172,07ba2b1aa9364efcde5c7378fd4b6af62a71deb3cbf9ae33ac5e4df78ead4c8c,256,256,RGB,3,eb6a9635c91bd411,True,
source,healthy,data/plantvillage/raw/color/Apple___healthy/c5415525-b654-4f0d-8aaf-c529db6c630f___RS_HL 8115.JPG,15382,bc1e129ef4a4c82e9fb7e650650bfb0563fb6ec7e9600854aa52e79f6672efeb,256,256,RGB,3,af59f4c9c66d9208,True,
source,healthy,data/plantvillage/raw/color/Apple___healthy/c57694cb-8849-405f-9a84-bf0158c53c95___RS_HL 7241.JPG,13145,14fa7f515eec80f3f435a47ccaffe3a5d3ca6eca8ea6766bb238c603e318321e,256,256,RGB,3,e39594d2cb89cd4c,True,
source,healthy,data/plantvillage/raw/color/Apple___healthy/c58cad9c-4529-4be6-8c40-d0f10701fe14___RS_HL 5744.JPG,19498,367c661547f2986781f47b9e681cce8b9e762856a62e3bcd2b9b7187b44b1918,256,256,RGB,3,abb095c3da4bcc2c,True,
source,healthy,data/plantvillage/raw/color/Apple___healthy/c5a79e4d-e008-452d-b71d-503ef9077903___RS_HL 8027.JPG,11757,69707aa7164bbee00d727b9666ed4998f66f3e8f8883e8839ae3ed4e488ace13,256,256,RGB,3,b467d37cc8c03c93,True,
source,healthy,data/plantvillage/raw/color/Apple___healthy/c5a85d3c-72bf-4768-9e3c-d6ba6da6e82e___RS_HL 6295.JPG,13183,41c7004dc6d14127f5601e28a26813b3a9facf3e522abc6c5b3e0bcee6534aa3,256,256,RGB,3,aa6ac3b18d9e909d,True,
source,healthy,data/plantvillage/raw/color/Apple___healthy/c5bcd10f-39aa-47ce-a4e2-1f225bc60912___RS_HL 8037.JPG,11825,e33d829f4a760580592674f3f0212f492def8976dbf6d268118144dd1f41fd9c,256,256,RGB,3,fac3843d93a43336,True,
source,healthy,data/plantvillage/raw/color/Apple___healthy/c5f61d94-be12-4995-99e0-551384b7df17___RS_HL 7860.JPG,14083,0d0e308616202ed2065aa21b7e62eb4d1009a1b3a80dcba38afa0947d3ff121f,256,256,RGB,3,b727c470c9889b8f,True,
source,healthy,data/plantvillage/raw/color/Apple___healthy/c6086c14-d6e9-4c87-8bfe-1275b959bcf7___RS_HL 7369.JPG,19379,b2c54fca1a5e0f3a8f22e640a1312affa93bfdde616470e74068274d480e30a2,256,256,RGB,3,b9b3c6649a93298b,True,
source,healthy,data/plantvillage/raw/color/Apple___healthy/c69944f6-08da-4638-8ff6-7e97b5878b57___RS_HL 5816.JPG,16825,c3b6144431b1f7fcefb102894f57b80da59d33843fe23a6ba2607ed6cf5b04e4,256,256,RGB,3,adc89497c23e9a78,True,
source,healthy,data/plantvillage/raw/color/Apple___healthy/c69a5e33-20a9-4f74-922e-c3bc34b1c98e___RS_HL 7921.JPG,17713,9dfe5411e61b3df55e180eb002392af2eb257a5ea648d119f23d8e3649340492,256,256,RGB,3,b693c99d4c927436,True,
source,healthy,data/plantvillage/raw/color/Apple___healthy/c6d3d356-50ed-4d65-8d29-e1b1b9f8f478___RS_HL 7347.JPG,20907,48933c48e37b015f1340ea41149527c79d409763b1afa19de85add069a0ac20f,256,256,RGB,3,a1e59cb33398e465,True,
source,healthy,data/plantvillage/raw/color/Apple___healthy/c6d8dca1-8921-4f81-aebe-90a692636b5a___RS_HL 7795.JPG,15197,770e7a4eb197a004eee6fe1ba04e21e2a094e9b371408615f495e0529369b1c9,256,256,RGB,3,fa48973ec83183e3,True,
source,healthy,data/plantvillage/raw/color/Apple___healthy/c6e3b06c-3fb3-4516-b663-dea564d907d8___RS_HL 6309.JPG,11186,9491978a77df93c8654a0845db2a26627e1e613e53b2a4c5af9ea614952bcb2d,256,256,RGB,3,a432dbc7599c26c9,True,
source,healthy,data/plantvillage/raw/color/Apple___healthy/c72f2192-e438-4ae6-9b0a-0e9dafbf9a3e___RS_HL 7324.JPG,20849,a5f7c0f4d378b28dac8450cbed0cbfd64c104a22bc73b189f2763ae64ba2d86f,256,256,RGB,3,f896c1ce1c98696b,True,
source,healthy,data/plantvillage/raw/color/Apple___healthy/c73cded7-83a5-4c2f-8f38-0b225165822c___RS_HL 5826.JPG,17388,4cb2c29e897b63e133e114fb2cce5ca1a45a1855ca347e27424c04d8e3bcce19,256,256,RGB,3,fed4e18b85389e50,True,
source,healthy,data/plantvillage/raw/color/Apple___healthy/c7ede8ae-237e-4228-b635-96d3b6a0bebe___RS_HL 7986.JPG,16899,ccf506a691e2839f9e0b4774734b36ef0fa1286001f95c4b46bfcc5c9174d692,256,256,RGB,3,aa39b54f92b09a93,True,
source,healthy,data/plantvillage/raw/color/Apple___healthy/c81e4d98-e76b-48cf-b03a-2ad382d19842___RS_HL 7807.JPG,12906,929baad1805d5e3ed2b2f2373d41c384e94afba5f479a2e32f9c1ecec7a0534f,256,256,RGB,3,8ee8f1874e5ab0b1,True,
source,healthy,data/plantvillage/raw/color/Apple___healthy/c81fa31b-23b0-4e58-bb69-36a45cb7898a___RS_HL 6093.JPG,10789,25dea441df16193465440bce79b9bdcffeb592087ea3aab3bf516c3e2f4fca88,256,256,RGB,3,aa3795f892c15a8d,True,
source,healthy,data/plantvillage/raw/color/Apple___healthy/c854044d-2c8f-4c16-9601-7183b71e25cc___RS_HL 8047.JPG,13274,47bd3050145e80fbc04e9a01a0c4b8f2192e3e03730e16e4c7990f5c33a97888,256,256,RGB,3,ade1b18e869e9a2c,True,
source,healthy,data/plantvillage/raw/color/Apple___healthy/c866af3f-3279-42b7-8e3d-f4f1a84f733b___RS_HL 5883.JPG,16069,d437a7502c56f843ca2df6351bc4e5a692bc87d430f342995cd4538a052a43a4,256,256,RGB,3,bf87e092909bc9cc,True,
source,healthy,data/plantvillage/raw/color/Apple___healthy/c86f1476-4e5c-4dbd-923d-a575bd03cd18___RS_HL 6210.JPG,10713,57838a04dea47f7fc9789c59ebf391d112d7b9d8dc6046617fc3abd0a0ca1f4a,256,256,RGB,3,fec0910f983dc173,True,
source,healthy,data/plantvillage/raw/color/Apple___healthy/c87060be-7d4e-4cb2-b688-fe5378438d16___RS_HL 7473.JPG,20701,c6ddd3dc617e628fd578dd8faed3c8d0a2b64d803c9c37b9ed8a2f35e8c50516,256,256,RGB,3,df9ea0d093e24b29,True,
source,healthy,data/plantvillage/raw/color/Apple___healthy/c870969d-cf55-467f-85fe-f9752cb76ec6___RS_HL 6323.JPG,13774,0f5690baabb94883f85ac6f099b240424c155ae78dd86ec5ed51d15da8ace3fd,256,256,RGB,3,e9b996461aed6132,True,
source,healthy,data/plantvillage/raw/color/Apple___healthy/c89af5ca-be92-4d72-af08-56598771c4c3___RS_HL 5695.JPG,13978,f8cc8a9e24baf9b246c186555cc2cd8d5e537fa3dc880b1ee9b932658c9dda2a,256,256,RGB,3,b51fc261e4c66378,True,
source,healthy,data/plantvillage/raw/color/Apple___healthy/c8f83443-9ab6-483b-99e2-d90760e32ea3___RS_HL 7535.JPG,14310,4ba78944120c6a47ed1e8b3129ca4028514330139528faa6e222999deeb79f85,256,256,RGB,3,dd42e150e7719867,True,
source,healthy,data/plantvillage/raw/color/Apple___healthy/c8fe407d-1806-41a1-9fee-0c7d2c538fba___RS_HL 6166.JPG,13811,dfa8b714ce69bd80c75292842caa3c634afb0fe91bc92c967ab047a335ea9302,256,256,RGB,3,ea6a8fad98963113,True,
source,healthy,data/plantvillage/raw/color/Apple___healthy/c928c4dd-fae7-4650-88e3-8b8cd738243e___RS_HL 7579.JPG,16282,817bbfa109b8c9054c8b53933d34b551f6bf7e0ba7deefbe0b359e856f4722a8,256,256,RGB,3,ffa0c08e96b86959,True,
source,healthy,data/plantvillage/raw/color/Apple___healthy/c933494d-e4a3-497e-8518-c239d4f49f96___RS_HL 7423.JPG,15218,d2bfaef87cd8e15ec8ec79a3b3fd56080668d99015180ae161906ab341e470fa,256,256,RGB,3,fea781508e4bb05d,True,
source,healthy,data/plantvillage/raw/color/Apple___healthy/c936479f-544d-482a-a3d2-19b8bf69bf8d___RS_HL 7898.JPG,13345,6b6e4c82a552460ed2fdf1c22d934becebb6b92eb0d26f9be54425329fe3868c,256,256,RGB,3,bde192d30cc99c9c,True,
source,healthy,data/plantvillage/raw/color/Apple___healthy/c93d7101-89bf-48d9-bcb2-3957da7131ff___RS_HL 8035.JPG,14705,dc8f35b9cc0c6244ba9797bae612898b0d4b23cbbe8d4372094ebce139ad7306,256,256,RGB,3,e34a9e368d3386b4,True,
source,healthy,data/plantvillage/raw/color/Apple___healthy/c95a27db-a513-4f92-b74f-cc4db60999a3___RS_HL 7599.JPG,16593,d49e279698dd0e04fe415063eaec56a4e69097580d34b4907529ea7faca7cb6f,256,256,RGB,3,e3358c42bb2dc666,True,
source,healthy,data/plantvillage/raw/color/Apple___healthy/c95d4ca9-d33d-4cd6-b0da-31f327e8a5d6___RS_HL 7911.JPG,13298,ff6dffbe7958ac7b50e7f728ca0cfb774e7eb53afd86d793f0509dd2d9177d98,256,256,RGB,3,ea92852cdad0bd33,True,
source,healthy,data/plantvillage/raw/color/Apple___healthy/c96313e1-59f4-4c05-ba19-a03a613b7d6c___RS_HL 5707.JPG,20173,3e6939088026144b12ced1bebe998feb5a04d929784b82da2ed1e1cf22bda5dc,256,256,RGB,3,eab5a1d0879ac6c9,True,
source,healthy,data/plantvillage/raw/color/Apple___healthy/c9783552-aa6d-4288-ab36-a30887253bdd___RS_HL 7547.JPG,15317,513e2b5fb0607ff2e13df92ca64d74d9d3ad2ba1b3817c25cec19619448b2063,256,256,RGB,3,eb0ab525c2be2f90,True,
source,healthy,data/plantvillage/raw/color/Apple___healthy/c9b9e157-bef7-41c8-be22-80933635137f___RS_HL 7922.JPG,16428,f3ec7c22efebc95c8c209c47571b58e352e97be12698075f6d068f2ba4839550,256,256,RGB,3,ad6dc193979e9890,True,
source,healthy,data/plantvillage/raw/color/Apple___healthy/c9e911e2-cba6-4a08-b2a5-1c0e1bca68da___RS_HL 5821.JPG,16051,1d50017b1679b256f4ccdf7d85b18c59a7f62e51d4649d1d8cadfb1c00dc2ff9,256,256,RGB,3,accad2b58d3419f2,True,
source,healthy,data/plantvillage/raw/color/Apple___healthy/c9ea6277-0581-43dd-91d6-3fddfdf447be___RS_HL 7412.JPG,17857,b8d5ffc9a1e2bcc0c5a22e43d963366f2e2b222646098882aca5d98211daa040,256,256,RGB,3,af97d068d9e4160b,True,
source,healthy,data/plantvillage/raw/color/Apple___healthy/c9ecb848-37bb-4076-9f57-c1bbe22dbec2___RS_HL 7288.JPG,11008,56ec2696d6b87c10942ff1a91c6f5050233e446abb57fa71619b0a3d7599718d,256,256,RGB,3,bfe4f002d20b9735,True,
source,healthy,data/plantvillage/raw/color/Apple___healthy/c9fff3f0-930b-41e7-889d-8e60e0b720cd___RS_HL 7781.JPG,14186,6ce6f8811d8f45137039d6a50cf42ecb81886978c1a7812e3f2e4bb7d2884dbd,256,256,RGB,3,fa2dc5701cc361cd,True,
source,healthy,data/plantvillage/raw/color/Apple___healthy/ca145350-137b-48ed-bbb4-0716f0f00448___RS_HL 7597.JPG,15493,1726a6e268da48d5d4503fb8aed09dbfda8d184414e48997184bf28d294d53b3,256,256,RGB,3,ab349463d8c74b9c,True,
source,healthy,data/plantvillage/raw/color/Apple___healthy/ca1cb6e7-c72f-4c06-b7c8-b370b48a74c6___RS_HL 5691.JPG,18445,6b577629cf4b025c1e1583c189e9b5be046481d065e74e5b0df425a51f6718a7,256,256,RGB,3,fad2a44f97a89129,True,
source,healthy,data/plantvillage/raw/color/Apple___healthy/ca4458ac-56ef-41f3-b7a9-6084846069fd___RS_HL 6072.JPG,9800,9e360b3e558fb573ef20659d6f51b66b7fdc7d081f65d31ee03deedbd5461e28,256,256,RGB,3,fb94e0d2834a8f4d,True,
source,healthy,data/plantvillage/raw/color/Apple___healthy/ca66c694-e8cb-47df-84af-b4c46de1fd3e___RS_HL 7862.JPG,12733,b23e0872ecf1caf1db18b92710bf9dca8ff81b621e9c27a3f177795fae1dcbc4,256,256,RGB,3,ea349762313e3378,True,
source,healthy,data/plantvillage/raw/color/Apple___healthy/cb237ceb-a536-4864-a5df-34aafa90dc5e___RS_HL 7871.JPG,17447,85ce7b1da648b83e9c5e12b66d36c088ceee53836463110b4de3680de4435cdd,256,256,RGB,3,fcc6a11e9438d339,True,
source,healthy,data/plantvillage/raw/color/Apple___healthy/cb2820ba-baab-455a-8830-df6f53bbb580___RS_HL 6097.JPG,9502,1f7d133dc967b2886173e8f2a0ce36e8a63544d6f66157c67ce21632685071a2,256,256,RGB,3,a86ac694bd93b236,True,
source,healthy,data/plantvillage/raw/color/Apple___healthy/cb32fb76-f899-4c50-8599-2d9551ff036d___RS_HL 6084.JPG,12413,9eae25262a7e07009e40574735c73cb44607161945b0c859b9bde013a0a964ae,256,256,RGB,3,fae0a1c7871e9e30,True,
source,healthy,data/plantvillage/raw/color/Apple___healthy/cb368d24-b5a9-4056-8515-096c649d4007___RS_HL 7752.JPG,12160,e420b5e0a76b99283f7fc237b6f629b40b07b77e83e310d89aca18cdaf2d18b6,256,256,RGB,3,de2da5d2c3c1c964,True,
source,healthy,data/plantvillage/raw/color/Apple___healthy/cb6dbf98-5036-45b9-ab80-45b22ddbac00___RS_HL 6296.JPG,11708,580ab6b7e9786160ce2d9fb0c188a411f3d072c785eab1b4e6ae4ce4a0291349,256,256,RGB,3,e96bc2d4cd89989c,True,
source,healthy,data/plantvillage/raw/color/Apple___healthy/cbc30a63-6c05-405d-b735-0a8eee10192d___RS_HL 5983.JPG,14861,0d84fc4e6755459415a2a7c4bfb2757c257d08ba1c46a00dc2cfb99fee20f304,256,256,RGB,3,bfc2901f9d38c139,True,
source,healthy,data/plantvillage/raw/color/Apple___healthy/cbd14a0d-dbbd-42b7-a28e-4ad56133b425___RS_HL 7491.JPG,13261,d435f47ade51ba5ec932c530485b635d8171461cf34f03a37ed26a7cf4978e24,256,256,RGB,3,8eeaf8859f1e6032,True,
source,healthy,data/plantvillage/raw/color/Apple___healthy/cc2bdee9-6965-4a72-9e00-b5cf39074c88___RS_HL 8114.JPG,12530,4a48a2bb6358c2e3cdd67f5c994c3da130ec5fe296e55e2a25e51be9c3e59c44,256,256,RGB,3,bb95e45a85749760,True,
source,healthy,data/plantvillage/raw/color/Apple___healthy/cc804c2c-87af-4c9f-b347-344701081271___RS_HL 7275.JPG,8127,a0ea84bf580822dca2a3fb8de1a33df81e59eed1588a29649dbe7ed1075e12c5,256,256,RGB,3,a4cf920c99f39b26,True,
source,healthy,data/plantvillage/raw/color/Apple___healthy/cc97a80b-968e-46ba-a7ad-afd3d0ffb21f___RS_HL 6048.JPG,12182,1e4053537a564030a6d65236dc6f397d03b5685022efc2067555496efbfffa52,256,256,RGB,3,e496934b9b398ce4,True,
source,healthy,data/plantvillage/raw/color/Apple___healthy/ccf86248-4dee-4fa3-8192-fc145a227ff1___RS_HL 8097.JPG,17304,39eca7ede5f62781b9ade0fcb8ae5a88de7bfd602b52043d1ca09ad3ec696cfe,256,256,RGB,3,a91fd04bc729ce29,True,
source,healthy,data/plantvillage/raw/color/Apple___healthy/cd18fd71-59d6-4d48-8c52-d31ff68f1fe2___RS_HL 5716.JPG,11828,7d84afce409f90c8f80da5a7ca15764897e61ede0f01a8dc81eeb9a7c91d866f,256,256,RGB,3,bfe0a487961e9a38,True,
source,healthy,data/plantvillage/raw/color/Apple___healthy/cd2bbe2b-8b63-44ea-a259-59d15dcf545d___RS_HL 8126.JPG,15915,d4ac2dee5703428b35c761ee399a7283eaca297a03db0bc457677d10b1f712cf,256,256,RGB,3,e2e2989bb4c99374,True,
source,healthy,data/plantvillage/raw/color/Apple___healthy/cd320898-881e-4546-86fe-dd8676a88db8___RS_HL 7516.JPG,17002,54fa3ef09f1cdad53b0f5289c6abcf454626bfa7e6c91a7ceb9614af272af74e,256,256,RGB,3,fa4983329c35e137,True,
source,healthy,data/plantvillage/raw/color/Apple___healthy/cd39b453-a3bf-4c8c-9a17-98d8a9cde2a0___RS_HL 5775.JPG,20179,0ad98a656af137593cdf821c5ef5bd2005d826b739d9de97265d662654ce9b27,256,256,RGB,3,aa6afde1c29525c2,True,
source,healthy,data/plantvillage/raw/color/Apple___healthy/cdd69da3-ed98-4c7f-9ee9-f0673820a56a___RS_HL 7631.JPG,15238,ef85852672953d999444d5382207ae40d4e807790380e3fa1d479f3f23fb9c77,256,256,RGB,3,fcb220c3c71c9eb8,True,
source,healthy,data/plantvillage/raw/color/Apple___healthy/ce2974ce-80a1-4edc-ab11-901f22a0c009___RS_HL 7700.JPG,10963,dfeb5401a8a6251c14934ed98c577077c5a55f6fd3fa5de25ece114c3c1af3f0,256,256,RGB,3,fbb395484a6da464,True,
source,healthy,data/plantvillage/raw/color/Apple___healthy/ce2f655a-64d9-44ed-a67c-7e23db612a35___RS_HL 7915.JPG,13510,a2c36d09f853eafe6d32bfc02289c2729124c539f0b67262aebff9bd673d6379,256,256,RGB,3,a168fe8781339ef0,True,
source,healthy,data/plantvillage/raw/color/Apple___healthy/ce57ae51-2e2e-4e60-bbc8-033b7b0584d0___RS_HL 6005.JPG,11257,d6cf88aa7c68766e34155db67e88c4bb69f3a3dda014eeed0f0f56baaf90e48d,256,256,RGB,3,ad43d067c33c4f49,True,
source,healthy,data/plantvillage/raw/color/Apple___healthy/ce955079-4dde-4b96-9240-5348dbb3c774___RS_HL 7760.JPG,13008,73abb921e18a89eb77e5adbc52f72f8a9522559ec2061b22c135d5d3b0e86113,256,256,RGB,3,e8e3c796b4999099,True,
source,healthy,data/plantvillage/raw/color/Apple___healthy/ce9a3738-55ea-4974-8539-922ed4f864b8___RS_HL 6175.JPG,13430,acd18019885542479e6597f962d7c265ad7bcbccfe6f64b53fb4e257d93afde9,256,256,RGB,3,ea6a9025cf368db1,True,
source,healthy,data/plantvillage/raw/color/Apple___healthy/ced1918e-3327-45c8-8107-c93dd2586380___RS_HL 5970.JPG,10341,150c9197205dde4629468829d1d5690f59c48981729864ade3c6941eedf9c3cb,256,256,RGB,3,fec0c18f9c3d9231,True,
source,healthy,data/plantvillage/raw/color/Apple___healthy/ced4e27a-5eff-4190-a33a-cdc3d84c811e___RS_HL 6270.JPG,10464,d4b74359138ab2e04caffe9733f40ccdf616ee2fc9a4ecb2f058d7ba98c94fa8,256,256,RGB,3,f8808547d2f29abd,True,
source,healthy,data/plantvillage/raw/color/Apple___healthy/ceead707-a3f7-4ac7-801e-113399dcf68a___RS_HL 7254.JPG,17920,44abce87268e42984696b3b4372461a8d7b23bc6725e505d9b24571de970b8ab,256,256,RGB,3,ea39856691a493bb,True,
source,healthy,data/plantvillage/raw/color/Apple___healthy/cf3df371-fa11-469e-8ab9-7bbeb7435920___RS_HL 6080.JPG,11671,68a15cb7a327629cf443100a2e2ef2af58451fdcc432b8d7484ee21d6cacc059,256,256,RGB,3,ae6ad225cd18ec39,True,
source,healthy,data/plantvillage/raw/color/Apple___healthy/cfb93659-94c6-4ff3-8104-bae70c975bde___RS_HL 5666.JPG,14624,64a75d47c6d3cc318f5569d39999fd791df6d003aa4bee051a6269b381969248,256,256,RGB,3,b83cc6e3188ec74b,True,
source,healthy,data/plantvillage/raw/color/Apple___healthy/cfde002c-0d87-4ccd-ab55-f14b47941e34___RS_HL 7424.JPG,23118,51d835d2030e551d7fa188d11231f7209fce6cd8fbc8d6c9160c5f99c332c45d,256,256,RGB,3,fae092c7ce4ad832,True,
source,healthy,data/plantvillage/raw/color/Apple___healthy/d05d3b29-86dc-411c-a7c2-ca2f9a784e02___RS_HL 8138.JPG,12954,75734985cb9e0e6f28b7076e309803c5a986d3801d98d829980f9170100edb16,256,256,RGB,3,a393dc6cdac164d2,True,
source,healthy,data/plantvillage/raw/color/Apple___healthy/d06d7e4c-e0d4-4f03-8f9d-004405a19f2b___RS_HL 5986.JPG,13434,df4ef1660d9e2ae1860242ed514aba68ac64dae63f207a6c49506331429300d9,256,256,RGB,3,ba97c7c8cc66b062,True,
source,healthy,data/plantvillage/raw/color/Apple___healthy/d092beaf-5cb5-400a-a3b7-b8bcd501af2b___RS_HL 8076.JPG,13021,05fd007f51cce549c78d637607812770a107e74776e1bdc64ec4101af0a613af,256,256,RGB,3,f8c385389331e6dc,True,
source,healthy,data/plantvillage/raw/color/Apple___healthy/d0a8e454-67d0-4ddd-b331-c0425f46b5e0___RS_HL 7274.JPG,17470,24cefd3bb9ffb3786f5fed833db18c966c33e9fc56b43f8e0f189d71b1a9d31e,256,256,RGB,3,a6d8c209ff38e127,True,
source,healthy,data/plantvillage/raw/color/Apple___healthy/d103c4fb-790f-4178-8208-dd191b375600___RS_HL 5645.JPG,17684,b0cb0bb232bed16ec549f791050369e5e8c0a3c7dc45a4d5e589b0faa9696737,256,256,RGB,3,adc1921fda6cc934,True,
source,healthy,data/plantvillage/raw/color/Apple___healthy/d137e403-df20-4a3e-8b30-ab3357870c6f___RS_HL 8048.JPG,13034,04911a68b160020b700c8974f7604dc1a266a178d0734a3fae008b483c7a4de3,256,256,RGB,3,fec6841f91781aa5,True,
source,healthy,data/plantvillage/raw/color/Apple___healthy/d15fe9d3-0631-4482-a482-68d9169f1970___RS_HL 7894.JPG,14831,9e760edf2fc581516fdf24523a728cc984b6fa71eae1456d57b5c87195360aaa,256,256,RGB,3,fae2c58f1498b127,True,
source,healthy,data/plantvillage/raw/color/Apple___healthy/d163d7d1-4557-443d-8584-dab6934f858f___RS_HL 7545.JPG,14580,4db4fe33665f787152c5ce4a80f977c33f9ab34da4d47d37aca19aa75f6cfc95,256,256,RGB,3,fec1e19b90e0b265,True,
source,healthy,data/plantvillage/raw/color/Apple___healthy/d1660af9-58e5-458f-b125-4940f06711c0___RS_HL 7522.JPG,13393,c0f71071e7a49320e698df9c95c2522bb8a19cc15748e61c684df4ea12fad205,256,256,RGB,3,a381e47bd960d663,True,
source,healthy,data/plantvillage/raw/color/Apple___healthy/d182b332-f33a-4ea1-aa3c-51ef7f01efd5___RS_HL 6137.JPG,13155,fed1f4b047d712faad49a57cd33abb52cfc4cdbd6ba6e356ca26347fe870da9a,256,256,RGB,3,fec2969db1208766,True,
source,healthy,data/plantvillage/raw/color/Apple___healthy/d1b50c46-7da6-4940-89e2-800d8c56c228___RS_HL 7594.JPG,14418,ef6a1bc9f88b91f9e99ec53500a9e3279ed447a76876e8af247f0f218891299c,256,256,RGB,3,efb7f0d09009c93c,True,
source,healthy,data/plantvillage/raw/color/Apple___healthy/d1dd75fa-e0f8-4942-b530-5f6371ac9bc8___RS_HL 7427.JPG,19616,586c5e6a6647c4b32c4aef8e25b2d49f9028e4a0f74a9041aa5cd1217c788311,256,256,RGB,3,af1fc47091c14f87,True,
source,healthy,data/plantvillage/raw/color/Apple___healthy/d215e01d-93aa-41cc-9212-614c93151cca___RS_HL 8068.JPG,12837,620a934006cd87adeb12c2d9801ae5281ae836890430944f5e45bd21ba0b6873,256,256,RGB,3,fa3f954bc8842596,True,
source,healthy,data/plantvillage/raw/color/Apple___healthy/d22b7ff6-c7a8-4c8a-b398-918ea6009893___RS_HL 7604.JPG,13620,aee6ac067052ed708375b2366c1146ef7125404670281fdb7c778917e4bda8a8,256,256,RGB,3,a56c9661cbd28e6c,True,
source,healthy,data/plantvillage/raw/color/Apple___healthy/d25674da-5147-4d9d-9041-5b1e97afbdc5___RS_HL 7492.JPG,12980,bed17ced8fac656add51c445dab57dd388af0f2eab568b370dddf787c902ff6d,256,256,RGB,3,baa4d01ecb798c66,True,
source,healthy,data/plantvillage/raw/color/Apple___healthy/d27854b1-51af-4804-a928-9305d63f2db1___RS_HL 6181.JPG,12067,2331283dc78fc6f29152216c993bc324ff1feefe0c73d7b952c9b55f5f74b5bc,256,256,RGB,3,e06ecf99323694b1,True,
source,healthy,data/plantvillage/raw/color/Apple___healthy/d29e5681-1f95-4efa-9196-9ecd45538d87___RS_HL 7328.JPG,18667,dfa1875042b5991938f8b305a6486272fe675552311f4a8e16c4d5418e587933,256,256,RGB,3,abf0c5ca949f3a18,True,
source,healthy,data/plantvillage/raw/color/Apple___healthy/d2ccc66e-eedd-4a68-8b8b-d4b8018f6a56___RS_HL 5792.JPG,21288,421e2a0be8680593af468ce5ff50bf7e14de88e25e292a1fde7629c6339d4a60,256,256,RGB,3,aea4a59a96d8ca39,True,
source,healthy,data/plantvillage/raw/color/Apple___healthy/d2ec850e-20f3-40dc-917a-641424016b92___RS_HL 6217.JPG,10648,2710f0c17eb2bb8672dd60d6dcc86f16f35d8c4af590175d27b0218e09509684,256,256,RGB,3,e894c7da9e691964,True,
source,healthy,data/plantvillage/raw/color/Apple___healthy/d2efd9dd-384c-4ad9-8b41-9780b0ed0c72___RS_HL 5703.JPG,18998,e83f1d8e18811c693275c39cb39574582173f8abd3a6af88cd0a1d932cf11d8d,256,256,RGB,3,af3bc0e4c7423696,True,
source,healthy,data/plantvillage/raw/color/Apple___healthy/d2fc2f4e-9094-4e38-bc7a-f40c5c059280___RS_HL 8170.JPG,12722,688128434e47d0743b451fb82534b882dcb7cd8cb8c2491f66ab259aa08ffd9c,256,256,RGB,3,fac2c58f9c7912b0,True,
source,healthy,data/plantvillage/raw/color/Apple___healthy/d2fe5d37-e8e1-42b2-a24b-875fb2527675___RS_HL 7947.JPG,15376,8b309274b7808b182ef6d3f03c3ba96e2cddc7551a917c20abaee8c4d3fc2172,256,256,RGB,3,eb03c56d9ae45a92,True,
source,healthy,data/plantvillage/raw/color/Apple___healthy/d321145e-6ab0-4ad2-8109-f34ee4389149___RS_HL 7848.JPG,15801,5b2597c95b239669df168143a629cc3c38c154b93e73547b13db8d06fc436b2b,256,256,RGB,3,f84b873c19d0678e,True,
source,healthy,data/plantvillage/raw/color/Apple___healthy/d345baff-7be6-45a6-802a-b945b95b5885___RS_HL 5956.JPG,10819,8759980281143a607957f4d22fbf7c674ff509ec211a2c72e703faa53af0e97a,256,256,RGB,3,ff4ad0179d32a431,True,
source,healthy,data/plantvillage/raw/color/Apple___healthy/d3524c88-0d60-43e0-a181-3ecc0facd54a___RS_HL 8181.JPG,12165,3768d9c084a92558cbc43215c04224ad540cd2cb2a35b4fbb0f230fb3e8b2280,256,256,RGB,3,ad8cf464d03ec3c3,True,
source,healthy,data/plantvillage/raw/color/Apple___healthy/d3543a4b-c5df-44f9-99e2-199e814e61cc___RS_HL 7805.JPG,12275,b45a25d5fe79b8d7e7c81d438530274e6c019cfa71a6255efdfcec5b505d586f,256,256,RGB,3,fee0cd9a90a19627,True,
source,healthy,data/plantvillage/raw/color/Apple___healthy/d3647b4c-45d8-4366-8e93-baf1310072ba___RS_HL 6248.JPG,10057,8e92549917072a6cc105b5e8947c73b6f431258838aa38692d04c4b9f55a09d6,256,256,RGB,3,bf61c09296c53d27,True,
source,healthy,data/plantvillage/raw/color/Apple___healthy/d3780b4b-4bf7-484a-ab4a-2c2f0894f930___RS_HL 7681.JPG,9014,d258e7212249f24900dbd365a2bb58ff1da5c433ebc12780a8943a71b1bd8e06,256,256,RGB,3,af3e94fa0a85698c,True,
source,healthy,data/plantvillage/raw/color/Apple___healthy/d39e5813-55e2-40e1-a305-5d549efa46f4___RS_HL 8112.JPG,13914,80a9521209d2b7f557f7f58773f8db98a1caa95e968ee3f95def3fa88c8e15a6,256,256,RGB,3,ecc7939247599c64,True,
source,healthy,data/plantvillage/raw/color/Apple___healthy/d3b63202-6e22-4d60-b4d0-31c54ffd2762___RS_HL 5675.JPG,19117,a6648d6de68edb75f158d3db29d2624ec19630850745919b1c90947a49db0251,256,256,RGB,3,bac385c5923e9e38,True,
source,healthy,data/plantvillage/raw/color/Apple___healthy/d3db83a2-69b7-4de2-b868-fc3f04a0bf85___RS_HL 7481.JPG,15930,5c919d5c288e4b325ffa37e3f23f463950975d1e8b38b93d0acb9aff01ff88c0,256,256,RGB,3,fc1aa5359a4bc94c,True,
source,healthy,data/plantvillage/raw/color/Apple___healthy/d3f4f38e-212e-451f-9a8f-26a6ea5e3877___RS_HL 5924.JPG,11832,c3efe606436e9d0917db16d4c1fe557b76d2b0340db8390cc1a0653706e529e3,256,256,RGB,3,eae89595c6d21aca,True,
source,healthy,data/plantvillage/raw/color/Apple___healthy/d4008303-6d94-458e-b0f4-61044cc427ae___RS_HL 7709.JPG,10735,3c078b9f09c142d25eceb31d39c64082d133ae183ba72b9e3c6c09a40e1ffd9f,256,256,RGB,3,adc39006cfdc9bc8,True,
source,healthy,data/plantvillage/raw/color/Apple___healthy/d40c491e-7efa-4e8e-865a-fc2e5a240a66___RS_HL 8148.JPG,15489,e6a3c67dd45fb05f2bab1531175e9d7f8a84a4ca042c908c60ceff9ee094c83f,256,256,RGB,3,f21ca5d2c66f9c24,True,
source,healthy,data/plantvillage/raw/color/Apple___healthy/d43caafc-79b9-43fb-ad92-d72d56a98494___RS_HL 7398.JPG,18846,26b6244e5f43fc39ee4a28812da9cad360d1c3cdd3b4f5b6d2ca744eda78faab,256,256,RGB,3,ba7ac22d8f96348c,True,
source,healthy,data/plantvillage/raw/color/Apple___healthy/d44b9a3e-7cec-4e55-af4b-0df481af3f79___RS_HL 7831.JPG,15238,7095e8ce751bf5332eff3acf47375e19d75c1e1b78b41ecf0a68cec43660e68b,256,256,RGB,3,bebdc04c866398ce,True,
source,healthy,data/plantvillage/raw/color/Apple___healthy/d454a4da-a867-45f8-962e-465946df58c9___RS_HL 5876.JPG,15638,19e8bbfe41ef10d72c539b9941c323f325659657a0aeab74e32b9709da04d57e,256,256,RGB,3,eada84a59fc6580e,True,
source,healthy,data/plantvillage/raw/color/Apple___healthy/d45d99cd-6834-4e22-9a4d-f58ef0806ed0___RS_HL 7562.JPG,13494,e59a48acae4cd26075a248253f3ed6adc5b88dbd937137808e419915afb318d5,256,256,RGB,3,abc5b0c09a3f8bd8,True,
source,healthy,data/plantvillage/raw/color/Apple___healthy/d496c802-e976-49b5-af09-b698fcf991f7___RS_HL 7429.JPG,19450,c97bcb2a09fe61ada7e929ffe80366b6e3ca4cbe3c40e3720f0beb1d5a8e5356,256,256,RGB,3,eacc85299a36c8b7,True,
source,healthy,data/plantvillage/raw/color/Apple___healthy/d4ddb36a-e4cf-41be-b3f6-16c584e62b9a___RS_HL 7994.JPG,14037,ccaca03ead921b03b9c0f338a6382966b3c3e99bdafb4c829413bc2917c98834,256,256,RGB,3,ad3e94da9b4d60c4,True,
source,healthy,data/plantvillage/raw/color/Apple___healthy/d509b6e5-a4b7-49c8-ac55-c06c8dab3005___RS_HL 7626.JPG,17256,510cc072b02fcbbae95e144305e92ab4c513047f901c38841fe9b4cb9e413dff,256,256,RGB,3,abb7954ac8cd4e84,True,
source,healthy,data/plantvillage/raw/color/Apple___healthy/d529f5df-f802-4cfe-9a4c-4739ba5dfbdf___RS_HL 7875.JPG,15273,f6e445e2eff65a870f3a90fda2bec9fbdd135477db56547a92ec7faf0eecc355,256,256,RGB,3,bbd0414b96cc5ae5,True,
source,healthy,data/plantvillage/raw/color/Apple___healthy/d54ab4d3-cd8b-4485-81b5-a38273f5fe1f___RS_HL 6076.JPG,12796,fa5a2b9841fece54b9b3774388b87f50a5feeef812d57583933dad3dea48b419,256,256,RGB,3,f255a1ea9e2d829c,True,
source,healthy,data/plantvillage/raw/color/Apple___healthy/d5551b0d-594f-48c7-b689-c409145bf6cf___RS_HL 6325.JPG,12730,1f2eaa6d0ed84e343c2e13fcfa7579dd6e49085936bc73849cf93da74fb7e2cf,256,256,RGB,3,f99c86c1d867899c,True,
source,healthy,data/plantvillage/raw/color/Apple___healthy/d5578393-868f-49fa-8fff-4f0484b4507e___RS_HL 5995.JPG,12937,af7a9f1735f9b6aec99832bda6da2d37faff190c7430bc51ef3d6534041f448a,256,256,RGB,3,fbc294a59cb0b127,True,
source,healthy,data/plantvillage/raw/color/Apple___healthy/d56f2b29-74ed-4997-a16c-f3416fe36c04___RS_HL 7988.JPG,13197,09ee7a2d71eda1a11138ea16b8a871b0b63116e2d5806a0455d7b35915be484f,256,256,RGB,3,fca745bcc6904a9c,True,
source,healthy,data/plantvillage/raw/color/Apple___healthy/d57beb14-b60a-431f-8a41-17a342cba57a___RS_HL 5737.JPG,19123,ff8cb9b946bac49a6492ea753e1d939a3a7bdd973dcb72ed2036d9cb27f0219f,256,256,RGB,3,ebd0e593849e9638,True,
source,healthy,data/plantvillage/raw/color/Apple___healthy/d57f5f33-d8e9-4c40-80ad-c2875743f781___RS_HL 5726.JPG,17752,30d9500b4a72cb149c67db03abffbd513792a8612b6201021a2bc93441911bd7,256,256,RGB,3,ef83d096c8d8cd34,True,
source,healthy,data/plantvillage/raw/color/Apple___healthy/d5c866b2-7eb2-421a-a42a-906308cbffb2___RS_HL 6116.JPG,12983,97a0cce6f16ae80f35d69563e3cda2b181293db553ef236bdc15eed887a23788,256,256,RGB,3,be48c0978d3ba6b1,True,
source,healthy,data/plantvillage/raw/color/Apple___healthy/d5f63752-d817-4b29-a773-f0e87544d61f___RS_HL 7247.JPG,17444,fd55ae2cff89dbf0704bb1d712b11111352837bd4e6e1195470c5ce85693c179,256,256,RGB,3,af6ef424c23e81f0,True,
source,healthy,data/plantvillage/raw/color/Apple___healthy/d5fc35d2-b7d0-4ff7-9f96-5d3055ef6dde___RS_HL 8150.JPG,15083,b49809d206146f21014badcba1db9b803b510a6da387304c04bdb41650ecfcd2,256,256,RGB,3,b9b1c0c38fcecc2c,True,
source,healthy,data/plantvillage/raw/color/Apple___healthy/d6035c7f-f163-4c6b-ba51-d61d10ca1fed___RS_HL 8109.JPG,15512,43cb6a0543ec90c06c7db34f9ca4da854bd938d5540135140e02052d673976cc,256,256,RGB,3,facb91c69cb49431,True,
source,healthy,data/plantvillage/raw/color/Apple___healthy/d61c652b-5e6d-4994-aa4c-bbde26ca0de8___RS_HL 6002.JPG,12044,335c76228eb5eaefd4c02e5dca8d5d7f6b682fe412c9d2d2442ad4b26fa58d44,256,256,RGB,3,eac4a487935adab8,True,
source,healthy,data/plantvillage/raw/color/Apple___healthy/d6318793-dacc-4b58-bb19-043324042180___RS_HL 7246.JPG,18965,6caebef24492230045236d42e5472e51835730ae4ca7db385b11193e18813d2e,256,256,RGB,3,be9371874fb04b30,True,
source,healthy,data/plantvillage/raw/color/Apple___healthy/d64e56f8-7015-423b-9926-5fcf3b4370f5___RS_HL 7735.JPG,10421,3f1c6a8f176bfe46615fb20ca1b8d1d17fa90b4429d8b36d693fd80bad39e2db,256,256,RGB,3,f8c6c79992b093a6,True,
source,healthy,data/plantvillage/raw/color/Apple___healthy/d6590bcb-cb7e-47c9-beb0-80785efb4046___RS_HL 6234.JPG,13048,4a3533f2065bc3d4ce6e4363a0de828bc7de75587d088879271479e89dc9da11,256,256,RGB,3,fac2858d9e38d833,True,
source,healthy,data/plantvillage/raw/color/Apple___healthy/d6a24569-4143-4445-9b3f-77c889df9cd8___RS_HL 6288.JPG,12324,d523a1eeef390eae698303d91d8555d3b06de6f9f06c2e0054f2af4e76c43b34,256,256,RGB,3,fe85815287289f6d,True,
source,healthy,data/plantvillage/raw/color/Apple___healthy/d6aa67d8-1597-4c78-ae39-a6dcad5de6b2___RS_HL 6188.JPG,11904,439846f8da62ec38d3b7c419cdcaafbb79713fc04303188d9cd5b3473def6f3a,256,256,RGB,3,fa3885c35a9e8768,True,
source,healthy,data/plantvillage/raw/color/Apple___healthy/d6b55200-ce53-474b-be71-94b24991fa65___RS_HL 5743.JPG,19825,8c25cee4406565950c10d90a39de126f72262cf920d21964de177e30366fbf39,256,256,RGB,3,bec2e48b968d9a94,True,
source,healthy,data/plantvillage/raw/color/Apple___healthy/d6daf7ae-43ab-4a27-a881-8b716d6c55a1___RS_HL 5845.JPG,18502,9c1fe2095f8b0c783254023d5326c24c2b483a982739033fa6b7bab198fc965b,256,256,RGB,3,bacac48f909fb0b4,True,
source,healthy,data/plantvillage/raw/color/Apple___healthy/d6dd2845-b0ca-4a51-8d0f-db77c8f06e73___RS_HL 5748.JPG,16106,d1aad8d36289a4f098927aa5d291cdb34a9151fd7967179532a881fc4a5fc1c7,256,256,RGB,3,fe54e1cb868c9a2c,True,
source,healthy,data/plantvillage/raw/color/Apple___healthy/d7308460-64d2-4e9e-aa0d-5b4f62d378ef___RS_HL 5802.JPG,17652,99bcf999d9ac9bf6563f5f231939dcdd3c5e9a0465da9e1bbc8ffddc9102591a,256,256,RGB,3,ffb0e20bb45c9170,True,
source,healthy,data/plantvillage/raw/color/Apple___healthy/d74bd0ad-5a61-48ed-a5b6-9e0bf5f3911d___RS_HL 7906.JPG,14071,7b053de2c50402f26ddc68aae4628d59e39407d60b6334737d8f3a44903d881d,256,256,RGB,3,acc9d4c6db3c9690,True,
source,healthy,data/plantvillage/raw/color/Apple___healthy/d76e79e5-2cd5-4a03-9354-5759b2741210___RS_HL 7980.JPG,13193,4621d4d6cddba12a4dfa90bfaf78a34671ca65e6d02b9a1a102b400db8e2024a,256,256,RGB,3,ae6dd8938f929684,True,
source,healthy,data/plantvillage/raw/color/Apple___healthy/d7cc096f-4900-44b4-a85e-216386a73773___RS_HL 5774.JPG,16596,5b8e05e584684f9fd910c7d335e6eadb12004ca982bea0b6159afdb822fc2f19,256,256,RGB,3,afe0f00fd29c9998,True,
source,healthy,data/plantvillage/raw/color/Apple___healthy/d7e31783-62dc-472c-a380-f7cc82207f48___RS_HL 7748.JPG,14830,93e11906f364a5493f97ddb7318210c8cf329ff8505bbacd636531293b28d623,256,256,RGB,3,abe2cc8dd25a58b2,True,
source,healthy,data/plantvillage/raw/color/Apple___healthy/d7e45523-ed79-4f45-ac59-92c7234682b6___RS_HL 7510.JPG,10084,92d056ccb7b44ae68628bccd99edccfc1f5bf93ea416b75ffdd74c076070bb64,256,256,RGB,3,efd0a5c99286d8ca,True,
source,healthy,data/plantvillage/raw/color/Apple___healthy/d80a4d8f-c6a6-41e9-92d0-ba21894f8c64___RS_HL 5794.JPG,19355,5342357e0a766f55266536f7afdfc89eda61b4c1a33ebd3daa1c8138a0dfa160,256,256,RGB,3,ff72d025c1076596,True,
source,healthy,data/plantvillage/raw/color/Apple___healthy/d80c1667-5e83-4405-9759-a9521eff44ad___RS_HL 5699.JPG,18176,bd49b4ca62caf5f75077b5b685d7d0ae68bb827093695a9c9492fd42132771f1,256,256,RGB,3,e3ca9eb48933278c,True,
source,healthy,data/plantvillage/raw/color/Apple___healthy/d81744f3-b4a1-4343-b956-7975fe630b83___RS_HL 7343.JPG,14860,a0f9da66c2bcaaded2426c8a3d3360948d812ad2fb5a71bab089d1e4c7358149,256,256,RGB,3,ff50a02bc26dcb0e,True,
source,healthy,data/plantvillage/raw/color/Apple___healthy/d8182f26-41c1-47b0-96e2-e55236736738___RS_HL 6078.JPG,11095,d83a30bf1b80c88fab6408912c2b46b8a43e8db36c4477b63e223475a62c2934,256,256,RGB,3,eaec95e0c2c29a97,True,
source,healthy,data/plantvillage/raw/color/Apple___healthy/d82119e5-4ee9-4523-9e08-e827d2df02cb___RS_HL 7355.JPG,18378,2805b3423038d6dd77284db0aa5897485b43c15c6b9eb317c695a3d2fe596fb0,256,256,RGB,3,8b0cb4f842e1fdc3,True,
source,healthy,data/plantvillage/raw/color/Apple___healthy/d826b07d-a57b-4331-a451-8bb1ea264861___RS_HL 7537.JPG,16526,451382aa058e759f3a65e7654c1c29d8c34f6387c6a56c3bf061740235c826dd,256,256,RGB,3,fe85f0980d1ece32,True,
source,healthy,data/plantvillage/raw/color/Apple___healthy/d830e2b3-a724-448b-978b-2529bcdb35bf___RS_HL 6087.JPG,11666,66a95668affbb4da1a8e0e88ac2a963a7407213e47830710a9214269496b9522,256,256,RGB,3,ad27d025c392cf9a,True,
source,healthy,data/plantvillage/raw/color/Apple___healthy/d8328d5d-be0d-4de4-8f9d-6cf4b2dcc531___RS_HL 5665.JPG,18723,6239885140f357c1e99c1a63a333b54485b448c8f57ff35505f7c7359fa8d53b,256,256,RGB,3,e3628e25e90f61cd,True,
source,healthy,data/plantvillage/raw/color/Apple___healthy/d87f5af4-6d78-40a7-838c-c5016a07a111___RS_HL 5676.JPG,18385,4422b2ac42ed0450fca822a51edb4e7622ed22843a4670739cdda169dce81a31,256,256,RGB,3,ab7ac08d0ddaf017,True,
source,healthy,data/plantvillage/raw/color/Apple___healthy/d88aa4e9-2d7d-4bd6-9a1d-e2f5a77507ff___RS_HL 7673.JPG,11057,73f8a880a105d8c6029276175bda490fc5bf1d6c064a05204c5213f8f36cd161,256,256,RGB,3,baf1f582c20dc93c,True,
source,healthy,data/plantvillage/raw/color/Apple___healthy/d89ecf86-b89a-4be1-9ac9-017d54734563___RS_HL 7402.JPG,20659,0f43ff3386edb9ebb3805103e23d760c578b94064b9bc08271257e58441bdcd8,256,256,RGB,3,bff8c080cf67c093,True,
source,healthy,data/plantvillage/raw/color/Apple___healthy/d8bd2900-b811-43a1-9ed7-05aa5f3f2649___RS_HL 7794.JPG,14682,81d2bc8ae73c20bac75246c2bf79531ca14f3256fd8f52a2bdc565ee7fd23abe,256,256,RGB,3,be49d64d1936c82e,True,
source,healthy,data/plantvillage/raw/color/Apple___healthy/d8da7e4d-9520-4a25-8f29-4ff677e7c214___RS_HL 7763.JPG,17346,60a1778af9b3ee09960df2c6a8af6cbfaf50fd4b36b95949214925dd7197d22c,256,256,RGB,3,a889d4f29b8de361,True,
source,healthy,data/plantvillage/raw/color/Apple___healthy/d91b6c09-9022-4860-98fb-643c0ec85fe3___RS_HL 7965.JPG,14195,074923f4d7ab783d673799cbdc8be27dc153b0ca242a9938ce5aa0d27072db35,256,256,RGB,3,ff9f8290ccec61c0,True,
source,healthy,data/plantvillage/raw/color/Apple___healthy/d91d546a-0d07-4c6c-b1b6-1686371c0062___RS_HL 8121.JPG,13825,b068661498e1d7f4fd26e66ab46166e7d5b57fe5c28c1f8db85c6423b571dc79,256,256,RGB,3,b9f3e084c38ecccc,True,
source,healthy,data/plantvillage/raw/color/Apple___healthy/d93353b1-0471-4372-8c80-cc8dbd069d46___RS_HL 7592.JPG,13559,ec2b2a5f74fcb1242db4ea0a112f847eb9a93144d267cd71157fa3c429de9a76,256,256,RGB,3,fa35a5c09c4a4bcd,True,
source,healthy,data/plantvillage/raw/color/Apple___healthy/d96d3f24-2fb9-4650-8cd4-c58e1a42f18f___RS_HL 8176.JPG,9778,49f4897eb54cb6201a2e993cd2156f565d7e1b0888a7fca4c2598f28a1c9f25e,256,256,RGB,3,da2ca5d0361a9b6d,True,
source,healthy,data/plantvillage/raw/color/Apple___healthy/d990e148-621b-4e71-8a8c-9b71c15f7faf___RS_HL 8004.JPG,18345,86ec28959a6b2850f43ef56ffd6342d92c36c2fd594997fc5f96a178afeb23bc,256,256,RGB,3,eac2848dd09db33b,True,
source,healthy,data/plantvillage/raw/color/Apple___healthy/d9983cb7-98ea-4dff-b283-faa1d93faa36___RS_HL 7749.JPG,15755,88404b74cc7e323d78822d2c0146bc6ff1883b20f5d345c6c8be4c73ceae576d,256,256,RGB,3,ab978f5290e9c466,True,
source,healthy,data/plantvillage/raw/color/Apple___healthy/d99bef24-fac5-4739-8e4e-02465dba4fa8___RS_HL 5686.JPG,16876,9992269e16ea3c0250a4bb090ba295aeb754320e4a67b610ced30daa9201313a,256,256,RGB,3,ebca9cb191b32586,True,
source,healthy,data/plantvillage/raw/color/Apple___healthy/d9cf36cf-9ce1-4846-927e-17287008563e___RS_HL 7335.JPG,16816,c88efe6d0140334bc2d9f643373d21679482b8eafd8ef774b783adc36b2a2cab,256,256,RGB,3,af78d083869e18f9,True,
source,healthy,data/plantvillage/raw/color/Apple___healthy/d9de1954-e451-48e5-ad8b-5aeca90fe7ea___RS_HL 6034.JPG,13891,dbd2a3f2f7761876fe9ddd1e5255dc958e70468098f39160c1c1cf3670269bed,256,256,RGB,3,ffc0923ec833660d,True,
source,healthy,data/plantvillage/raw/color/Apple___healthy/d9e69ce7-c65b-4c96-85ad-04fcb1698d55___RS_HL 8020.JPG,12941,61b3d11cc95490a462815392ea126797040641e8e6e77e17eb236b5e14b74228,256,256,RGB,3,ba1db45acb49c534,True,
source,healthy,data/plantvillage/raw/color/Apple___healthy/da3ef282-bae6-465c-9ffb-a393c4c38f1d___RS_HL 7528.JPG,15644,025eeb3251ea5854fb30b1d88387e2d90e59176259b70960ae7eb4b43ed4e944,256,256,RGB,3,aab5915acd65d462,True,
source,healthy,data/plantvillage/raw/color/Apple___healthy/da4815d7-03f0-44f0-bc35-8d28c578cbc2___RS_HL 5990.JPG,15382,23ab0fecd07b94e6553a2e97bfec4bd80eee6ff22253fbcbd2eeba09ac760aea,256,256,RGB,3,ea92858ede389a71,True,
source,healthy,data/plantvillage/raw/color/Apple___healthy/da781038-1b3d-4934-8927-9477efa7d5ec___RS_HL 5815.JPG,19480,5d8ec26fcbf3badf58ae374619927817d17472caea52cb0ee55ef5d48f50f668,256,256,RGB,3,bacae48d9a3491b6,True,
source,healthy,data/plantvillage/raw/color/Apple___healthy/da91e28c-3e10-406c-be5c-d10afd8e183d___RS_HL 6041.JPG,12625,a6353d097cbe82ea1be4fee8f09bb3b0ef12a6597a0d9273c72f89dfbcb1f2e2,256,256,RGB,3,ffe0c08f9f903491,True,
source,healthy,data/plantvillage/raw/color/Apple___healthy/dab1c693-aed0-4a33-ab47-66948821a615___RS_HL 7706.JPG,10745,0de526325052bef8d13f0be4dd1a15e3bed35f0414d57855007306cd910a2738,256,256,RGB,3,e8cd8b3a96359334,True,
source,healthy,data/plantvillage/raw/color/Apple___healthy/dab82d8b-05d6-4f3c-8ab7-666b6cc46d72___RS_HL 7874.JPG,13389,6749ca463e0fb8402390faac6849cf775214654ee7a6a05994dfe60884834d44,256,256,RGB,3,a9e94f80179fb2b0,True,
source,healthy,data/plantvillage/raw/color/Apple___healthy/daf045c7-3756-4753-922e-8f36a84a3422___RS_HL 5719.JPG,17846,f2df1b22dd5476a0052f02265937bde2ce6c870f22f75b74f1b365227c79bd26,256,256,RGB,3,eae2a585c49f86ca,True,
source,healthy,data/plantvillage/raw/color/Apple___healthy/db172d76-ff08-4bd5-bd0b-6231f432434a___RS_HL 5725.JPG,16537,9cc32d78ba43086b92089ba770c985af60c26d3e1438d218259c39600dac321f,256,256,RGB,3,bfc0a4831ccb1acf,True,
source,healthy,data/plantvillage/raw/color/Apple___healthy/db1d4348-8db7-420a-b2b4-ac86393f349e___RS_HL 8199.JPG,13078,97f20387b15bdb32ccdaa704845a1704e5f9ed4a366414b6d31afffa44363e11,256,256,RGB,3,f4e4d88f93969930,True,
source,healthy,data/plantvillage/raw/color/Apple___healthy/db44d33e-8ef6-449f-9c92-211b4f7412ce___RS_HL 5783.JPG,11211,1dcafaab626ee0e949fcf612ab2cc3dbf33a27138cf094122224fe923a967efe,256,256,RGB,3,fc2ec3603497365a,True,
source,healthy,data/plantvillage/raw/color/Apple___healthy/db85b64d-0f2a-41ad-9ac2-f912283d8e4b___RS_HL 7863.JPG,12554,f1bca1c1b45fe6812f9b026242a20f7f2f4eedbe0f37a3282b7afd78d1ad5bcf,256,256,RGB,3,fa9a85cf9e243831,True,
source,healthy,data/plantvillage/raw/color/Apple___healthy/dbe7017a-b866-4c93-8ee5-8b2526929328___RS_HL 7992.JPG,15974,20a4af2d31f07bc290e84ec6b2379fd51fa3ff2ed9ec18e3e83a9467c1c0f8d6,256,256,RGB,3,ade0d2c7cb9c8a38,True,
source,healthy,data/plantvillage/raw/color/Apple___healthy/dbe783c1-f25b-4c7b-9151-4f4abab0ec31___RS_HL 5701.JPG,19674,6d9242089660c68959b9ee6afb98c8dbeeaea2a06277a60bba5b0c2cf3793a15,256,256,RGB,3,b69fca2d88e032e3,True,
source,healthy,data/plantvillage/raw/color/Apple___healthy/dbe91ac0-dcec-40f0-8be3-be2cafd83d5a___RS_HL 7384.JPG,18947,7b2f6971fcee54cb0558e640a610b61aaaa71cb707fa258985522351ed520989,256,256,RGB,3,ba93c4cb9c2cda34,True,
source,healthy,data/plantvillage/raw/color/Apple___healthy/dbea92a9-9473-4cb1-b181-341789de0681___RS_HL 5708.JPG,20235,ab71b497a9f0453a3ba3434188e5bf10f9b68baa57050e1216c0c5b118035c71,256,256,RGB,3,eb4ad02d9b9c99b0,True,
source,healthy,data/plantvillage/raw/color/Apple___healthy/dc18b924-f172-445d-8fed-61445d437aaa___RS_HL 6270.JPG,10464,d4b74359138ab2e04caffe9733f40ccdf616ee2fc9a4ecb2f058d7ba98c94fa8,256,256,RGB,3,f8808547d2f29abd,True,
source,healthy,data/plantvillage/raw/color/Apple___healthy/dc3fca98-91d0-4c97-aaa1-cdd1ad618b38___RS_HL 6290.JPG,12891,11889219a472517ba15f53a03a458bb1ae925a56dedd209952e132c2d937b752,256,256,RGB,3,af4ad065cb348d99,True,
source,healthy,data/plantvillage/raw/color/Apple___healthy/dc456961-360a-419b-abb7-b3de3963742a___RS_HL 6055.JPG,12960,67b52fe15240f4326c0d4f138acb55c98b072eb5e74c1587401db7a7cf3e45e9,256,256,RGB,3,a86bce94b5999196,True,
source,healthy,data/plantvillage/raw/color/Apple___healthy/dcaa9b5c-3581-421e-b3ee-b52097931cd6___RS_HL 7404.JPG,20529,9847796a470ec204161ba314c53248697d0cd486708c999eb8e3f0c3fb33fdd5,256,256,RGB,3,b81bf13683464f87,True,
source,healthy,data/plantvillage/raw/color/Apple___healthy/dd296b3c-b97a-4af0-b9f2-3085b1e8b35a___RS_HL 7503.JPG,15068,19048a92aaa049712ff389b83d087dcf2b48ec584847058e3b9bf815813e426c,256,256,RGB,3,fe3f95c0f0d0cac0,True,
source,healthy,data/plantvillage/raw/color/Apple___healthy/dd2b6b6b-2278-4f52-8009-2d57037ab3f2___RS_HL 5670.JPG,21408,894a1b0babe0d52d77777ed7ad3838ecb1f51bfb584cc5e48db3dbf3718cfdfc,256,256,RGB,3,a26efda9c893030f,True,
source,healthy,data/plantvillage/raw/color/Apple___healthy/dd4efe08-e387-42e2-9c4c-61b35b09bd0d___RS_HL 8136.JPG,14871,e1a3b9a41b7129db4727a3fb1058cf120f1885bc483705d761c618014211ae91,256,256,RGB,3,feb36281e6968549,True,
source,healthy,data/plantvillage/raw/color/Apple___healthy/ddbedf65-df68-476a-b6d5-c2b72d5e9b0b___RS_HL 5753.JPG,20511,412384ed77343b27626bfef33f44cf06677e4d87a809433041811c87700830f0,256,256,RGB,3,ea46950fda2ece60,True,
source,healthy,data/plantvillage/raw/color/Apple___healthy/ddbfa011-a5f6-449d-a327-b169fb547136___RS_HL 6306.JPG,10914,9dac3ceaced1f2c0e3abcb53b2d1c70aab886981c3edc7243a4ca90f6605a997,256,256,RGB,3,afabd0f0cb83908d,True,
source,healthy,data/plantvillage/raw/color/Apple___healthy/ddca8aa6-4338-40ea-bf8b-004a53547144___RS_HL 6052.JPG,12796,656fb1933cbfd4f400be6204424172bbcce70dd43724f74466af69a702fbe071,256,256,RGB,3,fe42d01f98bc81b3,True,
source,healthy,data/plantvillage/raw/color/Apple___healthy/ddcb6c1e-1512-4f0f-95c0-8c99dbdba7e0___RS_HL 7801.JPG,15454,fe2c762a8aee1d43658068b963bf86a26783ac1ef0037909b83410f522611654,256,256,RGB,3,af8592d29c4fa954,True,
source,healthy,data/plantvillage/raw/color/Apple___healthy/de10e57b-5529-437c-8d64-15821f05c574___RS_HL 8094.JPG,13847,6110f90f07eab38a06a28b1e6bccf287648811f2417a554edb6424ff68a7612d,256,256,RGB,3,b8f0c20fdb9e9c81,True,
source,healthy,data/plantvillage/raw/color/Apple___healthy/de1cec8e-3880-4410-9fdb-99e79ce2dcbe___RS_HL 7819.JPG,14101,743a26529243e3069c001987c48927929265505adcb746c0f0a02c94dc738136,256,256,RGB,3,f24b8d9c95319ea2,True,
source,healthy,data/plantvillage/raw/color/Apple___healthy/de864ffe-aea2-4c80-bd60-adfc8787be7f___RS_HL 5985.JPG,12719,9ac848edf06882a09c4a74397d2ed007c00c6d51d60d9ca2dcaca5efcffe2f8e,256,256,RGB,3,afe8d1179c327415,True,
source,healthy,data/plantvillage/raw/color/Apple___healthy/de9e2aa0-cc3c-4771-bf19-15ac01a4cd25___RS_HL 5819.JPG,17298,4df2e697402e8238b62d135cc77fb9e8a74fcc7641e75292cdded9e4e7d5087f,256,256,RGB,3,ee6ac0b597923a94,True,
source,healthy,data/plantvillage/raw/color/Apple___healthy/deaf8b47-7a21-4cd2-97a6-8dc1fc644d00___RS_HL 5812.JPG,20362,a4897c938fc1d532ef44eaae7163e949630fb3936f20ecbc67d72afc3cbca82b,256,256,RGB,3,aa95d45ec368e760,True,
source,healthy,data/plantvillage/raw/color/Apple___healthy/decde1a5-7bb9-4f9c-ae10-99b8edcb24fd___RS_HL 7375.JPG,23247,ce19abd34d3eba2a2c920c4ce71d8f255334974f6a744a03bdd38e1599fcc24a,256,256,RGB,3,b9e3e18f36c82694,True,
source,healthy,data/plantvillage/raw/color/Apple___healthy/deec00ab-1c30-441b-b6c0-9dd0dec827f4___RS_HL 6327.JPG,11579,92217e952946e2a07c327dd1b720b0400ca0277ebbe9942a8baa25c8375e71d2,256,256,RGB,3,bc32d269cbc51c8e,True,
source,healthy,data/plantvillage/raw/color/Apple___healthy/def9ef11-75da-4f8f-8334-c6c54a31d3d6___RS_HL 5936.JPG,10085,73ec090933b57bedcb3d984799c3d1db1a197ea6c06e5be817bf90eb8f98d297,256,256,RGB,3,aae1958cd28ecb72,True,
source,healthy,data/plantvillage/raw/color/Apple___healthy/df61d058-fa1e-4636-97e8-3e1d567fddd9___RS_HL 6139.JPG,11240,ddc51bfb4a83280fec39fc80ce29deae1346b12beb80f140e0da8b52cfa14f0a,256,256,RGB,3,bf9fc2e8c460309b,True,
source,healthy,data/plantvillage/raw/color/Apple___healthy/df6bce5a-1d1b-49f6-a9cb-8f262701b335___RS_HL 8164.JPG,14262,9398cf116d076efa398b4393310c3c9984f760a4fd0e383bdd7e955850998178,256,256,RGB,3,abead2968497166c,True,
source,healthy,data/plantvillage/raw/color/Apple___healthy/dfe47262-125f-4452-ab64-3c445b386061___RS_HL 7349.JPG,21371,c8265bafeddc2fb6b9214541852427b917463655479155ad7df7fce9b9e26186,256,256,RGB,3,e5618e644dd8659d,True,
source,healthy,data/plantvillage/raw/color/Apple___healthy/dff74209-1167-4878-8236-e0bf62e877dd___RS_HL 7815.JPG,14119,6497b1c0d62e0a57dabe0285d486c35706befcb5b0aea8564ca0333d453ad1d7,256,256,RGB,3,a9f9c785489e35c1,True,
source,healthy,data/plantvillage/raw/color/Apple___healthy/e00be9db-9536-411d-a9f9-415387f2e605___RS_HL 7249.JPG,17142,a7cd0cf1062139a14242e9847309b6a4e476950cba414b6db969bff49c5fb2fb,256,256,RGB,3,f97ac6259c960c33,True,
source,healthy,data/plantvillage/raw/color/Apple___healthy/e00d340c-2088-458e-b41d-b628959397c1___RS_HL 5940.JPG,11000,82afe5581147aa894153734b41ec7d91f8f8aa72366919d4c96c067271f717a7,256,256,RGB,3,ea6a87bc99913193,True,
source,healthy,data/plantvillage/raw/color/Apple___healthy/e0b3b9e7-70ab-4cd5-ba2f-2924568dc837___RS_HL 7774.JPG,16887,b361ac896009aa0195db0ac2a7189508b1be38e95d24b163f1c39e3b4ef79242,256,256,RGB,3,bcd6c74d9b903849,True,
source,healthy,data/plantvillage/raw/color/Apple___healthy/e1049a9b-7eb2-423b-9a2f-299d24499732___RS_HL 7344.JPG,14111,788cd1f8a2907a4d85a42dea8fcdb08db20234726368bab78b8a436770037a1f,256,256,RGB,3,d7f4a06b9ebc8890,True,
source,healthy,data/plantvillage/raw/color/Apple___healthy/e10f9ab3-4775-4947-920a-d272329ae225___RS_HL 7946.JPG,13991,5999ec3db98d6e73dcd3a8f27be604be87dada36f198f83bbdad244aeb53166e,256,256,RGB,3,a97c9442cbb54dc6,True,
source,healthy,data/plantvillage/raw/color/Apple___healthy/e1571e9e-b373-4d7d-9106-a0b1e4e89bd9___RS_HL 7342.JPG,18477,0cd6aa32b1925cb3f92f68669d5658f6779d87945b804efc96c259e6437c38bc,256,256,RGB,3,8b56b528d1b547c6,True,
source,healthy,data/plantvillage/raw/color/Apple___healthy/e162d750-979e-4e0c-b530-5ebde0367453___RS_HL 7345.JPG,13752,9e18d9e1585f66fd1ad3fc34be5dd2614d7243bd33b6728b516ae4b55bb21a97,256,256,RGB,3,cf2fa4b49653984a,True,
source,healthy,data/plantvillage/raw/color/Apple___healthy/e181a90b-4e75-418b-a8d8-98173cd8bd1a___RS_HL 8194.JPG,13977,6935795077d73fecf6293a26af1ce918323a79b86561a7a2e8a2ff5b6d8bf4f1,256,256,RGB,3,ade1c28ccd9ab6c8,True,
source,healthy,data/plantvillage/raw/color/Apple___healthy/e1ba14eb-adfc-4b8f-91ec-cb6fa892f501___RS_HL 7633.JPG,17103,4db9cb45a0e62263ea95c6f47b67ce1a88aef44d9f5cfde8390ae462a50c415c,256,256,RGB,3,8c98fdd472b9c161,True,
source,healthy,data/plantvillage/raw/color/Apple___healthy/e1e675c7-7ec2-44d9-b5c6-9b71151e1447___RS_HL 7466.JPG,19189,a7514399c21c9dfe7b1324f4cd5230a4784b503bdbe65c82703e0182d23d3372,256,256,RGB,3,b9c3d0879c6d1cf0,True,
source,healthy,data/plantvillage/raw/color/Apple___healthy/e1feed76-9ae7-449b-8c58-aebd806c680b___RS_HL 8034.JPG,14372,9a5395d1b9aebae34d2c96c2fc138e691ac09515568d5ed82caf3e148be767a5,256,256,RGB,3,a8b4935acde54e86,True,
source,healthy,data/plantvillage/raw/color/Apple___healthy/e25a6ff6-6872-4e79-ac62-14221935dd6b___RS_HL 5736.JPG,21702,eee28906f202eb71fbee260daa352813fa7ec1af08a570fb96825656109c6afc,256,256,RGB,3,efd0e1ca941de231,True,
source,healthy,data/plantvillage/raw/color/Apple___healthy/e263a6c7-e289-4d26-ad07-1a11c6854208___RS_HL 8113.JPG,12199,a0d1640ddce2e2c5a794f11ab0e026cf4d4978a1cd9f60e1969a9a5f39ff079e,256,256,RGB,3,afe8e08dc0139ed6,True,
source,healthy,data/plantvillage/raw/color/Apple___healthy/e2799f4e-65ba-4f57-aa7d-9ac6cfa6c300___RS_HL 6265.JPG,14561,f0bb45f62cf328b8f2dd2f4099b88119e29c92b2bb78834802972854d25128a5,256,256,RGB,3,eb9795d8c8e1c0c5,True,
source,healthy,data/plantvillage/raw/color/Apple___healthy/e29afa6a-10d2-4d5c-a31c-b06fdf1bbadd___RS_HL 7691.JPG,10290,73c8a73ec102fa065fc24c734f7faf80288c2d68be80d01d3552257db7eabd8a,256,256,RGB,3,ea9a8787353c3169,True,
source,healthy,data/plantvillage/raw/color/Apple___healthy/e2af3daf-392f-4661-baf0-f4d4522a07f9___RS_HL 5652.JPG,17792,8e9a603fd773641019c60dee7935d10f2c2cad00898e5e87fca4a8eb67dc91d0,256,256,RGB,3,be95c0c2cb61bc4e,True,
source,healthy,data/plantvillage/raw/color/Apple___healthy/e2cce5a6-04a9-436d-8e56-3bf4979b47bc___RS_HL 5886.JPG,12920,1679d848d8f260b76dbf907ecfb8b7a94dbc2d26166746a096a83a228218614d,256,256,RGB,3,eac8953dd037c634,True,
source,healthy,data/plantvillage/raw/color/Apple___healthy/e30a5d07-5f6a-459a-a92d-52f86824bd2a___RS_HL 7896.JPG,14290,9a11d1cc7bcf945348039f7ab0e894ff7d0153fa1e9ae1e630483f24fde91a29,256,256,RGB,3,fe0fe518cbc1cc24,True,
source,healthy,data/plantvillage/raw/color/Apple___healthy/e30f75c3-08c7-47fa-ae3c-7e1e3e782583___RS_HL 6247.JPG,11724,9ac3291f5b4d7483c78c086e1a4819ab465faee9009de0f07fda6a13abfa3251,256,256,RGB,3,adb9c0f29bc2268e,True,
source,healthy,data/plantvillage/raw/color/Apple___healthy/e323a987-eb04-44a2-aaa0-0d85518bb3dd___RS_HL 7668.JPG,11633,0c2ca4a668f4bf52218a11999cf1aacb9f883569d0b6cd225e19ab593dc851a5,256,256,RGB,3,a804953ec2f8fd69,True,
source,healthy,data/plantvillage/raw/color/Apple___healthy/e34850c1-041f-4674-ba19-b3c48956e986___RS_HL 6184.JPG,13325,c0a42e0d432c4a95daad7c66283b27a0898e8d3f8a6d1f075058ea430d0c44ad,256,256,RGB,3,e9e8ce90b19193b6,True,
source,healthy,data/plantvillage/raw/color/Apple___healthy/e35729f0-09b8-4cd4-a04c-30c9b49095c5___RS_HL 6068.JPG,11423,b13c348452f6cbd6b7cea6aa73b74f69c029b5b5765a936c3f51f5eea3a45de5,256,256,RGB,3,ab5ad4259b3698b2,True,
source,healthy,data/plantvillage/raw/color/Apple___healthy/e366d6d6-7a22-4182-bf81-a573831404a2___RS_HL 6165.JPG,12296,6fe41e350162ef278d42367dc9b76e8d13ed49b7a9392164eafa379f65084760,256,256,RGB,3,b82e8591de92979c,True,
source,healthy,data/plantvillage/raw/color/Apple___healthy/e3a3c4f3-12b0-49f2-a14c-c73cdc542e74___RS_HL 7773.JPG,11666,daf1d027cfe891cc070460deb2c75bae083c51b6d5730ca8645fce4aa3becb74,256,256,RGB,3,fac485cb9a3cd027,True,
source,healthy,data/plantvillage/raw/color/Apple___healthy/e3aa227f-1e49-4a2a-8e10-6a1c5c985214___RS_HL 6057.JPG,11694,a823938601763ebe9c3201934ea5e4cb3485c6b31bde9e1f8abb098d914a240a,256,256,RGB,3,fb6b81b1b486c61c,True,
source,healthy,data/plantvillage/raw/color/Apple___healthy/e3bbf9e4-4af5-4137-b996-440c5de827dd___RS_HL 5780.JPG,17431,f168ab3c3e455904988d6ad8913efe7b46b6858b82a33f04337776e95b02e0b4,256,256,RGB,3,afe2d015d29e698a,True,
source,healthy,data/plantvillage/raw/color/Apple___healthy/e439a002-e035-401e-a1aa-77f99fbd65ad___RS_HL 5880.JPG,19524,b17430e3b7a3da343a522afd80fb4f4cc0e02bc2b65086b8dfe9288588bc9e2d,256,256,RGB,3,fa50a5af9ab49892,True,
source,healthy,data/plantvillage/raw/color/Apple___healthy/e4bca84a-8bf3-477f-8c67-208f7484b0af___RS_HL 7287.JPG,10020,d0b867badce7f997e8afd89615ec29897632dc3bcd0585e80e64cd6a70b4597c,256,256,RGB,3,ac84d63ac33b9a36,True,
source,healthy,data/plantvillage/raw/color/Apple___healthy/e4c6e085-5cc2-4bbb-a43e-3d839724c31d___RS_HL 8139.JPG,12767,3c89db5b1baf43d7162fc05f595dd26322a275eeee9397abdf430cc37debb157,256,256,RGB,3,a11ed971c34b8e6c,True,
source,healthy,data/plantvillage/raw/color/Apple___healthy/e5e32bed-0c56-49c1-93d8-415115dd9a09___RS_HL 8006.JPG,19934,f64c627aa551cea23dcdc1c6ace5cc782edea36bbe12ad65d656bcec27157a66,256,256,RGB,3,ade992c4978e5929,True,
source,healthy,data/plantvillage/raw/color/Apple___healthy/e60576a0-8d11-4fe9-8efa-5fe763573dc7___RS_HL 7406.JPG,19535,7c68c31627faa7ba729194b3d032d301b38557b4ee89885ddfa0153db6da22c4,256,256,RGB,3,ed1ab43392699c65,True,
source,healthy,data/plantvillage/raw/color/Apple___healthy/e662b14d-58f7-4347-98b7-ba9cbc1e858f___RS_HL 6024.JPG,11582,67f2bfacbebad29014e9b538b3ee9cf6083f163ccf5065ca4d0a709f49a78765,256,256,RGB,3,fae985c1929e1a9a,True,
source,healthy,data/plantvillage/raw/color/Apple___healthy/e686d3b8-b691-4cc0-a371-8d812c168911___RS_HL 7539.JPG,14722,c0d5430b336771858b2c6984909462dc773106ff2523e1f6c339ace5a1139022,256,256,RGB,3,b8e7a0da8b99cc49,True,
source,healthy,data/plantvillage/raw/color/Apple___healthy/e6b195c1-8aa7-4853-9885-2a6db55b99aa___RS_HL 7409.JPG,18600,6da807a0d5b75080bfc190943f9443c1f2b3d559c64944d47047ed07665aea68,256,256,RGB,3,aee465cd1995199a,True,
source,healthy,data/plantvillage/raw/color/Apple___healthy/e6e1a82f-890f-4c43-b7cc-e35418a28359___RS_HL 6260.JPG,11941,ab297332a7aa7caed4772ccb72a958c5d67d39a22f58fbfc649d60c669e5f9a3,256,256,RGB,3,ad4ad234d130cf73,True,
source,healthy,data/plantvillage/raw/color/Apple___healthy/e6fe30f6-a65f-473c-b266-f9a5cec8f6b4___RS_HL 7559.JPG,17130,c41a2bbdc6c2582557bab9ff41e0492a59cc9bdb0c6ddd1f6380fc9becf23b43,256,256,RGB,3,fca78343331e871c,True,
source,healthy,data/plantvillage/raw/color/Apple___healthy/e703a7bf-2f28-4577-9463-e67397c1b673___RS_HL 8100.JPG,15324,3f4bd4592ad190b346582d47a7f5de297d7cbaade65aa35b5a96b32955ffef09,256,256,RGB,3,adedf0c013c01bcf,True,
source,healthy,data/plantvillage/raw/color/Apple___healthy/e706b363-0bc0-4846-9b56-b7ff2f60e112___RS_HL 5952.JPG,10635,d157db2076cea41b6213359486d8648a2e65d73fa69f09e83d824f5d3c293c3e,256,256,RGB,3,fe61c08d973c9e90,True,
source,healthy,data/plantvillage/raw/color/Apple___healthy/e77cdcd7-1279-4cd1-87db-9d80721311b4___RS_HL 6283.JPG,11205,68db8e48923e4d99dfbdb05f760f1f6ce60fe1ff5b0cf1ddab6dbd2711e0cfe3,256,256,RGB,3,a9e8d217dc3ae093,True,
source,healthy,data/plantvillage/raw/color/Apple___healthy/e7de79f6-05b5-4f79-8b00-b6c212bea3cd___RS_HL 7699.JPG,11518,5dc17a8734f21454d0feea8a1e2300c59f4a1695ebec4460cd4c56b98904e4af,256,256,RGB,3,fbd2a40fd83898b2,True,
source,healthy,data/plantvillage/raw/color/Apple___healthy/e7ef1fc4-cb01-4be4-98ea-207ec6dfb91a___RS_HL 6316.JPG,9794,9339b84e38ab832cd4a05ebc99db7829f1b8d79085981ee9679d338bfcbbb041,256,256,RGB,3,e86a879d8890b775,True,
source,healthy,data/plantvillage/raw/color/Apple___healthy/e7f0bd90-56b8-4d09-a406-9c4786eaca3a___RS_HL 7738.JPG,10030,7942fc4c847cf467858a18c4bbac0e429b071be5cb24bd6571b9f9628749c4b3,256,256,RGB,3,a8eb859d91b1b332,True,
source,healthy,data/plantvillage/raw/color/Apple___healthy/e81989f9-3f71-4473-b997-fc0230a2f87e___RS_HL 7568.JPG,16141,c6221e87258bbe69b4a95dd6a0133998b93fd778d77cb857affe7c1514546549,256,256,RGB,3,ee9da1929f29c864,True,
source,healthy,data/plantvillage/raw/color/Apple___healthy/e83245d3-f5e6-43f4-9621-899b089f1c08___RS_HL 7586.JPG,14928,c04e13e13b420dc455c80f32c1b865137f5719eb9447705372768ce85a179c1e,256,256,RGB,3,ffa1c0879e783063,True,
source,healthy,data/plantvillage/raw/color/Apple___healthy/e8f01d04-432d-4894-990b-df471a782651___RS_HL 6297.JPG,12746,e842243fa4f92e02ac5f19b61baf08312b8730dc3ab8141157bc76670a4f41a7,256,256,RGB,3,bf38d0701bc3499e,True,
source,healthy,data/plantvillage/raw/color/Apple___healthy/e99a7776-9700-4845-bec6-b3db896f5562___RS_HL 7732.JPG,10841,f3fdec3ddcbdd822b2fad9ad8e7601be2154a0b6ff1d3fe0ab31d85f925c6b86,256,256,RGB,3,ad679431db62899a,True,
source,healthy,data/plantvillage/raw/color/Apple___healthy/e9a9e270-a397-4f0c-a1aa-d064d38379e2___RS_HL 8158.JPG,14188,d55303add5d352fa9a35963c7c75d9823e1f8ae52cfe95f9eb0c414d31c9bf6b,256,256,RGB,3,ace7d080c29e9fc3,True,
source,healthy,data/plantvillage/raw/color/Apple___healthy/e9d92a83-92dd-442f-8138-627ead72fcaf___RS_HL 5839.JPG,17115,8436e47dd12bcf429a5fdb452aeb2e73cc044dde758ed2232b8960a631d3f92d,256,256,RGB,3,eaca858d96bd9134,True,
source,healthy,data/plantvillage/raw/color/Apple___healthy/e9f437d0-a209-461c-b071-5c8c13a2ed6a___RS_HL 6291.JPG,10873,dcbd65489871b9119d33034ae96c03bcf6c388385437b2421bed64ddee4f6b21,256,256,RGB,3,b814915acf69cd65,True,
source,healthy,data/plantvillage/raw/color/Apple___healthy/ea45b7c8-f1c2-42c0-bfec-96444c58ddd0___RS_HL 6004.JPG,11231,e0b048db70c22f5c05693e5d31aa0b28f574a60a2ea3a1416b049d21a4852202,256,256,RGB,3,bf60c217cc9d929c,True,
source,healthy,data/plantvillage/raw/color/Apple___healthy/ea6534d4-60f0-4607-b02b-fbd25fe9a9b4___RS_HL 5681.JPG,18977,69dbe072f74d7924c3304ad326d79e327894922fc5a90abe1b84384db908e863,256,256,RGB,3,bbbac1e18ac6c48b,True,
source,healthy,data/plantvillage/raw/color/Apple___healthy/eabe5670-2b40-4677-bc58-b30410ddbab0___RS_HL 7605.JPG,14552,4756eba13b5d8a54f700f1f4a32744254ace34122fa7520c45a07d0b17a1ecc5,256,256,RGB,3,ed40833fe8b217cc,True,
source,healthy,data/plantvillage/raw/color/Apple___healthy/eb1b7162-9f7a-4bb7-b3fc-5dcaef541b55___RS_HL 6218.JPG,11380,6f8a814ffe95c5241fa53906e70ae015ffddf7dbe22904ee09e6c934ed846f1d,256,256,RGB,3,abc9d0a5c3368d9a,True,
source,healthy,data/plantvillage/raw/color/Apple___healthy/eb1fe703-b96e-4440-9f6c-d75efcda5be0___RS_HL 7454.JPG,20135,b05d6c8daea361c390476321892b39d1fce905f56e77dd14bea18430e79b0389,256,256,RGB,3,aab2fd4fc2e883c0,True,
source,healthy,data/plantvillage/raw/color/Apple___healthy/eb8bf5fc-9b26-403e-aa70-a0649a749629___RS_HL 8096.JPG,16152,2124739c4f57cfb3aea9d0eefbc983a4b752b3b7a644edfc339b047551212093,256,256,RGB,3,aa879168dacd6cb4,True,
source,healthy,data/plantvillage/raw/color/Apple___healthy/ebba11b3-2d4b-4580-9c2f-9e59c1047cdc___RS_HL 7305.JPG,18702,62f0074ae4f60d5e3b88a778e051ae12b986b97aedc34ec9315698a718cebf28,256,256,RGB,3,ca13b52dd3343cc6,True,
source,healthy,data/plantvillage/raw/color/Apple___healthy/ebfb312e-5c9c-40ed-a193-955439232491___RS_HL 7512.JPG,17161,0ecf42c7be6e3cfabfee058ecfd64aa76705da721970df5165dc9872109993d1,256,256,RGB,3,f893e1ce8678c6c1,True,
source,healthy,data/plantvillage/raw/color/Apple___healthy/ec1bf8ec-0876-4971-8df1-20f766ac3df2___RS_HL 7666.JPG,11279,2cdc9178035124965c1841d470dc5351962bbed28d7c95f4e87590ff3b8ed86a,256,256,RGB,3,bddbd404c2b44b1b,True,
source,healthy,data/plantvillage/raw/color/Apple___healthy/ec274680-0ee1-49d4-af42-48c6fe0da457___RS_HL 7306.JPG,15500,f61ada7bcbe96a544a37f777c009a0f4bcce0f1efdb2a0b3eb0db47ddeb0b149,256,256,RGB,3,9bc65594c796389a,True,
source,healthy,data/plantvillage/raw/color/Apple___healthy/ec41f18f-cd53-43db-ac79-954871449e40___RS_HL 7789.JPG,13162,3cd75b88a8ed0e46954d29f2a83ecd79f4d99ebcd047e88a50ec685ea19bdec1,256,256,RGB,3,b7d0c0cf99360cf1,True,
source,healthy,data/plantvillage/raw/color/Apple___healthy/ec5b9329-e53e-4578-ba60-03950b3e4883___RS_HL 7784.JPG,14597,09947afb316909ef6eb96d46c5bc70d07a9c8c7583ca6b445f8438b9e27df6f3,256,256,RGB,3,aac8d0b7e5d83287,True,
source,healthy,data/plantvillage/raw/color/Apple___healthy/ec9b03af-1ead-4a8f-ac8b-cf68ae3c46bb___RS_HL 7885.JPG,14760,47016039cbb22be297d7f3002f8845ce620568b4889dbc92a36a17b5668525b3,256,256,RGB,3,a94b9427cb32cd1b,True,
source,healthy,data/plantvillage/raw/color/Apple___healthy/ec9e541f-ebe0-4985-8a34-26f9daf88b5d___RS_HL 5948.JPG,13354,4e84a1321ec9cbdfcfbf75c8dab556909d44f2e4b40130220449a613cbb85864,256,256,RGB,3,afe8f08583909f96,True,
source,healthy,data/plantvillage/raw/color/Apple___healthy/ecfed640-129c-4440-8617-fbe0372c0556___RS_HL 7485.JPG,13757,5a5ae129eddc2a4802b9cec8942e968c906c512b8ca8482ee5b5889a48e52386,256,256,RGB,3,bb83c078db299663,True,
source,healthy,data/plantvillage/raw/color/Apple___healthy/ed151c2d-14c0-49e0-bab4-48e5d879d9ca___RS_HL 7554.JPG,13942,06d794e653a45e9452c075637de7b971e90afd41c281a8a73664cf57fabff161,256,256,RGB,3,abc4a4d3b46a966c,True,
source,healthy,data/plantvillage/raw/color/Apple___healthy/ed54e461-78ec-4cd1-8926-ff568b3fd29c___RS_HL 7886.JPG,14948,43e80d00f885c304ec3b3b5ae6c69db8427e0c77dc02603dc9ca980772da84f5,256,256,RGB,3,efe3c08b96f4106c,True,
source,healthy,data/plantvillage/raw/color/Apple___healthy/ed921a4f-b7a5-4086-bcab-cbfe7a97d053___RS_HL 7449.JPG,20973,7c697987c2dc34b315dbabce6bbfe60e5c12695a829eadd8cddfd1ed3d6e47c6,256,256,RGB,3,f00cd78a65a6d699,True,
source,healthy,data/plantvillage/raw/color/Apple___healthy/edb48c93-3366-4363-9840-41a96cb86e3a___RS_HL 6066.JPG,11419,3e9fe5eb9daf28d38d422e0812e77a6c31a8bf0a25cd6dbbe4e42e57e531ae17,256,256,RGB,3,bbc1c4ce971c9ab0,True,
source,healthy,data/plantvillage/raw/color/Apple___healthy/ede0990f-ed5b-492b-9ecf-2f57027f2cd1___RS_HL 6319.JPG,11181,e79fbee0b60801907a5f6274b9f3a6b56586b63157c9f816b4e790f7222ed6c6,256,256,RGB,3,b6e0c13f6cf033c4,True,
source,healthy,data/plantvillage/raw/color/Apple___healthy/edf2aa3e-8736-4931-99dc-4a05252526b6___RS_HL 7710.JPG,11140,c972c7ec02237c249015eedf8c81709abc1b518e79feaf3b954e31deeba8d1a9,256,256,RGB,3,af60b085c297bc9e,True,
source,healthy,data/plantvillage/raw/color/Apple___healthy/ee4eddac-1368-4d79-950f-e9b09e7cbd24___RS_HL 7704.JPG,10293,dd2ca50f6ba0040f8cc4df0ee1883dd15015a8cb6c500ec9cda75072263a08e2,256,256,RGB,3,bd1ec6984d6194a7,True,
source,healthy,data/plantvillage/raw/color/Apple___healthy/ee80e1f5-3e45-49a2-9766-ee6ec0981f91___RS_HL 5690.JPG,19073,04a402fc7bb56852449ef53a4a9f6831c7851206e5ad3dbbb41654929a37fa2d,256,256,RGB,3,eb62c40f971c92f1,True,
source,healthy,data/plantvillage/raw/color/Apple___healthy/ee93a9cb-b4e5-4ad6-874b-caff1370f5bd___RS_HL 8142.JPG,13965,f34bade53d6280b9de0b9de44cfd02327f3f5a60bfe281d4431617d5090b0b85,256,256,RGB,3,eaca29ce9499b394,True,
source,healthy,data/plantvillage/raw/color/Apple___healthy/eed4b520-3e7c-4a4f-8e7a-26cd9a893a32___RS_HL 5661.JPG,17035,13ea705bde43884845270370a07843476caadeba87fcc956b4e0008e952148d9,256,256,RGB,3,eb3d8568929e6b90,True,
source,healthy,data/plantvillage/raw/color/Apple___healthy/eee67012-27f6-45d5-9365-2561429f046d___RS_HL 8165.JPG,13497,a204efd7fb5393bef5ee6af840b2b67cc675fc6cf868b0d3bf731dbe4550d1f5,256,256,RGB,3,abb1909ccac9ac67,True,
source,healthy,data/plantvillage/raw/color/Apple___healthy/ef16aa29-f7bd-4bad-be8e-4877760a3712___RS_HL 5871.JPG,15318,f587f76c407d58863ac686dd69e63215e9ca39ac63bb7622e6b8e6ad996e48a4,256,256,RGB,3,bb87f0d8cdc6c0c2,True,
source,healthy,data/plantvillage/raw/color/Apple___healthy/ef39563c-7897-48be-b7d5-5371b873b110___RS_HL 8024.JPG,15016,f29987ad6e9ed5197d16f27e5b708bea2ba4eaf27ceb7f5e08d38baa5d83c13d,256,256,RGB,3,f8a5c7ce9a389161,True,
source,healthy,data/plantvillage/raw/color/Apple___healthy/efcddd81-0718-4555-ac8f-f417cc6e6280___RS_HL 7912.JPG,14301,1b9e7aaffabe9e12c24726bfe9e67a6d28165549e7c800aa8b0ed25588d0fae0,256,256,RGB,3,ea9d93d28c6199ca,True,
source,healthy,data/plantvillage/raw/color/Apple___healthy/eff8a4a7-8aa4-4549-ae15-035f85c15486___RS_HL 7783.JPG,14509,d89372716fb780dda5680d9854061300729f0cf9a1a54efc7a3b8c36f7e8d33e,256,256,RGB,3,b9b3c4cf9eb4c018,True,
source,healthy,data/plantvillage/raw/color/Apple___healthy/f0033a40-7a27-46e8-bf31-5af5cd0a9691___RS_HL 7941.JPG,14774,526fa5e01339a43ffe63c0c74d985a9d9f09246505ecc4c4a387fcefdb199d27,256,256,RGB,3,fae2852d9ab087e2,True,
source,healthy,data/plantvillage/raw/color/Apple___healthy/f0194580-8ee6-4149-a63d-7935bc29c09e___RS_HL 7761.JPG,15706,56452d661a89ed79045fc9a6786d8a1be9dcbf9acd9bb2420946bbe3da34d026,256,256,RGB,3,e9e604c29acfc939,True,
source,healthy,data/plantvillage/raw/color/Apple___healthy/f0327e86-a56c-4ed1-bcdb-ed0a46ccd5a9___RS_HL 5926.JPG,15312,78ae5f3e507e5674bd4d526a5f155cf37a18584916c4d79a5a78ee6042ee7080,256,256,RGB,3,ab14d0f8cfc5e0c6,True,
source,healthy,data/plantvillage/raw/color/Apple___healthy/f03b4260-bf5c-41be-a4fe-96a5c341e7fc___RS_HL 7262.JPG,13749,334fc8c27565af97cbd37fbd8c15f298a2314b045753ff14e2c72beb676e16ac,256,256,RGB,3,afda901d97b6f004,True,
source,healthy,data/plantvillage/raw/color/Apple___healthy/f09b090f-bff1-4fc9-87ad-1b9e05373698___RS_HL 6035.JPG,11051,5c4e36a9f45626c8fa25a0a746c5ec44091cd5f39bd6ea81ded4515d583ce275,256,256,RGB,3,fac2953cc932e50b,True,
source,healthy,data/plantvillage/raw/color/Apple___healthy/f0cc8fe8-a9ec-42bb-83b7-274f8f5f00f0___RS_HL 7940.JPG,13948,b1c8f97f26c592ae49f12a04ccfe9dbfb931ed33a7d3e2d26a6eb1562f93c5a2,256,256,RGB,3,e90f97341e929473,True,
source,healthy,data/plantvillage/raw/color/Apple___healthy/f0fb0e55-8a67-4df0-be6f-90913f64bc28___RS_HL 7352.JPG,20627,459e1f0cf3c25391e5118ab5296061eb9462cc79e106332012f1747ff194e932,256,256,RGB,3,f2388dc7e3d0cac1,True,
source,healthy,data/plantvillage/raw/color/Apple___healthy/f109ab3b-0e85-47e6-9c7b-fe1b7a52a530___RS_HL 7975.JPG,14273,26b8a2d563c76ce5c676c1dd301724fb6df1d13df2f3610018b474f1105893b6,256,256,RGB,3,b836de49b0cca663,True,
source,healthy,data/plantvillage/raw/color/Apple___healthy/f17a1770-7878-4f53-a432-e93429328836___RS_HL 6090.JPG,10212,a89c506577beae74f97623933c3cd335610ccdac99ea0958b10fb686ae6c48f2,256,256,RGB,3,ba9bc0d08ec3cace,True,
source,healthy,data/plantvillage/raw/color/Apple___healthy/f18afd6d-b745-4c09-b615-b1b6200bcd89___RS_HL 7683.JPG,10619,344d7f2d52a4c8af8ec8de745d0e88547096a2b6416b9a9dea680484cc09fb96,256,256,RGB,3,fec0cd1ad93ac232,True,
source,healthy,data/plantvillage/raw/color/Apple___healthy/f1953fa5-9c15-40a5-b9cd-43341f14dc4d___RS_HL 6115.JPG,12900,7aa1f49d983b5eaaaa62db92228a1426d5d876b416facd75f7568beb93cb86f7,256,256,RGB,3,aec8c2359d1fa4b8,True,
source,healthy,data/plantvillage/raw/color/Apple___healthy/f1d26177-d15c-43ee-80e5-6246edc6556c___RS_HL 7713.JPG,9098,5b3708a85824a9ffccfdc71a894ccc4b516efd0d8bcfe62624b5b9c31230f483,256,256,RGB,3,ffa44097608f0d9e,True,
source,healthy,data/plantvillage/raw/color/Apple___healthy/f1ff3bc9-8483-4255-a252-95433e00d5e2___RS_HL 7509.JPG,13051,f07e4d9f34e93212812afe0fb1c36eac493a4b4a79bad289e40a49c01eac659c,256,256,RGB,3,f624a1cb8db59c34,True,
source,healthy,data/plantvillage/raw/color/Apple___healthy/f205d63f-9621-4509-b6e9-6d0ec7e3a402___RS_HL 7811.JPG,13718,c7a2b8a2a2dfc40e0be9e956e3d5059baecb3f1cbf8d3b0303b2814f4a3fae51,256,256,RGB,3,f04fab3897259685,True,
source,healthy,data/plantvillage/raw/color/Apple___healthy/f21adca8-b2d2-4a92-84f6-27a46e0935f8___RS_HL 8093.JPG,13537,a2fba68bf768e1648e7e92f3337ebca0e8f6831288703bfb06e4b5024ebea3e1,256,256,RGB,3,fee6609b29d83449,True,
source,healthy,data/plantvillage/raw/color/Apple___healthy/f22abe65-38c0-4b02-b837-2ec8acb3803f___RS_HL 7868.JPG,15291,89a11617229da093195a25e2047e291d9e61b919dfcb2219b4cb7082e511f7e1,256,256,RGB,3,af50d00b4f6d9636,True,
source,healthy,data/plantvillage/raw/color/Apple___healthy/f2314f38-fd6f-4bee-b26e-ad095508beab___RS_HL 6145.JPG,12156,793972e8a12f221a0198644694e6c0706ee575184f0128ded67e070d0926ce18,256,256,RGB,3,aeead0a5cb12ce19,True,
source,healthy,data/plantvillage/raw/color/Apple___healthy/f2904228-2cc6-4c6c-a2b5-6951a6f3535e___RS_HL 6254.JPG,11520,188410b561821d6d556abe68de37dcb73e464e28e5ca2d8776929d35e5c4f85c,256,256,RGB,3,af97d048c7611c37,True,
source,healthy,data/plantvillage/raw/color/Apple___healthy/f2cda910-55c7-46d7-b1a2-9a3bb9792148___RS_HL 6274.JPG,13627,262198126fd6d982126b69261723e13abb36b3831387972f3aef7ebeedecf0a6,256,256,RGB,3,fac2861dd1378734,True,
source,healthy,data/plantvillage/raw/color/Apple___healthy/f2e3e754-4307-440e-8055-1261b7c5c53f___RS_HL 7724.JPG,9938,99a9e04d12e0588414e3c00590b5d5f0099bd4a916837cebaacbfb1524be8875,256,256,RGB,3,b4d1874f989d616c,True,
source,healthy,data/plantvillage/raw/color/Apple___healthy/f2e86675-cb7b-4d8a-9400-9b844ccc3f9e___RS_HL 7323.JPG,15214,c7f0d54864a91ef390c60435df59cf67fc86bd8ee24826772c6de7a6212f8199,256,256,RGB,3,f8d66499b2893366,True,
source,healthy,data/plantvillage/raw/color/Apple___healthy/f31086c2-e23e-4ae1-85a4-89eb742271bc___RS_HL 7611.JPG,14867,86546eb533c126e08fcb00bf425f3c898e958f29a667d8e749189188bf0a1c1e,256,256,RGB,3,adbdd25a86c3e0c4,True,
source,healthy,data/plantvillage/raw/color/Apple___healthy/f3113ef9-20d8-4c82-9bff-66fe60e41065___RS_HL 7790.JPG,11487,a29bf71c964fcb7746a3d82531a96cde4f609cdb2a399da806cea85c9e2fa73f,256,256,RGB,3,f3d0b4c7983234d9,True,
source,healthy,data/plantvillage/raw/color/Apple___healthy/f32ff514-bb33-437d-96bb-526b36662981___RS_HL 6121.JPG,12013,fe0571bac3832274b27378dc91987c484d9f48f095de44068a7a0ebc01012dfb,256,256,RGB,3,a86ac794b59f90b4,True,
source,healthy,data/plantvillage/raw/color/Apple___healthy/f33146e2-5f03-4bb7-ace6-0ebdf535d6e7___RS_HL 6214.JPG,11677,888f030773b186c686a79cf4b4bafb0400ee2b1e62daa7e8cd62300dd9668ce1,256,256,RGB,3,ea65c15e861e9578,True,
source,healthy,data/plantvillage/raw/color/Apple___healthy/f3676c6a-f226-4bc7-b3d4-c9537de075f4___RS_HL 7963.JPG,15395,37158882283b3d603a59c7e10005231283be33d9e15ce2633a1ab03f289d1037,256,256,RGB,3,f0c78e8e9931d1b1,True,
source,healthy,data/plantvillage/raw/color/Apple___healthy/f37b30bb-fc44-488b-9184-bd6f73187803___RS_HL 7955.JPG,12894,7ff08fdbcba6a024e65e49777fb42a0df2ed18134114f356000337bf803e3ad6,256,256,RGB,3,f4c58bce9ca198a3,True,
source,healthy,data/plantvillage/raw/color/Apple___healthy/f38f938c-4c62-49f0-b271-d0616057e84e___RS_HL 7843.JPG,14302,11dfc17be373f679f19ff3ae46f72509042f7918faaed0e2336538568d41b08f,256,256,RGB,3,fa3d955ac90b45c4,True,
source,healthy,data/plantvillage/raw/color/Apple___healthy/f3c88876-d854-4f94-999c-7fcddb87ced7___RS_HL 8202.JPG,10780,4728d1f86a414567e33618f6de54dd627dfd5d9a946f395eb7acb72c5320cba4,256,256,RGB,3,bf9cca711ccce2c0,True,
source,healthy,data/plantvillage/raw/color/Apple___healthy/f3f9c00a-94b1-43bf-aa9a-a712f0925aaa___RS_HL 6308.JPG,12548,b936c379d448c5aab0f494f803ef2716fb934c043e1e1589f7a27a39672f335a,256,256,RGB,3,bd9fc360c6639071,True,
source,healthy,data/plantvillage/raw/color/Apple___healthy/f43cffa7-756c-40c1-ad67-8924692019a1___RS_HL 6187.JPG,14632,36b65fd8bb4f8af3d981d65e183a15ce2212420c8f8b890dc9d9548632ae5d5b,256,256,RGB,3,e969d2349c93e48d,True,
source,healthy,data/plantvillage/raw/color/Apple___healthy/f472e594-6b98-402a-a097-22f46921df9e___RS_HL 7818.JPG,13731,d3a3881408decba3f7b89e680c0f15bfb5db7049a6d12892b39f6a73b380a7e1,256,256,RGB,3,a17986949a73cdcc,True,
source,healthy,data/plantvillage/raw/color/Apple___healthy/f4a37893-7443-478a-a9af-ba75e1f32767___RS_HL 5653.JPG,19399,db2dcff06b5601ec741f97ce5616d6b6a539ab5cc4832f73b225266e39b1b0b0,256,256,RGB,3,bf62c21fc11e94d8,True,
source,healthy,data/plantvillage/raw/color/Apple___healthy/f4b6cf56-ec35-43f4-b5e4-eebf509c9580___RS_HL 5946.JPG,12391,182740fa6f8694338bc6e54dda68b8354baefd5fef531b3c0f5cf63d50728d89,256,256,RGB,3,efca861cd8338732,True,
source,healthy,data/plantvillage/raw/color/Apple___healthy/f4de145c-b5e6-4503-b04c-abc3820ca7b9___RS_HL 8099.JPG,14723,6245ce3f4f5e53e6cfd1c4d6cd794d715f15cbc6d0429a46193c770e574aaab9,256,256,RGB,3,fd398ac597c24869,True,
source,healthy,data/plantvillage/raw/color/Apple___healthy/f52ac76d-ad63-4561-911a-4b5245d4e91a___RS_HL 6133.JPG,12103,c53d74451082416008d4927027dd10399f68a42ea904a9fe01c71ebf4a957642,256,256,RGB,3,afe1c21f8d9cd091,True,
source,healthy,data/plantvillage/raw/color/Apple___healthy/f549a038-8cff-43b5-814c-70ecbfc2476a___RS_HL 6044.JPG,11637,fb2be5adcb6c5a10e9d79b2377ccf9db174c68121abcb2c8f0d7e4eda1d4e9dc,256,256,RGB,3,e86892b7a48f969c,True,
source,healthy,data/plantvillage/raw/color/Apple___healthy/f584ed58-5d11-42b2-8d84-0bd0108ed2c9___RS_HL 7426.JPG,19185,fc85104274e907fd8f6b3677d9a558370a84fd7390b86cbe3616b634e0df00f1,256,256,RGB,3,be62c03de193de60,True,
source,healthy,data/plantvillage/raw/color/Apple___healthy/f591e5cc-e9fc-4d82-b2cd-09ab19cb4581___RS_HL 7829.JPG,14262,01dbf52e624eb3ebf190102a621d4f96ffe59b9dee1f42d46df5563dd8ea9976,256,256,RGB,3,eb9591924ecac768,True,
source,healthy,data/plantvillage/raw/color/Apple___healthy/f6424729-cfe4-4f67-bd16-d4c5c84daaa0___RS_HL 6195.JPG,10342,7d948650da084395e6440f7f3b2762cd4b918907fd7dc1c1332f2d42ffcd424b,256,256,RGB,3,a86bc7b48c9eb099,True,
source,healthy,data/plantvillage/raw/color/Apple___healthy/f665c2bb-bdd4-4b6e-bb2d-6e6d017c8764___RS_HL 7679.JPG,9828,a9fe548014b0dc9e760b15662fcf8ef864a96461cacc908aa6d8f68e8177441b,256,256,RGB,3,a3f09685d89fd918,True,
source,healthy,data/plantvillage/raw/color/Apple___healthy/f681d565-ab7a-4b83-b476-339589e176a3___RS_HL 8160.JPG,13340,44dccb9d7ee4f24d1393fb265699849ef9e1a0506f4b763d411a86540445873d,256,256,RGB,3,fb52972d8c9a3c81,True,
source,healthy,data/plantvillage/raw/color/Apple___healthy/f71f7765-379e-407d-911a-ef80cfde5c1d___RS_HL 7602.JPG,14779,e00f77f99cf3be3a46be14414247e20b95a473d7d908a1d0aa3f3a9a6561d0f3,256,256,RGB,3,bf9ec8c88e61e0e2,True,
source,healthy,data/plantvillage/raw/color/Apple___healthy/f7416f1d-cd65-4f2e-be3e-ca701e693df5___RS_HL 7920.JPG,13613,ea97030fa8ff37d9c46b850a767a522cf7dd44a8e3379935ea8484b734ccfd9a,256,256,RGB,3,f68f8350cc6a9565,True,
source,healthy,data/plantvillage/raw/color/Apple___healthy/f749db98-b26d-40d0-af8e-af6740848dca___RS_HL 7895.JPG,14652,1fb6636d2234d5681e2e72125ea38f47fdca6121f1b37782fe832c2e0e7103af,256,256,RGB,3,f80dc7528e45cce6,True,
source,healthy,data/plantvillage/raw/color/Apple___healthy/f76ff409-9723-4b89-83f9-1ff33edaffbc___RS_HL 7331.JPG,20165,fbb4c065efbc7c003f3b9bb76d11ffe21ae85b904f896ed16f25bc71614a10a3,256,256,RGB,3,e38ab5184ab9c573,True,
source,healthy,data/plantvillage/raw/color/Apple___healthy/f797f26c-c6c4-42b7-af20-69e9c7d8bb35___RS_HL 7737.JPG,9649,88b7aa0d196bd87f7af67a7f45027b5855b9fe62c771609fe9fd4b227b3f9494,256,256,RGB,3,ade8d387989c9133,True,
source,healthy,data/plantvillage/raw/color/Apple___healthy/f7ac955e-05a2-455a-88aa-2771234e9be0___RS_HL 7530.JPG,15623,03dc03f7b91eb5a5bce0fb83cde7a7ae0d27493eec10a5dce8a428b8b3cb7676,256,256,RGB,3,f9b286cf139cc82c,True,
source,healthy,data/plantvillage/raw/color/Apple___healthy/f7b08c73-ec97-42c3-a013-5c4aec725f6f___RS_HL 5923.JPG,13666,6928b3a37f5eb0ec1959f9003d56df8a9c03c5abd0b7bf201368b7b754ea7e41,256,256,RGB,3,fee2b0c0878c8f9a,True,
source,healthy,data/plantvillage/raw/color/Apple___healthy/f7b5ebd2-2471-4a99-9944-e25696aa5fa8___RS_HL 6233.JPG,12310,d394a9591324643adc4c7b9e0c70b54cf609f2840ffcd1a2ffae22fdc5a6d94b,256,256,RGB,3,fa4ac7a58f909c91,True,
source,healthy,data/plantvillage/raw/color/Apple___healthy/f7f31913-51ef-481d-aacd-e6492daa74bd___RS_HL 5851.JPG,17414,5b41a0ab2829ae6263501ceed7bb9056b86ccda113811557531a8d205777f0cb,256,256,RGB,3,bbc0c58f9c783263,True,
source,healthy,data/plantvillage/raw/color/Apple___healthy/f822b7fc-c28b-4fd8-8cde-037ed35c0b08___RS_HL 7847.JPG,15697,37a1043225c72016062b53a626f58acda5a2f93c7d1f299058fe78e97d6958fa,256,256,RGB,3,e34e9433dacc7348,True,
source,healthy,data/plantvillage/raw/color/Apple___healthy/f85e6b2c-e4b2-42fe-99db-9583b58bb51b___RS_HL 6112.JPG,12283,c2a901845eae8c086dce9d43f370dd849b4c27381799a0055dd7bfe635b5fcdb,256,256,RGB,3,fa4ac58d9fb49830,True,
source,healthy,data/plantvillage/raw/color/Apple___healthy/f85fb3d4-c93d-4ef3-8ff2-47171f8aea77___RS_HL 6132.JPG,11397,2abbeaa18791fba0f99163e13939920efe4ca0fd996b5f83bdf7bc08e8b52dfc,256,256,RGB,3,fa91c14acf699c25,True,
source,healthy,data/plantvillage/raw/color/Apple___healthy/f864bef8-0fb1-43e1-866f-a1e78336be9f___RS_HL 7521.JPG,14122,c3c76c6bbdd98f1d896acb57d5d4c3c432dd6a6380a2f08ef1dc37b20818ac1d,256,256,RGB,3,bfe4c449c39ec898,True,
source,healthy,data/plantvillage/raw/color/Apple___healthy/f867a4ff-fe32-4bc4-9fee-9403c5ade149___RS_HL 5752.JPG,21169,0399f8bd52b772396846375c15e3e66f86740b20beacb412d059b45c52cd10b7,256,256,RGB,3,ab4a9837cd38e615,True,
source,healthy,data/plantvillage/raw/color/Apple___healthy/f876ed50-410a-4911-b82d-e95d3e73ecd0___RS_HL 6134.JPG,10258,88e802727c1fe8b69ca89aebfc6e3f9a04e812b287162cf2c33a9912018ceae3,256,256,RGB,3,fe6ac217cd999890,True,
source,healthy,data/plantvillage/raw/color/Apple___healthy/f87dbe7e-189e-4dc9-ac5c-9b7737c34551___RS_HL 7665.JPG,11446,bdb101a7e4399ddb0af7d045505697ecfbdcaee658f2717987a024cb06ebd6e2,256,256,RGB,3,a5f4d24ed80d7991,True,
source,healthy,data/plantvillage/raw/color/Apple___healthy/f8ac1022-aeb5-4d6c-a976-a4117a3c1b57___RS_HL 5892.JPG,11769,5553d7e0795bbde200364edfbef142c4042288934995a813d191f572ce3c0d30,256,256,RGB,3,feca82879838e399,True,
source,healthy,data/plantvillage/raw/color/Apple___healthy/f8b4d48b-a454-4991-9f79-bba2f921ef9a___RS_HL 7705.JPG,9588,1bc41a8cbdb77a5e88d9fb55738a8e4620014112e1d12efdfedc1b2a85a4e93c,256,256,RGB,3,ec4d91bb9a34c332,True,
source,healthy,data/plantvillage/raw/color/Apple___healthy/f902a6a0-a38b-441d-bd7e-5deb16ed709c___RS_HL 7727.JPG,10957,312777c6514378111cb4066d30062aa659c742c8d861bc400ce46d2fabc3e6ec,256,256,RGB,3,f2826ecc39c239e3,True,
source,healthy,data/plantvillage/raw/color/Apple___healthy/f9368405-e343-4423-8288-9b7112352b16___RS_HL 5833.JPG,15740,11eb34b1de4ef2f9a176c40cb699cd6c2d0177c595e9b0acf8b57ad55ced2eb1,256,256,RGB,3,e8ca969d99b03327,True,
source,healthy,data/plantvillage/raw/color/Apple___healthy/f9438410-18a8-4352-9aca-0d81c4574c2b___RS_HL 7742.JPG,13795,d4174e6080ff98a5427d52f7b614a69f3c7e394def707ff11b3a00101616ef20,256,256,RGB,3,ae40975cdb326137,True,
source,healthy,data/plantvillage/raw/color/Apple___healthy/f9952d3a-f286-4863-8667-b8921416b8be___RS_HL 5810.JPG,18369,2b25851d54e47cb71468442b81c4760335eb77965bcfe0d70397653ae9129889,256,256,RGB,3,ae92a50f96bc1a69,True,
source,healthy,data/plantvillage/raw/color/Apple___healthy/f995325a-1135-4bde-89a6-121b0fde8c6c___RS_HL 5891.JPG,11920,a311c78dee1f4722e61026126983953522b521f550d5601221f5d5a8cb04c88e,256,256,RGB,3,ea51d4cb921dcb34,True,
source,healthy,data/plantvillage/raw/color/Apple___healthy/fa3dec4b-5fed-4ba4-808f-25b6b84c7c87___RS_HL 7525.JPG,16306,0628d4c0e09c888a45d75503bbbacb3045c5197c66d951871c40702008b855ef,256,256,RGB,3,f53e8ad1c0c4e3c9,True,
source,healthy,data/plantvillage/raw/color/Apple___healthy/fa6db5ca-4c60-4ab4-8c23-b6bb852eafbe___RS_HL 7809.JPG,15994,3390c21d13a456c44a2c824990748cdec5399b5fe60231fc89db6a7fc139011b,256,256,RGB,3,a68793d8d8657632,True,
source,healthy,data/plantvillage/raw/color/Apple___healthy/fac07867-acdd-4a19-8be5-987958575af0___RS_HL 5972.JPG,10482,d586e591c9d965efa1d65d024c830fb8a1ad053167d80aee3485863c792026d3,256,256,RGB,3,e9e2869dce98381b,True,
source,healthy,data/plantvillage/raw/color/Apple___healthy/fac70506-5bb2-40bb-a8bd-249cbe7c27e3___RS_HL 7693.JPG,9073,4be77dc432d6b2b74d1b17770ba15b8addb5c1666e3eed94d9f1f2375f5080e0,256,256,RGB,3,bbd186cc3ccc7948,True,
source,healthy,data/plantvillage/raw/color/Apple___healthy/fad6efb7-4486-4c45-8b23-1b6cf2a2912a___RS_HL 6077.JPG,12267,eb52664810e821a3d925a5ed320554f4845dd9b5b8a1ce8f07f6d6b6638fe6f7,256,256,RGB,3,eac0959d94b1b366,True,
source,healthy,data/plantvillage/raw/color/Apple___healthy/faf64a07-ea03-429d-b41d-2a87d2dd066a___RS_HL 5957.JPG,9837,4acc81372cdb13d91edbd00f8c1adfab5a4db71d60a371235eb0c668fc0d3724,256,256,RGB,3,eba4c00e973e9879,True,
source,healthy,data/plantvillage/raw/color/Apple___healthy/fb0953a0-71a5-4c1c-9fb3-f0d9888c2170___RS_HL 8036.JPG,15481,117104dad9fd95789a302d81492bc4d5479f543779a23ad2f1570732c1502d45,256,256,RGB,3,bc1ec379c7614c86,True,
source,healthy,data/plantvillage/raw/color/Apple___healthy/fb5116a2-272b-49af-9c27-9b117376a306___RS_HL 8021.JPG,13545,a0d361b96cbe98b5c161daafd22c62951589a5e62d02493b40b8c60c20fadac5,256,256,RGB,3,fb21b45ed1488c79,True,
source,healthy,data/plantvillage/raw/color/Apple___healthy/fb723b31-aac6-4412-aa97-efcab9cc99a4___RS_HL 8101.JPG,13211,66cc7a68ff4c5736c19a0468616db4f3d95edd69df51b485bb5797ed527183f7,256,256,RGB,3,d9c58f9224696f4c,True,
source,healthy,data/plantvillage/raw/color/Apple___healthy/fc7a6626-26f1-4edd-9fa3-f4017354ef44___RS_HL 5903.JPG,13030,7404a6df3aebb9e0263f4f8a36d70bad589319e5c85aa253686e8b1da7745746,256,256,RGB,3,ee31d137dbe009c2,True,
source,healthy,data/plantvillage/raw/color/Apple___healthy/fc90f3d6-25bc-445e-b418-a5df46878d67___RS_HL 5767.JPG,16269,1701d8ff04e1b6de69fff0ff6ce80d3108186f83091456587a9d4abdaa2a446e,256,256,RGB,3,eacade949db12684,True,
source,healthy,data/plantvillage/raw/color/Apple___healthy/fca55eaf-abbb-4941-89f7-e3698c1f77f1___RS_HL 8171.JPG,14391,98d62ae80d4eaed3bd4ea64a970d463584121adfcb5a0857abb2821ace88bf1e,256,256,RGB,3,fdc4a4c79a6c8938,True,
source,healthy,data/plantvillage/raw/color/Apple___healthy/fca87ead-171e-4dd8-9b2d-669f69158dc5___RS_HL 6113.JPG,11639,1f5a49794b7befc07a35caaecfabeef8fbf9918188c8c2795208c6103ebadae9,256,256,RGB,3,fac3858f9a305b32,True,
source,healthy,data/plantvillage/raw/color/Apple___healthy/fcc4c8a4-2177-4a08-a785-063497dfd121___RS_HL 5844.JPG,18942,2e0a592a77f049a3e7cd42e2d709ed967cf66e59ca552ffdf9f026cda1fff9df,256,256,RGB,3,fac2c40f9d38d233,True,
source,healthy,data/plantvillage/raw/color/Apple___healthy/fd35b750-8672-4801-895f-88a1bab1ac70___RS_HL 7277.JPG,18379,9badbfefce05deae2ac679d14f58fc3787e21577e29f56be5838736cefd9b0ca,256,256,RGB,3,adf69849bd60b249,True,
source,healthy,data/plantvillage/raw/color/Apple___healthy/fd4a1e5a-cba8-4f4d-a11a-8e131e907728___RS_HL 6154.JPG,14646,0b612030922b224a1030bfe17b4883b9df624794aaefe31cac03f9a646cb6cf9,256,256,RGB,3,facac61e98318736,True,
source,healthy,data/plantvillage/raw/color/Apple___healthy/fd7d6a50-e28f-4014-8e15-6028b5f349d0___RS_HL 5953.JPG,13109,5b85cea8090b8244f889cd5e54098bf35964993184761e445886648ab1af0113,256,256,RGB,3,fae0858f9e9c9892,True,
source,healthy,data/plantvillage/raw/color/Apple___healthy/fda25357-1076-4707-83e7-d409448a11a8___RS_HL 6221.JPG,12267,6d1e75b6736a352ff81db5530119958ef959f985782a906506a612f57c4016de,256,256,RGB,3,fa62c18d8f969cb0,True,
source,healthy,data/plantvillage/raw/color/Apple___healthy/fdbfa6f7-f887-442d-8df1-1f0cf839fc4d___RS_HL 6274.JPG,13627,262198126fd6d982126b69261723e13abb36b3831387972f3aef7ebeedecf0a6,256,256,RGB,3,fac2861dd1378734,True,
source,healthy,data/plantvillage/raw/color/Apple___healthy/fdc0d1ae-70a8-40a6-aab8-2be6c10391a6___RS_HL 8145.JPG,14312,7b614fc565fd9fda1e4398dae8ec8cca5be1376b8d52eb0996cc475eaa188407,256,256,RGB,3,bb96d0684f91ce86,True,
source,healthy,data/plantvillage/raw/color/Apple___healthy/fdd77f89-e3b1-4492-9da3-f46bbc8666d9___RS_HL 6219.JPG,9368,76e84589e56b136b816286ff80be08a8fb945b604bdc2795a194a50a850bae0d,256,256,RGB,3,af6ad035c5d28789,True,
source,healthy,data/plantvillage/raw/color/Apple___healthy/fe0140ff-8690-437b-b3b6-dc7d476cb2d7___RS_HL 7837.JPG,13583,0d7cf05db1cf86e66b2dc83e3af2c0731395508669996dcfb8a8fcdccb978b46,256,256,RGB,3,e5c416cd9a99cb91,True,
source,healthy,data/plantvillage/raw/color/Apple___healthy/fe0701b3-d2f2-46b1-b88d-6ce5a6b2a687___RS_HL 7507.JPG,15540,4edee93b3418b78079578f1c1c6430b35b7127d50f3d47f3708b445108f2b81d,256,256,RGB,3,ea52a56dd3348b32,True,
source,healthy,data/plantvillage/raw/color/Apple___healthy/fe768ce6-56c8-408f-921d-7c7d991bb742___RS_HL 7357.JPG,17978,fad0fa70fe8da51cea6e90cf1d0be87ce4496ea1861d9757efff5493d5dceb88,256,256,RGB,3,e853859e943d8b36,True,
source,healthy,data/plantvillage/raw/color/Apple___healthy/fe89ea86-5245-49a9-9f61-fae47ecc51e9___RS_HL 8116.JPG,15658,989788c4732f88055a7002c41773072c95b7e49c1463b817afcc34f41c1c915f,256,256,RGB,3,fec294ad893cb126,True,
source,healthy,data/plantvillage/raw/color/Apple___healthy/fea00538-32c3-4876-8833-40652becc30c___RS_HL 5761.JPG,20236,f47a448f364fd31a76d92b73fa1430e26dd9329a4aca08b989f95029f08ab8de,256,256,RGB,3,ffc0e18f923d9034,True,
source,healthy,data/plantvillage/raw/color/Apple___healthy/feaf718b-59f2-4aa4-b36a-2b2786ee8b46___RS_HL 6141.JPG,9602,a2eb30a52969ecbaec69c3cdb82f56012a46f5c514ca4438ec6f4fe8824f45b5,256,256,RGB,3,bc3cc2d2324fd331,True,
source,healthy,data/plantvillage/raw/color/Apple___healthy/feb2c7d8-0cfd-4eb1-86d0-78a893dd8943___RS_HL 7866.JPG,12182,09bdbe5dcb72c0f0c0aa2c2510ae5d7135db0cea92672676576948c6675d945e,256,256,RGB,3,aaa2b517d21ec969,True,
source,healthy,data/plantvillage/raw/color/Apple___healthy/fed54ef2-dab8-4f5f-9cdc-f6c76b9314fb___RS_HL 6118.JPG,13338,42985d5099c420597157fe87d41dd2abcaa23fa966156f80f328933925b43ce1,256,256,RGB,3,fe48c337983ae0b1,True,
source,healthy,data/plantvillage/raw/color/Apple___healthy/ff2e08fe-a803-4159-a9ec-0de65dbaad36___RS_HL 7368.JPG,17817,d360bd7df3bd25b9e3025482b67587b82975422986a404d1213783768d908401,256,256,RGB,3,fed064cd9acd1891,True,
source,healthy,data/plantvillage/raw/color/Apple___healthy/ff716adb-c699-4135-a62f-dfd35184a6bf___RS_HL 5875.JPG,15069,e64359db5157a9c8b58f7973b5a191339c2e3b257a1e7c808a343c3b5b5612ae,256,256,RGB,3,e8cb8fb893378426,True,
source,healthy,data/plantvillage/raw/color/Apple___healthy/ff89a869-8eb9-4a0a-9132-dc63e94421bd___RS_HL 7649.JPG,10480,08ea12b414409db694458380d561739163b44dff4377fdedbab65becf3b370cb,256,256,RGB,3,fcc7c19a9c319227,True,
source,healthy,data/plantvillage/raw/color/Apple___healthy/ffb59eab-a2c5-471b-96f9-7699d5504b4d___RS_HL 7390.JPG,18862,80a8298ecadb506a90feb409f13c6bcdc96939005aca5af43a6f8c8a8ed1d4c1,256,256,RGB,3,bdf9c0e5cd1e8490,True,
target,scab,data/pp2020/images/Train_0.jpg,174626,706a44c6ef8af8587727122087623b399d4af653bbc9f4e08625ef08ec0aff34,2048,1365,RGB,3,9551213da2725ef3,True,
target,multiple_diseases,data/pp2020/images/Train_1.jpg,245937,0d5eb0e3f04765658e051f5678bd84dbeb21ca4a7e42ec1974ab20717cc03133,2048,1365,RGB,3,faeec30c5d486c49,True,
target,rust,data/pp2020/images/Train_10.jpg,198769,e4eaed3caa1d85d4fbd5e78aaccdcb91ba1baa2e0274be9e16863d1425411747,2048,1365,RGB,3,be556942de260aad,True,
target,healthy,data/pp2020/images/Train_100.jpg,172037,3ac7cb9cc07e2adc0f022bc2344ee633ec79c2b23886983cfbe8e37e4ae7a629,2048,1365,RGB,3,98a6edee8f1f6004,True,
target,rust,data/pp2020/images/Train_1000.jpg,201660,77440bfc98b01b44ada9f54f47a25028500008146082b53c5f21e82c4f35d3af,2048,1365,RGB,3,d2a58497704bbf16,True,
target,healthy,data/pp2020/images/Train_1001.jpg,234331,fe7873c2f0c8f3c4ce2d2bfa1e661c505eb644251ca48d468e32d151656d2deb,2048,1365,RGB,3,d0e4da1f3a22966d,True,
target,healthy,data/pp2020/images/Train_1002.jpg,277262,c0c7bab6caa71838ef8d1ffb98dd873f7ada4d92348e334a83089d9efc4364a5,2048,1365,RGB,3,a621f58f4a316b55,True,
target,scab,data/pp2020/images/Train_1003.jpg,166444,bfe8d4a3e5b695e8a930a42bd14ed7f97cad1e60a9f390f58eaa7083291997e0,2048,1365,RGB,3,95cba49a6d0be11e,True,
target,healthy,data/pp2020/images/Train_1004.jpg,464258,e50146224d2ab62048164848562a0f2ce1031d438aeb637d107515b04fb5bd97,2048,1365,RGB,3,992986a09ff37456,True,
target,healthy,data/pp2020/images/Train_1005.jpg,169839,37283527620f0721858cc399d1837c6ebf9316445a77191c5f343e92c0a6e88b,2048,1365,RGB,3,ab0f95c05ee8d34c,True,
target,scab,data/pp2020/images/Train_1006.jpg,170229,c892ef756e29d225b3ec6823aada6f11636f1f2af8c9103cbf74cd1bd5769684,2048,1365,RGB,3,8f868ef972117073,True,
target,healthy,data/pp2020/images/Train_1007.jpg,335140,b1fcdfdf6b21c71d8f5862d6f0a5aa8164f08710fb5aaabf44369a04035856fc,2048,1365,RGB,3,ef18c0ee22f2071f,True,
target,scab,data/pp2020/images/Train_1008.jpg,196929,b3ea8170f9929122b6a7825d4178e6ed230c7a8d80e7a0b0ce78dfc0c9fa4845,2048,1365,RGB,3,a733c7b19bd0684a,True,
target,scab,data/pp2020/images/Train_1009.jpg,228770,3436d9d1620f3582fdb9fe2f50db864b953e824f8589f9ad9a51ef896a03ec8b,2048,1365,RGB,3,f8e5e1742f4a10d9,True,
target,scab,data/pp2020/images/Train_101.jpg,143059,1f1a86ea295fc08811a6a154de2dd210c2f53b58dcbfbddfd9cb1893bdfc8825,2048,1365,RGB,3,c73661c39cc3b827,True,
target,scab,data/pp2020/images/Train_1010.jpg,224887,6eb3d4b0fd5d8e17fdaf9a2142e4f44492b650179ffbb0174a370871605a755b,2048,1365,RGB,3,c22b25de2fc5a5c2,True,
target,rust,data/pp2020/images/Train_1011.jpg,120011,26cedee1201b15c7f2456ab543b2b82685d982bb4223989696c508285304b606,2048,1365,RGB,3,a4383e4e50fdad83,True,
target,healthy,data/pp2020/images/Train_1012.jpg,375597,91ffe497dcf2ab8e5a8246bf82883e52f1462484531a01ecede7f4409ea7b0cc,2048,1365,RGB,3,ff4f399e04638582,True,
target,multiple_diseases,data/pp2020/images/Train_1013.jpg,311211,67118ade322ded79e9ae44c9a4f099bc91c366f65858326030bd76405bc4aa00,2048,1365,RGB,3,9b52728c911fc8fc,True,
target,healthy,data/pp2020/images/Train_1014.jpg,145612,f857bbcc1a17e730ab9950b3f5abd956f02740bfcd2b870a0cfbea38fe96a57d,2048,1365,RGB,3,d9b72bc0950173ea,True,
target,scab,data/pp2020/images/Train_1015.jpg,186145,fae91b5fe81c97ece1022d01975427c12f3ac7246c4a64a8a3b04711e55eea78,2048,1365,RGB,3,a33c9541dea9da45,True,
target,scab,data/pp2020/images/Train_1016.jpg,170531,c1aa24019b1917e7b6414f1ae6b9ccaf928f052a8457f3fd1ac6360be19efb19,2048,1365,RGB,3,ad581e9fcb44063e,True,
target,healthy,data/pp2020/images/Train_1017.jpg,339723,d6da9aff042c9daf711688deedbdfdb1f6fac722b62419fb6e6916c434393a79,2048,1365,RGB,3,9567ac8f4b58b489,True,
target,multiple_diseases,data/pp2020/images/Train_1018.jpg,294713,17d9389fa3f09f99fccd10fb34c3479c25333ae6ac4dac18cb262d6566eaebdf,2048,1365,RGB,3,c56943d8a983fa96,True,
target,rust,data/pp2020/images/Train_1019.jpg,168625,b45efe67bda7744fd3aebf122ba54cc1634c83799fc1353426cdb4831ead4961,2048,1365,RGB,3,efd88db0c48a7474,True,
target,rust,data/pp2020/images/Train_102.jpg,183622,3966609c60d20cd47065a66624b16a7f89c50d30fed2d2248e55d0381322c1c7,2048,1365,RGB,3,9484d4cc615a6f7b,True,
target,healthy,data/pp2020/images/Train_1020.jpg,245138,7fa98c89fa6a6ce327304eea649b2af0729b014b763acd69b30c55229606db63,2048,1365,RGB,3,b5fe9148c93543a6,True,
target,rust,data/pp2020/images/Train_1021.jpg,249477,91909416380206d37e2c8455839e7554ce4c565e12d8219a05f9190d2ad196e9,2048,1365,RGB,3,9d07ea216161cf2f,True,
target,rust,data/pp2020/images/Train_1022.jpg,181488,cb24c96948e50e0d3e435326192135f54c12e0cee2fcff144c4f01835b5c40d3,2048,1365,RGB,3,8aca92c9b1c9759d,True,
target,rust,data/pp2020/images/Train_1023.jpg,183596,a48f406de49107d80205cd950eb54643587b7b672d3a5f004720d244a4f5af97,2048,1365,RGB,3,ef3cc084cfc33cc2,True,
target,scab,data/pp2020/images/Train_1024.jpg,218415,6fe8f7ccba4255aa11622fbc01f7b6718f5c46fe8dec5bdb89a153a5bf8bd55b,2048,1365,RGB,3,c2377a7460ed2565,True,
target,scab,data/pp2020/images/Train_1025.jpg,151141,d2a884c7a9aad50b1152870688fac06f95dc36f5847e2666594d89bbe29c7757,2048,1365,RGB,3,fc6a7c9660dd2146,True,
target,scab,data/pp2020/images/Train_1026.jpg,203462,1644e8a69e34691f8686e065b37fbe58d3e3c2585efa9dab19284c80ceb3b819,2048,1365,RGB,3,c2af18bddb780561,True,
target,scab,data/pp2020/images/Train_1027.jpg,362892,c2c592f6d8b815828176204845a9fc5351ed20e10edacd10378b65eb3feae5a5,2048,1365,RGB,3,da5af5e218970276,True,
target,multiple_diseases,data/pp2020/images/Train_1028.jpg,315943,ae51d4aade4d98680cb5dd45e4ef90a112233b79d4afa9ea22fb1938ab988e3e,2048,1365,RGB,3,e90ba5c9332f31c3,True,
target,rust,data/pp2020/images/Train_1029.jpg,240571,d684ec52e4c98130823db1a2aa2d442f5bf5f7f658daae53783d26493779f3ad,2048,1365,RGB,3,965295a64a97859f,True,
target,healthy,data/pp2020/images/Train_103.jpg,201261,1f3f3198f268bc2235864c01ce90da4bec6bc035eb13ce5c5d339b31adfa08ab,2048,1365,RGB,3,9f5a30d5278e622e,True,
target,rust,data/pp2020/images/Train_1030.jpg,161348,e68ee5781be37ad325be110e308cbb6060af994aebd4162494e1a341c98c27a9,2048,1365,RGB,3,c2af25a69c69cb0b,True,
target,healthy,data/pp2020/images/Train_1031.jpg,187945,ffbd9bbb520a07344e4010215bef9e8c3f042ec6e2f3f66cb2fdacdd05310f4c,2048,1365,RGB,3,829526c5ebbda9a1,True,
target,scab,data/pp2020/images/Train_1032.jpg,183783,de3f96c2cd7bcb4b72ccade5d24e16ccaab425f235b50132b31b0534542e60ea,2048,1365,RGB,3,bb00a53daf314373,True,
target,scab,data/pp2020/images/Train_1033.jpg,292343,bce2e073ae6fd6414f068ab879320d2c41119369f6f688fba7b35875bccf1774,2048,1365,RGB,3,ef1887389f78a8c1,True,
target,healthy,data/pp2020/images/Train_1034.jpg,357349,9114221104ba24845e5b930fa1bb700b82c0883b7f8b612ceabd992cd03df42f,2048,1365,RGB,3,f852274ecbadc813,True,
target,multiple_diseases,data/pp2020/images/Train_1035.jpg,148701,b37e3b41710435f3386e470afe4794162f6c65501b6018cf212e6091cd7dda2f,2048,1365,RGB,3,cbeb20e024a39f1f,True,
target,scab,data/pp2020/images/Train_1036.jpg,279926,99879705010f733253bd0f44badca499d7b0a495cc42be71e50891217dea6520,2048,1365,RGB,3,9cb83b73573448e1,True,
target,rust,data/pp2020/images/Train_1037.jpg,232275,1fe20bd2b9518d52de6cfafc5b4dcc66ebd3b7239eb631cc66a72d8a054efaed,2048,1365,RGB,3,8bc23d6d65b5ec04,True,
target,scab,data/pp2020/images/Train_1038.jpg,156070,df4469c0536b236bd3ed462371dd673bbc59b3d32bb530e5f8cc53d61f6dcd3f,2048,1365,RGB,3,bfed6e83c0234b06,True,
target,healthy,data/pp2020/images/Train_1039.jpg,239698,95d6eef2493daf6172843e1caf46be27688a3722b9cffd3456ebca8eddfb9c21,2048,1365,RGB,3,dad968c4753fc221,True,
target,multiple_diseases,data/pp2020/images/Train_104.jpg,211433,c7406536b32a627e80b0083cc4cea3e21af2aa9dfd269df600f17db161417c64,2048,1365,RGB,3,eacb78cdb12d4a82,True,
target,rust,data/pp2020/images/Train_1040.jpg,165513,b13fe90d67430631f56e6fa59610f7b1bbf3c581cbdb641244dbf90df0880bac,2048,1365,RGB,3,fd788144c793d4ca,True,
target,rust,data/pp2020/images/Train_1041.jpg,260985,7c8b174aff85645de976130768f24770d691166abbacf30e77a528bad2808c4f,2048,1365,RGB,3,da04da3fca382778,True,
target,scab,data/pp2020/images/Train_1042.jpg,180549,e38f3bcded2f81998ab05a2f2751f999dc97267aa9a9df2af8c7927e5f9376c5,2048,1365,RGB,3,8ef15587325d6331,True,
target,healthy,data/pp2020/images/Train_1043.jpg,155491,cc5f839d988e79a816df2f65d814fe290c65d02f22239726ad7479288a2cc358,2048,1365,RGB,3,a87ed6f0c0cb619c,True,
target,healthy,data/pp2020/images/Train_1044.jpg,183724,e2fc7d80a110e18b2d54b80d987e8ce03d55783b67160738e51022d467a09308,2048,1365,RGB,3,857a615757165acc,True,
target,scab,data/pp2020/images/Train_1045.jpg,230353,64a0e1c72b429abcfc2d766b27b8d98b6db6c07dc3bb18a8722e21938563086b,2048,1365,RGB,3,9688ce9a6d4d6d54,True,
target,multiple_diseases,data/pp2020/images/Train_1046.jpg,243746,274fb9875fc9b299ab17b1dcd4799a6a9b8745e1dcffe87a075ca5365b46d596,2048,1365,RGB,3,b20ca85e127dbe65,True,
target,healthy,data/pp2020/images/Train_1047.jpg,158387,a97ef088c521153d0aa0d8ffdcc24a6b8b81068da0d0ab9a7c4ea8c9e03acee4,2048,1365,RGB,3,8a9c3167cfcc9866,True,
target,rust,data/pp2020/images/Train_1048.jpg,290866,7b652893acb24aa4b28261734565dff6d4df17815f647ed890df4d703ecafc93,2048,1365,RGB,3,fe0883b0bb75a0cd,True,
target,scab,data/pp2020/images/Train_1049.jpg,219521,c52f841157aa8cb920f76f36d705702ac4f8ca026d9da76a0afd2a8592107428,2048,1365,RGB,3,c91f3568c66eca31,True,
target,healthy,data/pp2020/images/Train_105.jpg,373404,a4b564bef2598f38bd07486d0d6b0645f627a1dea71d253215631b5075afb6ce,2048,1365,RGB,3,fdb3b0c3e6fc0600,True,
target,multiple_diseases,data/pp2020/images/Train_1050.jpg,178479,93dc8f24f20431e3c41ccddf7195fb45b3d1f8a04565f3b74f64e670681226c5,2048,1365,RGB,3,e0c0aad0efd08fe3,True,
target,rust,data/pp2020/images/Train_1051.jpg,270610,a1e858668f83ab5b4438afcf856e114f5d3637ac681890e264f6f864d9e0755d,2048,1365,RGB,3,ecb1c412b0fd1dca,True,
target,scab,data/pp2020/images/Train_1052.jpg,301746,821d6293a15b2776ad7936f5d49f66fcb34d67d5f08f12eaeb04bc75a6e2569a,2048,1365,RGB,3,97d36a34a4c0d6b3,True,
target,rust,data/pp2020/images/Train_1053.jpg,238181,5ab90368c936adc712689e73844a8314799fd9001e3e65d5f9c0c3e16c29a39e,2048,1365,RGB,3,81e293df16992cb9,True,
target,healthy,data/pp2020/images/Train_1054.jpg,257852,fb8e6f7ef6bc01347aca0c8e67860f54129ce1ef0c2d93e3e2a736a180ba0c1f,2048,1365,RGB,3,c27c977934d389c8,True,
target,healthy,data/pp2020/images/Train_1055.jpg,226214,883e73c4309a2e1561b82b59184819f81311d7645b52ca574a6224e85943308a,2048,1365,RGB,3,f32c8b9d3d60c28e,True,
target,scab,data/pp2020/images/Train_1056.jpg,171246,f7fb5a13eed69407b6cc070ba633bf7f847bc964e5bf332866ae9f8e9cba0dc2,2048,1365,RGB,3,cdc9888fc45f7425,True,
target,rust,data/pp2020/images/Train_1057.jpg,201980,44c7decc2b5cf72082dda300d1ca6be3886c294e1aab70d6d695fa7e4f1f5ef7,2048,1365,RGB,3,c870074767f6e871,True,
target,healthy,data/pp2020/images/Train_1058.jpg,165927,26a7a30283ccdd49fecbb98a8d50d5b7cfa39b0b996354bfc85d3fa5456485d8,2048,1365,RGB,3,95919d993e792a64,True,
target,scab,data/pp2020/images/Train_1059.jpg,182631,17413c83010759291665b20abf0c68738bef11faa9aea2dc33bcda81d1b91cc8,2048,1365,RGB,3,fe70d57c2a1e811a,True,
target,scab,data/pp2020/images/Train_106.jpg,123247,bc092283f27c193131de1b00f43d5bbc1b67e05defa096b9093c318e68b6512b,2048,1365,RGB,3,c1a1748f8e2dce33,True,
target,rust,data/pp2020/images/Train_1060.jpg,139838,0bfa48e7278e55f8a0ed2845134e60f6ca1621fe048702cebb93eeca6bbda3e6,2048,1365,RGB,3,b8a24c1fe4398cf6,True,
target,scab,data/pp2020/images/Train_1061.jpg,212851,2d7b951121ebdbe706bae6ae781573d0571037a9be8cb83b1129d4db7093cc0e,2048,1365,RGB,3,e52ece6269ec7450,True,
target,scab,data/pp2020/images/Train_1062.jpg,220161,ce9f799a9ea16de4d0bf36df31bbddd91cf95801a101056d0045569db7679c13,2048,1365,RGB,3,893f356bd2941d15,True,
target,rust,data/pp2020/images/Train_1063.jpg,155741,d3ccb11f176a526a9edb7c303e3d3c40c9e3926ccff4636e3c77a58c04d43440,2048,1365,RGB,3,cf497003f625df90,True,
target,rust,data/pp2020/images/Train_1064.jpg,179719,cdcdaffefd78b6cf624da59eb750cbe8675f6593d1904c0f2ce47cb6abae760f,2048,1365,RGB,3,ff37329278c28c89,True,
target,scab,data/pp2020/images/Train_1065.jpg,157187,827a1633f2d62285768734256b0c63d85d46b626bf3fbb66abfdde658b576b5a,2048,1365,RGB,3,f73ec1021dc20fcb,True,
target,healthy,data/pp2020/images/Train_1066.jpg,317394,0d18ada9b4bebea02547a8c7b82ccc1432cdf099c768b1688f3eccea09cbb033,2048,1365,RGB,3,91d898694f7b58b1,True,
target,healthy,data/pp2020/images/Train_1067.jpg,157736,606fcdd715c1425d201a41fa4db49c270bdc90b0346fbc1e68231d2ea1f2d2ee,2048,1365,RGB,3,a7a1a2d649f87d24,True,
target,rust,data/pp2020/images/Train_1068.jpg,142231,9deb716cb884b52c630770fc2952d8fd9fb78dbe63b3890f22ec3122f1f21a84,2048,1365,RGB,3,aafac7c0582798d9,True,
target,rust,data/pp2020/images/Train_1069.jpg,216997,dd85a993cc4652217ff95b31ce4cc223c29d90f44e8700531d0137cce69fe51a,2048,1365,RGB,3,aa2ab58fd21dc06b,True,
target,scab,data/pp2020/images/Train_107.jpg,220539,d6d52d2d6497a912f77fe9a9fa3c2476432c8d3c118d5e575d5016aa31c13365,2048,1365,RGB,3,c86f6338bf5348a4,True,
target,rust,data/pp2020/images/Train_1070.jpg,172590,fe030585e60b4a53fae7389f3c2db00dfca258f576eb5aeb5f0cdfc110132314,2048,1365,RGB,3,c5fd266a99322563,True,
target,rust,data/pp2020/images/Train_1071.jpg,340448,e45d1e1bdc5d20f8045812a7cc2b89654a694e48bd3895ab28b20a939a2f405f,2048,1365,RGB,3,998257be202d9767,True,
target,healthy,data/pp2020/images/Train_1072.jpg,146746,04583ce385216ae4b45126e7dea1a195e7ce13bbc0d40f21769143e1120e7b56,2048,1365,RGB,3,c2c5e2e3c27f1f08,True,
target,rust,data/pp2020/images/Train_1073.jpg,186432,642f59a540996dac9b318804f582f9eee5d511addf52d4937d411587baf8109d,2048,1365,RGB,3,8ff160e487b18e1d,True,
target,scab,data/pp2020/images/Train_1074.jpg,313554,c628c96568a4f4c6eec033b94a369236e409dd8a20ea6639dfcbea9200459e25,2048,1365,RGB,3,c8eb23935c5a5b49,True,
target,scab,data/pp2020/images/Train_1075.jpg,266273,be2535ae8e53d53306b4e076a06925c1e7f248f9c6ec90acfceb7809a8fd5ff2,2048,1365,RGB,3,ddb53c9860486b6d,True,
target,scab,data/pp2020/images/Train_1076.jpg,247285,b011b74ec9915a4f070e49b21db49eb8333d01d065aecf5e7ffba00d948b138f,2048,1365,RGB,3,85fb60924743ad6d,True,
target,scab,data/pp2020/images/Train_1077.jpg,252207,3f625fab1624d36643d573543755f6677d5df097c20af5963b196630beb98269,2048,1365,RGB,3,851936df94745e43,True,
target,rust,data/pp2020/images/Train_1078.jpg,210243,ef82b649bb7a9855a61fc2a1e24f2885e4ff3722d23b5ba28a1f3249b7f62b3d,2048,1365,RGB,3,b30e2de495f9501b,True,
target,healthy,data/pp2020/images/Train_1079.jpg,340852,c7ee0708b3b1bd33bdd24c315ee8e1ccf7d57e5072b8fa9b761e85df94152445,2048,1365,RGB,3,bb5a6803a6a952de,True,
target,rust,data/pp2020/images/Train_108.jpg,214322,b7f7762cc3e75e0d18426fb21249e03dfd6895f927d3100aa49bcccbcc534412,2048,1365,RGB,3,98f2cde2e0e5e3c0,True,
target,healthy,data/pp2020/images/Train_1080.jpg,320898,d4e9cb1528573f8bb7bbd03c6844c2f67372290af9a031f9f9c113b2aa196711,2048,1365,RGB,3,c6749f8ac5c70b16,True,
target,rust,data/pp2020/images/Train_1081.jpg,249569,07ffa88a33136942ea7764a6b46d46f302b2e3202f5faebd20162f3ab1b6d5ba,2048,1365,RGB,3,cbab30da923c9ca5,True,
target,healthy,data/pp2020/images/Train_1082.jpg,298120,615456ba8c03101ceadc7d92d774e358312c649ab3f80f4683f0620fb21c50bb,2048,1365,RGB,3,8b976cea34361e86,True,
target,scab,data/pp2020/images/Train_1083.jpg,286194,c04a4b6da43eac59e2989767368a8955797c8c0abd57e04a25c59b31229fea14,2048,1365,RGB,3,a86785c2d69e9a3c,True,
target,rust,data/pp2020/images/Train_1084.jpg,150103,433560da49351697adf9fd82b19e6c74885a6ac62a98a2c3eac79390d1cd40c0,2048,1365,RGB,3,cf60c076bd43ace8,True,
target,healthy,data/pp2020/images/Train_1085.jpg,203725,b501709d6bf9704a0c7865b42ac15010c9ec16f14d34b396fbbd23cc35871951,2048,1365,RGB,3,9c150e86b47ed62d,True,
target,healthy,data/pp2020/images/Train_1086.jpg,295066,9768424e0a840cfc326fa1b45427765dc3ac31506b14a4349c23e82c8b67fb2c,2048,1365,RGB,3,8a2d94da2d724cb7,True,
target,rust,data/pp2020/images/Train_1087.jpg,200581,7a2afb28fb67208e41148c9e03099f2090494a7f8229e742d83d4ccf6755b121,2048,1365,RGB,3,8ab3ca425a7ca5ad,True,
target,scab,data/pp2020/images/Train_1088.jpg,225128,3401e42d12b3782cbfde61a0548fbc06fc638c2559f0cb3a4898df9620c59e49,2048,1365,RGB,3,84a37a472f6bc651,True,
target,scab,data/pp2020/images/Train_1089.jpg,184867,36a197028ea5e27abd5b46f4232f0cbde9cb54552ac0fd42cc9a9528d024c459,2048,1365,RGB,3,ee46c58c18d49d9b,True,
target,rust,data/pp2020/images/Train_109.jpg,229865,3d63f6a31871d8e53e0c80d1043ea8ea0c40f0c2d1450335211213656e61e4f5,2048,1365,RGB,3,ba02d79a8ad43dc6,True,
target,scab,data/pp2020/images/Train_1090.jpg,157177,ca90e1ebc26a9237aba81d8b50a47d0e913c4c1d6cdd232f42af3790b2248e86,2048,1365,RGB,3,943bca728ff8ad80,True,
target,healthy,data/pp2020/images/Train_1091.jpg,334620,cc178979b7a89a8ddb58271648252aac82887e7200b430ceb1f4feeaa1e28fa9,2048,1365,RGB,3,9ca622ede4c98db1,True,
target,healthy,data/pp2020/images/Train_1092.jpg,266843,3d0ca7f2b62de067f52097a6038a5a5b28bf0033678424aabcb4978de1d98a33,2048,1365,RGB,3,b1bad39460963697,True,
target,rust,data/pp2020/images/Train_1093.jpg,239906,4e78e9b8fcc84b0fa410b88815ad908a9243285bfe271967a4b0a67cac5ea4b5,2048,1365,RGB,3,af3295521a2b596d,True,
target,scab,data/pp2020/images/Train_1094.jpg,290127,2e5ae00152ef1a6c83229de4d96cf056e70e72c86d3253d8754e6a7e2441a538,2048,1365,RGB,3,8f4f2daa4662d24e,True,
target,scab,data/pp2020/images/Train_1095.jpg,145132,22b1b551fa1862b8baec32520c5c68409c215605394127ffc775599bc2c4746c,2048,1365,RGB,3,c71a86f2f05f1139,True,
target,rust,data/pp2020/images/Train_1096.jpg,204907,e7e89c7c99a0fdd07f5459a5d8c886f0e13c9e910f81dba00ddea8be278d9be5,2048,1365,RGB,3,c230109be4dd9f3b,True,
target,healthy,data/pp2020/images/Train_1097.jpg,290965,77eca23a56523c45973ad64e68ad0545224308100d53381a64bfed21caca0753,2048,1365,RGB,3,eaf3957e9e648024,True,
target,scab,data/pp2020/images/Train_1098.jpg,172565,fae5d46ec3f4a4c1c1808d55fd15535a6b5fd709b095f8aad2901781a5a93d89,2048,1365,RGB,3,cb28b578c6609d67,True,
target,scab,data/pp2020/images/Train_1099.jpg,198625,25c42c684f068e5944633ee4014d1c34c6405981a660326307aa7f167eff4f0f,2048,1365,RGB,3,a81d95189e6989ef,True,
target,scab,data/pp2020/images/Train_11.jpg,183192,cf767de545cf8acbe450633b261479a067513729ab1ee5c617b663f843b65c2e,2048,1365,RGB,3,aa82b55e0266b7e6,True,
target,scab,data/pp2020/images/Train_110.jpg,236310,daa4be40c1877e2aa4d8daa5c08c776c88f4df1ba5fa57293451f805b7fbed66,2048,1365,RGB,3,ecb268e78e6ab051,True,
target,scab,data/pp2020/images/Train_1100.jpg,219059,964fd810e13462ad1bc0714aaf3e46bc0f7d3cb8e029f161f660bd65c26f616f,2048,1365,RGB,3,baabf697839282c1,True,
target,healthy,data/pp2020/images/Train_1101.jpg,352156,c5bab6a9ceb3ebc358c37afbb34592285b9cdaaffd5a3771c992a387a9f7235a,2048,1365,RGB,3,b4a43680da26eedb,True,
target,rust,data/pp2020/images/Train_1102.jpg,280483,f690eb39af9438b1bcff2f01406ce6ce92b2495a6a1f99710a230d1bda2e4dcf,2048,1365,RGB,3,eba9a8c8572a5ea1,True,
target,healthy,data/pp2020/images/Train_1103.jpg,409792,4ac0f2479deeddb6871f1b448a4f4e4a2543eb761c8337f1ec8a053658cadac9,2048,1365,RGB,3,98a331bfc767b404,True,
target,scab,data/pp2020/images/Train_1104.jpg,185969,238c3fc9094e863867ae5b35fbf9b5e19d9aeba17a26042cd7ccaf8d65baf0a4,2048,1365,RGB,3,ffa80e1f40a7a19a,True,
target,rust,data/pp2020/images/Train_1105.jpg,249933,122bc9bef3f761a7b69b87909cbe1215d539f95730419ff0389917b5b5aa2a1a,2048,1365,RGB,3,abd0a11daddd072a,True,
target,rust,data/pp2020/images/Train_1106.jpg,225060,10ccd550a5c4e51bac83601ec75fcff2fb8c46937fd56bc8f6d3e8d1f3b2826f,2048,1365,RGB,3,94ad6bd1f5903616,True,
target,scab,data/pp2020/images/Train_1107.jpg,157259,231f35245e38afd822c536826ec0e6a025e341df536c54e7b9baa3975fb6cca9,2048,1365,RGB,3,d30080b45fbd5ecb,True,
target,rust,data/pp2020/images/Train_1108.jpg,238047,e42b83d3c0c8d7a4aa50cdfdb4d08371dcb54eaa44fb1d7f4abe247becd9da57,2048,1365,RGB,3,cd3f1c215f1b9318,True,
target,scab,data/pp2020/images/Train_1109.jpg,116305,9399262b7d1effaf62a686676ceb06bb25343e77d4957d381320fcd0c9943d77,2048,1365,RGB,3,e1568f878dc7c0c3,True,
target,healthy,data/pp2020/images/Train_111.jpg,374205,ff11b275c9bfa32b23882bf5d687f6d6fdfb09180a06b240c888f613558b9cc7,2048,1365,RGB,3,a9c9d5c72c6aa83c,True,
target,healthy,data/pp2020/images/Train_1110.jpg,138951,4a335ba935f51eb8a33a60511fe1cc4be141aa142aae47bd163dc27d9e9465c9,2048,1365,RGB,3,eaca6bf014755e50,True,
target,rust,data/pp2020/images/Train_1111.jpg,235776,3bf9b1f9324542db2a333f2601bdd433c1dacbf6e2d84b3e3669119d47891568,2048,1365,RGB,3,fb9287c0b18aa5ec,True,
target,rust,data/pp2020/images/Train_1112.jpg,183880,ec7361c6d03b8bac38c609510e53314eb405bc6e6451e65449629afdb8232623,2048,1365,RGB,3,d0dd3c34c2954d7a,True,
target,rust,data/pp2020/images/Train_1113.jpg,193826,f51485540ff596fd720e07c1ae1d3b5f1c27393724e482cce3c37047b1c3d7a3,2048,1365,RGB,3,fffc94e092a59086,True,
target,healthy,data/pp2020/images/Train_1114.jpg,312568,144e2f8fee676f55c800af4427d6bef0b464d4093fe1b4bd6de7c0d6b97b1b6f,2048,1365,RGB,3,dc3a6435994dd662,True,
target,healthy,data/pp2020/images/Train_1115.jpg,268687,cef741825e0bcbeda1b37fe84f4c142ae4ee62d35a902fc1f6eeaaa463bdc7ad,2048,1365,RGB,3,a1569e6a5e6cf038,True,
target,rust,data/pp2020/images/Train_1116.jpg,235170,d7a26b47f8259fd3b77d38f126eb1f930e16ca06a95ea467ffc7cdd005578acc,2048,1365,RGB,3,c4d76968d8f09539,True,
target,healthy,data/pp2020/images/Train_1117.jpg,194908,e82c17ee5c083b28ca9b34d10c908da4acaec495c3261f9db04345fc3bf49592,2048,1365,RGB,3,a9a1978d8b19557a,True,
target,rust,data/pp2020/images/Train_1118.jpg,297003,5d4642c951c59ceb50b5ed1d6d14ce3b5730b666017ed75eac44f62ee74a4860,2048,1365,RGB,3,f820d495c7fcc5d0,True,
target,multiple_diseases,data/pp2020/images/Train_1119.jpg,232727,b0693df0a43d8ad0b5c8af5c24a66e818e467307167b5d5ff8a15cebc99a579f,2048,1365,RGB,3,f90738a0d2f2c1db,True,
target,scab,data/pp2020/images/Train_112.jpg,212755,650017b7d20df44c8741e3af118345e59a29a8aaac60db593e4a95206c2d145e,2048,1365,RGB,3,bc46d63c43710eda,True,
target,scab,data/pp2020/images/Train_1120.jpg,261701,e2a9ca11972d8c86550d8c4df750a6369a5f10352d4cd5fe8dcf9ab92038306e,2048,1365,RGB,3,e64e0bb23433cace,True,
target,rust,data/pp2020/images/Train_1121.jpg,239004,a9020fd758170f19dc1d95e1436c5d2b25ccb5660e82c8635380a122960042c2,2048,1365,RGB,3,9e687fc5724d2298,True,
target,rust,data/pp2020/images/Train_1122.jpg,170043,36f0d297fe8fd9d90e4716bc8f4ed0ce0f2a80fbff01f8d90c686efde06f66eb,2048,1365,RGB,3,bab5d2920798d665,True,
target,healthy,data/pp2020/images/Train_1123.jpg,217058,25867f85def288c3bc889baae056bbd7a97ef900c6cdfebecda105c91cf2729a,2048,1365,RGB,3,9aa1dd1c454dc2de,True,
target,scab,data/pp2020/images/Train_1124.jpg,174038,ebf421a738e7f8b0d86e028b1b28bf19e68310dd43c11ccd7b6f4d84daaa207f,2048,1365,RGB,3,e55aa7d4861edaa0,True,
target,rust,data/pp2020/images/Train_1125.jpg,327867,2f5d7d7abe057526a7b1fcb84209a4883f5e4e45f82d398e53e2103c21fc329e,2048,1365,RGB,3,e6d4af92143f1d24,True,
target,rust,data/pp2020/images/Train_1126.jpg,201008,9bfabd8620e8c9fa345576b64ebec1a4471ed021846d4df616246462a5b234cc,2048,1365,RGB,3,aa297ce5e46e851a,True,
target,scab,data/pp2020/images/Train_1127.jpg,140197,91db5c291643344cf3acee1b18f7081fff92147312b25b971152f5d0b022be10,2048,1365,RGB,3,953a64b5d288d576,True,
target,scab,data/pp2020/images/Train_1128.jpg,185563,44212880a137e357f9a1c31c94bfbff88b8014a805fbf7f30948242d29f2ec84,2048,1365,RGB,3,eec02e5f74155652,True,
target,multiple_diseases,data/pp2020/images/Train_1129.jpg,174066,2ee8c8acd88be2df892e51aecefecba09c9a991503a36b08ccef3feed6122ea9,2048,1365,RGB,3,f92d44f8ee98e224,True,
target,multiple_diseases,data/pp2020/images/Train_113.jpg,157887,a0d32a732974d356fe901e9b7b86b1991bed66fb4885efcd6342439c2518a20f,2048,1365,RGB,3,ffdc70c492370f02,True,
target,scab,data/pp2020/images/Train_1130.jpg,203042,aea01cd0cee50aca5f0654f96b2e0e82653acfb52468b0d0fe0dbe9f40417b3b,2048,1365,RGB,3,977d3a3c0263e0e6,True,
target,healthy,data/pp2020/images/Train_1131.jpg,183733,c839f8137d9b9661a1945974e19fcbd2a4e25ecc35e89a80bdc69c6b3e939a9a,2048,1365,RGB,3,e0bce79f58430a78,True,
target,scab,data/pp2020/images/Train_1132.jpg,159011,33cf3d27ba20c3fc6e408c882ce370286e0fb4ae53da09405d3c39a1bcdeb72b,2048,1365,RGB,3,fb87836e0a4c6789,True,
target,healthy,data/pp2020/images/Train_1133.jpg,312155,10d82e063b52f7a3a31d4a79c9ecdf71b3a8516598fe9ed220a5ced301231e15,2048,1365,RGB,3,91659a374a836b9b,True,
target,multiple_diseases,data/pp2020/images/Train_1134.jpg,163533,7df9df625935993aaf415f451387ea97c83e53f05790d6212d649b415b269ba5,2048,1365,RGB,3,c2656b8b398a3727,True,
target,scab,data/pp2020/images/Train_1135.jpg,169609,4f0f40995f2a04bbac21de4964f2d36ade67a4d10b49bd17f0349bd68ed55c78,2048,1365,RGB,3,a659273bc6aade04,True,
target,scab,data/pp2020/images/Train_1136.jpg,196681,2060e66e3466224b33f3fa7a91311b8f92fd9d2dfb9bed0b4b7b050f5a78c724,2048,1365,RGB,3,8b15f194b8dad598,True,
target,scab,data/pp2020/images/Train_1137.jpg,161441,cdd99658ff6bca4c832f1772009cb0c15b029590ea0b740dd503d3197596163f,2048,1365,RGB,3,8f26cb6a4a286cbd,True,
target,rust,data/pp2020/images/Train_1138.jpg,184740,fb84e937fc90d968c9d9cead2ccae114d7ba454f0307fd4765284f7438b675b0,2048,1365,RGB,3,a9f465ce356e5290,True,
target,healthy,data/pp2020/images/Train_1139.jpg,259123,d6ed1e65b5988300b168455cc315a6b5a4386fd0d97cf3d22b88a82142d9bfdd,2048,1365,RGB,3,aac4ccd7346948be,True,
target,rust,data/pp2020/images/Train_114.jpg,330888,a51b2f9b765c1234a84604b48cdc4b3b712bc4bf39d37b18b5cf929add3a1a7e,2048,1365,RGB,3,c738d13e7146798c,True,
target,scab,data/pp2020/images/Train_1140.jpg,225526,75bd9b335ac5378252a9fef0c3be0a81b6fd252d7923eecebe6496614cc01090,2048,1365,RGB,3,ccf23c65f5ec820a,True,
target,healthy,data/pp2020/images/Train_1141.jpg,151476,4f62b1ae811ae7f3bfd550b6e81b55356675395a6a6de63347b32e809a6cab18,2048,1365,RGB,3,f900952d2e9ff560,True,
target,rust,data/pp2020/images/Train_1142.jpg,266668,5239174d4ec9229b33f4cbdd2549617247a44be467e2b0fffd801677a6b13d2b,2048,1365,RGB,3,c5339e87235c6ac5,True,
target,scab,data/pp2020/images/Train_1143.jpg,180315,10f2c248963fd3c79684fef801909bc1436d0a048c80031738ea1945a37f5149,2048,1365,RGB,3,f00f013883e8edf7,True,
target,rust,data/pp2020/images/Train_1144.jpg,198667,68b78b07f145cb3f16d2be852b98b947ad3c0748fddfba5dc5e212e57d6ad2f2,2048,1365,RGB,3,f9f4e1282f285ce1,True,
target,rust,data/pp2020/images/Train_1145.jpg,162025,300a6ffac21e94a821ca26c70aa4b505e1b95a3058734019dcd20644694d4084,2048,1365,RGB,3,d02f7abc20d21b73,True,
target,healthy,data/pp2020/images/Train_1146.jpg,158894,d197312f3e9fd3e68c20db6bf21f9b8fb278aa0a54fa431bbd2bc22b49240975,2048,1365,RGB,3,f41e9ee14b1c63c8,True,
target,rust,data/pp2020/images/Train_1147.jpg,460233,d2211b2ff052807254d7c7d1b21969ffee61c58cfe1bcefc4c39c7cd10ae4166,2048,1365,RGB,3,8fbc33c7895a330c,True,
target,rust,data/pp2020/images/Train_1148.jpg,227342,04fa544a24808723bbcdbe7b97cbe419384ebf67008aae9d621ace8fc16dd65a,2048,1365,RGB,3,ce0e617c24d3cd2b,True,
target,rust,data/pp2020/images/Train_1149.jpg,170370,a7926fdc0dc628dc4cc3f70fb9e61c09bbea89577ffde5d09eb2b04bf9369dba,2048,1365,RGB,3,ca121736cadbcb61,True,
target,rust,data/pp2020/images/Train_115.jpg,329652,2a19ca05ec70536bcd0334adc684cf953072312bb1dca16a4a6bbe353c43604c,2048,1365,RGB,3,dfcc6b28063a88fc,True,
target,rust,data/pp2020/images/Train_1150.jpg,396942,3223d602efa9cf67da83e6b3567853ea9ff249bdf58585e7e00eaea4069424a8,2048,1365,RGB,3,aa542048ebf78bf4,True,
target,healthy,data/pp2020/images/Train_1151.jpg,402699,149a1cd991f6932c3c047dec877629e461fc8c5463f231f543f428169e21eaf1,2048,1365,RGB,3,d22db21aeda8352d,True,
target,scab,data/pp2020/images/Train_1152.jpg,141541,c5ff03e4dac9b8e5497f3c85d34c1bbf96dcb56ef5827a9414cd1b87863b8abf,2048,1365,RGB,3,b48a9bdbc84d8f60,True,
target,healthy,data/pp2020/images/Train_1153.jpg,196126,0aca01ab82a6bd7f396c22e5e014211461ed2d0a25df1bc325c3c6d036379aff,2048,1365,RGB,3,fc0e37f00fe8f00c,True,
target,rust,data/pp2020/images/Train_1154.jpg,318663,967e1ae00201e1d3d58998ab3b56c420f4539500e7726d51011a836274c80245,2048,1365,RGB,3,d89c9cda9274322f,True,
target,scab,data/pp2020/images/Train_1155.jpg,325814,fba51891b25ffb7c1899267ef8ac8ada9533106f02f8a540a9642431493358c4,2048,1365,RGB,3,85aa0b2f733cb352,True,
target,scab,data/pp2020/images/Train_1156.jpg,214078,b9fec97cc2d9d0e79abed7764fb799e008a9fe6aa3fbd38ef173d80553065e96,1365,2048,RGB,3,ef8afe126e2824ca,True,
target,scab,data/pp2020/images/Train_1157.jpg,214069,da4fce73ac3979bcbbf70dacd05e3599e38cbd155e9f1a181c00bed6aef68513,2048,1365,RGB,3,ae3154e731ea9334,True,
target,rust,data/pp2020/images/Train_1158.jpg,332914,0642fccb9df3d60e685f820c1f1c62082b71c5fd4d44b3cb202d28861c31a43e,2048,1365,RGB,3,f075c21337eb5285,True,
target,healthy,data/pp2020/images/Train_1159.jpg,357156,8492520652956ac45719207c5dcd40cf0b2499fe1142c056ceccd7194d8fd6f3,2048,1365,RGB,3,ef54a762d8213a33,True,
target,scab,data/pp2020/images/Train_116.jpg,118808,6f857a066a8dac130a39c7e804f249e52328eee1d76b3b22c6af1f596e123697,2048,1365,RGB,3,a5a71f53d29a9491,True,
target,healthy,data/pp2020/images/Train_1160.jpg,343792,903a2ef465ea5222e102d614b4b9eb9adfe4155179833b5a7cbc898316e77f8d,2048,1365,RGB,3,c310783b33f58cb9,True,
target,multiple_diseases,data/pp2020/images/Train_1161.jpg,195637,f3a390db0bb4373dd5bdde1bce4ed017e8caffcd90cb17c993f90e0b9c9174bb,2048,1365,RGB,3,916438d30f616fb6,True,
target,scab,data/pp2020/images/Train_1162.jpg,201451,1c0e298bd25c08281f004b29e02d701507503f8da28aab39de66aebe47989f74,2048,1365,RGB,3,f0bfb190e5780764,True,
target,rust,data/pp2020/images/Train_1163.jpg,226231,d74d2af005e87c14ecc9a3ced58e5b9aee956e6d7a3caf9432862d9ac5df585f,2048,1365,RGB,3,fd1ad278b64a34c8,True,
target,healthy,data/pp2020/images/Train_1164.jpg,252868,8c37c5f5d33bf9b3ac893ee61da2819a149aa84e3718588704fb3396c098d996,2048,1365,RGB,3,ee913d9e810e4f85,True,
target,rust,data/pp2020/images/Train_1165.jpg,218808,ab1c2a8b7b033a7a7d697a2e2776694688599927913d6e0fce930bc9427218d8,2048,1365,RGB,3,d46374d28e35724e,True,
target,scab,data/pp2020/images/Train_1166.jpg,237245,52509deea7205217206aa9b9e415aec465ca4983148b6819febf96d90f205293,2048,1365,RGB,3,8264a3f6df696c60,True,
target,scab,data/pp2020/images/Train_1167.jpg,275172,47c62e16f2e47787da297658d6d4b36094f8d3280152ba4b80c105176ff9d305,2048,1365,RGB,3,ef1990e74e2176a8,True,
target,scab,data/pp2020/images/Train_1168.jpg,216354,cfe04998c4dea4b3c43637ab5afd33894eb53579bc2738f25a4902e59f06eb2b,2048,1365,RGB,3,cf237b8c21289e6d,True,
target,rust,data/pp2020/images/Train_1169.jpg,168390,460f070a1e7af614735f4bdc089a55b2901c31f2e153e456a0ca9106d35b2f13,2048,1365,RGB,3,dc6598c141d627be,True,
target,rust,data/pp2020/images/Train_117.jpg,400549,c437147b133f2b6efd83b613546462815c3b09258c3a6310632ac1d7ab96bbce,2048,1365,RGB,3,fb1144134cf61fac,True,
target,scab,data/pp2020/images/Train_1170.jpg,164741,62692616614ba833028789efe843a8ea24b0a24e3d7162fcc566346feb0c0a42,2048,1365,RGB,3,ad6095c36b3dc4e2,True,
target,healthy,data/pp2020/images/Train_1171.jpg,202903,7060fd7c6c2d2dc5c8bd880e2ea852dcab8b509dafe082bc3036e050fbae024b,2048,1365,RGB,3,fe0ad2adc2548f92,True,
target,scab,data/pp2020/images/Train_1172.jpg,200055,0fdfe4e2d2a776a585caf9cbe534ccff4fe7c5997f83c8bab6a20c2a64858b83,2048,1365,RGB,3,86973ae8b2729a53,True,
target,multiple_diseases,data/pp2020/images/Train_1173.jpg,200795,66be29a80c607c96b5963e815033c166e956877b37ed23eb63effcfb93fec26b,2048,1365,RGB,3,d9c8934727ce6790,True,
target,scab,data/pp2020/images/Train_1174.jpg,175479,72a040d5c39344ea643cd9adfc388f0be8c4cafd4d38c5239779640b5ff46343,2048,1365,RGB,3,b7a2e2d22a4a2dad,True,
target,rust,data/pp2020/images/Train_1175.jpg,230532,4679246de6082ba7f68e697bf20044c4b84b5e4ecc0005aa850ed628dd006682,2048,1365,RGB,3,81f969cd370fc40e,True,
target,healthy,data/pp2020/images/Train_1176.jpg,162901,21fba33641edd2b4aa65c36d350d7b5f4910c5aa8d3c9840d1dae2ea3751e41e,2048,1365,RGB,3,aac2f5c1b552d5a1,True,
target,rust,data/pp2020/images/Train_1177.jpg,248030,e7b946b8353137d7d1fd08fb335463a47607831248ce503f2c8631261a2dbd02,2048,1365,RGB,3,dd066bfc8155d381,True,
target,scab,data/pp2020/images/Train_1178.jpg,161876,1d2f5352e4f4dd794e0c438367d852f4c7ec7de31590adf51ac6a697fc517670,2048,1365,RGB,3,a096d5f8c9742cab,True,
target,rust,data/pp2020/images/Train_1179.jpg,199539,a960290031bf82952f9c92e9e7e0cf0c16a0f61ff8295c5a09c1f14523ce4385,2048,1365,RGB,3,c79f274093761a8e,True,
target,rust,data/pp2020/images/Train_118.jpg,198747,31e55750224401982bfa0b5c1fd8da6cae6e68d39aca167866817e94cfcec285,2048,1365,RGB,3,b96c37878ae206f1,True,
target,healthy,data/pp2020/images/Train_1180.jpg,243640,c426987645a0b361ccc7a0f982847ecf37de547d30f95d05abb7890f56987b99,2048,1365,RGB,3,d638694a22cd9cdd,True,
target,scab,data/pp2020/images/Train_1181.jpg,159727,18c2b453abe34fc1f54f5477d4cd31e7b64c70a80d0de51055fdb5e858176cbc,2048,1365,RGB,3,d9c6617f83805b0f,True,
target,scab,data/pp2020/images/Train_1182.jpg,188553,c910f8789f0bc85e8c2a18c2aae200da959100429d362f778e5eefcb0ffcfdb5,2048,1365,RGB,3,ea7c17a7f86201c6,True,
target,scab,data/pp2020/images/Train_1183.jpg,173094,99c8506b442ced67071f74383a57641aa80a076e1151e9542877c3905d724d10,2048,1365,RGB,3,e83f898e07d446e3,True,
target,rust,data/pp2020/images/Train_1184.jpg,217243,61b551dda93f1c04a820dd4d8673b352e6f9013f6e52071884c891ba21bd4816,2048,1365,RGB,3,f56af18303f34e81,True,
target,rust,data/pp2020/images/Train_1185.jpg,212807,7dde2245706234f810622d2d2cc0c99a647486a86d1b1d5d637b38e6c12d0997,2048,1365,RGB,3,82f49a4a7b9585f1,True,
target,healthy,data/pp2020/images/Train_1186.jpg,226790,be9341a36d7db68224e62f36cd22f0b68874f75fb21276caddd932c4599ba884,2048,1365,RGB,3,8d623e169760b697,True,
target,rust,data/pp2020/images/Train_1187.jpg,431650,2a45a1ff770bca933668415929517cc8d2470fdf653a52ad9444a1579558efad,2048,1365,RGB,3,9187bc815e755a9c,True,
target,scab,data/pp2020/images/Train_1188.jpg,211236,fc010bc06208369fb107c5ab0dfbc124032803f0f847d9c685cd6b8f20c43419,2048,1365,RGB,3,de4d84789db99131,True,
target,rust,data/pp2020/images/Train_1189.jpg,276378,92b775521c5245db87bd5785f7c59ce46561902feefe3899fa1a6c243847752d,2048,1365,RGB,3,aff094e272313ab1,True,
target,scab,data/pp2020/images/Train_119.jpg,177478,1746412f7d4239123de8a5cc83f93689895ccb64eaa21d60fcda4f9c52923cfd,2048,1365,RGB,3,8dc89da8591c7b56,True,
target,scab,data/pp2020/images/Train_1190.jpg,213338,eda286396e6f6307df8bbe8853fca201ab3110ee1464c78469546c2ae3d21761,2048,1365,RGB,3,8b6195e666663ec2,True,
target,rust,data/pp2020/images/Train_1191.jpg,189743,cee5f2e9349579a388af98c10c297456517ff33e0dcf4ab407a80b9ff355adab,2048,1365,RGB,3,ceaf6d073c0bd700,True,
target,scab,data/pp2020/images/Train_1192.jpg,162367,9badb1c9cdacee4c2c96f829dca8625fe9d62ff76a9c7be93e630fb6a436e259,2048,1365,RGB,3,de0f9038e17da127,True,
target,healthy,data/pp2020/images/Train_1193.jpg,263379,6a860aef8ad0241f66052bc511897ccc1aea607d12f7572179a8605e43c86530,2048,1365,RGB,3,b4966ba8b4c3692b,True,
target,rust,data/pp2020/images/Train_1194.jpg,215336,26e8d7c4722852fa80bd3eab895d07c24a712d8db1cde3ea898e90bfe4035b9c,2048,1365,RGB,3,f21b4aad83604f4f,True,
target,healthy,data/pp2020/images/Train_1195.jpg,156521,1f2e491516e0a0f82748cd7e67dc5235a6b60d06d95febe1ae50cd6da7545959,2048,1365,RGB,3,ca22458e942dcb7f,True,
target,rust,data/pp2020/images/Train_1196.jpg,170334,3f03bc4ab5f5d4aa4a212313a7d7dd30f7cd7b06981aa2a3f89ce78aab534d60,2048,1365,RGB,3,cf80bff4c60d047c,True,
target,multiple_diseases,data/pp2020/images/Train_1197.jpg,344937,901a7fde5b264ca8acfa7c2f94b815a2aa46695e2d33e731b0b3f0b3d882d357,2048,1365,RGB,3,d8a8236d5f805a9f,True,
target,healthy,data/pp2020/images/Train_1198.jpg,210283,4b91487ecf3e3806c9c7f9e82017bc53b3e95ea91c6ecf642a3f4b72c249e783,2048,1365,RGB,3,b8e2c01db1f20f7a,True,
target,healthy,data/pp2020/images/Train_1199.jpg,180824,7d323255353bbaaa3a54d1bf462351e3d6fe7007be46d31b318153fa46e7cd64,2048,1365,RGB,3,cc03ceac4ff463c1,True,
target,scab,data/pp2020/images/Train_12.jpg,152329,2bc89391d7a0e2caaf6a65905a83b22a06fa7bd2af7c95df3680e315e371fb3f,2048,1365,RGB,3,8b7dab21402ff685,True,
target,rust,data/pp2020/images/Train_120.jpg,200694,78c48200b380381ab4b1e687de36e3b3d6da93ca19e1a167bdba3eff907f53cc,2048,1365,RGB,3,fcd5c081c48fbde0,True,
target,rust,data/pp2020/images/Train_1200.jpg,171827,32974def54ecd6e902afaf2df5fe9f7bbb03a2e0a26a454e3748e9e286a3dd9f,2048,1365,RGB,3,cff880c358c2fb38,True,
target,scab,data/pp2020/images/Train_1201.jpg,218579,a32ba8a3f1cb182b22311c7fa4f60cca0f4a827803ac5c1f7310f3836040b689,2048,1365,RGB,3,fee2dc9f0ed82090,True,
target,scab,data/pp2020/images/Train_1202.jpg,169585,35242e1a61f19be54b216ee6cc50e258ed9b990b0af6a0cc2020b859caec7a85,2048,1365,RGB,3,d30263fa03e6e42f,True,
target,scab,data/pp2020/images/Train_1203.jpg,238713,38e1c4b4f0530064b3d5f41d3865f3c51769ba03e04fb37927242a84c5205bde,2048,1365,RGB,3,986a69d2394ec75c,True,
target,rust,data/pp2020/images/Train_1204.jpg,193251,b886a9b021fd6cd1da3607c5545754b88e8f1b49090853cd45440daccfa79158,2048,1365,RGB,3,d97c18c4612e83fe,True,
target,rust,data/pp2020/images/Train_1205.jpg,209731,99f7e01b67ab6b20d24dbd245d7dac6750285bf941d16e9a3bad761a3e0863e4,2048,1365,RGB,3,81b3556b9595ab4c,True,
target,rust,data/pp2020/images/Train_1206.jpg,174395,eb9a4560e17ac9fc238b13a296eaf112c8dc01b53a133fba5918fd7fc8a44667,2048,1365,RGB,3,b46943de9b9033c9,True,
target,rust,data/pp2020/images/Train_1207.jpg,274873,687855907f80a53172d80c938da11a06d631a0c443a2bfb87b869d7c9dea2f6f,2048,1365,RGB,3,fab5c8e30f0b7070,True,
target,scab,data/pp2020/images/Train_1208.jpg,173935,f2db4650172b57fc1762248d6e85552243fd55d34a75b1d182c347703952f99e,2048,1365,RGB,3,9647e37b65b42690,True,
target,scab,data/pp2020/images/Train_1209.jpg,183836,1ad45b227a6d9231a7e6c5428f5f916b926de2f80dd9d6ec59d703f39a5db73f,2048,1365,RGB,3,81923b3fd2c17a17,True,
target,rust,data/pp2020/images/Train_121.jpg,223521,28e22bfb095a5b01ae537522ab851d4dfd7876d965289cc30a9cb7dc04415753,2048,1365,RGB,3,c4c206aeb43bbad3,True,
target,healthy,data/pp2020/images/Train_1210.jpg,226149,72c135abbfa22ea8ccab88e5a12e8628de14022c4e2cc6119e61e012ecba87d9,2048,1365,RGB,3,ff5b12f01bf0f002,True,
target,scab,data/pp2020/images/Train_1211.jpg,256767,a4b67d3e4bae477c6f2527b4ec2105e6ea48952e9a7e71d76ee17ff06b99d728,2048,1365,RGB,3,ed0a961dd6d83899,True,
target,scab,data/pp2020/images/Train_1212.jpg,168016,dc5484ea51ce20916413171feab160c4e66d02793d24e43a506c11df9cbddc5c,2048,1365,RGB,3,f889c56a8e747a34,True,
target,rust,data/pp2020/images/Train_1213.jpg,159170,816965302ca05f29de08b7b65f33915b9f0dae6a633c7d3da20b2b2e043ebfae,2048,1365,RGB,3,ff40189f082836ff,True,
target,healthy,data/pp2020/images/Train_1214.jpg,185543,a901ef782e2acc01df1aa37a55d766b8dad261cbf8721a3f1f346000ee9f679a,2048,1365,RGB,3,f2a9f11c425e1f0e,True,
target,rust,data/pp2020/images/Train_1215.jpg,222588,768d9a3873047b94fe2812467d89a0fbe6cf53dff2820378ab36590b9f24a8b5,2048,1365,RGB,3,c444fec780ef181f,True,
target,multiple_diseases,data/pp2020/images/Train_1216.jpg,223277,af06a3f8cc7084aea9169fc20ea2a3acd2dce72b3927533af4555985ee8b63cd,2048,1365,RGB,3,82ba3e933947b097,True,
target,scab,data/pp2020/images/Train_1217.jpg,180100,043027448518242a409b8fd53c947bf03f75083f935af12e357a9cf24dc8e774,2048,1365,RGB,3,f7c8949f0c0169fc,True,
target,scab,data/pp2020/images/Train_1218.jpg,290886,5181fffefa5fa8bb307603fc0e09b79bd8f420a7425fde492f156d60e0242a4f,2048,1365,RGB,3,faab9713c090cd36,True,
target,rust,data/pp2020/images/Train_1219.jpg,175191,22be0a4b87c6e56bdac26af34d96734e81b2d845de16d153c66605dd89bd0312,2048,1365,RGB,3,da069bf4cba26689,True,
target,multiple_diseases,data/pp2020/images/Train_122.jpg,201447,04df951bbd944a28b42835cea0038c11f302c2a5046b7bd2fb1382f0c934e980,2048,1365,RGB,3,ce13fc4a586b8ce4,True,
target,rust,data/pp2020/images/Train_1220.jpg,143591,e6705159fa46742b348cb83efd4882194b0447bbce891ec2e26d70f3ba51210d,2048,1365,RGB,3,b6ddc1619f82e132,True,
target,scab,data/pp2020/images/Train_1221.jpg,207878,14cd26bc9c4ae39c2641bc6e0a33ff3446ed9e8191002e004f44567e6183a568,2048,1365,RGB,3,95cef0a5cad4c9c2,True,
target,rust,data/pp2020/images/Train_1222.jpg,470547,a5e74b88f289ddf504c40b5200c2f33d02a70128ecd20bb2d04dbed641f03180,2048,1365,RGB,3,9dda402577d1c8da,True,
target,healthy,data/pp2020/images/Train_1223.jpg,344598,b6dcc9d21fd85b1b41f62e06b33e69cd9d737188200f8f59aebc081a1586fee5,2048,1365,RGB,3,870e73105a679d9d,True,
target,healthy,data/pp2020/images/Train_1224.jpg,244653,370c55f1a593fc9d7b5f1c36595612c6e027ad1a409509eb99254da84fd89385,2048,1365,RGB,3,8b3945a0c8ff58f8,True,
target,rust,data/pp2020/images/Train_1225.jpg,226102,f9c536657ab1e9d9861303d7ca1901a0bb51eb42a6eecf6aa86e1cc8c32aa36d,2048,1365,RGB,3,8774bd86b996889a,True,
target,scab,data/pp2020/images/Train_1226.jpg,148075,b40445b9c1299551b2a3710763b8e42b6dd74d82a080a30a9ce63eed43aa51cd,2048,1365,RGB,3,953268cbc1f55a9c,True,
target,healthy,data/pp2020/images/Train_1227.jpg,181209,91a66b4a9cb52cd2ab6f29caeb36ab0a9307d79499da4a40a7295bfdaeb66b3c,2048,1365,RGB,3,d1278e724d5bbe08,True,
target,scab,data/pp2020/images/Train_1228.jpg,163447,23ac7e5bd328ea323ab67369d9781ad84abc9ec348d8c307141defeab2ae75b5,2048,1365,RGB,3,f6e2c68e5e02be50,True,
target,rust,data/pp2020/images/Train_1229.jpg,131838,2e5c72bd10568eb2873002017c106922f5dce868165735f12e9496129706d73d,2048,1365,RGB,3,d6901fddc8b78c06,True,
target,healthy,data/pp2020/images/Train_123.jpg,179001,a3f99afd0d3ed4475627aa7c63387dc5fac0e2f394e4eb72b72c7841dbc3441a,2048,1365,RGB,3,87b8aa9da5b9a138,True,
target,healthy,data/pp2020/images/Train_1230.jpg,372856,fe05d082f7f9b43054d578280c47fba723ba28cf3392353810dbdff7939a6137,2048,1365,RGB,3,fa604bf61569c913,True,
target,rust,data/pp2020/images/Train_1231.jpg,361247,c225fb181cd2c0b4ca2825e2225583daf3a5dcd960b1b7ae2bb49a498a8199cb,2048,1365,RGB,3,9ee390fd18622795,True,
target,scab,data/pp2020/images/Train_1232.jpg,182099,3b91f57e34c5db43bf3c213060e7e241af7153a56c674b9e8631d0c0b9db5aca,2048,1365,RGB,3,d89d786a562f9e40,True,
target,rust,data/pp2020/images/Train_1233.jpg,211481,ec1e05f3e9d0c4e3edb835914569147b60a0ed8bca8471b2146207e22bd052d3,2048,1365,RGB,3,d1e42007e8d6da6f,True,
target,multiple_diseases,data/pp2020/images/Train_1234.jpg,290653,98211f721b962f6a748b5551b60b4fdaad18050ca2721f7842d15f42666d29e3,2048,1365,RGB,3,a9e4262e5db77482,True,
target,rust,data/pp2020/images/Train_1235.jpg,237969,c2e8f2ab2ac3ce1cef09e5959a9a2f2e0a9fe156d18153db638ad4001e234d64,2048,1365,RGB,3,8989898f8f8e2c7e,True,
target,multiple_diseases,data/pp2020/images/Train_1236.jpg,219662,ed191f87f131a43a2a934b233f61776d88069817634cc9d8358642efe57d3701,2048,1365,RGB,3,c3e3a5c6c0e6c3a5,True,
target,healthy,data/pp2020/images/Train_1237.jpg,366221,22b5d5707cd769ab950c54859aa748082dba951d3ac5d5b6e402d6b11a53ecac,2048,1365,RGB,3,cf811671a2dfc433,True,
target,scab,data/pp2020/images/Train_1238.jpg,155149,53b3a7ad5a3fd7b40ce2729bb0ce162ce8e34c964e8eb20dd7ff246ab1d3fbe1,2048,1365,RGB,3,c34a473faef06982,True,
target,healthy,data/pp2020/images/Train_1239.jpg,165223,2e33c6128d710fe32c238a97d76e07de8a8561b0c2b0494097fd934a0b8d179e,2048,1365,RGB,3,934f836b879256e1,True,
target,rust,data/pp2020/images/Train_124.jpg,208356,7b79dda4f965da4421886f125137c50122c4af45edd7b4cdeb7cdc94e214f7b2,2048,1365,RGB,3,d4d63e2584072b7e,True,
target,healthy,data/pp2020/images/Train_1240.jpg,245140,610e12bd314cd0795663e6c2d8b25bf22e39783a3a97ac7ea0b10d874dba174d,2048,1365,RGB,3,fa4a802f8fb45d51,True,
target,scab,data/pp2020/images/Train_1241.jpg,226908,c6445704de20ebd55751b67c75b358be37cc7226af33220976d4defc766cf28e,2048,1365,RGB,3,ad8694d6d6d326a1,True,
target,scab,data/pp2020/images/Train_1242.jpg,208033,3902994af4033205a288e20c119154b33775a139181f15fd01b4cb8d24363925,2048,1365,RGB,3,a241be915fd68396,True,
target,scab,data/pp2020/images/Train_1243.jpg,150568,28fc007c0e583090607430bd264452d664515f39c7947a8bf6cfddd924d779e5,2048,1365,RGB,3,8e824e5b0f49bd39,True,
target,rust,data/pp2020/images/Train_1244.jpg,304237,88bf2def283af33a55649431ed621ac2dee1a77536499d236265e61d75e987e1,2048,1365,RGB,3,a0a99ce57b4e616c,True,
target,healthy,data/pp2020/images/Train_1245.jpg,164676,1bf2a1acd26441518154a31fcaf89f06b4a0f67352405778ca34a625b117ae93,2048,1365,RGB,3,9a5e33aa8c6e1cb4,True,
target,scab,data/pp2020/images/Train_1246.jpg,255518,174fe66254b5a7cccbbafe4015a8cdac600d1411e7d9a969192025e3135dcc78,2048,1365,RGB,3,9b486c758b748b9a,True,
target,healthy,data/pp2020/images/Train_1247.jpg,166825,b176e8d29c87a8de5c685ea0afdfc6bd4acc004779986e33c857d05465663c3e,2048,1365,RGB,3,a7bf6035ebd04603,True,
target,healthy,data/pp2020/images/Train_1248.jpg,139999,783e09e83c8f06b3a6c8aba2b5a0b2cae91cabadf2b93ca40b73ad4a0a6822b4,2048,1365,RGB,3,a51e3c613b46f11e,True,
target,scab,data/pp2020/images/Train_1249.jpg,226115,5e4dacc0bbf1a735e4e2b4948aa6737203dc302aa10bef16d2e1a4dc8692d825,2048,1365,RGB,3,afd3fad1a820a49a,True,
target,scab,data/pp2020/images/Train_125.jpg,157085,91c09a7d7a237e86b3cd951f10c4c016b5088e66147914eccc91ab36aacf3836,2048,1365,RGB,3,d31fd290bf846c45,True,
target,scab,data/pp2020/images/Train_1250.jpg,208917,a9b28e0a1bca94bd26667dc13e61477c39e09e01fd5ca0445c51371b6d8ae03b,2048,1365,RGB,3,b218cb27d375d464,True,
target,healthy,data/pp2020/images/Train_1251.jpg,196730,8c7667c852fdf9eac0f7ea081d594969d9b189c8ef57aa49ae890c34f83531b5,2048,1365,RGB,3,cf35a0257ff42582,True,
target,scab,data/pp2020/images/Train_1252.jpg,179232,a3666defc293aa360be8fa514931438785f6a7a45ead84c8659bb650c2c10641,2048,1365,RGB,3,c73339b8a8f1f188,True,
target,rust,data/pp2020/images/Train_1253.jpg,171860,5b124270fe51a8595ad9261fe98c11786eff483a817e03a2a75082573c4e2967,2048,1365,RGB,3,ffb7de908858884a,True,
target,healthy,data/pp2020/images/Train_1254.jpg,304266,d824a73b6063cad09c46e873cfd2e5c71da423ef20637ff6a7801167243171e3,2048,1365,RGB,3,a1244aea1c37db6d,True,
target,rust,data/pp2020/images/Train_1255.jpg,248044,81d0dabb355831bbab27ec03db1130ce313863caf10288aafe0198ec826831e7,2048,1365,RGB,3,d9a22d90d6cb9336,True,
target,rust,data/pp2020/images/Train_1256.jpg,151708,6b1eb9f2c79e4d4e7b5af9c39a84b555efed0bb977c513eacb5c52f867a445e1,2048,1365,RGB,3,807947b90eb77856,True,
target,healthy,data/pp2020/images/Train_1257.jpg,190582,2dc70b464b3a073684bb83070406cb3302413ec557012eb3d5f24a647c0026f0,2048,1365,RGB,3,9a462dda3568c69d,True,
target,scab,data/pp2020/images/Train_1258.jpg,156410,5468eacd4e74afabfd77c5231bca645b193ad31a31fead7bb853c4c921138108,2048,1365,RGB,3,c9f42e0ed50b89e5,True,
target,scab,data/pp2020/images/Train_1259.jpg,178830,4fa5d5edc4e1a0249edea4b0c7133e6bda1e15cbc43501cc345e3593795aaca5,2048,1365,RGB,3,f843c33b2e3035e6,True,
target,rust,data/pp2020/images/Train_126.jpg,184086,97d1b41d626320c30e8405a273f1fcffd2cd182a77046df8722edefc4b479744,2048,1365,RGB,3,d9a4e38184ce7c7c,True,
target,rust,data/pp2020/images/Train_1260.jpg,191593,767ac17c21d33897e4fab80ad18c78b67a5a6a77f80ff32b85650874b0f452f3,2048,1365,RGB,3,dae68ae2dc298639,True,
target,healthy,data/pp2020/images/Train_1261.jpg,210179,e80900e3c1a2208631401694006552dfa0a1b03a85df9a9378b5b821bfde0793,2048,1365,RGB,3,9daf2094579840ff,True,
target,rust,data/pp2020/images/Train_1262.jpg,169166,01acda1e4824b3e50ead19feaa0028998558ba837782617ae53535dddbba8fb0,2048,1365,RGB,3,9068d8d07d787765,True,
target,rust,data/pp2020/images/Train_1263.jpg,179154,91255d68656c7f602c50ed582c29573c816ed3d4ddcd47b6219ad33db5ab0c83,2048,1365,RGB,3,a37bd4a0d8d67648,True,
target,multiple_diseases,data/pp2020/images/Train_1264.jpg,297909,477058ed23415756238e5245ce67e359de98e4c677b8bdcc61231b7770451109,2048,1365,RGB,3,91b27ad271c9c719,True,
target,healthy,data/pp2020/images/Train_1265.jpg,304377,a1dd511cb5a771da9f6eff976aa48a73520b5f789d12fca3fad2fb2f9e0726c5,2048,1365,RGB,3,a9169d7878c3749a,True,
target,rust,data/pp2020/images/Train_1266.jpg,214433,0e545b84d68baf5ef882e6ed115108af6b4cbf62c518a59fce265d377af58dce,2048,1365,RGB,3,ad65b56714849da5,True,
target,rust,data/pp2020/images/Train_1267.jpg,132768,e43a9db9303113453a0317bd3c40ab13c8a2d3144d9d9896f7b63f400950c7bf,2048,1365,RGB,3,9509cd594073b3f5,True,
target,rust,data/pp2020/images/Train_1268.jpg,214223,ccd6138d286637b8d314b5c4715d3497cebe1af3b1a34416c73a321ecb703423,2048,1365,RGB,3,feb4c15ec94a9544,True,
target,scab,data/pp2020/images/Train_1269.jpg,185737,8bdc0c5b30393c11292fb944c785cfaf7f26f5b8f455f81236af953a6bce29c8,2048,1365,RGB,3,ae9a12dd69777600,True,
target,scab,data/pp2020/images/Train_127.jpg,232662,df8fde8ebfbf585b5c8a125d372b02ebfb0f57e9fc6c778e1a42f3e7e34cb817,2048,1365,RGB,3,fac4c037cfb225c1,True,
target,multiple_diseases,data/pp2020/images/Train_1270.jpg,360660,41607011ed672e987a2169eda64c96f4692f3a0f9c217ea59832faef27dc5ade,2048,1365,RGB,3,b5ad16f49e606f40,True,
target,healthy,data/pp2020/images/Train_1271.jpg,200160,713b8897d6bac9847940439d5b0c88ae45a296c6a942f2b0b8948bcf4931c2f8,2048,1365,RGB,3,fc80e0d6d25adcd2,True,
target,rust,data/pp2020/images/Train_1272.jpg,361392,1e1eea17b1fda30b871937eb3f51cf4caef4b0a529c9fd7534487c0bba41c49d,2048,1365,RGB,3,bd8ac9ca616dc4b4,True,
target,scab,data/pp2020/images/Train_1273.jpg,210632,643c8c59070e0f26e22645783c86e4843dae7eae8a0402cf8c424a61c446ef63,2048,1365,RGB,3,e61c8758634d61be,True,
target,scab,data/pp2020/images/Train_1274.jpg,197149,0cf50b4e4a778c9a6eb4fd9b6cf0b2962d156f47a390c9e17701a686c5b4f167,2048,1365,RGB,3,f22c7fc325f40187,True,
target,rust,data/pp2020/images/Train_1275.jpg,210730,265bbb5cb1d7b66d6dafbe515bf805caa3945a9a22413de2bcabdedc8c6ce70b,2048,1365,RGB,3,bd99c88ccce6944b,True,
target,scab,data/pp2020/images/Train_1276.jpg,191824,f206c90cc924d023aa815222195a04a22bb155907da9a1549870841663b0f40f,2048,1365,RGB,3,ed1bc70bc62fc421,True,
target,healthy,data/pp2020/images/Train_1277.jpg,312067,699cd5dc0a73e2c58fc9ea04e8be74d35b6f6368264da8fb8318fa47459861fb,2048,1365,RGB,3,ab299df19869338c,True,
target,scab,data/pp2020/images/Train_1278.jpg,174807,c1962f01d373812f256e9d48456e04d3147c7cedffbca2bb77dffb73f372edf7,2048,1365,RGB,3,a2e5d68f1e1ac8d8,True,
target,scab,data/pp2020/images/Train_1279.jpg,202374,b8d59cb8f7f0026d52164b127d4f25f1e4f84db8855a63477ee8d9bf26a6e8a3,2048,1365,RGB,3,e6ef383570c70d05,True,
target,multiple_diseases,data/pp2020/images/Train_128.jpg,238929,01fa64f4bf95894b0168bf153f344d85d5e2f917bd44454db0d17b97a9bd0472,2048,1365,RGB,3,94f4d5869bb490f8,True,
target,multiple_diseases,data/pp2020/images/Train_1280.jpg,319019,366aa279faa9623e0f722c318cabfaa50562ac9d261c802f57f989df28994383,2048,1365,RGB,3,f3094e360dec54cd,True,
target,scab,data/pp2020/images/Train_1281.jpg,180184,a8c6c20abc1d0d7310c74cc6b9fbaa93286197bf58bcf66505abc7a57bb87de7,2048,1365,RGB,3,e8adca1e465eca29,True,
target,healthy,data/pp2020/images/Train_1282.jpg,217882,085e1e3c4c50eefcb36110d4a7b520533781eef31a0c9af0e0d67fc2257b087e,2048,1365,RGB,3,cb0d34e5930bda5a,True,
target,rust,data/pp2020/images/Train_1283.jpg,143768,e3cc437fc2dd0c24b485b3b2b8591819b153dc990fe3d041b5f60c080d58899b,2048,1365,RGB,3,903b6fd11f19e606,True,
target,rust,data/pp2020/images/Train_1284.jpg,150609,14e7a40287e1c11c522b8b054ad4aec9a3dd7129daed459a984cc80f12d26106,2048,1365,RGB,3,dfa7c0c432f4e312,True,
target,healthy,data/pp2020/images/Train_1285.jpg,199183,7ecace239f4541ba6bf2e1462c043a48ce8b7e8eb89912599c73ede9f5f2cacf,2048,1365,RGB,3,fa3a41320d273f55,True,
target,healthy,data/pp2020/images/Train_1286.jpg,183781,536164b29cad25d2c0e98f66d90b78784e74bdd3e3fbd49cefc9714dc40c9548,2048,1365,RGB,3,9ab25a54d64535b3,True,
target,healthy,data/pp2020/images/Train_1287.jpg,231735,e7ab4c6ecafca5c434ca4dc74edc195da6c0ac509dcbd85967326d1bb40200c3,2048,1365,RGB,3,82cded2e944176b5,True,
target,scab,data/pp2020/images/Train_1288.jpg,177698,b9a804e2fdaef1381f52e8651cebf96898b9c16962836042df309cc4e9314b86,2048,1365,RGB,3,a2599768f02f0ff0,True,
target,healthy,data/pp2020/images/Train_1289.jpg,167832,532c0232eb4e2a87cbbc8447293a95397d642f51026723969f16984f906ab255,2048,1365,RGB,3,d64b23b3f1648897,True,
target,rust,data/pp2020/images/Train_129.jpg,228000,cbfcaa7f62b1111cf155ca488b4baabf8be09b8224224a55ba2f6401104acb9a,2048,1365,RGB,3,dfc0328c3876e1f1,True,
target,rust,data/pp2020/images/Train_1290.jpg,235124,605578669fddcdeca7e8f0e913eac767d5d6cad17f212cbc69bd91a83b4804c3,2048,1365,RGB,3,9c309a8b35313abf,True,
target,rust,data/pp2020/images/Train_1291.jpg,254052,92f085307dd71a6b5a66c3efda8702938a632fc353d8be2ac49587b24a223187,2048,1365,RGB,3,fa0a7b89e61d0770,True,
target,rust,data/pp2020/images/Train_1292.jpg,334555,98b02c748eed112ea23085522f30d8d81409a094c4f640556af2bbdc506d82d7,2048,1365,RGB,3,cea2313e3753c5c2,True,
target,scab,data/pp2020/images/Train_1293.jpg,264508,6d55bf2a6cb032ac8898d305d065f4d1d204734403536f07f8cba3f5a648476f,2048,1365,RGB,3,fa24110f1f71aed4,True,
target,scab,data/pp2020/images/Train_1294.jpg,191556,a65ef5fee4252307181d1def4d09a5c1650784a6a6b17ac84f74286199786463,2048,1365,RGB,3,909e38cced65ad85,True,
target,scab,data/pp2020/images/Train_1295.jpg,156267,6d3803f2fe4af5e7c879e1cb0149c52a6416765a13867196101e378abcd5fa54,2048,1365,RGB,3,c6ef7a1c0330d9e8,True,
target,scab,data/pp2020/images/Train_1296.jpg,181497,89dea1bf2d513cfa506c8c99f8918f15d41b0200c4f6d14b72136af75c0fe2c6,2048,1365,RGB,3,973d1a26d12a6597,True,
target,healthy,data/pp2020/images/Train_1297.jpg,321122,119cfc6b2c7fbeb6170349327b324712016a5101581d37b85daa023aebd3123b,2048,1365,RGB,3,c68433616ec37eb4,True,
target,scab,data/pp2020/images/Train_1298.jpg,219406,faedaf8752debacf113a98e78570dba2ee25274fc647947f3ff5aaae713779d0,2048,1365,RGB,3,8b0d3a36b172d953,True,
target,rust,data/pp2020/images/Train_1299.jpg,231981,505d3faebe06447a3b707a0641021d465f485f1d3c4c9a75e93aa2e6e79f585e,2048,1365,RGB,3,d530de0420b6ef9d,True,
target,healthy,data/pp2020/images/Train_13.jpg,137367,7055e1609faabe9cf1d83263ef0c308bb6b3f941a7a54e5523ef6eec592207f2,2048,1365,RGB,3,ec18176d1a0ce1f7,True,
target,scab,data/pp2020/images/Train_130.jpg,215223,fd8165997a9a87d3eb0ad927b68a2be432aa6fd4c1d667f8e07d933898c3c95b,2048,1365,RGB,3,899e4694c55dc55d,True,
target,rust,data/pp2020/images/Train_1300.jpg,236473,abed6586ebce31d56f272f81de802bc61231d30965c075f952a2e3ae1723f8ba,2048,1365,RGB,3,ff80007f94bf9c50,True,
target,scab,data/pp2020/images/Train_1301.jpg,180804,cec00f34ce66d500b9db3177c113697e2e083116f36822dd6bbc77ebd09e110c,2048,1365,RGB,3,cfea54660723b989,True,
target,rust,data/pp2020/images/Train_1302.jpg,183529,75ed94bfea3274998411e6a578a5cd1c4bc802d2098d5305dd083aaa0d21e1b3,2048,1365,RGB,3,87803bc0e9c7b43f,True,
target,scab,data/pp2020/images/Train_1303.jpg,228030,114e05dc6b36daba84df9321eef24133e328271b7076909bb4ec6dcac980383b,2048,1365,RGB,3,facad0fb1ab01f04,True,
target,healthy,data/pp2020/images/Train_1304.jpg,346949,3831e9dc292b360a3e458a3c1c3c86f4c0ec66dc9240b94c6d3081610e67319e,2048,1365,RGB,3,b0027629d29d9dde,True,
target,scab,data/pp2020/images/Train_1305.jpg,213817,42b09f447373709d29c3e295cfbda5ed1a82edba275055d5f20bbabab0a683aa,2048,1365,RGB,3,8d838683cfe72786,True,
target,healthy,data/pp2020/images/Train_1306.jpg,154914,5cfdc9d382ebad1d5b091dc40435310259c22fe30af8b0d362795f794ae5c2c0,2048,1365,RGB,3,a0fc874cdea8708f,True,
target,rust,data/pp2020/images/Train_1307.jpg,191884,3161549e3524460511306d742dafdf03e428d1cc3e81589431b8b2c618f32cd3,2048,1365,RGB,3,858539cb724fa8b6,True,
target,scab,data/pp2020/images/Train_1308.jpg,260021,2f517e247494bff1d60a9ebf6f60123aa160ed94304785a5c882da43add646c6,2048,1365,RGB,3,b38db0e74c03de26,True,
target,healthy,data/pp2020/images/Train_1309.jpg,202985,11cebc25adade8c6543fad620f78aeb39c7a3dcff35e737f212950a9901490c0,2048,1365,RGB,3,fbd4b2c0c4478e27,True,
target,rust,data/pp2020/images/Train_131.jpg,273358,d0fc8539af7d18224739ca723ae8894b7e6c41291130eb880c703c88ead91426,2048,1365,RGB,3,bd96d1ffd20480c6,True,
target,multiple_diseases,data/pp2020/images/Train_1310.jpg,217153,448c0560ae7dea399e4af633c918d04b4ee20388e53ba852c431f9cb63d50fbd,2048,1365,RGB,3,fea13d9cc0920eb3,True,
target,rust,data/pp2020/images/Train_1311.jpg,202307,a1d693bf0c8f8397039ee1db4fdfee4399fc6a7da063242d709cc790013a5f21,2048,1365,RGB,3,830f26cc6d3cd13e,True,
target,scab,data/pp2020/images/Train_1312.jpg,130620,84c7c6174efc4bfa68c4c8645f5294b0300ec55841f066b13396d30e00fa1815,2048,1365,RGB,3,f092b35f1d4d2d28,True,
target,healthy,data/pp2020/images/Train_1313.jpg,204644,3565a86c257eca89baa121e54628a44583a6af581978e2a0dfbc2a1f8ceaa8ef,2048,1365,RGB,3,f2e3606e0ab0e967,True,
target,rust,data/pp2020/images/Train_1314.jpg,174050,e77209fc23451a0c5c86fcffdd16fe1344933b3ba27d46de29b799112456bd29,2048,1365,RGB,3,a4e689347133f98e,True,
target,scab,data/pp2020/images/Train_1315.jpg,309725,14a7bcf610aacd0c7b0b42c521a1656109aa1713b15076e32d6fb033d54647de,2048,1365,RGB,3,a8aec1352f52369b,True,
target,rust,data/pp2020/images/Train_1316.jpg,200587,d1759c335699f6c694864d98a2d24ec98065117e05a8f230def49864023ebe8d,2048,1365,RGB,3,def0c5838e2238f5,True,
target,scab,data/pp2020/images/Train_1317.jpg,290086,c17c7e00717244fb9d80d4ae124f09402b56609666695d6a30c3c30d82da1ff7,2048,1365,RGB,3,b2acc30f8bb85c6a,True,
target,rust,data/pp2020/images/Train_1318.jpg,198724,1f56f5080c63cdcae49b88ece0edf89b18792ea35a79d8ebc0e73d29b0a6bc4f,2048,1365,RGB,3,e1bb50e39a942c7a,True,
target,rust,data/pp2020/images/Train_1319.jpg,136429,30d62e01b3a8c17804cce1e8c3bf8ad5a45a0ab7a9ec5a66e0dd44a7a61b92ed,2048,1365,RGB,3,b4b1f967c1158b91,True,
target,rust,data/pp2020/images/Train_132.jpg,157110,5dc80ebfe5f863f8e6468b3f3de46a9ea0462a92bb70d80bc415ce2da168593d,2048,1365,RGB,3,9cd8737391d5c960,True,
target,rust,data/pp2020/images/Train_1320.jpg,130540,6335da9aecf0630030023359794383ae3b889b5325740c502169172997ebaac2,2048,1365,RGB,3,daf0fe310c0789f2,True,
target,rust,data/pp2020/images/Train_1321.jpg,175497,77a85f651efeaad63676211d0c64f10166497cb93d9b3015be64d975dd4d1760,2048,1365,RGB,3,95ac93e87a9744d1,True,
target,rust,data/pp2020/images/Train_1322.jpg,260185,7185c9441f8e233146b58453dfaf9c7a5d0d04cd36311029b3f836e2f3a2b828,2048,1365,RGB,3,fe5cd40c8a00deaf,True,
target,scab,data/pp2020/images/Train_1323.jpg,206971,59eb4a56719846ce4db79b0156a148fc8d04760741a4f8f97ede335ed492b9e6,2048,1365,RGB,3,acbf1dbc7b942804,True,
target,rust,data/pp2020/images/Train_1324.jpg,244605,cb8546ad2463fb8272e42ec30222543cd95d935f697c96d0e04ca1d5bb9720c3,2048,1365,RGB,3,83427bb785643e99,True,
target,healthy,data/pp2020/images/Train_1325.jpg,151172,b0f5eda7577251727e3be3b63169e672a674152e8d0715a0fa6423852420c74f,2048,1365,RGB,3,a9ed6783965f0832,True,
target,rust,data/pp2020/images/Train_1326.jpg,170508,e6b4796abbfb8965e049bcac309af7b5ab591f409fe89952901d91e7ad44d6a3,2048,1365,RGB,3,a194c734b2996bad,True,
target,rust,data/pp2020/images/Train_1327.jpg,148992,d914146bc8bd4f0bb1d7fba26650e8ef9200e910ded15f17bf6c73a81023657f,2048,1365,RGB,3,bad0c3be98246e4e,True,
target,healthy,data/pp2020/images/Train_1328.jpg,158402,eb7fc2d8fa661cb45c26010bf18e68ff23166b33197568ea30b22ac3021e0e51,2048,1365,RGB,3,e387c3e347d3e005,True,
target,scab,data/pp2020/images/Train_1329.jpg,171399,955afa7cd67b891216ea520fe1849820d3e5ab4dd8132cf8c20a96894e9d0ddb,2048,1365,RGB,3,aa1514f823aad5be,True,
target,rust,data/pp2020/images/Train_133.jpg,243295,278e2019c4baa7e01e5c4320bbcc196dba29cd5b01124aad0f127da6875c5433,2048,1365,RGB,3,9d5460c8e7b35ca6,True,
target,rust,data/pp2020/images/Train_1330.jpg,210661,1abf77bae28a181c3c2da61d34c4b0754e9d2c80d7a723abfdf183fec4bc63c8,2048,1365,RGB,3,9d70c2b557a8ba07,True,
target,scab,data/pp2020/images/Train_1331.jpg,182688,72687dfc30b81c08dc10e803b208dabaa96ca455a8573bc70a7c8884c0efc7be,2048,1365,RGB,3,c0952dea75fc88c3,True,
target,rust,data/pp2020/images/Train_1332.jpg,209695,42d6f648eb99e5d0971fb39b615f770b146a6e8fbf345bd6a30b4989709f251f,2048,1365,RGB,3,850367cf187768d6,True,
target,scab,data/pp2020/images/Train_1333.jpg,175039,66a65cc9c9ed8f9e4a09c1dfed67e82fd54234d39087266088fc40a48ea12e55,2048,1365,RGB,3,d2de3c60e3cb88d8,True,
target,scab,data/pp2020/images/Train_1334.jpg,211897,bb0a2af9d20fb0f8d5aba28ebc82bb683deef5d03473837793d3bd2b39cf3622,2048,1365,RGB,3,d2832ee6c1a1d15f,True,
target,healthy,data/pp2020/images/Train_1335.jpg,133245,81300dd16112d4c5ca6dc22c7353a704b5e1cf3458c6249848a3fbe87bfd84bf,2048,1365,RGB,3,96b0367b626d5c49,True,
target,scab,data/pp2020/images/Train_1336.jpg,168511,7495b8307eee49317ab3badb4c8f14589b371e34775d766da020dbe7c5534d0f,2048,1365,RGB,3,bca55272a731cd62,True,
target,scab,data/pp2020/images/Train_1337.jpg,162197,9db8db71c4ba144e8bddbf7d60ddb1887a075337eb013613d44a8afe7e536fd9,2048,1365,RGB,3,a1e6c3cd0fad380d,True,
target,scab,data/pp2020/images/Train_1338.jpg,180265,a26962b8edfb9ed7afd99462819db65fe49714877f26e83463b28cfdb2d88dd1,2048,1365,RGB,3,d3652b860d92657b,True,
target,scab,data/pp2020/images/Train_1339.jpg,239370,ad2bf9a921ad4f897bfb08b3dab32652bd16bc22fd5544ae75952e7685b765e0,2048,1365,RGB,3,a4fe70c4913e4fc2,True,
target,healthy,data/pp2020/images/Train_134.jpg,150566,e8e1221af4d3eabad9c8a866d7e1fcf4b7cb3a0bf26882eeee0ce54e6203c25b,2048,1365,RGB,3,8ad56aa9a329b647,True,
target,rust,data/pp2020/images/Train_1340.jpg,290909,ffeaa2187f1fd3b34524431f7f3cf3ed4a91a92c1c532a738482c144a2f551e3,2048,1365,RGB,3,b262e8a4d47b98e9,True,
target,healthy,data/pp2020/images/Train_1341.jpg,266514,27b4756dcedc432948a337812020f4b6d03e8617d5eeed6d874474df98c3f36b,2048,1365,RGB,3,e3918e1ec24a3b67,True,
target,rust,data/pp2020/images/Train_1342.jpg,227533,1521a3c86cd039074607fdc00e23b256939beab2903ca8fd3046362e9f793aa5,2048,1365,RGB,3,d218e10df92ee0f6,True,
target,scab,data/pp2020/images/Train_1343.jpg,161891,129e2263c84b64df1279573ab16d50bc345187733ae139d9f01fd4543eb524f5,2048,1365,RGB,3,a7ad6ab0e5aa944a,True,
target,rust,data/pp2020/images/Train_1344.jpg,263700,5787e6b263adb288c73754d30289c138050ccf87c73feddb3a5b28b74e7e35cb,2048,1365,RGB,3,fc30e4c90bd4919f,True,
target,scab,data/pp2020/images/Train_1345.jpg,256994,818f0fe9d30c95f1ee5ed2796ccb7541c5c0083cefd574a78c5310085fefc8c0,2048,1365,RGB,3,c0956d8c25de769a,True,
target,scab,data/pp2020/images/Train_1346.jpg,203309,36934a79605e8ef9669990c14a0c08c391cca2913c9078eab54f992ace022cfc,2048,1365,RGB,3,fb63c8388ec117c3,True,
target,healthy,data/pp2020/images/Train_1347.jpg,282054,2131494bfca1084f51f1292643c764afe31c0bd34594ca553de7301edfb6753c,2048,1365,RGB,3,bf819d5a81e5c916,True,
target,healthy,data/pp2020/images/Train_1348.jpg,221050,d1fd531a29c820605873864c66738738b11d9b29361715549a5221f5e78aec63,2048,1365,RGB,3,ca983839ad0dc9be,True,
target,healthy,data/pp2020/images/Train_1349.jpg,213271,23fa7c3924108f2cce53fd9dd153b5b367d7cf12678f760f9100fbc353bd44d7,2048,1365,RGB,3,def52ee021a53586,True,
target,healthy,data/pp2020/images/Train_135.jpg,191875,cd8e892fa535e065bbcd82a5b8a46349829f1848032888735b94e1b80e4976ed,2048,1365,RGB,3,989cdada83bb2551,True,
target,scab,data/pp2020/images/Train_1350.jpg,187249,c99913a4397efcd215ef6b28167d0e8648efd288741d223eb80e644b36f32b3e,2048,1365,RGB,3,95e96aace9646239,True,
target,rust,data/pp2020/images/Train_1351.jpg,194995,df0af82c29cddc4ee83a58841da5d5c302b1d8aa53fb62635d8011bb0d4b452f,2048,1365,RGB,3,b40778dfe02ace32,True,
target,rust,data/pp2020/images/Train_1352.jpg,247680,81beb2273c7f0c604b20e901963b227466a267415ca1cdc1e183d22c233dd299,2048,1365,RGB,3,84329a65b5ee78f0,True,
target,scab,data/pp2020/images/Train_1353.jpg,189987,cd459c5b25309af836c29bd2a0c22f4213fa2a98078d1799cec3d897bd40e939,2048,1365,RGB,3,c7ef86c4c8140bbe,True,
target,healthy,data/pp2020/images/Train_1354.jpg,351884,f9a0db0cf91c34dc2c5e4e040c7239aea63cd749255c2cab4b52167d30df88bb,2048,1365,RGB,3,f83d811f0bc27cd8,True,
target,healthy,data/pp2020/images/Train_1355.jpg,294355,87533ff4d17c5ba93c7d55770673a9294bac442a0f46788381291d50d9e3d356,2048,1365,RGB,3,bd60787e80206f9f,True,
target,healthy,data/pp2020/images/Train_1356.jpg,497128,cb0615869d5311b7d5c2f46ad5cd0457e3070c7e9f4d84cded5053f68a05c5bb,2048,1365,RGB,3,9ea5167a1192cf17,True,
target,healthy,data/pp2020/images/Train_1357.jpg,238130,d295c406c4da382981abf8deaa2aa6ef5f636a7dacdcf420a5b2230c218f88fb,2048,1365,RGB,3,c0f1afc35f505750,True,
target,multiple_diseases,data/pp2020/images/Train_1358.jpg,168159,6885b726971818a8c9a50d1e2dddfc7163901f619bbf822a9dbdf776ee4f8363,2048,1365,RGB,3,c1a56069de75b899,True,
target,rust,data/pp2020/images/Train_1359.jpg,282022,2fbd7bd77416bbc8e24dd1a05cfb9265592a24336c8bf2e5365f80605ae039aa,2048,1365,RGB,3,c64c69f0bb8b146b,True,
target,healthy,data/pp2020/images/Train_136.jpg,158943,50d22e204755bfdde8a4fcaa5df48ae5b325bb7505bb3354ee94a23d029fd4ed,2048,1365,RGB,3,e2721ee2091d2d5f,True,
target,scab,data/pp2020/images/Train_1360.jpg,246809,91b9e8a1b9081f05f23ac94b7c732f9c45b2428a9c8c4ea50113b0315a3014b7,2048,1365,RGB,3,fb7481268b47ac5a,True,
target,scab,data/pp2020/images/Train_1361.jpg,245040,cfde9669f8197f6dab9434d7c82b3d02c308ea8f1ef40273840210d1e9f96b40,2048,1365,RGB,3,b582959bc291e94f,True,
target,scab,data/pp2020/images/Train_1362.jpg,236568,3a17acd464f45be1a7b9b6601481db9987c3cef126ffb53fc69b8306361f9709,2048,1365,RGB,3,f00bb2788a32daaf,True,
target,scab,data/pp2020/images/Train_1363.jpg,179978,8858249ec16cf259d678a9519e46ba829f53aa2b26d67caffc9743bbb129d4ab,2048,1365,RGB,3,abc9aa6ba8b4a632,True,
target,rust,data/pp2020/images/Train_1364.jpg,165509,da05011ce9a6a228fb8c2400e1f726de3eee2b1a27658d544fc42a70d1aa2e30,2048,1365,RGB,3,f0f0f4596caa9cd0,True,
target,rust,data/pp2020/images/Train_1365.jpg,352868,4621070abf3b3e19489e9283e818aaf487edcf1d0641d25844f925f8d66f1d0e,2048,1365,RGB,3,aa142048eff78bf4,True,
target,healthy,data/pp2020/images/Train_1366.jpg,162090,138720a98a7309ec4a06283f10b1ce21f63587da3a3853fa4207ef28881b05b0,2048,1365,RGB,3,e564a5df8af05306,True,
target,scab,data/pp2020/images/Train_1367.jpg,252473,38d9d387503582e4e43a162e75916c152844aa2a1e2b43b865a794956f900e67,2048,1365,RGB,3,943e7955e5a68a2a,True,
target,healthy,data/pp2020/images/Train_1368.jpg,245906,f6eef48433f1668ebac346cc2ba547cef2adeb1d2c1249ad726d244c5a37bf85,2048,1365,RGB,3,d0a291f0fefc0d0d,True,
target,multiple_diseases,data/pp2020/images/Train_1369.jpg,203092,d62488d10ca3b864dd51b609e6b3807c6daf89bc2d5d1d5568df93fce50e535a,2048,1365,RGB,3,c1af2ae2e370c6e1,True,
target,healthy,data/pp2020/images/Train_137.jpg,440351,3325ded82093a0cd0db9f1fb4936155a9aa75db0f1d74895ea64b740ae9fba0c,2048,1365,RGB,3,d4b36c12dc2c2b3b,True,
target,rust,data/pp2020/images/Train_1370.jpg,189208,4d4c75f7cbd9541268ce8b840b98b45a581c8619032a7e3cce20500985445612,2048,1365,RGB,3,c83d0eb3629d3965,True,
target,healthy,data/pp2020/images/Train_1371.jpg,157342,4b4c72c33d3603d692c93f7b7ee8addea62deea7bf105e302708a98adabbbb19,2048,1365,RGB,3,e5b9e51507ba1a4a,True,
target,healthy,data/pp2020/images/Train_1372.jpg,464849,f7c890ebb944eb3c18164dd1a7aac932f78202d2ec8d8f1138eda73ff1d4a0cf,2048,1365,RGB,3,d3f805946548beb3,True,
target,rust,data/pp2020/images/Train_1373.jpg,196881,72c69bd9dbdbcf069dc35b6b38d893219fdd4f999066dd1ce77c519986d6159d,2048,1365,RGB,3,db6b29c0346ee0e6,True,
target,rust,data/pp2020/images/Train_1374.jpg,208820,c76e6f3d4377e204c46fac49ef161c03a2c62f5ca2416caf72f115073d53f560,2048,1365,RGB,3,b5b6cb888419ee1d,True,
target,scab,data/pp2020/images/Train_1375.jpg,241844,5245b3a9c64d6f36fefab08e4a84b93fcb66ce449a3bf03b89cb19ff75217c93,2048,1365,RGB,3,ab9f3493b291c329,True,
target,rust,data/pp2020/images/Train_1376.jpg,244255,17abc9e494d85a02f552fb4c9dcd406a028677cedd9392e40797f7d3d3397113,2048,1365,RGB,3,ff76e0956021fa50,True,
target,healthy,data/pp2020/images/Train_1377.jpg,331106,2e0f1a8c3b39876a2f059638292e0d93a8188ebbfdbe9dc8fef72f0dd381b7c8,2048,1365,RGB,3,fd4b80f848bce2a6,True,
target,rust,data/pp2020/images/Train_1378.jpg,214203,8571163a776ee98e34d4018bbf44b42c193b80501dbdc877f59f0ad516f8f8bf,2048,1365,RGB,3,cfff3fc16004c11c,True,
target,rust,data/pp2020/images/Train_1379.jpg,204022,f319390704702d8f20003aa5b1e34f5dbb784ba9ddac61a4604a1c3aec2cb3ff,2048,1365,RGB,3,f55382893d6ce82d,True,
target,scab,data/pp2020/images/Train_138.jpg,309132,3a1090b0ac6d129c5d8eb9909b5a91886b07930e027bc25f6e66aab4f201ced1,2048,1365,RGB,3,af783541cbb8e360,True,
target,healthy,data/pp2020/images/Train_1380.jpg,165837,1f01adf26ed645db015b2f2e7240d08a438702360cb4c1334b5c841045a2878b,2048,1365,RGB,3,e3706315378f19c6,True,
target,healthy,data/pp2020/images/Train_1381.jpg,248536,3f3d3be9bf9c49a758f602812b0afb6cc12d2336252082505ed2da98fc1a89e2,2048,1365,RGB,3,fd1645304a97a8be,True,
target,scab,data/pp2020/images/Train_1382.jpg,380258,d5c17033ed28b691d81e43a7ce03039f51b482966953e00aae9a6fe05cf8d0b3,2048,1365,RGB,3,83f0633786d89e59,True,
target,scab,data/pp2020/images/Train_1383.jpg,262691,77fca92088ed335a0bdb558121ea8f728d073c9c675ee84f2eadbc0a366afa12,2048,1365,RGB,3,8a703b9d82f078ee,True,
target,scab,data/pp2020/images/Train_1384.jpg,198666,111115ef7f02c072e954f25d02cde221988f472901117dbeef00eb73566bc288,2048,1365,RGB,3,a789c12b9c5fa532,True,
target,scab,data/pp2020/images/Train_1385.jpg,182569,b7cccb5e1400ea40cec0ec30828e764aa8f85ba792d44cb839ef28142b7d18c7,2048,1365,RGB,3,81bc3c9bc4d275d1,True,
target,healthy,data/pp2020/images/Train_1386.jpg,322506,33cb01b0fc7141fbd3214d3ca2cc87ecba4e8113dc8e66cfe944a7b8f64937d0,2048,1365,RGB,3,9e904e6f783894e6,True,
target,rust,data/pp2020/images/Train_1387.jpg,187966,0c5270a3c7bc4c6658697cc9dd396f2a46d267580a8c3f16e2207e0cd5766205,2048,1365,RGB,3,dbd5258e307060fb,True,
target,healthy,data/pp2020/images/Train_1388.jpg,195979,04194449c3361300430b639175a40dfb634bd8b9f3051e0db1dafee7be2ffaa9,2048,1365,RGB,3,c4ddedcb14b18499,True,
target,healthy,data/pp2020/images/Train_1389.jpg,324977,3fd87c183234b493e5a57bd42275319ecb8696ebf55a3658eef427df50850c2c,2048,1365,RGB,3,8f4e984c9c393ec3,True,
target,rust,data/pp2020/images/Train_139.jpg,228399,b3b6fca3e308e03ed7a8b3c9e21939028b5904d0c4e9ac7261273d559520c524,2048,1365,RGB,3,a937a4fa4b6849d2,True,
target,multiple_diseases,data/pp2020/images/Train_1390.jpg,217676,a34fed5bbbee89eaefd3e988058dea07a645536dd0f9ab94f987c1ace62f8c09,2048,1365,RGB,3,bc10a5b4dc15f1ec,True,
target,healthy,data/pp2020/images/Train_1391.jpg,176501,862686e513f588f369403b7fdcc191ebb33bd0932e8e0eed6e1a7742e1e7f3bf,2048,1365,RGB,3,a01fd4621ee43db6,True,
target,healthy,data/pp2020/images/Train_1392.jpg,366089,9b8cbecfec673d8e60d383e6809b681700a1712992435d13aa5fd3b48c48d70b,2048,1365,RGB,3,bb6099f1c39a631a,True,
target,scab,data/pp2020/images/Train_1393.jpg,152272,66ab64bb1485ab6700185136620cb6e446050b711c84a2ee6bbe36fe4b344c8d,2048,1365,RGB,3,9b5162e0f9796d42,True,
target,rust,data/pp2020/images/Train_1394.jpg,185188,0878b33bf1665498efd6add3d8c5d1c5c8f65b515dea64e89cd3fad2e8a00406,2048,1365,RGB,3,90b97a0e1d3e60fa,True,
target,scab,data/pp2020/images/Train_1395.jpg,164854,5734c9523138c51bb823526e5b56b19ebcbc84770710865c509aeb973836505a,2048,1365,RGB,3,f5452ffdde6000d0,True,
target,healthy,data/pp2020/images/Train_1396.jpg,250080,30bf6614e58a7771205dcc7e28bbb505884e57ea7973469f453260f8190372e0,2048,1365,RGB,3,b58a708ddad58e0d,True,
target,healthy,data/pp2020/images/Train_1397.jpg,193885,f99dc987cbf6b22aaef66c0055be969caf4b482f2b6afa31a26769df69b4b72c,2048,1365,RGB,3,9e7c21829565cf36,True,
target,rust,data/pp2020/images/Train_1398.jpg,184712,9f9dd76499914c48ef3556d14362caee87265e297d16f8bbf9910f25ecdbdea8,2048,1365,RGB,3,ab2e99eed0af0291,True,
target,rust,data/pp2020/images/Train_1399.jpg,184496,4fd470688d99d979550e1d9ad0c7390e9ec988bff4812d59289355e81eb1c813,2048,1365,RGB,3,af012a859edf9a29,True,
target,rust,data/pp2020/images/Train_14.jpg,418719,f88c2d4ae4c4db88b5f642ce6295ecb8baa2f73e99a4eaa2049f7906af120c63,2048,1365,RGB,3,daa64d9336ed6046,True,
target,scab,data/pp2020/images/Train_140.jpg,239654,344bccdf2d7daa2d5c043a0c4bbcba18cae568408b86894129828bc5e6f56dde,2048,1365,RGB,3,96da3a92233fa8b2,True,
target,rust,data/pp2020/images/Train_1400.jpg,335139,a694cb57f3cbb72354e6113fa03e3361ac1aff201786013b40dfa9dd98eaa231,2048,1365,RGB,3,f1139381aa27cdb6,True,
target,scab,data/pp2020/images/Train_1401.jpg,175159,8e8c62730ac946cebf85ea522def3d440ba12f2697607ad2b20773ec5c436f13,2048,1365,RGB,3,eb3e538b96a91069,True,
target,rust,data/pp2020/images/Train_1402.jpg,179179,6a99030325d1b1b6a1186ae35356e23a2352bc02a46d917406ef3e129bba7bce,2048,1365,RGB,3,d9e3cc33269f2708,True,
target,scab,data/pp2020/images/Train_1403.jpg,132937,443d1356f31d75216975a0a6e0622b5f03b92c1b0007e3843edf9b5a47ad6c83,2048,1365,RGB,3,8b4522bad6aa8dd6,True,
target,rust,data/pp2020/images/Train_1404.jpg,210876,974e151e58cd3d8c59d40e92df0d256f810743212a0a214a978c0b4296853d95,2048,1365,RGB,3,c4cc2d17b17e9670,True,
target,scab,data/pp2020/images/Train_1405.jpg,300197,dcb611f9787e0f02e73e69ffb3d6b7241a21e4bb7064fc53b41b2bf6c8e08b7d,2048,1365,RGB,3,8c2d9c08c671c7fb,True,
target,rust,data/pp2020/images/Train_1406.jpg,276612,7b27eb829e44b53b140da25090b9af1db400aee07af9ee1bdd4ef1d16c0c6c3c,2048,1365,RGB,3,92d47ae661f0ca3a,True,
target,rust,data/pp2020/images/Train_1407.jpg,343464,23b9e8528381972535b3351a1621414e07280d3c2f8c72b29db03e070b5c8dce,2048,1365,RGB,3,aac0d5128ebaaeab,True,
target,healthy,data/pp2020/images/Train_1408.jpg,246351,255827c197d4ce9c869954028ca96674c7dfa07152433570a66750a72118008b,2048,1365,RGB,3,f95a94a43c6c7499,True,
target,rust,data/pp2020/images/Train_1409.jpg,235677,5daa0e3d26fd6c390567c1dfccc7e07d696df47041e3b85c4dba7e53b15cab64,2048,1365,RGB,3,eaa4c0c2cf438f2f,True,
target,rust,data/pp2020/images/Train_141.jpg,177113,b88bf4cf98341ed40712039ac994c51c53d439750b6f8b90a371b13aa7df084f,2048,1365,RGB,3,c3cce30ea5c01ee7,True,
target,scab,data/pp2020/images/Train_1410.jpg,179955,e591630df19e8f488e759756de4bec9c3d61fe097c5521ff9e1488963acde5da,2048,1365,RGB,3,a8f4c0070f177cf3,True,
target,scab,data/pp2020/images/Train_1411.jpg,172007,d684a36e60b3651bcc23c57580b72ec2b5f6a256ffd070b36833c482d1f22f10,2048,1365,RGB,3,8a5f1f6a13b28b70,True,
target,rust,data/pp2020/images/Train_1412.jpg,228575,484c4fa8191f8e83413a9738d1690979cee072a81df199eea46002f0ed991d5b,2048,1365,RGB,3,c76a2525d688fab4,True,
target,rust,data/pp2020/images/Train_1413.jpg,238986,310439cf048e42aa724843dc375b6f4fe503fdd3ee29c9bca48517fad7e21e09,2048,1365,RGB,3,e105734c73f1b932,True,
target,healthy,data/pp2020/images/Train_1414.jpg,142812,cacd6aa79e2f9beee483a84f3e2d1dd95b757753cdff47869720328616fc6690,2048,1365,RGB,3,e311c7e31ec7181e,True,
target,healthy,data/pp2020/images/Train_1415.jpg,264750,fb10b27d3f1a7ea6e8cf07c31e70006a5705d899e0f8e302690e5b53262553a3,2048,1365,RGB,3,c8b6b7aa824414ff,True,
target,scab,data/pp2020/images/Train_1416.jpg,192906,7209584d81d69f6f2b58c5ef3bc4c6c586766dad44b71425dfe1aabb4798eef3,2048,1365,RGB,3,c33e4f299c721bc8,True,
target,healthy,data/pp2020/images/Train_1417.jpg,193396,a5a8cafebe4ff96e0ed8dfd4fa63fd004ffc80cf31ccdcc15adc89dd28d8421e,2048,1365,RGB,3,c2b4b6482d2cf376,True,
target,rust,data/pp2020/images/Train_1418.jpg,217677,2181ced8f35b8b9d6afe0344a43496fbf405c728784546f45d7eb6666929afe8,2048,1365,RGB,3,d6f23b1b99896161,True,
target,scab,data/pp2020/images/Train_1419.jpg,232834,077c5a4ba10e0b4225bbd9bd98d0e5df5b5a065d6c0fc5daca13079863ab4ecd,2048,1365,RGB,3,ffc20290216fd937,True,
target,scab,data/pp2020/images/Train_142.jpg,185740,395102b7391fc8bf931f29a923e7553d6351c44b3e6817eed5aec4192074d6c5,2048,1365,RGB,3,d09e627af178c4e1,True,
target,healthy,data/pp2020/images/Train_1420.jpg,300798,9bdd3d3899ae91fb6494389a5c4dd94d1189337e5c43553fd137a5988b3b9494,2048,1365,RGB,3,f9619b5dc84d2e60,True,
target,scab,data/pp2020/images/Train_1421.jpg,196037,e8cb11dfe2a7ce542963370d5f09357f8bf55fd0be939200bc3403a7d89b794a,2048,1365,RGB,3,b73240034ddbbf98,True,
target,rust,data/pp2020/images/Train_1422.jpg,166573,fb0fe347a24bfc02d13e85fa908a661a543dcd7b83a694292b19c4c975b94fca,2048,1365,RGB,3,9325f264bc255e3a,True,
target,rust,data/pp2020/images/Train_1423.jpg,227915,ec243d2c5fe2bf58d04531e5305282225c347880115bcf4bb93cdbc22e15c0a7,2048,1365,RGB,3,8f58cc94917738a7,True,
target,healthy,data/pp2020/images/Train_1424.jpg,216494,155b6b6fa6b95dc50ddd324370bbff459eea34193c68270cac8755cae817f43b,2048,1365,RGB,3,a88f84d676e0a7d8,True,
target,rust,data/pp2020/images/Train_1425.jpg,160635,27025c3ba4a7afc787244070e9f5fefe1a8fdd4b09960ffe449c2e7c04f9d7e1,2048,1365,RGB,3,9c8e3773c3901b65,True,
target,healthy,data/pp2020/images/Train_1426.jpg,163227,35a54b0fed4d74c1d5800eebbd7670b439a5d157ba5fbe83f9305f7672d820a6,2048,1365,RGB,3,88e178c3cd34a5db,True,
target,rust,data/pp2020/images/Train_1427.jpg,215686,19e88938e3149c663de0e57b005378737532d042552569de499080c078655948,2048,1365,RGB,3,b9fe98901d640df4,True,
target,rust,data/pp2020/images/Train_1428.jpg,192505,4b9a3fd1bb30d3a175f9113b4c8b2a1cd1377f3ab0d5c0453bbede933727de1d,2048,1365,RGB,3,a4e5d2c88f25d935,True,
target,scab,data/pp2020/images/Train_1429.jpg,171748,7be937370ddd45e103eda54d8dc0aae2a1c0bcc029033e6aadfb623198a87b3a,2048,1365,RGB,3,c141973bd3973aa4,True,
target,scab,data/pp2020/images/Train_143.jpg,232225,48af57d6f74a1ec747eac84801004f4c63f241f9a992a55b91d5e9e7f8cdad77,2048,1365,RGB,3,9406d0eacf5d5e85,True,
target,scab,data/pp2020/images/Train_1430.jpg,192367,eab03175937ed4d22292fe4d367b1fcfa9c704d2d891f235403ff54bc329970a,2048,1365,RGB,3,a21fd13e83608e6f,True,
target,scab,data/pp2020/images/Train_1431.jpg,212300,1108389845571c3fd8fc74cfbc596198b37ba351827d8d8d24b639cceaaac820,2048,1365,RGB,3,81d43e1a724cc7ed,True,
target,healthy,data/pp2020/images/Train_1432.jpg,165808,2aaec18f8fcf433671eed49bc5f02068c3fc85b2b46f11ae03d55ca1e91a5268,2048,1365,RGB,3,aacad2cb6995651a,True,
target,multiple_diseases,data/pp2020/images/Train_1433.jpg,193405,e25959975a390aca2fa6bcf25f1122febdc8b50a84cd31e14c67e80ea69a4203,2048,1365,RGB,3,a57ed71f0f0038d4,True,
target,rust,data/pp2020/images/Train_1434.jpg,248857,af76010af7445afdafe59fed9a8c46507b7bcae60337dd32979027a2c3d71071,2048,1365,RGB,3,c02d627b97976551,True,
target,scab,data/pp2020/images/Train_1435.jpg,255670,6ac4c372fc9c0ec2fd482ea5f43a2f59b822ec9b36c9a1190288c47e0fdcd651,2048,1365,RGB,3,be4b2d1ff5e94040,True,
target,scab,data/pp2020/images/Train_1436.jpg,141389,1661bda8f7e13ee98712f99a74742240b258d84b7d646cbf499f9caa841b5666,2048,1365,RGB,3,d822857b84e9d6b9,True,
target,rust,data/pp2020/images/Train_1437.jpg,448343,6fd7edc560af96e808e099b82919a310d26d8ad0848040cda8f41038c5b9e0a6,2048,1365,RGB,3,a8ec6d9bc041b35e,True,
target,healthy,data/pp2020/images/Train_1438.jpg,280839,84355072d4a49bde8a9d3c2b2f04a8e943313f740028ab744e248436c9dd5066,2048,1365,RGB,3,cae2e5326d97c4c4,True,
target,rust,data/pp2020/images/Train_1439.jpg,346829,158f7ce5299be36ce3e79d96ff18406815e8c373923e776619cfc94c66e4d0c9,2048,1365,RGB,3,c88ef30df4f087c4,True,
target,healthy,data/pp2020/images/Train_144.jpg,305126,f8f0ec7b2c4dc16d1669e519c1ccb923c6a5c5dc829f07dda19318b014fce640,2048,1365,RGB,3,e09e97f3e6e18448,True,
target,healthy,data/pp2020/images/Train_1440.jpg,259652,deb2b3e40f69d7dbdfd39c0419782ae161ff41ba5e7b61cd76be74fc2c66b1de,2048,1365,RGB,3,c9f9cb033d8734d0,True,
target,rust,data/pp2020/images/Train_1441.jpg,219800,63eeeb316b2ca5bca6afe65bd90bdf63d6a920f19ff05943b68d2a6c9ed917d3,2048,1365,RGB,3,80b0c5d6d7ce83dc,True,
target,healthy,data/pp2020/images/Train_1442.jpg,133201,a96fe7b3020538953bb36c1b9cd86da6dce282b4d5ffbea2c72ce5a97f9547f0,2048,1365,RGB,3,8c9738f1c34b8eac,True,
target,rust,data/pp2020/images/Train_1443.jpg,191656,6c5f5ef661974b3e92d8a4ece57dcc9b72d690f46e9cc07adb559da21906966b,2048,1365,RGB,3,e80f787d0170e937,True,
target,scab,data/pp2020/images/Train_1444.jpg,178172,822b46b6a9d71e5661413a610bcedf0d3b6b8d23e9777cf04d76d9a3e4b6d004,2048,1365,RGB,3,e0054a3da3ce9ee6,True,
target,scab,data/pp2020/images/Train_1445.jpg,217668,066144a77c9fa63aad96322145df8c0115ea00e9095c0c5cfeb234a8ec370dc4,2048,1365,RGB,3,c0fc77f955c10916,True,
target,rust,data/pp2020/images/Train_1446.jpg,246201,15ee8a3f13c16cc714a74a3ae5f50c28fcf8180ab9901e939165bec19bfe0f64,2048,1365,RGB,3,c0dd7ac9944d62b5,True,
target,healthy,data/pp2020/images/Train_1447.jpg,378360,34499c19f7b8b6b6200aca455a9e377e34487cdf01a8cf1185871053d1c1ebc1,2048,1365,RGB,3,da79d02761743ec8,True,
target,scab,data/pp2020/images/Train_1448.jpg,239020,54d6ab178d0237823ce61be8d3df3228df2df4e7454f55b2ddbfa3e408f42c30,2048,1365,RGB,3,c793bfc6f2019a09,True,
target,healthy,data/pp2020/images/Train_1449.jpg,152700,fe7289c609e03f3c317016f2507b4002f842bcba36802d4b164ea4ba02e98f49,2048,1365,RGB,3,a23395b712d66399,True,
target,scab,data/pp2020/images/Train_145.jpg,159381,18f72d1dfe81b4b7d8cf5a4efe5ce2bbceb261edab3313f4455f345cb5b5a7a9,2048,1365,RGB,3,f0f06140a5fecb72,True,
target,scab,data/pp2020/images/Train_1450.jpg,192072,8cd8c1562775c23d74514aa5ebb7f8b93251be208e0c8454f9d293942179c0c7,2048,1365,RGB,3,bc85cd0b36b2a99a,True,
target,rust,data/pp2020/images/Train_1451.jpg,196092,9cdbabf30990ae34112e78187014a0aa9ef72c0d89a420139fa3c9c1c71dae9f,2048,1365,RGB,3,fc62903725d863ce,True,
target,scab,data/pp2020/images/Train_1452.jpg,168361,201bed59e97fcda3f87debeb746d220f5f2880f48238ea03e0d7a11cff32b812,2048,1365,RGB,3,88b5da2d6e2463f2,True,
target,rust,data/pp2020/images/Train_1453.jpg,220572,1afc0581a47c723ec48786b14347cdba3e3b87ff321788e34a4179781b069535,2048,1365,RGB,3,ce2e3f92af004a9b,True,
target,multiple_diseases,data/pp2020/images/Train_1454.jpg,171366,c5cbdc31b8af86ff1dd0b9cd0b24ae8212a52aa711a280bfc90890771f566826,2048,1365,RGB,3,afd5749a875298a4,True,
target,rust,data/pp2020/images/Train_1455.jpg,186448,49af112126cafc4de5b1c8f575c837c56bed06cf9b01148c989a7866927b2cdb,2048,1365,RGB,3,981865bff104ba6d,True,
target,scab,data/pp2020/images/Train_1456.jpg,170155,c5914b1c5e870c25506e63adbe2d789aa4d3fe593a5d757b6f399733fa610c3d,2048,1365,RGB,3,9a9a321d55c03fc7,True,
target,healthy,data/pp2020/images/Train_1457.jpg,205475,e4a28cf1c8bd413a4b4d1f309319bf8f637da14ec6139cfe4957764cac432751,2048,1365,RGB,3,fbeec180cbc88b98,True,
target,rust,data/pp2020/images/Train_1458.jpg,222027,c1bb4c32108afbed29186f402870b396f87f1b637385ff8c21715fbe57e1eee6,2048,1365,RGB,3,a5e0d6949c39696b,True,
target,healthy,data/pp2020/images/Train_1459.jpg,194285,3c2bad27bb2bf5abddc1931dce89a415c6e0da740779e797cc2ad594ab056050,2048,1365,RGB,3,aa7a946bc2a8d497,True,
target,healthy,data/pp2020/images/Train_146.jpg,196710,c0162353f11a6d0c0fe32260fe14dcc33e0f258a429397e7744127de9a8613aa,2048,1365,RGB,3,b72d0a585a956d99,True,
target,scab,data/pp2020/images/Train_1460.jpg,170500,87b799d6de8b96771808ba33c353c19ead35d5afd3c527de78658b742544c96e,2048,1365,RGB,3,fcc8e80bfc19f881,True,
target,rust,data/pp2020/images/Train_1461.jpg,336609,7f533af754782dadab5090dd52e1c5e842652a6ed4dec9180d4f810329f2b91b,2048,1365,RGB,3,c9a5f941897eca1a,True,
target,rust,data/pp2020/images/Train_1462.jpg,162657,05c1c528794f21b432419ee2c15f5bf2d42025c0dd4d436e7d636372ff496fc1,2048,1365,RGB,3,f9c687289c7281f6,True,
target,healthy,data/pp2020/images/Train_1463.jpg,310894,22d72b7d711fed0a81b2bf7db6c8d1fbcdbee2eb7a2b9bdbcd58d1d8497bb285,2048,1365,RGB,3,d6cd6165cdb4844d,True,
target,scab,data/pp2020/images/Train_1464.jpg,205547,ab3004ba2d6c64f1cceaff35610b5cadb835c3f5a61d65dca3a221a866b97eb7,2048,1365,RGB,3,f04069973fe69b60,True,
target,rust,data/pp2020/images/Train_1465.jpg,218500,a44a53065daee214783d88a57f2dc6714a00cd7677e60741da161a6927c06435,2048,1365,RGB,3,bab591920f7e6078,True,
target,healthy,data/pp2020/images/Train_1466.jpg,284376,a5ec4262451065d106a31a1b55fe5e1e460742bb5f939bc9137221417cc81c09,2048,1365,RGB,3,a9acb4c79fda8848,True,
target,scab,data/pp2020/images/Train_1467.jpg,229762,2e34aea06eaa9356b94534502c0119b9d704da3ba365b279d8cf98fb8461f3eb,2048,1365,RGB,3,f0a287a55ed928b5,True,
target,multiple_diseases,data/pp2020/images/Train_1468.jpg,191309,3ca81d6f5a8b48b1f0cb0084a4a7df37bf4e2f96e9ce5ec1a3153c4f0c9e8491,2048,1365,RGB,3,de9e08002cb77ff0,True,
target,rust,data/pp2020/images/Train_1469.jpg,261230,4bb09c7b030513fa648ab0faa02316a398eb463d26ddf3df64a69e61a474ee34,2048,1365,RGB,3,8e5a7469cccdc931,True,
target,scab,data/pp2020/images/Train_147.jpg,182847,51994c8dd808ec72aa3adf1d9baa2754ca6f3dc9fb700ad984bc8fde3fc26021,2048,1365,RGB,3,c8513c52f237c73a,True,
target,scab,data/pp2020/images/Train_1470.jpg,176488,bc39894d585d281eb5dda8de62580d8b4b4c8292ba260da18286a9f36eff6448,2048,1365,RGB,3,b51417bd0ad9ec19,True,
target,rust,data/pp2020/images/Train_1471.jpg,331972,d8f215d36cf3472e78f0a1e766a2e38a3329e2e2c3eee0024e90652b2f25a8fe,2048,1365,RGB,3,a3a59251b95aeb13,True,
target,rust,data/pp2020/images/Train_1472.jpg,147561,ae9d66d67ddc7e69c8ef744cd34b897564d4d0d5f155c612ad1cf7da8fee3906,2048,1365,RGB,3,eaf1d8ab4554ca43,True,
target,scab,data/pp2020/images/Train_1473.jpg,174592,02fe7ccf308b240122f4dfd3c038cf51c320cc1caa53371905bdfc22c409294a,2048,1365,RGB,3,dec8346572b6634a,True,
target,healthy,data/pp2020/images/Train_1474.jpg,212013,010ad590b726956ae3044bf6971d71b44ef975371bfbed28121c3cad6b362944,2048,1365,RGB,3,ad673a849229be3c,True,
target,rust,data/pp2020/images/Train_1475.jpg,133720,4b63719f65b7cfcd81d338ae3ae7c0f58242a8c08beb5c6615e5e5b8f13c87ec,2048,1365,RGB,3,bf892e62a0a3b09f,True,
target,healthy,data/pp2020/images/Train_1476.jpg,218374,16faec9cef6220cad1abca54e42354740b8bdb7c9b9b851688e97d3146636bf6,2048,1365,RGB,3,9d234db1656df700,True,
target,healthy,data/pp2020/images/Train_1477.jpg,371460,5f70352c91505155f755b46c67c1b645097747b137a9ec86d58f4605631f3385,2048,1365,RGB,3,dbd739642d13a229,True,
target,healthy,data/pp2020/images/Train_1478.jpg,365606,4d4238c6da67b4b093d8f0a3610845bf64beb16dd5a6b46c686428d1893d8786,2048,1365,RGB,3,fc60618b470f9c75,True,
target,healthy,data/pp2020/images/Train_1479.jpg,164345,b1c2bc9cac38ae109657d8de3a9d5596e6155cac6a771dd86eec94d83295fb1c,2048,1365,RGB,3,d1d98e9e66813b23,True,
target,rust,data/pp2020/images/Train_148.jpg,199044,f89649f51fae67ba5466386681ee2e43c3611fd897ea743f53194d6a5a390558,2048,1365,RGB,3,e00df890cfe62736,True,
target,rust,data/pp2020/images/Train_1480.jpg,228368,bbeec739298dbfe99b3a6dc7068ef775f9d22bbf530b739a4b81244c3cd274c5,2048,1365,RGB,3,ce8a78d3354bb047,True,
target,scab,data/pp2020/images/Train_1481.jpg,218474,bae2840f8c30cd97e341afd91df324da287cb99cb4a1dcec65932058d64a2159,2048,1365,RGB,3,802d972cd34d33dd,True,
target,healthy,data/pp2020/images/Train_1482.jpg,204776,1490f0e787b6f25b0222e71e4945b53b4e46a326a538d06762f6102bb76db1ac,2048,1365,RGB,3,979d366c70c2d836,True,
target,scab,data/pp2020/images/Train_1483.jpg,223940,ef6c86c6d5003c1736b38383b30da5987dd5e9248d7b92b6145f4b21a8716e6f,2048,1365,RGB,3,b931783a245cfae4,True,
target,scab,data/pp2020/images/Train_1484.jpg,162362,9d2612504a681d3598b79f6e0c0024651e24c82647bfa9d83e3f2f90f177abb9,2048,1365,RGB,3,83952f5e3472cab1,True,
target,rust,data/pp2020/images/Train_1485.jpg,165318,df4b97e46aee5738e5c9f7ddee17aba2d056d80d8bc7a0021bac8274779a41f8,2048,1365,RGB,3,b925eb3c260dcb52,True,
target,rust,data/pp2020/images/Train_1486.jpg,179175,3cbd920803d5a87b0d1cbf0b2626750e51b13bc1bb888237e4d86bb6cdbef8e7,2048,1365,RGB,3,85bf39e025c7c41e,True,
target,rust,data/pp2020/images/Train_1487.jpg,250856,3106291df3ed7fa1e2eebfafbbd9971d0c841860224d40802cd1bbd3a601ad21,2048,1365,RGB,3,92cf6f6c4492ed41,True,
target,scab,data/pp2020/images/Train_1488.jpg,181197,3d052148e9935a388bea384a58285e816e23d0cf4851e18434b51b1936354943,2048,1365,RGB,3,c3c717aac3715a15,True,
target,healthy,data/pp2020/images/Train_1489.jpg,160655,c7393a01f1692a1bc4bec15e0b856e117db29e34cd090d6b6827c07fce9ac063,2048,1365,RGB,3,bfded01a4583370a,True,
target,scab,data/pp2020/images/Train_149.jpg,173578,2c038bf05fea137fc23c14be220033cffec17de2b80657bc66cb076cffcb55c0,2048,1365,RGB,3,f00c95851ceffce0,True,
target,rust,data/pp2020/images/Train_1490.jpg,180462,4b1af1a93713c5eddffe0e56f4a4578a2cdc7a2856f3802a16a8e5111259f43c,2048,1365,RGB,3,af090bb538c371bc,True,
target,rust,data/pp2020/images/Train_1491.jpg,288955,1374154869d9d67d29b94ef627afc7dd24c5466e73e181ca68ab737c3b3eec8d,2048,1365,RGB,3,949c6a6da17577c0,True,
target,rust,data/pp2020/images/Train_1492.jpg,233208,9ba55a0de43d1c18c338e6b539f884c8557144c72521bf38f3dd963351a41223,2048,1365,RGB,3,888878ec8df5f0f4,True,
target,scab,data/pp2020/images/Train_1493.jpg,173860,76e047f33c1f84a2ee19f22e4e4fe41f2b08753e60b42f9bdd2dfde8a0298d0a,2048,1365,RGB,3,9d8d6f3934e87504,True,
target,multiple_diseases,data/pp2020/images/Train_1494.jpg,156080,7dd520aaa00fb9875222db5b6df22008ac88d09eca47c47054c1b0c3af789a52,2048,1365,RGB,3,ba99260ef46b18cb,True,
target,scab,data/pp2020/images/Train_1495.jpg,239714,403772da53a1b6d4407ed26e633d8fba35de5b8ac315e08e0fe32c71a2197733,2048,1365,RGB,3,b8ae19070f5ff2c0,True,
target,healthy,data/pp2020/images/Train_1496.jpg,187370,f7cfda67d6a0d25a1faff93c3219dfc37570c7dd867a9af939ada4aac28b6ed6,2048,1365,RGB,3,fd208b6b8d229c97,True,
target,healthy,data/pp2020/images/Train_1497.jpg,402779,c7b2de154383e2de5936a9dbe30eb0b4d719f879ff5972e98dc0797f3e679571,2048,1365,RGB,3,ea6340dd3be51cb0,True,
target,scab,data/pp2020/images/Train_1498.jpg,212669,b46842a09a6a1780963628c23e06a89962f20560df8db93f2de95efd805fc39a,2048,1365,RGB,3,95846ed5d252d467,True,
target,rust,data/pp2020/images/Train_1499.jpg,258520,7b885abfbfb1a103e75e4472d35b9cd97e63b733d4db2eabab72963eb0023790,2048,1365,RGB,3,b76dc38da481b4a5,True,
target,rust,data/pp2020/images/Train_15.jpg,367557,9f7e2e540d3e958a0bc1003b5e5520c5807f88568c091c32ffc850150a573781,2048,1365,RGB,3,e8f99633003166fb,True,
target,scab,data/pp2020/images/Train_150.jpg,171250,f2cec7fb28eaccd7793e290555f83d2486bf636f178a2ee7e2aabfd442f6601b,2048,1365,RGB,3,d7c3782fa33184d2,True,
target,scab,data/pp2020/images/Train_1500.jpg,197861,f5d6f0c87bdbe56716dd9a7dda6b6a03a1727e76410dcc4b3f56c5b8211e4089,2048,1365,RGB,3,bfe0904fd91c45a5,True,
target,scab,data/pp2020/images/Train_1501.jpg,247007,11acb702464edb435977de869ca121a764c087d8176a293c6022dd40479ebba7,2048,1365,RGB,3,e01ef2d4be84bce0,True,
target,rust,data/pp2020/images/Train_1502.jpg,203489,6e4158bac599b6031994313d78f011eeddccaacf6065d3aab1584bf71cce84d3,2048,1365,RGB,3,b9dd8aa81d2c3437,True,
target,scab,data/pp2020/images/Train_1503.jpg,170419,21cae48c99dcdb25c35a1d8ba02f0d1bb00125d2cda72f6cdeefc66c2c2571c6,2048,1365,RGB,3,812d735f565d1465,True,
target,healthy,data/pp2020/images/Train_1504.jpg,215600,ed89d28e9e1d5381232bd623e02cfafd8a5d998da84d69a8904f8c7eaac7261f,2048,1365,RGB,3,b4e1429f90a54d77,True,
target,scab,data/pp2020/images/Train_1505.jpg,210773,aa844a12c90dd18b769b029e8eaf2908e894cfa30ea21ef280d77bf849c75743,2048,1365,RGB,3,ea1280978fbffc80,True,
target,scab,data/pp2020/images/Train_1506.jpg,185172,9e6d53f042014e3cb31f42497d337da2b57eda2a598b451f7d34bd1721405866,2048,1365,RGB,3,b0aa3e951413c1ff,True,
target,scab,data/pp2020/images/Train_1507.jpg,257352,b1c6b5fe52d444665515b2b24dca3fbf075849f24fc819d18d0c6dbdce5d59e0,2048,1365,RGB,3,d0d2e32f3137cc1c,True,
target,healthy,data/pp2020/images/Train_1508.jpg,211720,050aa315a42d1d8f9fb54b36a4449f419556c78a4081098331add87a22f236e1,2048,1365,RGB,3,bab243979f4e580a,True,
target,rust,data/pp2020/images/Train_1509.jpg,185729,772522f4c9371a7e67f9fe26469672d79123887cc8b7f4bdf0c5d731aec0076b,2048,1365,RGB,3,eba3c12f62d41c33,True,
target,healthy,data/pp2020/images/Train_151.jpg,310679,702fd5f2a9d0f41570291a1a314705330a9ec99efb97d2ca18ee864f878439b0,2048,1365,RGB,3,f2aa4f0bbaec10ca,True,
target,rust,data/pp2020/images/Train_1510.jpg,140000,4fc1d118d195344280c0593552698cb577ccc4ac7a89ffc97bee8f7bdb7001da,2048,1365,RGB,3,84d7fe5c7c0c43c2,True,
target,rust,data/pp2020/images/Train_1511.jpg,336589,dd18e5ab07471eadaccece7f1700eb9ff278b615c28c0b7fb0a26f2a15c0b2bc,2048,1365,RGB,3,bd218c94c9879f3a,True,
target,rust,data/pp2020/images/Train_1512.jpg,195529,7446e38d633c4fdb308dc375e29d6cdd3c1865f12f5258868493633b906b59fa,2048,1365,RGB,3,c29422fa94e4d5f6,True,
target,healthy,data/pp2020/images/Train_1513.jpg,283841,c830083b1449b8c881ce31594d716e2eb348e77dcf0010be31717f3871f07ab1,2048,1365,RGB,3,ec69b133a4990e9d,True,
target,multiple_diseases,data/pp2020/images/Train_1514.jpg,160864,e54e4d2d36cfc08f6b0fad64ffc2c201c14a4f0572e7789c9a26c459df5c33e0,2048,1365,RGB,3,dea33c5c0347aa4d,True,
target,rust,data/pp2020/images/Train_1515.jpg,169872,829eae93427c8fcf6d0414ce0d4fc7da75822818710e144bb6323a042d47e184,2048,1365,RGB,3,f0dc2882bdb32ae5,True,
target,rust,data/pp2020/images/Train_1516.jpg,120729,bee5db910edc4c3ffdbbff2b468699ef7772090b1ce269d4000cf0c03eb528fe,2048,1365,RGB,3,ace7c948b3f056a4,True,
target,healthy,data/pp2020/images/Train_1517.jpg,194548,d110ca3b0bf6dbef5a075c695bc6f7c4e247dcaf004b9700fda78b65c452507d,2048,1365,RGB,3,e0abbbd81a5a4b07,True,
target,scab,data/pp2020/images/Train_1518.jpg,167431,6aea3fe946b15b6c28562da94161cc0a878ee33bd82d8ad6a744822cdf8c1ef7,2048,1365,RGB,3,ff25ec2e84a28761,True,
target,scab,data/pp2020/images/Train_1519.jpg,261172,53c3fd756b6dd30a88f9443a3467db9cffac6073143056515266d89ee7ec8801,2048,1365,RGB,3,ed7d84e31cc36382,True,
target,scab,data/pp2020/images/Train_152.jpg,179489,3787a826686a2075b0d2771cc4733467061bf8a52a29875f61e0c1c124c638c2,2048,1365,RGB,3,c4b047297effb060,True,
target,scab,data/pp2020/images/Train_1520.jpg,183209,c0d8beb2146bbce1af35f946d8e8962ca0fcbc425947b8acfeea6a584a856651,2048,1365,RGB,3,8356d39fb19c381c,True,
target,scab,data/pp2020/images/Train_1521.jpg,142956,7f21b78f8422ea8e84de32b697cdf2fd6af89e44ced792c6bf2570939c78a12f,2048,1365,RGB,3,a1c70f1e1e39b8d4,True,
target,scab,data/pp2020/images/Train_1522.jpg,308238,1670cab8ec4bd51d7a3d75edede8e3617188d73f29212e1318bfc2981b00eef0,2048,1365,RGB,3,d7e46ab4c4223e65,True,
target,scab,data/pp2020/images/Train_1523.jpg,237919,1c33208d5e2c1029b71336aab335351887c4605ea2a951e076b7bd5b310cdb49,2048,1365,RGB,3,983e3b2c93c0b87b,True,
target,rust,data/pp2020/images/Train_1524.jpg,221979,a2976fedf2133dce9a2a63caa11f83da08c050744b8b7309dd18a6125788244d,2048,1365,RGB,3,a1749502de2faa9e,True,
target,rust,data/pp2020/images/Train_1525.jpg,254355,a3ab3d9c3d531b40f41e52883860c46a29150cd628c0b726698c893ea5448177,2048,1365,RGB,3,cd9dc8e19f180d0f,True,
target,multiple_diseases,data/pp2020/images/Train_1526.jpg,204654,9152e8ca96e1a6af18fc84e79b9712d4643fac492622af6fbab7d50d71213c83,2048,1365,RGB,3,ef780015d54a0faf,True,
target,rust,data/pp2020/images/Train_1527.jpg,180609,1e2e9a00f301718ae6772ff00960955ac562354718453f442b52e53ad9d9a5d5,2048,1365,RGB,3,d0d8623faf1f030b,True,
target,healthy,data/pp2020/images/Train_1528.jpg,250054,61737b6db4c020b23280f5a393ac2e46e2d0d6331299593b92511d1ffe317a6e,2048,1365,RGB,3,823e9a3ed4317335,True,
target,scab,data/pp2020/images/Train_1529.jpg,164316,c97366a727bca7f7aaab6bbf5c8984580b8412fc7878f57fd958cea7cbaf1678,2048,1365,RGB,3,ef3b87c583289e42,True,
target,scab,data/pp2020/images/Train_153.jpg,166677,a5c4caef4105ff6bd12ab1167f3889f2ec342ef22c306bc0da03c619152ce6a5,2048,1365,RGB,3,f16fc7870c1f1c42,True,
target,healthy,data/pp2020/images/Train_1530.jpg,445245,e3b2ca785fddb97994226e910ab0520673368d314ac6e6f09f5d92f669451417,2048,1365,RGB,3,a584356adacb077c,True,
target,multiple_diseases,data/pp2020/images/Train_1531.jpg,212858,e90bf781052f397dc6570f65d0ae5babee05c758efe4620128146080bbf97949,2048,1365,RGB,3,b1a16ed8b59a8237,True,
target,scab,data/pp2020/images/Train_1532.jpg,196693,1d67215ce1a12d066f9882de933bf0e380a30b5870dae72a754b967f6b670c4d,2048,1365,RGB,3,acc7d51953b82f50,True,
target,healthy,data/pp2020/images/Train_1533.jpg,197719,351661813a6581c74b8fe0cf690eaf3e7dde5ee3798ef6372ede8ff37fa982d1,2048,1365,RGB,3,a4a48ebede561a29,True,
target,scab,data/pp2020/images/Train_1534.jpg,158059,68fa07ec3c648dfa1cb6d6cb6ce034434f67fde69bb25d00f7c0deb224a7e254,2048,1365,RGB,3,a8297c0f19cfe133,True,
target,rust,data/pp2020/images/Train_1535.jpg,216296,2490cf8695b4f87b15ac27817f1cbc936641d4d01c9e0203a8bbd0209bd93846,2048,1365,RGB,3,f0c8a0ccf9fda311,True,
target,multiple_diseases,data/pp2020/images/Train_1536.jpg,245729,216a5a8e91bb37596286e04ac3a5efc3417bad3f92db2349510401cc91644358,2048,1365,RGB,3,92ed68e5833bd831,True,
target,scab,data/pp2020/images/Train_1537.jpg,190718,af519230d3ce647b4311767e10b40ae921c305bfcb44b67a045ffcd9c0fe257b,2048,1365,RGB,3,c10f607087729ff3,True,
target,healthy,data/pp2020/images/Train_1538.jpg,173611,1f5aa8635343ebe77d578d72c674668362064f6dd358d5a036f59f775d5b0708,2048,1365,RGB,3,d232903d17d575e2,True,
target,healthy,data/pp2020/images/Train_1539.jpg,214868,ccd2bfc83c537c589c5f576e049fb31c8b795fd513467bdd378afb28e96b1d70,2048,1365,RGB,3,ca2f18cf1bec4718,True,
target,scab,data/pp2020/images/Train_154.jpg,272797,9fea06115570f3728ac4046fcb55ce4cd163d54354f3e21544501207d1a4d75a,2048,1365,RGB,3,8e3fa5d0c2ca99cc,True,
target,rust,data/pp2020/images/Train_1540.jpg,426917,2809ad14b8d4dc3de5964eb31d47cfb71e2bd06082f73121a53039b92c6266c1,2048,1365,RGB,3,eff1831a12399157,True,
target,healthy,data/pp2020/images/Train_1541.jpg,298158,2541801799b3eb3d0a336b97c7602748c7382ae9a8ece4007d2a4224f2534467,2048,1365,RGB,3,e7782c1e2330f9cc,True,
target,scab,data/pp2020/images/Train_1542.jpg,192971,c8b33d238b51f36c79ed906bc656387ae5d8cfab52f3981dd0ffda6b9eb962f2,2048,1365,RGB,3,aa2134d6b26b9d9c,True,
target,scab,data/pp2020/images/Train_1543.jpg,178045,ee298aef093cac2d69e9b61e4c6132176cda5ba57f3925a9d1dceb1885fc04d7,2048,1365,RGB,3,bf97031b0b78bc48,True,
target,scab,data/pp2020/images/Train_1544.jpg,173130,07a91a0a7b1c894ae14b6ebbeb5de760f0a7bf444df5c81e295b3493e4ca0597,2048,1365,RGB,3,e0d5c2c60fec5cb8,True,
target,rust,data/pp2020/images/Train_1545.jpg,198344,d216846a040f496f34532be8e4e6c7f8185826c8530c00a64079c0cc43c37be6,2048,1365,RGB,3,9bb9694b8e09e6a2,True,
target,healthy,data/pp2020/images/Train_1546.jpg,165947,22367be8dba37c5db5f8b7c9709d22b49544d3e340935db2c22abcc7747ed38f,2048,1365,RGB,3,a17a97e0d00de35d,True,
target,rust,data/pp2020/images/Train_1547.jpg,187832,9ed142e85882bea698802f6c4252dc39101641d4e3371905e2a934565dbb3227,2048,1365,RGB,3,de903a60f7c7c81c,True,
target,healthy,data/pp2020/images/Train_1548.jpg,223036,45fd88b6ee7cbfe068e49a943f206914a1c79ab6fdb6096087a237ba8289249b,2048,1365,RGB,3,bff291c1ca264ab4,True,
target,healthy,data/pp2020/images/Train_1549.jpg,190279,abd333dad5c9bc11db88cc602c59422b382da90bba6903cf94f4cadd74222a1e,2048,1365,RGB,3,ef988679f4311549,True,
target,scab,data/pp2020/images/Train_155.jpg,252648,f19163ba68ba01d951004fe162098ca382bd248e33012d021bd4f7a3ba7c6175,2048,1365,RGB,3,f75e0d6ae03596a0,True,
target,scab,data/pp2020/images/Train_1550.jpg,179487,414aca155f795516ff5717b493be6439466a1bb00ca917bc486c89295800e07d,2048,1365,RGB,3,9d1e6a2d73708aa3,True,
target,rust,data/pp2020/images/Train_1551.jpg,235382,831283030b1b4239c4d4bfb205f8bbb1aa31beb5c213976fcc913a527331c34a,2048,1365,RGB,3,baab9f82c8459b2c,True,
target,healthy,data/pp2020/images/Train_1552.jpg,202691,e296023109366a3f81f2f0ff4fe1937a00277f6ee7da233e6ed43ca3551d26a4,2048,1365,RGB,3,e6ad9a449933c35c,True,
target,scab,data/pp2020/images/Train_1553.jpg,217379,eb4818b2b59f108decf5924a5bfe8e2c997f869f65fa949fd2a7b5d147aa3a55,2048,1365,RGB,3,e4e87812256bb763,True,
target,multiple_diseases,data/pp2020/images/Train_1554.jpg,178002,285eb79e72de265fd382907586c8860b0aa1bd38a548b2711d7d8cde5f146ea6,2048,1365,RGB,3,f83287b19437ba1a,True,
target,healthy,data/pp2020/images/Train_1555.jpg,261210,5c7331549caf34b2d4d4b0616256d0e4959d7cd3d7fa1189f783e2868206f59e,2048,1365,RGB,3,a062cb3d5c3b079d,True,
target,healthy,data/pp2020/images/Train_1556.jpg,230077,2a4624357216d4c111cc3f45308a4df74c8ea3349b74565daa8d40aa1b05e166,2048,1365,RGB,3,ad2dc93ecd01ca4b,True,
target,healthy,data/pp2020/images/Train_1557.jpg,332444,c96024c0033cb61659fb24ec2b600ca88bcb25ba50567da063ac5453a67c48be,2048,1365,RGB,3,b8e963c698393e1a,True,
target,multiple_diseases,data/pp2020/images/Train_1558.jpg,221387,cd33277c858f581e8fc440d19c8cdcc918d9f9acece5d6214c45af268ed15184,2048,1365,RGB,3,d83b2153d2755cd4,True,
target,healthy,data/pp2020/images/Train_1559.jpg,233798,6810f0f63e3ee8e97f085ea8019eb9b169728e889254416c631dd0036219b997,2048,1365,RGB,3,f7e222cfa50cb324,True,
target,rust,data/pp2020/images/Train_156.jpg,185707,7506ffaea6cd7fc0d9a215a1a72d48ec85a3ec061ea0fca8d24b1d5b5371e271,2048,1365,RGB,3,9ca1158f3927c35e,True,
target,rust,data/pp2020/images/Train_1560.jpg,185973,4189fba56c06dfa99f3fc6983b808c60ae8b17b0b32704d7b3930e6856585da4,2048,1365,RGB,3,808c7cabba2f9572,True,
target,rust,data/pp2020/images/Train_1561.jpg,187189,266515ef98c061ab496c180a0023f0f3ed8477f7be623ef9fe7fa8f7cc4b62fa,2048,1365,RGB,3,d071ed67610585d7,True,
target,healthy,data/pp2020/images/Train_1562.jpg,409310,96949dab3446468aa1f0b163eda4c5a5a4c7eeb83e764c8427aa405d18b35991,2048,1365,RGB,3,91d5111c97b774e1,True,
target,healthy,data/pp2020/images/Train_1563.jpg,195246,c1099be0341f52bb0aaed75bd775f635fd87a7148c8c01e8a8a3c00e57af8f8b,2048,1365,RGB,3,f84edfa0f01381f8,True,
target,healthy,data/pp2020/images/Train_1564.jpg,163891,3e94c72cb2b34a857b42ef445843202ddf0c0f2b9c0e3d0e728514f26d1d6e7f,2048,1365,RGB,3,ab5454209d9f7c4b,True,
target,rust,data/pp2020/images/Train_1565.jpg,167354,21762fca834f4b8a57cfe7792ece9610d3e8e951ae694deedf268e7d3d2edf78,2048,1365,RGB,3,f7c3e10f0b3e380c,True,
target,rust,data/pp2020/images/Train_1566.jpg,142763,5dc9ab59c3d25e06d57bb80e87da24fed3a35c9312f32e8b8a852dd10cf4a445,2048,1365,RGB,3,f71c933a617c1153,True,
target,rust,data/pp2020/images/Train_1567.jpg,181321,0d94ab2646b0616891f99b9a935bd79ecfd585db9485f53180bef1c6b9106cbf,2048,1365,RGB,3,8b534adf4c8a3c35,True,
target,scab,data/pp2020/images/Train_1568.jpg,131749,825602d8f4cc24de76246adde8b344b09f1b711785d9bae74fa02c79ef2b5691,2048,1365,RGB,3,f05b70bbf19a9058,True,
target,rust,data/pp2020/images/Train_1569.jpg,228141,7b39d617db7b380c15a99415fcc926bb26f71d8c9a9d392a1b26b67cda3c1d86,2048,1365,RGB,3,c4fd3a48702f9333,True,
target,rust,data/pp2020/images/Train_157.jpg,158386,c55380f7278d14beb5ece4ee5fb7daee209b1dfccbbf4e6f7b89e7ed3356de0b,2048,1365,RGB,3,e9329ccd838daec4,True,
target,scab,data/pp2020/images/Train_1570.jpg,171262,428d7602a28e1571f4ecee449e47496516d73d9d12f7a7599c519c02d898528a,2048,1365,RGB,3,fa516167632ec358,True,
target,rust,data/pp2020/images/Train_1571.jpg,215914,b9af8f9e6c03551ba84b304ffce18b5528500ea99785d55c6bcf082b7481d159,2048,1365,RGB,3,b97d15fa0816e52a,True,
target,scab,data/pp2020/images/Train_1572.jpg,240641,a200a4013c4a92a226d0576cf52a9d57304d65bf96ca50614bfd37ebca11d4de,2048,1365,RGB,3,a94ac1af033cf978,True,
target,multiple_diseases,data/pp2020/images/Train_1573.jpg,265390,d02a6dc363e56f54d9eae352344b4a9cc208309d085f71fd938cb4e6d9e591d2,2048,1365,RGB,3,a0d79b991b79a0b8,True,
target,rust,data/pp2020/images/Train_1574.jpg,149231,b255cdfa99d5f796180dba10e35fd2d48fae6bdb717e7f4001b8c4b545b3d419,2048,1365,RGB,3,8bd36ac5d1306cce,True,
target,healthy,data/pp2020/images/Train_1575.jpg,344786,adcf845794e71f9a35516e5bd64dd3263c0717d35587247ea4d4d75661242265,2048,1365,RGB,3,afdf9301a1f460d4,True,
target,rust,data/pp2020/images/Train_1576.jpg,181840,209582f1e5dd30cdb96ee782b1308e78ce964358a0e9b5d7840ccb240e70bfc2,2048,1365,RGB,3,f3027828cc357c6f,True,
target,multiple_diseases,data/pp2020/images/Train_1577.jpg,272179,5bd3fde7dcffb3eba7bc9156ed56f7f7efbf3144ff77751f531cf000f8b9e467,2048,1365,RGB,3,e3119307928fb375,True,
target,rust,data/pp2020/images/Train_1578.jpg,253437,ff1b5c717982749983586254b57e0abc66011d29c1136aeb193f8807c3379bdd,2048,1365,RGB,3,c07879c8f138d771,True,
target,rust,data/pp2020/images/Train_1579.jpg,147993,ce67839e5381846f5066b760d50f631694089816dc65dad7b2ba7021dc6d1eca,2048,1365,RGB,3,96955e87649ea43a,True,
target,scab,data/pp2020/images/Train_158.jpg,160667,93c28973d1464eb6a1a5cd4d868e37b8e6c61d8f1c69a544fd35509d2ba0d65e,2048,1365,RGB,3,ffb901adf4a1aa04,True,
target,scab,data/pp2020/images/Train_1580.jpg,211207,2e515db2bbc8251cb325576c0db2a83d98c02c008a311426963e13415f61effb,2048,1365,RGB,3,87963c72c2849d6f,True,
target,rust,data/pp2020/images/Train_1581.jpg,328725,8b86a992739736dd487e0550f5e7d85cf297326449d85e68dc085c094218834a,2048,1365,RGB,3,a8e895f5aa54d2a5,True,
target,scab,data/pp2020/images/Train_1582.jpg,254722,9ddf5aeca7a2f815fd55760ac39ba31830b34d04abc6341177e772aa79381127,2048,1365,RGB,3,dbc6b4a91d395c21,True,
target,healthy,data/pp2020/images/Train_1583.jpg,163916,c372b29be272b59abede58e7389941f0808edccf528153465224234fdd75afb1,2048,1365,RGB,3,f1ce97cc126d4ac4,True,
target,rust,data/pp2020/images/Train_1584.jpg,208205,7a16d2d65350406e17a14727067e9f4d964a030193cb13e34a91a94d14d310f4,2048,1365,RGB,3,a56af43d3cb0a296,True,
target,healthy,data/pp2020/images/Train_1585.jpg,282240,51ea83c5924445f808d6f19a277283bb6bbe50728fc956b150283655b9c73753,2048,1365,RGB,3,c56b989933936e62,True,
target,scab,data/pp2020/images/Train_1586.jpg,179019,c81fa92eced165365808b08045814be1d29ee722ec8c053fd2663dc7b1070870,2048,1365,RGB,3,f30e93809ee7945c,True,
target,healthy,data/pp2020/images/Train_1587.jpg,265134,2e36398e80ad58d9075b775c7fedd11f10539b6648c92940364bf69a9e7c9cca,2048,1365,RGB,3,f9629df811cf6308,True,
target,scab,data/pp2020/images/Train_1588.jpg,208089,226d0142e95b97d22f6bfca1679d3d061e0e2ba5b76270f47fddcdb3adcc3e17,2048,1365,RGB,3,d438a6e998be3827,True,
target,scab,data/pp2020/images/Train_1589.jpg,235626,631d3d07f4353eea3159af8a81b5a84c9881f42b66b307607fec8e8e682c40cf,2048,1365,RGB,3,b2bf9096921adbd0,True,
target,rust,data/pp2020/images/Train_159.jpg,241592,5560d23c090c6c9a5ec744b22d2c6f71802c635d0ad5524d149affea7d0269fe,2048,1365,RGB,3,e274cdb0294fc13d,True,
target,healthy,data/pp2020/images/Train_1590.jpg,204221,4a121c29276e990543db3b51ba2fbb9583fc72a71fce06075b48a6ea797b3e25,2048,1365,RGB,3,e2f2c097c31bcb0b,True,
target,rust,data/pp2020/images/Train_1591.jpg,226078,20b114161a47152966aac5667d9a548110b4f769f3062e258abca2087eeebf66,2048,1365,RGB,3,87e3d0c12a7ba995,True,
target,rust,data/pp2020/images/Train_1592.jpg,254142,663f7b2751b7f799746849cf99b8fa7463f54d6559e414e9c763e61ed54e3c70,2048,1365,RGB,3,fefc858a1e1f0849,True,
target,healthy,data/pp2020/images/Train_1593.jpg,273625,99c7fa4acb164e5acb12faa2f41d9a4a75192113bab32845f06b3176a8fb8075,2048,1365,RGB,3,fb629df011cf6308,True,
target,rust,data/pp2020/images/Train_1594.jpg,245975,c076da7277673ffbb3297f328f9bf536dd89d7e856e237c891e94593e99bc258,2048,1365,RGB,3,a9ab8d40e4f7261e,True,
target,rust,data/pp2020/images/Train_1595.jpg,272204,9a8436d2173afa61b5d525bda0dfa7275ecbbc030035f167dd3d493498a495c2,2048,1365,RGB,3,ba02d47e8a6ac774,True,
target,rust,data/pp2020/images/Train_1596.jpg,208225,45bafef0755d1c7c8dce316559e49fdf8162ad1034e42d563c4a93f7a96b2dd7,2048,1365,RGB,3,d61236da9659d538,True,
target,healthy,data/pp2020/images/Train_1597.jpg,191105,fbb1d8fe8de4731e30abb8abe6437528a5d606e3fd945140cec57f029ad7c32b,2048,1365,RGB,3,ed07aca5c88af70a,True,
target,healthy,data/pp2020/images/Train_1598.jpg,334871,6817066c1c1b46e7d5210772637b0e53e13b77c0eca06b428fc9f73b625a8347,2048,1365,RGB,3,f26cc0d83de1e19a,True,
target,rust,data/pp2020/images/Train_1599.jpg,157361,b843c6e171c35b613da2da1efbfee9898112b20d6a7049d89817f42fea644729,2048,1365,RGB,3,c143ecadac075277,True,
target,scab,data/pp2020/images/Train_16.jpg,228169,551ec8ab8900bdb86839d745da8863cdee5a706327e52462f44d74b418a8c7d2,2048,1365,RGB,3,ea10df82dfb70c12,True,
target,scab,data/pp2020/images/Train_160.jpg,167804,8f9cbe3b8d1ea649d643a6e213fa29e5f0f52b9945993a00063b365dc6c7901f,2048,1365,RGB,3,f07efdfea0300161,True,
target,healthy,data/pp2020/images/Train_1600.jpg,326111,950fab2c338eff87a1a677ac21b9fe33433e360b64d239aca44cb097d3ce31b9,2048,1365,RGB,3,fcc28df121f16349,True,
target,healthy,data/pp2020/images/Train_1601.jpg,182420,e1357fe9aa38461ac9d573acd3724e730082137d4599e9708cd1c8e98548f50d,2048,1365,RGB,3,d3043be0fae49f44,True,
target,rust,data/pp2020/images/Train_1602.jpg,338299,7908f319675140826febc4bc4f546f40ab9d1fc851781de210d900030cfb24fe,2048,1365,RGB,3,81d0d0c77d4762cf,True,
target,rust,data/pp2020/images/Train_1603.jpg,223628,202d4716374bf169c83b2b960c598ef074de5100a46de3918cf3457402478c35,2048,1365,RGB,3,b2ec0cf59931f033,True,
target,healthy,data/pp2020/images/Train_1604.jpg,207229,49a313838a45ae7d73385709b9ecef8bbce1c80362e8263c4d724752e8a9b708,2048,1365,RGB,3,af0a201ade5af62b,True,
target,healthy,data/pp2020/images/Train_1605.jpg,154818,2b0e001c232704cbd82e2908f332abd836ed821cbef53c6cb0015e01cab0d905,2048,1365,RGB,3,fecd801bc452be51,True,
target,rust,data/pp2020/images/Train_1606.jpg,218913,9f17e8fab2aa26d1515905adde30a62958bd51a4f0e3075997118a8a01440f51,2048,1365,RGB,3,85e16fe5685a5670,True,
target,rust,data/pp2020/images/Train_1607.jpg,208257,4add82fe6ca640a1bc8d9d7be08661c6ccf08609ad45e84a70d7aaa555b776a6,2048,1365,RGB,3,be95968a6af92131,True,
target,healthy,data/pp2020/images/Train_1608.jpg,135109,980e8c7c4b1706523232991458ca66ad962945e3c58cd337e5d32d1af90644bf,2048,1365,RGB,3,dd17340a50dd91ed,True,
target,multiple_diseases,data/pp2020/images/Train_1609.jpg,226974,2f8dd25d7c0f968c7545701b7edfb36f6ffe4fb1e60d3bb9bc8bf311a8c0e268,2048,1365,RGB,3,ac548d6b9530b6ec,True,
target,scab,data/pp2020/images/Train_161.jpg,214241,50fcfb4da76be7b41c5ff185d270d1411f3150d834a27ed7600a12920f0bd48a,2048,1365,RGB,3,8eef33c052df1309,True,
target,healthy,data/pp2020/images/Train_1610.jpg,158940,7caa6fd51b0f3d5882529fd91dec5143745fb761f85ce19b837826dbb7563c80,2048,1365,RGB,3,ab162fea933a6059,True,
target,healthy,data/pp2020/images/Train_1611.jpg,200380,7f366d8d8e17127bdd3e74b007b5ce57f9b867e65b31c55fd4df6d3690b0ad1c,2048,1365,RGB,3,fd92847d4aed4a05,True,
target,healthy,data/pp2020/images/Train_1612.jpg,179019,002605ddcabc78f2d2076daab7c1d03ab97ab926605a54acc7d7b25a9bfb208b,2048,1365,RGB,3,964e505b27c5b6b2,True,
target,rust,data/pp2020/images/Train_1613.jpg,375987,ddbb0205653f25b29e8744dfddfaf6b456c843f4c464dcf3ae271c547399f330,2048,1365,RGB,3,a8e895e5aad453a5,True,
target,healthy,data/pp2020/images/Train_1614.jpg,183229,f440a010c46cef4c370f66560507b983619c22f2a3fe6ce9d590eadc3da148f1,2048,1365,RGB,3,d86b2410f2fa9b4e,True,
target,healthy,data/pp2020/images/Train_1615.jpg,310423,98821e6a5f47f6e0c47cdcdd7edbd550afa6ee6b51ca6b530e397ef90ecaf945,2048,1365,RGB,3,e31f8d606c6cae98,True,
target,healthy,data/pp2020/images/Train_1616.jpg,525678,e8cf087abd8ce872ef12e166768d8d7e3a8a36397b61152af229c2bb66b1a551,2048,1365,RGB,3,d7c830cfd09f6b20,True,
target,healthy,data/pp2020/images/Train_1617.jpg,322482,ad05702827f738acfc7aa0f66021c83b389cabb3dcd26735634e365467f786be,2048,1365,RGB,3,b4a861d5b48e6b17,True,
target,multiple_diseases,data/pp2020/images/Train_1618.jpg,254382,4903858bdccd8a14c26b3b3e22884fa01179e28d3f56d1017362c6a5192d4ac5,2048,1365,RGB,3,87ba49c75250dc37,True,
target,scab,data/pp2020/images/Train_1619.jpg,194435,568eafc4a8b237eca4dc07a7e36c2560c039c23dccfb99b6efdaaf7e2ff194e5,2048,1365,RGB,3,bc9e133616e182f6,True,
target,healthy,data/pp2020/images/Train_162.jpg,267739,b82159abcae53bb47f52e69cb85f00020772b887b2ad58823ee73c50874def25,2048,1365,RGB,3,aba56e492872d0eb,True,
target,scab,data/pp2020/images/Train_1620.jpg,194432,7cfa924e26641524348f553d09511e8f81454e129aed16bf22ae90116bf03dc5,2048,1365,RGB,3,ed80a0f480fb16ef,True,
target,healthy,data/pp2020/images/Train_1621.jpg,200196,8ad01c8911e99b2a5fcfa236acf3d14647dd53210cdaf472c326824043c68173,2048,1365,RGB,3,c39e07397a25c1d6,True,
target,scab,data/pp2020/images/Train_1622.jpg,198032,bd3bee13ef199d7928e25ccf5952be221408324e4a0d3668ff39c2f71e1d1730,2048,1365,RGB,3,9fe12c2b052f6768,True,
target,scab,data/pp2020/images/Train_1623.jpg,243643,2f76080f700757fcd714aa1cda001559049967674ea8484e90326644d91ef887,2048,1365,RGB,3,9dedac600c1b2f0f,True,
target,rust,data/pp2020/images/Train_1624.jpg,165652,289a08666b41a254352dc4d960ef0e70a256aeb18af5194331210ecf5a367580,2048,1365,RGB,3,ae2c85c646161f7b,True,
target,rust,data/pp2020/images/Train_1625.jpg,314169,c61f4658a725a46d9c17a0600d2c67137149b6cba5f52586778c78e8b5fe6af7,2048,1365,RGB,3,b712b81e5fca08cd,True,
target,rust,data/pp2020/images/Train_1626.jpg,169584,eb15356871837aa974dcabf7ae6516d0cb40fc68684f26e6dcf7038e834e8718,2048,1365,RGB,3,f0c1b0d5d58b9a1d,True,
target,scab,data/pp2020/images/Train_1627.jpg,180098,f6c4a4191b9952a0f730c3504ae53d819790cbbaab3b5f4ac17d81f37b6b40ef,2048,1365,RGB,3,d7a2e0e299072bd6,True,
target,scab,data/pp2020/images/Train_1628.jpg,194275,e5061b3b92c18e702371fb6a5bb2e0bb215446dc0a6107943d2ab8cec319d165,2048,1365,RGB,3,8f452e3f225cba31,True,
target,rust,data/pp2020/images/Train_1629.jpg,206803,c84293a9cfce0a57ca73cb6d9ae94032307b137a0d431c726b6f9d4867b79e1f,2048,1365,RGB,3,96a676c2a8bfc950,True,
target,scab,data/pp2020/images/Train_163.jpg,167079,889e776bb26926491047a151fdb399c546054a0d384f360f273f50532673e5f8,2048,1365,RGB,3,e5119653d3d60c9b,True,
target,rust,data/pp2020/images/Train_1630.jpg,187553,6d0331ef58d4a597c8a2293870baf52b5b40737cb587920832a0de04862a4c80,2048,1365,RGB,3,aa0e969518e15d3f,True,
target,healthy,data/pp2020/images/Train_1631.jpg,198229,e3f150e19d2f22dfdd7bfc8d0bd9b6b7fbac649b7cb718c910a2936cd3da1c76,2048,1365,RGB,3,a631d53a5e2a1b95,True,
target,scab,data/pp2020/images/Train_1632.jpg,360047,923d34f0a6183b77f260b2cee6b7a4860410a1c1573615abbbf173c03574f21f,2048,1365,RGB,3,eb0a66cb9a24539d,True,
target,healthy,data/pp2020/images/Train_1633.jpg,226342,c994adbb973a3c7207cfb2a314dd2d728beaf2e3aef129b20ba3b08044db1a4e,2048,1365,RGB,3,902d92568b5a4efd,True,
target,healthy,data/pp2020/images/Train_1634.jpg,274361,fd916e831f37195b934bd582f6731e2a07edd6909ed678d5bae7c15d7f724b04,2048,1365,RGB,3,ad97d03d487a9529,True,
target,healthy,data/pp2020/images/Train_1635.jpg,216485,322f10dc3e8e294f123ed095bd7010dde03ce3263ea7d9d8fd61d6374144f35d,2048,1365,RGB,3,e9d21949c26f2e2d,True,
target,scab,data/pp2020/images/Train_1636.jpg,212212,b9298a0f019b092acd5bce9bff6c871fec80176f1020214099abce3cc9bede7d,2048,1365,RGB,3,a8e5d99d9515f0a1,True,
target,scab,data/pp2020/images/Train_1637.jpg,274666,09ac0ac392ba5ec854f1778a8ade2dda2a316bdf370f2f76f4aeaae473413462,2048,1365,RGB,3,f8d1894587cac65e,True,
target,scab,data/pp2020/images/Train_1638.jpg,259377,f81b7043da170a64600371f0487da7b24aef85e93d8cbeaca639ffa3d20c546e,2048,1365,RGB,3,a23c42d0d71f3ec5,True,
target,scab,data/pp2020/images/Train_1639.jpg,301814,bcba12529801e441fdb9314a23e29b723efc7a8041f2db2a42bfe0ed3f20033d,2048,1365,RGB,3,8a976fa0b47cb6a0,True,
target,rust,data/pp2020/images/Train_164.jpg,143719,8b3b44338c37898db524761502b7bd5d271bfacf77d125a848cc7b5ba36a9218,2048,1365,RGB,3,a9498f9d9b24e2a5,True,
target,rust,data/pp2020/images/Train_1640.jpg,162682,8e4b50d71c5d4a6e19cb229f414c959678333a4ffd70ff816fcd7097a15b5865,2048,1365,RGB,3,adf48c874e4e3664,True,
target,multiple_diseases,data/pp2020/images/Train_1641.jpg,231095,22631c7ae8c762ea9283abdffd2f252f9db1f3760be628414f39248448d59f85,2048,1365,RGB,3,d08d7ce58fc818bc,True,
target,rust,data/pp2020/images/Train_1642.jpg,291955,361cfc8b4d7c8c5c6433b9a8cdb5c06b118db74b4e6d5f0837fe70bfdc2aac3f,2048,1365,RGB,3,a26bd8e27025b3bc,True,
target,scab,data/pp2020/images/Train_1643.jpg,175962,381313cc8b1ef0e5675b182d7fee2dad284083f8a75e77845e48d2f615f1902d,2048,1365,RGB,3,ac9107727817df49,True,
target,rust,data/pp2020/images/Train_1644.jpg,150973,3892046144deec6ab9c5114e5719b449ced8b9e8ea14f272ffd0bc4c842d781c,2048,1365,RGB,3,f06d6b829f1568c9,True,
target,scab,data/pp2020/images/Train_1645.jpg,168100,86aa9151ebeac6a79cd6da109df750039ce6ac255a02c0c390cbe83042bc006b,2048,1365,RGB,3,f8e1a181838d9abf,True,
target,healthy,data/pp2020/images/Train_1646.jpg,285107,713db6ff9c7ab6982425d09abf10ef03b786b95d870ce257b9c1cdbebe16f2b0,2048,1365,RGB,3,8f8b6ccaa5255d8c,True,
target,scab,data/pp2020/images/Train_1647.jpg,197199,464eacacc085bb211e04f8f20d9677fcb14c2a9be267b964d9623d3cee4f9583,2048,1365,RGB,3,b1d255af10b7b618,True,
target,multiple_diseases,data/pp2020/images/Train_1648.jpg,154276,390d2c2707c93549dbcd7bbe1a972894ee1d3d304276366eb554a5bca6ed0361,2048,1365,RGB,3,f4f4305212969f9b,True,
target,rust,data/pp2020/images/Train_1649.jpg,255424,241a8611bccf6f794413c9c328768ed975e97e99c3e9b45e6077e1f650b1361d,2048,1365,RGB,3,fa5e87569e989890,True,
target,rust,data/pp2020/images/Train_165.jpg,193492,6485979494e0c47174fa28ad2fc98ba3fcd6e1d2124bfe8c0b9396427c2cb3fb,2048,1365,RGB,3,cbd63c87339a428d,True,
target,scab,data/pp2020/images/Train_1650.jpg,200212,37cf3635d223597c9e7ddfa2bd52d4533d5d00600545dc89e7edf2f1c43a3e6d,2048,1365,RGB,3,86e154c9be4bb26a,True,
target,rust,data/pp2020/images/Train_1651.jpg,194914,9c9efc07a97d5678d478a735002e8344c9834f5142ae42d8574948745f4b59e8,2048,1365,RGB,3,c071bc99c732cd27,True,
target,scab,data/pp2020/images/Train_1652.jpg,178372,99b3c6b96f41c49a61bb0ef3026863108c616f06f6e1a3ef714a4725a4c18383,2048,1365,RGB,3,af1b806cc434deb3,True,
target,healthy,data/pp2020/images/Train_1653.jpg,191913,32c2eb862546de826e42410bd60be61999ba1812209bfa841387076921e5f664,2048,1365,RGB,3,b8056ad20ffc20bf,True,
target,healthy,data/pp2020/images/Train_1654.jpg,196535,c086de50f768a266bfdc6c132b90737cdb05c5a2a178b09b7a7923468f180a5d,2048,1365,RGB,3,a575d6d4688ac54d,True,
target,rust,data/pp2020/images/Train_1655.jpg,180215,89887ceec44249a86536f8d520b3fd8bf9c78e7605cf588ad896433679f4a66e,2048,1365,RGB,3,aa7dc0945e4eb5a4,True,
target,healthy,data/pp2020/images/Train_1656.jpg,324187,08d88cc8445a068044f3dd66fe6fc17f578d337a2180a27cd96f750c93f50b79,2048,1365,RGB,3,99e6678cd2ee5224,True,
target,rust,data/pp2020/images/Train_1657.jpg,188266,76b805272e86c846ef99587ab1c9c4c9cded242271e46b4c2e4e16820082aace,2048,1365,RGB,3,deea3c5160586557,True,
target,scab,data/pp2020/images/Train_1658.jpg,119570,67d86b4ed21ccd46468953e814dbc9ed86d45ac23fd8251e138bf572fef92686,2048,1365,RGB,3,ed65c52a716516d8,True,
target,scab,data/pp2020/images/Train_1659.jpg,221087,3b9c676234832f74aeda4b4925401e1ef7a81e1183d0b17b37694e96ae44112f,2048,1365,RGB,3,9227981fe1b097cd,True,
target,scab,data/pp2020/images/Train_166.jpg,203287,7fad2866e8682809535aec698981a65e39871ea277bc643b75ecb3ca7c1b10fb,2048,1365,RGB,3,d3dbd2111f1f1c88,True,
target,scab,data/pp2020/images/Train_1660.jpg,232370,48c63d4780c18fcabee060e792c583a1cfcb8f71e8368bb2b5209b3d288045ad,2048,1365,RGB,3,ff8f6b4c25001717,True,
target,healthy,data/pp2020/images/Train_1661.jpg,294780,db8ef8c7cc7a1a2fd5e0f27bb1fd22a522e9f1fdbf8afe303c18d40677d1ba6f,2048,1365,RGB,3,fa19a021e3bf266a,True,
target,multiple_diseases,data/pp2020/images/Train_1662.jpg,115831,a696d255671d7bbb9ec6124393d82d659392e4441c69db1faf48892b67805d32,2048,1365,RGB,3,cf9374cc7a0c6e0c,True,
target,healthy,data/pp2020/images/Train_1663.jpg,212255,90731c3a02f91cbe6126c510d281468f6e3fc0a139cf6d36073306c75fada781,2048,1365,RGB,3,d64f6d0cc384cfb0,True,
target,multiple_diseases,data/pp2020/images/Train_1664.jpg,159221,7ccdfc5d671c97e6bc3e2208939823a6b4bae11cef9d4ecaeae916f7a01a8201,2048,1365,RGB,3,c5aff2e545d0a129,True,
target,rust,data/pp2020/images/Train_1665.jpg,250206,e89a40f85d7869c63e347e131735f203683dcb3d4f516333e07e2c5847035167,2048,1365,RGB,3,c395a195e171b369,True,
target,healthy,data/pp2020/images/Train_1666.jpg,301879,fbd60a654803245351431ef6ca403cd19bdf4e152a75ed86f891d762a0763110,2048,1365,RGB,3,f8388b9e3530f2c3,True,
target,healthy,data/pp2020/images/Train_1667.jpg,161233,3acd031caf05d69a7d7dbce4816fdab36faa5e0149ea84b5a76f1dad0e274a02,2048,1365,RGB,3,e54863d32bb9b1a1,True,
target,rust,data/pp2020/images/Train_1668.jpg,254446,7c929dcdc3cf09dce5e7d7a2732394de4e1769d420e6c11c70763cd524d377a7,2048,1365,RGB,3,bf31e48d99690d68,True,
target,healthy,data/pp2020/images/Train_1669.jpg,222883,e20d036156f0ec936be8daab144838ebd25b17c5a75f9ff82172d0b072935ce9,2048,1365,RGB,3,aa49957bd7015aaa,True,
target,healthy,data/pp2020/images/Train_167.jpg,175894,b47a72272e64464f90b692bf4c72c669ab7c8ad19d04e69c3beeae0ad5e92193,2048,1365,RGB,3,f561c0635acf611e,True,
target,healthy,data/pp2020/images/Train_1670.jpg,147691,7a593316122946573921c44376545ce2076f0b09df5643ff260eec621b0989c4,2048,1365,RGB,3,ff7d0001ee87ccc8,True,
target,rust,data/pp2020/images/Train_1671.jpg,197244,88485839f8b1954b4835c50156d4bc1f48a5d3b3d3700700785308e5571eecf0,2048,1365,RGB,3,ea604dda987238ee,True,
target,healthy,data/pp2020/images/Train_1672.jpg,178111,f935ad8c822b92b46ad419e15ed94b9c7d70edfd9231df537c918d750a867886,2048,1365,RGB,3,e07ac792366764a9,True,
target,scab,data/pp2020/images/Train_1673.jpg,165556,86c69a6367bddfc792b137680356767d17a02caf97c662ebc8c80d615df6a344,2048,1365,RGB,3,f4d8804f96ecda38,True,
target,rust,data/pp2020/images/Train_1674.jpg,153669,45c877d04eaadbf95ae2358485836b2b30c76e60a6cfdc85fa9609932746e040,2048,1365,RGB,3,aa698db35c91724e,True,
target,healthy,data/pp2020/images/Train_1675.jpg,284586,b835b94eb8da9a32c2cbbaacb468b02cd41b2cf9460fe8ff60a0899f7d8470d2,2048,1365,RGB,3,a5d694ad96ca8aaa,True,
target,healthy,data/pp2020/images/Train_1676.jpg,190674,fa43f07f45e19437f8a40b988f9c14e03d449357e2236fe54a4d25d6aa54f9ca,2048,1365,RGB,3,db4278e482a16f6b,True,
target,rust,data/pp2020/images/Train_1677.jpg,216339,d64f10824d9472bcc188f5de2a7514ca997cc9b2e2394668a7aa95d30195c8ce,2048,1365,RGB,3,adc7b441421d9c7e,True,
target,rust,data/pp2020/images/Train_1678.jpg,274024,5961a856974f76950f2d295954b07e8120e9cdca59d90e0b6aa5373b84becd5f,2048,1365,RGB,3,e8210ddefc024fec,True,
target,rust,data/pp2020/images/Train_1679.jpg,456693,e7806f3c0c4fc5f492db4d271f63133ecb73632c6dcb10ff663dcfa0d2980549,2048,1365,RGB,3,acd0254acb9679a7,True,
target,scab,data/pp2020/images/Train_168.jpg,169850,02bac6269a2739ed80c1ab4f040f812438f9224411e4527d71c453b088bb7c8d,2048,1365,RGB,3,84b50e56fad8b20f,True,
target,scab,data/pp2020/images/Train_1680.jpg,140287,eb6ff5fe3782a13ce2776e5572d4f20e404a2f56bce221571740949ac4fa9729,2048,1365,RGB,3,9bb66157770184cd,True,
target,healthy,data/pp2020/images/Train_1681.jpg,352935,1001c7693c6826fb09ac242a03f42ea473422f577196eced5664b783f6eecc3e,2048,1365,RGB,3,c809d8de54b6d762,True,
target,healthy,data/pp2020/images/Train_1682.jpg,179699,54599d624e72d5c9bc19cac4d5f08d53d9cccde65c73a11577384febebe45867,2048,1365,RGB,3,9d73075cd8b1034f,True,
target,healthy,data/pp2020/images/Train_1683.jpg,260954,e515c83e85d4a3b286c9371a14b6c927e9ae3dcfb66a4e18166c214612d1a172,2048,1365,RGB,3,a1569e695e6ce03c,True,
target,rust,data/pp2020/images/Train_1684.jpg,169336,795b5b60bbc33e31c522a6a533d7ac7d363778c38401360a11bd343fc862200f,2048,1365,RGB,3,d2cd93c936a145e9,True,
target,scab,data/pp2020/images/Train_1685.jpg,223556,133dd8f20a00ec5049c4f7ca446ffed65673f9f1684b8efe4f45087a19b885fd,2048,1365,RGB,3,fd2d84dd47104eca,True,
target,rust,data/pp2020/images/Train_1686.jpg,196972,8e5bbee26340854ab036156e8d3eb6f5c9704acf088e4b60e8b2d13d805db963,2048,1365,RGB,3,86f977df90306ac0,True,
target,healthy,data/pp2020/images/Train_1687.jpg,303391,2067d332ac0683cdf008b7ba435e8c9e53b21c7def16e927e72f89a6a86a6d55,2048,1365,RGB,3,cb749a0f31e06e9c,True,
target,scab,data/pp2020/images/Train_1688.jpg,218157,5969f25c9091a8e6599d40fe782f0e2ef9e93b52118dbe96a971db7303168401,2048,1365,RGB,3,d75336a135869267,True,
target,rust,data/pp2020/images/Train_1689.jpg,229297,fcd6ef9c33e1c21bcfb4507e1112499eda88a0a24fd82f73d5281ed0272c1c36,2048,1365,RGB,3,9d05618f3c77a456,True,
target,scab,data/pp2020/images/Train_169.jpg,171224,7db85fe1c9fa96393cdceec0b17085e018a944b24c59a3672423efc3fa45d7f4,2048,1365,RGB,3,d4dac2dcda141a3b,True,
target,scab,data/pp2020/images/Train_1690.jpg,211479,67d5ecd256cea71aa079a5519e53b5523993956338b53d98f2a8520a8cdd70d6,2048,1365,RGB,3,ee64caf05a411ea7,True,
target,healthy,data/pp2020/images/Train_1691.jpg,253548,2e62c11e6d4bd302496b0a24212ab41509938fcd1484b2b03e8bde9831559702,2048,1365,RGB,3,d86b0c9a0bb79f05,True,
target,scab,data/pp2020/images/Train_1692.jpg,177882,d4c90d41aafc6ecd8051e2a2ae14b3bd9543ae328cfa26c7b3a39edca4b41d3b,2048,1365,RGB,3,85d6299a356966ad,True,
target,healthy,data/pp2020/images/Train_1693.jpg,240869,eb9ce41b3a30588b5f9a59aceeaa532bc05a2c0eb70ca842e08f0fea6cf831bb,2048,1365,RGB,3,d11979dd856e4561,True,
target,healthy,data/pp2020/images/Train_1694.jpg,229775,8d6a234ce76ef4580d28c58177ad544730a26cd78853984b2d89f990c4e590aa,2048,1365,RGB,3,aa085987583f59dd,True,
target,rust,data/pp2020/images/Train_1695.jpg,209299,960b38b8e65d9f19a9953b0084baacb2e257e76ddb54cf55e3dd3bd5fd17a0d9,2048,1365,RGB,3,da1e486ec62c969d,True,
target,scab,data/pp2020/images/Train_1696.jpg,180723,0a3af97719fab9dae675d2a1ecaaab3140294818e9a5a31589fc9f5abbe70e76,2048,1365,RGB,3,bfa1bda9b881c01d,True,
target,healthy,data/pp2020/images/Train_1697.jpg,200280,4d0e786286ed8608fc3dcec046ccc4791c5682e24295832f19c5826baddca896,2048,1365,RGB,3,dcdc13c07a8a4b2f,True,
target,healthy,data/pp2020/images/Train_1698.jpg,272513,07647e7a0b1d977adcb5fd3950019405d0d4cd73b43b467fac8d8984a47fd4ee,2048,1365,RGB,3,eb76d30f57ec2010,True,
target,rust,data/pp2020/images/Train_1699.jpg,508169,1d5724378eb8ac70ebb0adef8be6e3465f8307b2b92f3ea60dc106fddb27edaa,2048,1365,RGB,3,881b4dba7731b362,True,
target,scab,data/pp2020/images/Train_17.jpg,185945,350d84fbb93827931c830b80d0e19b1fd67703967a20022736044cdea2ab1e69,2048,1365,RGB,3,b993b0fa330b622e,True,
target,multiple_diseases,data/pp2020/images/Train_170.jpg,228860,f949b0bf0c2f0ad614b558bc9ee4d499e3c6169cd8c15cb42199bab36d9d6e9a,2048,1365,RGB,3,f49ac3b8c4b58972,True,
target,scab,data/pp2020/images/Train_1700.jpg,380081,91002b0e346373cbd55e9117287898a53a6d02fe37620bd254b1f16f9dea5741,2048,1365,RGB,3,a83937c6e740d327,True,
target,scab,data/pp2020/images/Train_1701.jpg,276587,83d2426be7cf87763ea48d08634036c1853f94f9ae6886fabeb643bdee381b01,2048,1365,RGB,3,8a1a356a52c69bd7,True,
target,scab,data/pp2020/images/Train_1702.jpg,215228,4d34d208f786a01979a638264d5955b7ef62486ee57a68d4f35a6cc4df9e5c75,2048,1365,RGB,3,99a5469863da3b4b,True,
target,scab,data/pp2020/images/Train_1703.jpg,165464,3ea3c054b06c024bdabbdb2d902e71af1330a99fe15eb13bd539f5a7afd8da93,2048,1365,RGB,3,ea358f968250b38f,True,
target,scab,data/pp2020/images/Train_1704.jpg,185982,9ddf6ec11fd6f6354db6b38ddfe5ce8f65ba01d4021d8cd7da205e1f1de6fe14,2048,1365,RGB,3,9d0f7156a3e85227,True,
target,scab,data/pp2020/images/Train_1705.jpg,244621,28750e9e3398924b030f1ad0c3e493f8df9a769a715b4a92dcab5633ec9be277,2048,1365,RGB,3,c789603d94f35aa3,True,
target,healthy,data/pp2020/images/Train_1706.jpg,204551,97aac4c01ac618623a805ade817e7f25d48fa34478b8f9c2f86386c88ad87077,2048,1365,RGB,3,fc16425a66e94e0f,True,
target,rust,data/pp2020/images/Train_1707.jpg,187786,891377c6dd8b05585b5d2db38b7d0f8f83e9b1c343592affdfc199dff2214604,2048,1365,RGB,3,c4dbc6c5aa6985d8,True,
target,multiple_diseases,data/pp2020/images/Train_1708.jpg,273709,047b8d96a4ee3ebfae041036d8da4d5778666bb435e811cd00bc32baf563b54b,2048,1365,RGB,3,a1f06c6c5a566d4e,True,
target,rust,data/pp2020/images/Train_1709.jpg,340215,2725cee877333101838ca905ac3a13020d6bdcc29c2723c7fbd985ef640eab41,2048,1365,RGB,3,dfc86b180e3ac8f8,True,
target,rust,data/pp2020/images/Train_171.jpg,203460,030936bc0c7c7bd01b057c73a2449b53b33f595f8424663538c77355a40fc961,2048,1365,RGB,3,aacedff0d881c189,True,
target,rust,data/pp2020/images/Train_1710.jpg,144308,ccf2d613d4a009a3172a29d2c6547b18acba979fc6e100f96132e3331170556e,2048,1365,RGB,3,ddca6366873618cc,True,
target,scab,data/pp2020/images/Train_1711.jpg,168572,e9d2ff476e390bf03ae0c3e5fc616daa9555ef0d93776a6ff982947288193008,2048,1365,RGB,3,adac854a565b5b83,True,
target,rust,data/pp2020/images/Train_1712.jpg,258800,0028a228eefdade7d9ecee1700fad6f2c0ccc93dc9bb333e65bb44d2a9843d80,2048,1365,RGB,3,d6def363080d0c8f,True,
target,scab,data/pp2020/images/Train_1713.jpg,168584,f1a603733d397118e1f3dcf173d29aaf134b4a720e50fddddd5c0c61da4097a6,2048,1365,RGB,3,d71ec28f8003ff0e,True,
target,rust,data/pp2020/images/Train_1714.jpg,211899,a10316d079854111b96e39203210ff41254bfec9b876fd071e66edbe21cfa181,2048,1365,RGB,3,8f25789f673025ca,True,
target,scab,data/pp2020/images/Train_1715.jpg,170194,1aa900872e836af5ab54603d174ea29571a022d61d3c3357a84516ca2d956aa3,2048,1365,RGB,3,fa83163e947f02e1,True,
target,scab,data/pp2020/images/Train_1716.jpg,193620,57a0b96f31306264c8583cc984df9dce296ea5aa953a1e99dc1e09a97dc4df3c,2048,1365,RGB,3,c1c62df4f888c2f3,True,
target,scab,data/pp2020/images/Train_1717.jpg,154759,96d8dfd45ae3c349e44a6ef588de52c0c66d9e282c6875551b77df38707f547d,2048,1365,RGB,3,e6f4c680e63d163a,True,
target,rust,data/pp2020/images/Train_1718.jpg,217636,66d9b1f31969121e264d0110c56f100705e012cf77993dcc9180df328f081632,2048,1365,RGB,3,ffc6c00f0f247cd0,True,
target,scab,data/pp2020/images/Train_1719.jpg,183368,4b6501e61cbaf8ff132756e687875c4c8365160f66f9d1dabca04baf04b80b83,2048,1365,RGB,3,838b37d15556da26,True,
target,scab,data/pp2020/images/Train_172.jpg,168947,1de5f11e0be5134add9f36c0108c9ce578a9e6ecff459aba7a0103141b9f2e01,2048,1365,RGB,3,c6f90f0f3bc53049,True,
target,rust,data/pp2020/images/Train_1720.jpg,207494,04611995ba1ad83593b93d7de4a6881ff557700885d84ce9304ba9e9bb97a617,2048,1365,RGB,3,a95b09826135deaf,True,
target,scab,data/pp2020/images/Train_1721.jpg,185739,8196d11ffc80edbc612699c7a7b07e608b5f903811653dcaf6cedd9c93a0a700,2048,1365,RGB,3,f82f902e9708c33f,True,
target,rust,data/pp2020/images/Train_1722.jpg,223950,2b4a04834aacd4507dec4f25c687e13c74d0e8ee03ba901cb71aa057e6a44280,2048,1365,RGB,3,918132e1f343f93e,True,
target,healthy,data/pp2020/images/Train_1723.jpg,218584,44106834f8716db0f622211d97dbe0c144eb805f051fbf5c5b7af22ff36ee5d2,2048,1365,RGB,3,ad52bd2ad5aa52a1,True,
target,healthy,data/pp2020/images/Train_1724.jpg,195429,ef9e0dcf29194c51f0aa5560eac5b75c51b5d941527d28f1d46f1aa5218dcfb1,2048,1365,RGB,3,a56935ab964d9a34,True,
target,rust,data/pp2020/images/Train_1725.jpg,262858,b4c1edc54d43ef163881da521d5e6eef98c4c75b6e319d9c821327ffe1fa8186,2048,1365,RGB,3,b962a0a79fa43696,True,
target,rust,data/pp2020/images/Train_1726.jpg,331237,652a7e1800d7c30d6a8cf8c73fb28576bb7ca3210c28f95a6b5078fe962b8e7a,2048,1365,RGB,3,9e501ca1739f9fc0,True,
target,scab,data/pp2020/images/Train_1727.jpg,220356,2f8b08e2865e46e6715c3d2d4acab105250ead264f3066a76bcad24e8ff057ef,2048,1365,RGB,3,cef4b408701f4aee,True,
target,scab,data/pp2020/images/Train_1728.jpg,141278,71768a286c5c9d03ba3437f0beefc7b57900c8094f9e8178c43af870284b983e,2048,1365,RGB,3,d2e629fe1149ed88,True,
target,rust,data/pp2020/images/Train_1729.jpg,216072,ae74f354676be6f1fe248fc3f55399938272d0b835dfc74d7a2d4c10e362ae3e,2048,1365,RGB,3,ef6d8576095a5982,True,
target,scab,data/pp2020/images/Train_173.jpg,234838,c635d18172867e7188233ded4aed59d4fa29eda749b005ad90efd0fd63e7b510,2048,1365,RGB,3,c5b9951d76c5300f,True,
target,scab,data/pp2020/images/Train_1730.jpg,212039,731a5e610b02700536c3cc373759175b8748b8cdd6e0e1bf7713905d12b99586,2048,1365,RGB,3,c46b360f8839ee3c,True,
target,healthy,data/pp2020/images/Train_1731.jpg,212695,70a5ede274332758c374636c054bbdeedacefacf9184754b7b7acf5a38ad38b3,2048,1365,RGB,3,e8ec4df75670502a,True,
target,rust,data/pp2020/images/Train_1732.jpg,174202,0ad4cff130e9fecd93ba16818726862cbd6bba9fe4ef14d759c64319af16ee21,2048,1365,RGB,3,88d5cc6b672d3394,True,
target,healthy,data/pp2020/images/Train_1733.jpg,313859,56fea94339894ef9d36345b57562e02b861c9967a64de4915a7ca05f4716132d,2048,1365,RGB,3,eb6b82ebd481d815,True,
target,healthy,data/pp2020/images/Train_1734.jpg,167404,24e736c143411ae67ce676e1187dc19359e1ab82a9719e77398e3f62b6291042,2048,1365,RGB,3,8bacb5ce9c9ad092,True,
target,healthy,data/pp2020/images/Train_1735.jpg,388114,473f18c0eae445cfb11c209c4e1efbc749ea1d06d33bbd0e08c5667b53cdc690,2048,1365,RGB,3,c64df4a18e1afa07,True,
target,rust,data/pp2020/images/Train_1736.jpg,178607,7ba4864d58faf1ab64f9584cdaa87b8dc16933ccc3a5ac8aa3646d3b8c62713b,2048,1365,RGB,3,97a3789e815c8fe0,True,
target,scab,data/pp2020/images/Train_1737.jpg,151790,8c3b90f35ebc686f59bbceab6d3aeb16258c3765bd6d1900a9270220d12b92a7,2048,1365,RGB,3,c93e968b05f113f4,True,
target,rust,data/pp2020/images/Train_1738.jpg,147157,b6d2a6da525102e6087114f5dbd4d3e50fc0565fdd0695ae4e250fcad6e733b6,2048,1365,RGB,3,8ae697e621956571,True,
target,scab,data/pp2020/images/Train_1739.jpg,257821,59fc40212a0ac9995ca974c21cb6175d356256fe4cd2c0d51bd6e998060d2527,2048,1365,RGB,3,dc716f83e13aa50a,True,
target,healthy,data/pp2020/images/Train_174.jpg,278322,e761bc9d60deb289167be10032275948c9fc479b03b8f2783c9663df16bb0d80,2048,1365,RGB,3,be11c49bf77a3240,True,
target,rust,data/pp2020/images/Train_1740.jpg,254904,9d1238bb94576088e812ca9458345740b874c9632688fb1338384c1d5ec9f4af,2048,1365,RGB,3,c340b56991c96bed,True,
target,healthy,data/pp2020/images/Train_1741.jpg,350668,9774dfef1eebc0e4f650ed3b373a42a47a933108359d583bba97b3a6de4fbda1,2048,1365,RGB,3,8cc522f99691f54e,True,
target,scab,data/pp2020/images/Train_1742.jpg,254246,bb6de06f9d3289545c95b336818d70d7b4e35920cbb1dcf2a215599ac1fa2289,2048,1365,RGB,3,b95624b8d1a79593,True,
target,rust,data/pp2020/images/Train_1743.jpg,218022,37fe339de94d4a54613454f615cd571f7b1de96f85d7092e4c747eed1424c795,2048,1365,RGB,3,ad17c993cd30c61d,True,
target,scab,data/pp2020/images/Train_1744.jpg,227785,dbec31dbb56a52e765da3e2ee1ca905524e268846b584f023698d9c417b548f8,2048,1365,RGB,3,e0a1f69a427987e6,True,
target,rust,data/pp2020/images/Train_1745.jpg,212489,bca14388402e27b244d76d7139f89e6e0db9ef8a21ffae4c7f35b5d5a89f0ec5,2048,1365,RGB,3,f708e6c991e74b06,True,
target,rust,data/pp2020/images/Train_1746.jpg,236548,0b5be7f39927717d1532253054afcae301eaa475405715bffe31ea5fae84d0a4,2048,1365,RGB,3,cf26309b627133d9,True,
target,scab,data/pp2020/images/Train_1747.jpg,226777,329b0398f4cee3d5748fbfe20ac1f460ff46ece3a7fc5ce7abad041f507d5a8a,2048,1365,RGB,3,f6f290dbc1bac150,True,
target,healthy,data/pp2020/images/Train_1748.jpg,255798,2b831dfb3153025527b26f1ce1eac55d4d95a87d2832435c9a7b2beec9d12e73,2048,1365,RGB,3,bd742b88e4dee403,True,
target,rust,data/pp2020/images/Train_1749.jpg,233150,d9e6b8fca1538f60002dec7a89b137fba156ec0bc0fd055332bf54b20b3f59f5,2048,1365,RGB,3,ae792c8460b8e96f,True,
target,healthy,data/pp2020/images/Train_175.jpg,331903,b6867bbe7c7c95a38e0e4f87218d1ed4f7bc7f214a4c57cca0e87eb55f479463,2048,1365,RGB,3,ac13b3c76b64630b,True,
target,healthy,data/pp2020/images/Train_1750.jpg,173434,52224361b25846d9284836046c55d3e4ef74c247ba1a2b2465c7b375b8a5871d,2048,1365,RGB,3,8b5a3958e66dd225,True,
target,scab,data/pp2020/images/Train_1751.jpg,233414,228739b8fd56318c53da28dfcee1bf89bca5339f3e452ab8fdc395482c382f16,2048,1365,RGB,3,81433c83eb3f5c71,True,
target,rust,data/pp2020/images/Train_1752.jpg,245124,aa4f4c77c1add10012f079b70aea23b43c82e8771b480d558bc8c52d9551dec5,2048,1365,RGB,3,a4e131f27246eb35,True,
target,rust,data/pp2020/images/Train_1753.jpg,223241,17e3078cc46e79b5003d7f3ef74770e4cd2311988246b55295399405edba2912,2048,1365,RGB,3,cf853579724b4a4c,True,
target,scab,data/pp2020/images/Train_1754.jpg,210787,8c65ba5d344266739f507c0ace1533b55430f88c7bab2746f9e3bce7ddd4bcdc,2048,1365,RGB,3,edc287c3cccc1ce8,True,
target,rust,data/pp2020/images/Train_1755.jpg,148932,916577b76ac7fd2aac3cc59c9c8619a2173a2130a25103de1d7e4efe76740d37,2048,1365,RGB,3,fd27bade43308f00,True,
target,scab,data/pp2020/images/Train_1756.jpg,208143,a8ed01428854c0ca468b2b33258b98c08099268146dcb1ec7373337061d66355,2048,1365,RGB,3,d39520876f1f225d,True,
target,rust,data/pp2020/images/Train_1757.jpg,174966,c8eba09df7cd5d1f0f6ecdff6a444a868ac8632b3e38d48b9094eceba077faf4,2048,1365,RGB,3,a7c6c9213ef30e91,True,
target,scab,data/pp2020/images/Train_1758.jpg,143348,830dd5218802e0351ff841657f555340a4ea873d5fe149f0e9ba350255b10a21,2048,1365,RGB,3,b550d2c04b1ef7f0,True,
target,scab,data/pp2020/images/Train_1759.jpg,174229,9e169ee77710a1f1d024f2a98d9971acb628d0119d2df6564546ec3a09cb07e8,2048,1365,RGB,3,c0ca35af7415e13e,True,
target,scab,data/pp2020/images/Train_176.jpg,173987,a749950d4b5e67bf560b59b905a38f67655c01039c8c6bb1316735ad4d562d1c,2048,1365,RGB,3,cf8500f4e3c756a3,True,
target,healthy,data/pp2020/images/Train_1760.jpg,229716,07617f839ec6199101249f0844bbb6a836f754a893436c101b85844a55c0d00e,2048,1365,RGB,3,fc1f483f212347a5,True,
target,scab,data/pp2020/images/Train_1761.jpg,193968,9f042a39e99aa65c0c4d68cc5c0ad12915f3563c7c5fb52ee927f28e01e0f5d9,2048,1365,RGB,3,f29497d7820ada4d,True,
target,scab,data/pp2020/images/Train_1762.jpg,181392,ad9ef2291e7f2c59fa9d62ad098c91b4cd413aa69080a299edaf113df8fe789f,2048,1365,RGB,3,c53794ac15e2ae5a,True,
target,rust,data/pp2020/images/Train_1763.jpg,158957,b555e5772079265596961380111a54411feadafff2d827445ee8eba1eb550de1,2048,1365,RGB,3,dc4edc25c882e55b,True,
target,rust,data/pp2020/images/Train_1764.jpg,188931,16afe03aa13109411452ef9b38d65b43d1f0d90cf28e584c17c962104a1ee0b2,2048,1365,RGB,3,89afafc40142e36f,True,
target,scab,data/pp2020/images/Train_1765.jpg,201325,0679d54917c0d6767670ce14adc103cfcb61f44876f42d873709b54c90161cfe,2048,1365,RGB,3,8b3435e49947d1ba,True,
target,rust,data/pp2020/images/Train_1766.jpg,184834,a3c55da77591d47de54f3f4a5479353c0282335197580a648a7ff3c361dc5686,2048,1365,RGB,3,aa19152955afc1ed,True,
target,scab,data/pp2020/images/Train_1767.jpg,165389,f1450c5c3f00f9ff190cb256f512b3df32468f592620d23ca9ebd27721c03807,2048,1365,RGB,3,e87111755cf04ecb,True,
target,scab,data/pp2020/images/Train_1768.jpg,223480,fac40214b13d4ed66b816847ebbc626fdcde540af699171cf50377e39a6eeaf0,2048,1365,RGB,3,9101905d0ffdff06,True,
target,scab,data/pp2020/images/Train_1769.jpg,197634,8a1e091fd239f137eaffff0d7ca23240fff5aa271b9a009a6730b8d680be66d1,2048,1365,RGB,3,a0c0d7d791777449,True,
target,scab,data/pp2020/images/Train_177.jpg,206383,fbd9f16b54fb0a7f9017481fb9db972a95826078e4c3c685e50b2ef48ba2ea24,2048,1365,RGB,3,8da4668c696bb639,True,
target,healthy,data/pp2020/images/Train_1770.jpg,337337,76e664c59be1e5a8a09e77e457c924db5f8935c663b762d59e01f4796b62fd95,2048,1365,RGB,3,9e296d652636c3d8,True,
target,rust,data/pp2020/images/Train_1771.jpg,153255,f2d52a2102eaa0f9c45638cc345b6a709b46f9005d552c8e6f265766029201cd,2048,1365,RGB,3,f66d0b3979709283,True,
target,rust,data/pp2020/images/Train_1772.jpg,190366,f7e3a86fef034c255ef4684c8b8fbd491c9cd206794e05b46b1ae02deb1774cc,2048,1365,RGB,3,cccb15a3875c393a,True,
target,rust,data/pp2020/images/Train_1773.jpg,266162,e078c5619a37f76c41610231349eac7e21848e697b4655301fac7165ae4c8e0e,2048,1365,RGB,3,951f7ba97243cc12,True,
target,healthy,data/pp2020/images/Train_1774.jpg,172814,e83b19451b929c8aff0525cf3236a49f0e1b5463bff56770e0097ebb0668a752,2048,1365,RGB,3,c2689c27d9be0bb1,True,
target,rust,data/pp2020/images/Train_1775.jpg,167260,b2b73cc63566aafc2530e74cd1265a409ae165b090deb71519c9f3373a7a5d3c,2048,1365,RGB,3,b1246d5b6163ea63,True,
target,healthy,data/pp2020/images/Train_1776.jpg,193914,07f172db81e1361e6c2cad9b237af835f2dd42f57b2fc46958150bbc161bb98a,2048,1365,RGB,3,e04bc7155c93751b,True,
target,healthy,data/pp2020/images/Train_1777.jpg,189183,7d0c40201ec6ddff5c11ebce9290ca1a8eebd038dd88a1330496ad16b97f15c8,2048,1365,RGB,3,fc1c90989fcf990c,True,
target,healthy,data/pp2020/images/Train_1778.jpg,219245,e0e5773ae7373596bb696b558cce4e7c4f6a0e9f0c219d70d5881a94c52e1427,2048,1365,RGB,3,c10e75caf327cbc0,True,
target,multiple_diseases,data/pp2020/images/Train_1779.jpg,352934,eb88328bfe89430185b8879c824b86d40403503d5323c13d4cfdd215db1f2740,2048,1365,RGB,3,d762ad9c1ae680cb,True,
target,rust,data/pp2020/images/Train_178.jpg,149322,f61d5928c2bc62b3311fd0337681d002321f43143b417f5cec816a5b15d5fa00,2048,1365,RGB,3,cce474c3c39e1596,True,
target,multiple_diseases,data/pp2020/images/Train_1780.jpg,205430,0b5ba2cda89460c8b4479b55a043381ee636e4f30a9d717d0e761f13d852226b,2048,1365,RGB,3,d0b734f1bcc1981d,True,
target,healthy,data/pp2020/images/Train_1781.jpg,218147,badad3dc1460ce1671e03ce327fcb39fbf6b7d38ceabf86097b00d9df46afae0,2048,1365,RGB,3,bbe02d3cdcda6310,True,
target,healthy,data/pp2020/images/Train_1782.jpg,255922,710de276b1a399776d4e9e3428fd5704e16b4a2f1b3da3875b41e16aeef808da,2048,1365,RGB,3,ff7f94a042054ad6,True,
target,rust,data/pp2020/images/Train_1783.jpg,327600,04fccca00ad3abc66ef0a3f29d9e57ad33ccc626e0b4f831bd13d52fabced5ad,2048,1365,RGB,3,97e760c0cf3a6887,True,
target,multiple_diseases,data/pp2020/images/Train_1784.jpg,218741,0f87c49afa40fce7f243654f08f000cf5b47a6ed3c7aa62db58641714258ca31,2048,1365,RGB,3,ea94c3c189471fae,True,
target,rust,data/pp2020/images/Train_1785.jpg,210619,444fc2aa0f536e08e13cf87e52fd4970c06a31c4f454c4023109c9a96d8a42ba,2048,1365,RGB,3,ee63508766fe62c0,True,
target,rust,data/pp2020/images/Train_1786.jpg,251494,8d20e53cc7ff677833e0672da2b24335f5c11a33d64ce40b6dc79f052b0f2fd0,2048,1365,RGB,3,94da5ebd8646506b,True,
target,scab,data/pp2020/images/Train_1787.jpg,171907,ba966c4bc17d7f4d07f355f91b61e567c6a3c581708f307b62ece8135df3c1cb,2048,1365,RGB,3,de8e0209fffc6043,True,
target,rust,data/pp2020/images/Train_1788.jpg,159098,94757c8ca98ad1409464d77eaba4c810b2f673342e99ffb8e06e03ca6e14b2e6,2048,1365,RGB,3,a5c9d1d96a336463,True,
target,healthy,data/pp2020/images/Train_1789.jpg,289261,ec8d45e1fe18395529035bd52bbbae11e6e3e5b933395a0fc1963fa7dfa8bc5a,2048,1365,RGB,3,91792ebd879601e3,True,
target,healthy,data/pp2020/images/Train_179.jpg,344647,2235f1cbc76471cdaf31b408a87cc5a692d21c17abbb14cdfe5f0754674c3ee9,2048,1365,RGB,3,e5c7a15f30725a38,True,
target,rust,data/pp2020/images/Train_1790.jpg,216789,87a7aa7178d4d218833edd2814ccc4d98d91d362c9dbf6d55e8a43f4aa4890fa,2048,1365,RGB,3,f6eca029879b5e30,True,
target,rust,data/pp2020/images/Train_1791.jpg,145852,37b108e2811cb77cd067f2c08dc34fa615f8467412f58213fd4b3b2c56fa4d87,2048,1365,RGB,3,ded76497102790e6,True,
target,rust,data/pp2020/images/Train_1792.jpg,188361,c9e3536a6e3a3c22080df2dadf179b41b19b9560cc3e6097af179b475a76a110,2048,1365,RGB,3,c42625cd531f33e9,True,
target,scab,data/pp2020/images/Train_1793.jpg,234016,5547665cf67eb1326bab33a924c6d7134a369c478f71ebcf7b0ef1aa6c5013b3,2048,1365,RGB,3,c5ed8d87424a3d9a,True,
target,healthy,data/pp2020/images/Train_1794.jpg,182378,c576524744db9c70958ccfd80758634b5895a080cf3c74cfc2fba6b843868283,2048,1365,RGB,3,ce037843d697e583,True,
target,rust,data/pp2020/images/Train_1795.jpg,220275,17ad030fba521c7355294e57d4cc6cecabe7b807faa463df3f4e2333995728ef,2048,1365,RGB,3,c7b440dc95656f92,True,
target,rust,data/pp2020/images/Train_1796.jpg,190703,f497df603bba5cc6f358a878fbd4b69e2766ee29aa448a11b496b0f6d765df66,2048,1365,RGB,3,836d1ac6ca35dd92,True,
target,rust,data/pp2020/images/Train_1797.jpg,189133,d0cfd07b4d0e54b0935709d2b36296416f61479b69403e3c71b115b53a0a82f4,2048,1365,RGB,3,931c5a9c786b823f,True,
target,rust,data/pp2020/images/Train_1798.jpg,191355,c9f6d5b71ae8cc7e92565aa919daa6bc7033475519112b77a74faeef4c1385c2,2048,1365,RGB,3,d0b02a1ad0dd7b9e,True,
target,healthy,data/pp2020/images/Train_1799.jpg,269215,896b697e192a6d629c75ffcd5746c091163b7875e004d9f7fe3d28a7963db583,2048,1365,RGB,3,ba2ac5749972da31,True,
target,healthy,data/pp2020/images/Train_18.jpg,214641,b5f50671ca549e526a80febec637a95c8fbd6418b925c082db4211c2c568e849,2048,1365,RGB,3,aac9d08dfd2e6445,True,
target,multiple_diseases,data/pp2020/images/Train_180.jpg,217325,998bda1749edb1057e0ca3e58aaf3d0852642f8cf759f09cbc96c50d6fc8461b,2048,1365,RGB,3,d03fe072c99b26cc,True,
target,scab,data/pp2020/images/Train_1800.jpg,275290,ec175a95d517610ee7f799f3fee044c2ef52e40589e2de6a8e8ccab19f8a8454,2048,1365,RGB,3,eadbca8b9d04307a,True,
target,scab,data/pp2020/images/Train_1801.jpg,267604,e73d7e9f59134862082f924f223d6ffebdfef4c5fbaf744b176024422351d2aa,2048,1365,RGB,3,aa5c8c46e5de4f82,True,
target,rust,data/pp2020/images/Train_1802.jpg,313184,8c334aca86e9745b29c381806c4380e97fd5e59b0de466f1be50ec6ad74eb3ac,2048,1365,RGB,3,838397476a6b323d,True,
target,healthy,data/pp2020/images/Train_1803.jpg,180589,21350e3a10e2cd2a6a2d450c5cd5d7ed651edb053f1164730fa30eb3dd735c6d,2048,1365,RGB,3,e92e817c8f20de33,True,
target,scab,data/pp2020/images/Train_1804.jpg,221913,813dfc3b37a3e18b76f397406b67e5475a76ea22e745ea5cf8756cdc5367ac1f,2048,1365,RGB,3,aa2ab49fb4856ca6,True,
target,rust,data/pp2020/images/Train_1805.jpg,330760,4186e5141653f306f92cef7cc6d27ecce7a60e98884c3eeac7f2b5a41e33fcc0,2048,1365,RGB,3,969cc393c3526b1e,True,
target,scab,data/pp2020/images/Train_1806.jpg,217111,50d2f839906e556de80d8d3d04332c606e1a85b249e5594ff5ef8f8b4d2f0944,2048,1365,RGB,3,cd9c357126233c73,True,
target,healthy,data/pp2020/images/Train_1807.jpg,236312,90cfc1f90e3f240b1adc49690a40095f549e0e3efb1e2d9653ca59cb4eeb7a87,2048,1365,RGB,3,8feb2e45b58dc290,True,
target,healthy,data/pp2020/images/Train_1808.jpg,169530,2d27f7cd4f1e09d520bbe7f99973b137f8b01f737c1758cca08c5aed4f4d6b67,2048,1365,RGB,3,f3b072d896362dc8,True,
target,scab,data/pp2020/images/Train_1809.jpg,172954,6dec5c86a61eba55224b2b94c9cdaab6a72d3b7f7f9f589e9ca96e5cea192449,2048,1365,RGB,3,ff1cc01f07956ec0,True,
target,rust,data/pp2020/images/Train_181.jpg,166964,21a1af0485728c6572da343df95e1a15c37333672114c14007d5df3330ca9f94,2048,1365,RGB,3,bad6cdcbc493a064,True,
target,healthy,data/pp2020/images/Train_1810.jpg,262850,8a27c1029d2c97b48939d632a798b065833e2e4a3e1a087ee61456a768c12817,2048,1365,RGB,3,ffbd984b11193710,True,
target,rust,data/pp2020/images/Train_1811.jpg,228827,10ff084c1b173b2f28daa540974c81f5c2ce384e9e9d18c9483f133ec383ded4,2048,1365,RGB,3,9924d1727fd32c86,True,
target,scab,data/pp2020/images/Train_1812.jpg,220157,98c2875aeb30fbc2dc45f7b40a17a536898dc53bbfc3de2d272c5502cc76760b,2048,1365,RGB,3,d442dcbc7b0795e0,True,
target,rust,data/pp2020/images/Train_1813.jpg,260887,405dc1d792a8de754a2a9fd7f16680f2ed0f154b6e8c1f73230af8c1bbcd5ea1,2048,1365,RGB,3,bc3495f24a69176c,True,
target,healthy,data/pp2020/images/Train_1814.jpg,151347,8695caf4508a97c40f77a3e353d9d0a7b1b14afddb4b4208baa410781bd5b287,2048,1365,RGB,3,f8c38fcaa8a92365,True,
target,multiple_diseases,data/pp2020/images/Train_1815.jpg,220567,12e44c0fcefe61dea158e78df8447e7c9c274aedabc87ce0fefd77815cdbf71f,2048,1365,RGB,3,c51a77312e5634b6,True,
target,scab,data/pp2020/images/Train_1816.jpg,260607,a1f30ea7302d890ffb628a11f00ffde883b94e4e958e3a752e45a58a16064b5c,2048,1365,RGB,3,d4f04a1ab5e0f03f,True,
target,healthy,data/pp2020/images/Train_1817.jpg,298641,0380d310338237c4e7f20e15c15e4745f7175e664c9b8c0d2115c44cf4c09626,2048,1365,RGB,3,be11c09bf77a3260,True,
target,healthy,data/pp2020/images/Train_1818.jpg,180486,ee3793ebda59570218a01f86b8bceea90e13ffcd276bfce7e798b8c591fd169f,2048,1365,RGB,3,ae7ec039c3d82f81,True,
target,rust,data/pp2020/images/Train_1819.jpg,233514,fae01288284f0e7de74e8f7991073a80b1dc3d7967c6b93ce471aab42742a240,2048,1365,RGB,3,c4d29e975a83ab43,True,
target,scab,data/pp2020/images/Train_182.jpg,137095,53f6382649d3e20fe841e72524eef4e55ef793077a783dae48903384dca13d0f,2048,1365,RGB,3,fa2891e83d877a13,True,
target,scab,data/pp2020/images/Train_1820.jpg,182837,3d1b91ca06d928624d0f39aa6ff7bc98b21bebffef87b6f0e685f4ecc0395029,2048,1365,RGB,3,9c8b6a70be6d40d5,True,
target,rust,data/pp2020/images/Train_183.jpg,332308,ad29439f2140b8bae05d8cb92de8d4b60cf150c4844fad01d428268deb555370,2048,1365,RGB,3,ae8c83b6a64554e7,True,
target,rust,data/pp2020/images/Train_184.jpg,234024,2679005f2d6de9a5a78d3f57d9ca68d727d2203a64dac2e2b2ff9016ce63f588,2048,1365,RGB,3,febcf402821ac13f,True,
target,scab,data/pp2020/images/Train_185.jpg,233474,7b0633ebf2d67bc76a691c1e7eac79e5f911d24398d83d944a723a3b09067ccb,2048,1365,RGB,3,94362a8abe3552fc,True,
target,scab,data/pp2020/images/Train_186.jpg,248951,1dd149c1fd316f8ec423e4fd266806f228da44298f4a03f007c9f8a8917ec569,2048,1365,RGB,3,f8077ef407f00f81,True,
target,rust,data/pp2020/images/Train_187.jpg,331584,066c22696424ba0bf3bacedc73e3b09f63578fff6e763b8f20a4c5998ce18103,2048,1365,RGB,3,b940e6265f8b46ab,True,
target,rust,data/pp2020/images/Train_188.jpg,212813,289bcd4a79af9c2c676b9dcadf2fe05d67df52c30dd1b2a327f216af8b99b4ff,2048,1365,RGB,3,a5d449e56c83b29d,True,
target,scab,data/pp2020/images/Train_189.jpg,317402,58996b6aba5c32eea23c97e801a8036a7f300671a820b4968458d0c22a4a84da,2048,1365,RGB,3,93182647cc9cdf69,True,
target,scab,data/pp2020/images/Train_19.jpg,157650,0e4e23c80b6bba8b7cb8e07bbe3f26db5675303776c4e15c5a9359e02e0a61e5,2048,1365,RGB,3,cb9a43e84760adc7,True,
target,scab,data/pp2020/images/Train_190.jpg,160573,c3dc1a664e87e45521ed3cdf74420f6f96cc4db10d643f029cc3af868c355e0e,2048,1365,RGB,3,9a9e7cd8c80bc947,True,
target,scab,data/pp2020/images/Train_191.jpg,173454,c0e553dfeda6705c361ff828ed098aea4b3ac0eeb2f35746e016d5bdf7466a72,2048,1365,RGB,3,de272d838533543e,True,
target,scab,data/pp2020/images/Train_192.jpg,184128,650f061a9ccbc8cf8c74a365fde84445ab28ba1b3c5a0965ff04182709e884f6,2048,1365,RGB,3,c21a3f64f883d396,True,
target,rust,data/pp2020/images/Train_193.jpg,211746,3678352ce630324e07e506e5e38aee08097ad345ba4e00ef0d23b3f8f4829009,2048,1365,RGB,3,87851bc59ace671a,True,
target,rust,data/pp2020/images/Train_194.jpg,251121,1cf510f4ec7885b8446d1bb97ecb803bdff1c7682dc2dc1746809266b4ce41b9,2048,1365,RGB,3,94302f96e10f3b6b,True,
target,healthy,data/pp2020/images/Train_195.jpg,191142,d5855450325a2aa43dd78f857faa0bf22114af62a18af6caf6cc117bd7d4069c,2048,1365,RGB,3,953bb59384c7a564,True,
target,scab,data/pp2020/images/Train_196.jpg,191149,6619c21d88fa8560bcc8c74b64dc1fdb5b7ff08a71c297691bc432e3a243a3d4,2048,1365,RGB,3,e943cb868f3e807c,True,
target,scab,data/pp2020/images/Train_197.jpg,167353,a197f0c1c54947c4a51593e6f161f7f2f0c7a29b4acbc7af05c463e9b7e6d593,2048,1365,RGB,3,9af02f0d226ec67c,True,
target,healthy,data/pp2020/images/Train_198.jpg,254485,77a9c37a53169387c748666407d7731b2b8183b20cb428a3e64e64e93ad1b80f,2048,1365,RGB,3,a24b964b5bcd6994,True,
target,healthy,data/pp2020/images/Train_199.jpg,327290,1eca85a41dde1de224f696d7f9504c09c4785d925569402394d09e64126d0085,2048,1365,RGB,3,bcfebe4c60242743,True,
target,healthy,data/pp2020/images/Train_2.jpg,183881,0d9e5a81885ac51c9bd2e8a1e82ecc9923b41c9574fdb5d9ded248bcac51d843,2048,1365,RGB,3,a534a579636962d9,True,
target,scab,data/pp2020/images/Train_20.jpg,166771,d756196a783cec2a85b230a17d0c29a554d85392c12b852d3188c6a0acf2cf32,2048,1365,RGB,3,cb4ba35781e2c0f5,True,
target,scab,data/pp2020/images/Train_200.jpg,145922,23056d4734541b0c5056045c59633108c6ead41111a4c7b89004013e77178950,2048,1365,RGB,3,a8b0d492acad7c5e,True,
target,healthy,data/pp2020/images/Train_201.jpg,166075,b4c3a93079942ab643b3d49bfa98d87fe544ceeeee7430aa87bde8a8c373b9a8,2048,1365,RGB,3,e7bdb0e053eda048,True,
target,rust,data/pp2020/images/Train_202.jpg,201685,179d4ff46772fb07ca9673e1de9deb3b6f130fb2e45991b76d19bd93658618e7,2048,1365,RGB,3,abf7d722c15502ca,True,
target,scab,data/pp2020/images/Train_203.jpg,227345,2f4b65d90f5a0ed8e175f4d5470e2c4efc542a14ce37e9519ae3ed9bce9aa8f0,2048,1365,RGB,3,8c85b89ccfc8ad6c,True,
target,scab,data/pp2020/images/Train_204.jpg,169631,1f9011fa4e6258a2c5da95381c06b75dba390381a79b18f550593fdc87677eed,2048,1365,RGB,3,b5774a4aa9cac4b4,True,
target,rust,data/pp2020/images/Train_205.jpg,232516,49682a02cf756439c922c037af33b91e49d9b6c7ae251db5f581c1b00611e988,2048,1365,RGB,3,d54aadde341292b3,True,
target,rust,data/pp2020/images/Train_206.jpg,351831,fb1abc4d06da0865c0524f152df8c982740a64ac80b908329e6538039e52a811,2048,1365,RGB,3,8d4c3e7bc3ae8c88,True,
target,scab,data/pp2020/images/Train_207.jpg,166785,cc2916625517fb165930d3b804b179ba6f5049522ac6f3132fc740d72ebe78a5,2048,1365,RGB,3,d3e030ed9019fe59,True,
target,rust,data/pp2020/images/Train_208.jpg,220927,c59c25798268983fc9b36b367df6c92edecb308191445098b798e4c920bdd749,2048,1365,RGB,3,a9ed31c398d94b0d,True,
target,scab,data/pp2020/images/Train_209.jpg,189152,5085a77fd42e7ebc7194b557f25553ab57b44058b70acbaf2775285cc9b9a002,2048,1365,RGB,3,dd8af5f420056f70,True,
target,rust,data/pp2020/images/Train_21.jpg,238992,765022f8d3f036bed45e36fde3162e62980b282f271a9b8edf594eb0f5eab48e,2048,1365,RGB,3,98901078eb81b7ff,True,
target,scab,data/pp2020/images/Train_210.jpg,196247,9f4269c0d2ebaab38b7bf2b506e47b0b027984e0611aebb49aba440cfa1a70e8,2048,1365,RGB,3,e77ae66896241aa5,True,
target,scab,data/pp2020/images/Train_211.jpg,214195,b69780bad217906a0bf87e3489e1cd2d49f6cadfd0416ab084ec1252dbc41138,2048,1365,RGB,3,df0b6af55489121d,True,
target,rust,data/pp2020/images/Train_212.jpg,157146,09679ff2fdf93c7cbb5a772d7d34b6604f7fa37f279d14048a622c6923e3ccab,2048,1365,RGB,3,c03ad89827dea96e,True,
target,healthy,data/pp2020/images/Train_213.jpg,141553,30728af72944595350348548be82d39172fb29ec0fc91759fac81c3456a8d271,2048,1365,RGB,3,a92190f0cbd24def,True,
target,scab,data/pp2020/images/Train_214.jpg,280408,4b7f18b1bf21cdb7f7cd87cbddc7311f9b0de46f5e4f8d453bc264d7eae04d0a,2048,1365,RGB,3,fc7868c841b0ff29,True,
target,healthy,data/pp2020/images/Train_215.jpg,210243,17f31c08a6ff947f6211034bf0c6901bc2f8d7efd6697c8f0e37cec91d621d6b,2048,1365,RGB,3,8be53c93c59a32e1,True,
target,scab,data/pp2020/images/Train_216.jpg,188349,84e35418c70f14e0471b2ad87cf30ca972804316ee89a5858d06b9d918fe6797,2048,1365,RGB,3,a02968edbd2a6a6e,True,
target,scab,data/pp2020/images/Train_217.jpg,168446,9f4908bb4f73fa5ccd99326546c0234adee8ff2f2b61ac43cc574a99ee7ebb3e,2048,1365,RGB,3,94e9372f45c03e59,True,
target,rust,data/pp2020/images/Train_218.jpg,182709,e6d4c09dad89a6c7f2b5b3982e2047172c40a6f24fcc8c2fbeed2666e034f1b8,2048,1365,RGB,3,9d7238c8a50b4ef5,True,
target,healthy,data/pp2020/images/Train_219.jpg,304660,f7fbe21b9766c080da331a7b85a4bbe016274290ad2f160a3e130c5d982ecd7d,2048,1365,RGB,3,ba0792fc92709fe0,True,
target,scab,data/pp2020/images/Train_22.jpg,385937,d946b7d84c187dd293e2000c8191432c1e33c26ccd04f910dc2e0f105be1c777,2048,1365,RGB,3,d64990f0bd5aab31,True,
target,healthy,data/pp2020/images/Train_220.jpg,199836,295daff252b01d7dffa763b349ad4c55e0da497e9018195678b272e485ed4b6a,2048,1365,RGB,3,fa6b80c1170d747e,True,
target,healthy,data/pp2020/images/Train_221.jpg,360892,cf7bb07687572669eb810e924cc9ab4e0e834cdc8203d4a8708f74f67eb5e658,2048,1365,RGB,3,e6ba43419437763c,True,
target,scab,data/pp2020/images/Train_222.jpg,151582,fbaec3c03ccc60c6c79a604c0fba4294fb962fac1d597698b3f553be420410ec,2048,1365,RGB,3,ddd7f04e48ef0d00,True,
target,rust,data/pp2020/images/Train_223.jpg,262765,7617c94fcd2e94cd901fab07660fa3694bb6a1a8d96adb5d217d70ef34deb470,2048,1365,RGB,3,8c1e1f6ec9330877,True,
target,healthy,data/pp2020/images/Train_224.jpg,284000,a0695a3453bcb57d177cfc4dec2b2d68e9596a89bfe173bd1611d74939e4b843,2048,1365,RGB,3,c91f2cc10ef67691,True,
target,rust,data/pp2020/images/Train_225.jpg,277497,17c6f3206decb0391bc279bbcbafd660588d9aedf6728b64f8caef6296fc1573,2048,1365,RGB,3,ad48ce1e6ad670e4,True,
target,rust,data/pp2020/images/Train_226.jpg,227794,51019de936a0dd6f95fa01ebf19a62a2a521a06af42944e4c2e8a42dea15254e,2048,1365,RGB,3,d407669e43f03373,True,
target,healthy,data/pp2020/images/Train_227.jpg,174788,c7f31c0a20bfb6366753e08554ae27aa2901706cc4dc8fbbada621a98b1812bb,2048,1365,RGB,3,8ab63d2a5db29a45,True,
target,rust,data/pp2020/images/Train_228.jpg,185720,9dc018293bff2b4f1336818571cedab417fdd86e31e077d49d4a24fb66c6783f,2048,1365,RGB,3,9a0ece7b81b8b32a,True,
target,scab,data/pp2020/images/Train_229.jpg,147417,11d14a67f2a2a5c74e5f447c822ad30d47b46ff57b9ee8c8f9a342417eea24c2,2048,1365,RGB,3,944992b94bb7c752,True,
target,rust,data/pp2020/images/Train_23.jpg,244552,ea39de7836c5df9baaad345e5a35d3663485cfdcfe22e7850f73f953201759fa,2048,1365,RGB,3,90d6618fd626f712,True,
target,scab,data/pp2020/images/Train_230.jpg,210600,c707ce7571b5111d20976d5eba4e8fc192c273cf064ec1a7198ed4cfb0608805,2048,1365,RGB,3,82956bd271c1bda5,True,
target,multiple_diseases,data/pp2020/images/Train_231.jpg,160768,6183fd62d74b0bf6ccb4eda48c85f4984352c04c9c707c8f67ddae46ea25fb34,2048,1365,RGB,3,845b4ea19d3259bd,True,
target,scab,data/pp2020/images/Train_232.jpg,135809,88d2186f022eb64d929d576463987dbaf10fd2f5f6ffccb69d1b7a76455c9ae0,2048,1365,RGB,3,9b949195d8ca6cec,True,
target,rust,data/pp2020/images/Train_233.jpg,160451,5cd41b631c0e3106c47943e3febdf9cab6211aa73d4564924da32192f9a58cee,2048,1365,RGB,3,a21b6906be2be3c5,True,
target,scab,data/pp2020/images/Train_234.jpg,320986,3c0de4d4764bbb930720bbe3a1b824b6b955b6c3de7088e54deebcc545e5c199,2048,1365,RGB,3,ae2061decbf2c871,True,
target,scab,data/pp2020/images/Train_235.jpg,216528,41f9854279ca8ff24f6eb8b133bff1ab146cce06876c257f68a1fe89dd55ac26,2048,1365,RGB,3,956b38bcb11f4931,True,
target,rust,data/pp2020/images/Train_236.jpg,234462,56ab20925b560d4f110b7336dd6a5abe3070a84983e7109e133fff2b6e01a977,2048,1365,RGB,3,d60160cf9d37c63c,True,
target,multiple_diseases,data/pp2020/images/Train_237.jpg,210842,47aa64695537af11cdaf56713ca2ea0cdc6127217ada903416eb98bd2fbbb9e7,2048,1365,RGB,3,dfc73884e0e0bc17,True,
target,healthy,data/pp2020/images/Train_238.jpg,229594,5c9a791b42480c7299af7fba12981138f80cdb7a3a5941c6441877c9029ba975,2048,1365,RGB,3,ea4f8b43d1c770a8,True,
target,scab,data/pp2020/images/Train_239.jpg,193370,c54843cc65aeefaf5836dcf8281ab77b4b4e21e07c99c5eb063b43ca930f8452,2048,1365,RGB,3,ac07cc57ec3296f0,True,
target,healthy,data/pp2020/images/Train_24.jpg,430052,569e60695e1ca99da28931a02dbab469e1adbc9c8fd240c929613671a3bce251,2048,1365,RGB,3,a5554b7a4f8cbc05,True,
target,rust,data/pp2020/images/Train_240.jpg,214786,bf845f8fc2145e4f388ae0db06f490b5eab93f9c834406b219028b62ea9d32dc,2048,1365,RGB,3,af1232fbf00a43b9,True,
target,rust,data/pp2020/images/Train_241.jpg,192280,cd5cb34c7c60f9233fed91b7dbb28443b6e777c514a97bc2c7bf52e25937a2a2,2048,1365,RGB,3,fc8580e85eecb938,True,
target,scab,data/pp2020/images/Train_242.jpg,178373,82820b1149a0078b6e788fc1a149424b133160271802c029146dde7078f35d92,2048,1365,RGB,3,e0d564f5362e62a6,True,
target,scab,data/pp2020/images/Train_243.jpg,160980,cf3c68ad903bac69a734c13bd9c36523c1b6f4d10fa209de5e0bb67876e852e4,2048,1365,RGB,3,f01dc7f8017fcf00,True,
target,rust,data/pp2020/images/Train_244.jpg,226212,421faa4d7ea71e93a0bf1e5e0d6923f358b24bfcfa1ac470a31b507bbf658989,2048,1365,RGB,3,b36162a19e3ed81e,True,
target,multiple_diseases,data/pp2020/images/Train_245.jpg,357369,1117da9864111fb5ad3361c79540320312986aac8a713eb5fce463b9b2db69da,1365,2048,RGB,3,d4484e8d7bd8b34a,True,
target,healthy,data/pp2020/images/Train_246.jpg,214338,711ff2ab675ecc54ae126c258334761b14d8b1e64b4c20cb684bc010584b8310,2048,1365,RGB,3,cf61703f832c93c9,True,
target,healthy,data/pp2020/images/Train_247.jpg,132858,3105b3bdf83aa788f09eddddf63359c63f65690b9664c5b922c15c89dacbf8e2,2048,1365,RGB,3,91df7818a73a8acc,True,
target,healthy,data/pp2020/images/Train_248.jpg,198107,02a5267e2beb6dda3ea99761501cdca981e7537e95c9f109fe2b12af3f09ae8c,2048,1365,RGB,3,c7e07e9570db0199,True,
target,healthy,data/pp2020/images/Train_249.jpg,293546,21b8380456aaa201c7aabd3e6e7c78bbd6e6e001101d168d29ab01bcadedf64b,2048,1365,RGB,3,d4b56d6b829299c3,True,
target,multiple_diseases,data/pp2020/images/Train_25.jpg,179758,eacc83ffb6ed4b157bc6c74acdacb7839fe9e643f940d20515a6ff1478a8543f,2048,1365,RGB,3,c5600c7f3d1b9a95,True,
target,scab,data/pp2020/images/Train_250.jpg,206377,4afd1a87f078463f0bb882232c86b63a051efd8223ddc8284630a07cbab6b2d7,2048,1365,RGB,3,896a2fd369526553,True,
target,scab,data/pp2020/images/Train_251.jpg,284326,df45b01fd05f83af1fb8108b573ffe8ca0e9f5b8e4b8f300892f5c66763a6afa,2048,1365,RGB,3,eaa9c8f8c9560d47,True,
target,scab,data/pp2020/images/Train_252.jpg,188544,37e6c87fec488443c52a323f0d0f3931ccfeed0c43408f6af04a21fe84c228ff,2048,1365,RGB,3,9c087ad7c71f0137,True,
target,scab,data/pp2020/images/Train_253.jpg,235969,774c10a41968e63f301909f50c24cf5f91b5c1213b151c68905939f7d6bd3067,2048,1365,RGB,3,fb3599109e7a3262,True,
target,rust,data/pp2020/images/Train_254.jpg,464339,89d1b38e72fce427b6772a124b01f910ce081134d60abf4f18ee130e2410f2e8,2048,1365,RGB,3,e88f11b3c3439cad,True,
target,scab,data/pp2020/images/Train_255.jpg,181902,c1c63d8e31f041f029fcffe3d3fce11cae0b4fdc734675746bd852af42fca9ff,2048,1365,RGB,3,fc31e8b3c8b05de0,True,
target,scab,data/pp2020/images/Train_256.jpg,287799,43b3bfbb81f7c0d433d9007326e3751c7bf5c201f565938c223b23e422f3cc81,2048,1365,RGB,3,fa50381bd1cbd195,True,
target,healthy,data/pp2020/images/Train_257.jpg,168293,64220a5a6c2b4c36f4f7762163e5c58fff2b4331fb9197aefa9d8d313c0748e6,2048,1365,RGB,3,bd80856f6c996ac3,True,
target,scab,data/pp2020/images/Train_258.jpg,218322,a1cc6eb6d66b90686b1297df888590e0c36b394418498c9eb41e02ef251e54b8,2048,1365,RGB,3,b99c60fbc3793121,True,
target,rust,data/pp2020/images/Train_259.jpg,249321,3432d8f27a4367a856e41d5503c4b8ed4103c1820f73a99f4664c12d11bc82d2,2048,1365,RGB,3,afa9c5cb2023f0f8,True,
target,rust,data/pp2020/images/Train_26.jpg,271800,a2a74c5586c0a1d49174f43cca0cc64467d2cde49542d9c43dd7f00646ad4701,2048,1365,RGB,3,e87f687584710477,True,
target,scab,data/pp2020/images/Train_260.jpg,182700,b677db3318c3e8bc4d0e663dc40a2c7211dac162c694938c32143548063262a8,2048,1365,RGB,3,ce1071af9a768d0d,True,
target,healthy,data/pp2020/images/Train_261.jpg,419528,360c223b521760d797682961c6e9afc37625ddc6674311c2ef1b5e179e5886e7,2048,1365,RGB,3,b85a0d27d6d8751c,True,
target,scab,data/pp2020/images/Train_262.jpg,168792,4037a1799236af3b48d410eeac208f5fdea472a57a489b9b53a11db5105b87c4,2048,1365,RGB,3,a62eac242f81b7da,True,
target,healthy,data/pp2020/images/Train_263.jpg,283299,099de8a9a065735b454cee3883faec5d667bc51f41a11482a60cb5ec24e25ace,2048,1365,RGB,3,bb4b963d60226f4a,True,
target,healthy,data/pp2020/images/Train_264.jpg,162043,a4aac20b2f7ee8d15b5c48d57bfb622c57eb2d32b4f728d77680eb1dcbf6c025,2048,1365,RGB,3,a9e591ed5bbc2c10,True,
target,healthy,data/pp2020/images/Train_265.jpg,198883,0785200307a04de944cedf432a27793f45c0ef0d7e616feb70ebed2eca4e664f,2048,1365,RGB,3,bd038c2e1cac73f1,True,
target,healthy,data/pp2020/images/Train_266.jpg,197939,7191bee625c6b9ee7b74cd660a5a2d8b99c108c4a462c93caa55a12d7389f6ff,2048,1365,RGB,3,9f1a1065cb56cf0e,True,
target,scab,data/pp2020/images/Train_267.jpg,156589,bd94bc010208dbb8569ecfbbfc95f47f08b7e092d7ec6602537fdcefffa62f4f,2048,1365,RGB,3,809f6a9decfa84e0,True,
target,scab,data/pp2020/images/Train_268.jpg,231392,f943cb1d15553ab083ad94acc090401c708be22fa4c593ad236224f60475f518,2048,1365,RGB,3,b87fe08087293fe1,True,
target,rust,data/pp2020/images/Train_269.jpg,192434,7a6480ca5c58fdbda4aa87b683149f7a804ae0e36d56ebaf2ce30d1de88727e2,2048,1365,RGB,3,c5283b96c01b7ae7,True,
target,scab,data/pp2020/images/Train_27.jpg,313610,9884c46c659b35b40f88541390ce7d79ecc0d18f0fd2c3cfb4cb33dce8fe1672,2048,1365,RGB,3,98be4307fc88077b,True,
target,scab,data/pp2020/images/Train_270.jpg,149395,fd2aa7afecd4b6c2d599206e855d3da1be65c14b96801131b128caa8d58c08af,2048,1365,RGB,3,c8ca7964cd38a7c5,True,
target,healthy,data/pp2020/images/Train_271.jpg,225261,520a8e810f54a90597b51b018b424923a685427be1c0430048258746c0599d34,2048,1365,RGB,3,ad5265a3d7238762,True,
target,scab,data/pp2020/images/Train_272.jpg,271563,020adaadc5937af1eea60e8be507ea99e282db3d9d2ca6aea603ba567e6a7e77,2048,1365,RGB,3,9e2ee16c70251ba7,True,
target,healthy,data/pp2020/images/Train_273.jpg,267981,6ec21cc611dbd007a4afe9b106ec0e5c89c29072ff47483099cfa3bc3244606a,2048,1365,RGB,3,d4ab666b9505cba4,True,
target,rust,data/pp2020/images/Train_274.jpg,165203,1c796fb84e0ee55968b5d00c1cc5c7eac7904d5e558539f81a5469d9bad80cb7,2048,1365,RGB,3,f1a4e1e483988f3e,True,
target,rust,data/pp2020/images/Train_275.jpg,150682,0f79b6a0264df5dbae7334f8934ffc3dfb5a56519d56182975974cf3cb3ecf47,2048,1365,RGB,3,ada5969615809efa,True,
target,scab,data/pp2020/images/Train_276.jpg,166919,0aab0b02cb1076c871a938002073c678d5243690ee4f021f17d5e609a806d241,2048,1365,RGB,3,8d0d2b83c378aef4,True,
target,rust,data/pp2020/images/Train_277.jpg,156428,9016bc8c9775e0772aef552f515c717af8d8a906ecb1d77cfc733dda98167aa0,2048,1365,RGB,3,9df49586a56e2c98,True,
target,healthy,data/pp2020/images/Train_278.jpg,177742,d0dc97719f1a5b21e70d1aa1651d7c07fe2ec32dbbefbbd84ffcbe8886e69572,2048,1365,RGB,3,c82f306b859bad36,True,
target,rust,data/pp2020/images/Train_279.jpg,233759,c14f1ca1adc007d0c532119676e44db8007f900eb14212253fb6e1200227b1be,2048,1365,RGB,3,872135cb90bc79b6,True,
target,scab,data/pp2020/images/Train_28.jpg,141345,77ef00e2764f33735063cb28c1c07edd3252a40cebf712a5ff46feccb57b6c1a,2048,1365,RGB,3,cba68769e08d3e98,True,
target,scab,data/pp2020/images/Train_280.jpg,176409,d3789dd2bdda849dbf691c247b6ae987601f40c8ed8ae360f60dd10786beaddf,2048,1365,RGB,3,8b5a854f527c3d2c,True,
target,scab,data/pp2020/images/Train_281.jpg,250512,8d34d08f808033911443457c5495045be5c580fd6461366acb9a61b1f0c718c3,2048,1365,RGB,3,e65919192d527ab5,True,
target,healthy,data/pp2020/images/Train_282.jpg,224494,213c2551fc9dcf2ee37a4b158aac0b0a5b3c375a01f86bd2d544bb461dbdcb40,2048,1365,RGB,3,be50f53a9629624d,True,
target,scab,data/pp2020/images/Train_283.jpg,153920,a7f09fb29fe92c6246b68d1df2be6dc835f6cbea9aa04dfdb6c331499b4d5392,2048,1365,RGB,3,addaba85311ec931,True,
target,rust,data/pp2020/images/Train_284.jpg,186740,71fb2f02019074608cac4efe9b5252deccfd127d4e9d458916e08c603d66a200,2048,1365,RGB,3,8025573b9a989bdd,True,
target,rust,data/pp2020/images/Train_285.jpg,213786,1a53750433ff918043b1c0b5de3c090009c6be38287045b27c831e47f6402654,2048,1365,RGB,3,bf3d819ac0c3dd0c,True,
target,rust,data/pp2020/images/Train_286.jpg,153468,36e3d23ff18cefac34768dda66c2fa2e766f2e13068dc7dddaaf28fac87a85b0,2048,1365,RGB,3,bacf4b8c6a3c3131,True,
target,healthy,data/pp2020/images/Train_287.jpg,315905,aa51cc7914019f61f495be611f252052c2d6604c93facf31a36e951cd4aff297,2048,1365,RGB,3,f0604fd2d2e3a89d,True,
target,rust,data/pp2020/images/Train_288.jpg,128937,aa2db1c2bb3b37d54511f767905a2501facc8d2f91809cdeece140c60a9dfa00,2048,1365,RGB,3,b30c3a9fa0270fe6,True,
target,rust,data/pp2020/images/Train_289.jpg,173705,484b316313a3f63473baa131135472720a867bf4a4670235b9c3230f62431c80,2048,1365,RGB,3,8c539728dbb64bd0,True,
target,scab,data/pp2020/images/Train_29.jpg,172142,4be3020bd24b76b42923d58388c71653eefea17039a8c86f3b7fa39e4b2f6f47,2048,1365,RGB,3,80c92d25d5b71edc,True,
target,scab,data/pp2020/images/Train_290.jpg,185641,d027f9eaf9ceeeb34c6cbcfc01bdc65f52c7d15fd9a8dff7b1e5fb6d65c5cf18,2048,1365,RGB,3,85c0e5cf0c1abdf2,True,
target,healthy,data/pp2020/images/Train_291.jpg,207600,51d7a330299e58899c369694c923777afb9e5f9e7503f62d24b92da664f68dca,2048,1365,RGB,3,e000c78f1df1f933,True,
target,scab,data/pp2020/images/Train_292.jpg,195430,6bd295b2a20e9f77b1aac856d947357483c79ba1972f5a18b5a4c714602e3049,2048,1365,RGB,3,bd2ca8376e12895d,True,
target,scab,data/pp2020/images/Train_293.jpg,189647,ea71b360d8ede8b6ef9d8402c89fc7ab7a0fdef89b65f0ee6d93ae819dfc9706,2048,1365,RGB,3,fcc1839f5cd8614a,True,
target,rust,data/pp2020/images/Train_294.jpg,224721,88a89d9cd62f75dd20a39cdbff490e72fbf823ca5d620aff638e68eff8884ce2,2048,1365,RGB,3,b6c6c2359e9b1499,True,
target,healthy,data/pp2020/images/Train_295.jpg,212931,55704baf8403fb7ac5bb1f3628be90818c648eb4dd53e5c125a6c7ff3ffa50bc,2048,1365,RGB,3,aa5083555fef5035,True,
target,scab,data/pp2020/images/Train_296.jpg,168234,79cf8de868fb41a0576af4a5e781ba01cf95819b63d88d33de066bcd39db83cc,2048,1365,RGB,3,893e65d2d68b7c41,True,
target,scab,data/pp2020/images/Train_297.jpg,338474,65efd4cfce531dbabf0d1126afbb4d6dd76b7c05de6bce61e4eb14d317c99411,2048,1365,RGB,3,955a7a1cb5a074e3,True,
target,healthy,data/pp2020/images/Train_298.jpg,200624,6cb1e2ce72e84afb3b571f21a94ef43038b9723d9eb301d59ff7af2bfbe9014e,2048,1365,RGB,3,b535945696469a6e,True,
target,rust,data/pp2020/images/Train_299.jpg,248399,c3ca29e691223f582aaf8455819896f3d49f97d8fd4a761e72354d1a25c514f0,2048,1365,RGB,3,f77ac00babf3012a,True,
target,rust,data/pp2020/images/Train_3.jpg,183373,a47295bb2cc3270e278b7d8afd4a904ea07dab45d2833d1230fdcca0c1897d0b,2048,1365,RGB,3,b67f48c0de99682c,True,
target,scab,data/pp2020/images/Train_30.jpg,111038,fba9a103b592600f4af7a1da2d408b3a6c83d24110394af5997a683e3e056b29,2048,1365,RGB,3,c0e0699f25d8947f,True,
target,healthy,data/pp2020/images/Train_300.jpg,164650,5e13250046c6b34f6c7d1657d906619ced22efee8b756ff3dbd1c1aaa440c02d,2048,1365,RGB,3,dff0430f2dc38532,True,
target,rust,data/pp2020/images/Train_301.jpg,208193,4f17208953c452329fdd94cde2f720c17f05d5e49b04dc01db1d22f2f960a192,2048,1365,RGB,3,bef892789cf11e01,True,
target,rust,data/pp2020/images/Train_302.jpg,248518,e9e4d9943d00c01f8a1020902f84711910fc68b5c95062a38e91a1d190187914,2048,1365,RGB,3,956b589d524c63b5,True,
target,scab,data/pp2020/images/Train_303.jpg,383397,8051ce8de562087c481df51214d317aeac18abe0f522ae8797f9f2c203eabe6e,2048,1365,RGB,3,c7a48e85cb52bb98,True,
target,healthy,data/pp2020/images/Train_304.jpg,167589,5e3837fe5bb7293b17d9537832175ff151423b2f6c3a5a2053575dedaaf5e1b0,2048,1365,RGB,3,b596de402449e73e,True,
target,scab,data/pp2020/images/Train_305.jpg,248161,ee95e76a4cc37e2f491d130ff31e20afed09fba3b04894781c6e8c8c833f5b60,2048,1365,RGB,3,f3a6c62798b898c9,True,
target,multiple_diseases,data/pp2020/images/Train_306.jpg,173564,c08e466062cfda8a76996fece2637f930b7bafa5348f5d5931735a71af678e3e,2048,1365,RGB,3,a7e613159fb22859,True,
target,healthy,data/pp2020/images/Train_307.jpg,246537,bb198db599c064cc75fb25be8019f17fe5d1fe6b7ec37ea1bc69405a11b1a1c4,2048,1365,RGB,3,d80639f29bb3b264,True,
target,scab,data/pp2020/images/Train_308.jpg,240581,47870fe98b7291937c6968a7b98a70ce088c5e3d7a4e0dbb404e2f0000b4ed88,2048,1365,RGB,3,fc1ed298829ccad9,True,
target,scab,data/pp2020/images/Train_309.jpg,233370,b189bbba74be473439087d0f54218981be1d36779be7c0c0b6eb6b08a2f1608a,2048,1365,RGB,3,96c8633c06d479cf,True,
target,rust,data/pp2020/images/Train_31.jpg,156456,2a455e0ea2d9d6bdf5caa6ea4b037adff46e67a2c106a18e082f1601051a8ef6,2048,1365,RGB,3,9c16d6696af1211f,True,
target,scab,data/pp2020/images/Train_310.jpg,171616,8b9669ee4467260b6fb33f9cfe612df88c3ca87de400309f4d20fad3c378848f,2048,1365,RGB,3,ff9d00d723538529,True,
target,healthy,data/pp2020/images/Train_311.jpg,190386,dbe48f25aa903e3de5b265321e475f4b8e616c38ab862157f3f15d221315e8ca,2048,1365,RGB,3,ae1f85787e87a160,True,
target,scab,data/pp2020/images/Train_312.jpg,197838,a468d5944f1e3eef7bc29dab41456676263cbf9f8c54e5b82be8db0b6c3c240f,2048,1365,RGB,3,8005cade6f3ab553,True,
target,rust,data/pp2020/images/Train_313.jpg,170410,2dfc93cdf973ffa3eb493f918e3af56efc23f0d3439903bcf3d2c94d1ebf6e5a,2048,1365,RGB,3,92e997918ebaa2a3,True,
target,rust,data/pp2020/images/Train_314.jpg,193084,c523acccf4f2b65e0eeb3e65dd720dfacc2b2e0757ff0904fb1f9b180f07f038,2048,1365,RGB,3,846b97a01ebd0bbc,True,
target,scab,data/pp2020/images/Train_315.jpg,167133,c71c0552f9db8de2e3c5f1e59b84c7a5a0a87231bac1cd69429fc27465c1ffff,2048,1365,RGB,3,de5eb8069d72d025,True,
target,scab,data/pp2020/images/Train_316.jpg,187083,c3d49defa5a389126f7e47b3121f5ea4a55618ec7758ef3032002e91c7a8e84e,2048,1365,RGB,3,97907ac3890f5d8d,True,
target,healthy,data/pp2020/images/Train_317.jpg,339198,cafb940746d8b92db3cd992b826f85a403aee0165c003faed464194931e571ac,2048,1365,RGB,3,b5dd5a494b92322e,True,
target,rust,data/pp2020/images/Train_318.jpg,206849,470054bf3ac257baef22b53190010b13ca1bda6edca68a73803be8acc3653d86,2048,1365,RGB,3,b6a596167d1a545a,True,
target,scab,data/pp2020/images/Train_319.jpg,191328,85f035e042ff5e6aff27eeabcc4b414a9a628b5c014ff66c55f14eb1f56d0685,2048,1365,RGB,3,d0ca4f3c3b58fd20,True,
target,scab,data/pp2020/images/Train_32.jpg,236899,ae1a6d5bcee9cb3db57301aa932605175357cff251ccdd2182d1d188e2ac7f39,2048,1365,RGB,3,d063703f85d24f8b,True,
target,healthy,data/pp2020/images/Train_320.jpg,151183,068b28dbca316c63de6b33121f6976509784b26f006241f8b2e93db1cd6890c4,2048,1365,RGB,3,8b3d6c9ec3389368,True,
target,rust,data/pp2020/images/Train_321.jpg,236528,288c7d3ba940f8a1c78866d4e4569a62c88498bb5eed544eed92df17e6a33a1b,2048,1365,RGB,3,d94b212dabe9af80,True,
target,rust,data/pp2020/images/Train_322.jpg,187535,036f631bdca1d93e62c3b409566c215e75994e6c85f9a9324f0d2ba7a0622304,2048,1365,RGB,3,cb407a8f38dd6368,True,
target,rust,data/pp2020/images/Train_323.jpg,295679,fdfbe21cb87f3d3c0c989225baeb607f31cacd7c01379658749dc0c629b02df4,2048,1365,RGB,3,9c9af6de6421a463,True,
target,scab,data/pp2020/images/Train_324.jpg,250334,b0db1d47e705edd95e7782fecc38d44edd2d2e3237bfd5be57a740ba4da97599,2048,1365,RGB,3,8bb3200175ecdeec,True,
target,scab,data/pp2020/images/Train_325.jpg,185448,46975dc6591cc87effe4379e7f7ae0f110aa7bfb05536c531f89f35ee5701a7f,2048,1365,RGB,3,c4636b7238fa3994,True,
target,scab,data/pp2020/images/Train_326.jpg,194562,3ff3e2c022edfdeea4e6e12720ee3f02327083d900bf2d5177647103ea6cf00f,2048,1365,RGB,3,8a613fb4fe467058,True,
target,rust,data/pp2020/images/Train_327.jpg,169739,132b20011eddbec3d1a97b700d7fb109ff1334a1a6d27c6eea61e5ed1fece2c1,2048,1365,RGB,3,af3ba5649680caad,True,
target,rust,data/pp2020/images/Train_328.jpg,383083,6aad4240c76cf98c008579af4e30df68301ac7b1b09b4d1d559a24fe08b26a02,2048,1365,RGB,3,d3c96892b78e4674,True,
target,healthy,data/pp2020/images/Train_329.jpg,230975,3151d35d946090bedfa1d3634967327b8be9255fe0c3a37429e8ef2741a7cd1c,2048,1365,RGB,3,d45e17d06a3d1ad1,True,
target,healthy,data/pp2020/images/Train_33.jpg,245686,4f3a11499ee6dbb7b290a04179c8e28649e0dd684627dd911546dcbc27f609ab,2048,1365,RGB,3,a850f10af77f8a25,True,
target,healthy,data/pp2020/images/Train_330.jpg,135996,a5d0580d33624c407d19e88f396d8c866b2e6a9dc8ab91b075d9dbd7ba71d4c4,2048,1365,RGB,3,aada8a1915303aff,True,
target,rust,data/pp2020/images/Train_331.jpg,189649,e9cf61cf789ca40c663c4cea4552e9b07cbf8655d973dbdbb1087a8dc9db8e5e,2048,1365,RGB,3,a2fec51e923c3cc1,True,
target,scab,data/pp2020/images/Train_332.jpg,174802,dd887ccff22c3157866df8a59f0ae8c22964d9075b3a1c5141bd898828f4271c,2048,1365,RGB,3,bda75230a579cc23,True,
target,rust,data/pp2020/images/Train_333.jpg,179003,9c337df6b2b0bad8c198a4132dfd6a0d15fabb5e7abbfa479ca72caabdef136d,2048,1365,RGB,3,856339e4d939c6d8,True,
target,rust,data/pp2020/images/Train_334.jpg,193884,0a49ab16ebc311c088ae1cf99b584b58ba8815168ec0069f7d6b13708a08fd56,2048,1365,RGB,3,be156f411d2265d6,True,
target,healthy,data/pp2020/images/Train_335.jpg,327393,5adb866ceeee37fb896a46e8a77939fcd6f310afe6fef9996b851448c1c2d03b,2048,1365,RGB,3,bbd1263cdd255390,True,
target,multiple_diseases,data/pp2020/images/Train_336.jpg,313650,9f001220556eef7bb993157efa3a67c03f2b9b76f09ed9d21278474ea5533dba,2048,1365,RGB,3,f8f8e9e49b850c43,True,
target,healthy,data/pp2020/images/Train_337.jpg,232301,18ee57235ef22f21cbaccb1b15f625c6037da19ed562319046af4c5f1d3e2e28,2048,1365,RGB,3,f312c8c23f3836b6,True,
target,multiple_diseases,data/pp2020/images/Train_338.jpg,237104,4242f11cd329cf4cab9df93e51d7d68471019465aa5b9a7b44668df77db5e2f0,2048,1365,RGB,3,facf81eb9403d826,True,
target,healthy,data/pp2020/images/Train_339.jpg,286426,6129f27e821b3891a918fdf3ad04dd95f584593f7feb6d1db55d941735990e93,2048,1365,RGB,3,ce0ac0ac9e6ff129,True,
target,rust,data/pp2020/images/Train_34.jpg,145721,8c350d6ca37f6b73a3165a5cc88230f2a2812025832c7aa0431aff33dc07421c,2048,1365,RGB,3,a029a1f8cd99d79a,True,
target,rust,data/pp2020/images/Train_340.jpg,181942,a999c63861ed354ecf3df0bd71ac986a877703f0187d830b7e75bbf70f925fbc,2048,1365,RGB,3,f5a0c58d8edd2859,True,
target,rust,data/pp2020/images/Train_341.jpg,305641,d0e9465b679970aae791ecad428951f04eb303fdbed35d4580abbdf9ce91e01d,2048,1365,RGB,3,cc73e025cc36d31e,True,
target,rust,data/pp2020/images/Train_342.jpg,200226,9cdf0fa627a4d59f62fadc0d63ededebea746da4a09119170c57ba2393d68e22,2048,1365,RGB,3,90e61d52cd97746c,True,
target,scab,data/pp2020/images/Train_343.jpg,179592,92427f308563a261339971cad5aa83b62ae8dc484a745ccf74a7bb4ad286852d,2048,1365,RGB,3,bc4ac06c1ca5ede3,True,
target,rust,data/pp2020/images/Train_344.jpg,201588,d4ec2fd37a180c4f366a22c56880d70d732b206b4b7260f6e36dd0f886da7a58,2048,1365,RGB,3,a895956a4ab43ece,True,
target,rust,data/pp2020/images/Train_345.jpg,145632,376b7cd596a51a6c30c75aa7a1322fb370d3f08ae874b61ff26e451f88848ed8,2048,1365,RGB,3,a8f260c397b796c2,True,
target,rust,data/pp2020/images/Train_346.jpg,192612,68e54c5a9563c571db8092c9d3576bcc0269e1a81a1dcf278e09d9cd34ae8c5c,2048,1365,RGB,3,848c69e666cd5d5a,True,
target,rust,data/pp2020/images/Train_347.jpg,158743,4fc4f88b2b47d13f52dc0ff12cd08656b2d812c5b98a5187399e5103810ee2e5,2048,1365,RGB,3,a8a1ba727a0d16e7,True,
target,healthy,data/pp2020/images/Train_348.jpg,220497,8e27ba4d3a7bdf086fe6bc05605984df7357f95984216f1bdc0c612717637358,2048,1365,RGB,3,cbc47086c33cad5e,True,
target,scab,data/pp2020/images/Train_349.jpg,182175,54b6e1e6b22ea471710f6e851fbe20280136bfdbec5029979420852fe71f69a4,2048,1365,RGB,3,d88743bab418f4b9,True,
target,rust,data/pp2020/images/Train_35.jpg,319308,d0940261bd1bf23f14aef4009372e82181cbf7b3b69375a467668d71d4c2bf77,2048,1365,RGB,3,f09554f026c55d4f,True,
target,rust,data/pp2020/images/Train_350.jpg,257489,79ed801f4714308df98f6e7b3c5bef551b197ac943a084b40e3be593a50d875e,2048,1365,RGB,3,ba06b0ea5d47aa4d,True,
target,rust,data/pp2020/images/Train_351.jpg,184351,1540a7ea7a279280d30a4248fbac6fbd713416271ca9288811262cff02266161,2048,1365,RGB,3,877e3dc4352fe00c,True,
target,scab,data/pp2020/images/Train_352.jpg,209550,97ec28c7fd89d137822c98fe991c134f6ef83f9eda4f9e946078de64007aa8de,2048,1365,RGB,3,85225e87a8eee539,True,
target,scab,data/pp2020/images/Train_353.jpg,155446,0c455ecbe0eaac3a6b7de2dc0bd94a6f52a47a4bfb3c6904bfb35681b6ced5b0,2048,1365,RGB,3,e2c063c1b07f187f,True,
target,scab,data/pp2020/images/Train_354.jpg,186161,d9091034fe34e4151c7d38d04dc03fd7bbbb5443dc508b036f64dd98ed06e159,2048,1365,RGB,3,ccc1d12bce2e66a9,True,
target,scab,data/pp2020/images/Train_355.jpg,241194,6475aa63efe7596dc6baeca99226a3000123f9b87d51a62c34acfa92411c4bc3,2048,1365,RGB,3,af484e2aee54e8a9,True,
target,healthy,data/pp2020/images/Train_356.jpg,311860,0ad2900114bd1f3187311ba82154677768d82565b4d185136d5004e4ae5eff5e,2048,1365,RGB,3,aba56e492872d0cf,True,
target,healthy,data/pp2020/images/Train_357.jpg,254521,595eff5e6c7543c97ae7a09bdf8f7cc0938ce90d182c514d2a88983a1a64056d,2048,1365,RGB,3,fca0239fadaad051,True,
target,scab,data/pp2020/images/Train_358.jpg,249113,e3c5f77cd7e94cf8d7b2fa86ffde2869de3e1300c8b0a1f62df7fbf1417a4b81,2048,1365,RGB,3,d70f7e013e641cb1,True,
target,healthy,data/pp2020/images/Train_359.jpg,136744,5617d578171bdffbf14c12752be7e3d19cb66be61214e52de7d1ba1804042e40,2048,1365,RGB,3,ad4a727447b99478,True,
target,multiple_diseases,data/pp2020/images/Train_36.jpg,200928,29eb7dd63d3b45c1f45b9ca2a6b8a81782c226a210b1682aecef57ba3a9aa437,2048,1365,RGB,3,89a07b36334ef269,True,
target,healthy,data/pp2020/images/Train_360.jpg,210989,90f14d9af852ece9a173a722de06a552b685e9c440d12ef563b31cdedc188b7b,2048,1365,RGB,3,ffe8a045d606aaac,True,
target,scab,data/pp2020/images/Train_361.jpg,243118,8e68f937e56f8c2f744156125fd740049509834e45fe937ea5df32a4192c08e7,2048,1365,RGB,3,c5fb305671f05217,True,
target,scab,data/pp2020/images/Train_362.jpg,188750,c0be444949ca8005812f2caaa019af559ac9cfadb44032b24749450301d5220e,2048,1365,RGB,3,ff67c02f9a364430,True,
target,multiple_diseases,data/pp2020/images/Train_363.jpg,167902,20bf4a2e9aecd237e7c9c655630c50bb08dfe2627b1d7021444f27e70f6ae2b2,2048,1365,RGB,3,c3bacd372c2312cb,True,
target,scab,data/pp2020/images/Train_364.jpg,188695,d4d2fab0ad9a2165cb7a2dd4eee532ca5711c076ad263cb4b0f9ad0cf2958275,2048,1365,RGB,3,b05f90981fb8d9b8,True,
target,healthy,data/pp2020/images/Train_365.jpg,173386,8c350a14f21513209d69c38ab9b84de175e36e5f2020d03797d3cd882bfc0f5c,2048,1365,RGB,3,c03ea3080ffcf5f0,True,
target,healthy,data/pp2020/images/Train_366.jpg,414784,882ab0c881e4917dc2e09bc1b6c6f782ed1491c31ba28844c9c600319dd42c87,2048,1365,RGB,3,c27a5f6a015eee21,True,
target,healthy,data/pp2020/images/Train_367.jpg,159133,afda045e50dc7e3c47d73a6260bc3777008db93eeba75c5ebedbe93aef81ccf1,2048,1365,RGB,3,a06fd4e0dfe48d05,True,
target,rust,data/pp2020/images/Train_368.jpg,260138,cdc0100188cfeed79356244f44bdf0dc437c33a01e32ad082c75efce8758d9ed,2048,1365,RGB,3,ad4a85419ed578d5,True,
target,rust,data/pp2020/images/Train_369.jpg,189243,b02dd18fcedafa93527675d82e49c19fc2c18fdf8e51a2d214ca4d649fc01a2a,2048,1365,RGB,3,ba91919fda5f00f0,True,
target,rust,data/pp2020/images/Train_37.jpg,191115,22e5ea71c0bba8de72cbe698047bda2478ba3673c3b2efafdbc7d7534c81c412,2048,1365,RGB,3,88eab80fe92c633e,True,
target,scab,data/pp2020/images/Train_370.jpg,169731,ed6ea168a9f3a7a66c3bac9d04ab0ea8ef0789ce9c961f46b20c0c5b25dbbc78,2048,1365,RGB,3,9f6e3c05c3c09e0f,True,
target,rust,data/pp2020/images/Train_371.jpg,291243,bbdacf89ecdb97166e5c39411830d98b6b66dedff7637637349ab65620dc931a,2048,1365,RGB,3,ebb4c46b484a8f95,True,
target,scab,data/pp2020/images/Train_372.jpg,218025,da89d1bc6d61dc7255e99a6bb797f31e3fc6b09e574c52436908512516dce391,2048,1365,RGB,3,f8c0638fb443e723,True,
target,healthy,data/pp2020/images/Train_373.jpg,344000,7faebda8f0c1d0c1ff27cfd82eba4e071e617be349f3e62a4ef33a5c461ffa7d,2048,1365,RGB,3,ca7c6cc098e9f817,True,
target,scab,data/pp2020/images/Train_374.jpg,230186,1d92abb042358b55926429203a018eee0bd799395fd1ce7bdbd76103657aba1a,2048,1365,RGB,3,bba79f66d060b488,True,
target,healthy,data/pp2020/images/Train_375.jpg,162988,827b54402b9c3a2f2542d49d714bf981aa77335f8e442db89268a0419b165928,2048,1365,RGB,3,aeac9095b130cf5b,True,
target,healthy,data/pp2020/images/Train_376.jpg,389619,ed582ac9a234285755f3ccc90376d25d707c1cd95fe59dc32ac7bf96faef06bc,2048,1365,RGB,3,ad92efb0d70a2968,True,
target,scab,data/pp2020/images/Train_377.jpg,289878,2066119be544619b83a21e3b68dd00865d05370608262e3119cbdff15224280e,2048,1365,RGB,3,d54e2c42286f6ead,True,
target,healthy,data/pp2020/images/Train_378.jpg,416232,bfa7fbcb33c30bb74e05e2d85f068f125da201150cb9e5680ae7d70a27af04b0,2048,1365,RGB,3,8a8e1ef30c76b1b8,True,
target,scab,data/pp2020/images/Train_379.jpg,200795,66be29a80c607c96b5963e815033c166e956877b37ed23eb63effcfb93fec26b,2048,1365,RGB,3,d9c8934727ce6790,True,
target,rust,data/pp2020/images/Train_38.jpg,146898,37ad26dd60f27f0cee193aea2c37f604e49b6a0323deae832ff735021c03f30d,2048,1365,RGB,3,ef7ed0257a8158a1,True,
target,healthy,data/pp2020/images/Train_380.jpg,209738,163b5a3164a7f584692b064cfb7bfa9cda90ee2486633fc9b62f3c5f374b4347,2048,1365,RGB,3,e8c085ebdf958ab0,True,
target,scab,data/pp2020/images/Train_381.jpg,300242,7ee2c109d8c9ff85daf06439d9311d820912972f995de516d7c6aa886c9c777d,2048,1365,RGB,3,d5167abe7a506a28,True,
target,scab,data/pp2020/images/Train_382.jpg,224298,1d723f37c57f0a2afbc2d3a6e2c871c4b19b73189a23e19bfe5f5e07534d9726,2048,1365,RGB,3,8b0a30bfd2bfa252,True,
target,healthy,data/pp2020/images/Train_383.jpg,282700,c4e83a49f2237bb48a5cb52f6c900ceb6c7414ba35ea65bc052e55411b666c24,2048,1365,RGB,3,f5e8bd65d0091ec2,True,
target,rust,data/pp2020/images/Train_384.jpg,210884,d04fed9d89df39d4d7b9c8058a888019b6812dea0cbbdd1159cce190ee7edd03,2048,1365,RGB,3,faf5d1410ac7171c,True,
target,rust,data/pp2020/images/Train_385.jpg,248882,0e1326732eed8cdb2f8ce4c6d5f05ea50163556d3a493dd9cf7925ef7181095f,2048,1365,RGB,3,9a9f2e6003cb976c,True,
target,rust,data/pp2020/images/Train_386.jpg,347343,2815c54d8ba068feccd49b12b468afa9450cf800473a0db911b36aec1bf72b48,2048,1365,RGB,3,e6f260b7b415d434,True,
target,rust,data/pp2020/images/Train_387.jpg,161444,8a5c7ab9d135d18239b3b5efbb511e10a5bb2ec9cb6c359e9b6f214ed09e41d4,2048,1365,RGB,3,c3b5e1921d133c3b,True,
target,scab,data/pp2020/images/Train_388.jpg,214005,a3bb6081a9dcc6df0ac0d7423333e7973a694bf0bca82da4e669260e5569aa4b,2048,1365,RGB,3,fe407a223d6530f6,True,
target,healthy,data/pp2020/images/Train_389.jpg,181356,08d5b69c8d18eccab7e4c4f33ee353833ba95c9fcb619fa2a4c2fa49e4f0e9a4,2048,1365,RGB,3,ca5fbf54f4ae1200,True,
target,rust,data/pp2020/images/Train_39.jpg,168768,469f41866a613029d626d8f2fd5aff243c09dde0a834717379b4d528ed5a07d3,2048,1365,RGB,3,97096a398d55d44f,True,
target,rust,data/pp2020/images/Train_390.jpg,183296,da15e38d53ec5056f12d810caecdb51a0556cb98ca1425ae7b9e18ea3fc9c81c,2048,1365,RGB,3,cf3b0a673781d24c,True,
target,multiple_diseases,data/pp2020/images/Train_391.jpg,224628,eef1c8d8889a7601669e4ec098d3e9558b2500f89aa71aed3db647599b9eb853,2048,1365,RGB,3,aa889b998ad1f8e6,True,
target,healthy,data/pp2020/images/Train_392.jpg,199727,369e3596373effde63cdd136939e53a570222c829d40cba2e8e54436b43973a6,2048,1365,RGB,3,ca6652cfa95a312b,True,
target,healthy,data/pp2020/images/Train_393.jpg,147581,d4f2c643c0dc22fc206d886532b70ffea11844da875ca407bbcd25a4965f8a3b,2048,1365,RGB,3,cde73488075f5643,True,
target,rust,data/pp2020/images/Train_394.jpg,229979,7b7cab28c154e05547fa3edc2fa09c1f56b32643e6b7381c5a63cc2c5daee555,2048,1365,RGB,3,803f899768b5b789,True,
target,multiple_diseases,data/pp2020/images/Train_395.jpg,228405,baeabcb29fbf69b3c81d2b1af9917895becc33b3e9ff605f82db7ec91528aacc,2048,1365,RGB,3,d16d728f3e7c2444,True,
target,healthy,data/pp2020/images/Train_396.jpg,184284,27687057652609435482c8fea190b90e542c99716352cd4b5035b5da5b298be3,2048,1365,RGB,3,adf0e5f1a0638a27,True,
target,healthy,data/pp2020/images/Train_397.jpg,205370,4847d7fbb21d331644b89e501f265d09029dedac7199aa2cacf69190e2cea9c6,2048,1365,RGB,3,df913810a0fbe663,True,
target,scab,data/pp2020/images/Train_398.jpg,147477,4a1222414b6d1e8e87a1a04f8bebd8370dc218deb8a73a41f46adb14bc96098e,2048,1365,RGB,3,f11e6ff0a842072f,True,
target,multiple_diseases,data/pp2020/images/Train_399.jpg,231640,815dbab33c29a6ef5b4378abc1009b9e4e089b999ae5575e88ffef2a078db5b4,2048,1365,RGB,3,d41a7b0479631c7b,True,
target,healthy,data/pp2020/images/Train_4.jpg,184832,49c0eebbc52487dd8738110410505db7885dfca4d434d4e00dc1e8a2a7965dcc,2048,1365,RGB,3,bcf638788d44b8d2,True,
target,scab,data/pp2020/images/Train_40.jpg,198806,56be6823513ac030c01d57ad4105b379f9b2c502e8d405e9caa7b38eb7126c0a,2048,1365,RGB,3,ef5ec07a6544f224,True,
target,scab,data/pp2020/images/Train_400.jpg,147426,e81d314b61dabbbe110117eede6e98be01a041a3d3ce3eceb1e120d3ca52046b,2048,1365,RGB,3,da9cde94bb07a00e,True,
target,scab,data/pp2020/images/Train_401.jpg,196445,cf686c8d1f4eb9b0d21065e14b26dcde5e8ed4ca1ce8fc536982915f0d7e5966,2048,1365,RGB,3,99b26796265576a4,True,
target,rust,data/pp2020/images/Train_402.jpg,257139,5c54771c25db7ba5f54ef9231dc62c4cc306e94733ab7dceec6cac5d00531bff,2048,1365,RGB,3,bed0a9764b8d0d31,True,
target,rust,data/pp2020/images/Train_403.jpg,184063,3b0214564452db2df61cfbdd16c877694c739e3760f836fcdff8d134451f0324,2048,1365,RGB,3,90c0210b93b7ef6f,True,
target,healthy,data/pp2020/images/Train_404.jpg,360414,d348b1ed069ecd222ead218bb2a4ea2563fb1979e15bba2b0342cd045d5c2aba,2048,1365,RGB,3,8a367dc81c691b67,True,
target,healthy,data/pp2020/images/Train_405.jpg,126769,d3b9f120c035098ab729536b8e6156ba24f4a2f0f95be8fda647289c9b4fc4d5,2048,1365,RGB,3,82ae2fb0e32f3c29,True,
target,healthy,data/pp2020/images/Train_406.jpg,175514,a8763d1a24fcdb74c7a73eb85ab7f42f0d9e39ca94fe7582f82290350402e7d5,2048,1365,RGB,3,c35ff92720e2c28b,True,
target,healthy,data/pp2020/images/Train_407.jpg,117212,e8dc29e0b027289980cbad0741c7673f75f34e920b3f6327170d39655f15f652,2048,1365,RGB,3,ff69224f072a8273,True,
target,rust,data/pp2020/images/Train_408.jpg,248259,c9c394fece2e5eab3d2f78a3adc323358efe876be2bb5469608bde1123de83c3,2048,1365,RGB,3,ac5385d8d39d57a0,True,
target,scab,data/pp2020/images/Train_409.jpg,193888,6a60769d140a111f0e1ea26ce5ec89b32be7b8a2081b1843244d44cf6315fb62,2048,1365,RGB,3,8d66940f3a25f11f,True,
target,scab,data/pp2020/images/Train_41.jpg,284439,32d8def58c5cd4ff9089b33030087cae75cacb1e20c9e74547639ebeb188dcbd,2048,1365,RGB,3,c9c189106ff74d9a,True,
target,rust,data/pp2020/images/Train_410.jpg,145213,7115c5b67d6edb3835608490de5137a11c16a6f3156091d8ab18cde1862ee345,2048,1365,RGB,3,f88cda8c1ff40ec2,True,
target,rust,data/pp2020/images/Train_411.jpg,217081,fc0d9d1f940ac417e2d491fdbb399c1405026f2f093c9575adf145f13ef6fde8,2048,1365,RGB,3,d685dee1702cf1c1,True,
target,healthy,data/pp2020/images/Train_412.jpg,307171,49f2f3c42dad3e32371c112032d8d9ccc38d8a7be1a85e835fc856c28a206576,2048,1365,RGB,3,da8e6c349e5b6384,True,
target,rust,data/pp2020/images/Train_413.jpg,190816,08ee9b336724ad0ae6c189a2990cb7a7a8177999a3e03a7218863ecbb6ca0c12,2048,1365,RGB,3,fe62e23f02180bbe,True,
target,scab,data/pp2020/images/Train_414.jpg,294749,a1b5f470b9d469ab12335bee9e7036e09eb2457b8fa415fbd7972d8ba710d785,2048,1365,RGB,3,b78a4b94c55dc01f,True,
target,healthy,data/pp2020/images/Train_415.jpg,190240,1f3d5733590d09dd0333108dc653841f80bd04828e7259e460f72b04a48260ea,2048,1365,RGB,3,edb6d09083daca8b,True,
target,rust,data/pp2020/images/Train_416.jpg,258888,a897e779919610e86d4fa62e05f300f4b7e1f0a0703776faf944cb35d75d22ba,2048,1365,RGB,3,9c9f21948b7a98da,True,
target,healthy,data/pp2020/images/Train_417.jpg,336972,45444657458db216e9c1633ae05acc8f96f68273416c68e0361ab060c602b5f7,2048,1365,RGB,3,a5d697a996c28aaa,True,
target,multiple_diseases,data/pp2020/images/Train_418.jpg,209191,91305495b7fef631d94558c6567300c895bcfd21ba64e9aaf148f9c3e542d354,2048,1365,RGB,3,f5f5d5158a1a02f2,True,
target,scab,data/pp2020/images/Train_419.jpg,214371,1fd452fd1021fca1ce69b127e6b23f7a59089b2ff9df3cd6c97402c357986030,2048,1365,RGB,3,c1a23f9739da7540,True,
target,scab,data/pp2020/images/Train_42.jpg,197337,136c4beae32251b3f6dcc76750a04d58365d46a7839b2c4af957aef31bde35bd,2048,1365,RGB,3,e0f4cd38384cb53d,True,
target,healthy,data/pp2020/images/Train_420.jpg,167222,1d30413754ae64cfa43764c39d396df892cde79b7b0f3a72a29675146ebe0bda,2048,1365,RGB,3,bb2eb86458a05cf3,True,
target,healthy,data/pp2020/images/Train_421.jpg,223761,02f784ec543bc0303ee1a454e53e2017844c190e0c962d71decf2b011b89be19,2048,1365,RGB,3,bbe4b56cfa686810,True,
target,rust,data/pp2020/images/Train_422.jpg,299395,bf46fa1b6097e79a0e4fbdd85a44df588c4e42c0b56432f5c0eda4d023145177,2048,1365,RGB,3,af15e4b85678fa40,True,
target,scab,data/pp2020/images/Train_423.jpg,153654,1f5b3109ed7d9a400fb57d1b4fffe21a0efda069ee8a80a9b31153475a252736,2048,1365,RGB,3,d07ccbda7432bc50,True,
target,scab,data/pp2020/images/Train_424.jpg,216680,916e38ed8c7674df642affa77ed6eb99eb169f6b36f020709fdff972ad2da8fa,2048,1365,RGB,3,ef481fcc3c0e6c26,True,
target,healthy,data/pp2020/images/Train_425.jpg,188314,9182037726004b166ad8a643a3162063f58eb2901fd116a180d42f6184af3534,2048,1365,RGB,3,abc0a599e35948bb,True,
target,rust,data/pp2020/images/Train_426.jpg,314114,a1ba7bf8f36f2461749ddd2530941ded35ea0cad8f11541b27e9c12bd1ca5793,2048,1365,RGB,3,b4fc6a662c2617a5,True,
target,healthy,data/pp2020/images/Train_427.jpg,181661,ef11d4db41dc088d182bd92774d123d21d38a2826eed4d7bbeb5a10fec58be41,2048,1365,RGB,3,eab9af218ad478c4,True,
target,multiple_diseases,data/pp2020/images/Train_428.jpg,244403,ec96f0a91b83c9704e16b330284d9dc8fd234d7b3b3ff6b1d4a66a7db5fc3e79,2048,1365,RGB,3,c443f090f7c0afda,True,
target,scab,data/pp2020/images/Train_429.jpg,201475,b450487d57a025f66128be5d8c0313bcb1981dac6235cdc3e7ca0b9072d17f62,2048,1365,RGB,3,8a1a2d6b4b95b4d3,True,
target,healthy,data/pp2020/images/Train_43.jpg,212577,3b8ca3f7fbe9b2001e1ed85bca37d44f849d4d613478ab9b33aed34078633d3c,2048,1365,RGB,3,9fa4377a62213257,True,
target,healthy,data/pp2020/images/Train_430.jpg,193896,198322744ae2fb2a27950dfca38fc626ad17edbc44e2bb7c2d84b0221285b58d,2048,1365,RGB,3,bdf283832a3b425e,True,
target,scab,data/pp2020/images/Train_431.jpg,171331,318a1d29795108e85d571decb10b89ee4f827a75b9701f07cd60921327f0b9f2,2048,1365,RGB,3,97406f70f4e3c887,True,
target,healthy,data/pp2020/images/Train_432.jpg,194363,f39e7dac0c025417acbd76e196406132a464ec6bd9fc6ab842548745029246ec,2048,1365,RGB,3,fc73c0330f35b81c,True,
target,healthy,data/pp2020/images/Train_433.jpg,168835,a2a9c1c8f7595eca67af5adcfe5493b2a7217b6fd14b35beb22e10f02d534e68,2048,1365,RGB,3,9f8f6a2ae255a8a8,True,
target,rust,data/pp2020/images/Train_434.jpg,277932,cd918a8615f23921016ad00ab6031a5d7f383e2c9c695be7d32bc9cd1c6e2f37,2048,1365,RGB,3,c9744d80972d3fe1,True,
target,rust,data/pp2020/images/Train_435.jpg,155721,282d7df5da3442477b2e7114c1a1b4ee37fe9d00c6167a145b6b26b95f362c3c,2048,1365,RGB,3,db4232d6f13b4a0b,True,
target,multiple_diseases,data/pp2020/images/Train_436.jpg,163863,5f718b11df783a0ccd5ed880ce8515caaaa5907825dd5137e0ef93e7442bfc9b,2048,1365,RGB,3,d08ec37ee1642376,True,
target,scab,data/pp2020/images/Train_437.jpg,164798,2641f6437137e9eb536d872d6ff888c8f294aeaa10d7353f28abaaabb2488cce,2048,1365,RGB,3,9f6495325a3a6731,True,
target,healthy,data/pp2020/images/Train_438.jpg,328640,4c8727949ebf4580f6ffdfd6a41db592ce9fc9bffbdcfa88f5f1060070d0bcfd,2048,1365,RGB,3,bf6091f1c39a6718,True,
target,healthy,data/pp2020/images/Train_439.jpg,164350,e55e739efcce2418bde509138992f67de834a0be9e006e0996cc1cfac7937aaf,2048,1365,RGB,3,95ca3634c9c99ce6,True,
target,scab,data/pp2020/images/Train_44.jpg,265266,0dd913c937af99755cbf76d6c9feb2b84547cb5332e43948cbedb4030ee31169,2048,1365,RGB,3,ff00fa1f802cd13d,True,
target,rust,data/pp2020/images/Train_440.jpg,190105,10251d9bf30a5b93f40787524855eca050e39d8c5c46f952bec776453c00e8a8,2048,1365,RGB,3,aaaf47abd1c2a846,True,
target,rust,data/pp2020/images/Train_441.jpg,245631,ecd0c4bc5a125cdbf3a111b78a1cf54446b6e1060345c3ae2a5735a0690a3322,2048,1365,RGB,3,afb14d8bc808bb35,True,
target,scab,data/pp2020/images/Train_442.jpg,147041,8655eda5d7e2bb18806e48dc57c925554b4488cf2e597bd67791de033fc70adb,2048,1365,RGB,3,afa0b4f7308730bc,True,
target,healthy,data/pp2020/images/Train_443.jpg,249274,327d6231a1b8664b8e3c4a8b85eabcd34f161f2f77a020d928b5efa539f564f3,2048,1365,RGB,3,a83994ff52984fc1,True,
target,healthy,data/pp2020/images/Train_444.jpg,218892,2a43d1196b8bab760f14cbe56f1ec524fe24a666bf57e08e68f51660126799c3,2048,1365,RGB,3,c1a963b0f3473786,True,
target,rust,data/pp2020/images/Train_445.jpg,244244,4d73aabc2cc05ec3e9e7f18585f2f13b871adc5871a433176fe96d7e1a553309,2048,1365,RGB,3,b6b6e0457515c85b,True,
target,healthy,data/pp2020/images/Train_446.jpg,123837,cee2649ac6a9d1f7f137bb3c7ae4497b06f3c480151397fa9c09c964d955095e,2048,1365,RGB,3,cb978f1e3e562302,True,
target,rust,data/pp2020/images/Train_447.jpg,255346,67f0f18bcc2ed522d2580093f82cbd953150b8c6082c9e14d3ad23a95570362c,2048,1365,RGB,3,bd98c090ecf87c66,True,
target,healthy,data/pp2020/images/Train_448.jpg,197780,27215a61e1d96e9051083f6f0df12bf5de6db4f66345618cd346e6b1eadeb841,2048,1365,RGB,3,929d3fdc7424a435,True,
target,scab,data/pp2020/images/Train_449.jpg,206103,77e499ce9b8caa27624433866bdf7ae4fb657d91d8590202139b99c74c082f73,2048,1365,RGB,3,9216de2a8d956da9,True,
target,rust,data/pp2020/images/Train_45.jpg,275428,b979f51dc133143b87cf67372b5434f6fb3bbe9469ba63eb40eb023bceeb9fb2,2048,1365,RGB,3,809c3fc2796fd84a,True,
target,healthy,data/pp2020/images/Train_450.jpg,243715,6073798d76ea1b031bc92dc8c9d7417c073c7871073ded663ac63ee298d6da62,2048,1365,RGB,3,ad7cb490da4f6b04,True,
target,rust,data/pp2020/images/Train_451.jpg,185376,019ab9425fe280c1622999c42abe47e75450664369b75dec761914c0a9d0f7be,2048,1365,RGB,3,c5b53783e209b68e,True,
target,healthy,data/pp2020/images/Train_452.jpg,189600,8d2a9a290a1dbd9bc5504424229aa3819e2255780f69f1e32c4db06c9b31dfc5,2048,1365,RGB,3,de943716021f07bb,True,
target,rust,data/pp2020/images/Train_453.jpg,178429,57bac5f36a633090852bf7d308230446b881dc4f1992a37e69055a8e7ecec973,2048,1365,RGB,3,8572eb8d1225c33f,True,
target,scab,data/pp2020/images/Train_454.jpg,212354,4f93a6c6ffb962f37c99a56c92db2421fb072a3ab7d2e7d60d04aada9f6fa6a8,2048,1365,RGB,3,d5d7e13154791c83,True,
target,rust,data/pp2020/images/Train_455.jpg,218272,893edfa09a7c357f2d73b6013fdc8196b686b17d84d5dfe8fdf31aecd5cc0c35,2048,1365,RGB,3,80e0754ad0ef1f1f,True,
target,rust,data/pp2020/images/Train_456.jpg,270923,2591153a1ad19a1662372abc3134387da49311e431519b3775fa52dac1ca27e9,2048,1365,RGB,3,92613acfe33c8b70,True,
target,scab,data/pp2020/images/Train_457.jpg,148880,e71b807ca7af494797808536b291fb606932223009efcde6f22a6349836933d0,2048,1365,RGB,3,9e4169696445fce6,True,
target,rust,data/pp2020/images/Train_458.jpg,230712,b3833cf9f6c504d9d078e180ba30a5a902d8ba7c95cf6ad712b8fbd743ae2287,2048,1365,RGB,3,c07f6d58974b52e0,True,
target,scab,data/pp2020/images/Train_459.jpg,228056,9f6cef6a0a438501f771965af454be1271e345354cff0d76a5f420986bc57860,2048,1365,RGB,3,81b53f8b976981e1,True,
target,healthy,data/pp2020/images/Train_46.jpg,353872,71067bd3c6db43cebc92ae56a985257b88c62c6e18e1adb510ee0dfcc7dfc713,2048,1365,RGB,3,a11ee7e40dd17817,True,
target,healthy,data/pp2020/images/Train_460.jpg,193588,40800e78f02a99d809d259010bf6f30adaf0e428e5b83b316e38088fac466f0a,2048,1365,RGB,3,ef5c852a8887f994,True,
target,rust,data/pp2020/images/Train_461.jpg,187480,c1fd4c5dc050487a42014d03003257dde127a6bf0f37e2ca32e397c7bb849615,2048,1365,RGB,3,f522d62e882c9d75,True,
target,rust,data/pp2020/images/Train_462.jpg,206548,99eaf3c465be96523f915e6d098b8be5d8cf00b1331bca70283f75c20e85286c,2048,1365,RGB,3,994c670ff338d213,True,
target,scab,data/pp2020/images/Train_463.jpg,163113,980b07f97a278f369fbda3de8fdb30fad8de227e392e5f6593c1e1d66e54a500,2048,1365,RGB,3,cd1f8d0836e1ce72,True,
target,rust,data/pp2020/images/Train_464.jpg,251550,b467f27786cc73410bd3cec5edba0249d5876571a585fb762d443e5b0bc57828,2048,1365,RGB,3,b91b3191e2654ee6,True,
target,rust,data/pp2020/images/Train_465.jpg,208690,291d4c1c2f2e0e1dbebe5600b45dcfccdd70096e6991cb9f8bb1d1f09cd2b99e,2048,1365,RGB,3,dbcc7444c92437d3,True,
target,healthy,data/pp2020/images/Train_466.jpg,217565,ef442f553f44671f605dd4dcc141869a53c756ac9003c9eedb9889482855f095,2048,1365,RGB,3,a882973a349d4ee7,True,
target,rust,data/pp2020/images/Train_467.jpg,192773,606a96281331c12623988782cd712d2e1f7471cb604c22b8fb86eda344253daf,2048,1365,RGB,3,ea01f3d49b327952,True,
target,rust,data/pp2020/images/Train_468.jpg,173795,5a732b258bfac4547317d744f35a06ae4b505da5084ebfbb4c3f1542eb85bd50,2048,1365,RGB,3,ffe0b5a25b54ea00,True,
target,rust,data/pp2020/images/Train_469.jpg,159561,6800390e78e78bfe4a889ff4311b1827e534fbb8dfe0d360ad9b539259f571a6,2048,1365,RGB,3,e4c8d2922df00f77,True,
target,rust,data/pp2020/images/Train_47.jpg,165641,d69726a3b808e5b17bb995571ca433fb9e657dad83a11b46598caf3946d1e9fd,2048,1365,RGB,3,cfda6aaa1129b1d1,True,
target,scab,data/pp2020/images/Train_470.jpg,186633,e71a12ebcadd7b234b1c3567932a5b438fe9e2a9d1515fed1581c99bdfe1cf82,2048,1365,RGB,3,b6b252d2a3875555,True,
target,scab,data/pp2020/images/Train_471.jpg,142038,4c79232d0bca6971c94b7eb7a20d2b51d91f877e08856ece9223d527f1c4c527,2048,1365,RGB,3,cdf2f78d121c7085,True,
target,rust,data/pp2020/images/Train_472.jpg,406895,32f63a9211afa4890a8b5c6d374423c757514a9b9ecd591ae57abf2bbd0b9b7c,2048,1365,RGB,3,9d986012da6c95fb,True,
target,scab,data/pp2020/images/Train_473.jpg,292104,32b52141223d557f2a13f1327f53c50662b02d7a92628840d2e4fb5f40f983cd,2048,1365,RGB,3,e3507521c81e1b7f,True,
target,healthy,data/pp2020/images/Train_474.jpg,182176,bea780ab7500612647afb156845ebe82a8ec1067384aece18342af5ef2e6691e,2048,1365,RGB,3,de911e6268a7a74c,True,
target,healthy,data/pp2020/images/Train_475.jpg,347223,73fdf3fbffc1d44e4b32b72b2ae681275ac5e014a635813ecb08e041933370e3,2048,1365,RGB,3,a471aad55a33466e,True,
target,healthy,data/pp2020/images/Train_476.jpg,121053,db1df663d185a557a7708d9e913bf9af78dd7e06edfabd2d3bb41c3d52d1e58c,2048,1365,RGB,3,99b97066654d518f,True,
target,scab,data/pp2020/images/Train_477.jpg,151922,da4ec3bbc492866e2f4611373a2eb806524c3daa90fe1138f60af288c8547068,2048,1365,RGB,3,fd8b95d51e09105d,True,
target,healthy,data/pp2020/images/Train_478.jpg,379754,6d9c21507245d62795042436835c8cd1d0466ebc46a319b15f819f0856361d25,2048,1365,RGB,3,ce2d68b25bcb0c4e,True,
target,rust,data/pp2020/images/Train_479.jpg,170545,e8b6b0edc16c71a41812c84f3a46b0d27f6b79be7d63690bb5e78f44c508f251,2048,1365,RGB,3,f88c838f5e6b1866,True,
target,scab,data/pp2020/images/Train_48.jpg,216769,09c016c436a0dc6f268b156af60311408ae26def4013d0fdc649ca2b19acaa30,2048,1365,RGB,3,ff1d8400c3de64dc,True,
target,multiple_diseases,data/pp2020/images/Train_480.jpg,185835,8324dca3c59ab853480514ea47ec4a8a8b90b4b3ee2975defefd4911484ce15c,2048,1365,RGB,3,cf6a8b1689fe8c12,True,
target,rust,data/pp2020/images/Train_481.jpg,240389,55678bc926bd558ae24b23b5d4d72a26e798cfbbdafb628c4a34e2abb4197cbe,2048,1365,RGB,3,b5cd78de740981d4,True,
target,rust,data/pp2020/images/Train_482.jpg,200592,86d3152d1730abcf359f1e24046cba13ec38b64cb097d425cf94c37f52991758,2048,1365,RGB,3,ff3ae03f80710f60,True,
target,rust,data/pp2020/images/Train_483.jpg,145573,e422e1158afff726b90fb57ca7594a798ef2d9a51bb1f7f9ee21f25f418a444f,2048,1365,RGB,3,ddc40183fbf9360c,True,
target,multiple_diseases,data/pp2020/images/Train_484.jpg,138483,53505e72336a3305209def320ad691c7b7009b67dc75746241545788a8e95a8d,2048,1365,RGB,3,edd481af59133a92,True,
target,rust,data/pp2020/images/Train_485.jpg,179853,82b30dc177bd7c06412f693683c444383fea20c0d92d620a03eef4431810935a,2048,1365,RGB,3,e8e79fc25b834078,True,
target,rust,data/pp2020/images/Train_486.jpg,170960,16e1e34d88a9884270fa5ef545787e5373d5863a651062f9013fa24ce7d2c274,2048,1365,RGB,3,924b82cd86edae8e,True,
target,rust,data/pp2020/images/Train_487.jpg,215604,9ed2bc1d6e521097f2b46920b0abdd5754b8ae62ed3a74f4d1f2e3c105b09a1a,2048,1365,RGB,3,f0663128859b6f3e,True,
target,healthy,data/pp2020/images/Train_488.jpg,222298,67ac3cc129e5245daebf1fc9070099accd711d8c0269a71bde983505aeef18b6,2048,1365,RGB,3,fe6be07082c3ca8d,True,
target,scab,data/pp2020/images/Train_489.jpg,121270,2bb1c8984565092c02238230e6b151f4a8202f7bfc4555f2c227841ae591900a,2048,1365,RGB,3,a861d21747ce9d47,True,
target,scab,data/pp2020/images/Train_49.jpg,194000,cbc547376d3627a8b401c0f86765c19873546ade5c6a1473084c71114c6979bd,2048,1365,RGB,3,f362611f1cb2523d,True,
target,scab,data/pp2020/images/Train_490.jpg,209337,0883aad109e2daa49541f8f7e28e7a673f2fe9db773dd89475afb0f740656600,2048,1365,RGB,3,c0f071703706f9de,True,
target,healthy,data/pp2020/images/Train_491.jpg,210309,cb74ac92c3b2c495a207e4c3609ef6e12b5dd964c63f00ddfff134ac8a45f68c,2048,1365,RGB,3,e272895ad9912bcd,True,
target,rust,data/pp2020/images/Train_492.jpg,151253,f41892416c5b7260ff2adf5f13a755c534ab98b01afab6188c54182ff41c343e,2048,1365,RGB,3,a263f418785f09f6,True,
target,multiple_diseases,data/pp2020/images/Train_493.jpg,244209,b517ba8373403d4e9d412373d9da8085b23b5c257f0bfbdbf983c805214341f1,2048,1365,RGB,3,928524ea9778cb9e,True,
target,scab,data/pp2020/images/Train_494.jpg,262567,388c7abfe672c0fb15cec92df3f3535e21e8a6520aa207cdb72ea790b37b1daa,2048,1365,RGB,3,9eb9b1d08fc4cc62,True,
target,rust,data/pp2020/images/Train_495.jpg,185280,665994677c23f22cb0addcab2f126bbe70718c6caf8157612f1ab53c1847ad43,2048,1365,RGB,3,dcd4fe692e8160d2,True,
target,healthy,data/pp2020/images/Train_496.jpg,213307,3ef855050daf8a5cdf196817fc68e51ca3cf4c1c959eee652f3c25a4f1a5089f,2048,1365,RGB,3,df13637b71218525,True,
target,rust,data/pp2020/images/Train_497.jpg,144313,a2cd5550e0dc407f548d289adc0c6434958344eee642937ef2bf68092bf31354,2048,1365,RGB,3,be8f3e87656426a0,True,
target,scab,data/pp2020/images/Train_498.jpg,179531,0ca75258a2459ab1fbcb3f0e6f0be3678683feabe617f36effd8ec7d5a1240b0,2048,1365,RGB,3,825e519e73396c71,True,
target,rust,data/pp2020/images/Train_499.jpg,227103,bdf872422cb8653950852583f6cfdd5b9bf1c0270c4359622a8dd5bf435a6161,2048,1365,RGB,3,cd406ac787c6eab8,True,
target,healthy,data/pp2020/images/Train_5.jpg,287470,b0bc72ee852dba1aee5d99ea750c032b30d294e294a7b7dbedfb5165bc2a6740,2048,1365,RGB,3,e154973a9239da39,True,
target,rust,data/pp2020/images/Train_50.jpg,169008,2c91eac19e7c15c584530117df09e6806eadb06dd7eb479a82868e94a1f67b6b,2048,1365,RGB,3,bf47f73d3820c0a4,True,
target,rust,data/pp2020/images/Train_500.jpg,344295,0ce1e04142545057f40689fcbd0a19462505d6b5d69c102ca35681e3a2f36294,2048,1365,RGB,3,abb0d5a9d4b4985c,True,
target,rust,data/pp2020/images/Train_501.jpg,267427,2122f1ea06ccd89e12e295a2c54c2b549c18cca84cc9d3db0bda90cbdb2e01e4,2048,1365,RGB,3,bd1fe378803ab462,True,
target,healthy,data/pp2020/images/Train_502.jpg,256833,5db47b4f3817e4296fe7b08c65d5f8cd9412ea2b726ca885f7209af538b04f20,2048,1365,RGB,3,e3be1202d2dfda09,True,
target,scab,data/pp2020/images/Train_503.jpg,186060,99d8b47702c630224b5b6c97161b4d6d93af8e972dcaad0b1fc99eddf9fb784b,2048,1365,RGB,3,f00f893009e37de7,True,
target,rust,data/pp2020/images/Train_504.jpg,135311,da52a79a5633ef3d32bd90a29e1bebb091075e41a8d612cef90eb0a1bb9ae276,2048,1365,RGB,3,b1f045999924adbe,True,
target,scab,data/pp2020/images/Train_505.jpg,215589,1edd690bfb9cf3f93baf848f5dfcbe517039f37fd94475831c189fac608f8413,2048,1365,RGB,3,ca506dce152b5ea5,True,
target,rust,data/pp2020/images/Train_506.jpg,234770,8dee4630d86e3ab9f884f08e4fa001b1396e3f86164d73f5b063dff86d24d45e,2048,1365,RGB,3,8381c319657dfb68,True,
target,rust,data/pp2020/images/Train_507.jpg,186519,2260d48f912067af48d2da072578b21d79346850fd0e6655718646b609a68514,2048,1365,RGB,3,c8fc799d502b83d2,True,
target,rust,data/pp2020/images/Train_508.jpg,143477,7746549e8a6c412ecaeb1ac1a3287d3f7297e5a771d7a935dd400b1c6e8315d6,2048,1365,RGB,3,bfbd3ed18009c09b,True,
target,rust,data/pp2020/images/Train_509.jpg,265781,ecd916710aafe314d33643b9ead028fc0d7bdf693271d22c040fb3e0b4b5022e,2048,1365,RGB,3,e5d5e302e56bc60c,True,
target,scab,data/pp2020/images/Train_51.jpg,198043,d4a4b39c8760e0e7790e793b177294530fdecb12051b609c27e90bcaf11803c6,2048,1365,RGB,3,d8252c94170e79fd,True,
target,rust,data/pp2020/images/Train_510.jpg,255555,e5e78c264332ef4937c1f52b7451617da7f0fbdc9ea3d4578f1d22b206f37ed7,2048,1365,RGB,3,a63bb587c9394a49,True,
target,rust,data/pp2020/images/Train_511.jpg,200290,2ae1476026adde4eba0f820ab64e83a430d997747fa938de155f59d25c9dfe3b,2048,1365,RGB,3,b0e8e8da9fbb08e0,True,
target,rust,data/pp2020/images/Train_512.jpg,221430,e5fe5fd8017f74f91675d20dca25e555281905f4db2fa1274613ab2e56bd4b80,2048,1365,RGB,3,fa59a131c835d4b5,True,
target,rust,data/pp2020/images/Train_513.jpg,145372,5fb7d32bcaaa3dd1ec10fbb46b06a18e9d9232e605fa51429f109b6881405309,2048,1365,RGB,3,f69ace2962c2947c,True,
target,rust,data/pp2020/images/Train_514.jpg,160026,363851defd825b836a19367e431ab1564a195c2a552e323b86ef0cf683c1e7e5,2048,1365,RGB,3,ad5a31a3ea04dee4,True,
target,rust,data/pp2020/images/Train_515.jpg,173343,6e797502e66979680773e561fb31da50870f0065e852bf9c411adcf6a8a224a5,2048,1365,RGB,3,dc3922cd9a3a4ad5,True,
target,rust,data/pp2020/images/Train_516.jpg,163775,28cda907c6c6e9730d0fe4a9e035c01b48d9baed76edb29d9690d6d074c0c945,2048,1365,RGB,3,e1c37b0bf03e1b48,True,
target,multiple_diseases,data/pp2020/images/Train_517.jpg,201738,f352bf1b9666c0e46c4ad7e3e917cefa503ec8b6b278320e831f345ca3d052ae,2048,1365,RGB,3,82e040af8f8f4ede,True,
target,rust,data/pp2020/images/Train_518.jpg,167684,1907290a08c2ea8c665289ddca7322a10291bb8bed67f95872837b68b8756635,2048,1365,RGB,3,96b374c799545256,True,
target,rust,data/pp2020/images/Train_519.jpg,230784,90748b7e129c46aedcfbb8345408df279f43c7aa3ee85c04efd42b5e2e43f144,2048,1365,RGB,3,873407b3fe462935,True,
target,scab,data/pp2020/images/Train_52.jpg,215832,d50e74dfedcb8e70a2cdf67571504f3de92cadb6a8c9399243308cac4de0b573,2048,1365,RGB,3,fd09c0facacfcc08,True,
target,scab,data/pp2020/images/Train_520.jpg,212454,68c0344139e06152bdcbd0eb0e9cfdc76c9373e0243921cdee4f68a5c9d3df32,2048,1365,RGB,3,b40bf458f235dba0,True,
target,scab,data/pp2020/images/Train_521.jpg,377297,cb28fc2dfe3034ff7d595f3619bd57a93266ce5b955a05f49a0bb3f6c7e6f929,2048,1365,RGB,3,9e6535ac7a9a42c6,True,
target,rust,data/pp2020/images/Train_522.jpg,170919,657e0978889cca42cab63286d23154d8465c841e7d2397f4b3344afcec5f81e2,2048,1365,RGB,3,fa3f80ea9c4b1a58,True,
target,rust,data/pp2020/images/Train_523.jpg,186877,af534657435712e8e4ce96799aaeb9831174f8b5f5cec031a5b7f178845a2ae6,2048,1365,RGB,3,d31c3d79c02989f9,True,
target,scab,data/pp2020/images/Train_524.jpg,169707,034bb0132dfd71ad18a338d29b99a794ca0a3a61f5164d6878ffad9f72c25592,2048,1365,RGB,3,d3047abf1064c737,True,
target,healthy,data/pp2020/images/Train_525.jpg,410008,6952c60b6abafb5b7ca94039a7f0f1cce03a692109c2dfd1c7ae433c258e3142,2048,1365,RGB,3,b6ed32878af86650,True,
target,healthy,data/pp2020/images/Train_526.jpg,132853,0990371019d96b2f7b97da0314c632786b6a5ac7a7b4316457574e7575fedc0d,2048,1365,RGB,3,eb4718a097f626a6,True,
target,scab,data/pp2020/images/Train_527.jpg,210738,34906d2dc288edb727f6a8bea8c05df4ecd3e714a60383b05086fba78a3e96a7,2048,1365,RGB,3,bf109f10d35ed095,True,
target,scab,data/pp2020/images/Train_528.jpg,178291,20e18a16d4595d82f20a75b5a881bfad89927855c4fb7446d573ce0c71660001,2048,1365,RGB,3,cb8bcb8863f43436,True,
target,healthy,data/pp2020/images/Train_529.jpg,180791,9cb302aa1cfcdf31f14f9cbd03e9057fe3b12d0a32c24a49d764faa5375e273f,2048,1365,RGB,3,f83a8bfa1f692045,True,
target,healthy,data/pp2020/images/Train_53.jpg,220720,216820c0aea09fe54ce07dafea736345e3fedb193eff909beee6ed243f8cdfd0,2048,1365,RGB,3,9d96662c3a732a63,True,
target,scab,data/pp2020/images/Train_530.jpg,201168,cafa49f5882828f89d1bfb8e4129678f02f6ebe6b184e882224146d7cac9a18b,2048,1365,RGB,3,b434b4af6d292978,True,
target,healthy,data/pp2020/images/Train_531.jpg,221162,ad9c32bb92169f40dbbfb318943e412d7b9439aceb19afe753bd909ff3e54765,2048,1365,RGB,3,b8c68586af3585ea,True,
target,healthy,data/pp2020/images/Train_532.jpg,195416,aa2b5315029370ac2a2f3567d9122cea65401b4fa722e34499e068f150d63a1d,2048,1365,RGB,3,979b3069c286be36,True,
target,rust,data/pp2020/images/Train_533.jpg,190039,9765099646ca28ab22d157ac46e77da825b2795e4ef320802536454619e1f8a0,2048,1365,RGB,3,f833b14705f0f2d4,True,
target,rust,data/pp2020/images/Train_534.jpg,201480,2a6816e7d504aa4fc9e3545c99616e76c89a226e3d43d322229dd3da17414cd3,2048,1365,RGB,3,9f833a4ac2b91f31,True,
target,multiple_diseases,data/pp2020/images/Train_535.jpg,243747,067969a2062e23ee5c9e4647b03794c68468229b19aa0d8f22181c324b7fc093,2048,1365,RGB,3,b58af4a95588d52e,True,
target,rust,data/pp2020/images/Train_536.jpg,235938,79e2706685939f1d1487f076d8757ae76a29a816467e1945041b15eea8160d51,2048,1365,RGB,3,87831fd7b52e0274,True,
target,healthy,data/pp2020/images/Train_537.jpg,264497,37967f638ef300fc7537304b9dc2623de08af04d972e7210016e5cf764fb70c3,2048,1365,RGB,3,bd95d0a39cc0dfa0,True,
target,scab,data/pp2020/images/Train_538.jpg,219638,5744e1b46bbc9210f38d680e4004b6fff8b15138ad08d2219ad940b19fe4d64a,2048,1365,RGB,3,815bbd5bd95188a5,True,
target,rust,data/pp2020/images/Train_539.jpg,182581,a49dee8e629a4fb9210a7783826e745cd771c3fb4f34ee62b92fe88baac58a62,2048,1365,RGB,3,b88a17fd98c2a50f,True,
target,healthy,data/pp2020/images/Train_54.jpg,157227,d5b86b46fee2185337f4901d253ff7774d85848dd6e770eae732efbf4754304c,2048,1365,RGB,3,e99fc1961a6af821,True,
target,scab,data/pp2020/images/Train_540.jpg,246066,feb9e98de1f3a053b56a537e889ec0607084d93d56ec23defc75ff3305657e21,2048,1365,RGB,3,d2fc0fd0b5f9c202,True,
target,rust,data/pp2020/images/Train_541.jpg,187338,4c036c0b686296150110a9861ef96acba321b8bf60f005c2f1cebceebbccd1cc,2048,1365,RGB,3,bda896530a3d7855,True,
target,rust,data/pp2020/images/Train_542.jpg,237077,fbb9a48c442496fb3d8b4c86029ef19fbc80ea3107503ec209fd12a8d6adb262,2048,1365,RGB,3,ebd46190c4abda6c,True,
target,multiple_diseases,data/pp2020/images/Train_543.jpg,371637,f23eaa429560a7d82dad984d48d8b34f5bd7e869c3c9011ad532f854a044574a,2048,1365,RGB,3,dd49395b9489663c,True,
target,healthy,data/pp2020/images/Train_544.jpg,167299,6375c5c9e692724d9e9a871740967920d1279e1010430c485c0fe0ff9813f20c,2048,1365,RGB,3,c5d0df8a6033b693,True,
target,healthy,data/pp2020/images/Train_545.jpg,311343,c674313f0292d4094219f4bcc095cdd766512c3b52bf0039eed07e2b8bb22e16,2048,1365,RGB,3,a9032ffd90764c72,True,
target,healthy,data/pp2020/images/Train_546.jpg,192466,5d7684cec2a59bf5eade568d019db23e929442f8a4624c8716a6adfecee9c729,2048,1365,RGB,3,f22a0b1e761b06eb,True,
target,healthy,data/pp2020/images/Train_547.jpg,171552,711a6bd62aa40840b3365dac8f47654b5827c0b6511d973614b87946e22c836b,2048,1365,RGB,3,aa2581749735fc35,True,
target,scab,data/pp2020/images/Train_548.jpg,223635,d9a4eef7ab37a9bf36f17be94e7313d69be5a066c0b5013ebd5b4b11de09e2c8,2048,1365,RGB,3,f80f97aa9887d982,True,
target,rust,data/pp2020/images/Train_549.jpg,241408,4e80dd60d7d8420742e7653caecb2297afa5860d8dac804427bfe26f7d31b909,2048,1365,RGB,3,c39d031c7a4a78ee,True,
target,healthy,data/pp2020/images/Train_55.jpg,203107,f474b694487d6d3ad6f298e1e9df78cdabd30b1511998a13ee18a48fb7a229cc,2048,1365,RGB,3,f8f0800f0f0caefe,True,
target,healthy,data/pp2020/images/Train_550.jpg,194423,253641fe66338009714cabb5edb843dd7bdacf73d13ef7f6c01300bd0a92ec72,2048,1365,RGB,3,c7be3847e4133c23,True,
target,healthy,data/pp2020/images/Train_551.jpg,169870,d0a88649f4ef6965064f66eb22f60bc323927ad187d7a7dd97e581429983acb1,2048,1365,RGB,3,e525c5365aba39c8,True,
target,scab,data/pp2020/images/Train_552.jpg,344906,f57535560e62df4026bb80fd2f084d6abee6acd15648eff01eb2de0deb536093,2048,1365,RGB,3,86475a6c9798cd66,True,
target,rust,data/pp2020/images/Train_553.jpg,253396,7a1f84c872a858626721f3022e29b735897116aa8be3f89e218fc94ea94f5be5,2048,1365,RGB,3,910d36e85b12f1b7,True,
target,rust,data/pp2020/images/Train_554.jpg,173923,955592344e2a3e99d03db071eb82bf6d972da02e650465790745080d0ff4b756,2048,1365,RGB,3,a5b63641aa3a65cd,True,
target,scab,data/pp2020/images/Train_555.jpg,200144,a9a64a3be03f8b58fe42872676113f5d984e0a97283b471d89fd4b5a44df1f37,2048,1365,RGB,3,c4453f02137e8bb7,True,
target,scab,data/pp2020/images/Train_556.jpg,201112,2c8fcf217766cec06a12d8f5a176b4a050c5879679743d2528c00fa860d58ef9,2048,1365,RGB,3,d198635487cb9f25,True,
target,rust,data/pp2020/images/Train_557.jpg,244959,430e524fb8d9cbdf786972818e1b5a0cac41549bb809273301e387a7a828e0b2,2048,1365,RGB,3,8d1eb4d2869fda81,True,
target,healthy,data/pp2020/images/Train_558.jpg,266338,493ee8f3ce8dbcb5314efecbe0cf0ec90158a195afa3a382db82a7d91381fde8,2048,1365,RGB,3,fe33bfc833cc0007,True,
target,scab,data/pp2020/images/Train_559.jpg,217625,f2db8f7d768d404d8d7c6a03e5aa745679263faa0c9f840e5f1870c6013a31c0,2048,1365,RGB,3,80b389fc613c9767,True,
target,scab,data/pp2020/images/Train_56.jpg,338588,30e65c39bef37c8fe2e13ca91bf17f0fa6241f854779bdd103e7701f29954f54,2048,1365,RGB,3,c146f3048eda6f69,True,
target,rust,data/pp2020/images/Train_560.jpg,169467,3451a754a84edf176bce44bf4d729fa81cb3eeeb146b47d5f30ee592ccedc8e0,2048,1365,RGB,3,957ac48bc5996a9c,True,
target,scab,data/pp2020/images/Train_561.jpg,188617,86625feeb38231c2133e61f41d22559aef56e249c7fb44d52ac192f16244b951,2048,1365,RGB,3,ca9765e5a106b595,True,
target,healthy,data/pp2020/images/Train_562.jpg,186909,43e6948fb99b11802f4948e3ae7009f3a6f7a8274115742a8d89a4d2094ed729,2048,1365,RGB,3,e2a3c58ebcc4d19c,True,
target,multiple_diseases,data/pp2020/images/Train_563.jpg,276814,406f4264764aa23594574e99f1123de1fc4280b96442bc1bbfcc242a54cfe603,2048,1365,RGB,3,ae5074cfc9183763,True,
target,rust,data/pp2020/images/Train_564.jpg,224348,90527e9d073dd380fc2f73036a5938953ed38ebcd7409a20847401dff79659cb,2048,1365,RGB,3,cc4cec299d90fd43,True,
target,scab,data/pp2020/images/Train_565.jpg,287994,f5e1eb168d46d12d3c0d56ceb78e18d03582afdb69a334eaad5d919235c51596,2048,1365,RGB,3,aaa935c2e6fe8183,True,
target,healthy,data/pp2020/images/Train_566.jpg,195865,b3a8ace19a2fdabe7dbf12570533b64b65242e0e96b979a68fc8d4100314f4b4,2048,1365,RGB,3,cfcf45e6b1109a4a,True,
target,rust,data/pp2020/images/Train_567.jpg,156243,c233fa0572521bcbfc07328d9c415b2459b2e694f432cb5591bdab7186aef283,2048,1365,RGB,3,83705953c74517d7,True,
target,scab,data/pp2020/images/Train_568.jpg,266281,acb08fdd48dee0bfb9e7369e91317ce3c333e6a6658cfa9f25212fced0041d81,2048,1365,RGB,3,eadda898d51151da,True,
target,healthy,data/pp2020/images/Train_569.jpg,301480,36fc242e9774735f3024719091c9fde0581d92af176c6c8d10f34c65363fdeee,2048,1365,RGB,3,c2336c9fc6752187,True,
target,rust,data/pp2020/images/Train_57.jpg,380857,c4d4356db3114b7fe9ff4dc0927f8fb8452d63e2ac6fce37b14151401eeb9178,2048,1365,RGB,3,dd3b0a638c787316,True,
target,scab,data/pp2020/images/Train_570.jpg,201059,fa4b5f5eb6f428dbada65226fb6bb64b33301b3e23e7129d2a3de4ff89752943,2048,1365,RGB,3,99562d5764aba28d,True,
target,rust,data/pp2020/images/Train_571.jpg,313930,9fb6af56a4e82c0af3829f66b4f2bf8d56cf85aa5477bbfcd792073cc481d1c6,2048,1365,RGB,3,d837d922d813e969,True,
target,healthy,data/pp2020/images/Train_572.jpg,289567,142d6374de5ba8f914758b864e58d3d8774f969f2aee3f6bdcd2ba327981b7cd,2048,1365,RGB,3,93c3c4d49a19b2f5,True,
target,healthy,data/pp2020/images/Train_573.jpg,196521,7e205653f22afd2e0d95c5078c04a59c23436d6fcd4a9b3569562a1212f0750a,2048,1365,RGB,3,f920061f5f076b8b,True,
target,rust,data/pp2020/images/Train_574.jpg,284981,b48903f3dc4bbbc090cf3f972bd3e88bbc9ecb96849ff9a0841b79106923a63c,2048,1365,RGB,3,e11be7f110de8f80,True,
target,rust,data/pp2020/images/Train_575.jpg,403507,2858db6275f07ba45165acaf589884d849413487fb325ddb07cf468c863371d1,2048,1365,RGB,3,f64cee29902be721,True,
target,scab,data/pp2020/images/Train_576.jpg,225270,173dbc816f9282581bab9e9ace0b54d2d6e4e53c60d9760c0ba1d6d2d7844336,2048,1365,RGB,3,9fda64276a91b44a,True,
target,rust,data/pp2020/images/Train_577.jpg,238773,27eee83431d9242b4b9a1c43f84b264c9465011d35432b51d5ac0ee174367590,2048,1365,RGB,3,a9389eeb190fe905,True,
target,rust,data/pp2020/images/Train_578.jpg,218459,be05085885664989e4efe920522db60f5d6e4421a5ba37b1b508495f4e16fbe4,2048,1365,RGB,3,c2c519d2a99ad4eb,True,
target,healthy,data/pp2020/images/Train_579.jpg,202651,6090d2a5f007bb56817f450f875e5efd4984cee82d8170b8cade1216f0e03f82,2048,1365,RGB,3,aea98531bc8f1c69,True,
target,rust,data/pp2020/images/Train_58.jpg,302282,6fdadffa62e925d85fcd6adcf9002927cdc87b98495c8d49d3e484fddf352f2f,2048,1365,RGB,3,e7c0af854e15b4a9,True,
target,rust,data/pp2020/images/Train_580.jpg,172476,a58c8bcaf36f6ba388505b22486d6a7c9d12b8aa8e07b55b7f88409f4b419296,2048,1365,RGB,3,f434f0441f871e9b,True,
target,scab,data/pp2020/images/Train_581.jpg,214314,edba5161f266392ce77118daf187700a9cec75f35a463d41bbec5c5105d650de,2048,1365,RGB,3,ab10d193c87f49ec,True,
target,rust,data/pp2020/images/Train_582.jpg,196161,f4d0273d05e6b9c899a8fb88d5248becdd0f90ef7c6a59acda305887d5940ff7,2048,1365,RGB,3,b8f43d46059a16fa,True,
target,scab,data/pp2020/images/Train_583.jpg,177593,706dd01f3cd8fc1918171d6babdc1ba6942b774e58eee7d5bec19dd06e07aed6,2048,1365,RGB,3,e021b65f827eb652,True,
target,rust,data/pp2020/images/Train_584.jpg,184448,70fe9f75af236ca67bff6e09d94aabb972c5f3bf8389edc05913a53a70d4a706,2048,1365,RGB,3,cbd760086775e331,True,
target,rust,data/pp2020/images/Train_585.jpg,175673,0468afa57de12b4b337fd3c7f3feecf1a8742a219bdea5556daa4c6b1ec2f41a,2048,1365,RGB,3,b713d2f38525ac98,True,
target,rust,data/pp2020/images/Train_586.jpg,287969,99dcf4a8f06968177cf3bdc1705347b411061bb5f1d23f3db4435609015c4bf4,2048,1365,RGB,3,a4f9ce2dcb48c51a,True,
target,healthy,data/pp2020/images/Train_587.jpg,213602,c5ddf135b9c97edfd21429cc00e38329af7b5822f4b76087ff64cdaf83bfbd02,2048,1365,RGB,3,f8cd3b4d96e4b204,True,
target,rust,data/pp2020/images/Train_588.jpg,164248,7ceb6731564364a5ec17a5980a7e662f55bc3c7882da8dc1ca3e209a1ed5dc25,2048,1365,RGB,3,b1f1c3272dce28b8,True,
target,scab,data/pp2020/images/Train_589.jpg,216261,7ae72662cf6e9de9f9e7083dcc03863da4e4d9977a3e55a6a03d32c528f6426a,2048,1365,RGB,3,e96c6f2804d38b8f,True,
target,rust,data/pp2020/images/Train_59.jpg,208973,7f18d7595cad4c15458676edf016555dfa7d73423e6c98dd91c14558231c045c,2048,1365,RGB,3,9d4bb55d88dd4289,True,
target,rust,data/pp2020/images/Train_590.jpg,160185,051ce69c5959fef41587e43fa666b7e1ad5618cd4a415aba0e9cff3370e2206b,2048,1365,RGB,3,b3bff7c0215c9188,True,
target,healthy,data/pp2020/images/Train_591.jpg,237293,8a8474b25b7875d99ff4363cde2cd714fe57b9d2e7d6eb9666c4f793bdbb9257,2048,1365,RGB,3,e8ee4db754317023,True,
target,healthy,data/pp2020/images/Train_592.jpg,324170,381e841c499c2936909505d0ff7ca11ddd6fa4db0131bf7bb03cd9c111d6575c,2048,1365,RGB,3,b4a5069eabdaf121,True,
target,scab,data/pp2020/images/Train_593.jpg,159574,afe2f4fcf591c0326c7491d22ff1c108d56c58c6b931e303be62562e130ff932,2048,1365,RGB,3,cb90bcdba0ff0185,True,
target,rust,data/pp2020/images/Train_594.jpg,151764,775e05c095b650c0cbfaebb94056543d71a53260e24bb9102246f7077a1812ee,2048,1365,RGB,3,8f094bd7807a339e,True,
target,healthy,data/pp2020/images/Train_595.jpg,360355,d4c88ffd64e088c1f8cb783b4974bc394b95b3130a9cd04dbee6d649b691d650,2048,1365,RGB,3,cc23975e502ebe98,True,
target,rust,data/pp2020/images/Train_596.jpg,218505,3b5386bc3389abed023475a457092f8029d5eff8028399cec5027779f85b4898,2048,1365,RGB,3,ae46959a9a497b29,True,
target,healthy,data/pp2020/images/Train_597.jpg,156567,04eddd89f7feaee3532186a4a957d70b6ec89fd860f1467e251f6ec7466a3f20,2048,1365,RGB,3,fad49074230a37bd,True,
target,rust,data/pp2020/images/Train_598.jpg,218799,cfa9b97146598ef61ff779960cd8228bf2b6cf53d7a3078ff85b57b62048f3c1,2048,1365,RGB,3,ed108ed8003eaff6,True,
target,scab,data/pp2020/images/Train_599.jpg,152589,dec9fd684fa82354f88b9a8d1c18244e961501c8516b10a6d85cacd41d48a34a,2048,1365,RGB,3,b52ad2d5f4e52146,True,
target,multiple_diseases,data/pp2020/images/Train_6.jpg,179317,e31a97f20e38b559820f0327cb4f7906cf35bfe94f9e2525df1f2ec5bac20b95,2048,1365,RGB,3,9f0d920dc46cc36f,True,
target,rust,data/pp2020/images/Train_60.jpg,358842,0a70d4e7890ea35350244dfec2af18202458599e968aec9ad8d22eab84413abf,2048,1365,RGB,3,aaf08594ded6ca86,True,
target,scab,data/pp2020/images/Train_600.jpg,212365,6ff580fb705827b863201f9604d0adf34af0bbe8e26b282008a9c1d4c00cb31a,2048,1365,RGB,3,984969e9ade26476,True,
target,healthy,data/pp2020/images/Train_601.jpg,174240,83a7059d06c1e61e50511e3a032d68601c7c9dfa53115fadc1c0163cf56efa77,2048,1365,RGB,3,8dfd52ce9b928183,True,
target,multiple_diseases,data/pp2020/images/Train_602.jpg,223399,b60402c7c621b38cd4d47efc5f9928033a68d0e817d3d1c0ac49b48ae19bff4d,2048,1365,RGB,3,d8047c2b34d7a0df,True,
target,healthy,data/pp2020/images/Train_603.jpg,167908,c585338b8838034a1834a54d8c7bd0dc21cef6b4aa2946182440617decc037f1,2048,1365,RGB,3,baf641946c7a6d90,True,
target,scab,data/pp2020/images/Train_604.jpg,209099,731ea5b6595e91f69bde6d0f05c3d6530347a3c90746c8e3173817d638f2dad7,2048,1365,RGB,3,d8a661e2723e8379,True,
target,healthy,data/pp2020/images/Train_605.jpg,208976,743c9cd6feb1f6fc0d12a62762f463c1bc8ec6e4701ec990b748b57d543612df,2048,1365,RGB,3,caf42372c65b8e1c,True,
target,rust,data/pp2020/images/Train_606.jpg,186166,dc8100514367f7d57dda313ae6167e69665ecd66ab2112f971593d016b80df76,2048,1365,RGB,3,b086649bb6648f9b,True,
target,rust,data/pp2020/images/Train_607.jpg,420047,44f8996c8f4ce5a37c91e368a327d61a9779a8078d26eca05be5dbcf5eeb1f50,2048,1365,RGB,3,b4aaf01ac7498f35,True,
target,rust,data/pp2020/images/Train_608.jpg,310561,fbf42a38b1d4335ff1d47b3a38972992aa9851983445ab8adbecd8b81d43411a,2048,1365,RGB,3,b80898e11fa17f1f,True,
target,rust,data/pp2020/images/Train_609.jpg,210956,7dea1a08adefae17c28eeeb7e4ab38ff6182afb432c1e78186c09b07903b8cd4,2048,1365,RGB,3,bed39e30619ca43a,True,
target,scab,data/pp2020/images/Train_61.jpg,167661,7790d1cb745810b05f3c8f4c7c3b863fe971e3672e56d6bb53a542d15aa3f996,2048,1365,RGB,3,b098cfadae435562,True,
target,rust,data/pp2020/images/Train_610.jpg,186496,047271e76a5ed522268ca45a523611e98c3929b5cfbb93508fc099516c952ac1,2048,1365,RGB,3,b7d46cc1bd284b13,True,
target,rust,data/pp2020/images/Train_611.jpg,235778,89bf0e3bddedab4eb8595d4958388ebcc83a59b5c4e43da5d94009c0e2d6aaa3,2048,1365,RGB,3,bd6ac98d3dc93205,True,
target,rust,data/pp2020/images/Train_612.jpg,179907,71c2a9800afe2b93ba951124626404b6a6e3da36dd691b83cc279d294fb0058f,2048,1365,RGB,3,8bba6a6554da833c,True,
target,rust,data/pp2020/images/Train_613.jpg,281086,c82424539f62a478735dc0ac9b156ca94f1cda437e925d387a19e6cf2173a206,2048,1365,RGB,3,96507e7595ea2954,True,
target,scab,data/pp2020/images/Train_614.jpg,215112,602bd734713a9b2f59f3e0bf2865c80f87855cd477414320f5eb9f90389fb42a,2048,1365,RGB,3,cdee9ce4da228a26,True,
target,rust,data/pp2020/images/Train_615.jpg,214221,31e1423f0f9533f298debcc744cbffee7c025d50d2788ca081fe06b03caed984,2048,1365,RGB,3,bfeab92cc034c925,True,
target,healthy,data/pp2020/images/Train_616.jpg,315208,02b5108ec06b05d7801813a5bef047ad29dd8096a1dcfb5a5afa510f7fed3e0f,2048,1365,RGB,3,ea8192f3403f4fa9,True,
target,scab,data/pp2020/images/Train_617.jpg,202465,f671abfb15c327cf070624db91a9200db0bcc8a06a449de57e0e2c970d0abfa0,2048,1365,RGB,3,e2dec1c6e7066370,True,
target,healthy,data/pp2020/images/Train_618.jpg,208125,493f22ecf7ff6278f9244deae97f103a4210a2ebcd1e7312e1d6ba197129c94c,2048,1365,RGB,3,e0bea086c75ed26a,True,
target,healthy,data/pp2020/images/Train_619.jpg,244494,307eceaa291dcec4fd45ba936bab5c70aeb7a62aec3ffcb7e3d46bb3912ba0c7,2048,1365,RGB,3,f8e18e64dc749b60,True,
target,multiple_diseases,data/pp2020/images/Train_62.jpg,210274,274c4c9288660c7423f3dedab94ee08fd282225d7a5434fed29e2d64a1a210bb,2048,1365,RGB,3,f891839e8f342e72,True,
target,rust,data/pp2020/images/Train_620.jpg,234488,e6f3f0f75155e5df7fbb27f00b4c9cbf538d42faddfdd88eafc967151885087e,2048,1365,RGB,3,db17f3e581a1aca0,True,
target,healthy,data/pp2020/images/Train_621.jpg,363880,95e504ee1b94e2d5a44a381be9d173b9445d90c607dfb3832bdaa26f86c393fa,2048,1365,RGB,3,c690a432b6ee9f89,True,
target,healthy,data/pp2020/images/Train_622.jpg,217804,4bdbd4c1204269b3440e902a238c8ce74c9c0f4cccea67494f2322c9c99b2864,2048,1365,RGB,3,d8e7d15c23846d5c,True,
target,rust,data/pp2020/images/Train_623.jpg,256693,a5177d4acc74b6d47111518c8f245d887eff6e223aad47d37e669caf93c7890c,2048,1365,RGB,3,894f34daad6d3621,True,
target,scab,data/pp2020/images/Train_624.jpg,148054,fc057a563e218a667c2a00f9dc1e86e100edd515265f4580a1c70e435c02b53c,2048,1365,RGB,3,9bc1321f273b6133,True,
target,scab,data/pp2020/images/Train_625.jpg,212127,6334c71b21e8507334dbff380aa194a97e779371c69498770d8fff27302547df,2048,1365,RGB,3,a230eb0c972a5f5b,True,
target,healthy,data/pp2020/images/Train_626.jpg,244272,9a2bb6376c5e31624d006efbd71092c35b61656237e2c746730d36e2574cec0d,2048,1365,RGB,3,b56a4e90b8b75b06,True,
target,rust,data/pp2020/images/Train_627.jpg,209611,329502bfacd1c43749f12919f4fccd1fdc1c0c0c8ff7b2a9e1da9c25984f1a70,2048,1365,RGB,3,a8bdb5d25a2d803d,True,
target,scab,data/pp2020/images/Train_628.jpg,194156,f3f49f3e01fef277df27c804b402cc690170612d9ae1994fdb2a25bcce81ed14,2048,1365,RGB,3,a9adb1fb810c4f0e,True,
target,multiple_diseases,data/pp2020/images/Train_629.jpg,202157,f4c7c42c4c84b612e400d19500c0b6ffd47b27deda2513b143ee42561172195e,2048,1365,RGB,3,9aaa601f25d2b68f,True,
target,healthy,data/pp2020/images/Train_63.jpg,220682,5e187f7ccaa907e3dac312519f1ac2b56a91c3ea995e0a5909db4c1725912049,2048,1365,RGB,3,c083790fe7688eb3,True,
target,healthy,data/pp2020/images/Train_630.jpg,207352,cb5ccccc2fd8db7221ed11b3d0a61e95307026871cd8552cdd03d9295edd26ab,2048,1365,RGB,3,e141c607dede389a,True,
target,scab,data/pp2020/images/Train_631.jpg,265533,dda7f69159c8801d28574c61d1d8fa71cb32da4612cc017b6eb367d7fd5b2e5b,2048,1365,RGB,3,d34e6c66ef1e9090,True,
target,rust,data/pp2020/images/Train_632.jpg,208614,7f208f9ee6a428dbdfb3c8a3be339ea8bf995623a197be80376e42a3155ea00f,2048,1365,RGB,3,ad0d994c5a7868fc,True,
target,rust,data/pp2020/images/Train_633.jpg,223500,427911711bf482ba722407283923c4450658cba7ffde5f9528e7fb6a9348a3a1,2048,1365,RGB,3,e0c0c40b1bf9ffc4,True,
target,rust,data/pp2020/images/Train_634.jpg,270483,601455713fdf615e21981cbaf64e65b267786b740b3b79777afe44f2af08901b,2048,1365,RGB,3,e3a30d1cfb988695,True,
target,healthy,data/pp2020/images/Train_635.jpg,171362,26b3336d1a51da0e5ccd59fbe240f8ddb3bc23f7e84ffa296dcd912de0c68bc5,2048,1365,RGB,3,bf40f2c1c9e520cf,True,
target,scab,data/pp2020/images/Train_636.jpg,191312,0edf5334751ad7cac09581c5df516d8ac147f3e2c9548cf3b83d6e40e7e242a8,2048,1365,RGB,3,c3e87ed0c56a1b26,True,
target,healthy,data/pp2020/images/Train_637.jpg,191653,f72e01cbbcf37b035283b90d0108bf771bc63ff8356fd062b78e4c701172b907,2048,1365,RGB,3,b69587f012eb18e9,True,
target,scab,data/pp2020/images/Train_638.jpg,196898,a8f2232a85fa4cb460d1a027ca1556c4c557109c09b3240dc23ce183d14147e1,2048,1365,RGB,3,df81dcd9e880d694,True,
target,rust,data/pp2020/images/Train_639.jpg,164351,05aa639f520eb4d0ce4379d96641ecf70cd5593457e2f16972a5569e7012b5f6,2048,1365,RGB,3,bd7295320036eafc,True,
target,rust,data/pp2020/images/Train_64.jpg,173647,84bfe854edeb3c588b724e674d8f757d2554c02600f2459d00221f961ab82e39,2048,1365,RGB,3,800f85dc5f407aef,True,
target,rust,data/pp2020/images/Train_640.jpg,141291,a7f5b5e1f7981ccdf2ad2bc920f579524743642ca79e7c96b818a00e7c766107,2048,1365,RGB,3,957e749914386a9d,True,
target,scab,data/pp2020/images/Train_641.jpg,160426,3130ad4f67fffd2636eefaa383daf4fde23e98f4c4bada7842feee534c78b694,2048,1365,RGB,3,d425cdd24fc85a96,True,
target,healthy,data/pp2020/images/Train_642.jpg,399037,0aa4bdcaa5a4c9739e22276a8ec2a0cee0bce01f74e1c8360889a16de3ad49ac,2048,1365,RGB,3,ae31c621f54e161f,True,
target,rust,data/pp2020/images/Train_643.jpg,170794,bc58856ed9fc5f511012d498333c937a8474a13f1b39e6c31be268f40323fe90,2048,1365,RGB,3,8af61aa1f9398ce4,True,
target,healthy,data/pp2020/images/Train_644.jpg,179020,2c421f8105c505fc720a9af9a13216859216896e7a336b1d17ec6548e86ba1fb,2048,1365,RGB,3,c216cd7e45c9cd98,True,
target,multiple_diseases,data/pp2020/images/Train_645.jpg,237345,62735063be915bef9927e25a29ffd3c065b8d68fe52590d7dfa0e2a368784376,2048,1365,RGB,3,d1dec0973c2cf4a1,True,
target,healthy,data/pp2020/images/Train_646.jpg,383527,88957e6dd065e1a6125463d3f7e839135e4c1a8779867f30970489874bd1c1c0,2048,1365,RGB,3,a13c304cd37e93e3,True,
target,rust,data/pp2020/images/Train_647.jpg,314010,86174c663754e9690ad5e1d95d778d98e32f52820419ec3e5fbdbaaf0aafa818,2048,1365,RGB,3,ab9191a9d4b49a7c,True,
target,healthy,data/pp2020/images/Train_648.jpg,371744,df0e822215551d73833ee5744a7e02c8b59ee5493046bc98ce185a3b28a99050,2048,1365,RGB,3,b5495ab625e4d90b,True,
target,scab,data/pp2020/images/Train_649.jpg,173474,25f97da37dbf01a2e4f856351e785f75eaa37c2044b7866ec6eecc4444eae370,2048,1365,RGB,3,f9293209af4f5472,True,
target,scab,data/pp2020/images/Train_65.jpg,168945,abe76c4b96a112b44c7404461a0dbfa7fa1b688e701067d8163834361f3fd2b7,2048,1365,RGB,3,cacd342ad9990db9,True,
target,healthy,data/pp2020/images/Train_650.jpg,276884,8b5df22c3b50e804c335c002ae98eb64e307059b276232179b32eba9037d907c,2048,1365,RGB,3,bb74c59a1e197609,True,
target,scab,data/pp2020/images/Train_651.jpg,187232,0ac3bb4f470167c5cc490f8621ab74855ff5e8bdb64f5edf1ec6befa02279efd,2048,1365,RGB,3,dad29f07380f1792,True,
target,rust,data/pp2020/images/Train_652.jpg,179556,58ed3c2a7f08b22f98390fb9e4eb538b2614abdbf5544b9e72c7fae5a54bb2c7,2048,1365,RGB,3,a2da383b31c99e65,True,
target,scab,data/pp2020/images/Train_653.jpg,157177,8637254807ec941d8e0c6e324c5fd6605d4070425d14acd4d43427470cf52049,2048,1365,RGB,3,8e7d7c68d033c073,True,
target,rust,data/pp2020/images/Train_654.jpg,233493,30732a913ea1ccb5bfc00957dbbe943c778d8254b7ac87bf395d672ec4eceb6f,2048,1365,RGB,3,aaf97284c1222dbf,True,
target,scab,data/pp2020/images/Train_655.jpg,362363,87ade1f31bb46c48d3b5b34cf11941212b196fbcb1f381bb238685ede0ee2932,2048,1365,RGB,3,8e6d7cc8dacb9824,True,
target,rust,data/pp2020/images/Train_656.jpg,235265,dd12cfc0b31e4ee1f511d8547237d5a9c12ad6ffd9e495d047b265c474f8ef5f,2048,1365,RGB,3,f728e036d729a0ad,True,
target,healthy,data/pp2020/images/Train_657.jpg,317754,7a204cc3736e9a6e6586037581572534403fc2cb20095dd8217d8ddb0115c5ba,2048,1365,RGB,3,f8d080f46e5c3d5c,True,
target,scab,data/pp2020/images/Train_658.jpg,167370,e0eab119fed3574c5c86a16893bb57555cbac47a52c5c65a5195064f8cbe0bef,2048,1365,RGB,3,a9bd805dee9784a4,True,
target,scab,data/pp2020/images/Train_659.jpg,219950,8ab23123dcfbf2c24c74c8ba054dc6271a36b58cf7a914efe291dc870f3b5843,2048,1365,RGB,3,9a0d7107caee88db,True,
target,healthy,data/pp2020/images/Train_66.jpg,214909,8fc2f82ccfe76ae1d22d8b55faf87dec8a2f17bebdde38752c75bd56972e6425,2048,1365,RGB,3,def2c022916e99a7,True,
target,healthy,data/pp2020/images/Train_660.jpg,150345,a7b373238cf64991e6a7225e7256505ddb1426e90e2092cc919a93ba5d0d4495,2048,1365,RGB,3,de274063e46bdc43,True,
target,scab,data/pp2020/images/Train_661.jpg,143128,ad5cdf14786afb246738be0ce01c41018a4fec5a65152b5716225bfec965ecc5,2048,1365,RGB,3,df3d6190c06d83f4,True,
target,scab,data/pp2020/images/Train_662.jpg,210497,d68f7e425fc1cffea12a7d89a776cba3a7186a7e975b781141279fd521d00bec,2048,1365,RGB,3,9ad6248e62b7cd25,True,
target,scab,data/pp2020/images/Train_663.jpg,242372,9b37eba7ed5119c0f1e7f298d9dc5f2ba168e8746795cad47bfe46032f92644a,2048,1365,RGB,3,c085283ef54d37dc,True,
target,scab,data/pp2020/images/Train_664.jpg,197481,56e44b9ff95672e80afe8db67abcd8ea71e0316372719c7aeef71965bea030d4,2048,1365,RGB,3,a53ae668b36b844e,True,
target,healthy,data/pp2020/images/Train_665.jpg,281319,7090d32a927e5f30bd0914406ada8dc3bb8839fb88c411c24eed59210434d1db,2048,1365,RGB,3,af9dd261664cc893,True,
target,rust,data/pp2020/images/Train_666.jpg,202407,e4388e15834b1e67ae62d75c00e08906d21372d401e2de8cf7d17cd74de95a82,2048,1365,RGB,3,aa57ad93d405c05f,True,
target,rust,data/pp2020/images/Train_667.jpg,195338,5d15bfc536895025e53709c88e71a7fb1eb14f435e3ba501474b440c6e2d8932,2048,1365,RGB,3,b2cdc3929cd02f5c,True,
target,rust,data/pp2020/images/Train_668.jpg,170365,6c08b17ff844f848a1e1fc75908e865beba540bd984eac2d4e07f3f9c1002b6c,2048,1365,RGB,3,859b55802dedd2e5,True,
target,scab,data/pp2020/images/Train_669.jpg,194759,98431b200db161448cee940f6068e8fe4e745e6cd3e73eec588e4671ba116628,2048,1365,RGB,3,94f36adac2898b17,True,
target,healthy,data/pp2020/images/Train_67.jpg,198635,0bfd601785687912f67fdbcf38a36e3798e630c521c8d0adef09f805b9232725,2048,1365,RGB,3,eaf8d6318a825dd4,True,
target,rust,data/pp2020/images/Train_670.jpg,156673,fe81d98ce4874019cc8928fa5cd2461a9bf60a042b29956a25500da6ba681e6f,2048,1365,RGB,3,d903386fdb02467b,True,
target,healthy,data/pp2020/images/Train_671.jpg,228508,be5245679cb0c4f2b38301cf12d536b4e4f1d3e948cf40be75ef6289010a6ac1,2048,1365,RGB,3,c71b4f189794338e,True,
target,rust,data/pp2020/images/Train_672.jpg,197549,05b7e88c1660223d00b810f30366640ec800cee690029636ca8a65e3c2681b24,2048,1365,RGB,3,f14e904e976d916a,True,
target,scab,data/pp2020/images/Train_673.jpg,227168,95b1683d7b57db485e49be4cd1307bcf473b8ef568be3b4d05b69504a34f6b93,2048,1365,RGB,3,aa52db84499ad7a6,True,
target,scab,data/pp2020/images/Train_674.jpg,174423,da8b56a005281c84ec88b943f7c478576a1bc35da2507e172d5c3dac32ce8999,2048,1365,RGB,3,e73b6d308c619ea2,True,
target,healthy,data/pp2020/images/Train_675.jpg,210982,34015f6fa0ae90a17dc5154c6e318738bf115acc11f492109ea611086b8c3e39,2048,1365,RGB,3,f5053bc692704ff0,True,
target,healthy,data/pp2020/images/Train_676.jpg,161425,e977929ffeac84b1f4b32f40280d03abe87380be19b133a5aafaca29c0f6aa76,2048,1365,RGB,3,a5c396de5a9c4d42,True,
target,scab,data/pp2020/images/Train_677.jpg,179910,b7fa8dfd7297a5d5ac2ab37bef50296b86aa775c1029c2193083b687fd2365e3,2048,1365,RGB,3,be60056a8fcfc895,True,
target,healthy,data/pp2020/images/Train_678.jpg,199100,07a26aecc117c66ae092316f6473d85fdfcae16dc1d9d8da1bc2d9c8f8aa1351,2048,1365,RGB,3,ffbed4f002a50a94,True,
target,healthy,data/pp2020/images/Train_679.jpg,228469,2a220b30b4eb1a9b98d470ec29160ff7c690c93f82c3db6750784b099df318c9,2048,1365,RGB,3,baa6b4d0ea4948eb,True,
target,healthy,data/pp2020/images/Train_68.jpg,155956,20c30be0947a5b19b43850ee0dda96ca892763fa770361e26a6c12044caa8eff,2048,1365,RGB,3,82d6178e392d79a5,True,
target,scab,data/pp2020/images/Train_680.jpg,137693,ba7ef2baaff71699be5fafbfc38e32c9778453f4b30e1a5671241b9293917fc7,2048,1365,RGB,3,fa8dda3c4e862e42,True,
target,scab,data/pp2020/images/Train_681.jpg,196520,4580b2cd1f4cc132279f5de4f7a69cfcce5ab1fcccb000e7af1d9e96c5235093,2048,1365,RGB,3,9c899ff70232d991,True,
target,multiple_diseases,data/pp2020/images/Train_682.jpg,229821,c7b5283d8590728cb127343fa9ae333efeacb15fbb9be7f76eda1dda4fa84130,2048,1365,RGB,3,9af86cc0e38dd156,True,
target,rust,data/pp2020/images/Train_683.jpg,287397,ae3b0ae7702a48db008f00829387abbf3d1fd9291fc0365fc5e2e92961878b14,2048,1365,RGB,3,e1e39f8809c7349d,True,
target,healthy,data/pp2020/images/Train_684.jpg,155023,be70a9b0785984a984ef3900eb38ff77faab6ce00a792e071854de8374aa877d,2048,1365,RGB,3,9981ed9de0d9c352,True,
target,healthy,data/pp2020/images/Train_685.jpg,304798,d8b38ffeadb3806837b3af786b48710507c01b32cff696636948089fd7347c1c,2048,1365,RGB,3,b8919fb50b65e0d1,True,
target,scab,data/pp2020/images/Train_686.jpg,209787,ae7b2154d26926117808f41b9938bacdc48e30200ce14a91a103fb45da90cdc5,2048,1365,RGB,3,f5fae5daa0002736,True,
target,rust,data/pp2020/images/Train_687.jpg,146195,44b1f235b29361ab23cc4798edc1d3c27ba69bc0e7c15d51c5cae7ebe30862a4,2048,1365,RGB,3,e0ad2f2f1cf040f5,True,
target,scab,data/pp2020/images/Train_688.jpg,227119,3cf5e64fe0a7ace189368138468b483478a013c941d6abebf8d69734469b18cb,2048,1365,RGB,3,bc4bd8899705fa2a,True,
target,rust,data/pp2020/images/Train_689.jpg,183828,e250acdbcc8d0d88b520ce5bda45e8a9aa91e58e2f416c85774a2b0cd8e0871c,2048,1365,RGB,3,b5fbb7aa1b080361,True,
target,rust,data/pp2020/images/Train_69.jpg,191275,9b1e3da16f356c7cd14d8195f4dc51f52d6550009f48634f9f1a90a7bff73ebb,2048,1365,RGB,3,cb3b2558dd5c54c2,True,
target,rust,data/pp2020/images/Train_690.jpg,374872,3e1ae74b416dbab320f7fa9bea0eb8967bbb5ab91dc7033a7bd5beeb3a1c48ba,2048,1365,RGB,3,b666ee14293a25b3,True,
target,healthy,data/pp2020/images/Train_691.jpg,434734,cc0e5cc4b968500e09322d102ae3a2a119011d341e1b73c099b696120f66498e,2048,1365,RGB,3,bfc1ee2190c9e1d8,True,
target,scab,data/pp2020/images/Train_692.jpg,197755,52d817798c72e6f949cbd602d62d13c1bff011bca96d6668cc3c95e3b3915ec3,2048,1365,RGB,3,d6ea7bd199199244,True,
target,rust,data/pp2020/images/Train_693.jpg,230027,b103884e487aac26c86fac6b2ecf495a0ce04f6460fa17ba45a5617e0057e3d9,2048,1365,RGB,3,e36a9474ca943e8b,True,
target,healthy,data/pp2020/images/Train_694.jpg,272111,ee0abcffd9c8a4d08d8b7d9746c4b90d626aaff4c0f03ef84815510dad12f38c,2048,1365,RGB,3,af8dd261664ce89a,True,
target,rust,data/pp2020/images/Train_695.jpg,207329,5c2a84ffe4cbf870004e84d2a4e4006e1525f99ed4e73eb6c1c6f63aecf1aa0d,2048,1365,RGB,3,c9e135cb7455b225,True,
target,scab,data/pp2020/images/Train_696.jpg,209376,ae362fee36f6a0a45502e204b34ba3be5e45a77645aac94c936b1244c0794a12,2048,1365,RGB,3,81e13fcbc0c3e1f8,True,
target,rust,data/pp2020/images/Train_697.jpg,190751,bf6fdadac4e96a837d06b003759a8a9372cd03a0ca81ef75b982726ca484a58b,2048,1365,RGB,3,c9edb789f2329902,True,
target,scab,data/pp2020/images/Train_698.jpg,192038,c773330a5b74281f53761a120d845e59b784e61ecb4c5aa03553eb688865500f,2048,1365,RGB,3,9faf61622a017973,True,
target,scab,data/pp2020/images/Train_699.jpg,165435,2ccede884497bafa6a8c909a7a7ea91981d0d522cdf85dcc0e905411bb7c1960,2048,1365,RGB,3,f0a745a44f2e582f,True,
target,scab,data/pp2020/images/Train_7.jpg,177889,c4c7028235b0939114d66932bc43b6d41d01b08095a9e0b0d3d2660c455a0cb2,2048,1365,RGB,3,c0dd7e8f72c43e02,True,
target,healthy,data/pp2020/images/Train_70.jpg,160321,c2eaf1556951153ac12b32669fbc06754fabd20f734c2089ebd1318e59fd1140,2048,1365,RGB,3,8d9e3025c25ff507,True,
target,rust,data/pp2020/images/Train_700.jpg,184518,caf187b088fd4f5022acf8a473b94a2ff23689153a1c23ab4c213b6c36eda40b,2048,1365,RGB,3,95ac844d6ac97ab5,True,
target,healthy,data/pp2020/images/Train_701.jpg,210840,f77e6778242217d94ffb7553eb8cd005823e8f4a7be14a0d4c7ea28d66744ae2,2048,1365,RGB,3,9bce6d953a074391,True,
target,multiple_diseases,data/pp2020/images/Train_702.jpg,165021,d088e4d0c0d997ac7e79808740da2e38646ec8c9cb87d10a3d2471cc39bc38db,2048,1365,RGB,3,f601e6bc07f9406b,True,
target,healthy,data/pp2020/images/Train_703.jpg,367417,312d2af9d5245402fb459c16383c4b40e95c1aec8754e32602bfed03bde3b994,2048,1365,RGB,3,9929c39674621cfb,True,
target,healthy,data/pp2020/images/Train_704.jpg,226587,deea9753a5329b78ff729b8765878e3bea86177c78bd3cfedd20e7e832693819,2048,1365,RGB,3,ed7d252252364ab6,True,
target,rust,data/pp2020/images/Train_705.jpg,164129,bf11db613686dc09ef10faf4885317ca71c981aec7d88a36b57cea7e57ac6aec,2048,1365,RGB,3,952be361b47c48f2,True,
target,rust,data/pp2020/images/Train_706.jpg,149277,83e7231ae3f3ef68a41bac2623e64e244ef9c32386d9d7fbbe5edd60792c7a40,2048,1365,RGB,3,dcc8216987b2cef4,True,
target,rust,data/pp2020/images/Train_707.jpg,255031,0454e2ca6f86a83412ad57ebf4a2ae58db5fff9cb9b09101ed0653a522ebf925,2048,1365,RGB,3,b0ba9795e04b2763,True,
target,scab,data/pp2020/images/Train_708.jpg,199025,98744086b137bf29705291a0acf6850760301b8155699c4c56240541f8dd1ec2,2048,1365,RGB,3,a1c133f33752e632,True,
target,scab,data/pp2020/images/Train_709.jpg,136882,83a619a628dcc998053a973c628c8d6cf7042f6ba97565c3e2a0fc0bbe25fbc3,2048,1365,RGB,3,9c792949363f9a85,True,
target,rust,data/pp2020/images/Train_71.jpg,161688,d12322d300b9610f2a63f7750aa32cc8d38248a876f014bde2652ee84c5d5b70,2048,1365,RGB,3,98779993c891e48f,True,
target,healthy,data/pp2020/images/Train_710.jpg,175323,c0005b1deaaf6fe0d1e9fb407853a272fe6ca9e8f57e6110d8e8edf12700ac5b,2048,1365,RGB,3,863cb6e87339858e,True,
target,healthy,data/pp2020/images/Train_711.jpg,183782,c7d4ec6a9166e9d00d3e7da2ddd7c80c766131bdb5811a542d868bbeee7f372d,2048,1365,RGB,3,8f796c94a8657519,True,
target,rust,data/pp2020/images/Train_712.jpg,294474,594288674a079fbaca143619b90e7271b4060b3e5d2d1fce86b126f274a59f76,2048,1365,RGB,3,fde2cb07ca0fe410,True,
target,scab,data/pp2020/images/Train_713.jpg,123375,51e2600f153fd39c4a948b42d2f8403a9ca3e069214a00167fa5fa7752ca1f62,2048,1365,RGB,3,9cca185be591ae8b,True,
target,rust,data/pp2020/images/Train_714.jpg,224475,f1db05979c924eba82f80d2cc23d7361885a51f7701263bf4f7e981eb1056f2d,2048,1365,RGB,3,f20aa5a5afa28a97,True,
target,rust,data/pp2020/images/Train_715.jpg,147449,2979c8b405aa1fdd42353676e2487069562f037ed9001543fafac6f4d981dbf7,2048,1365,RGB,3,8cf8c19c78b735c2,True,
target,scab,data/pp2020/images/Train_716.jpg,245417,12d98c6abbcec8ce9e89f631cef3dedd1bdcca2d256627838f4e71e43c709709,2048,1365,RGB,3,c0c35d1a1add2b7c,True,
target,scab,data/pp2020/images/Train_717.jpg,214617,1f58c942f3e9828c03d1dbd296a57f4515d765e47cf102037631557bb4353d55,2048,1365,RGB,3,b6f531d25a0b48ad,True,
target,rust,data/pp2020/images/Train_718.jpg,173250,b44619f3447d35901b60f83f83ee5a022a5af03523ae199c5a75324b182cb052,2048,1365,RGB,3,885e1bc6a3674eb1,True,
target,rust,data/pp2020/images/Train_719.jpg,177053,9edce47fd700e4ef9612532966786307d6c04e9c5099643c580a93327343b1a5,2048,1365,RGB,3,a70dc3de3264e83a,True,
target,healthy,data/pp2020/images/Train_72.jpg,230835,871c04b39dc19364a031af4615b464fcc875d08184ff7500ba451af40d1e3330,2048,1365,RGB,3,baa6a1d492e7d22a,True,
target,healthy,data/pp2020/images/Train_720.jpg,278595,9bec21c61590357a9b2b485cfef4c2a1706e791d0530dd7ff9190f73d3150999,2048,1365,RGB,3,d39b64a6c9a48f89,True,
target,scab,data/pp2020/images/Train_721.jpg,172371,1b00b9c69eab58b48dc11788dfe224f4969160590c6c8081b0c4b93fff9c1b2a,2048,1365,RGB,3,aaad90199d32ec57,True,
target,rust,data/pp2020/images/Train_722.jpg,226293,99768c5a229b831b3a981c111c7c6ed53fb68f57f7909ca4d059bc7f918200ac,2048,1365,RGB,3,ce3838f3851ae58e,True,
target,scab,data/pp2020/images/Train_723.jpg,194041,776d80b51f23039b77625d026c95632761a3a5bbd3088fa8c755481597dcdcc8,2048,1365,RGB,3,85c5a5b9acb8d4e4,True,
target,rust,data/pp2020/images/Train_724.jpg,226029,707fe9696be3fd1e38ffd6c78da4f34a26013bcdbbd27db48c2ed4023b833f7e,2048,1365,RGB,3,aa7a2ef0e1e039e2,True,
target,healthy,data/pp2020/images/Train_725.jpg,242078,f52539aed5f417a18522d057a747aa0353f8e8e2d501dcb8784eff27ab3d93c4,2048,1365,RGB,3,dfdf6a87856824a0,True,
target,rust,data/pp2020/images/Train_726.jpg,159329,178df73c00b58a53b996fd4ff259e7988a29f7c2391700143eef9526a12ac9f6,2048,1365,RGB,3,8e78fa35c31587c4,True,
target,scab,data/pp2020/images/Train_727.jpg,151324,8eaeb50cd004426b8c7de5b6e73dd505a61bb8ee45d4e61de97d085c2a79595b,2048,1365,RGB,3,d282ce7a316b994d,True,
target,rust,data/pp2020/images/Train_728.jpg,150700,42f54d4bdf2e0166eb29bcfa132c0428fbbcc331c119d11821a3a4c04645e9ef,2048,1365,RGB,3,8ba8649c9974e99b,True,
target,scab,data/pp2020/images/Train_729.jpg,207970,07d81d2c738ff712e23ada83bea5e6febcba098942ec4cfaa4e2515be73cc194,2048,1365,RGB,3,d5cc2f60c4254bde,True,
target,scab,data/pp2020/images/Train_73.jpg,260942,3486983a39a2be0c751d78202e09bded313a3b528bb46c92bd8416da499f432c,2048,1365,RGB,3,ca563ad2647bd161,True,
target,healthy,data/pp2020/images/Train_730.jpg,311274,d84066eb153c5edaacae1f2d85686ed046713d5b8032ebcb411b8f9a19d2d444,2048,1365,RGB,3,9c826d99e831db96,True,
target,healthy,data/pp2020/images/Train_731.jpg,240280,a6ebe249515becd3a27476f258b2debb82306d96b0f23d2af7bbed4017806829,2048,1365,RGB,3,fbfa81700e107cd9,True,
target,multiple_diseases,data/pp2020/images/Train_732.jpg,202068,0193f3acc31603705b0a11741112a3a1eac8c0740c298fc4bcccb152a1f598c5,2048,1365,RGB,3,9734517c93495e63,True,
target,scab,data/pp2020/images/Train_733.jpg,162621,fe11d00bb9b07953c2ea6d410385ee398b1cc320373df3330e29ff3cae87b966,2048,1365,RGB,3,ccb1071bbecb7034,True,
target,rust,data/pp2020/images/Train_734.jpg,255092,9a6e24f651e127636f9577f0db9b201c520002f9490a638e6ecf5d225a4b4abc,2048,1365,RGB,3,dd28c8d8bcf8a90b,True,
target,rust,data/pp2020/images/Train_735.jpg,275494,36d136961fa13761776973b4acada87adbe5c7a4c4778d54193d2e793c122b74,2048,1365,RGB,3,91dc586ccab5859e,True,
target,scab,data/pp2020/images/Train_736.jpg,197874,8419e6d95a5c949a8260c60de31f8a02667416486edbe8589bd61faa2b1b4bfc,2048,1365,RGB,3,c380393d676f6728,True,
target,healthy,data/pp2020/images/Train_737.jpg,163765,8d26b913a226afb6b845cd837cdb9a3b228a7618bbc8b8cd6fb5aa3bc793128e,2048,1365,RGB,3,ec80c00555d5edbf,True,
target,rust,data/pp2020/images/Train_738.jpg,366240,819986655e03cf5dffcb13b840c1502d2e5cac99a32251c9742b879e14970e78,2048,1365,RGB,3,9ef52b2fe0c4944a,True,
target,rust,data/pp2020/images/Train_739.jpg,241939,274b7c8b54ad97916566957527778df48fefc647268942f6500b45b722b9c0fe,2048,1365,RGB,3,c08e6ba535b436e6,True,
target,multiple_diseases,data/pp2020/images/Train_74.jpg,207132,69dfe1174946a3e21f4d9aaaf6793fcd5131c08c843a505e5582b65bbe305ea2,2048,1365,RGB,3,ea013f5aa86b512f,True,
target,scab,data/pp2020/images/Train_740.jpg,180081,f8393a734b66f6b38b9aa2e587d3d4a0e85b278b40ec19ce4b25e59a9bfe4a7c,2048,1365,RGB,3,dc3665c549ab233a,True,
target,rust,data/pp2020/images/Train_741.jpg,191784,7c8a3d50c52809bdf2d4ed06c80cd31db945ca2a07a44a2aea119d7664bde89e,2048,1365,RGB,3,90f3c04f4d6ebc98,True,
target,rust,data/pp2020/images/Train_742.jpg,229880,e34a5ce9c4cb4020349f746ea6358fb5778e85a93d4bd4df707ad5918599b243,2048,1365,RGB,3,f4c07f844bb448fc,True,
target,rust,data/pp2020/images/Train_743.jpg,148360,1d9544674452c9869308954f7cd9cc8b8bbd8a44b335a2cbdb4a4bbf210b376e,2048,1365,RGB,3,8bdf70c0803feda1,True,
target,rust,data/pp2020/images/Train_744.jpg,211211,c0d7cb0d9c42f80c42f8aa5620a210f729a509f8782df5043d10be6f87f4d063,2048,1365,RGB,3,c4e8843569247fcf,True,
target,rust,data/pp2020/images/Train_745.jpg,137473,88e134ad57308b28dfca8ad4d5590666ade39b898f4837f70e149848c3775e2b,2048,1365,RGB,3,b8469f0dce1cc53a,True,
target,healthy,data/pp2020/images/Train_746.jpg,197720,aeb47e7133d807973a0603f87d17dbf817f2b7de0b516acc51093e17dbf9a216,2048,1365,RGB,3,9ec22b1f61bdc560,True,
target,healthy,data/pp2020/images/Train_747.jpg,376269,73068722d43bce76559b97ec8f5e5452b4702d26c8f7defc10cfd0e5cfeb0d23,2048,1365,RGB,3,c39907b0d8f73784,True,
target,scab,data/pp2020/images/Train_748.jpg,214680,1a66accab96da1f3fc3fdc7c3058b8a4b58002a8dc8dca99ad979f8d599c9f9e,2048,1365,RGB,3,fc65e42026d9fe09,True,
target,rust,data/pp2020/images/Train_749.jpg,224533,bfb5d7fea5fea27d4bc02010d030a33dc2297624d3f83815106b8849c961798f,2048,1365,RGB,3,d14360c1903f7beb,True,
target,rust,data/pp2020/images/Train_75.jpg,231219,ca52d12bd36abe5a09ac5d287171331505d5b35e574e4ce38a58594569512d13,2048,1365,RGB,3,c707995e62ccce70,True,
target,rust,data/pp2020/images/Train_750.jpg,361594,438148c2c5cd50bc06944d2fb49d4659f9c9a035a0e551fa22fceaa3f4ff87c7,2048,1365,RGB,3,d80e32d8e7698f68,True,
target,scab,data/pp2020/images/Train_751.jpg,217994,bc6d1d972d268591823ba2de7a228f587acd5c95dc2e15cdd142d1d1c5cf9a49,2048,1365,RGB,3,916914073f0f0dbf,True,
target,healthy,data/pp2020/images/Train_752.jpg,228668,e342ffa1fe08853f1e2a1a26bfff0b297b4dd66df45d49c10156366a78344817,2048,1365,RGB,3,8239faa766606f8a,True,
target,healthy,data/pp2020/images/Train_753.jpg,153456,94aa776290230e4b7a470e29c2e436afd881c36673ac74874522c78574bc3a84,2048,1365,RGB,3,c8e6cd3ab28599ca,True,
target,multiple_diseases,data/pp2020/images/Train_754.jpg,185916,beb49f7dc817d94842c00fbcb205211260c725d0f52214931a4971c6ed509333,2048,1365,RGB,3,85517e75c3b21ea4,True,
target,healthy,data/pp2020/images/Train_755.jpg,370560,0f5509b55a912caa8dd7b709cfd27ff0433ec47be806496202d8f08651dbf558,2048,1365,RGB,3,dd75343f92c7c044,True,
target,scab,data/pp2020/images/Train_756.jpg,183522,e71d0a89443f148fc8c8f2a3569e3d6f60d9715d4825f445ecf345899f6b0f27,2048,1365,RGB,3,cfc2b3bf80b19a82,True,
target,scab,data/pp2020/images/Train_757.jpg,177322,bc15ee46b99ac058c8d9df5e82a2626044a4e6b59830c6cf6da90e21976cd54f,2048,1365,RGB,3,e0f09ca38b0f0f1f,True,
target,scab,data/pp2020/images/Train_758.jpg,216809,23259f77abd2fa7c15e411b34cbb3bc0f1e8ae7cbbe9a83c8922bfc6c1137c4d,2048,1365,RGB,3,db232b8eb148d695,True,
target,rust,data/pp2020/images/Train_759.jpg,345288,35fda1488ff2509b820cee8bae441a05b7b29a4c6dcf4ae69437da23cb34115c,2048,1365,RGB,3,ab83c0d147c3db66,True,
target,scab,data/pp2020/images/Train_76.jpg,201958,36527128ad9baff59f178d4e8abd10642fd80f3939e59824b3bef75068441537,2048,1365,RGB,3,eb0b3dd00d0e98ee,True,
target,rust,data/pp2020/images/Train_760.jpg,192188,2155b696316126ae06c2ff6c58db9ff0b95f7eb025bdda2245f4727feea630fb,2048,1365,RGB,3,d5c3d92389864377,True,
target,healthy,data/pp2020/images/Train_761.jpg,281252,ccfed9fcee48c721b20f8dcf75051d5eb2494a8ad57c13235de7e65fd1df2d6a,2048,1365,RGB,3,aaf8ab5484a176b9,True,
target,multiple_diseases,data/pp2020/images/Train_762.jpg,339145,f532300d857c5bd72d95513e672702cf95b6cd4cbb92b039d63ad89fdb2d268c,2048,1365,RGB,3,b638d4878bd4ab4c,True,
target,rust,data/pp2020/images/Train_763.jpg,332006,64587394d8d5ffd2f89d0d913140a4a584f1ef28b5a9e847c452dad1fca86bc5,2048,1365,RGB,3,cc73e005cc36f31e,True,
target,rust,data/pp2020/images/Train_764.jpg,151073,f4f1e3bf2d564c0e669e39c149e3ab8a1786e75ab346ce4b4015a4af2d448a7e,2048,1365,RGB,3,858efee1ed00e05e,True,
target,scab,data/pp2020/images/Train_765.jpg,245079,c22b13ee9e60fe6162b52851d90603035724ba15eecfe9f67a8fc43162995d0e,2048,1365,RGB,3,8b823d07f01ee1b7,True,
target,rust,data/pp2020/images/Train_766.jpg,191982,9acd165335be24fe6c9483897b186590bc8862fd95db8aeaf50e07f023c265c3,2048,1365,RGB,3,f815159781aeb533,True,
target,rust,data/pp2020/images/Train_767.jpg,196815,33d435a18a78f3d88dfc8cdcb9f8e7372bbbefd789e543076e70cbfd341ee9ed,2048,1365,RGB,3,aaa840f5e80adef5,True,
target,healthy,data/pp2020/images/Train_768.jpg,174796,a715b4cfc1410cceb8b5681eefaf0508eaec2a8ea38429f1d2e4b651cc22bb3c,2048,1365,RGB,3,a5a197c2eade0ca6,True,
target,healthy,data/pp2020/images/Train_769.jpg,174967,0934bf658a8de5c1f1ca3460c57e79dfb31af98c954318a82534cf913c061086,2048,1365,RGB,3,a89bd08f4b2525f3,True,
target,healthy,data/pp2020/images/Train_77.jpg,296819,d99a18c0ead713fcae9a630247863c85d84ec172293352659285a9ff46e8bfea,2048,1365,RGB,3,ce434396d2db6934,True,
target,scab,data/pp2020/images/Train_770.jpg,203855,893f0682fd45f1afe6d38af95029cc623cd2d4e298fe028d2c26e4682964c1ac,2048,1365,RGB,3,e52f2ec66f3806c8,True,
target,scab,data/pp2020/images/Train_771.jpg,196713,f8eaf589e4a838a97b482b164b20384a8a9e4ec848b4ca7ae3a15ce6450c0613,2048,1365,RGB,3,83cb8c9cbcda135a,True,
target,healthy,data/pp2020/images/Train_772.jpg,219242,ba8447b0141c1a23e201e01330ed563762d820e6bb4c757264d459983484e22f,2048,1365,RGB,3,8b6d9b61c264e6ac,True,
target,healthy,data/pp2020/images/Train_773.jpg,267590,07809fc3bbcad03c177ad3bd86ad8ee2cb8b3d62617b4a46cf6ebb3144537a6a,2048,1365,RGB,3,fd718a560f468b64,True,
target,healthy,data/pp2020/images/Train_774.jpg,135537,98b5fbeef4ac8340f3e453079ee65ff70d0db24c8cc8984329eaa0ae3637e92e,2048,1365,RGB,3,8303c2daad78b8e7,True,
target,scab,data/pp2020/images/Train_775.jpg,150224,282646973fc35df423814e58e977e0cebd65ec76e32221741b42bec37fd3584f,2048,1365,RGB,3,d74a056b34e712d3,True,
target,healthy,data/pp2020/images/Train_776.jpg,178690,271bc30b99e1253629c2526ed63e3a47a00b77773b841eb0930099eff445f586,2048,1365,RGB,3,ba345f1e10e2676c,True,
target,healthy,data/pp2020/images/Train_777.jpg,220969,12e8490dba679fa1c66f652a9f4cfd0d5a79db28ac60c913fafa8d28c4d479ac,2048,1365,RGB,3,aa12365267ed275c,True,
target,rust,data/pp2020/images/Train_778.jpg,206229,569970ee7407ab7f79af682d04a4a22a2d298448e6a597db46e9c887d909d6a2,2048,1365,RGB,3,feb6950122e852dd,True,
target,rust,data/pp2020/images/Train_779.jpg,232648,7b9d2473849127a3b0ba80b2aec1e2870777a983bf30f0026978f6237b744867,2048,1365,RGB,3,9b0270ec99d0676f,True,
target,scab,data/pp2020/images/Train_78.jpg,174762,71b9cdb1c2600d54a8f78851f8516e3ac81fc247ee7d4a2ee5bcf52e7bf973d9,2048,1365,RGB,3,9b70216b64cd9dd4,True,
target,scab,data/pp2020/images/Train_780.jpg,118754,8ef4ddcecbda0723724baa2cc873785865bba0f3a5c03a33f3c45ad7703991e3,2048,1365,RGB,3,d762256b90ac6667,True,
target,healthy,data/pp2020/images/Train_781.jpg,205411,ac200c4079670b001ed9c0fc95a9f6e435fe856e175b762470ee0259b2044ce3,2048,1365,RGB,3,9e727863c58d5564,True,
target,healthy,data/pp2020/images/Train_782.jpg,302863,46ed25bf46f4f4fce930c226900f86ef8e08f115101dc37a0a2462ac6505b4cd,2048,1365,RGB,3,b4a5069eabdaf121,True,
target,scab,data/pp2020/images/Train_783.jpg,136503,098193c548d001007b941a18a95c6c5f35c33c4d55fac3633dadc2897b4120e0,2048,1365,RGB,3,d1617a20a1ef057f,True,
target,rust,data/pp2020/images/Train_784.jpg,218320,c4eb7aea2af36d30fec11dbe1e542543bb18fce289ad4ab758ca1e02f74b8fc9,2048,1365,RGB,3,f2e840c2639fa7d8,True,
target,scab,data/pp2020/images/Train_785.jpg,209047,bb7c6c673507530782f5f300a11f2763c545e18ed9b9b7b1cb70500c12ce1d29,2048,1365,RGB,3,df002dbf24f37442,True,
target,healthy,data/pp2020/images/Train_786.jpg,130667,a0651764d43276fbca60bb3011b166a2a03cb6fe7f7ba6863225a2633550c10f,2048,1365,RGB,3,f0eb2fd6e1c001cd,True,
target,scab,data/pp2020/images/Train_787.jpg,182717,1758d808115ad05b8091ddebb33475fbde8b3f119131b534a8002541808f437b,2048,1365,RGB,3,d28b865e06f4e595,True,
target,healthy,data/pp2020/images/Train_788.jpg,190956,0876ed8be722a358f2a06cee1b564f1a6353766b12d99d495a99dbaf6cbdcede,2048,1365,RGB,3,f4c09f1e0879f8f0,True,
target,rust,data/pp2020/images/Train_789.jpg,218353,5bfa4246ae6c181c1bb6d2d0eaa820c3fca44c32d792a5592ed48165fdf45eaa,2048,1365,RGB,3,ab42978fb9ca5425,True,
target,scab,data/pp2020/images/Train_79.jpg,243672,606278ff469ff2a9786bd2f8a2d0a777dd153fc58976673d7c3d2001a244dd0d,2048,1365,RGB,3,c77f3524201e6ed4,True,
target,rust,data/pp2020/images/Train_790.jpg,268061,d5029619e7bfaafeed1a96f366ea3ef344c7f52a879927c8db44a4dfd19f51f0,2048,1365,RGB,3,e05ec0ea8f5a8e78,True,
target,healthy,data/pp2020/images/Train_791.jpg,228098,930044d2860194abbb1fc9404064545a6610d6f2f43cf05229b540e3fa994be5,2048,1365,RGB,3,b27f9580ba92ca93,True,
target,scab,data/pp2020/images/Train_792.jpg,182729,fc13a05b0e5d52e5b7fc0eedfbc647d8cca6ea0d603c71d41d75dcc462810e5d,2048,1365,RGB,3,a35da34d36838aea,True,
target,scab,data/pp2020/images/Train_793.jpg,146201,ca5c8ee95abfa1d3cc364735686856b594db73015a582eda555e8d59cd4f4267,2048,1365,RGB,3,bca41a0b2da57dd4,True,
target,healthy,data/pp2020/images/Train_794.jpg,174328,72589b063b5f972febf875d09bd9de3b5ae2862395ca958e2699e5be71328b06,2048,1365,RGB,3,bac05005ffe2c9f1,True,
target,scab,data/pp2020/images/Train_795.jpg,173843,58901f0baf650d9610513333e6a9dfc375d737ce0696daf82df1d04221faa7a6,2048,1365,RGB,3,c28f3397a132ce2b,True,
target,rust,data/pp2020/images/Train_796.jpg,252959,9c4ba4176f870d97cfadd70f9e535649a2d061ca53c2e0762ec7c6e29835edbb,2048,1365,RGB,3,ca0e38bf3850fd43,True,
target,scab,data/pp2020/images/Train_797.jpg,234117,736db29aa59fe310cb89d5f6837b814f912391fbd084d9994723629a406a0ddf,2048,1365,RGB,3,cbc73ecae03285e1,True,
target,rust,data/pp2020/images/Train_798.jpg,170381,8483b91dccea4ea260f1bdd24e6bdda3237c810ac628e01281a5051348cf8569,2048,1365,RGB,3,80f16ecf7844c5b5,True,
target,rust,data/pp2020/images/Train_799.jpg,187542,567b5910b2cefd2e54feefc8ff8d6304f71e04c4246bf76a86ea052ace7b83fc,2048,1365,RGB,3,ba647a90859479ee,True,
target,scab,data/pp2020/images/Train_8.jpg,291891,0de5e28382e60df85462c884a925a1e1850a2aca2658a0bc077ede8854483b10,2048,1365,RGB,3,c7007f857a1724de,True,
target,scab,data/pp2020/images/Train_80.jpg,188990,debee0e8a37c4ac192e607cc3f23c357ec9f903917e50c6ddfdc4483251de0d0,2048,1365,RGB,3,c26380f39cd91c9f,True,
target,healthy,data/pp2020/images/Train_800.jpg,204287,86818c1a91ffe2ed67332dae1a56f862cf652d4ed4911cc537e197e50cbdb8c0,2048,1365,RGB,3,90da393878f35ab2,True,
target,healthy,data/pp2020/images/Train_801.jpg,216958,dd918d7e31efd55eb472404ac14b7008b39abb11b308f7e96eee8a9d6f37572a,2048,1365,RGB,3,90c5205caf78ee5b,True,
target,healthy,data/pp2020/images/Train_802.jpg,243338,7f80d7c4fd815749e2673819beb29f69f52ee1f6e2fbc6bf58351fd151143bb7,2048,1365,RGB,3,b62586ec9f04fec0,True,
target,scab,data/pp2020/images/Train_803.jpg,264495,21394c3e976c955cfa59d8f11485bcde780c7c64795d8ec23ab56252c79141d4,2048,1365,RGB,3,d49e2a888dbab1ad,True,
target,rust,data/pp2020/images/Train_804.jpg,150782,cc9ce297c17a461308344984d8c8c6e9b33bdded74f8eb78cdba07c0d52fbdb9,2048,1365,RGB,3,dc6b7a9d1596a025,True,
target,healthy,data/pp2020/images/Train_805.jpg,157694,2aeca54de5ad501ff053442364b5b99fb15671ea6cb3f58ecdd13fe9d048d215,2048,1365,RGB,3,e85f8efa8b286115,True,
target,scab,data/pp2020/images/Train_806.jpg,207175,3f90674b5f25474e50b45a82b75acd1ad4bf3f99d6bcfa2a0f31c1501df223f4,2048,1365,RGB,3,c0b58b82a49ababf,True,
target,healthy,data/pp2020/images/Train_807.jpg,183001,7abe9b4a160826d158a2e3c54c1622609bc0d48e76be62f85d4aa5a98ee9a02a,2048,1365,RGB,3,e5a5858f8fda7808,True,
target,scab,data/pp2020/images/Train_808.jpg,164769,d193d4ef9cfeb35ff4826f80b6ddba158d44b380bf89632ab7a0471450d3cc7f,2048,1365,RGB,3,f6866485259ed339,True,
target,healthy,data/pp2020/images/Train_809.jpg,228730,f0e790a3575df6ffc7c2ca50e127ea075ebf826e711d7c4601ef8154b3e8b0c9,2048,1365,RGB,3,f11f01ea5fc12cc3,True,
target,rust,data/pp2020/images/Train_81.jpg,173170,209658495076eb1a70da5a597b7fd098409ad9937cdaacc4c68480a3338efe0d,2048,1365,RGB,3,f8ac9c2bc19e70f0,True,
target,scab,data/pp2020/images/Train_810.jpg,130925,12921748caaef824cb1b8820d39f2db8a266d248bccc010d1abda900a52b9890,2048,1365,RGB,3,ae6ecc1a3c4a3a3c,True,
target,healthy,data/pp2020/images/Train_811.jpg,144263,5d9a0b07c22f7cdb21ddec465e795a731b4610d8fe09049bc083df3a72e00a7b,2048,1365,RGB,3,d590b78b975594d0,True,
target,healthy,data/pp2020/images/Train_812.jpg,192063,900b479e3b1320d2228e3ddbb2804a222530549716b6a43a31aa2174d5d97d1f,2048,1365,RGB,3,ef50c0151eae3c73,True,
target,scab,data/pp2020/images/Train_813.jpg,239904,da416f2939f72e8b3661ade45540d81aff7f5acd1481e51f7ecbbb40eb1ba034,2048,1365,RGB,3,bf17d032c161d5e1,True,
target,rust,data/pp2020/images/Train_814.jpg,165872,4909191d3cfd8cd06d2bb6357e2ff480e03a711b614d774c1a922b4894867c0b,2048,1365,RGB,3,f8f83c1d085de760,True,
target,healthy,data/pp2020/images/Train_815.jpg,311006,eb8761dc02f764fe4b855d0e6728393033ba6c0ad9a0b53edf633b84a88a92f4,2048,1365,RGB,3,fa19a021e3bf266a,True,
target,rust,data/pp2020/images/Train_816.jpg,189502,14bc9485b505ad936413162481c1704c79c3185665b490650835725dee5aea9c,2048,1365,RGB,3,ba5c278629b5ccb1,True,
target,healthy,data/pp2020/images/Train_817.jpg,170534,97183a22f67fc5483be68cbf8f7708092179b0c6406ff830643ba481f4da3275,2048,1365,RGB,3,96dd9689c8e3c155,True,
target,scab,data/pp2020/images/Train_818.jpg,154122,a38873c38937cba691478437168085eed555b7d9e9c9409bd6aab9a31392932d,2048,1365,RGB,3,c28214e5ed6f4f1c,True,
target,scab,data/pp2020/images/Train_819.jpg,201067,3a53f8b6d89a5669b0ae48f9f04b400e9c9ec767647925799cfea5de73b1a4ca,2048,1365,RGB,3,8abb4db568b1e831,True,
target,rust,data/pp2020/images/Train_82.jpg,212667,402699ce433087be1b125c83938bd1cdf90294d68c7401216728c59db89e7534,2048,1365,RGB,3,fd9fd07f0040d29c,True,
target,scab,data/pp2020/images/Train_820.jpg,156594,abea35d38fcefdbdd73126d8ba937bdbfbefa35be55c2aad57ea5cefd6c9449c,2048,1365,RGB,3,94738a2594a775ea,True,
target,rust,data/pp2020/images/Train_821.jpg,255410,5f217ca25e047998ce1d9899342db4ffbf85d8043c79252ce4b844bb967224af,2048,1365,RGB,3,f4114b0efb7b84a4,True,
target,rust,data/pp2020/images/Train_822.jpg,194318,27dc7eb4335d0447573723fc8e91f567973708031d1d961edf268ec3258493ea,2048,1365,RGB,3,8dfa3ac7c2e04653,True,
target,scab,data/pp2020/images/Train_823.jpg,143395,c2ec41b639e175f5bbf673fa36565051d60f0b3ed9a0f24d45b66b90bec8307a,2048,1365,RGB,3,b916d060cdeaccb3,True,
target,scab,data/pp2020/images/Train_824.jpg,227460,f71dc973cbca697cfb39eade365d12b920bd7492ef322c93d4337cb6b8171352,2048,1365,RGB,3,ab3595729ca93594,True,
target,rust,data/pp2020/images/Train_825.jpg,161613,92c898aee6381ac29ef10fcc535249f72fa4c824d7580ceab747a0be277adc5f,2048,1365,RGB,3,aed725c6c42b0e35,True,
target,healthy,data/pp2020/images/Train_826.jpg,204128,12b191a0700c5b4a68a732778baa8257927f026865d8ab74fae5bf770e93c486,2048,1365,RGB,3,e71d460c0ed016ff,True,
target,rust,data/pp2020/images/Train_827.jpg,441896,c8132a81270b8f7ad18ebf57ae1f6c2112271e56cf8bdeb92ef11e3da37f3a9d,2048,1365,RGB,3,dbf3e0b226450a9d,True,
target,rust,data/pp2020/images/Train_828.jpg,296213,10488eb43479cfeb74de78b2c6dd413d9ca9e41d3a51207717a4ef8c4a420ee0,2048,1365,RGB,3,ab83c05147c3cfe6,True,
target,rust,data/pp2020/images/Train_829.jpg,191381,fe640ec78e3a128afcf4d3f876104ed0e52594b1ad27eea1dc801b22703ba88c,2048,1365,RGB,3,d6132306affe9870,True,
target,scab,data/pp2020/images/Train_83.jpg,174481,ebab3eb231cfc5a01c1cc6af8a9100b76e9cf6119fddca1337a873d7584029ee,2048,1365,RGB,3,bcd46ce8ab7a8b20,True,
target,rust,data/pp2020/images/Train_830.jpg,237384,c081989da443ede7474d9854d3d7afb278b3e219e020369c6db210996dc6b68e,2048,1365,RGB,3,df8240ff03e0cf94,True,
target,scab,data/pp2020/images/Train_831.jpg,154915,98c8a56b3292e8678e25f045c8e7c9ad3801888f54a8e2079d90946c88f80b17,2048,1365,RGB,3,e7a8259c85c6d7c1,True,
target,rust,data/pp2020/images/Train_832.jpg,202146,b2cf00913f12e3b03d9e54392dc37f30f8aaa8c525700c559c35b6d7a3b6fdde,2048,1365,RGB,3,956d5c8715d0a4f9,True,
target,healthy,data/pp2020/images/Train_833.jpg,186550,f7108feaea0ac622bf0cf7ff39bf6489ab36d81032c5ba23e82ccc1fbd049f77,2048,1365,RGB,3,dd8830f1634a96ed,True,
target,healthy,data/pp2020/images/Train_834.jpg,337715,5b30d25b0218c4608e5b13193c0dca7ce032b6ad13f167fe06d6fe16590f493e,2048,1365,RGB,3,8187369fcb11e1d9,True,
target,healthy,data/pp2020/images/Train_835.jpg,424975,2c287fe4d1249a6e5c6c3b50e7c8c53e6382c03647c1ce032b792a9446e5b8d8,2048,1365,RGB,3,986a312efa9e83b1,True,
target,rust,data/pp2020/images/Train_836.jpg,208087,ada6034caf85b1af985e7c5e4aeca620ce6ea0dc990d76869cc33cb3083767ec,2048,1365,RGB,3,ea15ea31b178648f,True,
target,rust,data/pp2020/images/Train_837.jpg,153950,c44573575d95120cc8c545186065574b0a337efdb32bc4574d2c1d6a2a63a7d8,2048,1365,RGB,3,9005d36127b0f77b,True,
target,scab,data/pp2020/images/Train_838.jpg,280086,22fb10d6ab4fad532c5ef61220d79f12b0fd446e2b8405495f4795796f5c6701,2048,1365,RGB,3,cfd3205089578c7f,True,
target,healthy,data/pp2020/images/Train_839.jpg,284200,0c758f9d86e64e286ecdf96ead6b8160e200e13a9325525f643c4b2f2993270d,2048,1365,RGB,3,eb1e21f887d0b9a1,True,
target,scab,data/pp2020/images/Train_84.jpg,165986,45ccf58b76687a8661d1816f76c8ccc393c9bf9b76c24e0f2289d35a9dfda995,2048,1365,RGB,3,ea0ccc3d246735ae,True,
target,rust,data/pp2020/images/Train_840.jpg,189954,63d2e8d7e749b6d4f8217fc3a595924bab288627bececf827474683c8edcef18,2048,1365,RGB,3,c9f437e4f9c96808,True,
target,rust,data/pp2020/images/Train_841.jpg,163572,226a5db2c6bb5805acdb18a77c066028c641f96eba36eb3afc6910039c8af50f,2048,1365,RGB,3,86977a4aa7a4d25a,True,
target,scab,data/pp2020/images/Train_842.jpg,190543,687e03edfbc9f71f50a347c7784e011680b6e5bde6ccba1feab27837c2d89358,2048,1365,RGB,3,83a78f94a136b1cb,True,
target,rust,data/pp2020/images/Train_843.jpg,231478,620d6ca3e51927a46a100c52551274795ad73976978e46a186a32784a4b11adf,2048,1365,RGB,3,fc010fb0711515ff,True,
target,scab,data/pp2020/images/Train_844.jpg,171162,c9b864df2a7c97f5980e5421d10f153584f11732b49209957431563d39d15511,2048,1365,RGB,3,fb449c92e0980f6f,True,
target,scab,data/pp2020/images/Train_845.jpg,230192,dfc6aeba26e7c68c383850bf3d8e755358d861a7fa4ae8cdbd1ff92c654af25c,2048,1365,RGB,3,cf0a3539397cb324,True,
target,scab,data/pp2020/images/Train_846.jpg,141308,f487fc54dedce5649fdc74f8675542d8a9120ae0b8df0e96f851ccdc58104a1b,2048,1365,RGB,3,f124c2f21e5b3c5c,True,
target,rust,data/pp2020/images/Train_847.jpg,405126,9ae2969e7338759afa655ab863e24d15cec72e1e9bc2307043e151c2f81c8c93,2048,1365,RGB,3,e90e1ac8b7e7aa50,True,
target,rust,data/pp2020/images/Train_848.jpg,163981,b7a964bbf5afc6acf9080d058ef035c29acce86706364be7dc33c289d79605f1,2048,1365,RGB,3,bd1108df9c9bd80d,True,
target,healthy,data/pp2020/images/Train_849.jpg,243373,6a377371bcbc1a391338325738a3bf5bc7a6eb59e50d25372e454577a070ec4b,2048,1365,RGB,3,857826cfbc93b44a,True,
target,scab,data/pp2020/images/Train_85.jpg,173343,2bc7b6cf47deb4736534b05cee978f1d9344e7c261ea706763cbf34575c5fcd8,2048,1365,RGB,3,8ce59ca61c966dc6,True,
target,healthy,data/pp2020/images/Train_850.jpg,236238,c20011b47c6668e20d82a5d6ac757a4133beea3531747ce0fe5bb7df3fdf21b9,2048,1365,RGB,3,a78fb184c93a662d,True,
target,scab,data/pp2020/images/Train_851.jpg,320311,58506a434734a9522bcd25e42fa5b6b5970d10ed5148659bef6d585975a346c2,2048,1365,RGB,3,eb14e0bd67aa0f41,True,
target,rust,data/pp2020/images/Train_852.jpg,168285,f080d3ae0a5041383733fdbab6e1ec8190ca16d808a2999bebb8aed3cf23766b,2048,1365,RGB,3,c1d52d7afaea1a04,True,
target,rust,data/pp2020/images/Train_853.jpg,226250,9f04587aedaf3676e511aa0085bcfdd012fa6ede94660efc932d3a45d1d34ead,2048,1365,RGB,3,b5c54af87a14d370,True,
target,scab,data/pp2020/images/Train_854.jpg,174166,8372db6d308ed09b401b86d3bafee2ca3a1f7ad989de53955fd0bf674014fffb,2048,1365,RGB,3,ae32d1b49db4ac58,True,
target,rust,data/pp2020/images/Train_855.jpg,254247,ee5074ef9c64df7864a5b2fb595e028f8b9d79d85ed22af63ceacc7aa883307b,2048,1365,RGB,3,e0fec0c0838bcf8f,True,
target,scab,data/pp2020/images/Train_856.jpg,217476,2f2e58ef0bc857d5144fc14ed29e68425b24e417c93a009f12a17b7d8fd783c5,2048,1365,RGB,3,e00f85547751cbf2,True,
target,multiple_diseases,data/pp2020/images/Train_857.jpg,219150,1b99db7888b5802bddb0363da59f3686e2cea616adc31cd06f66c190debde3a8,2048,1365,RGB,3,d2266ac99461e9db,True,
target,scab,data/pp2020/images/Train_858.jpg,161723,3f31ec2c1cb9c059de2ba83def29874d6abc723e8631e876871913aabb5f1d9a,2048,1365,RGB,3,b80391f0dad96f98,True,
target,scab,data/pp2020/images/Train_859.jpg,162660,e61f7f2898de2ca281e3ecb0690cf924467b5274b0dc11c7b21d58155c7ccb0a,2048,1365,RGB,3,80e43ef3b8cb216d,True,
target,healthy,data/pp2020/images/Train_86.jpg,150336,7648c6b06b7fb65d2e57035ceebc71c157662a6f47d068892fda20de8f041960,2048,1365,RGB,3,ade390c20e9c6cfa,True,
target,rust,data/pp2020/images/Train_860.jpg,234583,aa34ab7dfd9ab860b4289da86482e5127000f6679504bafa6a292fb307255c36,2048,1365,RGB,3,a8d4351a75f7c20b,True,
target,scab,data/pp2020/images/Train_861.jpg,229669,65919d43d819f753a6810f0910e6c6f2b5d7825b51849f6f4d29af5e4992d44f,2048,1365,RGB,3,bf21ed8c4cc8da98,True,
target,scab,data/pp2020/images/Train_862.jpg,187413,9bd052b252a90d975bb0e2d48ec4e8c78ae11690230aad3f9094cbf042b6b281,2048,1365,RGB,3,bac0f5c16e87171a,True,
target,healthy,data/pp2020/images/Train_863.jpg,225615,009a62a3e8d75329224eb51e90460bdedfc907d504ed0dedb0360f9875d6e2ed,2048,1365,RGB,3,8f3863d86e4b0e33,True,
target,healthy,data/pp2020/images/Train_864.jpg,280623,63b0c18b03e09f4aae2cc3aabfe6f04399dac9ddd14b88f3bd4ff6b5032ad866,2048,1365,RGB,3,fbf287569041f229,True,
target,rust,data/pp2020/images/Train_865.jpg,170003,6cf2df7ce9f92b0701df8f17d0b3c9c57132a47510893443c77a30e3bd3679f2,2048,1365,RGB,3,85dfc22c76240f73,True,
target,healthy,data/pp2020/images/Train_866.jpg,277013,71135037ef5c58ece769bbe1a947e82cb1bc9a29ef3713e9e91b6b4b168e2538,2048,1365,RGB,3,fca2549ba15e256a,True,
target,rust,data/pp2020/images/Train_867.jpg,321558,9015516d4d1a6605660d113f2ecafd5757ea76543a755176d39764480e8c5ed0,2048,1365,RGB,3,f8379922992aea6a,True,
target,scab,data/pp2020/images/Train_868.jpg,178010,ae1f30e122d638d30af6e3ad8c8e036166b73107356fb516ba26244ef8ff33fb,2048,1365,RGB,3,ae7385d1d703029f,True,
target,scab,data/pp2020/images/Train_869.jpg,277585,fe142091922a23304460a761ff1c6f29ed42c2390d431a6f61740d55b6a49dda,2048,1365,RGB,3,ec85bfa0564f702a,True,
target,rust,data/pp2020/images/Train_87.jpg,237945,7baec84b5e8b4aeae8d68c448b9d1a9bda66c5d63aa9435d4e18d91d052aafd5,2048,1365,RGB,3,8277c79e9c9ab803,True,
target,scab,data/pp2020/images/Train_870.jpg,177797,80c59015d632d1d7ea6fa10422bea0fce0f442625565b4f738d49ffe415b3390,2048,1365,RGB,3,d2c9c97c4cc2743d,True,
target,scab,data/pp2020/images/Train_871.jpg,164442,914e2cac1cc039cda395f0ff801c28d79af2ba300dfce44a6719030c4a70b626,2048,1365,RGB,3,814a55af2e5eb42e,True,
target,healthy,data/pp2020/images/Train_872.jpg,211483,a0f01f6a593123914a43dd32541c9a286efd7edf47a4d334fa5a2e87d002e69b,2048,1365,RGB,3,ba9b5da444868b5e,True,
target,rust,data/pp2020/images/Train_873.jpg,207626,086c1779269fe5b913d4a65752dfca286dc8de11d79bd17120eb01536c472c06,2048,1365,RGB,3,9b969e916cd54c26,True,
target,rust,data/pp2020/images/Train_874.jpg,317576,211b17d87c416221381d5b36a8e21d330b98ef83af3dfeff78378a1e205f2f9d,2048,1365,RGB,3,ea2a2c4cd82c6fd5,True,
target,rust,data/pp2020/images/Train_875.jpg,269850,a7d68a6b8fff33cb1e591a6c4cf9027ecf1f6d8b92f36c2a443c44f018ea1124,2048,1365,RGB,3,a4cfe095695565a5,True,
target,rust,data/pp2020/images/Train_876.jpg,250498,67bbe9e2bc515ca6c8afae5984d1d1d32f657fdb0951f2e1f63ea6c97d5441d0,2048,1365,RGB,3,951c6b68c0d1b5ed,True,
target,healthy,data/pp2020/images/Train_877.jpg,342282,b647d20a63eda475d3220f7367a1ed82bdc74876041b65ac32f18b01b17bea7f,2048,1365,RGB,3,89d5a8db9e4e6123,True,
target,scab,data/pp2020/images/Train_878.jpg,256097,0afbcbb0f0576c4f5918fb664e17bee27b255ae4c5df708e259d66003087820d,2048,1365,RGB,3,81723d8a152fdfc4,True,
target,scab,data/pp2020/images/Train_879.jpg,207642,39386bcb44685a22e23bf31a49cff279b89937a6c507aa2a47de6e2812f578ee,2048,1365,RGB,3,e9b466890a69e9ce,True,
target,healthy,data/pp2020/images/Train_88.jpg,331306,759e59e8ebb8bea0a46c5ec37a1e0ac53d6290f191f0b1f3d28921fb6db286ea,2048,1365,RGB,3,d564924dc2d35cb6,True,
target,healthy,data/pp2020/images/Train_880.jpg,161496,c3f1413e698fe8bb32822540d601901366c8c66973d64fb04d3ce73de91cece8,2048,1365,RGB,3,fa3785ae1645705a,True,
target,healthy,data/pp2020/images/Train_881.jpg,210419,77ef625e7175d7fcae0d99694c2ff26e88ea53a2a1c3d812c8edbdcb488e9fd1,2048,1365,RGB,3,de7b23cef44c0342,True,
target,healthy,data/pp2020/images/Train_882.jpg,172561,833325a0f3590e2e18e2ded6b62f120731b006adf26172eca06557b10954b6c2,2048,1365,RGB,3,dec42ddf6409d0e1,True,
target,scab,data/pp2020/images/Train_883.jpg,214788,2981303a77b7bcd0f124d4d43ba6255f60b19197bf89dc9991a75eeaca56984c,2048,1365,RGB,3,d2847bea34c3768a,True,
target,rust,data/pp2020/images/Train_884.jpg,163174,ecca741462c41c69716376b12d8ac5bf506a0ce4220fb229fe26f644a4d1f76b,2048,1365,RGB,3,b6ba9ab11bd29581,True,
target,healthy,data/pp2020/images/Train_885.jpg,155446,e2a4cf72eed5fa7d04d0dd5c9615902ff8578b03c211f91690183608eca1ec7e,2048,1365,RGB,3,da68d33ec83ac18b,True,
target,multiple_diseases,data/pp2020/images/Train_886.jpg,195076,c69b5b461aa4d6a37418235e840eaedf513b5b5a2ca0278022d1257bb3d127d3,2048,1365,RGB,3,cdea8de2b1c1a135,True,
target,healthy,data/pp2020/images/Train_887.jpg,240876,74232503b9020fcb827e0b911d14a0f5e1201e90c4bf19b08a41a4a216ac9a3f,2048,1365,RGB,3,ef028c67983b813f,True,
target,rust,data/pp2020/images/Train_888.jpg,202978,48712b0e1344b465705dc7b82e69702e52b8850edc43286aae9fa6f21438a7fb,2048,1365,RGB,3,c768c37c784934f4,True,
target,rust,data/pp2020/images/Train_889.jpg,179682,10b93c4fe67c4fdc7dbd16cc0cd620fb0cb4c98f6542648183e96cf70ebfbab7,2048,1365,RGB,3,88e3af0caa9e497c,True,
target,rust,data/pp2020/images/Train_89.jpg,218261,427ae14ee34452871879b012ac70333b996f6168a9b36f30c2c51a927a2d3d30,2048,1365,RGB,3,d44b7c4eb304523f,True,
target,healthy,data/pp2020/images/Train_890.jpg,102306,21e783843ca39ab7f20ed8b8b021ceaf47377dcaecac24539cdea6b55cd1d420,2048,1365,RGB,3,8b131c29d0cf0fde,True,
target,scab,data/pp2020/images/Train_891.jpg,214873,2cdb7637e9eae41a1c1c4309fde4a42723261b6482d80dbaf468e3dfb0833e97,2048,1365,RGB,3,e05ac7ce9ae9892c,True,
target,rust,data/pp2020/images/Train_892.jpg,229586,a236081f4f038dcadd35783dbc3946c4065caa00c8ea3ec550c14245f495d5dd,2048,1365,RGB,3,c0d1ea407b6afd2a,True,
target,healthy,data/pp2020/images/Train_893.jpg,263802,fefd485f640ac946a26eeed33710dea46d7de4157a0cb8c4f3a555217b0b5616,2048,1365,RGB,3,a21537e83d4be09e,True,
target,scab,data/pp2020/images/Train_894.jpg,193668,003015a4ca1cc6352f65bb132365eb9c21e09283a9b229791804c5aaa7350b43,2048,1365,RGB,3,ce803ecf783827f0,True,
target,healthy,data/pp2020/images/Train_895.jpg,183972,24d9c7c0462c5df44a4db2b6c3eb5ca83c9a3c2f03ba81e4394da9c726b1a752,2048,1365,RGB,3,c3076e8cc6493b8f,True,
target,healthy,data/pp2020/images/Train_896.jpg,173264,4ef519679ac9fec6b909eeee2f454a984cdd0d663bcab287bfba5f70390a3aa9,2048,1365,RGB,3,a14c3ed0ce99583f,True,
target,healthy,data/pp2020/images/Train_897.jpg,396194,b456f1a4fd0b9831cdf48546d8e9ff1e43d0646288593706b4eb2c72aa61b7b6,2048,1365,RGB,3,e3c3c82ccf33f032,True,
target,scab,data/pp2020/images/Train_898.jpg,254748,b9f3f9537cb5fc493f3ebe8f160f3742c110f89b88276c453c3582ddcfbfeea5,2048,1365,RGB,3,f018e1b8c3a1aff2,True,
target,scab,data/pp2020/images/Train_899.jpg,258017,281cb8f72913be2a227497b87e4a22b766d9d2e345549b560004f29728201382,2048,1365,RGB,3,9c3e298d1ab470e7,True,
target,healthy,data/pp2020/images/Train_9.jpg,140389,e39ef727e9ad64da17ae572658d0a91e978508956c8f46c3b3eda88361b8f91f,2048,1365,RGB,3,8dad717a4a85a3ac,True,
target,healthy,data/pp2020/images/Train_90.jpg,181757,f21be5fe25d3ccdc9d0d25b885cda5be7ebbad3b3b20f0ff1854d6932ee142d3,2048,1365,RGB,3,fe2027f594a50ca7,True,
target,rust,data/pp2020/images/Train_900.jpg,187830,dc0116cb0f6f3f71b43f830ffb0df3b24e22dfc57ec13e7442872a144af660c8,2048,1365,RGB,3,95b0ca6c25bd3e92,True,
target,healthy,data/pp2020/images/Train_901.jpg,164874,570de12e5f8f9e8ce579b24e3905d86528387a754b88058d690b6a2c607f6490,2048,1365,RGB,3,9c634b69a5d8a6d2,True,
target,scab,data/pp2020/images/Train_902.jpg,277587,564f125bd0ab618941c13a9c4fd054337ed8b75fddc71f1422b517c8bff4a901,2048,1365,RGB,3,95ed69c560be3590,True,
target,healthy,data/pp2020/images/Train_903.jpg,404612,f8c2f10dcf20a8ecc131e039a46d60ccbb02fd0f0893c068cf464cb47929e590,2048,1365,RGB,3,f5b6c6e6aa4c5c40,True,
target,scab,data/pp2020/images/Train_904.jpg,173670,54d680f1d2512565fc2f34ec100b3307edcb2ef83f6de3360d1db21227119f61,2048,1365,RGB,3,f4c8920fcabc8d59,True,
target,multiple_diseases,data/pp2020/images/Train_905.jpg,325367,1bf53e9295f61dea5815ca8595aecf6b4f74a459a6a9ba4048c4461bfdf3ebea,2048,1365,RGB,3,991876c98d45cd7a,True,
target,scab,data/pp2020/images/Train_906.jpg,206063,2661ed6930b68518a089680169844f2f10d44fe58b156757619bffe1f05a806d,2048,1365,RGB,3,9ae52d363032637d,True,
target,healthy,data/pp2020/images/Train_907.jpg,168517,c5403634b0266b56504ab7a7703d31f625b35e99bcf25c8f2b0f88ef1fc8d759,2048,1365,RGB,3,d49d30746d6a26e5,True,
target,healthy,data/pp2020/images/Train_908.jpg,317668,b6f4dd4a790dfb34420a528f2a46d825c4ea1ca065dce386b63d6e8afa8481fb,2048,1365,RGB,3,d2df6494c8edb282,True,
target,healthy,data/pp2020/images/Train_909.jpg,238067,45c24eddb1092befc08595f8197700254924280ab4ec1120452fcbc7a4e2b0b0,2048,1365,RGB,3,bedd974a5a226854,True,
target,scab,data/pp2020/images/Train_91.jpg,214283,32462ffb66e02d1ca54cdeddd1a57a976f0a9573ff9decb898795b5b9df755b0,2048,1365,RGB,3,cf807cc981bf8c78,True,
target,rust,data/pp2020/images/Train_910.jpg,189560,41f1e5e4f051f175c1c180af2cdb692054d92eadebe27e40f8f1f49b361740bc,2048,1365,RGB,3,cee66ac4aaa81ce9,True,
target,rust,data/pp2020/images/Train_911.jpg,254199,c7bc148a37e335cc26be4ed7cd29c8f03cd73e2a898e7ebffcaaf51582bdc42c,2048,1365,RGB,3,89bf2f7258719624,True,
target,rust,data/pp2020/images/Train_912.jpg,221739,89f5e63b5e3f07d30f668b9417d2abc9a44f501ca3779a4dcccd9fda63e49e42,2048,1365,RGB,3,8f56d48dad986153,True,
target,rust,data/pp2020/images/Train_913.jpg,173333,5a0ae970630761f16e82fe8667c1431b2c19f2716cbe08553f7336d9aac103a5,2048,1365,RGB,3,90b626d6d2e8cfa2,True,
target,healthy,data/pp2020/images/Train_914.jpg,245031,7b6e7c3b0bdfca534c1929a07ed2e8838fde382fd7c6241bcd5a20d37f67d3f2,2048,1365,RGB,3,be5db7ca5a026854,True,
target,healthy,data/pp2020/images/Train_915.jpg,341951,447c05ec4e7d2430f666a77169d8bcb9546dad09bfc61b6f488a614a5a932c78,2048,1365,RGB,3,d86166358e6b3396,True,
target,rust,data/pp2020/images/Train_916.jpg,178742,3ed445720bf4f34631a4f752d1583bddfd1dcef286f7c6241ed4d265366e99e0,2048,1365,RGB,3,ae834fd220cc0d7f,True,
target,scab,data/pp2020/images/Train_917.jpg,200664,82525cc03ad1aa5cf8dbf2335c9e13f21db2b0f7f334f25f44465b69920728a8,2048,1365,RGB,3,d68682978d43f54d,True,
target,healthy,data/pp2020/images/Train_918.jpg,135087,dc9aba169cebd41653af79d9db2c4921f94ce8b2b663a7b8c6d04e73ed2e816a,2048,1365,RGB,3,8b8a6664d1991b7b,True,
target,healthy,data/pp2020/images/Train_919.jpg,260409,20a7f4e97e05875d9aae5ad353ffc1597647f944f1b60047debf8d2d692af8cb,2048,1365,RGB,3,a86ab5aa8ba648f5,True,
target,rust,data/pp2020/images/Train_92.jpg,264326,0026b7960a4aa3a361f4c8b79e80d69907ae2e593e3681f1bdd829473d24ab9d,2048,1365,RGB,3,9a76aa9da3592d11,True,
target,rust,data/pp2020/images/Train_920.jpg,199074,2d04447cc76d9a27faa477274d3778c300cff7d12e36f745215d6aa70ee35634,2048,1365,RGB,3,9a606cc9743e1b37,True,
target,healthy,data/pp2020/images/Train_921.jpg,306240,429fe1a2d083418ca807d6b76e3cacdd5d5c754a402b579c8e7e524f0e95acf3,2048,1365,RGB,3,ad87d43d487a9529,True,
target,scab,data/pp2020/images/Train_922.jpg,154736,9307afc551073538e7a852a0ae0843fa1ecccb15bd075baee5923cd364b7e2ba,2048,1365,RGB,3,e8ed1dadf10310f4,True,
target,healthy,data/pp2020/images/Train_923.jpg,364665,7d1c73b7aad9f842eff24964da2a4f5160adc6694cbf813ec99b00f0f544fb09,2048,1365,RGB,3,b4732cf3c845615b,True,
target,healthy,data/pp2020/images/Train_924.jpg,277546,8f5569baa8f126fe7e80fcb62cf16eb7a9e49acbab5608848922448e0d298ac9,2048,1365,RGB,3,a9ad8ddcdc8c2964,True,
target,rust,data/pp2020/images/Train_925.jpg,250398,c2b63fa5ce48f3d38853b405ddacb1dded501ce80def38fe662f2472acc7864e,2048,1365,RGB,3,cf637d94e83a08d8,True,
target,scab,data/pp2020/images/Train_926.jpg,232080,c8b82d07b01f1345dc0a7f64d17298aee90355410e141df5137b9a508cde8aaf,2048,1365,RGB,3,f0f06fd1899b819c,True,
target,scab,data/pp2020/images/Train_927.jpg,281470,4b5e52944871d979283cf789162613745bd6f7f078019f99a43cacab07b11ebd,2048,1365,RGB,3,9b7dd5918f628264,True,
target,rust,data/pp2020/images/Train_928.jpg,183233,2b9ae19c0ced9c38b2f63e751c2c901bab3c6506e3c91b034cd24a0b8db15af2,2048,1365,RGB,3,e303e31f1e7c3087,True,
target,healthy,data/pp2020/images/Train_929.jpg,161986,9156d89892cbf3b91c17083f5dd4b6eb260f804c53f5e47d8d5aed2f5a2ed3c8,2048,1365,RGB,3,d5f569888768cb25,True,
target,rust,data/pp2020/images/Train_93.jpg,202213,247640258e958d1e3b108c30d0ea21830133dc73df2760f4347814e4b2a0c6f0,2048,1365,RGB,3,abc397970c5a3c68,True,
target,scab,data/pp2020/images/Train_930.jpg,360359,5923768c070f60e35847fef9f574dc55b3623b0be163c376e2d2cb3690b83eeb,2048,1365,RGB,3,e242d4dbe8b119c7,True,
target,rust,data/pp2020/images/Train_931.jpg,318130,8b98934bf4c5b92c753b2a40ca74ad8afb5861b930070285c85fa43ab35e5818,2048,1365,RGB,3,e8212ddeec024fec,True,
target,scab,data/pp2020/images/Train_932.jpg,244109,d6632cd72db4e3c562f797a89c88fe5e3d674093c5972bdc86e2725580fc90f0,2048,1365,RGB,3,cc856ac66dca705d,True,
target,scab,data/pp2020/images/Train_933.jpg,171013,a67281c4aa4ac0344192d2098514f6406a7760e6261b3e92be65786a18f61817,2048,1365,RGB,3,ffe5c087c58986c8,True,
target,healthy,data/pp2020/images/Train_934.jpg,210920,f938ecc3b67c490c30a1f9447dab03d66d3c4a06048fec41ac898c9fc1998ddf,2048,1365,RGB,3,cca6975a5a4b4b4a,True,
target,healthy,data/pp2020/images/Train_935.jpg,211968,e3cc49e7abb02d6326708e66c0c44890b12ed40a9efbfd6b3395f5a9bfbd4505,2048,1365,RGB,3,8bad72f2b13b5242,True,
target,multiple_diseases,data/pp2020/images/Train_936.jpg,179441,192465980bab0bd414cfa4b3f3677c048b0eb071f46c490a2fc2d8bc44d635c3,2048,1365,RGB,3,ca782c131f5ce0fc,True,
target,healthy,data/pp2020/images/Train_937.jpg,335330,00e7b6cf3f43be0b2f98cb5c68bc1b6fef35cd53551a2b7e5e5c4622b1c1cb95,2048,1365,RGB,3,aaded47e38346186,True,
target,rust,data/pp2020/images/Train_938.jpg,256054,d98888f4acd57d4f69d82bef74875c5fe5c5411b616f804f06dcde5181d0c563,2048,1365,RGB,3,c3343716d65a5a66,True,
target,healthy,data/pp2020/images/Train_939.jpg,355363,1ca086447a150dc0e6effc798047d5b666dff93af317a62eb1df9eb812d43a21,2048,1365,RGB,3,9fb4284b666f4b0c,True,
target,healthy,data/pp2020/images/Train_94.jpg,173580,00b07ee5e42556d383aaaba1931b338428f46d47f089467066171960be550173,2048,1365,RGB,3,86c1752e96a1ba6e,True,
target,rust,data/pp2020/images/Train_940.jpg,175176,b24fba2a9d347d8527dfd8653359c5575187a58d5c13e0b3944b7a84dbe2f8b3,2048,1365,RGB,3,d2972b4bc332d22d,True,
target,scab,data/pp2020/images/Train_941.jpg,217154,59681a797817228efd01c4b5cfb299fbe93969239e622baf3deb06dd47cb94bd,2048,1365,RGB,3,a3d0925aba2d5d6c,True,
target,healthy,data/pp2020/images/Train_942.jpg,344864,bdc4b299fb5167a098cfd290d834b7ff02c8ded36a552602d0fdab987ea9ea67,2048,1365,RGB,3,8cd7f8969ea81705,True,
target,scab,data/pp2020/images/Train_943.jpg,244818,fbcfb1240546b19306e0aad983b643110f8e82c8b2996119f8f73059f8263f8f,2048,1365,RGB,3,d9e3d936cb23011b,True,
target,rust,data/pp2020/images/Train_944.jpg,240282,9973ad3d7544db36c25e58ef3276facaee8ca5dcf9e80ce81062b890b12964eb,2048,1365,RGB,3,dfc2200d6998ef93,True,
target,rust,data/pp2020/images/Train_945.jpg,167286,e95e857018b1d45ba2728e47c4bec9f84812b06a6d8180ec869a8d1e22b48200,2048,1365,RGB,3,b724c1da0aea6b33,True,
target,scab,data/pp2020/images/Train_946.jpg,225089,0f267a509281ddaabc23dab791bb6d317b6acf19c5563073d4b1d8a79b39152a,2048,1365,RGB,3,d9c2c0a1dfd7282d,True,
target,healthy,data/pp2020/images/Train_947.jpg,159510,9fb485dda7511230e827085f890c06cc85a08800ea6534b060954134f10a74a7,2048,1365,RGB,3,ffb4a594a30f0358,True,
target,healthy,data/pp2020/images/Train_948.jpg,499106,d81a8939a3a2d2e5bcbccf2f90316fec2e206e8c388fec44148c8e2319c51f89,2048,1365,RGB,3,8f0e6166cebc10b7,True,
target,multiple_diseases,data/pp2020/images/Train_949.jpg,219660,7103d845d02f9ccb8c33887e0234a53ef0a7a5fbdea24060ff0d7dafe7143bc7,2048,1365,RGB,3,c5d171c182aaed3b,True,
target,multiple_diseases,data/pp2020/images/Train_95.jpg,170394,f88f97aabb438776027181b1dba8a6b34b0bf315a749d0e08f87861b8d209e07,2048,1365,RGB,3,c28d7a2f91403fd9,True,
target,rust,data/pp2020/images/Train_950.jpg,193646,962847175be9264a99390b4d35067eb859e000f743f74f11d4fb69f4e38f7a35,2048,1365,RGB,3,be0996c056e03ef3,True,
target,healthy,data/pp2020/images/Train_951.jpg,185846,45d36a5d825b0773ee3bb9528635113ee576b6ca65f077edee18fe17538f1f0e,2048,1365,RGB,3,e085e292674a5eeb,True,
target,healthy,data/pp2020/images/Train_952.jpg,344402,7f7fa8117977f2b1109122c1c72bccb07bbcd644eb29540ef6001cd5cd092cac,2048,1365,RGB,3,8df677ae2380cc86,True,
target,healthy,data/pp2020/images/Train_953.jpg,194959,5f0fe89ef1dfeef382180c6aba158fb8db729628bd53f980b1ba4c11a9a1a82e,2048,1365,RGB,3,8c8785855c5e7b6a,True,
target,scab,data/pp2020/images/Train_954.jpg,189478,8847f1b898db7b825bf7b096fae12ec08733a61aaa0c314e482df65ba16782c7,2048,1365,RGB,3,aaaa20556eadf03d,True,
target,scab,data/pp2020/images/Train_955.jpg,173688,57b41627175fba0bd4eeb8eac86d14dbd5690cc4e3bf565b08c7192254146951,2048,1365,RGB,3,a42ada36cff12591,True,
target,healthy,data/pp2020/images/Train_956.jpg,151780,b43fa2f1d772418c4ad45ef0b50ad54ba168f8244dbe397d2433009005a41991,2048,1365,RGB,3,c037d680bdacfb28,True,
target,rust,data/pp2020/images/Train_957.jpg,240030,3ad6a56d19347d035aff02baeb95f1c1da1bc72fac77dd36c161f0ce08bf14dc,2048,1365,RGB,3,85e36e1b30afca61,True,
target,healthy,data/pp2020/images/Train_958.jpg,129483,ab0ea42088d22f302e3e46f26d61e1196832d7fc991640630b29b4f273df1084,2048,1365,RGB,3,b27065031ede9a6e,True,
target,healthy,data/pp2020/images/Train_959.jpg,256217,c65b4c9f653ad846a6a05566223fba40026d507c381b5ddfe93b34451f634d16,2048,1365,RGB,3,90777cdbf0780ac1,True,
target,rust,data/pp2020/images/Train_96.jpg,188407,159e91f294b40b29895f8e07820d3b2e33eb15a4226734e11bc42e05c83af68d,2048,1365,RGB,3,95d9b7395a846a64,True,
target,healthy,data/pp2020/images/Train_960.jpg,201661,f751e5f0626da4544a5aaa02e1f6e60b90419e2288079eb3863f90cdb6b41458,2048,1365,RGB,3,fa618143d702d2df,True,
target,healthy,data/pp2020/images/Train_961.jpg,131363,2e4d1fba8ca0a1ed87479adbfe23277ea66f8846a681313ccef78d39911d74dc,2048,1365,RGB,3,9f2f7860e1c6c48e,True,
target,rust,data/pp2020/images/Train_962.jpg,208482,117ce6440279c93d71b1146e2e6ec15cc26c5061ccb1eda224be0710e2e54196,2048,1365,RGB,3,d19b78619d800f5f,True,
target,healthy,data/pp2020/images/Train_963.jpg,277327,e89388b42f8225217067cb201cc517df6be45da644edcfbf5d604bd4e10f406c,2048,1365,RGB,3,f0cbe6e183846ce6,True,
target,scab,data/pp2020/images/Train_964.jpg,230993,497bb07dab526a3a75c0af74f27da5f6951de6c0f01361357cfae3b65f314574,2048,1365,RGB,3,97d6687ae46b2229,True,
target,rust,data/pp2020/images/Train_965.jpg,186732,481840dbaea633185fcbbcd98fa71159feb08e60028c143d6bc4ddc3a54b7027,2048,1365,RGB,3,995b39b52266626b,True,
target,healthy,data/pp2020/images/Train_966.jpg,313929,d4d2b6b98764dbc154230e5df73a329ded74fd919d11d8b5bec2bd5428f1062f,2048,1365,RGB,3,ea8392b3503f4bac,True,
target,scab,data/pp2020/images/Train_967.jpg,206938,3a95aff519de3a997e82c7b15fc426eb1e30462c74ff4920444bfd7323f5025e,2048,1365,RGB,3,d181633f27f13d24,True,
target,healthy,data/pp2020/images/Train_968.jpg,189908,08615e9841f31bfc1cddf737aceb26571266a0c3c13833baefe04bf40ef2ac5f,2048,1365,RGB,3,f463c2cb0b347873,True,
target,healthy,data/pp2020/images/Train_969.jpg,239710,269a8ed674699c19f494acaaa058316b1ef0704b163c762a0fd9975566d420e0,2048,1365,RGB,3,eafccaa4cdcaa881,True,
target,rust,data/pp2020/images/Train_97.jpg,273163,ff1bd5db4480a853656d0512fc33b9be8cc37eb1857f6dca64b0e5e6576fb033,2048,1365,RGB,3,a9b264db97b45443,True,
target,scab,data/pp2020/images/Train_970.jpg,179252,8864fd5d12b4e2d16706744617b5c4a67ca421f5a9f892fb6d4903d9987fb06d,2048,1365,RGB,3,dbd899a1b1404beb,True,
target,rust,data/pp2020/images/Train_971.jpg,154615,985845e1f508c5ed6bc81198cfbdc9a9095b41f13a30e9be63abc54fc5a42189,2048,1365,RGB,3,bdf6c0c0d827e61a,True,
target,scab,data/pp2020/images/Train_972.jpg,174694,e6a9c625eb21d80edec5d42d2bd262220ce2a387a776e0efa5ef8832017a75b1,2048,1365,RGB,3,e33dd780679a0a55,True,
target,scab,data/pp2020/images/Train_973.jpg,200238,b153f5fd6678267f382e390113ad864bb4d64deceb5243c2af32f9a7c6c8afcc,2048,1365,RGB,3,a5329e4c0e2ffc15,True,
target,scab,data/pp2020/images/Train_974.jpg,171506,783851b625c92a96349c489ab2430af6be91de570005e6dbbb5728fe8a1f252c,2048,1365,RGB,3,bfb76c4989b21262,True,
target,rust,data/pp2020/images/Train_975.jpg,222922,d82c3fd9e9a2cfd62835ebf3551c86d93c080b3373fa69c982d1dbc86a44262b,2048,1365,RGB,3,831abdc76c05e23d,True,
target,rust,data/pp2020/images/Train_976.jpg,190474,64a602d65d4d0cc1827cd71ae85c30da6d0d42c297ed03e1dc473518dcde5ec3,2048,1365,RGB,3,8958ae67d2a55267,True,
target,healthy,data/pp2020/images/Train_977.jpg,209545,394f454d650694aeee98f855b37b3f405ff22bd9b0e8eda9b5cffb0f93763e74,2048,1365,RGB,3,a0f1966f04266fb6,True,
target,rust,data/pp2020/images/Train_978.jpg,165756,41cb5958dac8d92aa1555655a3d2c42c10d4761fb5188d0208e177249221aae8,2048,1365,RGB,3,97c36b7ccaa15641,True,
target,healthy,data/pp2020/images/Train_979.jpg,290997,7554368addc3b4cfcdc9f3a7e6f648211df61c3fa6a3808cf2046e55d40bc2d7,2048,1365,RGB,3,c92a3d92cd2b9770,True,
target,rust,data/pp2020/images/Train_98.jpg,245650,a3abf555810f03a2d960f14c3cb741135bd61acf128304b64c3d9c4690ca2e7f,2048,1365,RGB,3,f66b696596d48c82,True,
target,healthy,data/pp2020/images/Train_980.jpg,245246,831002d1d4fe58a1aa693c7b6279124556f58c7fa3c3048f0244c7c8db843348,2048,1365,RGB,3,899574e4bca44dc7,True,
target,healthy,data/pp2020/images/Train_981.jpg,284988,0691ffd4e09f5a968bf01cca4973d06b0a16218dcad471dcc9c4cd894330d661,2048,1365,RGB,3,a9df52abbe502681,True,
target,rust,data/pp2020/images/Train_982.jpg,378322,b4459e93200236ec975231f31059f4b84b0a6b5a5b1d2eacd3b52aa22c12fcb3,2048,1365,RGB,3,cdce451ea2996e25,True,
target,healthy,data/pp2020/images/Train_983.jpg,313106,d40b9a8d6dbdaf9459e6a84370aee9fb4ce51d0f5d8b50d2be8f44c8863640a9,2048,1365,RGB,3,812e49b7106faecd,True,
target,scab,data/pp2020/images/Train_984.jpg,194065,6e1d3e07aa0415459285a8eb8066a06e20af4d6f5028e3e4c6606d5c7acb6585,2048,1365,RGB,3,a75194380c77f476,True,
target,rust,data/pp2020/images/Train_985.jpg,171091,ac71004058e2d73e0ddef2b5f67c47f71a41ed7eed03ad097f035e6e770c4e5a,2048,1365,RGB,3,addf968386b438e0,True,
target,scab,data/pp2020/images/Train_986.jpg,123992,96b0b70a3f5120c2f72e7e7a329ee2949a7945bc321b287f3c62bee3a9c58f38,2048,1365,RGB,3,8ecdce9e2f1e0d01,True,
target,rust,data/pp2020/images/Train_987.jpg,154415,eca6e7d6a53914e9c921c6cb5fcd5b9aa75d1dfcfcf17419660811e9d9d15848,2048,1365,RGB,3,ca923e8e816e87dc,True,
target,scab,data/pp2020/images/Train_988.jpg,201609,a83f492ee50166cdf1bcca7f0b8e51ef7139d174a64e6ba0b4fe79ddc39c8e21,2048,1365,RGB,3,8d95da81ea5a7694,True,
target,healthy,data/pp2020/images/Train_989.jpg,452339,d00da167b54898a80049c98f047f101a1c7e23323a50e2a84063d0169591afbc,2048,1365,RGB,3,98dad68799c54b25,True,
target,healthy,data/pp2020/images/Train_99.jpg,244983,5a48089e7da0d905e6724326d2b4d123d4d81c7267c4ae79eae736701e86a0b4,2048,1365,RGB,3,c626b6cd4a7e8169,True,
target,scab,data/pp2020/images/Train_990.jpg,214162,8ad2cd70c2b774ab92cee5af3e63b29de11a5d2ceacbb62fbda5c1e76101983a,2048,1365,RGB,3,d0f535ca4e13873a,True,
target,scab,data/pp2020/images/Train_991.jpg,147047,351c7278a963668500000857c9bd811f608618f56b51997b2d4c2f46662322a4,2048,1365,RGB,3,9efa2fc9204dc60d,True,
target,scab,data/pp2020/images/Train_992.jpg,255527,47c5d34ebb850353be7308cb9fff7288d0ee45ac6f58e8e74198d7455a8db52b,2048,1365,RGB,3,94857e60d987f11d,True,
target,scab,data/pp2020/images/Train_993.jpg,101887,0e72ebc6bcbc8226a8e6be1a89388bc61c0e7b7db81b1296cdabcfa89ff434b7,2048,1365,RGB,3,ff9ac0f615013077,True,
target,scab,data/pp2020/images/Train_994.jpg,164363,0c388bf70430a6e48fd8789e64bb25e081cd0fd507d54abaae6972ee997f6a0f,2048,1365,RGB,3,9867268c3587ec9d,True,
target,rust,data/pp2020/images/Train_995.jpg,183844,2012ad49fab7e62ccabddaeb495df064b4826e0e1036ebd0bd26825356bf74d8,2048,1365,RGB,3,8e903e9fe8b61f01,True,
target,rust,data/pp2020/images/Train_996.jpg,233347,cc86e979725388e0a4fd752b8a372321dc7575a6872e8ff057bddc3d658a7b6e,2048,1365,RGB,3,de3ae0695d704599,True,
target,scab,data/pp2020/images/Train_997.jpg,141596,e9134218097428e82e3d45dbe0f34f103e7c44fba7cd1f4ab76f116a9c582585,2048,1365,RGB,3,a88a8c4b5fc7d652,True,
target,scab,data/pp2020/images/Train_998.jpg,213310,dd24ddeb5389088ca8594f81a07ab4cf0628475cdc9811a138793d3134fb5aa9,2048,1365,RGB,3,965838f5117e87b2,True,
target,rust,data/pp2020/images/Train_999.jpg,160982,106954c15d6c6afd33a3f1767e5aa12d1aeed7f340f4b08cf42982f76e723cbf,2048,1365,RGB,3,82798f32ab063ecd,True,
