phash_distance,scope,path_a,path_b,label_a,label_b,same_label,already_reviewed
0,target-target,data/pp2020/images/Train_1661.jpg,data/pp2020/images/Train_815.jpg,healthy,healthy,True,True
0,target-target,data/pp2020/images/Train_592.jpg,data/pp2020/images/Train_782.jpg,healthy,healthy,True,True
2,target-target,data/pp2020/images/Train_1150.jpg,data/pp2020/images/Train_1365.jpg,rust,rust,True,True
2,target-target,data/pp2020/images/Train_1587.jpg,data/pp2020/images/Train_1593.jpg,healthy,healthy,True,True
2,target-target,data/pp2020/images/Train_162.jpg,data/pp2020/images/Train_356.jpg,healthy,healthy,True,True
2,target-target,data/pp2020/images/Train_1634.jpg,data/pp2020/images/Train_921.jpg,healthy,healthy,True,True
2,target-target,data/pp2020/images/Train_1678.jpg,data/pp2020/images/Train_931.jpg,rust,rust,True,True
2,target-target,data/pp2020/images/Train_174.jpg,data/pp2020/images/Train_1817.jpg,healthy,healthy,True,True
2,target-target,data/pp2020/images/Train_341.jpg,data/pp2020/images/Train_763.jpg,rust,rust,True,True
4,source-source,data/plantvillage/raw/color/Apple___healthy/298c8daf-43cc-4f65-b2db-65623425e5f8___RS_HL 6103.JPG,data/plantvillage/raw/color/Apple___healthy/9fc6acc1-0394-498d-b51c-d2e92febae55___RS_HL 6013.JPG,healthy,healthy,True,True
4,source-source,data/plantvillage/raw/color/Apple___healthy/375f1e44-235c-4ef0-a156-077b71abeed3___RS_HL 8162.JPG,data/plantvillage/raw/color/Apple___healthy/abc9f5f6-ea98-46c0-8df7-2986969318bf___RS_HL 5928.JPG,healthy,healthy,True,True
4,source-source,data/plantvillage/raw/color/Apple___healthy/946b311a-cb67-46d4-8c8b-0d91ebd456f3___RS_HL 5809.JPG,data/plantvillage/raw/color/Apple___healthy/b6808ea5-f26b-49fa-87b2-a1bbbc98d74c___RS_HL 6095.JPG,healthy,healthy,True,True
4,target-target,data/pp2020/images/Train_1115.jpg,data/pp2020/images/Train_1683.jpg,healthy,healthy,True,True
4,target-target,data/pp2020/images/Train_1392.jpg,data/pp2020/images/Train_438.jpg,healthy,healthy,True,True
4,target-target,data/pp2020/images/Train_1581.jpg,data/pp2020/images/Train_1613.jpg,rust,rust,True,True
4,target-target,data/pp2020/images/Train_1675.jpg,data/pp2020/images/Train_417.jpg,healthy,healthy,True,True
4,target-target,data/pp2020/images/Train_665.jpg,data/pp2020/images/Train_694.jpg,healthy,healthy,True,True
4,target-target,data/pp2020/images/Train_759.jpg,data/pp2020/images/Train_828.jpg,rust,rust,True,True
4,target-target,data/pp2020/images/Train_909.jpg,data/pp2020/images/Train_914.jpg,healthy,healthy,True,True
6,source-source,data/plantvillage/raw/color/Apple___Apple_scab/08c42d78-aa7b-4106-b0c1-b260f898dcba___FREC_Scab 3151.JPG,data/plantvillage/raw/color/Apple___Apple_scab/ab7d0d06-b45c-4472-a708-c2a1d65ee748___FREC_Scab 3152.JPG,scab,scab,True,False
6,source-source,data/plantvillage/raw/color/Apple___Apple_scab/2dd8b8f8-46b0-4bc6-b817-ea7163f4b28b___FREC_Scab 3473.JPG,data/plantvillage/raw/color/Apple___Apple_scab/add9ce00-e304-4632-82f2-ddc86a6be5f6___FREC_Scab 3472.JPG,scab,scab,True,False
6,source-source,data/plantvillage/raw/color/Apple___Apple_scab/9dac36c9-3c32-44be-8752-0f03666cbb76___FREC_Scab 3365.JPG,data/plantvillage/raw/color/Apple___Apple_scab/f7c4bd45-5098-4b2c-bbfb-2e47c8f2d711___FREC_Scab 3361.JPG,scab,scab,True,False
6,source-source,data/plantvillage/raw/color/Apple___Apple_scab/b4b9c80a-f741-416d-a7e6-6d9566ea731e___FREC_Scab 3399.JPG,data/plantvillage/raw/color/Apple___healthy/a63295f1-8032-4db2-b0d7-4e51f6e30bad___RS_HL 6089.JPG,scab,healthy,False,False
6,source-source,data/plantvillage/raw/color/Apple___Cedar_apple_rust/bd0ead39-9628-46b3-9feb-c3496af0ae8b___FREC_C.Rust 0015.JPG,data/plantvillage/raw/color/Apple___Cedar_apple_rust/f6af5eb5-6338-48a2-8b23-c7143b7f4a62___FREC_C.Rust 0016.JPG,rust,rust,True,False
6,source-source,data/plantvillage/raw/color/Apple___healthy/0181db4e-718e-41bc-b6ed-92863471fa85___RS_HL 5941.JPG,data/plantvillage/raw/color/Apple___healthy/2301f2bb-7972-4fb8-8be6-246ce55ca3b6___RS_HL 6100.JPG,healthy,healthy,True,False
6,source-source,data/plantvillage/raw/color/Apple___healthy/0460b7aa-4eb0-4c0b-80e5-055ced6684a3___RS_HL 6287.JPG,data/plantvillage/raw/color/Apple___healthy/ab23fdc9-8036-47f2-a32b-b3facb13fd5b___RS_HL 5947.JPG,healthy,healthy,True,False
6,source-source,data/plantvillage/raw/color/Apple___healthy/0c056dd8-2040-48cf-a9a8-53d8ae5662d0___RS_HL 7987.JPG,data/plantvillage/raw/color/Apple___healthy/4c368acb-0a47-4c7f-84bd-29dc74660db9___RS_HL 5800.JPG,healthy,healthy,True,False
6,source-source,data/plantvillage/raw/color/Apple___healthy/0d072074-0253-4a6b-a4cb-02f520c46942___RS_HL 5805.JPG,data/plantvillage/raw/color/Apple___healthy/36c00bef-25c2-48ae-9505-41827bcd83d8___RS_HL 6085.JPG,healthy,healthy,True,False
6,source-source,data/plantvillage/raw/color/Apple___healthy/0d3fa72f-0441-45e8-b30f-a83904f48f99___RS_HL 6261.JPG,data/plantvillage/raw/color/Apple___healthy/84ed8ffd-a47f-4b52-befa-938a10012a4c___RS_HL 6135.JPG,healthy,healthy,True,False
6,source-source,data/plantvillage/raw/color/Apple___healthy/10f68987-caf7-4e29-aa26-b48e074212f4___RS_HL 6130.JPG,data/plantvillage/raw/color/Apple___healthy/f85e6b2c-e4b2-42fe-99db-9583b58bb51b___RS_HL 6112.JPG,healthy,healthy,True,False
6,source-source,data/plantvillage/raw/color/Apple___healthy/13cdbdbe-be7f-463c-9085-9ae160412772___RS_HL 6286.JPG,data/plantvillage/raw/color/Apple___healthy/f2cda910-55c7-46d7-b1a2-9a3bb9792148___RS_HL 6274.JPG,healthy,healthy,True,False
6,source-source,data/plantvillage/raw/color/Apple___healthy/13cdbdbe-be7f-463c-9085-9ae160412772___RS_HL 6286.JPG,data/plantvillage/raw/color/Apple___healthy/fdbfa6f7-f887-442d-8df1-1f0cf839fc4d___RS_HL 6274.JPG,healthy,healthy,True,False
6,source-source,data/plantvillage/raw/color/Apple___healthy/1497c20f-448a-48e2-9cf0-b4fc8cfa848a___RS_HL 6292.JPG,data/plantvillage/raw/color/Apple___healthy/5c74b103-09f2-48ae-bbdd-7aa9aaf929cc___RS_HL 5649.JPG,healthy,healthy,True,False
6,source-source,data/plantvillage/raw/color/Apple___healthy/1617e81b-190b-41e8-b258-cf432f65b7ab___RS_HL 6058.JPG,data/plantvillage/raw/color/Apple___healthy/5a0aa782-76a8-4de9-89e9-47cb35d222e3___RS_HL 6310.JPG,healthy,healthy,True,False
6,source-source,data/plantvillage/raw/color/Apple___healthy/1617e81b-190b-41e8-b258-cf432f65b7ab___RS_HL 6058.JPG,data/plantvillage/raw/color/Apple___healthy/dc456961-360a-419b-abb7-b3de3963742a___RS_HL 6055.JPG,healthy,healthy,True,False
6,source-source,data/plantvillage/raw/color/Apple___healthy/1a0ddafd-c52e-4ea1-ab34-a302cdc27be1___RS_HL 5785.JPG,data/plantvillage/raw/color/Apple___healthy/3c047601-ed4d-4178-8bed-33a65e5f4b6d___RS_HL 6001.JPG,healthy,healthy,True,False
6,source-source,data/plantvillage/raw/color/Apple___healthy/1b9f5fe1-6d06-4ff6-a35d-3155f623e4fb___RS_HL 6228.JPG,data/plantvillage/raw/color/Apple___healthy/ab23fdc9-8036-47f2-a32b-b3facb13fd5b___RS_HL 5947.JPG,healthy,healthy,True,False
6,source-source,data/plantvillage/raw/color/Apple___healthy/1d7c71d2-fac0-4ee6-8def-765282cb744c___RS_HL 5758.JPG,data/plantvillage/raw/color/Apple___healthy/ce9a3738-55ea-4974-8539-922ed4f864b8___RS_HL 6175.JPG,healthy,healthy,True,False
6,source-source,data/plantvillage/raw/color/Apple___healthy/2074d81b-88ad-40f7-9e7a-cd24c2435ea9___RS_HL 5804.JPG,data/plantvillage/raw/color/Apple___healthy/336a5bb9-179f-44fb-a4d1-c59a40d90306___RS_HL 5978.JPG,healthy,healthy,True,False
6,source-source,data/plantvillage/raw/color/Apple___healthy/23307db5-ba40-498c-9b96-2c6b65f40c27___RS_HL 6096.JPG,data/plantvillage/raw/color/Apple___healthy/349251ed-2e99-4af9-b432-2a63202a0985___RS_HL 6120.JPG,healthy,healthy,True,False
6,source-source,data/plantvillage/raw/color/Apple___healthy/274144ec-893c-43fb-ad9a-18f71ead2e58___RS_HL 5971.JPG,data/plantvillage/raw/color/Apple___healthy/fad6efb7-4486-4c45-8b23-1b6cf2a2912a___RS_HL 6077.JPG,healthy,healthy,True,False
6,source-source,data/plantvillage/raw/color/Apple___healthy/2a986e85-7e83-443a-871e-c590d5a25845___RS_HL 6000.JPG,data/plantvillage/raw/color/Apple___healthy/a63295f1-8032-4db2-b0d7-4e51f6e30bad___RS_HL 6089.JPG,healthy,healthy,True,False
6,source-source,data/plantvillage/raw/color/Apple___healthy/375f1e44-235c-4ef0-a156-077b71abeed3___RS_HL 8162.JPG,data/plantvillage/raw/color/Apple___healthy/82d55fb4-a8df-439a-9935-5e5f72b05383___RS_HL 6107.JPG,healthy,healthy,True,False
6,source-source,data/plantvillage/raw/color/Apple___healthy/37b1cd89-582a-40ce-b2ec-6a635e1fea17___RS_HL 6151.JPG,data/plantvillage/raw/color/Apple___healthy/46c590f0-7e60-4ccd-af4e-45f911abf66a___RS_HL 6152.JPG,healthy,healthy,True,False
6,source-source,data/plantvillage/raw/color/Apple___healthy/37b9da4a-2823-48fb-ba35-4138a44acf53___RS_HL 5954.JPG,data/plantvillage/raw/color/Apple___healthy/a01b22a2-292a-485e-ad7d-ee14de31506c___RS_HL 6102.JPG,healthy,healthy,True,False
6,source-source,data/plantvillage/raw/color/Apple___healthy/3b0f637d-dd22-44a0-a4b4-2a7792e2ac76___RS_HL 7258.JPG,data/plantvillage/raw/color/Apple___healthy/3c047601-ed4d-4178-8bed-33a65e5f4b6d___RS_HL 6001.JPG,healthy,healthy,True,False
6,source-source,data/plantvillage/raw/color/Apple___healthy/4023916c-9823-4410-bd89-b8bfe1b0b456___RS_HL 6009.JPG,data/plantvillage/raw/color/Apple___healthy/74bda678-63b6-44fb-8e8f-259788239618___RS_HL 5830.JPG,healthy,healthy,True,False
6,source-source,data/plantvillage/raw/color/Apple___healthy/445d268a-415e-41d4-80de-0116fdaca73d___RS_HL 5982.JPG,data/plantvillage/raw/color/Apple___healthy/c86f1476-4e5c-4dbd-923d-a575bd03cd18___RS_HL 6210.JPG,healthy,healthy,True,False
6,source-source,data/plantvillage/raw/color/Apple___healthy/45ec1880-a9d2-4458-bd99-f0a6c01e54c4___RS_HL 6303.JPG,data/plantvillage/raw/color/Apple___healthy/e9f437d0-a209-461c-b071-5c8c13a2ed6a___RS_HL 6291.JPG,healthy,healthy,True,False
6,source-source,data/plantvillage/raw/color/Apple___healthy/4aa3b2bb-1bd4-410a-bf6b-09862798bf88___RS_HL 6148.JPG,data/plantvillage/raw/color/Apple___healthy/5941b857-a525-4aff-ba20-def608d63c4d___RS_HL 6119.JPG,healthy,healthy,True,False
6,source-source,data/plantvillage/raw/color/Apple___healthy/4aa3b2bb-1bd4-410a-bf6b-09862798bf88___RS_HL 6148.JPG,data/plantvillage/raw/color/Apple___healthy/ad772bfa-6845-4104-8d94-8d3a2adb67c2___RS_HL 6149.JPG,healthy,healthy,True,False
6,source-source,data/plantvillage/raw/color/Apple___healthy/51cb81e8-dd15-40cd-b4f2-5287379dfe74___RS_HL 6104.JPG,data/plantvillage/raw/color/Apple___healthy/85ebf3f6-11f4-45df-ac16-bd04b355cb31___RS_HL 5991.JPG,healthy,healthy,True,False
6,source-source,data/plantvillage/raw/color/Apple___healthy/6d276438-7f26-4b65-b425-a18ce241ab04___RS_HL 6050.JPG,data/plantvillage/raw/color/Apple___healthy/75b7a5bc-e419-4312-b5d9-6c3446a24ef4___RS_HL 6079.JPG,healthy,healthy,True,False
6,source-source,data/plantvillage/raw/color/Apple___healthy/82d55fb4-a8df-439a-9935-5e5f72b05383___RS_HL 6107.JPG,data/plantvillage/raw/color/Apple___healthy/abc9f5f6-ea98-46c0-8df7-2986969318bf___RS_HL 5928.JPG,healthy,healthy,True,False
6,source-source,data/plantvillage/raw/color/Apple___healthy/89ce10db-057c-4c03-9324-b512db8ca3d6___RS_HL 5797.JPG,data/plantvillage/raw/color/Apple___healthy/d2fc2f4e-9094-4e38-bc7a-f40c5c059280___RS_HL 8170.JPG,healthy,healthy,True,False
6,source-source,data/plantvillage/raw/color/Apple___healthy/89ce10db-057c-4c03-9324-b512db8ca3d6___RS_HL 5797.JPG,data/plantvillage/raw/color/Apple___healthy/d6590bcb-cb7e-47c9-beb0-80785efb4046___RS_HL 6234.JPG,healthy,healthy,True,False
6,source-source,data/plantvillage/raw/color/Apple___healthy/957b622a-4f30-459f-9dbb-97c3f4bde0d3___RS_HL 6150.JPG,data/plantvillage/raw/color/Apple___healthy/afac9fcd-ff8d-4ab8-9be2-c5649a59d6a0___RS_HL 6324.JPG,healthy,healthy,True,False
6,source-source,data/plantvillage/raw/color/Apple___healthy/a8d012ca-b1ac-45b6-b8fa-44257fd4605f___RS_HL 5824.JPG,data/plantvillage/raw/color/Apple___healthy/fdd77f89-e3b1-4492-9da3-f46bbc8666d9___RS_HL 6219.JPG,healthy,healthy,True,False
6,target-target,data/pp2020/images/Train_115.jpg,data/pp2020/images/Train_1709.jpg,rust,rust,True,False
6,target-target,data/pp2020/images/Train_500.jpg,data/pp2020/images/Train_647.jpg,rust,rust,True,False
6,target-target,data/pp2020/images/Train_616.jpg,data/pp2020/images/Train_966.jpg,healthy,healthy,True,False
8,source-source,data/plantvillage/raw/color/Apple___Apple_scab/11c50257-617e-4a6a-a996-2b195af9ada4___FREC_Scab 3462.JPG,data/plantvillage/raw/color/Apple___healthy/ad772bfa-6845-4104-8d94-8d3a2adb67c2___RS_HL 6149.JPG,scab,healthy,False,False
8,source-source,data/plantvillage/raw/color/Apple___Apple_scab/1bc60205-27cc-4d10-bc87-7e968573e5d5___FREC_Scab 3531.JPG,data/plantvillage/raw/color/Apple___healthy/2074d81b-88ad-40f7-9e7a-cd24c2435ea9___RS_HL 5804.JPG,scab,healthy,False,False
8,source-source,data/plantvillage/raw/color/Apple___Apple_scab/5c0af4dd-f185-4fc9-ae2c-a697a235d660___FREC_Scab 2955.JPG,data/plantvillage/raw/color/Apple___healthy/950e5c9d-49ec-4c5c-af23-69efff18f8a6___RS_HL 5749.JPG,scab,healthy,False,False
8,source-source,data/plantvillage/raw/color/Apple___Apple_scab/76e50482-74b2-468f-8556-7669e1682f1e___FREC_Scab 3323.JPG,data/plantvillage/raw/color/Apple___Apple_scab/f105cc0d-1cc5-4726-b46d-f5bd9c9aacc1___FREC_Scab 3321.JPG,scab,scab,True,False
8,source-source,data/plantvillage/raw/color/Apple___Apple_scab/7f7b25d4-f895-4f8e-80ad-db72a9b19a2e___FREC_Scab 3451.JPG,data/plantvillage/raw/color/Apple___healthy/fd7d6a50-e28f-4014-8e15-6028b5f349d0___RS_HL 5953.JPG,scab,healthy,False,False
8,source-source,data/plantvillage/raw/color/Apple___Apple_scab/9b7399aa-1c3c-4137-ae4e-196cd23fe573___FREC_Scab 3468.JPG,data/plantvillage/raw/color/Apple___healthy/13a06d54-2bd9-4bd0-a260-1c193ac4caa8___RS_HL 6293.JPG,scab,healthy,False,False
8,source-source,data/plantvillage/raw/color/Apple___Apple_scab/c3cb1c6c-30f6-4fda-9887-eaeb7e071ca9___FREC_Scab 2913.JPG,data/plantvillage/raw/color/Apple___healthy/9ac93ab7-5e33-46f3-9db7-008edcf15f30___RS_HL 5787.JPG,scab,healthy,False,False
8,source-source,data/plantvillage/raw/color/Apple___Apple_scab/cff69c82-7901-400a-b45c-6343624edfc3___FREC_Scab 3192.JPG,data/plantvillage/raw/color/Apple___healthy/cbc30a63-6c05-405d-b735-0a8eee10192d___RS_HL 5983.JPG,scab,healthy,False,False
8,source-source,data/plantvillage/raw/color/Apple___Apple_scab/f105cc0d-1cc5-4726-b46d-f5bd9c9aacc1___FREC_Scab 3321.JPG,data/plantvillage/raw/color/Apple___healthy/768f1904-8365-4d72-aa84-87d9f09ef2d5___RS_HL 7937.JPG,scab,healthy,False,False
8,source-source,data/plantvillage/raw/color/Apple___Apple_scab/f8ef99d9-9d01-4aeb-9248-e8c312c9a981___FREC_Scab 3129.JPG,data/plantvillage/raw/color/Apple___healthy/da91e28c-3e10-406c-be5c-d10afd8e183d___RS_HL 6041.JPG,scab,healthy,False,False
8,source-source,data/plantvillage/raw/color/Apple___Cedar_apple_rust/4bd5f28f-beb3-4b27-b4f1-7e94b332ef93___FREC_C.Rust 9932.JPG,data/plantvillage/raw/color/Apple___Cedar_apple_rust/90bff1e0-f71d-4963-93cb-8a9a16f49e74___FREC_C.Rust 9939.JPG,rust,rust,True,False
8,source-source,data/plantvillage/raw/color/Apple___Cedar_apple_rust/811b2953-8508-4327-944e-8d999211790c___FREC_C.Rust 3891.JPG,data/plantvillage/raw/color/Apple___healthy/274144ec-893c-43fb-ad9a-18f71ead2e58___RS_HL 5971.JPG,rust,healthy,False,False
8,source-source,data/plantvillage/raw/color/Apple___healthy/010125c0-e6f2-4f3d-b469-dd98ffecbb01___RS_HL 7948.JPG,data/plantvillage/raw/color/Apple___healthy/cd320898-881e-4546-86fe-dd8676a88db8___RS_HL 7516.JPG,healthy,healthy,True,False
8,source-source,data/plantvillage/raw/color/Apple___healthy/0181db4e-718e-41bc-b6ed-92863471fa85___RS_HL 5941.JPG,data/plantvillage/raw/color/Apple___healthy/d99bef24-fac5-4739-8e4e-02465dba4fa8___RS_HL 5686.JPG,healthy,healthy,True,False
8,source-source,data/plantvillage/raw/color/Apple___healthy/02847045-4405-467c-9ccb-7ba2ab1d574c___RS_HL 5943.JPG,data/plantvillage/raw/color/Apple___healthy/7b5603c7-76c7-4b94-9c7a-5db00fb8581d___RS_HL 6064.JPG,healthy,healthy,True,False
8,source-source,data/plantvillage/raw/color/Apple___healthy/02d0257a-d21a-43a4-9348-472043df801e___RS_HL 6065.JPG,data/plantvillage/raw/color/Apple___healthy/4eab95ce-76ec-4bd2-9cc6-f39747569750___RS_HL 5958.JPG,healthy,healthy,True,False
8,source-source,data/plantvillage/raw/color/Apple___healthy/03152113-855b-4eab-8a4f-7d78d92240d0___RS_HL 5838.JPG,data/plantvillage/raw/color/Apple___healthy/ced1918e-3327-45c8-8107-c93dd2586380___RS_HL 5970.JPG,healthy,healthy,True,False
8,source-source,data/plantvillage/raw/color/Apple___healthy/0692eda2-32c3-4f9a-b249-bb8112356999___RS_HL 6307.JPG,data/plantvillage/raw/color/Apple___healthy/dc456961-360a-419b-abb7-b3de3963742a___RS_HL 6055.JPG,healthy,healthy,True,False
8,source-source,data/plantvillage/raw/color/Apple___healthy/0692eda2-32c3-4f9a-b249-bb8112356999___RS_HL 6307.JPG,data/plantvillage/raw/color/Apple___healthy/f32ff514-bb33-437d-96bb-526b36662981___RS_HL 6121.JPG,healthy,healthy,True,False
8,source-source,data/plantvillage/raw/color/Apple___healthy/0b91573d-d0f3-4e57-b7e5-e1924f537f0e___RS_HL 6216.JPG,data/plantvillage/raw/color/Apple___healthy/2693000f-ad26-46ae-9d5f-3fb67de2b86c___RS_HL 8206.JPG,healthy,healthy,True,False
8,source-source,data/plantvillage/raw/color/Apple___healthy/0b91573d-d0f3-4e57-b7e5-e1924f537f0e___RS_HL 6216.JPG,data/plantvillage/raw/color/Apple___healthy/ced1918e-3327-45c8-8107-c93dd2586380___RS_HL 5970.JPG,healthy,healthy,True,False
8,source-source,data/plantvillage/raw/color/Apple___healthy/0d01a8a3-9faa-4a1f-afe0-be6bffa42056___RS_HL 6204.JPG,data/plantvillage/raw/color/Apple___healthy/3b0f637d-dd22-44a0-a4b4-2a7792e2ac76___RS_HL 7258.JPG,healthy,healthy,True,False
8,source-source,data/plantvillage/raw/color/Apple___healthy/0d01a8a3-9faa-4a1f-afe0-be6bffa42056___RS_HL 6204.JPG,data/plantvillage/raw/color/Apple___healthy/5941b857-a525-4aff-ba20-def608d63c4d___RS_HL 6119.JPG,healthy,healthy,True,False
8,source-source,data/plantvillage/raw/color/Apple___healthy/0d6e0971-a3d3-4773-b694-b2161248fdaf___RS_HL 5836.JPG,data/plantvillage/raw/color/Apple___healthy/1c2b0674-384b-4cad-8704-80781a89d78a___RS_HL 5848.JPG,healthy,healthy,True,False
8,source-source,data/plantvillage/raw/color/Apple___healthy/0da8c59a-e54c-4408-ae3c-06d54608b20a___RS_HL 6236.JPG,data/plantvillage/raw/color/Apple___healthy/65a6866e-a6ea-46d5-a8ca-413f98cd8b7a___RS_HL 5817.JPG,healthy,healthy,True,False
8,source-source,data/plantvillage/raw/color/Apple___healthy/0e99efe9-d414-4091-b7b4-6ba6856db3d9___RS_HL 5841.JPG,data/plantvillage/raw/color/Apple___healthy/8c843c35-5dc9-47be-9ccf-1448ed30356c___RS_HL 5949.JPG,healthy,healthy,True,False
8,source-source,data/plantvillage/raw/color/Apple___healthy/0ec3bd54-80a1-4dcd-9411-bcfafd147272___RS_HL 7534.JPG,data/plantvillage/raw/color/Apple___healthy/68bec77e-3c62-4ea5-85e4-fa29068ebb34___RS_HL 7340.JPG,healthy,healthy,True,False
8,source-source,data/plantvillage/raw/color/Apple___healthy/0f5cb632-9b97-48ce-88d6-45bf321175ce___RS_HL 6088.JPG,data/plantvillage/raw/color/Apple___healthy/fda25357-1076-4707-83e7-d409448a11a8___RS_HL 6221.JPG,healthy,healthy,True,False
8,source-source,data/plantvillage/raw/color/Apple___healthy/12253089-92a5-4a3d-b742-f554cc2a0fe0___RS_HL 5756.JPG,data/plantvillage/raw/color/Apple___healthy/cd18fd71-59d6-4d48-8c52-d31ff68f1fe2___RS_HL 5716.JPG,healthy,healthy,True,False
8,source-source,data/plantvillage/raw/color/Apple___healthy/13cdbdbe-be7f-463c-9085-9ae160412772___RS_HL 6286.JPG,data/plantvillage/raw/color/Apple___healthy/82d55fb4-a8df-439a-9935-5e5f72b05383___RS_HL 6107.JPG,healthy,healthy,True,False
8,source-source,data/plantvillage/raw/color/Apple___healthy/1477ac33-4284-4db3-9a91-dbd61e6183e3___RS_HL 8059.JPG,data/plantvillage/raw/color/Apple___healthy/ac41e650-367c-4a74-b26e-0a983bc1223b___RS_HL 7743.JPG,healthy,healthy,True,False
8,source-source,data/plantvillage/raw/color/Apple___healthy/1497c20f-448a-48e2-9cf0-b4fc8cfa848a___RS_HL 6292.JPG,data/plantvillage/raw/color/Apple___healthy/53d09cc6-89ef-4180-a823-31c5f6566656___RS_HL 6070.JPG,healthy,healthy,True,False
8,source-source,data/plantvillage/raw/color/Apple___healthy/1497c20f-448a-48e2-9cf0-b4fc8cfa848a___RS_HL 6292.JPG,data/plantvillage/raw/color/Apple___healthy/74d4928f-5a36-4f9b-acbe-be50736d397d___RS_HL 8169.JPG,healthy,healthy,True,False
8,source-source,data/plantvillage/raw/color/Apple___healthy/1630633a-63cb-433f-96bc-bc47a933506c___RS_HL 5718.JPG,data/plantvillage/raw/color/Apple___healthy/7b236824-defb-40ae-8f83-76c00cf8b822___RS_HL 6222.JPG,healthy,healthy,True,False
8,source-source,data/plantvillage/raw/color/Apple___healthy/1630633a-63cb-433f-96bc-bc47a933506c___RS_HL 5718.JPG,data/plantvillage/raw/color/Apple___healthy/fd7d6a50-e28f-4014-8e15-6028b5f349d0___RS_HL 5953.JPG,healthy,healthy,True,False
8,source-source,data/plantvillage/raw/color/Apple___healthy/177523d1-d9b9-4ba5-94b9-22d5832aa664___RS_HL 5762.JPG,data/plantvillage/raw/color/Apple___healthy/65fcf384-964b-41c5-9a54-aecb473283d2___RS_HL 7672.JPG,healthy,healthy,True,False
8,source-source,data/plantvillage/raw/color/Apple___healthy/189c5270-4ba6-4c14-bfb2-3a7dd4d3e7aa___RS_HL 5984.JPG,data/plantvillage/raw/color/Apple___healthy/d103c4fb-790f-4178-8208-dd191b375600___RS_HL 5645.JPG,healthy,healthy,True,False
8,source-source,data/plantvillage/raw/color/Apple___healthy/1a0ddafd-c52e-4ea1-ab34-a302cdc27be1___RS_HL 5785.JPG,data/plantvillage/raw/color/Apple___healthy/3b0f637d-dd22-44a0-a4b4-2a7792e2ac76___RS_HL 7258.JPG,healthy,healthy,True,False
8,source-source,data/plantvillage/raw/color/Apple___healthy/1a0ddafd-c52e-4ea1-ab34-a302cdc27be1___RS_HL 5785.JPG,data/plantvillage/raw/color/Apple___healthy/9ebc421f-9c65-41ee-a650-2da921e8e7cb___RS_HL 6227.JPG,healthy,healthy,True,False
8,source-source,data/plantvillage/raw/color/Apple___healthy/1a219a0d-defa-4ed1-8878-e3f6aeac847b___RS_HL 6046.JPG,data/plantvillage/raw/color/Apple___healthy/c023b0a2-5c8b-448f-9735-2e11a7a389ec___RS_HL 6198.JPG,healthy,healthy,True,False
8,source-source,data/plantvillage/raw/color/Apple___healthy/1b9f5fe1-6d06-4ff6-a35d-3155f623e4fb___RS_HL 6228.JPG,data/plantvillage/raw/color/Apple___healthy/556b0ba0-dfb0-45de-9806-c6c068a8149d___RS_HL 5644.JPG,healthy,healthy,True,False
8,source-source,data/plantvillage/raw/color/Apple___healthy/1d74fb02-045f-4919-b360-46e51ee33e82___RS_HL 6086.JPG,data/plantvillage/raw/color/Apple___healthy/3969a6d5-f626-4a6a-bc72-3d38d1cff967___RS_HL 6092.JPG,healthy,healthy,True,False
8,source-source,data/plantvillage/raw/color/Apple___healthy/1d7c71d2-fac0-4ee6-8def-765282cb744c___RS_HL 5758.JPG,data/plantvillage/raw/color/Apple___healthy/4c368acb-0a47-4c7f-84bd-29dc74660db9___RS_HL 5800.JPG,healthy,healthy,True,False
8,source-source,data/plantvillage/raw/color/Apple___healthy/1d7c71d2-fac0-4ee6-8def-765282cb744c___RS_HL 5758.JPG,data/plantvillage/raw/color/Apple___healthy/75b7a5bc-e419-4312-b5d9-6c3446a24ef4___RS_HL 6079.JPG,healthy,healthy,True,False
8,source-source,data/plantvillage/raw/color/Apple___healthy/1d7c71d2-fac0-4ee6-8def-765282cb744c___RS_HL 5758.JPG,data/plantvillage/raw/color/Apple___healthy/dc3fca98-91d0-4c97-aaa1-cdd1ad618b38___RS_HL 6290.JPG,healthy,healthy,True,False
8,source-source,data/plantvillage/raw/color/Apple___healthy/2074d81b-88ad-40f7-9e7a-cd24c2435ea9___RS_HL 5804.JPG,data/plantvillage/raw/color/Apple___healthy/34b8de2a-d30e-4e52-8269-d65cc4e444f6___RS_HL 7717.JPG,healthy,healthy,True,False
8,source-source,data/plantvillage/raw/color/Apple___healthy/2074d81b-88ad-40f7-9e7a-cd24c2435ea9___RS_HL 5804.JPG,data/plantvillage/raw/color/Apple___healthy/cd18fd71-59d6-4d48-8c52-d31ff68f1fe2___RS_HL 5716.JPG,healthy,healthy,True,False
8,source-source,data/plantvillage/raw/color/Apple___healthy/21b1f887-6f78-4da8-b676-d9e53cb8b24d___RS_HL 6012.JPG,data/plantvillage/raw/color/Apple___healthy/349251ed-2e99-4af9-b432-2a63202a0985___RS_HL 6120.JPG,healthy,healthy,True,False
8,source-source,data/plantvillage/raw/color/Apple___healthy/21b1f887-6f78-4da8-b676-d9e53cb8b24d___RS_HL 6012.JPG,data/plantvillage/raw/color/Apple___healthy/5dba053d-d3b0-49b9-babc-4f1e8e7d3f59___RS_HL 6235.JPG,healthy,healthy,True,False
8,source-source,data/plantvillage/raw/color/Apple___healthy/223dbe3b-9f96-473b-a6a6-ea354777ae1f___RS_HL 8040.JPG,data/plantvillage/raw/color/Apple___healthy/f9368405-e343-4423-8288-9b7112352b16___RS_HL 5833.JPG,healthy,healthy,True,False
8,source-source,data/plantvillage/raw/color/Apple___healthy/23ea1618-d554-47fb-bc03-a1b978f14fbf___RS_HL 6008.JPG,data/plantvillage/raw/color/Apple___healthy/801feab6-e225-4ce5-8bf0-6fb44a767045___RS_HL 7723.JPG,healthy,healthy,True,False
8,source-source,data/plantvillage/raw/color/Apple___healthy/24cddc8a-d7e6-4ebf-9771-b3844913f02e___RS_HL 5966.JPG,data/plantvillage/raw/color/Apple___healthy/530f24d7-aefb-419d-b814-2cb3a81cfe2c___RS_HL 6071.JPG,healthy,healthy,True,False
8,source-source,data/plantvillage/raw/color/Apple___healthy/269865f0-68b7-4046-8076-22e347b36567___RS_HL 6256.JPG,data/plantvillage/raw/color/Apple___healthy/3c047601-ed4d-4178-8bed-33a65e5f4b6d___RS_HL 6001.JPG,healthy,healthy,True,False
8,source-source,data/plantvillage/raw/color/Apple___healthy/269865f0-68b7-4046-8076-22e347b36567___RS_HL 6256.JPG,data/plantvillage/raw/color/Apple___healthy/ad772bfa-6845-4104-8d94-8d3a2adb67c2___RS_HL 6149.JPG,healthy,healthy,True,False
8,source-source,data/plantvillage/raw/color/Apple___healthy/274144ec-893c-43fb-ad9a-18f71ead2e58___RS_HL 5971.JPG,data/plantvillage/raw/color/Apple___healthy/74d4928f-5a36-4f9b-acbe-be50736d397d___RS_HL 8169.JPG,healthy,healthy,True,False
8,source-source,data/plantvillage/raw/color/Apple___healthy/274144ec-893c-43fb-ad9a-18f71ead2e58___RS_HL 5971.JPG,data/plantvillage/raw/color/Apple___healthy/89ddfb64-92d0-494d-b4a2-bb13f2c0db4c___RS_HL 7642.JPG,healthy,healthy,True,False
8,source-source,data/plantvillage/raw/color/Apple___healthy/2768d40f-209f-4f71-a90a-a5f748fe299a___RS_HL 5938.JPG,data/plantvillage/raw/color/Apple___healthy/602a8c1f-1fa9-4141-b589-d514acc17ce4___RS_HL 6016.JPG,healthy,healthy,True,False
8,source-source,data/plantvillage/raw/color/Apple___healthy/28682886-ee9f-4698-854f-8f196c01b67a___RS_HL 6101.JPG,data/plantvillage/raw/color/Apple___healthy/d99bef24-fac5-4739-8e4e-02465dba4fa8___RS_HL 5686.JPG,healthy,healthy,True,False
8,source-source,data/plantvillage/raw/color/Apple___healthy/298c8daf-43cc-4f65-b2db-65623425e5f8___RS_HL 6103.JPG,data/plantvillage/raw/color/Apple___healthy/6d276438-7f26-4b65-b425-a18ce241ab04___RS_HL 6050.JPG,healthy,healthy,True,False
8,source-source,data/plantvillage/raw/color/Apple___healthy/298c8daf-43cc-4f65-b2db-65623425e5f8___RS_HL 6103.JPG,data/plantvillage/raw/color/Apple___healthy/9979c166-aa9e-4c63-af93-d9ad2b56bce2___RS_HL 5890.JPG,healthy,healthy,True,False
8,source-source,data/plantvillage/raw/color/Apple___healthy/298c8daf-43cc-4f65-b2db-65623425e5f8___RS_HL 6103.JPG,data/plantvillage/raw/color/Apple___healthy/a0670cfe-00e2-4c7a-a9f7-29408debdc3a___RS_HL 6061.JPG,healthy,healthy,True,False
8,source-source,data/plantvillage/raw/color/Apple___healthy/2a485bb5-c59f-4af0-837a-063b60e0c3c8___RS_HL 6025.JPG,data/plantvillage/raw/color/Apple___healthy/f32ff514-bb33-437d-96bb-526b36662981___RS_HL 6121.JPG,healthy,healthy,True,False
8,source-source,data/plantvillage/raw/color/Apple___healthy/2a73c206-19c5-4f7c-80da-1bdf62354562___RS_HL 6082.JPG,data/plantvillage/raw/color/Apple___healthy/39be15a0-4c7f-4a8e-9938-829bec85fd1c___RS_HL 6209.JPG,healthy,healthy,True,False
8,source-source,data/plantvillage/raw/color/Apple___healthy/2a986e85-7e83-443a-871e-c590d5a25845___RS_HL 6000.JPG,data/plantvillage/raw/color/Apple___healthy/57113348-f0fa-49d9-9d53-46edc4ae7bdb___RS_HL 6215.JPG,healthy,healthy,True,False
8,source-source,data/plantvillage/raw/color/Apple___healthy/2a986e85-7e83-443a-871e-c590d5a25845___RS_HL 6000.JPG,data/plantvillage/raw/color/Apple___healthy/7b5603c7-76c7-4b94-9c7a-5db00fb8581d___RS_HL 6064.JPG,healthy,healthy,True,False
8,source-source,data/plantvillage/raw/color/Apple___healthy/2a986e85-7e83-443a-871e-c590d5a25845___RS_HL 6000.JPG,data/plantvillage/raw/color/Apple___healthy/8e11b695-ac84-42c4-926a-b48b311bcfe8___RS_HL 7782.JPG,healthy,healthy,True,False
8,source-source,data/plantvillage/raw/color/Apple___healthy/2a986e85-7e83-443a-871e-c590d5a25845___RS_HL 6000.JPG,data/plantvillage/raw/color/Apple___healthy/946b311a-cb67-46d4-8c8b-0d91ebd456f3___RS_HL 5809.JPG,healthy,healthy,True,False
8,source-source,data/plantvillage/raw/color/Apple___healthy/2a986e85-7e83-443a-871e-c590d5a25845___RS_HL 6000.JPG,data/plantvillage/raw/color/Apple___healthy/ad772bfa-6845-4104-8d94-8d3a2adb67c2___RS_HL 6149.JPG,healthy,healthy,True,False
8,source-source,data/plantvillage/raw/color/Apple___healthy/2a986e85-7e83-443a-871e-c590d5a25845___RS_HL 6000.JPG,data/plantvillage/raw/color/Apple___healthy/aede527b-869e-4e42-a760-3ada64aeb8aa___RS_HL 6131.JPG,healthy,healthy,True,False
8,source-source,data/plantvillage/raw/color/Apple___healthy/2a986e85-7e83-443a-871e-c590d5a25845___RS_HL 6000.JPG,data/plantvillage/raw/color/Apple___healthy/b6808ea5-f26b-49fa-87b2-a1bbbc98d74c___RS_HL 6095.JPG,healthy,healthy,True,False
8,source-source,data/plantvillage/raw/color/Apple___healthy/2a986e85-7e83-443a-871e-c590d5a25845___RS_HL 6000.JPG,data/plantvillage/raw/color/Apple___healthy/d6590bcb-cb7e-47c9-beb0-80785efb4046___RS_HL 6234.JPG,healthy,healthy,True,False
8,source-source,data/plantvillage/raw/color/Apple___healthy/2a986e85-7e83-443a-871e-c590d5a25845___RS_HL 6000.JPG,data/plantvillage/raw/color/Apple___healthy/fd7d6a50-e28f-4014-8e15-6028b5f349d0___RS_HL 5953.JPG,healthy,healthy,True,False
8,source-source,data/plantvillage/raw/color/Apple___healthy/2d6efa59-1d5a-4f92-8879-2fdfa163d404___RS_HL 6157.JPG,data/plantvillage/raw/color/Apple___healthy/dc456961-360a-419b-abb7-b3de3963742a___RS_HL 6055.JPG,healthy,healthy,True,False
8,source-source,data/plantvillage/raw/color/Apple___healthy/2dc5f050-21dd-4b81-a1cb-ef2a9f72f134___RS_HL 5694.JPG,data/plantvillage/raw/color/Apple___healthy/a65ad047-7fcd-4059-a4fa-15cd09a284d4___RS_HL 7861.JPG,healthy,healthy,True,False
8,source-source,data/plantvillage/raw/color/Apple___healthy/30fb851f-052b-4b63-bc29-6d824a764fd5___RS_HL 5916.JPG,data/plantvillage/raw/color/Apple___healthy/558de0a1-89a7-4fa4-8814-bb1d8a845bfd___RS_HL 5779.JPG,healthy,healthy,True,False
8,source-source,data/plantvillage/raw/color/Apple___healthy/30fb851f-052b-4b63-bc29-6d824a764fd5___RS_HL 5916.JPG,data/plantvillage/raw/color/Apple___healthy/fd4a1e5a-cba8-4f4d-a11a-8e131e907728___RS_HL 6154.JPG,healthy,healthy,True,False
8,source-source,data/plantvillage/raw/color/Apple___healthy/314b2ac4-0d06-4940-8517-0d4c1072acbf___RS_HL 5929.JPG,data/plantvillage/raw/color/Apple___healthy/946b311a-cb67-46d4-8c8b-0d91ebd456f3___RS_HL 5809.JPG,healthy,healthy,True,False
8,source-source,data/plantvillage/raw/color/Apple___healthy/32b6be5f-6482-4bd2-876d-c2a518afed09___RS_HL 6163.JPG,data/plantvillage/raw/color/Apple___healthy/f6424729-cfe4-4f67-bd16-d4c5c84daaa0___RS_HL 6195.JPG,healthy,healthy,True,False
8,source-source,data/plantvillage/raw/color/Apple___healthy/33f6e93f-9275-445e-a795-e1ef9c20db7b___RS_HL 8051.JPG,data/plantvillage/raw/color/Apple___healthy/b0233269-e0b7-4314-8aa1-6b7ecfd12033___RS_HL 8049.JPG,healthy,healthy,True,False
8,source-source,data/plantvillage/raw/color/Apple___healthy/34121ffc-269b-481e-bbf5-96356da9f137___RS_HL 6185.JPG,data/plantvillage/raw/color/Apple___healthy/76598665-5f8b-4e6e-86c4-36d528385387___RS_HL 6312.JPG,healthy,healthy,True,False
8,source-source,data/plantvillage/raw/color/Apple___healthy/36c00bef-25c2-48ae-9505-41827bcd83d8___RS_HL 6085.JPG,data/plantvillage/raw/color/Apple___healthy/8c843c35-5dc9-47be-9ccf-1448ed30356c___RS_HL 5949.JPG,healthy,healthy,True,False
8,source-source,data/plantvillage/raw/color/Apple___healthy/37b1cd89-582a-40ce-b2ec-6a635e1fea17___RS_HL 6151.JPG,data/plantvillage/raw/color/Apple___healthy/b0ba7a6d-95eb-44e2-a2a5-4d9ef9b489d7___RS_HL 5896.JPG,healthy,healthy,True,False
8,source-source,data/plantvillage/raw/color/Apple___healthy/3817a269-0274-4a5c-b851-46e91b10788f___RS_HL 5720.JPG,data/plantvillage/raw/color/Apple___healthy/ae4a5e3d-c781-49ec-901e-940f127e1688___RS_HL 6128.JPG,healthy,healthy,True,False
8,source-source,data/plantvillage/raw/color/Apple___healthy/38c039b6-23f0-4fc2-a0df-e5ec3f523a09___RS_HL 5887.JPG,data/plantvillage/raw/color/Apple___healthy/b3562453-945e-4462-8589-ec879c2a4102___RS_HL 5893.JPG,healthy,healthy,True,False
8,source-source,data/plantvillage/raw/color/Apple___healthy/3969a6d5-f626-4a6a-bc72-3d38d1cff967___RS_HL 6092.JPG,data/plantvillage/raw/color/Apple___healthy/4d7bd871-a301-44ce-a229-a8136e0a43e4___RS_HL 7891.JPG,healthy,healthy,True,False
8,source-source,data/plantvillage/raw/color/Apple___healthy/3c047601-ed4d-4178-8bed-33a65e5f4b6d___RS_HL 6001.JPG,data/plantvillage/raw/color/Apple___healthy/558de0a1-89a7-4fa4-8814-bb1d8a845bfd___RS_HL 5779.JPG,healthy,healthy,True,False
8,source-source,data/plantvillage/raw/color/Apple___healthy/3c047601-ed4d-4178-8bed-33a65e5f4b6d___RS_HL 6001.JPG,data/plantvillage/raw/color/Apple___healthy/9ebc421f-9c65-41ee-a650-2da921e8e7cb___RS_HL 6227.JPG,healthy,healthy,True,False
8,source-source,data/plantvillage/raw/color/Apple___healthy/3c047601-ed4d-4178-8bed-33a65e5f4b6d___RS_HL 6001.JPG,data/plantvillage/raw/color/Apple___healthy/b6808ea5-f26b-49fa-87b2-a1bbbc98d74c___RS_HL 6095.JPG,healthy,healthy,True,False
8,source-source,data/plantvillage/raw/color/Apple___healthy/3c047601-ed4d-4178-8bed-33a65e5f4b6d___RS_HL 6001.JPG,data/plantvillage/raw/color/Apple___healthy/d990e148-621b-4e71-8a8c-9b71c15f7faf___RS_HL 8004.JPG,healthy,healthy,True,False
8,source-source,data/plantvillage/raw/color/Apple___healthy/3c047601-ed4d-4178-8bed-33a65e5f4b6d___RS_HL 6001.JPG,data/plantvillage/raw/color/Apple___healthy/e9d92a83-92dd-442f-8138-627ead72fcaf___RS_HL 5839.JPG,healthy,healthy,True,False
8,source-source,data/plantvillage/raw/color/Apple___healthy/3df0da99-6c5d-4520-b396-9616e81f8935___RS_HL 6031.JPG,data/plantvillage/raw/color/Apple___healthy/51cb81e8-dd15-40cd-b4f2-5287379dfe74___RS_HL 6104.JPG,healthy,healthy,True,False
8,source-source,data/plantvillage/raw/color/Apple___healthy/3e3eaffe-3dda-4a64-8aa7-ca6cf40ff284___RS_HL 5698.JPG,data/plantvillage/raw/color/Apple___healthy/c89af5ca-be92-4d72-af08-56598771c4c3___RS_HL 5695.JPG,healthy,healthy,True,False
8,source-source,data/plantvillage/raw/color/Apple___healthy/4023916c-9823-4410-bd89-b8bfe1b0b456___RS_HL 6009.JPG,data/plantvillage/raw/color/Apple___healthy/75b7a5bc-e419-4312-b5d9-6c3446a24ef4___RS_HL 6079.JPG,healthy,healthy,True,False
8,source-source,data/plantvillage/raw/color/Apple___healthy/42f558a0-c252-4949-ba12-232731aa9a6b___RS_HL 7543.JPG,data/plantvillage/raw/color/Apple___healthy/fea00538-32c3-4876-8833-40652becc30c___RS_HL 5761.JPG,healthy,healthy,True,False
8,source-source,data/plantvillage/raw/color/Apple___healthy/445d268a-415e-41d4-80de-0116fdaca73d___RS_HL 5982.JPG,data/plantvillage/raw/color/Apple___healthy/9ebc421f-9c65-41ee-a650-2da921e8e7cb___RS_HL 6227.JPG,healthy,healthy,True,False
8,source-source,data/plantvillage/raw/color/Apple___healthy/445d268a-415e-41d4-80de-0116fdaca73d___RS_HL 5982.JPG,data/plantvillage/raw/color/Apple___healthy/ced1918e-3327-45c8-8107-c93dd2586380___RS_HL 5970.JPG,healthy,healthy,True,False
8,source-source,data/plantvillage/raw/color/Apple___healthy/46c590f0-7e60-4ccd-af4e-45f911abf66a___RS_HL 6152.JPG,data/plantvillage/raw/color/Apple___healthy/5d4206ed-09fa-42d5-a42d-2fc98cb4820d___RS_HL 6032.JPG,healthy,healthy,True,False
8,source-source,data/plantvillage/raw/color/Apple___healthy/46c590f0-7e60-4ccd-af4e-45f911abf66a___RS_HL 6152.JPG,data/plantvillage/raw/color/Apple___healthy/b0ba7a6d-95eb-44e2-a2a5-4d9ef9b489d7___RS_HL 5896.JPG,healthy,healthy,True,False
8,source-source,data/plantvillage/raw/color/Apple___healthy/46ef8441-3792-4ca8-919b-eb6cedd0ed3f___RS_HL 5998.JPG,data/plantvillage/raw/color/Apple___healthy/75b7a5bc-e419-4312-b5d9-6c3446a24ef4___RS_HL 6079.JPG,healthy,healthy,True,False
8,source-source,data/plantvillage/raw/color/Apple___healthy/48beab72-35ef-4711-ad53-579bfaf787d3___RS_HL 6230.JPG,data/plantvillage/raw/color/Apple___healthy/6d276438-7f26-4b65-b425-a18ce241ab04___RS_HL 6050.JPG,healthy,healthy,True,False
8,source-source,data/plantvillage/raw/color/Apple___healthy/49b6b50f-7c76-4c31-9e33-b5ae8d22264c___RS_HL 5882.JPG,data/plantvillage/raw/color/Apple___healthy/4c50a62b-3af4-43f9-a31d-794abd545413___RS_HL 7739.JPG,healthy,healthy,True,False
8,source-source,data/plantvillage/raw/color/Apple___healthy/4aa3b2bb-1bd4-410a-bf6b-09862798bf88___RS_HL 6148.JPG,data/plantvillage/raw/color/Apple___healthy/b6808ea5-f26b-49fa-87b2-a1bbbc98d74c___RS_HL 6095.JPG,healthy,healthy,True,False
8,source-source,data/plantvillage/raw/color/Apple___healthy/4c368acb-0a47-4c7f-84bd-29dc74660db9___RS_HL 5800.JPG,data/plantvillage/raw/color/Apple___healthy/8b944746-e4b0-4032-b5ec-8a6252128065___RS_HL 6266.JPG,healthy,healthy,True,False
8,source-source,data/plantvillage/raw/color/Apple___healthy/4cfa1595-b674-419b-93f7-2a836ff4d1bd___RS_HL 7464.JPG,data/plantvillage/raw/color/Apple___healthy/89ce10db-057c-4c03-9324-b512db8ca3d6___RS_HL 5797.JPG,healthy,healthy,True,False
8,source-source,data/plantvillage/raw/color/Apple___healthy/4cfa1595-b674-419b-93f7-2a836ff4d1bd___RS_HL 7464.JPG,data/plantvillage/raw/color/Apple___healthy/db85b64d-0f2a-41ad-9ac2-f912283d8e4b___RS_HL 7863.JPG,healthy,healthy,True,False
8,source-source,data/plantvillage/raw/color/Apple___healthy/51ad3661-ed25-4c8f-9f90-44f8f0f042e0___RS_HL 7645.JPG,data/plantvillage/raw/color/Apple___healthy/d103c4fb-790f-4178-8208-dd191b375600___RS_HL 5645.JPG,healthy,healthy,True,False
8,source-source,data/plantvillage/raw/color/Apple___healthy/51cb81e8-dd15-40cd-b4f2-5287379dfe74___RS_HL 6104.JPG,data/plantvillage/raw/color/Apple___healthy/9979c166-aa9e-4c63-af93-d9ad2b56bce2___RS_HL 5890.JPG,healthy,healthy,True,False
8,source-source,data/plantvillage/raw/color/Apple___healthy/530f24d7-aefb-419d-b814-2cb3a81cfe2c___RS_HL 6071.JPG,data/plantvillage/raw/color/Apple___healthy/53d09cc6-89ef-4180-a823-31c5f6566656___RS_HL 6070.JPG,healthy,healthy,True,False
8,source-source,data/plantvillage/raw/color/Apple___healthy/530f24d7-aefb-419d-b814-2cb3a81cfe2c___RS_HL 6071.JPG,data/plantvillage/raw/color/Apple___healthy/772e7314-c24e-4126-aa12-224b27098319___RS_HL 5663.JPG,healthy,healthy,True,False
8,source-source,data/plantvillage/raw/color/Apple___healthy/530f24d7-aefb-419d-b814-2cb3a81cfe2c___RS_HL 6071.JPG,data/plantvillage/raw/color/Apple___healthy/fcc4c8a4-2177-4a08-a785-063497dfd121___RS_HL 5844.JPG,healthy,healthy,True,False
8,source-source,data/plantvillage/raw/color/Apple___healthy/558de0a1-89a7-4fa4-8814-bb1d8a845bfd___RS_HL 5779.JPG,data/plantvillage/raw/color/Apple___healthy/e9d92a83-92dd-442f-8138-627ead72fcaf___RS_HL 5839.JPG,healthy,healthy,True,False
8,source-source,data/plantvillage/raw/color/Apple___healthy/55b70cf6-c157-48bb-892c-24fa7c230a85___RS_HL 6203.JPG,data/plantvillage/raw/color/Apple___healthy/7e2b569c-2eb5-4f4e-af96-e4cde4971634___RS_HL 6136.JPG,healthy,healthy,True,False
8,source-source,data/plantvillage/raw/color/Apple___healthy/5941b857-a525-4aff-ba20-def608d63c4d___RS_HL 6119.JPG,data/plantvillage/raw/color/Apple___healthy/82d55fb4-a8df-439a-9935-5e5f72b05383___RS_HL 6107.JPG,healthy,healthy,True,False
8,source-source,data/plantvillage/raw/color/Apple___healthy/5941b857-a525-4aff-ba20-def608d63c4d___RS_HL 6119.JPG,data/plantvillage/raw/color/Apple___healthy/b6808ea5-f26b-49fa-87b2-a1bbbc98d74c___RS_HL 6095.JPG,healthy,healthy,True,False
8,source-source,data/plantvillage/raw/color/Apple___healthy/5a0aa782-76a8-4de9-89e9-47cb35d222e3___RS_HL 6310.JPG,data/plantvillage/raw/color/Apple___healthy/98cfff90-4edc-4b41-b834-09d18d1c08ca___RS_HL 6142.JPG,healthy,healthy,True,False
8,source-source,data/plantvillage/raw/color/Apple___healthy/5d4206ed-09fa-42d5-a42d-2fc98cb4820d___RS_HL 6032.JPG,data/plantvillage/raw/color/Apple___healthy/b0ba7a6d-95eb-44e2-a2a5-4d9ef9b489d7___RS_HL 5896.JPG,healthy,healthy,True,False
8,source-source,data/plantvillage/raw/color/Apple___healthy/5dba053d-d3b0-49b9-babc-4f1e8e7d3f59___RS_HL 6235.JPG,data/plantvillage/raw/color/Apple___healthy/e662b14d-58f7-4347-98b7-ba9cbc1e858f___RS_HL 6024.JPG,healthy,healthy,True,False
8,source-source,data/plantvillage/raw/color/Apple___healthy/5ee4cb1c-d933-4e89-b364-9b740b48e077___RS_HL 6224.JPG,data/plantvillage/raw/color/Apple___healthy/76367d84-6702-4ef7-84f1-fe308315d04d___RS_HL 5967.JPG,healthy,healthy,True,False
8,source-source,data/plantvillage/raw/color/Apple___healthy/5f067f00-b2c7-4948-b961-b940b4b148db___RS_HL 5860.JPG,data/plantvillage/raw/color/Apple___healthy/8b944746-e4b0-4032-b5ec-8a6252128065___RS_HL 6266.JPG,healthy,healthy,True,False
8,source-source,data/plantvillage/raw/color/Apple___healthy/602a8c1f-1fa9-4141-b589-d514acc17ce4___RS_HL 6016.JPG,data/plantvillage/raw/color/Apple___healthy/d99bef24-fac5-4739-8e4e-02465dba4fa8___RS_HL 5686.JPG,healthy,healthy,True,False
8,source-source,data/plantvillage/raw/color/Apple___healthy/622b6e6e-1388-4933-9f74-3ae54937a3d7___RS_HL 5920.JPG,data/plantvillage/raw/color/Apple___healthy/a1644fa1-0871-47e1-a316-bc435c6a275b___RS_HL 6225.JPG,healthy,healthy,True,False
8,source-source,data/plantvillage/raw/color/Apple___healthy/6d276438-7f26-4b65-b425-a18ce241ab04___RS_HL 6050.JPG,data/plantvillage/raw/color/Apple___healthy/9cfb97eb-0e0a-4e55-b25d-d6121ceded58___RS_HL 6146.JPG,healthy,healthy,True,False
8,source-source,data/plantvillage/raw/color/Apple___healthy/741841f6-e95c-4206-ac05-c5cb98c7e7cd___RS_HL 5908.JPG,data/plantvillage/raw/color/Apple___healthy/9f6f67e7-5369-4642-9594-a29fba331a5c___RS_HL 5907.JPG,healthy,healthy,True,False
8,source-source,data/plantvillage/raw/color/Apple___healthy/74bda678-63b6-44fb-8e8f-259788239618___RS_HL 5830.JPG,data/plantvillage/raw/color/Apple___healthy/a0670cfe-00e2-4c7a-a9f7-29408debdc3a___RS_HL 6061.JPG,healthy,healthy,True,False
8,source-source,data/plantvillage/raw/color/Apple___healthy/74d4928f-5a36-4f9b-acbe-be50736d397d___RS_HL 8169.JPG,data/plantvillage/raw/color/Apple___healthy/d2fc2f4e-9094-4e38-bc7a-f40c5c059280___RS_HL 8170.JPG,healthy,healthy,True,False
8,source-source,data/plantvillage/raw/color/Apple___healthy/75b7a5bc-e419-4312-b5d9-6c3446a24ef4___RS_HL 6079.JPG,data/plantvillage/raw/color/Apple___healthy/9cfb97eb-0e0a-4e55-b25d-d6121ceded58___RS_HL 6146.JPG,healthy,healthy,True,False
8,source-source,data/plantvillage/raw/color/Apple___healthy/75b7a5bc-e419-4312-b5d9-6c3446a24ef4___RS_HL 6079.JPG,data/plantvillage/raw/color/Apple___healthy/a850464f-70db-4726-8e80-bfe6ca501942___RS_HL 7999.JPG,healthy,healthy,True,False
8,source-source,data/plantvillage/raw/color/Apple___healthy/75b7a5bc-e419-4312-b5d9-6c3446a24ef4___RS_HL 6079.JPG,data/plantvillage/raw/color/Apple___healthy/cf3df371-fa11-469e-8ab9-7bbeb7435920___RS_HL 6080.JPG,healthy,healthy,True,False
8,source-source,data/plantvillage/raw/color/Apple___healthy/768f1904-8365-4d72-aa84-87d9f09ef2d5___RS_HL 7937.JPG,data/plantvillage/raw/color/Apple___healthy/d2ccc66e-eedd-4a68-8b8b-d4b8018f6a56___RS_HL 5792.JPG,healthy,healthy,True,False
8,source-source,data/plantvillage/raw/color/Apple___healthy/7b236824-defb-40ae-8f83-76c00cf8b822___RS_HL 6222.JPG,data/plantvillage/raw/color/Apple___healthy/ced1918e-3327-45c8-8107-c93dd2586380___RS_HL 5970.JPG,healthy,healthy,True,False
8,source-source,data/plantvillage/raw/color/Apple___healthy/7f06e481-8f9a-47cd-860a-8fea5b81fe9b___RS_HL 6193.JPG,data/plantvillage/raw/color/Apple___healthy/9cfb97eb-0e0a-4e55-b25d-d6121ceded58___RS_HL 6146.JPG,healthy,healthy,True,False
8,source-source,data/plantvillage/raw/color/Apple___healthy/89ce10db-057c-4c03-9324-b512db8ca3d6___RS_HL 5797.JPG,data/plantvillage/raw/color/Apple___healthy/ced1918e-3327-45c8-8107-c93dd2586380___RS_HL 5970.JPG,healthy,healthy,True,False
8,source-source,data/plantvillage/raw/color/Apple___healthy/89ce10db-057c-4c03-9324-b512db8ca3d6___RS_HL 5797.JPG,data/plantvillage/raw/color/Apple___healthy/da4815d7-03f0-44f0-bc35-8d28c578cbc2___RS_HL 5990.JPG,healthy,healthy,True,False
8,source-source,data/plantvillage/raw/color/Apple___healthy/89ce10db-057c-4c03-9324-b512db8ca3d6___RS_HL 5797.JPG,data/plantvillage/raw/color/Apple___healthy/fcc4c8a4-2177-4a08-a785-063497dfd121___RS_HL 5844.JPG,healthy,healthy,True,False
8,source-source,data/plantvillage/raw/color/Apple___healthy/8b944746-e4b0-4032-b5ec-8a6252128065___RS_HL 6266.JPG,data/plantvillage/raw/color/Apple___healthy/dbea92a9-9473-4cb1-b181-341789de0681___RS_HL 5708.JPG,healthy,healthy,True,False
8,source-source,data/plantvillage/raw/color/Apple___healthy/8ef4c6f0-d4fd-4d4c-bc4d-525b6b74b19a___RS_HL 7786.JPG,data/plantvillage/raw/color/Apple___healthy/a850464f-70db-4726-8e80-bfe6ca501942___RS_HL 7999.JPG,healthy,healthy,True,False
8,source-source,data/plantvillage/raw/color/Apple___healthy/9cfb97eb-0e0a-4e55-b25d-d6121ceded58___RS_HL 6146.JPG,data/plantvillage/raw/color/Apple___healthy/cf3df371-fa11-469e-8ab9-7bbeb7435920___RS_HL 6080.JPG,healthy,healthy,True,False
8,source-source,data/plantvillage/raw/color/Apple___healthy/9d72b93c-59d4-41ec-b346-954a1e8e57bb___RS_HL 6284.JPG,data/plantvillage/raw/color/Apple___healthy/e77cdcd7-1279-4cd1-87db-9d80721311b4___RS_HL 6283.JPG,healthy,healthy,True,False
8,source-source,data/plantvillage/raw/color/Apple___healthy/abff9f5a-3cc5-4753-96e7-1271110346cc___RS_HL 5914.JPG,data/plantvillage/raw/color/Apple___healthy/b2187f22-a9bf-47e1-8b92-b12af779833f___RS_HL 5944.JPG,healthy,healthy,True,False
8,source-source,data/plantvillage/raw/color/Apple___healthy/abff9f5a-3cc5-4753-96e7-1271110346cc___RS_HL 5914.JPG,data/plantvillage/raw/color/Apple___healthy/ea45b7c8-f1c2-42c0-bfec-96444c58ddd0___RS_HL 6004.JPG,healthy,healthy,True,False
8,source-source,data/plantvillage/raw/color/Apple___healthy/aede527b-869e-4e42-a760-3ada64aeb8aa___RS_HL 6131.JPG,data/plantvillage/raw/color/Apple___healthy/d6590bcb-cb7e-47c9-beb0-80785efb4046___RS_HL 6234.JPG,healthy,healthy,True,False
8,source-source,data/plantvillage/raw/color/Apple___healthy/af413561-59ca-4d3a-9e7d-34711b946db4___RS_HL 6298.JPG,data/plantvillage/raw/color/Apple___healthy/b1e778d9-67ab-4480-ad8c-99608cbad53e___RS_HL 5976.JPG,healthy,healthy,True,False
8,source-source,data/plantvillage/raw/color/Apple___healthy/b122dc1b-a929-4b77-baa9-faf01744fd88___RS_HL 5657.JPG,data/plantvillage/raw/color/Apple___healthy/d3b63202-6e22-4d60-b4d0-31c54ffd2762___RS_HL 5675.JPG,healthy,healthy,True,False
8,source-source,data/plantvillage/raw/color/Apple___healthy/b6a2a9d1-5fff-4f42-bc18-12c9777001e6___RS_HL 6067.JPG,data/plantvillage/raw/color/Apple___healthy/da781038-1b3d-4934-8927-9477efa7d5ec___RS_HL 5815.JPG,healthy,healthy,True,False
8,cross,data/plantvillage/raw/color/Apple___healthy/bd9222f6-b97a-4e5b-ac0f-ff320f5f7180___RS_HL 7630.JPG,data/pp2020/images/Train_471.jpg,healthy,scab,False,False
8,source-source,data/plantvillage/raw/color/Apple___healthy/c5a85d3c-72bf-4768-9e3c-d6ba6da6e82e___RS_HL 6295.JPG,data/plantvillage/raw/color/Apple___healthy/f6424729-cfe4-4f67-bd16-d4c5c84daaa0___RS_HL 6195.JPG,healthy,healthy,True,False
8,source-source,data/plantvillage/raw/color/Apple___healthy/c8fe407d-1806-41a1-9fee-0c7d2c538fba___RS_HL 6166.JPG,data/plantvillage/raw/color/Apple___healthy/e00d340c-2088-458e-b41d-b628959397c1___RS_HL 5940.JPG,healthy,healthy,True,False
8,source-source,data/plantvillage/raw/color/Apple___healthy/cb2820ba-baab-455a-8830-df6f53bbb580___RS_HL 6097.JPG,data/plantvillage/raw/color/Apple___healthy/f32ff514-bb33-437d-96bb-526b36662981___RS_HL 6121.JPG,healthy,healthy,True,False
8,source-source,data/plantvillage/raw/color/Apple___healthy/ced1918e-3327-45c8-8107-c93dd2586380___RS_HL 5970.JPG,data/plantvillage/raw/color/Apple___healthy/d2fc2f4e-9094-4e38-bc7a-f40c5c059280___RS_HL 8170.JPG,healthy,healthy,True,False
8,source-source,data/plantvillage/raw/color/Apple___healthy/ced1918e-3327-45c8-8107-c93dd2586380___RS_HL 5970.JPG,data/plantvillage/raw/color/Apple___healthy/fea00538-32c3-4876-8833-40652becc30c___RS_HL 5761.JPG,healthy,healthy,True,False
8,source-source,data/plantvillage/raw/color/Apple___healthy/d6590bcb-cb7e-47c9-beb0-80785efb4046___RS_HL 6234.JPG,data/plantvillage/raw/color/Apple___healthy/fca87ead-171e-4dd8-9b2d-669f69158dc5___RS_HL 6113.JPG,healthy,healthy,True,False
8,source-source,data/plantvillage/raw/color/Apple___healthy/d6590bcb-cb7e-47c9-beb0-80785efb4046___RS_HL 6234.JPG,data/plantvillage/raw/color/Apple___healthy/fcc4c8a4-2177-4a08-a785-063497dfd121___RS_HL 5844.JPG,healthy,healthy,True,False
8,source-source,data/plantvillage/raw/color/Apple___healthy/dc456961-360a-419b-abb7-b3de3963742a___RS_HL 6055.JPG,data/plantvillage/raw/color/Apple___healthy/f32ff514-bb33-437d-96bb-526b36662981___RS_HL 6121.JPG,healthy,healthy,True,False
8,source-source,data/plantvillage/raw/color/Apple___healthy/e439a002-e035-401e-a1aa-77f99fbd65ad___RS_HL 5880.JPG,data/plantvillage/raw/color/Apple___healthy/fd7d6a50-e28f-4014-8e15-6028b5f349d0___RS_HL 5953.JPG,healthy,healthy,True,False
8,source-source,data/plantvillage/raw/color/Apple___healthy/f4b6cf56-ec35-43f4-b5e4-eebf509c9580___RS_HL 5946.JPG,data/plantvillage/raw/color/Apple___healthy/fd4a1e5a-cba8-4f4d-a11a-8e131e907728___RS_HL 6154.JPG,healthy,healthy,True,False
8,source-source,data/plantvillage/raw/color/Apple___healthy/f85e6b2c-e4b2-42fe-99db-9583b58bb51b___RS_HL 6112.JPG,data/plantvillage/raw/color/Apple___healthy/fda25357-1076-4707-83e7-d409448a11a8___RS_HL 6221.JPG,healthy,healthy,True,False
8,target-target,data/pp2020/images/Train_1731.jpg,data/pp2020/images/Train_591.jpg,healthy,healthy,True,False
10,source-source,data/plantvillage/raw/color/Apple___Apple_scab/03354abb-aa1c-4f9d-a1ef-9f40505cd539___FREC_Scab 3355.JPG,data/plantvillage/raw/color/Apple___healthy/298c8daf-43cc-4f65-b2db-65623425e5f8___RS_HL 6103.JPG,scab,healthy,False,False
10,source-source,data/plantvillage/raw/color/Apple___Apple_scab/03354abb-aa1c-4f9d-a1ef-9f40505cd539___FREC_Scab 3355.JPG,data/plantvillage/raw/color/Apple___healthy/65fcf384-964b-41c5-9a54-aecb473283d2___RS_HL 7672.JPG,scab,healthy,False,False
10,source-source,data/plantvillage/raw/color/Apple___Apple_scab/03354abb-aa1c-4f9d-a1ef-9f40505cd539___FREC_Scab 3355.JPG,data/plantvillage/raw/color/Apple___healthy/9fc6acc1-0394-498d-b51c-d2e92febae55___RS_HL 6013.JPG,scab,healthy,False,False
10,source-source,data/plantvillage/raw/color/Apple___Apple_scab/03354abb-aa1c-4f9d-a1ef-9f40505cd539___FREC_Scab 3355.JPG,data/plantvillage/raw/color/Apple___healthy/c5a85d3c-72bf-4768-9e3c-d6ba6da6e82e___RS_HL 6295.JPG,scab,healthy,False,False
10,source-source,data/plantvillage/raw/color/Apple___Apple_scab/0537ad56-3d24-4e97-a947-65b9b37f8988___FREC_Scab 3079.JPG,data/plantvillage/raw/color/Apple___Apple_scab/ef40de8f-19ee-4a7f-b9de-f37ebcbac26c___FREC_Scab 3364.JPG,scab,scab,True,False
10,source-source,data/plantvillage/raw/color/Apple___Apple_scab/06cf74b6-d895-4a09-b3b1-bc63579f8c33___FREC_Scab 3128.JPG,data/plantvillage/raw/color/Apple___healthy/010125c0-e6f2-4f3d-b469-dd98ffecbb01___RS_HL 7948.JPG,scab,healthy,False,False
10,source-source,data/plantvillage/raw/color/Apple___Apple_scab/0a5e9323-dbad-432d-ac58-d291718345d9___FREC_Scab 3417.JPG,data/plantvillage/raw/color/Apple___Apple_scab/7ceb532d-1a58-4a25-bbff-8dd04a117744___FREC_Scab 3422.JPG,scab,scab,True,False
10,source-source,data/plantvillage/raw/color/Apple___Apple_scab/0a769a71-052a-4f19-a4d8-b0f0cb75541c___FREC_Scab 3165.JPG,data/plantvillage/raw/color/Apple___Apple_scab/f8e48799-c566-4b86-b7c8-a0e290fb7f25___FREC_Scab 3167.JPG,scab,scab,True,False
10,source-source,data/plantvillage/raw/color/Apple___Apple_scab/0b1e31fa-cbc0-41ed-9139-c794e6855e82___FREC_Scab 3089.JPG,data/plantvillage/raw/color/Apple___Apple_scab/453b09e4-6469-47f9-8599-f87e1d6eddf3___FREC_Scab 3048.JPG,scab,scab,True,False
10,source-source,data/plantvillage/raw/color/Apple___Apple_scab/0b1e31fa-cbc0-41ed-9139-c794e6855e82___FREC_Scab 3089.JPG,data/plantvillage/raw/color/Apple___healthy/1630633a-63cb-433f-96bc-bc47a933506c___RS_HL 5718.JPG,scab,healthy,False,False
10,source-source,data/plantvillage/raw/color/Apple___Apple_scab/11c50257-617e-4a6a-a996-2b195af9ada4___FREC_Scab 3462.JPG,data/plantvillage/raw/color/Apple___healthy/2a986e85-7e83-443a-871e-c590d5a25845___RS_HL 6000.JPG,scab,healthy,False,False
10,source-source,data/plantvillage/raw/color/Apple___Apple_scab/11c50257-617e-4a6a-a996-2b195af9ada4___FREC_Scab 3462.JPG,data/plantvillage/raw/color/Apple___healthy/7b5603c7-76c7-4b94-9c7a-5db00fb8581d___RS_HL 6064.JPG,scab,healthy,False,False
10,source-source,data/plantvillage/raw/color/Apple___Apple_scab/11c50257-617e-4a6a-a996-2b195af9ada4___FREC_Scab 3462.JPG,data/plantvillage/raw/color/Apple___healthy/d6590bcb-cb7e-47c9-beb0-80785efb4046___RS_HL 6234.JPG,scab,healthy,False,False
10,source-source,data/plantvillage/raw/color/Apple___Apple_scab/13f31401-f65a-4025-823a-4f2738e8bff9___FREC_Scab 3062.JPG,data/plantvillage/raw/color/Apple___healthy/336c4870-9f2f-4cdc-ba05-f9d27271ef07___RS_HL 7670.JPG,scab,healthy,False,False
10,source-source,data/plantvillage/raw/color/Apple___Apple_scab/14c623e5-051c-42f6-9e4f-f7a93e6a723c___FREC_Scab 2965.JPG,data/plantvillage/raw/color/Apple___healthy/375f472f-7a4e-41fd-af0e-b6da455dfc58___RS_HL 7477.JPG,scab,healthy,False,False
10,source-source,data/plantvillage/raw/color/Apple___Apple_scab/1bc60205-27cc-4d10-bc87-7e968573e5d5___FREC_Scab 3531.JPG,data/plantvillage/raw/color/Apple___healthy/336a5bb9-179f-44fb-a4d1-c59a40d90306___RS_HL 5978.JPG,scab,healthy,False,False
10,source-source,data/plantvillage/raw/color/Apple___Apple_scab/1d81b4c1-072d-4cf7-b1ca-ce43f59822d8___FREC_Scab 3406.JPG,data/plantvillage/raw/color/Apple___healthy/deaf8b47-7a21-4cd2-97a6-8dc1fc644d00___RS_HL 5812.JPG,scab,healthy,False,False
10,source-source,data/plantvillage/raw/color/Apple___Apple_scab/24d43ad3-24e6-4236-8ef7-59b268520ca3___FREC_Scab 3533.JPG,data/plantvillage/raw/color/Apple___healthy/15b10e4e-2d9b-463e-85c0-d66ba29c5b49___RS_HL 7506.JPG,scab,healthy,False,False
10,source-source,data/plantvillage/raw/color/Apple___Apple_scab/24d43ad3-24e6-4236-8ef7-59b268520ca3___FREC_Scab 3533.JPG,data/plantvillage/raw/color/Apple___healthy/2331c0e7-475e-4304-8f4e-d98f80778a08___RS_HL 8043.JPG,scab,healthy,False,False
10,source-source,data/plantvillage/raw/color/Apple___Apple_scab/24d43ad3-24e6-4236-8ef7-59b268520ca3___FREC_Scab 3533.JPG,data/plantvillage/raw/color/Apple___healthy/375f472f-7a4e-41fd-af0e-b6da455dfc58___RS_HL 7477.JPG,scab,healthy,False,False
10,source-source,data/plantvillage/raw/color/Apple___Apple_scab/30111fee-0c22-4ca4-aeb4-ac14a9a5d651___FREC_Scab 3097.JPG,data/plantvillage/raw/color/Apple___healthy/ff2e08fe-a803-4159-a9ec-0de65dbaad36___RS_HL 7368.JPG,scab,healthy,False,False
10,source-source,data/plantvillage/raw/color/Apple___Apple_scab/32550bbb-cdf1-4805-8167-27dc5a8e87d2___FREC_Scab 3195.JPG,data/plantvillage/raw/color/Apple___Apple_scab/bb495423-1617-447c-95cd-52ebabee1a59___FREC_Scab 3199.JPG,scab,scab,True,False
10,source-source,data/plantvillage/raw/color/Apple___Apple_scab/40d60cf0-1311-40c7-9e7e-579e74c92027___FREC_Scab 3136.JPG,data/plantvillage/raw/color/Apple___healthy/2abb295b-31c5-4e5f-b5c7-94ca57e94305___RS_HL 6277.JPG,scab,healthy,False,False
10,source-source,data/plantvillage/raw/color/Apple___Apple_scab/40d60cf0-1311-40c7-9e7e-579e74c92027___FREC_Scab 3136.JPG,data/plantvillage/raw/color/Apple___healthy/3b0f637d-dd22-44a0-a4b4-2a7792e2ac76___RS_HL 7258.JPG,scab,healthy,False,False
10,source-source,data/plantvillage/raw/color/Apple___Apple_scab/40d60cf0-1311-40c7-9e7e-579e74c92027___FREC_Scab 3136.JPG,data/plantvillage/raw/color/Apple___healthy/3c047601-ed4d-4178-8bed-33a65e5f4b6d___RS_HL 6001.JPG,scab,healthy,False,False
10,source-source,data/plantvillage/raw/color/Apple___Apple_scab/40d60cf0-1311-40c7-9e7e-579e74c92027___FREC_Scab 3136.JPG,data/plantvillage/raw/color/Apple___healthy/5941b857-a525-4aff-ba20-def608d63c4d___RS_HL 6119.JPG,scab,healthy,False,False
10,source-source,data/plantvillage/raw/color/Apple___Apple_scab/40d60cf0-1311-40c7-9e7e-579e74c92027___FREC_Scab 3136.JPG,data/plantvillage/raw/color/Apple___healthy/f2cda910-55c7-46d7-b1a2-9a3bb9792148___RS_HL 6274.JPG,scab,healthy,False,False
10,source-source,data/plantvillage/raw/color/Apple___Apple_scab/40d60cf0-1311-40c7-9e7e-579e74c92027___FREC_Scab 3136.JPG,data/plantvillage/raw/color/Apple___healthy/fdbfa6f7-f887-442d-8df1-1f0cf839fc4d___RS_HL 6274.JPG,scab,healthy,False,False
10,source-source,data/plantvillage/raw/color/Apple___Apple_scab/444c4ed0-3bee-4059-870a-a15a00f0e37e___FREC_Scab 3067.JPG,data/plantvillage/raw/color/Apple___healthy/772e7314-c24e-4126-aa12-224b27098319___RS_HL 5663.JPG,scab,healthy,False,False
10,source-source,data/plantvillage/raw/color/Apple___Apple_scab/453b09e4-6469-47f9-8599-f87e1d6eddf3___FREC_Scab 3048.JPG,data/plantvillage/raw/color/Apple___healthy/1630633a-63cb-433f-96bc-bc47a933506c___RS_HL 5718.JPG,scab,healthy,False,False
10,source-source,data/plantvillage/raw/color/Apple___Apple_scab/453b09e4-6469-47f9-8599-f87e1d6eddf3___FREC_Scab 3048.JPG,data/plantvillage/raw/color/Apple___healthy/23307db5-ba40-498c-9b96-2c6b65f40c27___RS_HL 6096.JPG,scab,healthy,False,False
10,source-source,data/plantvillage/raw/color/Apple___Apple_scab/453b09e4-6469-47f9-8599-f87e1d6eddf3___FREC_Scab 3048.JPG,data/plantvillage/raw/color/Apple___healthy/fd7d6a50-e28f-4014-8e15-6028b5f349d0___RS_HL 5953.JPG,scab,healthy,False,False
10,source-source,data/plantvillage/raw/color/Apple___Apple_scab/45e34a1f-1d46-42e8-921d-c82f2c9e7cd1___FREC_Scab 3228.JPG,data/plantvillage/raw/color/Apple___Apple_scab/60f3ba82-caf1-4cf7-998c-b0005458fa38___FREC_Scab 3226.JPG,scab,scab,True,False
10,source-source,data/plantvillage/raw/color/Apple___Apple_scab/4b7c40cd-b145-4945-b649-3576a1d898dc___FREC_Scab 3343.JPG,data/plantvillage/raw/color/Apple___Apple_scab/6639559d-7af6-40b0-9677-a8dcfe036435___FREC_Scab 3342.JPG,scab,scab,True,False
10,source-source,data/plantvillage/raw/color/Apple___Apple_scab/536ce9e9-6c98-42c6-9447-f38073b3e9da___FREC_Scab 3222.JPG,data/plantvillage/raw/color/Apple___healthy/0646a42e-9fdd-4914-9879-50843fe1ac6d___RS_HL 6111.JPG,scab,healthy,False,False
10,source-source,data/plantvillage/raw/color/Apple___Apple_scab/53fe6519-da0a-4183-80d6-a18828a33223___FREC_Scab 3283.JPG,data/plantvillage/raw/color/Apple___Apple_scab/a72a9033-d2b9-4c64-93bc-7e5a1a0ea4ae___FREC_Scab 3284.JPG,scab,scab,True,False
10,source-source,data/plantvillage/raw/color/Apple___Apple_scab/5b74fa7a-008d-42b2-b8c0-07bd4642153a___FREC_Scab 3162.JPG,data/plantvillage/raw/color/Apple___healthy/313b7055-4346-4b7c-99fb-ada974f60486___RS_HL 6275.JPG,scab,healthy,False,False
10,source-source,data/plantvillage/raw/color/Apple___Apple_scab/5b74fa7a-008d-42b2-b8c0-07bd4642153a___FREC_Scab 3162.JPG,data/plantvillage/raw/color/Apple___healthy/fad6efb7-4486-4c45-8b23-1b6cf2a2912a___RS_HL 6077.JPG,scab,healthy,False,False
10,source-source,data/plantvillage/raw/color/Apple___Apple_scab/5c0af4dd-f185-4fc9-ae2c-a697a235d660___FREC_Scab 2955.JPG,data/plantvillage/raw/color/Apple___healthy/d15fe9d3-0631-4482-a482-68d9169f1970___RS_HL 7894.JPG,scab,healthy,False,False
10,source-source,data/plantvillage/raw/color/Apple___Apple_scab/60f3ba82-caf1-4cf7-998c-b0005458fa38___FREC_Scab 3226.JPG,data/plantvillage/raw/color/Apple___Apple_scab/ba94f188-df0b-41fd-94e3-f0ed4924e23e___FREC_Scab 3102.JPG,scab,scab,True,False
10,source-source,data/plantvillage/raw/color/Apple___Apple_scab/675f0b56-9d0b-45b3-8c8e-820efae75274___FREC_Scab 3006.JPG,data/plantvillage/raw/color/Apple___healthy/23a11b8b-6812-481e-9258-e07cc24fdad4___RS_HL 5898.JPG,scab,healthy,False,False
10,source-source,data/plantvillage/raw/color/Apple___Apple_scab/675f0b56-9d0b-45b3-8c8e-820efae75274___FREC_Scab 3006.JPG,data/plantvillage/raw/color/Apple___healthy/38c039b6-23f0-4fc2-a0df-e5ec3f523a09___RS_HL 5887.JPG,scab,healthy,False,False
10,source-source,data/plantvillage/raw/color/Apple___Apple_scab/675f0b56-9d0b-45b3-8c8e-820efae75274___FREC_Scab 3006.JPG,data/plantvillage/raw/color/Apple___healthy/9ebc421f-9c65-41ee-a650-2da921e8e7cb___RS_HL 6227.JPG,scab,healthy,False,False
10,source-source,data/plantvillage/raw/color/Apple___Apple_scab/6e620ce9-bf70-41af-8778-dd46247a3327___FREC_Scab 3405.JPG,data/plantvillage/raw/color/Apple___healthy/2a73c206-19c5-4f7c-80da-1bdf62354562___RS_HL 6082.JPG,scab,healthy,False,False
10,source-source,data/plantvillage/raw/color/Apple___Apple_scab/6e620ce9-bf70-41af-8778-dd46247a3327___FREC_Scab 3405.JPG,data/plantvillage/raw/color/Apple___healthy/38c039b6-23f0-4fc2-a0df-e5ec3f523a09___RS_HL 5887.JPG,scab,healthy,False,False
10,source-source,data/plantvillage/raw/color/Apple___Apple_scab/6e620ce9-bf70-41af-8778-dd46247a3327___FREC_Scab 3405.JPG,data/plantvillage/raw/color/Apple___healthy/5941b857-a525-4aff-ba20-def608d63c4d___RS_HL 6119.JPG,scab,healthy,False,False
10,source-source,data/plantvillage/raw/color/Apple___Apple_scab/792c3972-8724-45b6-8ba0-eec0f675bc50___FREC_Scab 3120.JPG,data/plantvillage/raw/color/Apple___healthy/34a96778-25fe-4e97-910e-56b39fc2bdd6___RS_HL 6263.JPG,scab,healthy,False,False
10,source-source,data/plantvillage/raw/color/Apple___Apple_scab/7b3e4313-9abb-4105-8be9-2020f1101e58___FREC_Scab 3441.JPG,data/plantvillage/raw/color/Apple___healthy/9dba8abe-f50e-45fe-aa32-17dd4445189b___RS_HL 7489.JPG,scab,healthy,False,False
10,source-source,data/plantvillage/raw/color/Apple___Apple_scab/7ead14ac-9bdd-42a9-bde9-b70d8b6694b7___FREC_Scab 3356.JPG,data/plantvillage/raw/color/Apple___Apple_scab/bc93b0fd-568f-4969-9d2d-c94d5f340e7e___FREC_Scab 3357.JPG,scab,scab,True,False
10,source-source,data/plantvillage/raw/color/Apple___Apple_scab/7f7b25d4-f895-4f8e-80ad-db72a9b19a2e___FREC_Scab 3451.JPG,data/plantvillage/raw/color/Apple___Apple_scab/f8ef99d9-9d01-4aeb-9248-e8c312c9a981___FREC_Scab 3129.JPG,scab,scab,True,False
10,source-source,data/plantvillage/raw/color/Apple___Apple_scab/7f7b25d4-f895-4f8e-80ad-db72a9b19a2e___FREC_Scab 3451.JPG,data/plantvillage/raw/color/Apple___healthy/1630633a-63cb-433f-96bc-bc47a933506c___RS_HL 5718.JPG,scab,healthy,False,False
10,source-source,data/plantvillage/raw/color/Apple___Apple_scab/8c72c236-8f13-4087-8d1d-f365211563f0___FREC_Scab 3196.JPG,data/plantvillage/raw/color/Apple___healthy/643e172f-02bf-4021-9587-6cfd21c8a344___RS_HL 6053.JPG,scab,healthy,False,False
10,source-source,data/plantvillage/raw/color/Apple___Apple_scab/8edca1d5-7ab9-47b6-bdd0-b61e4a11621e___FREC_Scab 3512.JPG,data/plantvillage/raw/color/Apple___healthy/d496c802-e976-49b5-af09-b698fcf991f7___RS_HL 7429.JPG,scab,healthy,False,False
10,source-source,data/plantvillage/raw/color/Apple___Apple_scab/900e46e0-2f82-4062-8963-50fa06834c38___FREC_Scab 3301.JPG,data/plantvillage/raw/color/Apple___Apple_scab/9555b45b-0080-4d26-8b54-a343b9bf0ffc___FREC_Scab 3313.JPG,scab,scab,True,False
10,source-source,data/plantvillage/raw/color/Apple___Apple_scab/9a82c830-7854-4f7f-84c5-f7414cd238b0___FREC_Scab 3069.JPG,data/plantvillage/raw/color/Apple___healthy/9d3bb139-5177-4d08-914b-5fe232cff065___RS_HL 6011.JPG,scab,healthy,False,False
10,source-source,data/plantvillage/raw/color/Apple___Apple_scab/9b7399aa-1c3c-4137-ae4e-196cd23fe573___FREC_Scab 3468.JPG,data/plantvillage/raw/color/Apple___healthy/7b236824-defb-40ae-8f83-76c00cf8b822___RS_HL 6222.JPG,scab,healthy,False,False
10,source-source,data/plantvillage/raw/color/Apple___Apple_scab/9dac36c9-3c32-44be-8752-0f03666cbb76___FREC_Scab 3365.JPG,data/plantvillage/raw/color/Apple___Apple_scab/f8ef99d9-9d01-4aeb-9248-e8c312c9a981___FREC_Scab 3129.JPG,scab,scab,True,False
10,source-source,data/plantvillage/raw/color/Apple___Apple_scab/9dac36c9-3c32-44be-8752-0f03666cbb76___FREC_Scab 3365.JPG,data/plantvillage/raw/color/Apple___healthy/5fc41ba8-baf5-47ce-b6e5-3741dd3b154f___RS_HL 5965.JPG,scab,healthy,False,False
10,source-source,data/plantvillage/raw/color/Apple___Apple_scab/9efcd800-e927-4595-8eb8-26d36524242a___FREC_Scab 3026.JPG,data/plantvillage/raw/color/Apple___healthy/3ecbb982-2844-4662-ad65-9a94fee38fa3___RS_HL 8060.JPG,scab,healthy,False,False
10,source-source,data/plantvillage/raw/color/Apple___Apple_scab/a2d74032-fd6c-469b-897a-054705e03dec___FREC_Scab 3028.JPG,data/plantvillage/raw/color/Apple___healthy/ef16aa29-f7bd-4bad-be8e-4877760a3712___RS_HL 5871.JPG,scab,healthy,False,False
10,source-source,data/plantvillage/raw/color/Apple___Apple_scab/aba69098-9c79-46cc-ba1f-6f88a456b56f___FREC_Scab 3039.JPG,data/plantvillage/raw/color/Apple___Apple_scab/e12cb6bc-9831-4a22-ba1f-95d3e7c1c62a___FREC_Scab 3040.JPG,scab,scab,True,False
10,source-source,data/plantvillage/raw/color/Apple___Apple_scab/ac61c972-546d-4977-ac4a-085f98bbf206___FREC_Scab 3308.JPG,data/plantvillage/raw/color/Apple___healthy/6e158c4d-f39d-4667-9fb1-7ff184fd7288___RS_HL 6192.JPG,scab,healthy,False,False
10,source-source,data/plantvillage/raw/color/Apple___Apple_scab/b006c4b8-5f33-4794-91bd-7aaa430e6ceb___FREC_Scab 3498.JPG,data/plantvillage/raw/color/Apple___healthy/d5578393-868f-49fa-8fff-4f0484b4507e___RS_HL 5995.JPG,scab,healthy,False,False
10,source-source,data/plantvillage/raw/color/Apple___Apple_scab/b0744c40-7396-4efb-9d0e-d7b1f22a9dd4___FREC_Scab 3407.JPG,data/plantvillage/raw/color/Apple___healthy/d163d7d1-4557-443d-8584-dab6934f858f___RS_HL 7545.JPG,scab,healthy,False,False
10,source-source,data/plantvillage/raw/color/Apple___Apple_scab/b1efda88-84a3-4d96-b3bf-48d7e12155e9___FREC_Scab 3009.JPG,data/plantvillage/raw/color/Apple___healthy/ca1cb6e7-c72f-4c06-b7c8-b370b48a74c6___RS_HL 5691.JPG,scab,healthy,False,False
10,source-source,data/plantvillage/raw/color/Apple___Apple_scab/b4162101-daaa-4e98-bd83-e00f38cf5946___FREC_Scab 2968.JPG,data/plantvillage/raw/color/Apple___healthy/c8fe407d-1806-41a1-9fee-0c7d2c538fba___RS_HL 6166.JPG,scab,healthy,False,False
10,source-source,data/plantvillage/raw/color/Apple___Apple_scab/b4b9c80a-f741-416d-a7e6-6d9566ea731e___FREC_Scab 3399.JPG,data/plantvillage/raw/color/Apple___healthy/2a986e85-7e83-443a-871e-c590d5a25845___RS_HL 6000.JPG,scab,healthy,False,False
10,source-source,data/plantvillage/raw/color/Apple___Apple_scab/b4b9c80a-f741-416d-a7e6-6d9566ea731e___FREC_Scab 3399.JPG,data/plantvillage/raw/color/Apple___healthy/946b311a-cb67-46d4-8c8b-0d91ebd456f3___RS_HL 5809.JPG,scab,healthy,False,False
10,source-source,data/plantvillage/raw/color/Apple___Apple_scab/b4b9c80a-f741-416d-a7e6-6d9566ea731e___FREC_Scab 3399.JPG,data/plantvillage/raw/color/Apple___healthy/b6808ea5-f26b-49fa-87b2-a1bbbc98d74c___RS_HL 6095.JPG,scab,healthy,False,False
10,source-source,data/plantvillage/raw/color/Apple___Apple_scab/be076652-b1bd-430c-a752-db525c1dfcfd___FREC_Scab 3367.JPG,data/plantvillage/raw/color/Apple___healthy/f7f31913-51ef-481d-aacd-e6492daa74bd___RS_HL 5851.JPG,scab,healthy,False,False
10,source-source,data/plantvillage/raw/color/Apple___Apple_scab/c0b4c09e-80d2-4f4e-a87f-eecd09f656fd___FREC_Scab 3452.JPG,data/plantvillage/raw/color/Apple___Apple_scab/edb3d65b-533a-490a-a3fd-46e686d3e690___FREC_Scab 3453.JPG,scab,scab,True,False
10,source-source,data/plantvillage/raw/color/Apple___Apple_scab/c190660f-6116-465c-8ca6-fc56f9844a30___FREC_Scab 3432.JPG,data/plantvillage/raw/color/Apple___Apple_scab/f18c0441-917e-4f34-b26e-a1a71d0adec2___FREC_Scab 3429.JPG,scab,scab,True,False
10,source-source,data/plantvillage/raw/color/Apple___Apple_scab/d652b023-0ade-4f34-a490-206a87489e5e___FREC_Scab 3066.JPG,data/plantvillage/raw/color/Apple___healthy/5f067f00-b2c7-4948-b961-b940b4b148db___RS_HL 5860.JPG,scab,healthy,False,False
10,source-source,data/plantvillage/raw/color/Apple___Apple_scab/dc12e2fd-e41b-43b5-9874-09661913316e___FREC_Scab 3073.JPG,data/plantvillage/raw/color/Apple___healthy/df61d058-fa1e-4636-97e8-3e1d567fddd9___RS_HL 6139.JPG,scab,healthy,False,False
10,source-source,data/plantvillage/raw/color/Apple___Apple_scab/dc12e2fd-e41b-43b5-9874-09661913316e___FREC_Scab 3073.JPG,data/plantvillage/raw/color/Apple___healthy/f2904228-2cc6-4c6c-a2b5-6951a6f3535e___RS_HL 6254.JPG,scab,healthy,False,False
10,source-source,data/plantvillage/raw/color/Apple___Apple_scab/dd46079c-b12c-4687-9db9-5d45b7f0e510___FREC_Scab 3327.JPG,data/plantvillage/raw/color/Apple___healthy/1630633a-63cb-433f-96bc-bc47a933506c___RS_HL 5718.JPG,scab,healthy,False,False
10,source-source,data/plantvillage/raw/color/Apple___Apple_scab/de6e3dd8-b2b8-4bce-aa4f-83cc514f2007___FREC_Scab 3511.JPG,data/plantvillage/raw/color/Apple___healthy/d3db83a2-69b7-4de2-b868-fc3f04a0bf85___RS_HL 7481.JPG,scab,healthy,False,False
10,source-source,data/plantvillage/raw/color/Apple___Apple_scab/e17c9433-0a90-4dd8-a2d8-08bb65c3d3d2___FREC_Scab 3306.JPG,data/plantvillage/raw/color/Apple___healthy/8ef4c6f0-d4fd-4d4c-bc4d-525b6b74b19a___RS_HL 7786.JPG,scab,healthy,False,False
10,source-source,data/plantvillage/raw/color/Apple___Apple_scab/e181fe6a-6865-4ae7-8b3e-0ce6f70ac63b___FREC_Scab 3223.JPG,data/plantvillage/raw/color/Apple___Cedar_apple_rust/4bd5f28f-beb3-4b27-b4f1-7e94b332ef93___FREC_C.Rust 9932.JPG,scab,rust,False,False
10,source-source,data/plantvillage/raw/color/Apple___Apple_scab/f7c4bd45-5098-4b2c-bbfb-2e47c8f2d711___FREC_Scab 3361.JPG,data/plantvillage/raw/color/Apple___Apple_scab/f8ef99d9-9d01-4aeb-9248-e8c312c9a981___FREC_Scab 3129.JPG,scab,scab,True,False
10,source-source,data/plantvillage/raw/color/Apple___Apple_scab/f8ef99d9-9d01-4aeb-9248-e8c312c9a981___FREC_Scab 3129.JPG,data/plantvillage/raw/color/Apple___healthy/c928c4dd-fae7-4650-88e3-8b8cd738243e___RS_HL 7579.JPG,scab,healthy,False,False
10,source-source,data/plantvillage/raw/color/Apple___Apple_scab/fc9c12dc-1bdb-402d-ada8-dc1b33c84d5b___FREC_Scab 2932.JPG,data/plantvillage/raw/color/Apple___healthy/e7f0bd90-56b8-4d09-a406-9c4786eaca3a___RS_HL 7738.JPG,scab,healthy,False,False
10,source-source,data/plantvillage/raw/color/Apple___Cedar_apple_rust/2ac8d689-f30a-4eee-a856-86c92f8dcbd2___FREC_C.Rust 3952.JPG,data/plantvillage/raw/color/Apple___healthy/04032305-5ca9-4110-b517-461f13c95f18___RS_HL 7446.JPG,rust,healthy,False,False
10,source-source,data/plantvillage/raw/color/Apple___Cedar_apple_rust/30ae56d0-6974-4ad2-b4bf-486a97dcff5f___FREC_C.Rust 4088.JPG,data/plantvillage/raw/color/Apple___Cedar_apple_rust/57be14d8-a24b-4354-acce-98b3a47f4512___FREC_C.Rust 4057.JPG,rust,rust,True,False
10,source-source,data/plantvillage/raw/color/Apple___Cedar_apple_rust/3dde7bc6-90e6-4057-a1e7-c2580ccf03a2___FREC_C.Rust 0092.JPG,data/plantvillage/raw/color/Apple___healthy/af109f85-cfe8-4547-a642-10fd10a2b79b___RS_HL 7393.JPG,rust,healthy,False,False
10,source-source,data/plantvillage/raw/color/Apple___Cedar_apple_rust/4bd5f28f-beb3-4b27-b4f1-7e94b332ef93___FREC_C.Rust 9932.JPG,data/plantvillage/raw/color/Apple___healthy/4f84889d-5057-4b56-9643-86b7ec5fcfdd___RS_HL 8063.JPG,rust,healthy,False,False
10,source-source,data/plantvillage/raw/color/Apple___Cedar_apple_rust/669c0bde-c75a-4495-92ea-e7d6be6de1bc___FREC_C.Rust 4410.JPG,data/plantvillage/raw/color/Apple___healthy/23307db5-ba40-498c-9b96-2c6b65f40c27___RS_HL 6096.JPG,rust,healthy,False,False
10,source-source,data/plantvillage/raw/color/Apple___Cedar_apple_rust/68a4878f-c220-49ff-a858-5b026e56e7b0___FREC_C.Rust 9844.JPG,data/plantvillage/raw/color/Apple___healthy/1ecec99b-aeb0-4261-85cf-ac2e8cc80ebd___RS_HL 6073.JPG,rust,healthy,False,False
10,source-source,data/plantvillage/raw/color/Apple___Cedar_apple_rust/7ce07da8-973f-467f-98af-642a1ffbea04___FREC_C.Rust 4334.JPG,data/plantvillage/raw/color/Apple___Cedar_apple_rust/d79cfdd6-fa8a-4a96-aa90-3c347bb9c800___FREC_C.Rust 4125.JPG,rust,rust,True,False
10,source-source,data/plantvillage/raw/color/Apple___Cedar_apple_rust/9e83b384-97cc-4b00-a283-cbed301e876a___FREC_C.Rust 4052.JPG,data/plantvillage/raw/color/Apple___healthy/a0670cfe-00e2-4c7a-a9f7-29408debdc3a___RS_HL 6061.JPG,rust,healthy,False,False
10,source-source,data/plantvillage/raw/color/Apple___Cedar_apple_rust/affae282-693e-4078-b037-de7037ecdcdc___FREC_C.Rust 9909.JPG,data/plantvillage/raw/color/Apple___Cedar_apple_rust/dec47754-abfe-496b-a310-47d1fbb077ba___FREC_C.Rust 9910.JPG,rust,rust,True,False
10,source-source,data/plantvillage/raw/color/Apple___Cedar_apple_rust/d2465b2c-5b95-4557-b086-211e6e7a73d2___FREC_C.Rust 0045.JPG,data/plantvillage/raw/color/Apple___healthy/7c1289d0-4fe5-478c-a9f4-5d94b461d7bf___RS_HL 7970.JPG,rust,healthy,False,False
10,source-source,data/plantvillage/raw/color/Apple___Cedar_apple_rust/d2465b2c-5b95-4557-b086-211e6e7a73d2___FREC_C.Rust 0045.JPG,data/plantvillage/raw/color/Apple___healthy/89ce10db-057c-4c03-9324-b512db8ca3d6___RS_HL 5797.JPG,rust,healthy,False,False
10,source-source,data/plantvillage/raw/color/Apple___Cedar_apple_rust/d2465b2c-5b95-4557-b086-211e6e7a73d2___FREC_C.Rust 0045.JPG,data/plantvillage/raw/color/Apple___healthy/d6590bcb-cb7e-47c9-beb0-80785efb4046___RS_HL 6234.JPG,rust,healthy,False,False
10,source-source,data/plantvillage/raw/color/Apple___Cedar_apple_rust/dc75b693-0cd6-4a48-b0a0-e442070df2cc___FREC_C.Rust 9951.JPG,data/plantvillage/raw/color/Apple___healthy/f995325a-1135-4bde-89a6-121b0fde8c6c___RS_HL 5891.JPG,rust,healthy,False,False
10,source-source,data/plantvillage/raw/color/Apple___Cedar_apple_rust/e908463e-59ee-4eac-b1c9-4a79850030bc___FREC_C.Rust 9980.JPG,data/plantvillage/raw/color/Apple___Cedar_apple_rust/edf726ff-0eff-46a5-90d3-23badf249c46___FREC_C.Rust 9972.JPG,rust,rust,True,False
10,source-source,data/plantvillage/raw/color/Apple___healthy/00907d8b-6ae6-4306-bfd7-d54471981a86___RS_HL 5709.JPG,data/plantvillage/raw/color/Apple___healthy/c69944f6-08da-4638-8ff6-7e97b5878b57___RS_HL 5816.JPG,healthy,healthy,True,False
10,source-source,data/plantvillage/raw/color/Apple___healthy/0098dbd9-286a-4d6a-bf4b-5459d66f88c0___RS_HL 5776.JPG,data/plantvillage/raw/color/Apple___healthy/abb44bf0-cc56-4086-a5eb-0747cddc367c___RS_HL 5679.JPG,healthy,healthy,True,False
10,source-source,data/plantvillage/raw/color/Apple___healthy/0098dbd9-286a-4d6a-bf4b-5459d66f88c0___RS_HL 5776.JPG,data/plantvillage/raw/color/Apple___healthy/e439a002-e035-401e-a1aa-77f99fbd65ad___RS_HL 5880.JPG,healthy,healthy,True,False
10,source-source,data/plantvillage/raw/color/Apple___healthy/00fca0da-2db3-481b-b98a-9b67bb7b105c___RS_HL 7708.JPG,data/plantvillage/raw/color/Apple___healthy/55b70cf6-c157-48bb-892c-24fa7c230a85___RS_HL 6203.JPG,healthy,healthy,True,False
10,source-source,data/plantvillage/raw/color/Apple___healthy/00fca0da-2db3-481b-b98a-9b67bb7b105c___RS_HL 7708.JPG,data/plantvillage/raw/color/Apple___healthy/7b5603c7-76c7-4b94-9c7a-5db00fb8581d___RS_HL 6064.JPG,healthy,healthy,True,False
10,source-source,data/plantvillage/raw/color/Apple___healthy/00fca0da-2db3-481b-b98a-9b67bb7b105c___RS_HL 7708.JPG,data/plantvillage/raw/color/Apple___healthy/b6808ea5-f26b-49fa-87b2-a1bbbc98d74c___RS_HL 6095.JPG,healthy,healthy,True,False
10,source-source,data/plantvillage/raw/color/Apple___healthy/010125c0-e6f2-4f3d-b469-dd98ffecbb01___RS_HL 7948.JPG,data/plantvillage/raw/color/Apple___healthy/0d01a8a3-9faa-4a1f-afe0-be6bffa42056___RS_HL 6204.JPG,healthy,healthy,True,False
10,source-source,data/plantvillage/raw/color/Apple___healthy/010125c0-e6f2-4f3d-b469-dd98ffecbb01___RS_HL 7948.JPG,data/plantvillage/raw/color/Apple___healthy/5c554f84-2f25-4a08-8cd9-561a0c56fc12___RS_HL 5820.JPG,healthy,healthy,True,False
10,source-source,data/plantvillage/raw/color/Apple___healthy/0199bffc-baee-499f-8e03-5dadb8b671be___RS_HL 8042.JPG,data/plantvillage/raw/color/Apple___healthy/9f288c49-e11c-4054-9a44-b5e81e39427a___RS_HL 7938.JPG,healthy,healthy,True,False
10,source-source,data/plantvillage/raw/color/Apple___healthy/0199bffc-baee-499f-8e03-5dadb8b671be___RS_HL 8042.JPG,data/plantvillage/raw/color/Apple___healthy/a61c6603-0f78-4fb9-b917-99eaf0d67c3f___RS_HL 5853.JPG,healthy,healthy,True,False
10,source-source,data/plantvillage/raw/color/Apple___healthy/02847045-4405-467c-9ccb-7ba2ab1d574c___RS_HL 5943.JPG,data/plantvillage/raw/color/Apple___healthy/14896dc0-688d-456f-b5ec-a037695b0193___RS_HL 6268.JPG,healthy,healthy,True,False
10,source-source,data/plantvillage/raw/color/Apple___healthy/02847045-4405-467c-9ccb-7ba2ab1d574c___RS_HL 5943.JPG,data/plantvillage/raw/color/Apple___healthy/bae0be56-db99-469e-909a-6035f9b85443___RS_HL 6003.JPG,healthy,healthy,True,False
10,source-source,data/plantvillage/raw/color/Apple___healthy/02847045-4405-467c-9ccb-7ba2ab1d574c___RS_HL 5943.JPG,data/plantvillage/raw/color/Apple___healthy/c21cf428-bfc3-4710-b5d2-69d1c0e94748___RS_HL 6268.JPG,healthy,healthy,True,False
10,source-source,data/plantvillage/raw/color/Apple___healthy/02d0257a-d21a-43a4-9348-472043df801e___RS_HL 6065.JPG,data/plantvillage/raw/color/Apple___healthy/14896dc0-688d-456f-b5ec-a037695b0193___RS_HL 6268.JPG,healthy,healthy,True,False
10,source-source,data/plantvillage/raw/color/Apple___healthy/02d0257a-d21a-43a4-9348-472043df801e___RS_HL 6065.JPG,data/plantvillage/raw/color/Apple___healthy/c21cf428-bfc3-4710-b5d2-69d1c0e94748___RS_HL 6268.JPG,healthy,healthy,True,False
10,source-source,data/plantvillage/raw/color/Apple___healthy/02d0257a-d21a-43a4-9348-472043df801e___RS_HL 6065.JPG,data/plantvillage/raw/color/Apple___healthy/ddca8aa6-4338-40ea-bf8b-004a53547144___RS_HL 6052.JPG,healthy,healthy,True,False
10,source-source,data/plantvillage/raw/color/Apple___healthy/03152113-855b-4eab-8a4f-7d78d92240d0___RS_HL 5838.JPG,data/plantvillage/raw/color/Apple___healthy/42f558a0-c252-4949-ba12-232731aa9a6b___RS_HL 7543.JPG,healthy,healthy,True,False
10,source-source,data/plantvillage/raw/color/Apple___healthy/03152113-855b-4eab-8a4f-7d78d92240d0___RS_HL 5838.JPG,data/plantvillage/raw/color/Apple___healthy/445d268a-415e-41d4-80de-0116fdaca73d___RS_HL 5982.JPG,healthy,healthy,True,False
10,source-source,data/plantvillage/raw/color/Apple___healthy/03152113-855b-4eab-8a4f-7d78d92240d0___RS_HL 5838.JPG,data/plantvillage/raw/color/Apple___healthy/7771f894-0889-44fc-93dc-0e0c1162a5e8___RS_HL 7870.JPG,healthy,healthy,True,False
10,source-source,data/plantvillage/raw/color/Apple___healthy/03152113-855b-4eab-8a4f-7d78d92240d0___RS_HL 5838.JPG,data/plantvillage/raw/color/Apple___healthy/7b236824-defb-40ae-8f83-76c00cf8b822___RS_HL 6222.JPG,healthy,healthy,True,False
10,source-source,data/plantvillage/raw/color/Apple___healthy/03152113-855b-4eab-8a4f-7d78d92240d0___RS_HL 5838.JPG,data/plantvillage/raw/color/Apple___healthy/9fd4b6dc-c72b-4a90-b9c6-e5518f237d90___RS_HL 5760.JPG,healthy,healthy,True,False
10,source-source,data/plantvillage/raw/color/Apple___healthy/03152113-855b-4eab-8a4f-7d78d92240d0___RS_HL 5838.JPG,data/plantvillage/raw/color/Apple___healthy/fea00538-32c3-4876-8833-40652becc30c___RS_HL 5761.JPG,healthy,healthy,True,False
10,source-source,data/plantvillage/raw/color/Apple___healthy/03cb0cf0-04cf-4549-a2b8-44ed75b2e56c___RS_HL 7460.JPG,data/plantvillage/raw/color/Apple___healthy/298c8daf-43cc-4f65-b2db-65623425e5f8___RS_HL 6103.JPG,healthy,healthy,True,False
10,source-source,data/plantvillage/raw/color/Apple___healthy/03cb0cf0-04cf-4549-a2b8-44ed75b2e56c___RS_HL 7460.JPG,data/plantvillage/raw/color/Apple___healthy/75b7a5bc-e419-4312-b5d9-6c3446a24ef4___RS_HL 6079.JPG,healthy,healthy,True,False
10,source-source,data/plantvillage/raw/color/Apple___healthy/03d420e7-42a1-41d8-9600-16d577043c64___RS_HL 5738.JPG,data/plantvillage/raw/color/Apple___healthy/42fdd9ce-6860-4862-8717-4f147884c7d6___RS_HL 5739.JPG,healthy,healthy,True,False
10,source-source,data/plantvillage/raw/color/Apple___healthy/03d420e7-42a1-41d8-9600-16d577043c64___RS_HL 5738.JPG,data/plantvillage/raw/color/Apple___healthy/8c678916-c5d8-445d-9283-88c90c529edc___RS_HL 5740.JPG,healthy,healthy,True,False
10,source-source,data/plantvillage/raw/color/Apple___healthy/03f6a4b2-d08b-4f7f-8a8e-d132ff3eca8b___RS_HL 6226.JPG,data/plantvillage/raw/color/Apple___healthy/270ca100-e754-4ed1-9fe8-0d3270cba958___RS_HL 5660.JPG,healthy,healthy,True,False
10,source-source,data/plantvillage/raw/color/Apple___healthy/044a96a2-d5ac-490b-8c57-2c1859cdf8f3___RS_HL 7991.JPG,data/plantvillage/raw/color/Apple___healthy/c9e911e2-cba6-4a08-b2a5-1c0e1bca68da___RS_HL 5821.JPG,healthy,healthy,True,False
10,source-source,data/plantvillage/raw/color/Apple___healthy/0460b7aa-4eb0-4c0b-80e5-055ced6684a3___RS_HL 6287.JPG,data/plantvillage/raw/color/Apple___healthy/13cdbdbe-be7f-463c-9085-9ae160412772___RS_HL 6286.JPG,healthy,healthy,True,False
10,source-source,data/plantvillage/raw/color/Apple___healthy/0460b7aa-4eb0-4c0b-80e5-055ced6684a3___RS_HL 6287.JPG,data/plantvillage/raw/color/Apple___healthy/1b9f5fe1-6d06-4ff6-a35d-3155f623e4fb___RS_HL 6228.JPG,healthy,healthy,True,False
10,source-source,data/plantvillage/raw/color/Apple___healthy/0460b7aa-4eb0-4c0b-80e5-055ced6684a3___RS_HL 6287.JPG,data/plantvillage/raw/color/Apple___healthy/2ba31dd4-36d6-4cda-b2e6-c1f53a174d4d___RS_HL 6305.JPG,healthy,healthy,True,False
10,source-source,data/plantvillage/raw/color/Apple___healthy/0460b7aa-4eb0-4c0b-80e5-055ced6684a3___RS_HL 6287.JPG,data/plantvillage/raw/color/Apple___healthy/e2cce5a6-04a9-436d-8e56-3bf4979b47bc___RS_HL 5886.JPG,healthy,healthy,True,False
10,source-source,data/plantvillage/raw/color/Apple___healthy/0580ddaa-0221-4adc-8b64-8ce1842f5f07___RS_HL 6242.JPG,data/plantvillage/raw/color/Apple___healthy/e00d340c-2088-458e-b41d-b628959397c1___RS_HL 5940.JPG,healthy,healthy,True,False
10,source-source,data/plantvillage/raw/color/Apple___healthy/0692eda2-32c3-4f9a-b249-bb8112356999___RS_HL 6307.JPG,data/plantvillage/raw/color/Apple___healthy/1c807ca4-b6f5-4123-8d3b-cd44238df38d___RS_HL 6140.JPG,healthy,healthy,True,False
10,source-source,data/plantvillage/raw/color/Apple___healthy/0692eda2-32c3-4f9a-b249-bb8112356999___RS_HL 6307.JPG,data/plantvillage/raw/color/Apple___healthy/2a485bb5-c59f-4af0-837a-063b60e0c3c8___RS_HL 6025.JPG,healthy,healthy,True,False
10,source-source,data/plantvillage/raw/color/Apple___healthy/0692eda2-32c3-4f9a-b249-bb8112356999___RS_HL 6307.JPG,data/plantvillage/raw/color/Apple___healthy/2d6efa59-1d5a-4f92-8879-2fdfa163d404___RS_HL 6157.JPG,healthy,healthy,True,False
10,source-source,data/plantvillage/raw/color/Apple___healthy/0692eda2-32c3-4f9a-b249-bb8112356999___RS_HL 6307.JPG,data/plantvillage/raw/color/Apple___healthy/ce955079-4dde-4b96-9240-5348dbb3c774___RS_HL 7760.JPG,healthy,healthy,True,False
10,source-source,data/plantvillage/raw/color/Apple___healthy/07942abf-8326-4742-bcba-52ddba093974___RS_HL 5731.JPG,data/plantvillage/raw/color/Apple___healthy/0fef497f-8fc7-45ee-ad1c-f4e9237fdaf4___RS_HL 7283.JPG,healthy,healthy,True,False
10,source-source,data/plantvillage/raw/color/Apple___healthy/0b91573d-d0f3-4e57-b7e5-e1924f537f0e___RS_HL 6216.JPG,data/plantvillage/raw/color/Apple___healthy/42f558a0-c252-4949-ba12-232731aa9a6b___RS_HL 7543.JPG,healthy,healthy,True,False
10,source-source,data/plantvillage/raw/color/Apple___healthy/0b91573d-d0f3-4e57-b7e5-e1924f537f0e___RS_HL 6216.JPG,data/plantvillage/raw/color/Apple___healthy/fea00538-32c3-4876-8833-40652becc30c___RS_HL 5761.JPG,healthy,healthy,True,False
10,source-source,data/plantvillage/raw/color/Apple___healthy/0bff693d-bab0-4438-9dac-e4503e5e83bb___RS_HL 5741.JPG,data/plantvillage/raw/color/Apple___healthy/698bc8a2-cead-4946-8d9a-abe38760d1fb___RS_HL 5855.JPG,healthy,healthy,True,False
10,source-source,data/plantvillage/raw/color/Apple___healthy/0c056dd8-2040-48cf-a9a8-53d8ae5662d0___RS_HL 7987.JPG,data/plantvillage/raw/color/Apple___healthy/8b944746-e4b0-4032-b5ec-8a6252128065___RS_HL 6266.JPG,healthy,healthy,True,False
10,source-source,data/plantvillage/raw/color/Apple___healthy/0c056dd8-2040-48cf-a9a8-53d8ae5662d0___RS_HL 7987.JPG,data/plantvillage/raw/color/Apple___healthy/dbea92a9-9473-4cb1-b181-341789de0681___RS_HL 5708.JPG,healthy,healthy,True,False
10,source-source,data/plantvillage/raw/color/Apple___healthy/0d01a8a3-9faa-4a1f-afe0-be6bffa42056___RS_HL 6204.JPG,data/plantvillage/raw/color/Apple___healthy/2a986e85-7e83-443a-871e-c590d5a25845___RS_HL 6000.JPG,healthy,healthy,True,False
10,source-source,data/plantvillage/raw/color/Apple___healthy/0d01a8a3-9faa-4a1f-afe0-be6bffa42056___RS_HL 6204.JPG,data/plantvillage/raw/color/Apple___healthy/38c039b6-23f0-4fc2-a0df-e5ec3f523a09___RS_HL 5887.JPG,healthy,healthy,True,False
10,source-source,data/plantvillage/raw/color/Apple___healthy/0d01a8a3-9faa-4a1f-afe0-be6bffa42056___RS_HL 6204.JPG,data/plantvillage/raw/color/Apple___healthy/3c047601-ed4d-4178-8bed-33a65e5f4b6d___RS_HL 6001.JPG,healthy,healthy,True,False
10,source-source,data/plantvillage/raw/color/Apple___healthy/0d01a8a3-9faa-4a1f-afe0-be6bffa42056___RS_HL 6204.JPG,data/plantvillage/raw/color/Apple___healthy/4aa3b2bb-1bd4-410a-bf6b-09862798bf88___RS_HL 6148.JPG,healthy,healthy,True,False
10,source-source,data/plantvillage/raw/color/Apple___healthy/0d01a8a3-9faa-4a1f-afe0-be6bffa42056___RS_HL 6204.JPG,data/plantvillage/raw/color/Apple___healthy/55b70cf6-c157-48bb-892c-24fa7c230a85___RS_HL 6203.JPG,healthy,healthy,True,False
10,source-source,data/plantvillage/raw/color/Apple___healthy/0d01a8a3-9faa-4a1f-afe0-be6bffa42056___RS_HL 6204.JPG,data/plantvillage/raw/color/Apple___healthy/7b5603c7-76c7-4b94-9c7a-5db00fb8581d___RS_HL 6064.JPG,healthy,healthy,True,False
10,source-source,data/plantvillage/raw/color/Apple___healthy/0d01a8a3-9faa-4a1f-afe0-be6bffa42056___RS_HL 6204.JPG,data/plantvillage/raw/color/Apple___healthy/ad772bfa-6845-4104-8d94-8d3a2adb67c2___RS_HL 6149.JPG,healthy,healthy,True,False
10,source-source,data/plantvillage/raw/color/Apple___healthy/0d01a8a3-9faa-4a1f-afe0-be6bffa42056___RS_HL 6204.JPG,data/plantvillage/raw/color/Apple___healthy/b3562453-945e-4462-8589-ec879c2a4102___RS_HL 5893.JPG,healthy,healthy,True,False
10,source-source,data/plantvillage/raw/color/Apple___healthy/0da48999-25da-4373-8277-3718a8203d0a___RS_HL 8012.JPG,data/plantvillage/raw/color/Apple___healthy/a16cfc1d-26ae-4bf8-bd37-5f1ba495447b___RS_HL 5905.JPG,healthy,healthy,True,False
10,source-source,data/plantvillage/raw/color/Apple___healthy/0da8c59a-e54c-4408-ae3c-06d54608b20a___RS_HL 6236.JPG,data/plantvillage/raw/color/Apple___healthy/298c8daf-43cc-4f65-b2db-65623425e5f8___RS_HL 6103.JPG,healthy,healthy,True,False
10,source-source,data/plantvillage/raw/color/Apple___healthy/0da8c59a-e54c-4408-ae3c-06d54608b20a___RS_HL 6236.JPG,data/plantvillage/raw/color/Apple___healthy/3876f449-0cd6-4910-9321-f56a28621c51___RS_HL 7775.JPG,healthy,healthy,True,False
10,source-source,data/plantvillage/raw/color/Apple___healthy/0da8c59a-e54c-4408-ae3c-06d54608b20a___RS_HL 6236.JPG,data/plantvillage/raw/color/Apple___healthy/4da8c9ec-92d1-4e33-87b2-de2906f88a46___RS_HL 8201.JPG,healthy,healthy,True,False
10,source-source,data/plantvillage/raw/color/Apple___healthy/0da8c59a-e54c-4408-ae3c-06d54608b20a___RS_HL 6236.JPG,data/plantvillage/raw/color/Apple___healthy/69344270-ab7c-44c1-a395-03dfb984108a___RS_HL 5925.JPG,healthy,healthy,True,False
10,source-source,data/plantvillage/raw/color/Apple___healthy/0eacfbb6-3d68-4a89-b8f8-6b2d328102af___RS_HL 7961.JPG,data/plantvillage/raw/color/Apple___healthy/abff9f5a-3cc5-4753-96e7-1271110346cc___RS_HL 5914.JPG,healthy,healthy,True,False
10,source-source,data/plantvillage/raw/color/Apple___healthy/0ec3bd54-80a1-4dcd-9411-bcfafd147272___RS_HL 7534.JPG,data/plantvillage/raw/color/Apple___healthy/2116b976-703d-46af-b8a0-ee3ff8e4afa4___RS_HL 5793.JPG,healthy,healthy,True,False
10,source-source,data/plantvillage/raw/color/Apple___healthy/0ec3bd54-80a1-4dcd-9411-bcfafd147272___RS_HL 7534.JPG,data/plantvillage/raw/color/Apple___healthy/23ea1618-d554-47fb-bc03-a1b978f14fbf___RS_HL 6008.JPG,healthy,healthy,True,False
10,source-source,data/plantvillage/raw/color/Apple___healthy/0f5cb632-9b97-48ce-88d6-45bf321175ce___RS_HL 6088.JPG,data/plantvillage/raw/color/Apple___healthy/dbea92a9-9473-4cb1-b181-341789de0681___RS_HL 5708.JPG,healthy,healthy,True,False
10,source-source,data/plantvillage/raw/color/Apple___healthy/0f78db5b-0775-4132-b7d6-6a5eb5f4682a___RS_HL 6006.JPG,data/plantvillage/raw/color/Apple___healthy/445d268a-415e-41d4-80de-0116fdaca73d___RS_HL 5982.JPG,healthy,healthy,True,False
10,source-source,data/plantvillage/raw/color/Apple___healthy/10f68987-caf7-4e29-aa26-b48e074212f4___RS_HL 6130.JPG,data/plantvillage/raw/color/Apple___healthy/4cfa1595-b674-419b-93f7-2a836ff4d1bd___RS_HL 7464.JPG,healthy,healthy,True,False
10,source-source,data/plantvillage/raw/color/Apple___healthy/10f68987-caf7-4e29-aa26-b48e074212f4___RS_HL 6130.JPG,data/plantvillage/raw/color/Apple___healthy/b1e778d9-67ab-4480-ad8c-99608cbad53e___RS_HL 5976.JPG,healthy,healthy,True,False
10,source-source,data/plantvillage/raw/color/Apple___healthy/10f68987-caf7-4e29-aa26-b48e074212f4___RS_HL 6130.JPG,data/plantvillage/raw/color/Apple___healthy/fda25357-1076-4707-83e7-d409448a11a8___RS_HL 6221.JPG,healthy,healthy,True,False
10,source-source,data/plantvillage/raw/color/Apple___healthy/1141dcab-cf2a-40e4-8b19-a33aa318f875___RS_HL 5689.JPG,data/plantvillage/raw/color/Apple___healthy/3c5ca000-1c26-46bf-8974-fd6599744059___RS_HL 7596.JPG,healthy,healthy,True,False
10,source-source,data/plantvillage/raw/color/Apple___healthy/11beda66-01e9-4bfd-be37-c0f8646d1478___RS_HL 6271.JPG,data/plantvillage/raw/color/Apple___healthy/f797f26c-c6c4-42b7-af20-69e9c7d8bb35___RS_HL 7737.JPG,healthy,healthy,True,False
10,source-source,data/plantvillage/raw/color/Apple___healthy/13298d36-4425-437d-ae8e-c7d70e200084___RS_HL 6271.JPG,data/plantvillage/raw/color/Apple___healthy/f797f26c-c6c4-42b7-af20-69e9c7d8bb35___RS_HL 7737.JPG,healthy,healthy,True,False
10,source-source,data/plantvillage/raw/color/Apple___healthy/13a06d54-2bd9-4bd0-a260-1c193ac4caa8___RS_HL 6293.JPG,data/plantvillage/raw/color/Apple___healthy/16b2b778-a864-496e-b292-3e9b4029902b___RS_HL 6178.JPG,healthy,healthy,True,False
10,source-source,data/plantvillage/raw/color/Apple___healthy/13a06d54-2bd9-4bd0-a260-1c193ac4caa8___RS_HL 6293.JPG,data/plantvillage/raw/color/Apple___healthy/57ef10ab-f1fe-4b14-ad46-91b4255f2e49___RS_HL 5796.JPG,healthy,healthy,True,False
10,source-source,data/plantvillage/raw/color/Apple___healthy/13a06d54-2bd9-4bd0-a260-1c193ac4caa8___RS_HL 6293.JPG,data/plantvillage/raw/color/Apple___healthy/8cf44f32-5736-4681-be02-f86e4454e00a___RS_HL 5904.JPG,healthy,healthy,True,False
10,source-source,data/plantvillage/raw/color/Apple___healthy/13a06d54-2bd9-4bd0-a260-1c193ac4caa8___RS_HL 6293.JPG,data/plantvillage/raw/color/Apple___healthy/950e5c9d-49ec-4c5c-af23-69efff18f8a6___RS_HL 5749.JPG,healthy,healthy,True,False
10,source-source,data/plantvillage/raw/color/Apple___healthy/13cdbdbe-be7f-463c-9085-9ae160412772___RS_HL 6286.JPG,data/plantvillage/raw/color/Apple___healthy/5ee4cb1c-d933-4e89-b364-9b740b48e077___RS_HL 6224.JPG,healthy,healthy,True,False
10,source-source,data/plantvillage/raw/color/Apple___healthy/13cdbdbe-be7f-463c-9085-9ae160412772___RS_HL 6286.JPG,data/plantvillage/raw/color/Apple___healthy/b3562453-945e-4462-8589-ec879c2a4102___RS_HL 5893.JPG,healthy,healthy,True,False
10,source-source,data/plantvillage/raw/color/Apple___healthy/13cdbdbe-be7f-463c-9085-9ae160412772___RS_HL 6286.JPG,data/plantvillage/raw/color/Apple___healthy/c5bcd10f-39aa-47ce-a4e2-1f225bc60912___RS_HL 8037.JPG,healthy,healthy,True,False
10,source-source,data/plantvillage/raw/color/Apple___healthy/13cdbdbe-be7f-463c-9085-9ae160412772___RS_HL 6286.JPG,data/plantvillage/raw/color/Apple___healthy/d182b332-f33a-4ea1-aa3c-51ef7f01efd5___RS_HL 6137.JPG,healthy,healthy,True,False
10,source-source,data/plantvillage/raw/color/Apple___healthy/13cdbdbe-be7f-463c-9085-9ae160412772___RS_HL 6286.JPG,data/plantvillage/raw/color/Apple___healthy/e2cce5a6-04a9-436d-8e56-3bf4979b47bc___RS_HL 5886.JPG,healthy,healthy,True,False
10,source-source,data/plantvillage/raw/color/Apple___healthy/14284447-1510-439f-bb04-8977e8fa8cbb___RS_HL 6257.JPG,data/plantvillage/raw/color/Apple___healthy/d93353b1-0471-4372-8c80-cc8dbd069d46___RS_HL 7592.JPG,healthy,healthy,True,False
10,source-source,data/plantvillage/raw/color/Apple___healthy/14896dc0-688d-456f-b5ec-a037695b0193___RS_HL 6268.JPG,data/plantvillage/raw/color/Apple___healthy/5ac41a3d-ca1b-4215-a7a5-500d77acc67a___RS_HL 5931.JPG,healthy,healthy,True,False
10,source-source,data/plantvillage/raw/color/Apple___healthy/14896dc0-688d-456f-b5ec-a037695b0193___RS_HL 6268.JPG,data/plantvillage/raw/color/Apple___healthy/68f559ea-dff3-43a8-a804-a491e5c4feb9___RS_HL 7909.JPG,healthy,healthy,True,False
10,source-source,data/plantvillage/raw/color/Apple___healthy/14896dc0-688d-456f-b5ec-a037695b0193___RS_HL 6268.JPG,data/plantvillage/raw/color/Apple___healthy/7b5603c7-76c7-4b94-9c7a-5db00fb8581d___RS_HL 6064.JPG,healthy,healthy,True,False
10,source-source,data/plantvillage/raw/color/Apple___healthy/1490daeb-9cfb-4456-bb27-dd836f9e07a6___RS_HL 5959.JPG,data/plantvillage/raw/color/Apple___healthy/2a986e85-7e83-443a-871e-c590d5a25845___RS_HL 6000.JPG,healthy,healthy,True,False
10,source-source,data/plantvillage/raw/color/Apple___healthy/1497c20f-448a-48e2-9cf0-b4fc8cfa848a___RS_HL 6292.JPG,data/plantvillage/raw/color/Apple___healthy/274144ec-893c-43fb-ad9a-18f71ead2e58___RS_HL 5971.JPG,healthy,healthy,True,False
10,source-source,data/plantvillage/raw/color/Apple___healthy/1497c20f-448a-48e2-9cf0-b4fc8cfa848a___RS_HL 6292.JPG,data/plantvillage/raw/color/Apple___healthy/91a935c4-659c-4344-8355-eba55d673af5___RS_HL 8189.JPG,healthy,healthy,True,False
10,source-source,data/plantvillage/raw/color/Apple___healthy/1497c20f-448a-48e2-9cf0-b4fc8cfa848a___RS_HL 6292.JPG,data/plantvillage/raw/color/Apple___healthy/b681e485-e0a6-489f-b9c9-c67d67e70801___RS_HL 5874.JPG,healthy,healthy,True,False
10,source-source,data/plantvillage/raw/color/Apple___healthy/1497c20f-448a-48e2-9cf0-b4fc8cfa848a___RS_HL 6292.JPG,data/plantvillage/raw/color/Apple___healthy/fd4a1e5a-cba8-4f4d-a11a-8e131e907728___RS_HL 6154.JPG,healthy,healthy,True,False
10,source-source,data/plantvillage/raw/color/Apple___healthy/1617e81b-190b-41e8-b258-cf432f65b7ab___RS_HL 6058.JPG,data/plantvillage/raw/color/Apple___healthy/3e8eb97c-b2ad-4aeb-82ff-2f1334801c9b___RS_HL 6098.JPG,healthy,healthy,True,False
10,source-source,data/plantvillage/raw/color/Apple___healthy/167f64e6-c4c5-423b-8506-9b8210d5fd75___RS_HL 7926.JPG,data/plantvillage/raw/color/Apple___healthy/5decc9b0-698c-49d0-906b-1a679b0001f9___RS_HL 6245.JPG,healthy,healthy,True,False
10,source-source,data/plantvillage/raw/color/Apple___healthy/16b2b778-a864-496e-b292-3e9b4029902b___RS_HL 6178.JPG,data/plantvillage/raw/color/Apple___healthy/d6b55200-ce53-474b-be71-94b24991fa65___RS_HL 5743.JPG,healthy,healthy,True,False
10,source-source,data/plantvillage/raw/color/Apple___healthy/176a0917-16d8-43c6-8698-1ae095282e66___RS_HL 7903.JPG,data/plantvillage/raw/color/Apple___healthy/2a986e85-7e83-443a-871e-c590d5a25845___RS_HL 6000.JPG,healthy,healthy,True,False
10,source-source,data/plantvillage/raw/color/Apple___healthy/18873cb4-cf30-414d-9ffd-c965879d84b1___RS_HL 6239.JPG,data/plantvillage/raw/color/Apple___healthy/405ca310-f708-4815-b121-5bb315d98f6f___RS_HL 6122.JPG,healthy,healthy,True,False
10,source-source,data/plantvillage/raw/color/Apple___healthy/18873cb4-cf30-414d-9ffd-c965879d84b1___RS_HL 6239.JPG,data/plantvillage/raw/color/Apple___healthy/9979c166-aa9e-4c63-af93-d9ad2b56bce2___RS_HL 5890.JPG,healthy,healthy,True,False
10,source-source,data/plantvillage/raw/color/Apple___healthy/188d8d1c-a33a-4513-b97f-466135939339___RS_HL 8151.JPG,data/plantvillage/raw/color/Apple___healthy/298c8daf-43cc-4f65-b2db-65623425e5f8___RS_HL 6103.JPG,healthy,healthy,True,False
10,source-source,data/plantvillage/raw/color/Apple___healthy/1a0ddafd-c52e-4ea1-ab34-a302cdc27be1___RS_HL 5785.JPG,data/plantvillage/raw/color/Apple___healthy/30fb851f-052b-4b63-bc29-6d824a764fd5___RS_HL 5916.JPG,healthy,healthy,True,False
10,source-source,data/plantvillage/raw/color/Apple___healthy/1a0ddafd-c52e-4ea1-ab34-a302cdc27be1___RS_HL 5785.JPG,data/plantvillage/raw/color/Apple___healthy/314b2ac4-0d06-4940-8517-0d4c1072acbf___RS_HL 5929.JPG,healthy,healthy,True,False
10,source-source,data/plantvillage/raw/color/Apple___healthy/1a0ddafd-c52e-4ea1-ab34-a302cdc27be1___RS_HL 5785.JPG,data/plantvillage/raw/color/Apple___healthy/38c039b6-23f0-4fc2-a0df-e5ec3f523a09___RS_HL 5887.JPG,healthy,healthy,True,False
10,source-source,data/plantvillage/raw/color/Apple___healthy/1a0ddafd-c52e-4ea1-ab34-a302cdc27be1___RS_HL 5785.JPG,data/plantvillage/raw/color/Apple___healthy/fad6efb7-4486-4c45-8b23-1b6cf2a2912a___RS_HL 6077.JPG,healthy,healthy,True,False
10,source-source,data/plantvillage/raw/color/Apple___healthy/1a219a0d-defa-4ed1-8878-e3f6aeac847b___RS_HL 6046.JPG,data/plantvillage/raw/color/Apple___healthy/e00d340c-2088-458e-b41d-b628959397c1___RS_HL 5940.JPG,healthy,healthy,True,False
10,source-source,data/plantvillage/raw/color/Apple___healthy/1b7e4b68-0062-410d-a57f-48177145dfb6___RS_HL 7734.JPG,data/plantvillage/raw/color/Apple___healthy/a469c307-a754-4c0f-9012-b09ba22c4d00___RS_HL 5917.JPG,healthy,healthy,True,False
10,source-source,data/plantvillage/raw/color/Apple___healthy/1b9f5fe1-6d06-4ff6-a35d-3155f623e4fb___RS_HL 6228.JPG,data/plantvillage/raw/color/Apple___healthy/e2cce5a6-04a9-436d-8e56-3bf4979b47bc___RS_HL 5886.JPG,healthy,healthy,True,False
10,source-source,data/plantvillage/raw/color/Apple___healthy/1c807ca4-b6f5-4123-8d3b-cd44238df38d___RS_HL 6140.JPG,data/plantvillage/raw/color/Apple___healthy/a4b86fe3-2a80-4399-bc38-6ab0f6c1ece6___RS_HL 6056.JPG,healthy,healthy,True,False
10,source-source,data/plantvillage/raw/color/Apple___healthy/1cd322aa-2fdf-4e50-bb72-f9ebe031f385___RS_HL 7315.JPG,data/plantvillage/raw/color/Apple___healthy/3b0f637d-dd22-44a0-a4b4-2a7792e2ac76___RS_HL 7258.JPG,healthy,healthy,True,False
10,source-source,data/plantvillage/raw/color/Apple___healthy/1d74fb02-045f-4919-b360-46e51ee33e82___RS_HL 6086.JPG,data/plantvillage/raw/color/Apple___healthy/4023916c-9823-4410-bd89-b8bfe1b0b456___RS_HL 6009.JPG,healthy,healthy,True,False
10,source-source,data/plantvillage/raw/color/Apple___healthy/1d74fb02-045f-4919-b360-46e51ee33e82___RS_HL 6086.JPG,data/plantvillage/raw/color/Apple___healthy/48beab72-35ef-4711-ad53-579bfaf787d3___RS_HL 6230.JPG,healthy,healthy,True,False
10,source-source,data/plantvillage/raw/color/Apple___healthy/1d74fb02-045f-4919-b360-46e51ee33e82___RS_HL 6086.JPG,data/plantvillage/raw/color/Apple___healthy/48ff38b5-5af1-44e5-9d94-ee9a32715aba___RS_HL 6109.JPG,healthy,healthy,True,False
10,source-source,data/plantvillage/raw/color/Apple___healthy/1d74fb02-045f-4919-b360-46e51ee33e82___RS_HL 6086.JPG,data/plantvillage/raw/color/Apple___healthy/74bda678-63b6-44fb-8e8f-259788239618___RS_HL 5830.JPG,healthy,healthy,True,False
10,source-source,data/plantvillage/raw/color/Apple___healthy/1d74fb02-045f-4919-b360-46e51ee33e82___RS_HL 6086.JPG,data/plantvillage/raw/color/Apple___healthy/75b7a5bc-e419-4312-b5d9-6c3446a24ef4___RS_HL 6079.JPG,healthy,healthy,True,False
10,source-source,data/plantvillage/raw/color/Apple___healthy/1d74fb02-045f-4919-b360-46e51ee33e82___RS_HL 6086.JPG,data/plantvillage/raw/color/Apple___healthy/a0670cfe-00e2-4c7a-a9f7-29408debdc3a___RS_HL 6061.JPG,healthy,healthy,True,False
10,source-source,data/plantvillage/raw/color/Apple___healthy/1d74fb02-045f-4919-b360-46e51ee33e82___RS_HL 6086.JPG,data/plantvillage/raw/color/Apple___healthy/a8d012ca-b1ac-45b6-b8fa-44257fd4605f___RS_HL 5824.JPG,healthy,healthy,True,False
10,source-source,data/plantvillage/raw/color/Apple___healthy/1d7c71d2-fac0-4ee6-8def-765282cb744c___RS_HL 5758.JPG,data/plantvillage/raw/color/Apple___healthy/46ef8441-3792-4ca8-919b-eb6cedd0ed3f___RS_HL 5998.JPG,healthy,healthy,True,False
10,source-source,data/plantvillage/raw/color/Apple___healthy/1d7c71d2-fac0-4ee6-8def-765282cb744c___RS_HL 5758.JPG,data/plantvillage/raw/color/Apple___healthy/8b944746-e4b0-4032-b5ec-8a6252128065___RS_HL 6266.JPG,healthy,healthy,True,False
10,source-source,data/plantvillage/raw/color/Apple___healthy/1ec5d93e-76ab-44cf-a53e-ef3f741a095a___RS_HL 7504.JPG,data/plantvillage/raw/color/Apple___healthy/d6dd2845-b0ca-4a51-8d0f-db77c8f06e73___RS_HL 5748.JPG,healthy,healthy,True,False
10,source-source,data/plantvillage/raw/color/Apple___healthy/1ecec99b-aeb0-4261-85cf-ac2e8cc80ebd___RS_HL 6073.JPG,data/plantvillage/raw/color/Apple___healthy/26f830c1-f86f-438b-9045-3531ef02ea9c___RS_HL 8122.JPG,healthy,healthy,True,False
10,source-source,data/plantvillage/raw/color/Apple___healthy/1ecec99b-aeb0-4261-85cf-ac2e8cc80ebd___RS_HL 6073.JPG,data/plantvillage/raw/color/Apple___healthy/6a5ded2c-8123-4d42-86fe-7be3c9f268a1___RS_HL 6302.JPG,healthy,healthy,True,False
10,source-source,data/plantvillage/raw/color/Apple___healthy/1ecec99b-aeb0-4261-85cf-ac2e8cc80ebd___RS_HL 6073.JPG,data/plantvillage/raw/color/Apple___healthy/9992b9d9-9301-476c-b0a7-7b68ee8a47e5___RS_HL 6014.JPG,healthy,healthy,True,False
10,source-source,data/plantvillage/raw/color/Apple___healthy/203d4b1b-d358-43d5-bd7f-273e68993961___RS_HL 7590.JPG,data/plantvillage/raw/color/Apple___healthy/cf3df371-fa11-469e-8ab9-7bbeb7435920___RS_HL 6080.JPG,healthy,healthy,True,False
10,source-source,data/plantvillage/raw/color/Apple___healthy/2074d81b-88ad-40f7-9e7a-cd24c2435ea9___RS_HL 5804.JPG,data/plantvillage/raw/color/Apple___healthy/6224ac4b-d395-4137-974b-e945c5655dbe___RS_HL 5960.JPG,healthy,healthy,True,False
10,source-source,data/plantvillage/raw/color/Apple___healthy/2074d81b-88ad-40f7-9e7a-cd24c2435ea9___RS_HL 5804.JPG,data/plantvillage/raw/color/Apple___healthy/6e158c4d-f39d-4667-9fb1-7ff184fd7288___RS_HL 6192.JPG,healthy,healthy,True,False
10,source-source,data/plantvillage/raw/color/Apple___healthy/2074d81b-88ad-40f7-9e7a-cd24c2435ea9___RS_HL 5804.JPG,data/plantvillage/raw/color/Apple___healthy/f665c2bb-bdd4-4b6e-bb2d-6e6d017c8764___RS_HL 7679.JPG,healthy,healthy,True,False
10,source-source,data/plantvillage/raw/color/Apple___healthy/20d16569-6237-4038-b6a9-2b2e5375beea___RS_HL 6042.JPG,data/plantvillage/raw/color/Apple___healthy/a3d2fcfa-645e-419e-91a5-ab626f5fab6c___RS_HL 5930.JPG,healthy,healthy,True,False
10,source-source,data/plantvillage/raw/color/Apple___healthy/21b1f887-6f78-4da8-b676-d9e53cb8b24d___RS_HL 6012.JPG,data/plantvillage/raw/color/Apple___healthy/23307db5-ba40-498c-9b96-2c6b65f40c27___RS_HL 6096.JPG,healthy,healthy,True,False
10,source-source,data/plantvillage/raw/color/Apple___healthy/21b1f887-6f78-4da8-b676-d9e53cb8b24d___RS_HL 6012.JPG,data/plantvillage/raw/color/Apple___healthy/e662b14d-58f7-4347-98b7-ba9cbc1e858f___RS_HL 6024.JPG,healthy,healthy,True,False
10,source-source,data/plantvillage/raw/color/Apple___healthy/223dbe3b-9f96-473b-a6a6-ea354777ae1f___RS_HL 8040.JPG,data/plantvillage/raw/color/Apple___healthy/fad6efb7-4486-4c45-8b23-1b6cf2a2912a___RS_HL 6077.JPG,healthy,healthy,True,False
10,source-source,data/plantvillage/raw/color/Apple___healthy/2301f2bb-7972-4fb8-8be6-246ce55ca3b6___RS_HL 6100.JPG,data/plantvillage/raw/color/Apple___healthy/602a8c1f-1fa9-4141-b589-d514acc17ce4___RS_HL 6016.JPG,healthy,healthy,True,False
10,source-source,data/plantvillage/raw/color/Apple___healthy/2301f2bb-7972-4fb8-8be6-246ce55ca3b6___RS_HL 6100.JPG,data/plantvillage/raw/color/Apple___healthy/d99bef24-fac5-4739-8e4e-02465dba4fa8___RS_HL 5686.JPG,healthy,healthy,True,False
10,source-source,data/plantvillage/raw/color/Apple___healthy/2331c0e7-475e-4304-8f4e-d98f80778a08___RS_HL 8043.JPG,data/plantvillage/raw/color/Apple___healthy/375f472f-7a4e-41fd-af0e-b6da455dfc58___RS_HL 7477.JPG,healthy,healthy,True,False
10,source-source,data/plantvillage/raw/color/Apple___healthy/2331c0e7-475e-4304-8f4e-d98f80778a08___RS_HL 8043.JPG,data/plantvillage/raw/color/Apple___healthy/d509b6e5-a4b7-49c8-ac55-c06c8dab3005___RS_HL 7626.JPG,healthy,healthy,True,False
10,source-source,data/plantvillage/raw/color/Apple___healthy/2331c0e7-475e-4304-8f4e-d98f80778a08___RS_HL 8043.JPG,data/plantvillage/raw/color/Apple___healthy/e1feed76-9ae7-449b-8c58-aebd806c680b___RS_HL 8034.JPG,healthy,healthy,True,False
10,source-source,data/plantvillage/raw/color/Apple___healthy/23a11b8b-6812-481e-9258-e07cc24fdad4___RS_HL 5898.JPG,data/plantvillage/raw/color/Apple___healthy/5fc41ba8-baf5-47ce-b6e5-3741dd3b154f___RS_HL 5965.JPG,healthy,healthy,True,False
10,source-source,data/plantvillage/raw/color/Apple___healthy/23a11b8b-6812-481e-9258-e07cc24fdad4___RS_HL 5898.JPG,data/plantvillage/raw/color/Apple___healthy/be58ce4e-6678-4315-8786-31bd39e11909___RS_HL 6106.JPG,healthy,healthy,True,False
10,source-source,data/plantvillage/raw/color/Apple___healthy/23ea1618-d554-47fb-bc03-a1b978f14fbf___RS_HL 6008.JPG,data/plantvillage/raw/color/Apple___healthy/bf8697bb-a12a-4488-9178-22180bde51e5___RS_HL 5889.JPG,healthy,healthy,True,False
10,source-source,data/plantvillage/raw/color/Apple___healthy/23ea1618-d554-47fb-bc03-a1b978f14fbf___RS_HL 6008.JPG,data/plantvillage/raw/color/Apple___healthy/e2cce5a6-04a9-436d-8e56-3bf4979b47bc___RS_HL 5886.JPG,healthy,healthy,True,False
10,source-source,data/plantvillage/raw/color/Apple___healthy/24cddc8a-d7e6-4ebf-9771-b3844913f02e___RS_HL 5966.JPG,data/plantvillage/raw/color/Apple___healthy/772e7314-c24e-4126-aa12-224b27098319___RS_HL 5663.JPG,healthy,healthy,True,False
10,source-source,data/plantvillage/raw/color/Apple___healthy/24cddc8a-d7e6-4ebf-9771-b3844913f02e___RS_HL 5966.JPG,data/plantvillage/raw/color/Apple___healthy/d6590bcb-cb7e-47c9-beb0-80785efb4046___RS_HL 6234.JPG,healthy,healthy,True,False
10,source-source,data/plantvillage/raw/color/Apple___healthy/269865f0-68b7-4046-8076-22e347b36567___RS_HL 6256.JPG,data/plantvillage/raw/color/Apple___healthy/4f9b8500-4510-4d79-bcbf-d9b680cd8fe8___RS_HL 6304.JPG,healthy,healthy,True,False
10,source-source,data/plantvillage/raw/color/Apple___healthy/269865f0-68b7-4046-8076-22e347b36567___RS_HL 6256.JPG,data/plantvillage/raw/color/Apple___healthy/8f4c3d68-2d5a-40c5-bca1-911002ff3324___RS_HL 7299.JPG,healthy,healthy,True,False
10,source-source,data/plantvillage/raw/color/Apple___healthy/269865f0-68b7-4046-8076-22e347b36567___RS_HL 6256.JPG,data/plantvillage/raw/color/Apple___healthy/9d3bb139-5177-4d08-914b-5fe232cff065___RS_HL 6011.JPG,healthy,healthy,True,False
10,source-source,data/plantvillage/raw/color/Apple___healthy/269865f0-68b7-4046-8076-22e347b36567___RS_HL 6256.JPG,data/plantvillage/raw/color/Apple___healthy/d990e148-621b-4e71-8a8c-9b71c15f7faf___RS_HL 8004.JPG,healthy,healthy,True,False
10,source-source,data/plantvillage/raw/color/Apple___healthy/274144ec-893c-43fb-ad9a-18f71ead2e58___RS_HL 5971.JPG,data/plantvillage/raw/color/Apple___healthy/53d09cc6-89ef-4180-a823-31c5f6566656___RS_HL 6070.JPG,healthy,healthy,True,False
10,source-source,data/plantvillage/raw/color/Apple___healthy/274144ec-893c-43fb-ad9a-18f71ead2e58___RS_HL 5971.JPG,data/plantvillage/raw/color/Apple___healthy/5c74b103-09f2-48ae-bbdd-7aa9aaf929cc___RS_HL 5649.JPG,healthy,healthy,True,False
10,source-source,data/plantvillage/raw/color/Apple___healthy/2766f4b1-33d2-4532-aab2-a7fb037b87bf___RS_HL 6155.JPG,data/plantvillage/raw/color/Apple___healthy/72053aee-f044-46c5-ab44-322e198c3f1d___RS_HL 7588.JPG,healthy,healthy,True,False
10,source-source,data/plantvillage/raw/color/Apple___healthy/28682886-ee9f-4698-854f-8f196c01b67a___RS_HL 6101.JPG,data/plantvillage/raw/color/Apple___healthy/41969f52-e194-401e-a55b-4ff88f740a8a___RS_HL 6125.JPG,healthy,healthy,True,False
10,source-source,data/plantvillage/raw/color/Apple___healthy/28682886-ee9f-4698-854f-8f196c01b67a___RS_HL 6101.JPG,data/plantvillage/raw/color/Apple___healthy/d80c1667-5e83-4405-9759-a9521eff44ad___RS_HL 5699.JPG,healthy,healthy,True,False
10,source-source,data/plantvillage/raw/color/Apple___healthy/2922187c-ac88-45e4-96ae-2aa396d50bda___RS_HL 5700.JPG,data/plantvillage/raw/color/Apple___healthy/f85e6b2c-e4b2-42fe-99db-9583b58bb51b___RS_HL 6112.JPG,healthy,healthy,True,False
10,source-source,data/plantvillage/raw/color/Apple___healthy/298c8daf-43cc-4f65-b2db-65623425e5f8___RS_HL 6103.JPG,data/plantvillage/raw/color/Apple___healthy/4023916c-9823-4410-bd89-b8bfe1b0b456___RS_HL 6009.JPG,healthy,healthy,True,False
10,source-source,data/plantvillage/raw/color/Apple___healthy/298c8daf-43cc-4f65-b2db-65623425e5f8___RS_HL 6103.JPG,data/plantvillage/raw/color/Apple___healthy/48beab72-35ef-4711-ad53-579bfaf787d3___RS_HL 6230.JPG,healthy,healthy,True,False
10,source-source,data/plantvillage/raw/color/Apple___healthy/298c8daf-43cc-4f65-b2db-65623425e5f8___RS_HL 6103.JPG,data/plantvillage/raw/color/Apple___healthy/51cb81e8-dd15-40cd-b4f2-5287379dfe74___RS_HL 6104.JPG,healthy,healthy,True,False
10,source-source,data/plantvillage/raw/color/Apple___healthy/298c8daf-43cc-4f65-b2db-65623425e5f8___RS_HL 6103.JPG,data/plantvillage/raw/color/Apple___healthy/647ab085-3f32-4ff1-9972-bef63cb4085e___RS_HL 7595.JPG,healthy,healthy,True,False
10,source-source,data/plantvillage/raw/color/Apple___healthy/298c8daf-43cc-4f65-b2db-65623425e5f8___RS_HL 6103.JPG,data/plantvillage/raw/color/Apple___healthy/65a6866e-a6ea-46d5-a8ca-413f98cd8b7a___RS_HL 5817.JPG,healthy,healthy,True,False
10,source-source,data/plantvillage/raw/color/Apple___healthy/298c8daf-43cc-4f65-b2db-65623425e5f8___RS_HL 6103.JPG,data/plantvillage/raw/color/Apple___healthy/75b7a5bc-e419-4312-b5d9-6c3446a24ef4___RS_HL 6079.JPG,healthy,healthy,True,False
10,source-source,data/plantvillage/raw/color/Apple___healthy/298c8daf-43cc-4f65-b2db-65623425e5f8___RS_HL 6103.JPG,data/plantvillage/raw/color/Apple___healthy/9cfb97eb-0e0a-4e55-b25d-d6121ceded58___RS_HL 6146.JPG,healthy,healthy,True,False
10,source-source,data/plantvillage/raw/color/Apple___healthy/298c8daf-43cc-4f65-b2db-65623425e5f8___RS_HL 6103.JPG,data/plantvillage/raw/color/Apple___healthy/c5a85d3c-72bf-4768-9e3c-d6ba6da6e82e___RS_HL 6295.JPG,healthy,healthy,True,False
10,source-source,data/plantvillage/raw/color/Apple___healthy/2a485bb5-c59f-4af0-837a-063b60e0c3c8___RS_HL 6025.JPG,data/plantvillage/raw/color/Apple___healthy/c09a02e7-f47a-4dea-b648-eaad0d9f3df1___RS_HL 6037.JPG,healthy,healthy,True,False
10,source-source,data/plantvillage/raw/color/Apple___healthy/2a485bb5-c59f-4af0-837a-063b60e0c3c8___RS_HL 6025.JPG,data/plantvillage/raw/color/Apple___healthy/c5a85d3c-72bf-4768-9e3c-d6ba6da6e82e___RS_HL 6295.JPG,healthy,healthy,True,False
10,source-source,data/plantvillage/raw/color/Apple___healthy/2a73c206-19c5-4f7c-80da-1bdf62354562___RS_HL 6082.JPG,data/plantvillage/raw/color/Apple___healthy/4aa3b2bb-1bd4-410a-bf6b-09862798bf88___RS_HL 6148.JPG,healthy,healthy,True,False
10,source-source,data/plantvillage/raw/color/Apple___healthy/2a73c206-19c5-4f7c-80da-1bdf62354562___RS_HL 6082.JPG,data/plantvillage/raw/color/Apple___healthy/5941b857-a525-4aff-ba20-def608d63c4d___RS_HL 6119.JPG,healthy,healthy,True,False
10,source-source,data/plantvillage/raw/color/Apple___healthy/2a73c206-19c5-4f7c-80da-1bdf62354562___RS_HL 6082.JPG,data/plantvillage/raw/color/Apple___healthy/ab014481-2a2f-4bb8-9a80-6b0ceb012625___RS_HL 5808.JPG,healthy,healthy,True,False
10,source-source,data/plantvillage/raw/color/Apple___healthy/2a73c206-19c5-4f7c-80da-1bdf62354562___RS_HL 6082.JPG,data/plantvillage/raw/color/Apple___healthy/c86f1476-4e5c-4dbd-923d-a575bd03cd18___RS_HL 6210.JPG,healthy,healthy,True,False
10,source-source,data/plantvillage/raw/color/Apple___healthy/2a986e85-7e83-443a-871e-c590d5a25845___RS_HL 6000.JPG,data/plantvillage/raw/color/Apple___healthy/3c047601-ed4d-4178-8bed-33a65e5f4b6d___RS_HL 6001.JPG,healthy,healthy,True,False
10,source-source,data/plantvillage/raw/color/Apple___healthy/2a986e85-7e83-443a-871e-c590d5a25845___RS_HL 6000.JPG,data/plantvillage/raw/color/Apple___healthy/4aa3b2bb-1bd4-410a-bf6b-09862798bf88___RS_HL 6148.JPG,healthy,healthy,True,False
10,source-source,data/plantvillage/raw/color/Apple___healthy/2a986e85-7e83-443a-871e-c590d5a25845___RS_HL 6000.JPG,data/plantvillage/raw/color/Apple___healthy/5941b857-a525-4aff-ba20-def608d63c4d___RS_HL 6119.JPG,healthy,healthy,True,False
10,source-source,data/plantvillage/raw/color/Apple___healthy/2a986e85-7e83-443a-871e-c590d5a25845___RS_HL 6000.JPG,data/plantvillage/raw/color/Apple___healthy/7b236824-defb-40ae-8f83-76c00cf8b822___RS_HL 6222.JPG,healthy,healthy,True,False
10,source-source,data/plantvillage/raw/color/Apple___healthy/2a986e85-7e83-443a-871e-c590d5a25845___RS_HL 6000.JPG,data/plantvillage/raw/color/Apple___healthy/89ce10db-057c-4c03-9324-b512db8ca3d6___RS_HL 5797.JPG,healthy,healthy,True,False
10,source-source,data/plantvillage/raw/color/Apple___healthy/2a986e85-7e83-443a-871e-c590d5a25845___RS_HL 6000.JPG,data/plantvillage/raw/color/Apple___healthy/9d3bb139-5177-4d08-914b-5fe232cff065___RS_HL 6011.JPG,healthy,healthy,True,False
10,source-source,data/plantvillage/raw/color/Apple___healthy/2a986e85-7e83-443a-871e-c590d5a25845___RS_HL 6000.JPG,data/plantvillage/raw/color/Apple___healthy/ced1918e-3327-45c8-8107-c93dd2586380___RS_HL 5970.JPG,healthy,healthy,True,False
10,source-source,data/plantvillage/raw/color/Apple___healthy/2a986e85-7e83-443a-871e-c590d5a25845___RS_HL 6000.JPG,data/plantvillage/raw/color/Apple___healthy/e3a3c4f3-12b0-49f2-a14c-c73cdc542e74___RS_HL 7773.JPG,healthy,healthy,True,False
10,source-source,data/plantvillage/raw/color/Apple___healthy/2a986e85-7e83-443a-871e-c590d5a25845___RS_HL 6000.JPG,data/plantvillage/raw/color/Apple___healthy/e439a002-e035-401e-a1aa-77f99fbd65ad___RS_HL 5880.JPG,healthy,healthy,True,False
10,source-source,data/plantvillage/raw/color/Apple___healthy/2a986e85-7e83-443a-871e-c590d5a25845___RS_HL 6000.JPG,data/plantvillage/raw/color/Apple___healthy/e9d92a83-92dd-442f-8138-627ead72fcaf___RS_HL 5839.JPG,healthy,healthy,True,False
10,source-source,data/plantvillage/raw/color/Apple___healthy/2a986e85-7e83-443a-871e-c590d5a25845___RS_HL 6000.JPG,data/plantvillage/raw/color/Apple___healthy/f85e6b2c-e4b2-42fe-99db-9583b58bb51b___RS_HL 6112.JPG,healthy,healthy,True,False
10,source-source,data/plantvillage/raw/color/Apple___healthy/2a986e85-7e83-443a-871e-c590d5a25845___RS_HL 6000.JPG,data/plantvillage/raw/color/Apple___healthy/fca87ead-171e-4dd8-9b2d-669f69158dc5___RS_HL 6113.JPG,healthy,healthy,True,False
10,source-source,data/plantvillage/raw/color/Apple___healthy/2abb295b-31c5-4e5f-b5c7-94ca57e94305___RS_HL 6277.JPG,data/plantvillage/raw/color/Apple___healthy/3c047601-ed4d-4178-8bed-33a65e5f4b6d___RS_HL 6001.JPG,healthy,healthy,True,False
10,source-source,data/plantvillage/raw/color/Apple___healthy/2abb295b-31c5-4e5f-b5c7-94ca57e94305___RS_HL 6277.JPG,data/plantvillage/raw/color/Apple___healthy/4f9b8500-4510-4d79-bcbf-d9b680cd8fe8___RS_HL 6304.JPG,healthy,healthy,True,False
10,source-source,data/plantvillage/raw/color/Apple___healthy/2abb295b-31c5-4e5f-b5c7-94ca57e94305___RS_HL 6277.JPG,data/plantvillage/raw/color/Apple___healthy/5941b857-a525-4aff-ba20-def608d63c4d___RS_HL 6119.JPG,healthy,healthy,True,False
10,source-source,data/plantvillage/raw/color/Apple___healthy/2abb295b-31c5-4e5f-b5c7-94ca57e94305___RS_HL 6277.JPG,data/plantvillage/raw/color/Apple___healthy/5ee4cb1c-d933-4e89-b364-9b740b48e077___RS_HL 6224.JPG,healthy,healthy,True,False
10,source-source,data/plantvillage/raw/color/Apple___healthy/2abb295b-31c5-4e5f-b5c7-94ca57e94305___RS_HL 6277.JPG,data/plantvillage/raw/color/Apple___healthy/82d55fb4-a8df-439a-9935-5e5f72b05383___RS_HL 6107.JPG,healthy,healthy,True,False
10,source-source,data/plantvillage/raw/color/Apple___healthy/2abb295b-31c5-4e5f-b5c7-94ca57e94305___RS_HL 6277.JPG,data/plantvillage/raw/color/Apple___healthy/9d3bb139-5177-4d08-914b-5fe232cff065___RS_HL 6011.JPG,healthy,healthy,True,False
10,source-source,data/plantvillage/raw/color/Apple___healthy/2abb295b-31c5-4e5f-b5c7-94ca57e94305___RS_HL 6277.JPG,data/plantvillage/raw/color/Apple___healthy/b3562453-945e-4462-8589-ec879c2a4102___RS_HL 5893.JPG,healthy,healthy,True,False
10,source-source,data/plantvillage/raw/color/Apple___healthy/2abb295b-31c5-4e5f-b5c7-94ca57e94305___RS_HL 6277.JPG,data/plantvillage/raw/color/Apple___healthy/b6a2a9d1-5fff-4f42-bc18-12c9777001e6___RS_HL 6067.JPG,healthy,healthy,True,False
10,source-source,data/plantvillage/raw/color/Apple___healthy/2b3fa6ff-a37a-497e-b122-5b29ae419bec___RS_HL 5979.JPG,data/plantvillage/raw/color/Apple___healthy/b6a2a9d1-5fff-4f42-bc18-12c9777001e6___RS_HL 6067.JPG,healthy,healthy,True,False
10,source-source,data/plantvillage/raw/color/Apple___healthy/2ba31dd4-36d6-4cda-b2e6-c1f53a174d4d___RS_HL 6305.JPG,data/plantvillage/raw/color/Apple___healthy/375f1e44-235c-4ef0-a156-077b71abeed3___RS_HL 8162.JPG,healthy,healthy,True,False
10,source-source,data/plantvillage/raw/color/Apple___healthy/2ba31dd4-36d6-4cda-b2e6-c1f53a174d4d___RS_HL 6305.JPG,data/plantvillage/raw/color/Apple___healthy/39be15a0-4c7f-4a8e-9938-829bec85fd1c___RS_HL 6209.JPG,healthy,healthy,True,False
10,source-source,data/plantvillage/raw/color/Apple___healthy/2ba31dd4-36d6-4cda-b2e6-c1f53a174d4d___RS_HL 6305.JPG,data/plantvillage/raw/color/Apple___healthy/82d55fb4-a8df-439a-9935-5e5f72b05383___RS_HL 6107.JPG,healthy,healthy,True,False
10,source-source,data/plantvillage/raw/color/Apple___healthy/2ba31dd4-36d6-4cda-b2e6-c1f53a174d4d___RS_HL 6305.JPG,data/plantvillage/raw/color/Apple___healthy/946b311a-cb67-46d4-8c8b-0d91ebd456f3___RS_HL 5809.JPG,healthy,healthy,True,False
10,source-source,data/plantvillage/raw/color/Apple___healthy/2ba31dd4-36d6-4cda-b2e6-c1f53a174d4d___RS_HL 6305.JPG,data/plantvillage/raw/color/Apple___healthy/abc9f5f6-ea98-46c0-8df7-2986969318bf___RS_HL 5928.JPG,healthy,healthy,True,False
10,source-source,data/plantvillage/raw/color/Apple___healthy/2ba31dd4-36d6-4cda-b2e6-c1f53a174d4d___RS_HL 6305.JPG,data/plantvillage/raw/color/Apple___healthy/b3562453-945e-4462-8589-ec879c2a4102___RS_HL 5893.JPG,healthy,healthy,True,False
10,source-source,data/plantvillage/raw/color/Apple___healthy/2c7fe12b-945d-4828-a327-fc17eb0c4afc___RS_HL 5942.JPG,data/plantvillage/raw/color/Apple___healthy/c58cad9c-4529-4be6-8c40-d0f10701fe14___RS_HL 5744.JPG,healthy,healthy,True,False
10,source-source,data/plantvillage/raw/color/Apple___healthy/2dc5f050-21dd-4b81-a1cb-ef2a9f72f134___RS_HL 5694.JPG,data/plantvillage/raw/color/Apple___healthy/df61d058-fa1e-4636-97e8-3e1d567fddd9___RS_HL 6139.JPG,healthy,healthy,True,False
10,source-source,data/plantvillage/raw/color/Apple___healthy/2e403d36-e4f2-4323-a78c-5a7330f1083c___RS_HL 7857.JPG,data/plantvillage/raw/color/Apple___healthy/e2cce5a6-04a9-436d-8e56-3bf4979b47bc___RS_HL 5886.JPG,healthy,healthy,True,False
10,source-source,data/plantvillage/raw/color/Apple___healthy/30fb851f-052b-4b63-bc29-6d824a764fd5___RS_HL 5916.JPG,data/plantvillage/raw/color/Apple___healthy/3c047601-ed4d-4178-8bed-33a65e5f4b6d___RS_HL 6001.JPG,healthy,healthy,True,False
10,source-source,data/plantvillage/raw/color/Apple___healthy/30fb851f-052b-4b63-bc29-6d824a764fd5___RS_HL 5916.JPG,data/plantvillage/raw/color/Apple___healthy/a469c307-a754-4c0f-9012-b09ba22c4d00___RS_HL 5917.JPG,healthy,healthy,True,False
10,source-source,data/plantvillage/raw/color/Apple___healthy/314b2ac4-0d06-4940-8517-0d4c1072acbf___RS_HL 5929.JPG,data/plantvillage/raw/color/Apple___healthy/381f3abb-208f-4f52-b7a2-57e35f31c373___RS_HL 5680.JPG,healthy,healthy,True,False
10,source-source,data/plantvillage/raw/color/Apple___healthy/314b2ac4-0d06-4940-8517-0d4c1072acbf___RS_HL 5929.JPG,data/plantvillage/raw/color/Apple___healthy/3c047601-ed4d-4178-8bed-33a65e5f4b6d___RS_HL 6001.JPG,healthy,healthy,True,False
10,source-source,data/plantvillage/raw/color/Apple___healthy/314b2ac4-0d06-4940-8517-0d4c1072acbf___RS_HL 5929.JPG,data/plantvillage/raw/color/Apple___healthy/82d55fb4-a8df-439a-9935-5e5f72b05383___RS_HL 6107.JPG,healthy,healthy,True,False
10,source-source,data/plantvillage/raw/color/Apple___healthy/314b2ac4-0d06-4940-8517-0d4c1072acbf___RS_HL 5929.JPG,data/plantvillage/raw/color/Apple___healthy/a469c307-a754-4c0f-9012-b09ba22c4d00___RS_HL 5917.JPG,healthy,healthy,True,False
10,source-source,data/plantvillage/raw/color/Apple___healthy/314b2ac4-0d06-4940-8517-0d4c1072acbf___RS_HL 5929.JPG,data/plantvillage/raw/color/Apple___healthy/abc9f5f6-ea98-46c0-8df7-2986969318bf___RS_HL 5928.JPG,healthy,healthy,True,False
10,source-source,data/plantvillage/raw/color/Apple___healthy/314b2ac4-0d06-4940-8517-0d4c1072acbf___RS_HL 5929.JPG,data/plantvillage/raw/color/Apple___healthy/b6808ea5-f26b-49fa-87b2-a1bbbc98d74c___RS_HL 6095.JPG,healthy,healthy,True,False
10,source-source,data/plantvillage/raw/color/Apple___healthy/314b2ac4-0d06-4940-8517-0d4c1072acbf___RS_HL 5929.JPG,data/plantvillage/raw/color/Apple___healthy/f4b6cf56-ec35-43f4-b5e4-eebf509c9580___RS_HL 5946.JPG,healthy,healthy,True,False
10,source-source,data/plantvillage/raw/color/Apple___healthy/31c8c28a-ba8f-4869-a623-949d6c67275d___RS_HL 8177.JPG,data/plantvillage/raw/color/Apple___healthy/6034f340-2122-4fe1-8696-cd5327f6984f___RS_HL 7445.JPG,healthy,healthy,True,False
10,source-source,data/plantvillage/raw/color/Apple___healthy/32a59e5f-9167-42d4-8040-40563e416572___RS_HL 6156.JPG,data/plantvillage/raw/color/Apple___healthy/d6aa67d8-1597-4c78-ae39-a6dcad5de6b2___RS_HL 6188.JPG,healthy,healthy,True,False
10,source-source,data/plantvillage/raw/color/Apple___healthy/336a5bb9-179f-44fb-a4d1-c59a40d90306___RS_HL 5978.JPG,data/plantvillage/raw/color/Apple___healthy/5db8c857-6f3a-4066-9bd6-e245e725d03e___RS_HL 8016.JPG,healthy,healthy,True,False
10,source-source,data/plantvillage/raw/color/Apple___healthy/336a5bb9-179f-44fb-a4d1-c59a40d90306___RS_HL 5978.JPG,data/plantvillage/raw/color/Apple___healthy/c4fcb18d-d501-43da-a069-85bb58831714___RS_HL 5840.JPG,healthy,healthy,True,False
10,source-source,data/plantvillage/raw/color/Apple___healthy/336a5bb9-179f-44fb-a4d1-c59a40d90306___RS_HL 5978.JPG,data/plantvillage/raw/color/Apple___healthy/f665c2bb-bdd4-4b6e-bb2d-6e6d017c8764___RS_HL 7679.JPG,healthy,healthy,True,False
10,source-source,data/plantvillage/raw/color/Apple___healthy/349251ed-2e99-4af9-b432-2a63202a0985___RS_HL 6120.JPG,data/plantvillage/raw/color/Apple___healthy/8516ac47-c297-4943-9ac1-a10f26e9101c___RS_HL 6094.JPG,healthy,healthy,True,False
10,source-source,data/plantvillage/raw/color/Apple___healthy/34a96778-25fe-4e97-910e-56b39fc2bdd6___RS_HL 6263.JPG,data/plantvillage/raw/color/Apple___healthy/f7b08c73-ec97-42c3-a013-5c4aec725f6f___RS_HL 5923.JPG,healthy,healthy,True,False
10,source-source,data/plantvillage/raw/color/Apple___healthy/34b8de2a-d30e-4e52-8269-d65cc4e444f6___RS_HL 7717.JPG,data/plantvillage/raw/color/Apple___healthy/51ad3661-ed25-4c8f-9f90-44f8f0f042e0___RS_HL 7645.JPG,healthy,healthy,True,False
10,source-source,data/plantvillage/raw/color/Apple___healthy/34b8de2a-d30e-4e52-8269-d65cc4e444f6___RS_HL 7717.JPG,data/plantvillage/raw/color/Apple___healthy/643e172f-02bf-4021-9587-6cfd21c8a344___RS_HL 6053.JPG,healthy,healthy,True,False
10,source-source,data/plantvillage/raw/color/Apple___healthy/34b8de2a-d30e-4e52-8269-d65cc4e444f6___RS_HL 7717.JPG,data/plantvillage/raw/color/Apple___healthy/dbe7017a-b866-4c93-8ee5-8b2526929328___RS_HL 7992.JPG,healthy,healthy,True,False
10,source-source,data/plantvillage/raw/color/Apple___healthy/36c00bef-25c2-48ae-9505-41827bcd83d8___RS_HL 6085.JPG,data/plantvillage/raw/color/Apple___healthy/3817a269-0274-4a5c-b851-46e91b10788f___RS_HL 5720.JPG,healthy,healthy,True,False
10,source-source,data/plantvillage/raw/color/Apple___healthy/36c00bef-25c2-48ae-9505-41827bcd83d8___RS_HL 6085.JPG,data/plantvillage/raw/color/Apple___healthy/ae4a5e3d-c781-49ec-901e-940f127e1688___RS_HL 6128.JPG,healthy,healthy,True,False
10,source-source,data/plantvillage/raw/color/Apple___healthy/36c00bef-25c2-48ae-9505-41827bcd83d8___RS_HL 6085.JPG,data/plantvillage/raw/color/Apple___healthy/af2972a9-c62d-44bf-a5df-45c0bdf70572___RS_HL 5835.JPG,healthy,healthy,True,False
10,source-source,data/plantvillage/raw/color/Apple___healthy/375f1e44-235c-4ef0-a156-077b71abeed3___RS_HL 8162.JPG,data/plantvillage/raw/color/Apple___healthy/bd61a0a7-939f-43ba-bb02-168ceb97a32a___RS_HL 5902.JPG,healthy,healthy,True,False
10,source-source,data/plantvillage/raw/color/Apple___healthy/375f1e44-235c-4ef0-a156-077b71abeed3___RS_HL 8162.JPG,data/plantvillage/raw/color/Apple___healthy/f0033a40-7a27-46e8-bf31-5af5cd0a9691___RS_HL 7941.JPG,healthy,healthy,True,False
10,source-source,data/plantvillage/raw/color/Apple___healthy/37b1cd89-582a-40ce-b2ec-6a635e1fea17___RS_HL 6151.JPG,data/plantvillage/raw/color/Apple___healthy/51cb81e8-dd15-40cd-b4f2-5287379dfe74___RS_HL 6104.JPG,healthy,healthy,True,False
10,source-source,data/plantvillage/raw/color/Apple___healthy/37b1cd89-582a-40ce-b2ec-6a635e1fea17___RS_HL 6151.JPG,data/plantvillage/raw/color/Apple___healthy/5d4206ed-09fa-42d5-a42d-2fc98cb4820d___RS_HL 6032.JPG,healthy,healthy,True,False
10,source-source,data/plantvillage/raw/color/Apple___healthy/37b9da4a-2823-48fb-ba35-4138a44acf53___RS_HL 5954.JPG,data/plantvillage/raw/color/Apple___healthy/98834a65-1043-4c21-b06e-5f625274b0c4___RS_HL 6267.JPG,healthy,healthy,True,False
10,source-source,data/plantvillage/raw/color/Apple___healthy/3817a269-0274-4a5c-b851-46e91b10788f___RS_HL 5720.JPG,data/plantvillage/raw/color/Apple___healthy/a61c6603-0f78-4fb9-b917-99eaf0d67c3f___RS_HL 5853.JPG,healthy,healthy,True,False
10,source-source,data/plantvillage/raw/color/Apple___healthy/3817a269-0274-4a5c-b851-46e91b10788f___RS_HL 5720.JPG,data/plantvillage/raw/color/Apple___healthy/af2972a9-c62d-44bf-a5df-45c0bdf70572___RS_HL 5835.JPG,healthy,healthy,True,False
10,source-source,data/plantvillage/raw/color/Apple___healthy/3817a269-0274-4a5c-b851-46e91b10788f___RS_HL 5720.JPG,data/plantvillage/raw/color/Apple___healthy/f2314f38-fd6f-4bee-b26e-ad095508beab___RS_HL 6145.JPG,healthy,healthy,True,False
10,source-source,data/plantvillage/raw/color/Apple___healthy/381f3abb-208f-4f52-b7a2-57e35f31c373___RS_HL 5680.JPG,data/plantvillage/raw/color/Apple___healthy/ff716adb-c699-4135-a62f-dfd35184a6bf___RS_HL 5875.JPG,healthy,healthy,True,False
10,source-source,data/plantvillage/raw/color/Apple___healthy/3876f449-0cd6-4910-9321-f56a28621c51___RS_HL 7775.JPG,data/plantvillage/raw/color/Apple___healthy/405ca310-f708-4815-b121-5bb315d98f6f___RS_HL 6122.JPG,healthy,healthy,True,False
10,source-source,data/plantvillage/raw/color/Apple___healthy/3876f449-0cd6-4910-9321-f56a28621c51___RS_HL 7775.JPG,data/plantvillage/raw/color/Apple___healthy/69344270-ab7c-44c1-a395-03dfb984108a___RS_HL 5925.JPG,healthy,healthy,True,False
10,source-source,data/plantvillage/raw/color/Apple___healthy/3876f449-0cd6-4910-9321-f56a28621c51___RS_HL 7775.JPG,data/plantvillage/raw/color/Apple___healthy/9fc6acc1-0394-498d-b51c-d2e92febae55___RS_HL 6013.JPG,healthy,healthy,True,False
10,source-source,data/plantvillage/raw/color/Apple___healthy/3876f449-0cd6-4910-9321-f56a28621c51___RS_HL 7775.JPG,data/plantvillage/raw/color/Apple___healthy/b85dfb75-f620-427c-9108-02547560a2b4___RS_HL 5913.JPG,healthy,healthy,True,False
10,source-source,data/plantvillage/raw/color/Apple___healthy/3876f449-0cd6-4910-9321-f56a28621c51___RS_HL 7775.JPG,data/plantvillage/raw/color/Apple___healthy/f876ed50-410a-4911-b82d-e95d3e73ecd0___RS_HL 6134.JPG,healthy,healthy,True,False
10,source-source,data/plantvillage/raw/color/Apple___healthy/38c039b6-23f0-4fc2-a0df-e5ec3f523a09___RS_HL 5887.JPG,data/plantvillage/raw/color/Apple___healthy/3b0f637d-dd22-44a0-a4b4-2a7792e2ac76___RS_HL 7258.JPG,healthy,healthy,True,False
10,source-source,data/plantvillage/raw/color/Apple___healthy/38c039b6-23f0-4fc2-a0df-e5ec3f523a09___RS_HL 5887.JPG,data/plantvillage/raw/color/Apple___healthy/3c047601-ed4d-4178-8bed-33a65e5f4b6d___RS_HL 6001.JPG,healthy,healthy,True,False
10,source-source,data/plantvillage/raw/color/Apple___healthy/38c039b6-23f0-4fc2-a0df-e5ec3f523a09___RS_HL 5887.JPG,data/plantvillage/raw/color/Apple___healthy/8f4c3d68-2d5a-40c5-bca1-911002ff3324___RS_HL 7299.JPG,healthy,healthy,True,False
10,source-source,data/plantvillage/raw/color/Apple___healthy/38c039b6-23f0-4fc2-a0df-e5ec3f523a09___RS_HL 5887.JPG,data/plantvillage/raw/color/Apple___healthy/9ebc421f-9c65-41ee-a650-2da921e8e7cb___RS_HL 6227.JPG,healthy,healthy,True,False
10,source-source,data/plantvillage/raw/color/Apple___healthy/38c039b6-23f0-4fc2-a0df-e5ec3f523a09___RS_HL 5887.JPG,data/plantvillage/raw/color/Apple___healthy/b31c759a-547a-46de-937f-56714107db63___RS_HL 5857.JPG,healthy,healthy,True,False
10,source-source,data/plantvillage/raw/color/Apple___healthy/38c039b6-23f0-4fc2-a0df-e5ec3f523a09___RS_HL 5887.JPG,data/plantvillage/raw/color/Apple___healthy/fad6efb7-4486-4c45-8b23-1b6cf2a2912a___RS_HL 6077.JPG,healthy,healthy,True,False
10,source-source,data/plantvillage/raw/color/Apple___healthy/3969a6d5-f626-4a6a-bc72-3d38d1cff967___RS_HL 6092.JPG,data/plantvillage/raw/color/Apple___healthy/741841f6-e95c-4206-ac05-c5cb98c7e7cd___RS_HL 5908.JPG,healthy,healthy,True,False
10,source-source,data/plantvillage/raw/color/Apple___healthy/3969a6d5-f626-4a6a-bc72-3d38d1cff967___RS_HL 6092.JPG,data/plantvillage/raw/color/Apple___healthy/8fd3cfbd-fbca-4c33-a2a7-1e7ecc71ec9e___RS_HL 6091.JPG,healthy,healthy,True,False
10,source-source,data/plantvillage/raw/color/Apple___healthy/3969a6d5-f626-4a6a-bc72-3d38d1cff967___RS_HL 6092.JPG,data/plantvillage/raw/color/Apple___healthy/9cfb97eb-0e0a-4e55-b25d-d6121ceded58___RS_HL 6146.JPG,healthy,healthy,True,False
10,source-source,data/plantvillage/raw/color/Apple___healthy/3969a6d5-f626-4a6a-bc72-3d38d1cff967___RS_HL 6092.JPG,data/plantvillage/raw/color/Apple___healthy/f2314f38-fd6f-4bee-b26e-ad095508beab___RS_HL 6145.JPG,healthy,healthy,True,False
10,source-source,data/plantvillage/raw/color/Apple___healthy/39be15a0-4c7f-4a8e-9938-829bec85fd1c___RS_HL 6209.JPG,data/plantvillage/raw/color/Apple___healthy/4aa3b2bb-1bd4-410a-bf6b-09862798bf88___RS_HL 6148.JPG,healthy,healthy,True,False
10,source-source,data/plantvillage/raw/color/Apple___healthy/39be15a0-4c7f-4a8e-9938-829bec85fd1c___RS_HL 6209.JPG,data/plantvillage/raw/color/Apple___healthy/5941b857-a525-4aff-ba20-def608d63c4d___RS_HL 6119.JPG,healthy,healthy,True,False
10,source-source,data/plantvillage/raw/color/Apple___healthy/39be15a0-4c7f-4a8e-9938-829bec85fd1c___RS_HL 6209.JPG,data/plantvillage/raw/color/Apple___healthy/a63295f1-8032-4db2-b0d7-4e51f6e30bad___RS_HL 6089.JPG,healthy,healthy,True,False
10,source-source,data/plantvillage/raw/color/Apple___healthy/39be15a0-4c7f-4a8e-9938-829bec85fd1c___RS_HL 6209.JPG,data/plantvillage/raw/color/Apple___healthy/c86f1476-4e5c-4dbd-923d-a575bd03cd18___RS_HL 6210.JPG,healthy,healthy,True,False
10,source-source,data/plantvillage/raw/color/Apple___healthy/3a26bfb8-eb90-4f61-bc32-8cbe65c708df___RS_HL 6174.JPG,data/plantvillage/raw/color/Apple___healthy/801feab6-e225-4ce5-8bf0-6fb44a767045___RS_HL 7723.JPG,healthy,healthy,True,False
10,source-source,data/plantvillage/raw/color/Apple___healthy/3a26bfb8-eb90-4f61-bc32-8cbe65c708df___RS_HL 6174.JPG,data/plantvillage/raw/color/Apple___healthy/b6a2a9d1-5fff-4f42-bc18-12c9777001e6___RS_HL 6067.JPG,healthy,healthy,True,False
10,source-source,data/plantvillage/raw/color/Apple___healthy/3a544ee5-490e-4a41-b03b-cf1700362448___RS_HL 6200.JPG,data/plantvillage/raw/color/Apple___healthy/cb2820ba-baab-455a-8830-df6f53bbb580___RS_HL 6097.JPG,healthy,healthy,True,False
10,source-source,data/plantvillage/raw/color/Apple___healthy/3a74b441-4ab0-412f-ae66-f28f4b1d9df2___RS_HL 5968.JPG,data/plantvillage/raw/color/Apple___healthy/3ecfd9ce-30c4-4453-9d90-75854c7f82b7___RS_HL 5950.JPG,healthy,healthy,True,False
10,source-source,data/plantvillage/raw/color/Apple___healthy/3a74b441-4ab0-412f-ae66-f28f4b1d9df2___RS_HL 5968.JPG,data/plantvillage/raw/color/Apple___healthy/725fe867-1075-471a-b69d-6553d1445216___RS_HL 6127.JPG,healthy,healthy,True,False
10,source-source,data/plantvillage/raw/color/Apple___healthy/3a74b441-4ab0-412f-ae66-f28f4b1d9df2___RS_HL 5968.JPG,data/plantvillage/raw/color/Apple___healthy/bd61a0a7-939f-43ba-bb02-168ceb97a32a___RS_HL 5902.JPG,healthy,healthy,True,False
10,source-source,data/plantvillage/raw/color/Apple___healthy/3a74b441-4ab0-412f-ae66-f28f4b1d9df2___RS_HL 5968.JPG,data/plantvillage/raw/color/Apple___healthy/dbea92a9-9473-4cb1-b181-341789de0681___RS_HL 5708.JPG,healthy,healthy,True,False
10,source-source,data/plantvillage/raw/color/Apple___healthy/3a74b441-4ab0-412f-ae66-f28f4b1d9df2___RS_HL 5968.JPG,data/plantvillage/raw/color/Apple___healthy/e35729f0-09b8-4cd4-a04c-30c9b49095c5___RS_HL 6068.JPG,healthy,healthy,True,False
10,source-source,data/plantvillage/raw/color/Apple___healthy/3b0f637d-dd22-44a0-a4b4-2a7792e2ac76___RS_HL 7258.JPG,data/plantvillage/raw/color/Apple___healthy/42777529-bf54-4134-9bd6-34fbd135575d___RS_HL 8045.JPG,healthy,healthy,True,False
10,source-source,data/plantvillage/raw/color/Apple___healthy/3b0f637d-dd22-44a0-a4b4-2a7792e2ac76___RS_HL 7258.JPG,data/plantvillage/raw/color/Apple___healthy/7b5603c7-76c7-4b94-9c7a-5db00fb8581d___RS_HL 6064.JPG,healthy,healthy,True,False
10,source-source,data/plantvillage/raw/color/Apple___healthy/3b0f637d-dd22-44a0-a4b4-2a7792e2ac76___RS_HL 7258.JPG,data/plantvillage/raw/color/Apple___healthy/9ebc421f-9c65-41ee-a650-2da921e8e7cb___RS_HL 6227.JPG,healthy,healthy,True,False
10,source-source,data/plantvillage/raw/color/Apple___healthy/3b0f637d-dd22-44a0-a4b4-2a7792e2ac76___RS_HL 7258.JPG,data/plantvillage/raw/color/Apple___healthy/d5578393-868f-49fa-8fff-4f0484b4507e___RS_HL 5995.JPG,healthy,healthy,True,False
10,source-source,data/plantvillage/raw/color/Apple___healthy/3b0f637d-dd22-44a0-a4b4-2a7792e2ac76___RS_HL 7258.JPG,data/plantvillage/raw/color/Apple___healthy/d990e148-621b-4e71-8a8c-9b71c15f7faf___RS_HL 8004.JPG,healthy,healthy,True,False
10,source-source,data/plantvillage/raw/color/Apple___healthy/3b0f637d-dd22-44a0-a4b4-2a7792e2ac76___RS_HL 7258.JPG,data/plantvillage/raw/color/Apple___healthy/f9368405-e343-4423-8288-9b7112352b16___RS_HL 5833.JPG,healthy,healthy,True,False
10,source-source,data/plantvillage/raw/color/Apple___healthy/3b0f637d-dd22-44a0-a4b4-2a7792e2ac76___RS_HL 7258.JPG,data/plantvillage/raw/color/Apple___healthy/fad6efb7-4486-4c45-8b23-1b6cf2a2912a___RS_HL 6077.JPG,healthy,healthy,True,False
10,source-source,data/plantvillage/raw/color/Apple___healthy/3c047601-ed4d-4178-8bed-33a65e5f4b6d___RS_HL 6001.JPG,data/plantvillage/raw/color/Apple___healthy/42777529-bf54-4134-9bd6-34fbd135575d___RS_HL 8045.JPG,healthy,healthy,True,False
10,source-source,data/plantvillage/raw/color/Apple___healthy/3c047601-ed4d-4178-8bed-33a65e5f4b6d___RS_HL 6001.JPG,data/plantvillage/raw/color/Apple___healthy/445d268a-415e-41d4-80de-0116fdaca73d___RS_HL 5982.JPG,healthy,healthy,True,False
10,source-source,data/plantvillage/raw/color/Apple___healthy/3c047601-ed4d-4178-8bed-33a65e5f4b6d___RS_HL 6001.JPG,data/plantvillage/raw/color/Apple___healthy/74d4928f-5a36-4f9b-acbe-be50736d397d___RS_HL 8169.JPG,healthy,healthy,True,False
10,source-source,data/plantvillage/raw/color/Apple___healthy/3c047601-ed4d-4178-8bed-33a65e5f4b6d___RS_HL 6001.JPG,data/plantvillage/raw/color/Apple___healthy/7519aef6-3f42-4dd9-8e9e-f3eced492298___RS_HL 5863.JPG,healthy,healthy,True,False
10,source-source,data/plantvillage/raw/color/Apple___healthy/3c047601-ed4d-4178-8bed-33a65e5f4b6d___RS_HL 6001.JPG,data/plantvillage/raw/color/Apple___healthy/7b5603c7-76c7-4b94-9c7a-5db00fb8581d___RS_HL 6064.JPG,healthy,healthy,True,False
10,source-source,data/plantvillage/raw/color/Apple___healthy/3c047601-ed4d-4178-8bed-33a65e5f4b6d___RS_HL 6001.JPG,data/plantvillage/raw/color/Apple___healthy/89ce10db-057c-4c03-9324-b512db8ca3d6___RS_HL 5797.JPG,healthy,healthy,True,False
10,source-source,data/plantvillage/raw/color/Apple___healthy/3c047601-ed4d-4178-8bed-33a65e5f4b6d___RS_HL 6001.JPG,data/plantvillage/raw/color/Apple___healthy/946b311a-cb67-46d4-8c8b-0d91ebd456f3___RS_HL 5809.JPG,healthy,healthy,True,False
10,source-source,data/plantvillage/raw/color/Apple___healthy/3c047601-ed4d-4178-8bed-33a65e5f4b6d___RS_HL 6001.JPG,data/plantvillage/raw/color/Apple___healthy/9d3bb139-5177-4d08-914b-5fe232cff065___RS_HL 6011.JPG,healthy,healthy,True,False
10,source-source,data/plantvillage/raw/color/Apple___healthy/3c047601-ed4d-4178-8bed-33a65e5f4b6d___RS_HL 6001.JPG,data/plantvillage/raw/color/Apple___healthy/d6590bcb-cb7e-47c9-beb0-80785efb4046___RS_HL 6234.JPG,healthy,healthy,True,False
10,source-source,data/plantvillage/raw/color/Apple___healthy/3c047601-ed4d-4178-8bed-33a65e5f4b6d___RS_HL 6001.JPG,data/plantvillage/raw/color/Apple___healthy/fad6efb7-4486-4c45-8b23-1b6cf2a2912a___RS_HL 6077.JPG,healthy,healthy,True,False
10,source-source,data/plantvillage/raw/color/Apple___healthy/3c1fd0db-4090-485a-9d59-4293714b482c___RS_HL 7581.JPG,data/plantvillage/raw/color/Apple___healthy/d509b6e5-a4b7-49c8-ac55-c06c8dab3005___RS_HL 7626.JPG,healthy,healthy,True,False
10,source-source,data/plantvillage/raw/color/Apple___healthy/3c5ca000-1c26-46bf-8974-fd6599744059___RS_HL 7596.JPG,data/plantvillage/raw/color/Apple___healthy/4cd8dfb9-2afe-425f-a110-39882ded3802___RS_HL 5799.JPG,healthy,healthy,True,False
10,source-source,data/plantvillage/raw/color/Apple___healthy/3df0da99-6c5d-4520-b396-9616e81f8935___RS_HL 6031.JPG,data/plantvillage/raw/color/Apple___healthy/5d4206ed-09fa-42d5-a42d-2fc98cb4820d___RS_HL 6032.JPG,healthy,healthy,True,False
10,source-source,data/plantvillage/raw/color/Apple___healthy/3df0da99-6c5d-4520-b396-9616e81f8935___RS_HL 6031.JPG,data/plantvillage/raw/color/Apple___healthy/9cfb97eb-0e0a-4e55-b25d-d6121ceded58___RS_HL 6146.JPG,healthy,healthy,True,False
10,source-source,data/plantvillage/raw/color/Apple___healthy/3df0da99-6c5d-4520-b396-9616e81f8935___RS_HL 6031.JPG,data/plantvillage/raw/color/Apple___healthy/c36cccf8-e56e-49ea-ba5e-b44cb9e04ebd___RS_HL 6062.JPG,healthy,healthy,True,False
10,source-source,data/plantvillage/raw/color/Apple___healthy/3e8eb97c-b2ad-4aeb-82ff-2f1334801c9b___RS_HL 6098.JPG,data/plantvillage/raw/color/Apple___healthy/5a0aa782-76a8-4de9-89e9-47cb35d222e3___RS_HL 6310.JPG,healthy,healthy,True,False
10,source-source,data/plantvillage/raw/color/Apple___healthy/3ecbb982-2844-4662-ad65-9a94fee38fa3___RS_HL 8060.JPG,data/plantvillage/raw/color/Apple___healthy/445d268a-415e-41d4-80de-0116fdaca73d___RS_HL 5982.JPG,healthy,healthy,True,False
10,source-source,data/plantvillage/raw/color/Apple___healthy/3ecfd9ce-30c4-4453-9d90-75854c7f82b7___RS_HL 5950.JPG,data/plantvillage/raw/color/Apple___healthy/4c368acb-0a47-4c7f-84bd-29dc74660db9___RS_HL 5800.JPG,healthy,healthy,True,False
10,source-source,data/plantvillage/raw/color/Apple___healthy/3ecfd9ce-30c4-4453-9d90-75854c7f82b7___RS_HL 5950.JPG,data/plantvillage/raw/color/Apple___healthy/725fe867-1075-471a-b69d-6553d1445216___RS_HL 6127.JPG,healthy,healthy,True,False
10,source-source,data/plantvillage/raw/color/Apple___healthy/3ecfd9ce-30c4-4453-9d90-75854c7f82b7___RS_HL 5950.JPG,data/plantvillage/raw/color/Apple___healthy/9e5f1beb-8245-4775-8298-4cb787b3f897___RS_HL 5854.JPG,healthy,healthy,True,False
10,source-source,data/plantvillage/raw/color/Apple___healthy/400723a1-65ae-4d62-b7c7-d8c0b7a02480___RS_HL 7479.JPG,data/plantvillage/raw/color/Apple___healthy/f0033a40-7a27-46e8-bf31-5af5cd0a9691___RS_HL 7941.JPG,healthy,healthy,True,False
10,source-source,data/plantvillage/raw/color/Apple___healthy/4023916c-9823-4410-bd89-b8bfe1b0b456___RS_HL 6009.JPG,data/plantvillage/raw/color/Apple___healthy/48beab72-35ef-4711-ad53-579bfaf787d3___RS_HL 6230.JPG,healthy,healthy,True,False
10,source-source,data/plantvillage/raw/color/Apple___healthy/4023916c-9823-4410-bd89-b8bfe1b0b456___RS_HL 6009.JPG,data/plantvillage/raw/color/Apple___healthy/48ff38b5-5af1-44e5-9d94-ee9a32715aba___RS_HL 6109.JPG,healthy,healthy,True,False
10,source-source,data/plantvillage/raw/color/Apple___healthy/4023916c-9823-4410-bd89-b8bfe1b0b456___RS_HL 6009.JPG,data/plantvillage/raw/color/Apple___healthy/6d276438-7f26-4b65-b425-a18ce241ab04___RS_HL 6050.JPG,healthy,healthy,True,False
10,source-source,data/plantvillage/raw/color/Apple___healthy/4023916c-9823-4410-bd89-b8bfe1b0b456___RS_HL 6009.JPG,data/plantvillage/raw/color/Apple___healthy/7f06e481-8f9a-47cd-860a-8fea5b81fe9b___RS_HL 6193.JPG,healthy,healthy,True,False
10,source-source,data/plantvillage/raw/color/Apple___healthy/405ca310-f708-4815-b121-5bb315d98f6f___RS_HL 6122.JPG,data/plantvillage/raw/color/Apple___healthy/56bd23e7-9376-418a-8dfb-f767bdc78500___RS_HL 6124.JPG,healthy,healthy,True,False
10,source-source,data/plantvillage/raw/color/Apple___healthy/42777529-bf54-4134-9bd6-34fbd135575d___RS_HL 8045.JPG,data/plantvillage/raw/color/Apple___healthy/57113348-f0fa-49d9-9d53-46edc4ae7bdb___RS_HL 6215.JPG,healthy,healthy,True,False
10,source-source,data/plantvillage/raw/color/Apple___healthy/42777529-bf54-4134-9bd6-34fbd135575d___RS_HL 8045.JPG,data/plantvillage/raw/color/Apple___healthy/9ebc421f-9c65-41ee-a650-2da921e8e7cb___RS_HL 6227.JPG,healthy,healthy,True,False
10,source-source,data/plantvillage/raw/color/Apple___healthy/42777529-bf54-4134-9bd6-34fbd135575d___RS_HL 8045.JPG,data/plantvillage/raw/color/Apple___healthy/ced1918e-3327-45c8-8107-c93dd2586380___RS_HL 5970.JPG,healthy,healthy,True,False
10,source-source,data/plantvillage/raw/color/Apple___healthy/42777529-bf54-4134-9bd6-34fbd135575d___RS_HL 8045.JPG,data/plantvillage/raw/color/Apple___healthy/d2fc2f4e-9094-4e38-bc7a-f40c5c059280___RS_HL 8170.JPG,healthy,healthy,True,False
10,source-source,data/plantvillage/raw/color/Apple___healthy/42777529-bf54-4134-9bd6-34fbd135575d___RS_HL 8045.JPG,data/plantvillage/raw/color/Apple___healthy/fcc4c8a4-2177-4a08-a785-063497dfd121___RS_HL 5844.JPG,healthy,healthy,True,False
10,source-source,data/plantvillage/raw/color/Apple___healthy/42f558a0-c252-4949-ba12-232731aa9a6b___RS_HL 7543.JPG,data/plantvillage/raw/color/Apple___healthy/9fd4b6dc-c72b-4a90-b9c6-e5518f237d90___RS_HL 5760.JPG,healthy,healthy,True,False
10,source-source,data/plantvillage/raw/color/Apple___healthy/43619607-151e-41c1-b428-89f24c177515___RS_HL 5723.JPG,data/plantvillage/raw/color/Apple___healthy/8cf44f32-5736-4681-be02-f86e4454e00a___RS_HL 5904.JPG,healthy,healthy,True,False
10,source-source,data/plantvillage/raw/color/Apple___healthy/43619607-151e-41c1-b428-89f24c177515___RS_HL 5723.JPG,data/plantvillage/raw/color/Apple___healthy/ca1cb6e7-c72f-4c06-b7c8-b370b48a74c6___RS_HL 5691.JPG,healthy,healthy,True,False
10,source-source,data/plantvillage/raw/color/Apple___healthy/43619607-151e-41c1-b428-89f24c177515___RS_HL 5723.JPG,data/plantvillage/raw/color/Apple___healthy/e7de79f6-05b5-4f79-8b00-b6c212bea3cd___RS_HL 7699.JPG,healthy,healthy,True,False
10,source-source,data/plantvillage/raw/color/Apple___healthy/445d268a-415e-41d4-80de-0116fdaca73d___RS_HL 5982.JPG,data/plantvillage/raw/color/Apple___healthy/57113348-f0fa-49d9-9d53-46edc4ae7bdb___RS_HL 6215.JPG,healthy,healthy,True,False
10,source-source,data/plantvillage/raw/color/Apple___healthy/445d268a-415e-41d4-80de-0116fdaca73d___RS_HL 5982.JPG,data/plantvillage/raw/color/Apple___healthy/ddca8aa6-4338-40ea-bf8b-004a53547144___RS_HL 6052.JPG,healthy,healthy,True,False
10,source-source,data/plantvillage/raw/color/Apple___healthy/445d268a-415e-41d4-80de-0116fdaca73d___RS_HL 5982.JPG,data/plantvillage/raw/color/Apple___healthy/fea00538-32c3-4876-8833-40652becc30c___RS_HL 5761.JPG,healthy,healthy,True,False
10,source-source,data/plantvillage/raw/color/Apple___healthy/45ec1880-a9d2-4458-bd99-f0a6c01e54c4___RS_HL 6303.JPG,data/plantvillage/raw/color/Apple___healthy/da3ef282-bae6-465c-9ffb-a393c4c38f1d___RS_HL 7528.JPG,healthy,healthy,True,False
10,source-source,data/plantvillage/raw/color/Apple___healthy/46ef8441-3792-4ca8-919b-eb6cedd0ed3f___RS_HL 5998.JPG,data/plantvillage/raw/color/Apple___healthy/48beab72-35ef-4711-ad53-579bfaf787d3___RS_HL 6230.JPG,healthy,healthy,True,False
10,source-source,data/plantvillage/raw/color/Apple___healthy/46ef8441-3792-4ca8-919b-eb6cedd0ed3f___RS_HL 5998.JPG,data/plantvillage/raw/color/Apple___healthy/6d276438-7f26-4b65-b425-a18ce241ab04___RS_HL 6050.JPG,healthy,healthy,True,False
10,source-source,data/plantvillage/raw/color/Apple___healthy/46ef8441-3792-4ca8-919b-eb6cedd0ed3f___RS_HL 5998.JPG,data/plantvillage/raw/color/Apple___healthy/7710d64d-83a3-46af-a9ff-535dd225523f___RS_HL 5788.JPG,healthy,healthy,True,False
10,source-source,data/plantvillage/raw/color/Apple___healthy/46ef8441-3792-4ca8-919b-eb6cedd0ed3f___RS_HL 5998.JPG,data/plantvillage/raw/color/Apple___healthy/9cfb97eb-0e0a-4e55-b25d-d6121ceded58___RS_HL 6146.JPG,healthy,healthy,True,False
10,source-source,data/plantvillage/raw/color/Apple___healthy/482fa3b9-4ab6-46ff-b670-ff5ba0f37425___RS_HL 5937.JPG,data/plantvillage/raw/color/Apple___healthy/b3731461-8db1-42f5-9976-5f3b8b72935b___RS_HL 5973.JPG,healthy,healthy,True,False
10,source-source,data/plantvillage/raw/color/Apple___healthy/48beab72-35ef-4711-ad53-579bfaf787d3___RS_HL 6230.JPG,data/plantvillage/raw/color/Apple___healthy/48ff38b5-5af1-44e5-9d94-ee9a32715aba___RS_HL 6109.JPG,healthy,healthy,True,False
10,source-source,data/plantvillage/raw/color/Apple___healthy/48beab72-35ef-4711-ad53-579bfaf787d3___RS_HL 6230.JPG,data/plantvillage/raw/color/Apple___healthy/75b7a5bc-e419-4312-b5d9-6c3446a24ef4___RS_HL 6079.JPG,healthy,healthy,True,False
10,source-source,data/plantvillage/raw/color/Apple___healthy/48beab72-35ef-4711-ad53-579bfaf787d3___RS_HL 6230.JPG,data/plantvillage/raw/color/Apple___healthy/a0670cfe-00e2-4c7a-a9f7-29408debdc3a___RS_HL 6061.JPG,healthy,healthy,True,False
10,source-source,data/plantvillage/raw/color/Apple___healthy/48beab72-35ef-4711-ad53-579bfaf787d3___RS_HL 6230.JPG,data/plantvillage/raw/color/Apple___healthy/a8d012ca-b1ac-45b6-b8fa-44257fd4605f___RS_HL 5824.JPG,healthy,healthy,True,False
10,source-source,data/plantvillage/raw/color/Apple___healthy/48beab72-35ef-4711-ad53-579bfaf787d3___RS_HL 6230.JPG,data/plantvillage/raw/color/Apple___healthy/fdd77f89-e3b1-4492-9da3-f46bbc8666d9___RS_HL 6219.JPG,healthy,healthy,True,False
10,source-source,data/plantvillage/raw/color/Apple___healthy/48ff38b5-5af1-44e5-9d94-ee9a32715aba___RS_HL 6109.JPG,data/plantvillage/raw/color/Apple___healthy/a0670cfe-00e2-4c7a-a9f7-29408debdc3a___RS_HL 6061.JPG,healthy,healthy,True,False
10,source-source,data/plantvillage/raw/color/Apple___healthy/4941b5f6-7a47-4207-bf9c-adfb43d46e26___RS_HL 6262.JPG,data/plantvillage/raw/color/Apple___healthy/7b236824-defb-40ae-8f83-76c00cf8b822___RS_HL 6222.JPG,healthy,healthy,True,False
10,source-source,data/plantvillage/raw/color/Apple___healthy/4941b5f6-7a47-4207-bf9c-adfb43d46e26___RS_HL 6262.JPG,data/plantvillage/raw/color/Apple___healthy/956ef90c-41af-4e70-89a7-291687859623___RS_HL 6063.JPG,healthy,healthy,True,False
10,source-source,data/plantvillage/raw/color/Apple___healthy/4941b5f6-7a47-4207-bf9c-adfb43d46e26___RS_HL 6262.JPG,data/plantvillage/raw/color/Apple___healthy/edb48c93-3366-4363-9840-41a96cb86e3a___RS_HL 6066.JPG,healthy,healthy,True,False
10,source-source,data/plantvillage/raw/color/Apple___healthy/4941b5f6-7a47-4207-bf9c-adfb43d46e26___RS_HL 6262.JPG,data/plantvillage/raw/color/Apple___healthy/f85e6b2c-e4b2-42fe-99db-9583b58bb51b___RS_HL 6112.JPG,healthy,healthy,True,False
10,source-source,data/plantvillage/raw/color/Apple___healthy/49db45ee-cfb4-4691-800f-e1887f163f49___RS_HL 6160.JPG,data/plantvillage/raw/color/Apple___healthy/56bd23e7-9376-418a-8dfb-f767bdc78500___RS_HL 6124.JPG,healthy,healthy,True,False
10,source-source,data/plantvillage/raw/color/Apple___healthy/4aa3b2bb-1bd4-410a-bf6b-09862798bf88___RS_HL 6148.JPG,data/plantvillage/raw/color/Apple___healthy/55b70cf6-c157-48bb-892c-24fa7c230a85___RS_HL 6203.JPG,healthy,healthy,True,False
10,source-source,data/plantvillage/raw/color/Apple___healthy/4aa3b2bb-1bd4-410a-bf6b-09862798bf88___RS_HL 6148.JPG,data/plantvillage/raw/color/Apple___healthy/7b5603c7-76c7-4b94-9c7a-5db00fb8581d___RS_HL 6064.JPG,healthy,healthy,True,False
10,source-source,data/plantvillage/raw/color/Apple___healthy/4aaa2349-eed7-48ed-a96c-02c313ee2d68___RS_HL 5911.JPG,data/plantvillage/raw/color/Apple___healthy/f7b5ebd2-2471-4a99-9944-e25696aa5fa8___RS_HL 6233.JPG,healthy,healthy,True,False
10,source-source,data/plantvillage/raw/color/Apple___healthy/4b2958d2-b93d-4ed1-b899-01a6c3a5b8b6___RS_HL 7768.JPG,data/plantvillage/raw/color/Apple___healthy/9ae0c2e4-ff70-4be7-a231-65d4c2acd8ee___RS_HL 7476.JPG,healthy,healthy,True,False
10,source-source,data/plantvillage/raw/color/Apple___healthy/4c368acb-0a47-4c7f-84bd-29dc74660db9___RS_HL 5800.JPG,data/plantvillage/raw/color/Apple___healthy/74bda678-63b6-44fb-8e8f-259788239618___RS_HL 5830.JPG,healthy,healthy,True,False
10,source-source,data/plantvillage/raw/color/Apple___healthy/4c368acb-0a47-4c7f-84bd-29dc74660db9___RS_HL 5800.JPG,data/plantvillage/raw/color/Apple___healthy/a0670cfe-00e2-4c7a-a9f7-29408debdc3a___RS_HL 6061.JPG,healthy,healthy,True,False
10,source-source,data/plantvillage/raw/color/Apple___healthy/4c368acb-0a47-4c7f-84bd-29dc74660db9___RS_HL 5800.JPG,data/plantvillage/raw/color/Apple___healthy/ce9a3738-55ea-4974-8539-922ed4f864b8___RS_HL 6175.JPG,healthy,healthy,True,False
10,source-source,data/plantvillage/raw/color/Apple___healthy/4c368acb-0a47-4c7f-84bd-29dc74660db9___RS_HL 5800.JPG,data/plantvillage/raw/color/Apple___healthy/dbea92a9-9473-4cb1-b181-341789de0681___RS_HL 5708.JPG,healthy,healthy,True,False
10,source-source,data/plantvillage/raw/color/Apple___healthy/4c368acb-0a47-4c7f-84bd-29dc74660db9___RS_HL 5800.JPG,data/plantvillage/raw/color/Apple___healthy/dc3fca98-91d0-4c97-aaa1-cdd1ad618b38___RS_HL 6290.JPG,healthy,healthy,True,False
10,source-source,data/plantvillage/raw/color/Apple___healthy/4c7d424b-d418-4b72-84a9-2a639eabb5ec___RS_HL 5734.JPG,data/plantvillage/raw/color/Apple___healthy/ddbedf65-df68-476a-b6d5-c2b72d5e9b0b___RS_HL 5753.JPG,healthy,healthy,True,False
10,source-source,data/plantvillage/raw/color/Apple___healthy/4cc430bb-9f3d-4dfc-86c0-0dfdfd71ebb3___RS_HL 6147.JPG,data/plantvillage/raw/color/Apple___healthy/f22abe65-38c0-4b02-b837-2ec8acb3803f___RS_HL 7868.JPG,healthy,healthy,True,False
10,source-source,data/plantvillage/raw/color/Apple___healthy/4cd37f4e-557b-4317-8772-21abd1efec65___RS_HL 7420.JPG,data/plantvillage/raw/color/Apple___healthy/b06260e3-9149-43c1-ab1d-2a592ee2b7fc___RS_HL 5825.JPG,healthy,healthy,True,False
10,source-source,data/plantvillage/raw/color/Apple___healthy/4cfa1595-b674-419b-93f7-2a836ff4d1bd___RS_HL 7464.JPG,data/plantvillage/raw/color/Apple___healthy/d6590bcb-cb7e-47c9-beb0-80785efb4046___RS_HL 6234.JPG,healthy,healthy,True,False
10,source-source,data/plantvillage/raw/color/Apple___healthy/4cfa1595-b674-419b-93f7-2a836ff4d1bd___RS_HL 7464.JPG,data/plantvillage/raw/color/Apple___healthy/f85e6b2c-e4b2-42fe-99db-9583b58bb51b___RS_HL 6112.JPG,healthy,healthy,True,False
10,source-source,data/plantvillage/raw/color/Apple___healthy/4d7bd871-a301-44ce-a229-a8136e0a43e4___RS_HL 7891.JPG,data/plantvillage/raw/color/Apple___healthy/7f06e481-8f9a-47cd-860a-8fea5b81fe9b___RS_HL 6193.JPG,healthy,healthy,True,False
10,source-source,data/plantvillage/raw/color/Apple___healthy/4da8c9ec-92d1-4e33-87b2-de2906f88a46___RS_HL 8201.JPG,data/plantvillage/raw/color/Apple___healthy/9ae0c2e4-ff70-4be7-a231-65d4c2acd8ee___RS_HL 7476.JPG,healthy,healthy,True,False
10,source-source,data/plantvillage/raw/color/Apple___healthy/4eab95ce-76ec-4bd2-9cc6-f39747569750___RS_HL 5958.JPG,data/plantvillage/raw/color/Apple___healthy/cbc30a63-6c05-405d-b735-0a8eee10192d___RS_HL 5983.JPG,healthy,healthy,True,False
10,source-source,data/plantvillage/raw/color/Apple___healthy/4ec6e6f9-7f03-44ca-9bd0-1f64b5964308___RS_HL 5669.JPG,data/plantvillage/raw/color/Apple___healthy/51ad3661-ed25-4c8f-9f90-44f8f0f042e0___RS_HL 7645.JPG,healthy,healthy,True,False
10,source-source,data/plantvillage/raw/color/Apple___healthy/4f9b8500-4510-4d79-bcbf-d9b680cd8fe8___RS_HL 6304.JPG,data/plantvillage/raw/color/Apple___healthy/9d3bb139-5177-4d08-914b-5fe232cff065___RS_HL 6011.JPG,healthy,healthy,True,False
10,source-source,data/plantvillage/raw/color/Apple___healthy/507b3ab4-ca9a-490e-8f3a-0ac06905fc40___RS_HL 8033.JPG,data/plantvillage/raw/color/Apple___healthy/d06d7e4c-e0d4-4f03-8f9d-004405a19f2b___RS_HL 5986.JPG,healthy,healthy,True,False
10,source-source,data/plantvillage/raw/color/Apple___healthy/51cb81e8-dd15-40cd-b4f2-5287379dfe74___RS_HL 6104.JPG,data/plantvillage/raw/color/Apple___healthy/6d276438-7f26-4b65-b425-a18ce241ab04___RS_HL 6050.JPG,healthy,healthy,True,False
10,source-source,data/plantvillage/raw/color/Apple___healthy/51cb81e8-dd15-40cd-b4f2-5287379dfe74___RS_HL 6104.JPG,data/plantvillage/raw/color/Apple___healthy/9cfb97eb-0e0a-4e55-b25d-d6121ceded58___RS_HL 6146.JPG,healthy,healthy,True,False
10,source-source,data/plantvillage/raw/color/Apple___healthy/51cb81e8-dd15-40cd-b4f2-5287379dfe74___RS_HL 6104.JPG,data/plantvillage/raw/color/Apple___healthy/9fc6acc1-0394-498d-b51c-d2e92febae55___RS_HL 6013.JPG,healthy,healthy,True,False
10,source-source,data/plantvillage/raw/color/Apple___healthy/51cb81e8-dd15-40cd-b4f2-5287379dfe74___RS_HL 6104.JPG,data/plantvillage/raw/color/Apple___healthy/c36cccf8-e56e-49ea-ba5e-b44cb9e04ebd___RS_HL 6062.JPG,healthy,healthy,True,False
10,source-source,data/plantvillage/raw/color/Apple___healthy/51cb81e8-dd15-40cd-b4f2-5287379dfe74___RS_HL 6104.JPG,data/plantvillage/raw/color/Apple___healthy/f52ac76d-ad63-4561-911a-4b5245d4e91a___RS_HL 6133.JPG,healthy,healthy,True,False
10,source-source,data/plantvillage/raw/color/Apple___healthy/530f24d7-aefb-419d-b814-2cb3a81cfe2c___RS_HL 6071.JPG,data/plantvillage/raw/color/Apple___healthy/89ce10db-057c-4c03-9324-b512db8ca3d6___RS_HL 5797.JPG,healthy,healthy,True,False
10,source-source,data/plantvillage/raw/color/Apple___healthy/530f24d7-aefb-419d-b814-2cb3a81cfe2c___RS_HL 6071.JPG,data/plantvillage/raw/color/Apple___healthy/c0045dfa-da87-423c-a78c-07eb2fd456f3___RS_HL 7764.JPG,healthy,healthy,True,False
10,source-source,data/plantvillage/raw/color/Apple___healthy/530f24d7-aefb-419d-b814-2cb3a81cfe2c___RS_HL 6071.JPG,data/plantvillage/raw/color/Apple___healthy/d6590bcb-cb7e-47c9-beb0-80785efb4046___RS_HL 6234.JPG,healthy,healthy,True,False
10,source-source,data/plantvillage/raw/color/Apple___healthy/53ad510e-0bf0-4366-928b-8d80f1a51b50___RS_HL 5873.JPG,data/plantvillage/raw/color/Apple___healthy/ae0a8f1e-235b-4fd9-980f-58d486951875___RS_HL 6244.JPG,healthy,healthy,True,False
10,source-source,data/plantvillage/raw/color/Apple___healthy/53d09cc6-89ef-4180-a823-31c5f6566656___RS_HL 6070.JPG,data/plantvillage/raw/color/Apple___healthy/b681e485-e0a6-489f-b9c9-c67d67e70801___RS_HL 5874.JPG,healthy,healthy,True,False
10,source-source,data/plantvillage/raw/color/Apple___healthy/54ef2bb4-12a7-447e-a980-32c74bd26c1e___RS_HL 7459.JPG,data/plantvillage/raw/color/Apple___healthy/94b7e2c6-9081-4546-b411-c89c0dd219e7___RS_HL 7416.JPG,healthy,healthy,True,False
10,source-source,data/plantvillage/raw/color/Apple___healthy/55b70cf6-c157-48bb-892c-24fa7c230a85___RS_HL 6203.JPG,data/plantvillage/raw/color/Apple___healthy/5941b857-a525-4aff-ba20-def608d63c4d___RS_HL 6119.JPG,healthy,healthy,True,False
10,source-source,data/plantvillage/raw/color/Apple___healthy/55b70cf6-c157-48bb-892c-24fa7c230a85___RS_HL 6203.JPG,data/plantvillage/raw/color/Apple___healthy/7b5603c7-76c7-4b94-9c7a-5db00fb8581d___RS_HL 6064.JPG,healthy,healthy,True,False
10,source-source,data/plantvillage/raw/color/Apple___healthy/55c7113c-3c1e-452c-a7bd-bb6fe007a20d___RS_HL 5724.JPG,data/plantvillage/raw/color/Apple___healthy/7c5e4508-64ba-4b06-8a5b-6d0147280d88___RS_HL 7577.JPG,healthy,healthy,True,False
10,source-source,data/plantvillage/raw/color/Apple___healthy/56bd23e7-9376-418a-8dfb-f767bdc78500___RS_HL 6124.JPG,data/plantvillage/raw/color/Apple___healthy/9979c166-aa9e-4c63-af93-d9ad2b56bce2___RS_HL 5890.JPG,healthy,healthy,True,False
10,source-source,data/plantvillage/raw/color/Apple___healthy/57113348-f0fa-49d9-9d53-46edc4ae7bdb___RS_HL 6215.JPG,data/plantvillage/raw/color/Apple___healthy/8e11b695-ac84-42c4-926a-b48b311bcfe8___RS_HL 7782.JPG,healthy,healthy,True,False
10,source-source,data/plantvillage/raw/color/Apple___healthy/57113348-f0fa-49d9-9d53-46edc4ae7bdb___RS_HL 6215.JPG,data/plantvillage/raw/color/Apple___healthy/9d3bb139-5177-4d08-914b-5fe232cff065___RS_HL 6011.JPG,healthy,healthy,True,False
10,source-source,data/plantvillage/raw/color/Apple___healthy/57113348-f0fa-49d9-9d53-46edc4ae7bdb___RS_HL 6215.JPG,data/plantvillage/raw/color/Apple___healthy/9ebc421f-9c65-41ee-a650-2da921e8e7cb___RS_HL 6227.JPG,healthy,healthy,True,False
10,source-source,data/plantvillage/raw/color/Apple___healthy/57113348-f0fa-49d9-9d53-46edc4ae7bdb___RS_HL 6215.JPG,data/plantvillage/raw/color/Apple___healthy/a63295f1-8032-4db2-b0d7-4e51f6e30bad___RS_HL 6089.JPG,healthy,healthy,True,False
10,source-source,data/plantvillage/raw/color/Apple___healthy/57113348-f0fa-49d9-9d53-46edc4ae7bdb___RS_HL 6215.JPG,data/plantvillage/raw/color/Apple___healthy/ddca8aa6-4338-40ea-bf8b-004a53547144___RS_HL 6052.JPG,healthy,healthy,True,False
10,source-source,data/plantvillage/raw/color/Apple___healthy/57113348-f0fa-49d9-9d53-46edc4ae7bdb___RS_HL 6215.JPG,data/plantvillage/raw/color/Apple___healthy/f85e6b2c-e4b2-42fe-99db-9583b58bb51b___RS_HL 6112.JPG,healthy,healthy,True,False
10,source-source,data/plantvillage/raw/color/Apple___healthy/5941b857-a525-4aff-ba20-def608d63c4d___RS_HL 6119.JPG,data/plantvillage/raw/color/Apple___healthy/5e552830-5ccd-4f85-9f77-ed63db285890___RS_HL 5994.JPG,healthy,healthy,True,False
10,source-source,data/plantvillage/raw/color/Apple___healthy/5941b857-a525-4aff-ba20-def608d63c4d___RS_HL 6119.JPG,data/plantvillage/raw/color/Apple___healthy/7e2b569c-2eb5-4f4e-af96-e4cde4971634___RS_HL 6136.JPG,healthy,healthy,True,False
10,source-source,data/plantvillage/raw/color/Apple___healthy/5941b857-a525-4aff-ba20-def608d63c4d___RS_HL 6119.JPG,data/plantvillage/raw/color/Apple___healthy/ad772bfa-6845-4104-8d94-8d3a2adb67c2___RS_HL 6149.JPG,healthy,healthy,True,False
10,source-source,data/plantvillage/raw/color/Apple___healthy/5941b857-a525-4aff-ba20-def608d63c4d___RS_HL 6119.JPG,data/plantvillage/raw/color/Apple___healthy/b5ff5168-38d9-4a8b-b5bb-94c310e77b53___RS_HL 6083.JPG,healthy,healthy,True,False
10,source-source,data/plantvillage/raw/color/Apple___healthy/5941b857-a525-4aff-ba20-def608d63c4d___RS_HL 6119.JPG,data/plantvillage/raw/color/Apple___healthy/d6590bcb-cb7e-47c9-beb0-80785efb4046___RS_HL 6234.JPG,healthy,healthy,True,False
10,source-source,data/plantvillage/raw/color/Apple___healthy/594c429c-488e-4d8e-9b44-c3929cecafc9___RS_HL 5878.JPG,data/plantvillage/raw/color/Apple___healthy/7671e6ca-f9a9-4657-a96a-1bcf0df3abe7___RS_HL 6231.JPG,healthy,healthy,True,False
10,source-source,data/plantvillage/raw/color/Apple___healthy/594d37c6-accf-4ea8-9c97-8a9e0300010d___RS_HL 8019.JPG,data/plantvillage/raw/color/Apple___healthy/cb6dbf98-5036-45b9-ab80-45b22ddbac00___RS_HL 6296.JPG,healthy,healthy,True,False
10,source-source,data/plantvillage/raw/color/Apple___healthy/5a0aa782-76a8-4de9-89e9-47cb35d222e3___RS_HL 6310.JPG,data/plantvillage/raw/color/Apple___healthy/dc456961-360a-419b-abb7-b3de3963742a___RS_HL 6055.JPG,healthy,healthy,True,False
10,source-source,data/plantvillage/raw/color/Apple___healthy/5ac41a3d-ca1b-4215-a7a5-500d77acc67a___RS_HL 5931.JPG,data/plantvillage/raw/color/Apple___healthy/c21cf428-bfc3-4710-b5d2-69d1c0e94748___RS_HL 6268.JPG,healthy,healthy,True,False
10,source-source,data/plantvillage/raw/color/Apple___healthy/5ac41a3d-ca1b-4215-a7a5-500d77acc67a___RS_HL 5931.JPG,data/plantvillage/raw/color/Apple___healthy/c8fe407d-1806-41a1-9fee-0c7d2c538fba___RS_HL 6166.JPG,healthy,healthy,True,False
10,source-source,data/plantvillage/raw/color/Apple___healthy/5ac41a3d-ca1b-4215-a7a5-500d77acc67a___RS_HL 5931.JPG,data/plantvillage/raw/color/Apple___healthy/e00d340c-2088-458e-b41d-b628959397c1___RS_HL 5940.JPG,healthy,healthy,True,False
10,source-source,data/plantvillage/raw/color/Apple___healthy/5b8c01e5-748f-4b5b-b64b-26bb129a5db6___RS_HL 7996.JPG,data/plantvillage/raw/color/Apple___healthy/fd7d6a50-e28f-4014-8e15-6028b5f349d0___RS_HL 5953.JPG,healthy,healthy,True,False
10,source-source,data/plantvillage/raw/color/Apple___healthy/5c554f84-2f25-4a08-8cd9-561a0c56fc12___RS_HL 5820.JPG,data/plantvillage/raw/color/Apple___healthy/7b5603c7-76c7-4b94-9c7a-5db00fb8581d___RS_HL 6064.JPG,healthy,healthy,True,False
10,source-source,data/plantvillage/raw/color/Apple___healthy/5c74b103-09f2-48ae-bbdd-7aa9aaf929cc___RS_HL 5649.JPG,data/plantvillage/raw/color/Apple___healthy/74d4928f-5a36-4f9b-acbe-be50736d397d___RS_HL 8169.JPG,healthy,healthy,True,False
10,source-source,data/plantvillage/raw/color/Apple___healthy/5ceefac5-fa4f-4b5c-b270-3a945fc89ec0___RS_HL 6191.JPG,data/plantvillage/raw/color/Apple___healthy/5fc76906-09db-4c86-a95e-f3c8d70c29c6___RS_HL 7414.JPG,healthy,healthy,True,False
10,source-source,data/plantvillage/raw/color/Apple___healthy/5d4206ed-09fa-42d5-a42d-2fc98cb4820d___RS_HL 6032.JPG,data/plantvillage/raw/color/Apple___healthy/7569e8c8-96c8-4d87-8bcd-139566dd4d87___RS_HL 5763.JPG,healthy,healthy,True,False
10,source-source,data/plantvillage/raw/color/Apple___healthy/5d738917-48c8-4a27-90e9-0a4eac076fbc___RS_HL 5999.JPG,data/plantvillage/raw/color/Apple___healthy/c81fa31b-23b0-4e58-bb69-36a45cb7898a___RS_HL 6093.JPG,healthy,healthy,True,False
10,source-source,data/plantvillage/raw/color/Apple___healthy/5e552830-5ccd-4f85-9f77-ed63db285890___RS_HL 5994.JPG,data/plantvillage/raw/color/Apple___healthy/b5ff5168-38d9-4a8b-b5bb-94c310e77b53___RS_HL 6083.JPG,healthy,healthy,True,False
10,source-source,data/plantvillage/raw/color/Apple___healthy/5e552830-5ccd-4f85-9f77-ed63db285890___RS_HL 5994.JPG,data/plantvillage/raw/color/Apple___healthy/fe89ea86-5245-49a9-9f61-fae47ecc51e9___RS_HL 8116.JPG,healthy,healthy,True,False
10,source-source,data/plantvillage/raw/color/Apple___healthy/5f067f00-b2c7-4948-b961-b940b4b148db___RS_HL 5860.JPG,data/plantvillage/raw/color/Apple___healthy/dbea92a9-9473-4cb1-b181-341789de0681___RS_HL 5708.JPG,healthy,healthy,True,False
10,source-source,data/plantvillage/raw/color/Apple___healthy/5fd95287-1688-4342-8105-ad21af63aeac___RS_HL 8078.JPG,data/plantvillage/raw/color/Apple___healthy/d2ec850e-20f3-40dc-917a-641424016b92___RS_HL 6217.JPG,healthy,healthy,True,False
10,source-source,data/plantvillage/raw/color/Apple___healthy/6034f340-2122-4fe1-8696-cd5327f6984f___RS_HL 7445.JPG,data/plantvillage/raw/color/Apple___healthy/ff2e08fe-a803-4159-a9ec-0de65dbaad36___RS_HL 7368.JPG,healthy,healthy,True,False
10,source-source,data/plantvillage/raw/color/Apple___healthy/62acb368-c1b6-496c-910d-64cd4b8c5941___RS_HL 7964.JPG,data/plantvillage/raw/color/Apple___healthy/7519aef6-3f42-4dd9-8e9e-f3eced492298___RS_HL 5863.JPG,healthy,healthy,True,False
10,source-source,data/plantvillage/raw/color/Apple___healthy/62acb368-c1b6-496c-910d-64cd4b8c5941___RS_HL 7964.JPG,data/plantvillage/raw/color/Apple___healthy/f9368405-e343-4423-8288-9b7112352b16___RS_HL 5833.JPG,healthy,healthy,True,False
10,source-source,data/plantvillage/raw/color/Apple___healthy/643e172f-02bf-4021-9587-6cfd21c8a344___RS_HL 6053.JPG,data/plantvillage/raw/color/Apple___healthy/7842bd80-8940-4bc3-a3b0-baebe47b6451___RS_HL 5955.JPG,healthy,healthy,True,False
10,source-source,data/plantvillage/raw/color/Apple___healthy/65a6866e-a6ea-46d5-a8ca-413f98cd8b7a___RS_HL 5817.JPG,data/plantvillage/raw/color/Apple___healthy/9f288c49-e11c-4054-9a44-b5e81e39427a___RS_HL 7938.JPG,healthy,healthy,True,False
10,source-source,data/plantvillage/raw/color/Apple___healthy/65a6866e-a6ea-46d5-a8ca-413f98cd8b7a___RS_HL 5817.JPG,data/plantvillage/raw/color/Apple___healthy/df6bce5a-1d1b-49f6-a9cb-8f262701b335___RS_HL 8164.JPG,healthy,healthy,True,False
10,source-source,data/plantvillage/raw/color/Apple___healthy/65c5f31a-626b-4e2c-afd1-d740ce4ab7d8___RS_HL 7995.JPG,data/plantvillage/raw/color/Apple___healthy/bbc953a4-7860-4273-a653-6697a53c74e2___RS_HL 7606.JPG,healthy,healthy,True,False
10,source-source,data/plantvillage/raw/color/Apple___healthy/65fcf384-964b-41c5-9a54-aecb473283d2___RS_HL 7672.JPG,data/plantvillage/raw/color/Apple___healthy/8516ac47-c297-4943-9ac1-a10f26e9101c___RS_HL 6094.JPG,healthy,healthy,True,False
10,source-source,data/plantvillage/raw/color/Apple___healthy/65fcf384-964b-41c5-9a54-aecb473283d2___RS_HL 7672.JPG,data/plantvillage/raw/color/Apple___healthy/a0670cfe-00e2-4c7a-a9f7-29408debdc3a___RS_HL 6061.JPG,healthy,healthy,True,False
10,source-source,data/plantvillage/raw/color/Apple___healthy/65fcf384-964b-41c5-9a54-aecb473283d2___RS_HL 7672.JPG,data/plantvillage/raw/color/Apple___healthy/fd7d6a50-e28f-4014-8e15-6028b5f349d0___RS_HL 5953.JPG,healthy,healthy,True,False
10,source-source,data/plantvillage/raw/color/Apple___healthy/6758f085-1397-42a4-8b03-2f5e87f3bedd___RS_HL 5751.JPG,data/plantvillage/raw/color/Apple___healthy/a5da624b-8a38-4e64-ae7f-ace8b7c20548___RS_HL 5997.JPG,healthy,healthy,True,False
10,source-source,data/plantvillage/raw/color/Apple___healthy/6758f085-1397-42a4-8b03-2f5e87f3bedd___RS_HL 5751.JPG,data/plantvillage/raw/color/Apple___healthy/da3ef282-bae6-465c-9ffb-a393c4c38f1d___RS_HL 7528.JPG,healthy,healthy,True,False
10,source-source,data/plantvillage/raw/color/Apple___healthy/68b064ad-fce1-4ab8-9c2c-82f49c4a5ee2___RS_HL 7993.JPG,data/plantvillage/raw/color/Apple___healthy/ec9e541f-ebe0-4985-8a34-26f9daf88b5d___RS_HL 5948.JPG,healthy,healthy,True,False
10,source-source,data/plantvillage/raw/color/Apple___healthy/68f559ea-dff3-43a8-a804-a491e5c4feb9___RS_HL 7909.JPG,data/plantvillage/raw/color/Apple___healthy/c21cf428-bfc3-4710-b5d2-69d1c0e94748___RS_HL 6268.JPG,healthy,healthy,True,False
10,source-source,data/plantvillage/raw/color/Apple___healthy/68f559ea-dff3-43a8-a804-a491e5c4feb9___RS_HL 7909.JPG,data/plantvillage/raw/color/Apple___healthy/e00d340c-2088-458e-b41d-b628959397c1___RS_HL 5940.JPG,healthy,healthy,True,False
10,source-source,data/plantvillage/raw/color/Apple___healthy/69344270-ab7c-44c1-a395-03dfb984108a___RS_HL 5925.JPG,data/plantvillage/raw/color/Apple___healthy/cb2820ba-baab-455a-8830-df6f53bbb580___RS_HL 6097.JPG,healthy,healthy,True,False
10,source-source,data/plantvillage/raw/color/Apple___healthy/69344270-ab7c-44c1-a395-03dfb984108a___RS_HL 5925.JPG,data/plantvillage/raw/color/Apple___healthy/f32ff514-bb33-437d-96bb-526b36662981___RS_HL 6121.JPG,healthy,healthy,True,False
10,source-source,data/plantvillage/raw/color/Apple___healthy/6a5ded2c-8123-4d42-86fe-7be3c9f268a1___RS_HL 6302.JPG,data/plantvillage/raw/color/Apple___healthy/f71f7765-379e-407d-911a-ef80cfde5c1d___RS_HL 7602.JPG,healthy,healthy,True,False
10,source-source,data/plantvillage/raw/color/Apple___healthy/6b106a6f-b47f-40a3-8825-f7bfea6163d7___RS_HL 7905.JPG,data/plantvillage/raw/color/Apple___healthy/a11acc05-8bd6-43f7-9b9e-3899a0bbce2c___RS_HL 7658.JPG,healthy,healthy,True,False
10,source-source,data/plantvillage/raw/color/Apple___healthy/6c8764e8-c52e-421a-995d-dc3fdce8f40f___RS_HL 7380.JPG,data/plantvillage/raw/color/Apple___healthy/b8e23dd6-ff8c-4617-8602-c9c3a0039766___RS_HL 7983.JPG,healthy,healthy,True,False
10,source-source,data/plantvillage/raw/color/Apple___healthy/6d276438-7f26-4b65-b425-a18ce241ab04___RS_HL 6050.JPG,data/plantvillage/raw/color/Apple___healthy/7f06e481-8f9a-47cd-860a-8fea5b81fe9b___RS_HL 6193.JPG,healthy,healthy,True,False
10,source-source,data/plantvillage/raw/color/Apple___healthy/6d276438-7f26-4b65-b425-a18ce241ab04___RS_HL 6050.JPG,data/plantvillage/raw/color/Apple___healthy/85ebf3f6-11f4-45df-ac16-bd04b355cb31___RS_HL 5991.JPG,healthy,healthy,True,False
10,source-source,data/plantvillage/raw/color/Apple___healthy/6d276438-7f26-4b65-b425-a18ce241ab04___RS_HL 6050.JPG,data/plantvillage/raw/color/Apple___healthy/8ef4c6f0-d4fd-4d4c-bc4d-525b6b74b19a___RS_HL 7786.JPG,healthy,healthy,True,False
10,source-source,data/plantvillage/raw/color/Apple___healthy/6d276438-7f26-4b65-b425-a18ce241ab04___RS_HL 6050.JPG,data/plantvillage/raw/color/Apple___healthy/9fc6acc1-0394-498d-b51c-d2e92febae55___RS_HL 6013.JPG,healthy,healthy,True,False
10,source-source,data/plantvillage/raw/color/Apple___healthy/6d276438-7f26-4b65-b425-a18ce241ab04___RS_HL 6050.JPG,data/plantvillage/raw/color/Apple___healthy/a850464f-70db-4726-8e80-bfe6ca501942___RS_HL 7999.JPG,healthy,healthy,True,False
10,source-source,data/plantvillage/raw/color/Apple___healthy/6d276438-7f26-4b65-b425-a18ce241ab04___RS_HL 6050.JPG,data/plantvillage/raw/color/Apple___healthy/fdd77f89-e3b1-4492-9da3-f46bbc8666d9___RS_HL 6219.JPG,healthy,healthy,True,False
10,source-source,data/plantvillage/raw/color/Apple___healthy/6e158c4d-f39d-4667-9fb1-7ff184fd7288___RS_HL 6192.JPG,data/plantvillage/raw/color/Apple___healthy/a0670cfe-00e2-4c7a-a9f7-29408debdc3a___RS_HL 6061.JPG,healthy,healthy,True,False
10,source-source,data/plantvillage/raw/color/Apple___healthy/70b3a226-962d-4d2c-a6c0-31cb3d1eab4e___RS_HL 6189.JPG,data/plantvillage/raw/color/Apple___healthy/7b5603c7-76c7-4b94-9c7a-5db00fb8581d___RS_HL 6064.JPG,healthy,healthy,True,False
10,source-source,data/plantvillage/raw/color/Apple___healthy/70b3a226-962d-4d2c-a6c0-31cb3d1eab4e___RS_HL 6189.JPG,data/plantvillage/raw/color/Apple___healthy/ae8840d7-cde8-4739-817a-9ff6f548c522___RS_HL 8197.JPG,healthy,healthy,True,False
10,source-source,data/plantvillage/raw/color/Apple___healthy/741841f6-e95c-4206-ac05-c5cb98c7e7cd___RS_HL 5908.JPG,data/plantvillage/raw/color/Apple___healthy/abff9f5a-3cc5-4753-96e7-1271110346cc___RS_HL 5914.JPG,healthy,healthy,True,False
10,source-source,data/plantvillage/raw/color/Apple___healthy/741841f6-e95c-4206-ac05-c5cb98c7e7cd___RS_HL 5908.JPG,data/plantvillage/raw/color/Apple___healthy/b2187f22-a9bf-47e1-8b92-b12af779833f___RS_HL 5944.JPG,healthy,healthy,True,False
10,source-source,data/plantvillage/raw/color/Apple___healthy/74d4928f-5a36-4f9b-acbe-be50736d397d___RS_HL 8169.JPG,data/plantvillage/raw/color/Apple___healthy/89ddfb64-92d0-494d-b4a2-bb13f2c0db4c___RS_HL 7642.JPG,healthy,healthy,True,False
10,source-source,data/plantvillage/raw/color/Apple___healthy/74d4928f-5a36-4f9b-acbe-be50736d397d___RS_HL 8169.JPG,data/plantvillage/raw/color/Apple___healthy/9ebc421f-9c65-41ee-a650-2da921e8e7cb___RS_HL 6227.JPG,healthy,healthy,True,False
10,source-source,data/plantvillage/raw/color/Apple___healthy/74d4928f-5a36-4f9b-acbe-be50736d397d___RS_HL 8169.JPG,data/plantvillage/raw/color/Apple___healthy/f7f31913-51ef-481d-aacd-e6492daa74bd___RS_HL 5851.JPG,healthy,healthy,True,False
10,source-source,data/plantvillage/raw/color/Apple___healthy/74d4928f-5a36-4f9b-acbe-be50736d397d___RS_HL 8169.JPG,data/plantvillage/raw/color/Apple___healthy/fad6efb7-4486-4c45-8b23-1b6cf2a2912a___RS_HL 6077.JPG,healthy,healthy,True,False
10,source-source,data/plantvillage/raw/color/Apple___healthy/74d4928f-5a36-4f9b-acbe-be50736d397d___RS_HL 8169.JPG,data/plantvillage/raw/color/Apple___healthy/fca87ead-171e-4dd8-9b2d-669f69158dc5___RS_HL 6113.JPG,healthy,healthy,True,False
10,source-source,data/plantvillage/raw/color/Apple___healthy/7519aef6-3f42-4dd9-8e9e-f3eced492298___RS_HL 5863.JPG,data/plantvillage/raw/color/Apple___healthy/d5578393-868f-49fa-8fff-4f0484b4507e___RS_HL 5995.JPG,healthy,healthy,True,False
10,source-source,data/plantvillage/raw/color/Apple___healthy/7519aef6-3f42-4dd9-8e9e-f3eced492298___RS_HL 5863.JPG,data/plantvillage/raw/color/Apple___healthy/da781038-1b3d-4934-8927-9477efa7d5ec___RS_HL 5815.JPG,healthy,healthy,True,False
10,source-source,data/plantvillage/raw/color/Apple___healthy/7519aef6-3f42-4dd9-8e9e-f3eced492298___RS_HL 5863.JPG,data/plantvillage/raw/color/Apple___healthy/f9368405-e343-4423-8288-9b7112352b16___RS_HL 5833.JPG,healthy,healthy,True,False
10,source-source,data/plantvillage/raw/color/Apple___healthy/7569e8c8-96c8-4d87-8bcd-139566dd4d87___RS_HL 5763.JPG,data/plantvillage/raw/color/Apple___healthy/c09a02e7-f47a-4dea-b648-eaad0d9f3df1___RS_HL 6037.JPG,healthy,healthy,True,False
10,source-source,data/plantvillage/raw/color/Apple___healthy/7569e8c8-96c8-4d87-8bcd-139566dd4d87___RS_HL 5763.JPG,data/plantvillage/raw/color/Apple___healthy/cb2820ba-baab-455a-8830-df6f53bbb580___RS_HL 6097.JPG,healthy,healthy,True,False
10,source-source,data/plantvillage/raw/color/Apple___healthy/75b7a5bc-e419-4312-b5d9-6c3446a24ef4___RS_HL 6079.JPG,data/plantvillage/raw/color/Apple___healthy/7f06e481-8f9a-47cd-860a-8fea5b81fe9b___RS_HL 6193.JPG,healthy,healthy,True,False
10,source-source,data/plantvillage/raw/color/Apple___healthy/75b7a5bc-e419-4312-b5d9-6c3446a24ef4___RS_HL 6079.JPG,data/plantvillage/raw/color/Apple___healthy/8ef4c6f0-d4fd-4d4c-bc4d-525b6b74b19a___RS_HL 7786.JPG,healthy,healthy,True,False
10,source-source,data/plantvillage/raw/color/Apple___healthy/75b7a5bc-e419-4312-b5d9-6c3446a24ef4___RS_HL 6079.JPG,data/plantvillage/raw/color/Apple___healthy/dc3fca98-91d0-4c97-aaa1-cdd1ad618b38___RS_HL 6290.JPG,healthy,healthy,True,False
10,source-source,data/plantvillage/raw/color/Apple___healthy/76236e9c-1898-475e-b0f6-0d535e105432___RS_HL 7702.JPG,data/plantvillage/raw/color/Apple___healthy/c854044d-2c8f-4c16-9601-7183b71e25cc___RS_HL 8047.JPG,healthy,healthy,True,False
10,source-source,data/plantvillage/raw/color/Apple___healthy/7703726c-19ce-4e3a-a921-1a84161b12d0___RS_HL 8174.JPG,data/plantvillage/raw/color/Apple___healthy/8c678916-c5d8-445d-9283-88c90c529edc___RS_HL 5740.JPG,healthy,healthy,True,False
10,source-source,data/plantvillage/raw/color/Apple___healthy/77273304-be77-4b74-a4ed-cd42826f4635___RS_HL 8178.JPG,data/plantvillage/raw/color/Apple___healthy/8e11b695-ac84-42c4-926a-b48b311bcfe8___RS_HL 7782.JPG,healthy,healthy,True,False
10,source-source,data/plantvillage/raw/color/Apple___healthy/77273304-be77-4b74-a4ed-cd42826f4635___RS_HL 8178.JPG,data/plantvillage/raw/color/Apple___healthy/9d3bb139-5177-4d08-914b-5fe232cff065___RS_HL 6011.JPG,healthy,healthy,True,False
10,source-source,data/plantvillage/raw/color/Apple___healthy/77273304-be77-4b74-a4ed-cd42826f4635___RS_HL 8178.JPG,data/plantvillage/raw/color/Apple___healthy/a4c37f29-8f5a-4a06-b6c4-367d523d452a___RS_HL 7374.JPG,healthy,healthy,True,False
10,source-source,data/plantvillage/raw/color/Apple___healthy/77273304-be77-4b74-a4ed-cd42826f4635___RS_HL 8178.JPG,data/plantvillage/raw/color/Apple___healthy/d6590bcb-cb7e-47c9-beb0-80785efb4046___RS_HL 6234.JPG,healthy,healthy,True,False
10,source-source,data/plantvillage/raw/color/Apple___healthy/77273304-be77-4b74-a4ed-cd42826f4635___RS_HL 8178.JPG,data/plantvillage/raw/color/Apple___healthy/fca87ead-171e-4dd8-9b2d-669f69158dc5___RS_HL 6113.JPG,healthy,healthy,True,False
10,source-source,data/plantvillage/raw/color/Apple___healthy/772e7314-c24e-4126-aa12-224b27098319___RS_HL 5663.JPG,data/plantvillage/raw/color/Apple___healthy/89ce10db-057c-4c03-9324-b512db8ca3d6___RS_HL 5797.JPG,healthy,healthy,True,False
10,source-source,data/plantvillage/raw/color/Apple___healthy/772e7314-c24e-4126-aa12-224b27098319___RS_HL 5663.JPG,data/plantvillage/raw/color/Apple___healthy/d137e403-df20-4a3e-8b30-ab3357870c6f___RS_HL 8048.JPG,healthy,healthy,True,False
10,source-source,data/plantvillage/raw/color/Apple___healthy/7771f894-0889-44fc-93dc-0e0c1162a5e8___RS_HL 7870.JPG,data/plantvillage/raw/color/Apple___healthy/bfff4d8f-8a42-435a-9793-07d7858d0e9a___RS_HL 6177.JPG,healthy,healthy,True,False
10,source-source,data/plantvillage/raw/color/Apple___healthy/7771f894-0889-44fc-93dc-0e0c1162a5e8___RS_HL 7870.JPG,data/plantvillage/raw/color/Apple___healthy/ced1918e-3327-45c8-8107-c93dd2586380___RS_HL 5970.JPG,healthy,healthy,True,False
10,source-source,data/plantvillage/raw/color/Apple___healthy/77ce37f4-d184-4798-87e9-57f7ca0d9536___RS_HL 6017.JPG,data/plantvillage/raw/color/Apple___healthy/b9ff58a5-fdd5-429a-a6ef-e20d0be450e2___RS_HL 6059.JPG,healthy,healthy,True,False
10,source-source,data/plantvillage/raw/color/Apple___healthy/7842bd80-8940-4bc3-a3b0-baebe47b6451___RS_HL 5955.JPG,data/plantvillage/raw/color/Apple___healthy/dbea92a9-9473-4cb1-b181-341789de0681___RS_HL 5708.JPG,healthy,healthy,True,False
10,source-source,data/plantvillage/raw/color/Apple___healthy/7842bd80-8940-4bc3-a3b0-baebe47b6451___RS_HL 5955.JPG,data/plantvillage/raw/color/Apple___healthy/e35729f0-09b8-4cd4-a04c-30c9b49095c5___RS_HL 6068.JPG,healthy,healthy,True,False
10,source-source,data/plantvillage/raw/color/Apple___healthy/7a56c531-cfa6-43c7-8241-dddf921f39d4___RS_HL 6240.JPG,data/plantvillage/raw/color/Apple___healthy/fda25357-1076-4707-83e7-d409448a11a8___RS_HL 6221.JPG,healthy,healthy,True,False
10,source-source,data/plantvillage/raw/color/Apple___healthy/7b236824-defb-40ae-8f83-76c00cf8b822___RS_HL 6222.JPG,data/plantvillage/raw/color/Apple___healthy/a63295f1-8032-4db2-b0d7-4e51f6e30bad___RS_HL 6089.JPG,healthy,healthy,True,False
10,source-source,data/plantvillage/raw/color/Apple___healthy/7b236824-defb-40ae-8f83-76c00cf8b822___RS_HL 6222.JPG,data/plantvillage/raw/color/Apple___healthy/edb48c93-3366-4363-9840-41a96cb86e3a___RS_HL 6066.JPG,healthy,healthy,True,False
10,source-source,data/plantvillage/raw/color/Apple___healthy/7b236824-defb-40ae-8f83-76c00cf8b822___RS_HL 6222.JPG,data/plantvillage/raw/color/Apple___healthy/f85e6b2c-e4b2-42fe-99db-9583b58bb51b___RS_HL 6112.JPG,healthy,healthy,True,False
10,source-source,data/plantvillage/raw/color/Apple___healthy/7b236824-defb-40ae-8f83-76c00cf8b822___RS_HL 6222.JPG,data/plantvillage/raw/color/Apple___healthy/fd7d6a50-e28f-4014-8e15-6028b5f349d0___RS_HL 5953.JPG,healthy,healthy,True,False
10,source-source,data/plantvillage/raw/color/Apple___healthy/7b236824-defb-40ae-8f83-76c00cf8b822___RS_HL 6222.JPG,data/plantvillage/raw/color/Apple___healthy/fea00538-32c3-4876-8833-40652becc30c___RS_HL 5761.JPG,healthy,healthy,True,False
10,source-source,data/plantvillage/raw/color/Apple___healthy/7b2e642b-cf2d-4154-b986-b7be01f215f5___RS_HL 7839.JPG,data/plantvillage/raw/color/Apple___healthy/c5f61d94-be12-4995-99e0-551384b7df17___RS_HL 7860.JPG,healthy,healthy,True,False
10,source-source,data/plantvillage/raw/color/Apple___healthy/7b5603c7-76c7-4b94-9c7a-5db00fb8581d___RS_HL 6064.JPG,data/plantvillage/raw/color/Apple___healthy/89ce10db-057c-4c03-9324-b512db8ca3d6___RS_HL 5797.JPG,healthy,healthy,True,False
10,source-source,data/plantvillage/raw/color/Apple___healthy/7b5603c7-76c7-4b94-9c7a-5db00fb8581d___RS_HL 6064.JPG,data/plantvillage/raw/color/Apple___healthy/946b311a-cb67-46d4-8c8b-0d91ebd456f3___RS_HL 5809.JPG,healthy,healthy,True,False
10,source-source,data/plantvillage/raw/color/Apple___healthy/7b5603c7-76c7-4b94-9c7a-5db00fb8581d___RS_HL 6064.JPG,data/plantvillage/raw/color/Apple___healthy/b6808ea5-f26b-49fa-87b2-a1bbbc98d74c___RS_HL 6095.JPG,healthy,healthy,True,False
10,source-source,data/plantvillage/raw/color/Apple___healthy/7b5603c7-76c7-4b94-9c7a-5db00fb8581d___RS_HL 6064.JPG,data/plantvillage/raw/color/Apple___healthy/c21cf428-bfc3-4710-b5d2-69d1c0e94748___RS_HL 6268.JPG,healthy,healthy,True,False
10,source-source,data/plantvillage/raw/color/Apple___healthy/7b5603c7-76c7-4b94-9c7a-5db00fb8581d___RS_HL 6064.JPG,data/plantvillage/raw/color/Apple___healthy/d5578393-868f-49fa-8fff-4f0484b4507e___RS_HL 5995.JPG,healthy,healthy,True,False
10,source-source,data/plantvillage/raw/color/Apple___healthy/7b5603c7-76c7-4b94-9c7a-5db00fb8581d___RS_HL 6064.JPG,data/plantvillage/raw/color/Apple___healthy/d6590bcb-cb7e-47c9-beb0-80785efb4046___RS_HL 6234.JPG,healthy,healthy,True,False
10,source-source,data/plantvillage/raw/color/Apple___healthy/7bf79f19-bb50-44cd-b8d5-0b4d6794689b___RS_HL 7989.JPG,data/plantvillage/raw/color/Apple___healthy/d163d7d1-4557-443d-8584-dab6934f858f___RS_HL 7545.JPG,healthy,healthy,True,False
10,source-source,data/plantvillage/raw/color/Apple___healthy/7dd45aba-e6cc-4ef9-a52c-5223c2e6b0ea___RS_HL 5877.JPG,data/plantvillage/raw/color/Apple___healthy/9f288c49-e11c-4054-9a44-b5e81e39427a___RS_HL 7938.JPG,healthy,healthy,True,False
10,source-source,data/plantvillage/raw/color/Apple___healthy/82d55fb4-a8df-439a-9935-5e5f72b05383___RS_HL 6107.JPG,data/plantvillage/raw/color/Apple___healthy/b3562453-945e-4462-8589-ec879c2a4102___RS_HL 5893.JPG,healthy,healthy,True,False
10,source-source,data/plantvillage/raw/color/Apple___healthy/82d55fb4-a8df-439a-9935-5e5f72b05383___RS_HL 6107.JPG,data/plantvillage/raw/color/Apple___healthy/f0033a40-7a27-46e8-bf31-5af5cd0a9691___RS_HL 7941.JPG,healthy,healthy,True,False
10,source-source,data/plantvillage/raw/color/Apple___healthy/82d55fb4-a8df-439a-9935-5e5f72b05383___RS_HL 6107.JPG,data/plantvillage/raw/color/Apple___healthy/f09b090f-bff1-4fc9-87ad-1b9e05373698___RS_HL 6035.JPG,healthy,healthy,True,False
10,source-source,data/plantvillage/raw/color/Apple___healthy/8516ac47-c297-4943-9ac1-a10f26e9101c___RS_HL 6094.JPG,data/plantvillage/raw/color/Apple___healthy/fd7d6a50-e28f-4014-8e15-6028b5f349d0___RS_HL 5953.JPG,healthy,healthy,True,False
10,source-source,data/plantvillage/raw/color/Apple___healthy/87a26817-6916-47fc-8cdb-adc5c57ad21b___RS_HL 5684.JPG,data/plantvillage/raw/color/Apple___healthy/d6aa67d8-1597-4c78-ae39-a6dcad5de6b2___RS_HL 6188.JPG,healthy,healthy,True,False
10,source-source,data/plantvillage/raw/color/Apple___healthy/89ce10db-057c-4c03-9324-b512db8ca3d6___RS_HL 5797.JPG,data/plantvillage/raw/color/Apple___healthy/aede527b-869e-4e42-a760-3ada64aeb8aa___RS_HL 6131.JPG,healthy,healthy,True,False
10,source-source,data/plantvillage/raw/color/Apple___healthy/89ce10db-057c-4c03-9324-b512db8ca3d6___RS_HL 5797.JPG,data/plantvillage/raw/color/Apple___healthy/e7de79f6-05b5-4f79-8b00-b6c212bea3cd___RS_HL 7699.JPG,healthy,healthy,True,False
10,source-source,data/plantvillage/raw/color/Apple___healthy/89ce10db-057c-4c03-9324-b512db8ca3d6___RS_HL 5797.JPG,data/plantvillage/raw/color/Apple___healthy/fca87ead-171e-4dd8-9b2d-669f69158dc5___RS_HL 6113.JPG,healthy,healthy,True,False
10,source-source,data/plantvillage/raw/color/Apple___healthy/89ce10db-057c-4c03-9324-b512db8ca3d6___RS_HL 5797.JPG,data/plantvillage/raw/color/Apple___healthy/fd7d6a50-e28f-4014-8e15-6028b5f349d0___RS_HL 5953.JPG,healthy,healthy,True,False
10,source-source,data/plantvillage/raw/color/Apple___healthy/89ddfb64-92d0-494d-b4a2-bb13f2c0db4c___RS_HL 7642.JPG,data/plantvillage/raw/color/Apple___healthy/c0045dfa-da87-423c-a78c-07eb2fd456f3___RS_HL 7764.JPG,healthy,healthy,True,False
10,source-source,data/plantvillage/raw/color/Apple___healthy/8b944746-e4b0-4032-b5ec-8a6252128065___RS_HL 6266.JPG,data/plantvillage/raw/color/Apple___healthy/ce9a3738-55ea-4974-8539-922ed4f864b8___RS_HL 6175.JPG,healthy,healthy,True,False
10,source-source,data/plantvillage/raw/color/Apple___healthy/8e11b695-ac84-42c4-926a-b48b311bcfe8___RS_HL 7782.JPG,data/plantvillage/raw/color/Apple___healthy/d6590bcb-cb7e-47c9-beb0-80785efb4046___RS_HL 6234.JPG,healthy,healthy,True,False
10,source-source,data/plantvillage/raw/color/Apple___healthy/8f4c3d68-2d5a-40c5-bca1-911002ff3324___RS_HL 7299.JPG,data/plantvillage/raw/color/Apple___healthy/9ebc421f-9c65-41ee-a650-2da921e8e7cb___RS_HL 6227.JPG,healthy,healthy,True,False
10,source-source,data/plantvillage/raw/color/Apple___healthy/8fba2297-e4e5-4fab-b41d-d5cb537dc840___RS_HL 6220.JPG,data/plantvillage/raw/color/Apple___healthy/ca145350-137b-48ed-bbb4-0716f0f00448___RS_HL 7597.JPG,healthy,healthy,True,False
10,source-source,data/plantvillage/raw/color/Apple___healthy/91a935c4-659c-4344-8355-eba55d673af5___RS_HL 8189.JPG,data/plantvillage/raw/color/Apple___healthy/b681e485-e0a6-489f-b9c9-c67d67e70801___RS_HL 5874.JPG,healthy,healthy,True,False
10,source-source,data/plantvillage/raw/color/Apple___healthy/92effbbb-c662-40c8-8aa9-a5a453d859df___RS_HL 5899.JPG,data/plantvillage/raw/color/Apple___healthy/fd4a1e5a-cba8-4f4d-a11a-8e131e907728___RS_HL 6154.JPG,healthy,healthy,True,False
10,source-source,data/plantvillage/raw/color/Apple___healthy/946b311a-cb67-46d4-8c8b-0d91ebd456f3___RS_HL 5809.JPG,data/plantvillage/raw/color/Apple___healthy/a63295f1-8032-4db2-b0d7-4e51f6e30bad___RS_HL 6089.JPG,healthy,healthy,True,False
10,source-source,data/plantvillage/raw/color/Apple___healthy/946b311a-cb67-46d4-8c8b-0d91ebd456f3___RS_HL 5809.JPG,data/plantvillage/raw/color/Apple___healthy/b78fc35e-44b6-4e89-8a23-54becf423e0c___RS_HL 5964.JPG,healthy,healthy,True,False
10,source-source,data/plantvillage/raw/color/Apple___healthy/946b311a-cb67-46d4-8c8b-0d91ebd456f3___RS_HL 5809.JPG,data/plantvillage/raw/color/Apple___healthy/c86f1476-4e5c-4dbd-923d-a575bd03cd18___RS_HL 6210.JPG,healthy,healthy,True,False
10,source-source,data/plantvillage/raw/color/Apple___healthy/94aeb96c-b0f5-4554-9627-98d131c7b321___RS_HL 5988.JPG,data/plantvillage/raw/color/Apple___healthy/f09b090f-bff1-4fc9-87ad-1b9e05373698___RS_HL 6035.JPG,healthy,healthy,True,False
10,source-source,data/plantvillage/raw/color/Apple___healthy/94aeb96c-b0f5-4554-9627-98d131c7b321___RS_HL 5988.JPG,data/plantvillage/raw/color/Apple___healthy/fd4a1e5a-cba8-4f4d-a11a-8e131e907728___RS_HL 6154.JPG,healthy,healthy,True,False
10,source-source,data/plantvillage/raw/color/Apple___healthy/950e5c9d-49ec-4c5c-af23-69efff18f8a6___RS_HL 5749.JPG,data/plantvillage/raw/color/Apple___healthy/ced1918e-3327-45c8-8107-c93dd2586380___RS_HL 5970.JPG,healthy,healthy,True,False
10,source-source,data/plantvillage/raw/color/Apple___healthy/98834a65-1043-4c21-b06e-5f625274b0c4___RS_HL 6267.JPG,data/plantvillage/raw/color/Apple___healthy/a01b22a2-292a-485e-ad7d-ee14de31506c___RS_HL 6102.JPG,healthy,healthy,True,False
10,source-source,data/plantvillage/raw/color/Apple___healthy/9979c166-aa9e-4c63-af93-d9ad2b56bce2___RS_HL 5890.JPG,data/plantvillage/raw/color/Apple___healthy/9f288c49-e11c-4054-9a44-b5e81e39427a___RS_HL 7938.JPG,healthy,healthy,True,False
10,source-source,data/plantvillage/raw/color/Apple___healthy/9979c166-aa9e-4c63-af93-d9ad2b56bce2___RS_HL 5890.JPG,data/plantvillage/raw/color/Apple___healthy/c5a85d3c-72bf-4768-9e3c-d6ba6da6e82e___RS_HL 6295.JPG,healthy,healthy,True,False
10,source-source,data/plantvillage/raw/color/Apple___healthy/9b84171d-c1b4-4697-a82b-e33535021013___RS_HL 5977.JPG,data/plantvillage/raw/color/Apple___healthy/b6808ea5-f26b-49fa-87b2-a1bbbc98d74c___RS_HL 6095.JPG,healthy,healthy,True,False
10,source-source,data/plantvillage/raw/color/Apple___healthy/9c817f68-e2ba-44cd-8408-492efd9932c8___RS_HL 7757.JPG,data/plantvillage/raw/color/Apple___healthy/ae4a5e3d-c781-49ec-901e-940f127e1688___RS_HL 6128.JPG,healthy,healthy,True,False
10,source-source,data/plantvillage/raw/color/Apple___healthy/9c95370b-3dfa-4f1d-b9d6-def93d1cda1b___RS_HL 8044.JPG,data/plantvillage/raw/color/Apple___healthy/b553a8a1-d101-4b38-aa0b-e76c89c10554___RS_HL 8010.JPG,healthy,healthy,True,False
10,source-source,data/plantvillage/raw/color/Apple___healthy/9cfb97eb-0e0a-4e55-b25d-d6121ceded58___RS_HL 6146.JPG,data/plantvillage/raw/color/Apple___healthy/d345baff-7be6-45a6-802a-b945b95b5885___RS_HL 5956.JPG,healthy,healthy,True,False
10,source-source,data/plantvillage/raw/color/Apple___healthy/9d3bb139-5177-4d08-914b-5fe232cff065___RS_HL 6011.JPG,data/plantvillage/raw/color/Apple___healthy/e9d92a83-92dd-442f-8138-627ead72fcaf___RS_HL 5839.JPG,healthy,healthy,True,False
10,source-source,data/plantvillage/raw/color/Apple___healthy/9dba8abe-f50e-45fe-aa32-17dd4445189b___RS_HL 7489.JPG,data/plantvillage/raw/color/Apple___healthy/ad772bfa-6845-4104-8d94-8d3a2adb67c2___RS_HL 6149.JPG,healthy,healthy,True,False
10,source-source,data/plantvillage/raw/color/Apple___healthy/9e5f1beb-8245-4775-8298-4cb787b3f897___RS_HL 5854.JPG,data/plantvillage/raw/color/Apple___healthy/f2314f38-fd6f-4bee-b26e-ad095508beab___RS_HL 6145.JPG,healthy,healthy,True,False
10,source-source,data/plantvillage/raw/color/Apple___healthy/9ebc421f-9c65-41ee-a650-2da921e8e7cb___RS_HL 6227.JPG,data/plantvillage/raw/color/Apple___healthy/a63295f1-8032-4db2-b0d7-4e51f6e30bad___RS_HL 6089.JPG,healthy,healthy,True,False
10,source-source,data/plantvillage/raw/color/Apple___healthy/9f288c49-e11c-4054-9a44-b5e81e39427a___RS_HL 7938.JPG,data/plantvillage/raw/color/Apple___healthy/c5a85d3c-72bf-4768-9e3c-d6ba6da6e82e___RS_HL 6295.JPG,healthy,healthy,True,False
10,source-source,data/plantvillage/raw/color/Apple___healthy/9fc6acc1-0394-498d-b51c-d2e92febae55___RS_HL 6013.JPG,data/plantvillage/raw/color/Apple___healthy/bdf80993-e555-4609-8a83-7f1676bce18b___RS_HL 5682.JPG,healthy,healthy,True,False
10,source-source,data/plantvillage/raw/color/Apple___healthy/9fc6acc1-0394-498d-b51c-d2e92febae55___RS_HL 6013.JPG,data/plantvillage/raw/color/Apple___healthy/c5a85d3c-72bf-4768-9e3c-d6ba6da6e82e___RS_HL 6295.JPG,healthy,healthy,True,False
10,source-source,data/plantvillage/raw/color/Apple___healthy/a027ddf2-029c-43c2-b812-f3ffcdefea80___RS_HL 7859.JPG,data/plantvillage/raw/color/Apple___healthy/cd18fd71-59d6-4d48-8c52-d31ff68f1fe2___RS_HL 5716.JPG,healthy,healthy,True,False
10,source-source,data/plantvillage/raw/color/Apple___healthy/a0c5f687-6807-44a3-8a74-faa5ab3d95bd___RS_HL 7850.JPG,data/plantvillage/raw/color/Apple___healthy/e7de79f6-05b5-4f79-8b00-b6c212bea3cd___RS_HL 7699.JPG,healthy,healthy,True,False
10,source-source,data/plantvillage/raw/color/Apple___healthy/a1644fa1-0871-47e1-a316-bc435c6a275b___RS_HL 6225.JPG,data/plantvillage/raw/color/Apple___healthy/b3a6e935-5855-48b2-905a-e3d6e1806e94___RS_HL 5688.JPG,healthy,healthy,True,False
10,source-source,data/plantvillage/raw/color/Apple___healthy/a1867bda-d965-4389-8a19-ed13c82df5f6___RS_HL 7655.JPG,data/plantvillage/raw/color/Apple___healthy/a2b40acc-cec7-4c42-a1d4-199b85f7e4a1___RS_HL 7675.JPG,healthy,healthy,True,False
10,source-source,data/plantvillage/raw/color/Apple___healthy/a469c307-a754-4c0f-9012-b09ba22c4d00___RS_HL 5917.JPG,data/plantvillage/raw/color/Apple___healthy/f9368405-e343-4423-8288-9b7112352b16___RS_HL 5833.JPG,healthy,healthy,True,False
10,source-source,data/plantvillage/raw/color/Apple___healthy/a4b86fe3-2a80-4399-bc38-6ab0f6c1ece6___RS_HL 6056.JPG,data/plantvillage/raw/color/Apple___healthy/dc456961-360a-419b-abb7-b3de3963742a___RS_HL 6055.JPG,healthy,healthy,True,False
10,source-source,data/plantvillage/raw/color/Apple___healthy/a600f02f-b4a8-43e5-8d31-4c0d99009d7b___RS_HL 8132.JPG,data/plantvillage/raw/color/Apple___healthy/f22abe65-38c0-4b02-b837-2ec8acb3803f___RS_HL 7868.JPG,healthy,healthy,True,False
10,source-source,data/plantvillage/raw/color/Apple___healthy/a61c6603-0f78-4fb9-b917-99eaf0d67c3f___RS_HL 5853.JPG,data/plantvillage/raw/color/Apple___healthy/fdd77f89-e3b1-4492-9da3-f46bbc8666d9___RS_HL 6219.JPG,healthy,healthy,True,False
10,source-source,data/plantvillage/raw/color/Apple___healthy/a63295f1-8032-4db2-b0d7-4e51f6e30bad___RS_HL 6089.JPG,data/plantvillage/raw/color/Apple___healthy/b6808ea5-f26b-49fa-87b2-a1bbbc98d74c___RS_HL 6095.JPG,healthy,healthy,True,False
10,source-source,data/plantvillage/raw/color/Apple___healthy/a63295f1-8032-4db2-b0d7-4e51f6e30bad___RS_HL 6089.JPG,data/plantvillage/raw/color/Apple___healthy/b78fc35e-44b6-4e89-8a23-54becf423e0c___RS_HL 5964.JPG,healthy,healthy,True,False
10,source-source,data/plantvillage/raw/color/Apple___healthy/a63295f1-8032-4db2-b0d7-4e51f6e30bad___RS_HL 6089.JPG,data/plantvillage/raw/color/Apple___healthy/ced1918e-3327-45c8-8107-c93dd2586380___RS_HL 5970.JPG,healthy,healthy,True,False
10,source-source,data/plantvillage/raw/color/Apple___healthy/a63295f1-8032-4db2-b0d7-4e51f6e30bad___RS_HL 6089.JPG,data/plantvillage/raw/color/Apple___healthy/e439a002-e035-401e-a1aa-77f99fbd65ad___RS_HL 5880.JPG,healthy,healthy,True,False
10,source-source,data/plantvillage/raw/color/Apple___healthy/a63295f1-8032-4db2-b0d7-4e51f6e30bad___RS_HL 6089.JPG,data/plantvillage/raw/color/Apple___healthy/e9d92a83-92dd-442f-8138-627ead72fcaf___RS_HL 5839.JPG,healthy,healthy,True,False
10,source-source,data/plantvillage/raw/color/Apple___healthy/a63295f1-8032-4db2-b0d7-4e51f6e30bad___RS_HL 6089.JPG,data/plantvillage/raw/color/Apple___healthy/f85e6b2c-e4b2-42fe-99db-9583b58bb51b___RS_HL 6112.JPG,healthy,healthy,True,False
10,source-source,data/plantvillage/raw/color/Apple___healthy/a63295f1-8032-4db2-b0d7-4e51f6e30bad___RS_HL 6089.JPG,data/plantvillage/raw/color/Apple___healthy/fca87ead-171e-4dd8-9b2d-669f69158dc5___RS_HL 6113.JPG,healthy,healthy,True,False
10,source-source,data/plantvillage/raw/color/Apple___healthy/a63295f1-8032-4db2-b0d7-4e51f6e30bad___RS_HL 6089.JPG,data/plantvillage/raw/color/Apple___healthy/fd7d6a50-e28f-4014-8e15-6028b5f349d0___RS_HL 5953.JPG,healthy,healthy,True,False
10,source-source,data/plantvillage/raw/color/Apple___healthy/a63295f1-8032-4db2-b0d7-4e51f6e30bad___RS_HL 6089.JPG,data/plantvillage/raw/color/Apple___healthy/fea00538-32c3-4876-8833-40652becc30c___RS_HL 5761.JPG,healthy,healthy,True,False
10,source-source,data/plantvillage/raw/color/Apple___healthy/a7fde017-ef6b-44c7-9b1e-825ed048fcce___RS_HL 6049.JPG,data/plantvillage/raw/color/Apple___healthy/b34b807c-4986-4b85-8ede-73d625a14921___RS_HL 8025.JPG,healthy,healthy,True,False
10,source-source,data/plantvillage/raw/color/Apple___healthy/a7fde017-ef6b-44c7-9b1e-825ed048fcce___RS_HL 6049.JPG,data/plantvillage/raw/color/Apple___healthy/eb1b7162-9f7a-4bb7-b3fc-5dcaef541b55___RS_HL 6218.JPG,healthy,healthy,True,False
10,source-source,data/plantvillage/raw/color/Apple___healthy/ab23fdc9-8036-47f2-a32b-b3facb13fd5b___RS_HL 5947.JPG,data/plantvillage/raw/color/Apple___healthy/e2cce5a6-04a9-436d-8e56-3bf4979b47bc___RS_HL 5886.JPG,healthy,healthy,True,False
10,source-source,data/plantvillage/raw/color/Apple___healthy/abc9f5f6-ea98-46c0-8df7-2986969318bf___RS_HL 5928.JPG,data/plantvillage/raw/color/Apple___healthy/e2cce5a6-04a9-436d-8e56-3bf4979b47bc___RS_HL 5886.JPG,healthy,healthy,True,False
10,source-source,data/plantvillage/raw/color/Apple___healthy/abc9f5f6-ea98-46c0-8df7-2986969318bf___RS_HL 5928.JPG,data/plantvillage/raw/color/Apple___healthy/f0033a40-7a27-46e8-bf31-5af5cd0a9691___RS_HL 7941.JPG,healthy,healthy,True,False
10,source-source,data/plantvillage/raw/color/Apple___healthy/ad772bfa-6845-4104-8d94-8d3a2adb67c2___RS_HL 6149.JPG,data/plantvillage/raw/color/Apple___healthy/aede527b-869e-4e42-a760-3ada64aeb8aa___RS_HL 6131.JPG,healthy,healthy,True,False
10,source-source,data/plantvillage/raw/color/Apple___healthy/ad772bfa-6845-4104-8d94-8d3a2adb67c2___RS_HL 6149.JPG,data/plantvillage/raw/color/Apple___healthy/b6808ea5-f26b-49fa-87b2-a1bbbc98d74c___RS_HL 6095.JPG,healthy,healthy,True,False
10,source-source,data/plantvillage/raw/color/Apple___healthy/ad772bfa-6845-4104-8d94-8d3a2adb67c2___RS_HL 6149.JPG,data/plantvillage/raw/color/Apple___healthy/e3a3c4f3-12b0-49f2-a14c-c73cdc542e74___RS_HL 7773.JPG,healthy,healthy,True,False
10,source-source,data/plantvillage/raw/color/Apple___healthy/aede527b-869e-4e42-a760-3ada64aeb8aa___RS_HL 6131.JPG,data/plantvillage/raw/color/Apple___healthy/e3a3c4f3-12b0-49f2-a14c-c73cdc542e74___RS_HL 7773.JPG,healthy,healthy,True,False
10,source-source,data/plantvillage/raw/color/Apple___healthy/aede527b-869e-4e42-a760-3ada64aeb8aa___RS_HL 6131.JPG,data/plantvillage/raw/color/Apple___healthy/fd7d6a50-e28f-4014-8e15-6028b5f349d0___RS_HL 5953.JPG,healthy,healthy,True,False
10,source-source,data/plantvillage/raw/color/Apple___healthy/b0ba7a6d-95eb-44e2-a2a5-4d9ef9b489d7___RS_HL 5896.JPG,data/plantvillage/raw/color/Apple___healthy/ea45b7c8-f1c2-42c0-bfec-96444c58ddd0___RS_HL 6004.JPG,healthy,healthy,True,False
10,source-source,data/plantvillage/raw/color/Apple___healthy/b2187f22-a9bf-47e1-8b92-b12af779833f___RS_HL 5944.JPG,data/plantvillage/raw/color/Apple___healthy/ea45b7c8-f1c2-42c0-bfec-96444c58ddd0___RS_HL 6004.JPG,healthy,healthy,True,False
10,source-source,data/plantvillage/raw/color/Apple___healthy/b31c759a-547a-46de-937f-56714107db63___RS_HL 5857.JPG,data/plantvillage/raw/color/Apple___healthy/fe89ea86-5245-49a9-9f61-fae47ecc51e9___RS_HL 8116.JPG,healthy,healthy,True,False
10,source-source,data/plantvillage/raw/color/Apple___healthy/b34b807c-4986-4b85-8ede-73d625a14921___RS_HL 8025.JPG,data/plantvillage/raw/color/Apple___healthy/eb1b7162-9f7a-4bb7-b3fc-5dcaef541b55___RS_HL 6218.JPG,healthy,healthy,True,False
10,source-source,data/plantvillage/raw/color/Apple___healthy/b68238fa-2e01-43b2-bf8c-0e9d38848b02___RS_HL 6289.JPG,data/plantvillage/raw/color/Apple___healthy/b6a2a9d1-5fff-4f42-bc18-12c9777001e6___RS_HL 6067.JPG,healthy,healthy,True,False
10,source-source,data/plantvillage/raw/color/Apple___healthy/b78e8d44-f901-4cef-bb6b-220e229796e8___RS_HL 7468.JPG,data/plantvillage/raw/color/Apple___healthy/c1fb257d-b00b-4a71-baad-92a73af09f52___RS_HL 5745.JPG,healthy,healthy,True,False
10,source-source,data/plantvillage/raw/color/Apple___healthy/b79b7572-548b-400e-a675-1ffa9a1d6079___RS_HL 6281.JPG,data/plantvillage/raw/color/Apple___healthy/fea00538-32c3-4876-8833-40652becc30c___RS_HL 5761.JPG,healthy,healthy,True,False
10,source-source,data/plantvillage/raw/color/Apple___healthy/be58ce4e-6678-4315-8786-31bd39e11909___RS_HL 6106.JPG,data/plantvillage/raw/color/Apple___healthy/da91e28c-3e10-406c-be5c-d10afd8e183d___RS_HL 6041.JPG,healthy,healthy,True,False
10,source-source,data/plantvillage/raw/color/Apple___healthy/bfef73e8-a8d2-4c50-8266-b8eaafd993e4___RS_HL 5861.JPG,data/plantvillage/raw/color/Apple___healthy/fc7a6626-26f1-4edd-9fa3-f4017354ef44___RS_HL 5903.JPG,healthy,healthy,True,False
10,source-source,data/plantvillage/raw/color/Apple___healthy/c337df55-148e-41c6-8739-e7c87ec1b32e___RS_HL 6276.JPG,data/plantvillage/raw/color/Apple___healthy/d2ec850e-20f3-40dc-917a-641424016b92___RS_HL 6217.JPG,healthy,healthy,True,False
10,source-source,data/plantvillage/raw/color/Apple___healthy/c475ca60-0635-4bd9-8d2f-d3e7003304c0___RS_HL 5814.JPG,data/plantvillage/raw/color/Apple___healthy/fea00538-32c3-4876-8833-40652becc30c___RS_HL 5761.JPG,healthy,healthy,True,False
10,source-source,data/plantvillage/raw/color/Apple___healthy/c86f1476-4e5c-4dbd-923d-a575bd03cd18___RS_HL 6210.JPG,data/plantvillage/raw/color/Apple___healthy/ced1918e-3327-45c8-8107-c93dd2586380___RS_HL 5970.JPG,healthy,healthy,True,False
10,source-source,data/plantvillage/raw/color/Apple___healthy/c86f1476-4e5c-4dbd-923d-a575bd03cd18___RS_HL 6210.JPG,data/plantvillage/raw/color/Apple___healthy/ddca8aa6-4338-40ea-bf8b-004a53547144___RS_HL 6052.JPG,healthy,healthy,True,False
10,source-source,data/plantvillage/raw/color/Apple___healthy/c93d7101-89bf-48d9-bcb2-3957da7131ff___RS_HL 8035.JPG,data/plantvillage/raw/color/Apple___healthy/d80c1667-5e83-4405-9759-a9521eff44ad___RS_HL 5699.JPG,healthy,healthy,True,False
10,source-source,data/plantvillage/raw/color/Apple___healthy/cb2820ba-baab-455a-8830-df6f53bbb580___RS_HL 6097.JPG,data/plantvillage/raw/color/Apple___healthy/dc456961-360a-419b-abb7-b3de3963742a___RS_HL 6055.JPG,healthy,healthy,True,False
10,source-source,data/plantvillage/raw/color/Apple___healthy/cb32fb76-f899-4c50-8599-2d9551ff036d___RS_HL 6084.JPG,data/plantvillage/raw/color/Apple___healthy/cd18fd71-59d6-4d48-8c52-d31ff68f1fe2___RS_HL 5716.JPG,healthy,healthy,True,False
10,source-source,data/plantvillage/raw/color/Apple___healthy/ce9a3738-55ea-4974-8539-922ed4f864b8___RS_HL 6175.JPG,data/plantvillage/raw/color/Apple___healthy/dc3fca98-91d0-4c97-aaa1-cdd1ad618b38___RS_HL 6290.JPG,healthy,healthy,True,False
10,source-source,data/plantvillage/raw/color/Apple___healthy/ced1918e-3327-45c8-8107-c93dd2586380___RS_HL 5970.JPG,data/plantvillage/raw/color/Apple___healthy/fcc4c8a4-2177-4a08-a785-063497dfd121___RS_HL 5844.JPG,healthy,healthy,True,False
10,source-source,data/plantvillage/raw/color/Apple___healthy/cf3df371-fa11-469e-8ab9-7bbeb7435920___RS_HL 6080.JPG,data/plantvillage/raw/color/Apple___healthy/f2314f38-fd6f-4bee-b26e-ad095508beab___RS_HL 6145.JPG,healthy,healthy,True,False
10,source-source,data/plantvillage/raw/color/Apple___healthy/d2fc2f4e-9094-4e38-bc7a-f40c5c059280___RS_HL 8170.JPG,data/plantvillage/raw/color/Apple___healthy/f7f31913-51ef-481d-aacd-e6492daa74bd___RS_HL 5851.JPG,healthy,healthy,True,False
10,source-source,data/plantvillage/raw/color/Apple___healthy/d2fc2f4e-9094-4e38-bc7a-f40c5c059280___RS_HL 8170.JPG,data/plantvillage/raw/color/Apple___healthy/fcc4c8a4-2177-4a08-a785-063497dfd121___RS_HL 5844.JPG,healthy,healthy,True,False
10,source-source,data/plantvillage/raw/color/Apple___healthy/d345baff-7be6-45a6-802a-b945b95b5885___RS_HL 5956.JPG,data/plantvillage/raw/color/Apple___healthy/d5c866b2-7eb2-421a-a42a-906308cbffb2___RS_HL 6116.JPG,healthy,healthy,True,False
10,source-source,data/plantvillage/raw/color/Apple___healthy/d5578393-868f-49fa-8fff-4f0484b4507e___RS_HL 5995.JPG,data/plantvillage/raw/color/Apple___healthy/fe89ea86-5245-49a9-9f61-fae47ecc51e9___RS_HL 8116.JPG,healthy,healthy,True,False
10,source-source,data/plantvillage/raw/color/Apple___healthy/d6590bcb-cb7e-47c9-beb0-80785efb4046___RS_HL 6234.JPG,data/plantvillage/raw/color/Apple___healthy/da4815d7-03f0-44f0-bc35-8d28c578cbc2___RS_HL 5990.JPG,healthy,healthy,True,False
10,source-source,data/plantvillage/raw/color/Apple___healthy/d6590bcb-cb7e-47c9-beb0-80785efb4046___RS_HL 6234.JPG,data/plantvillage/raw/color/Apple___healthy/e3a3c4f3-12b0-49f2-a14c-c73cdc542e74___RS_HL 7773.JPG,healthy,healthy,True,False
10,source-source,data/plantvillage/raw/color/Apple___healthy/d6590bcb-cb7e-47c9-beb0-80785efb4046___RS_HL 6234.JPG,data/plantvillage/raw/color/Apple___healthy/f85e6b2c-e4b2-42fe-99db-9583b58bb51b___RS_HL 6112.JPG,healthy,healthy,True,False
10,source-source,data/plantvillage/raw/color/Apple___healthy/d6590bcb-cb7e-47c9-beb0-80785efb4046___RS_HL 6234.JPG,data/plantvillage/raw/color/Apple___healthy/fd7d6a50-e28f-4014-8e15-6028b5f349d0___RS_HL 5953.JPG,healthy,healthy,True,False
10,source-source,data/plantvillage/raw/color/Apple___healthy/d80c1667-5e83-4405-9759-a9521eff44ad___RS_HL 5699.JPG,data/plantvillage/raw/color/Apple___healthy/d99bef24-fac5-4739-8e4e-02465dba4fa8___RS_HL 5686.JPG,healthy,healthy,True,False
10,source-source,data/plantvillage/raw/color/Apple___healthy/d80c1667-5e83-4405-9759-a9521eff44ad___RS_HL 5699.JPG,data/plantvillage/raw/color/Apple___healthy/fc90f3d6-25bc-445e-b418-a5df46878d67___RS_HL 5767.JPG,healthy,healthy,True,False
10,source-source,data/plantvillage/raw/color/Apple___healthy/dbea92a9-9473-4cb1-b181-341789de0681___RS_HL 5708.JPG,data/plantvillage/raw/color/Apple___healthy/e35729f0-09b8-4cd4-a04c-30c9b49095c5___RS_HL 6068.JPG,healthy,healthy,True,False
10,source-source,data/plantvillage/raw/color/Apple___healthy/dc3fca98-91d0-4c97-aaa1-cdd1ad618b38___RS_HL 6290.JPG,data/plantvillage/raw/color/Apple___healthy/eb1b7162-9f7a-4bb7-b3fc-5dcaef541b55___RS_HL 6218.JPG,healthy,healthy,True,False
10,source-source,data/plantvillage/raw/color/Apple___healthy/dc456961-360a-419b-abb7-b3de3963742a___RS_HL 6055.JPG,data/plantvillage/raw/color/Apple___healthy/e34850c1-041f-4674-ba19-b3c48956e986___RS_HL 6184.JPG,healthy,healthy,True,False
10,source-source,data/plantvillage/raw/color/Apple___healthy/e263a6c7-e289-4d26-ad07-1a11c6854208___RS_HL 8113.JPG,data/plantvillage/raw/color/Apple___healthy/ec9e541f-ebe0-4985-8a34-26f9daf88b5d___RS_HL 5948.JPG,healthy,healthy,True,False
10,source-source,data/plantvillage/raw/color/Apple___healthy/e2cce5a6-04a9-436d-8e56-3bf4979b47bc___RS_HL 5886.JPG,data/plantvillage/raw/color/Apple___healthy/f2cda910-55c7-46d7-b1a2-9a3bb9792148___RS_HL 6274.JPG,healthy,healthy,True,False
10,source-source,data/plantvillage/raw/color/Apple___healthy/e2cce5a6-04a9-436d-8e56-3bf4979b47bc___RS_HL 5886.JPG,data/plantvillage/raw/color/Apple___healthy/fdbfa6f7-f887-442d-8df1-1f0cf839fc4d___RS_HL 6274.JPG,healthy,healthy,True,False
10,source-source,data/plantvillage/raw/color/Apple___healthy/e83245d3-f5e6-43f4-9621-899b089f1c08___RS_HL 7586.JPG,data/plantvillage/raw/color/Apple___healthy/f7f31913-51ef-481d-aacd-e6492daa74bd___RS_HL 5851.JPG,healthy,healthy,True,False
10,source-source,data/plantvillage/raw/color/Apple___healthy/e9d92a83-92dd-442f-8138-627ead72fcaf___RS_HL 5839.JPG,data/plantvillage/raw/color/Apple___healthy/f85e6b2c-e4b2-42fe-99db-9583b58bb51b___RS_HL 6112.JPG,healthy,healthy,True,False
10,source-source,data/plantvillage/raw/color/Apple___healthy/ea45b7c8-f1c2-42c0-bfec-96444c58ddd0___RS_HL 6004.JPG,data/plantvillage/raw/color/Apple___healthy/f876ed50-410a-4911-b82d-e95d3e73ecd0___RS_HL 6134.JPG,healthy,healthy,True,False
10,source-source,data/plantvillage/raw/color/Apple___healthy/f2cda910-55c7-46d7-b1a2-9a3bb9792148___RS_HL 6274.JPG,data/plantvillage/raw/color/Apple___healthy/f4b6cf56-ec35-43f4-b5e4-eebf509c9580___RS_HL 5946.JPG,healthy,healthy,True,False
10,source-source,data/plantvillage/raw/color/Apple___healthy/f2cda910-55c7-46d7-b1a2-9a3bb9792148___RS_HL 6274.JPG,data/plantvillage/raw/color/Apple___healthy/fd4a1e5a-cba8-4f4d-a11a-8e131e907728___RS_HL 6154.JPG,healthy,healthy,True,False
10,source-source,data/plantvillage/raw/color/Apple___healthy/f4b6cf56-ec35-43f4-b5e4-eebf509c9580___RS_HL 5946.JPG,data/plantvillage/raw/color/Apple___healthy/fdbfa6f7-f887-442d-8df1-1f0cf839fc4d___RS_HL 6274.JPG,healthy,healthy,True,False
10,source-source,data/plantvillage/raw/color/Apple___healthy/f7b5ebd2-2471-4a99-9944-e25696aa5fa8___RS_HL 6233.JPG,data/plantvillage/raw/color/Apple___healthy/f85e6b2c-e4b2-42fe-99db-9583b58bb51b___RS_HL 6112.JPG,healthy,healthy,True,False
10,source-source,data/plantvillage/raw/color/Apple___healthy/f7b5ebd2-2471-4a99-9944-e25696aa5fa8___RS_HL 6233.JPG,data/plantvillage/raw/color/Apple___healthy/fda25357-1076-4707-83e7-d409448a11a8___RS_HL 6221.JPG,healthy,healthy,True,False
10,source-source,data/plantvillage/raw/color/Apple___healthy/fd4a1e5a-cba8-4f4d-a11a-8e131e907728___RS_HL 6154.JPG,data/plantvillage/raw/color/Apple___healthy/fdbfa6f7-f887-442d-8df1-1f0cf839fc4d___RS_HL 6274.JPG,healthy,healthy,True,False
10,cross,data/plantvillage/raw/color/Apple___healthy/feb2c7d8-0cfd-4eb1-86d0-78a893dd8943___RS_HL 7866.JPG,data/pp2020/images/Train_1069.jpg,healthy,rust,False,False
10,target-target,data/pp2020/images/Train_1336.jpg,data/pp2020/images/Train_332.jpg,scab,scab,True,False
