view_id,path,label,label_index,group_id,source_subset,reliability_split,view_type,rng_seed,brightness_factor,contrast_factor,blur_sigma,noise_sigma,view_generation_seed
e82b4041f92bfbfe02a1,data/plantvillage/raw/color/Apple___Apple_scab/0208f4eb-45a4-4399-904e-989ac2c6257c___FREC_Scab 3037.JPG,scab,1,g0004,s_reliability,reliability_val,original,,,,,,42
abfce3452742e0bb553b,data/plantvillage/raw/color/Apple___Apple_scab/0208f4eb-45a4-4399-904e-989ac2c6257c___FREC_Scab 3037.JPG,scab,1,g0004,s_reliability,reliability_val,brightness,6908283064447679441,1.1793504680948104,,,,42
b76843c2b1937bc45f5e,data/plantvillage/raw/color/Apple___Apple_scab/0208f4eb-45a4-4399-904e-989ac2c6257c___FREC_Scab 3037.JPG,scab,1,g0004,s_reliability,reliability_val,contrast,8410289356758025790,,0.7298645923472723,,,42
5326fab19e655d4e1d1e,data/plantvillage/raw/color/Apple___Apple_scab/0208f4eb-45a4-4399-904e-989ac2c6257c___FREC_Scab 3037.JPG,scab,1,g0004,s_reliability,reliability_val,gaussian_blur,8798574810571978739,,,0.5273824071866586,,42
920a14a6cd63e312714d,data/plantvillage/raw/color/Apple___Apple_scab/0208f4eb-45a4-4399-904e-989ac2c6257c___FREC_Scab 3037.JPG,scab,1,g0004,s_reliability,reliability_val,gaussian_noise,5484456605493108175,,,,0.04176175505975032,42
f9059ee858e4e6091117,data/plantvillage/raw/color/Apple___Apple_scab/0a6812de-7416-4ffe-aba9-307599a02c84___FREC_Scab 2973.JPG,scab,1,g0027,s_reliability,reliability_train,original,,,,,,42
8921dbd25ce2cd887770,data/plantvillage/raw/color/Apple___Apple_scab/0a6812de-7416-4ffe-aba9-307599a02c84___FREC_Scab 2973.JPG,scab,1,g0027,s_reliability,reliability_train,brightness,1546519058571228282,0.8458247584252849,,,,42
dd1936cc31b7c01a5580,data/plantvillage/raw/color/Apple___Apple_scab/0a6812de-7416-4ffe-aba9-307599a02c84___FREC_Scab 2973.JPG,scab,1,g0027,s_reliability,reliability_train,contrast,6940329539270945462,,0.7037644931654706,,,42
22c5793a96f848738e97,data/plantvillage/raw/color/Apple___Apple_scab/0a6812de-7416-4ffe-aba9-307599a02c84___FREC_Scab 2973.JPG,scab,1,g0027,s_reliability,reliability_train,gaussian_blur,1020127645595330592,,,1.3326727186366814,,42
c870114afe69fb44fcee,data/plantvillage/raw/color/Apple___Apple_scab/0a6812de-7416-4ffe-aba9-307599a02c84___FREC_Scab 2973.JPG,scab,1,g0027,s_reliability,reliability_train,gaussian_noise,785015087459478231,,,,0.011129077692304415,42
69e547e67256d2ac12c7,data/plantvillage/raw/color/Apple___Apple_scab/0c620ec5-11cf-4120-94ab-1311e99df147___FREC_Scab 3131.JPG,scab,1,g0032,s_reliability,reliability_train,original,,,,,,42
c6914b2c500df94dfa31,data/plantvillage/raw/color/Apple___Apple_scab/0c620ec5-11cf-4120-94ab-1311e99df147___FREC_Scab 3131.JPG,scab,1,g0032,s_reliability,reliability_train,brightness,4636249828621321541,1.063803023087749,,,,42
f79da236da0d5f4ff5ea,data/plantvillage/raw/color/Apple___Apple_scab/0c620ec5-11cf-4120-94ab-1311e99df147___FREC_Scab 3131.JPG,scab,1,g0032,s_reliability,reliability_train,contrast,3028538600489368977,,1.0058846883829369,,,42
9d850dee2d17a8528139,data/plantvillage/raw/color/Apple___Apple_scab/0c620ec5-11cf-4120-94ab-1311e99df147___FREC_Scab 3131.JPG,scab,1,g0032,s_reliability,reliability_train,gaussian_blur,2609906190578003273,,,1.026796718311274,,42
794275008f1e10458387,data/plantvillage/raw/color/Apple___Apple_scab/0c620ec5-11cf-4120-94ab-1311e99df147___FREC_Scab 3131.JPG,scab,1,g0032,s_reliability,reliability_train,gaussian_noise,1679844197850481810,,,,0.04644688780590372,42
d2f1c0d577a3e269716e,data/plantvillage/raw/color/Apple___Apple_scab/11c50257-617e-4a6a-a996-2b195af9ada4___FREC_Scab 3462.JPG,scab,1,g0041,s_reliability,reliability_train,original,,,,,,42
c242e1bc2387877c94b5,data/plantvillage/raw/color/Apple___Apple_scab/11c50257-617e-4a6a-a996-2b195af9ada4___FREC_Scab 3462.JPG,scab,1,g0041,s_reliability,reliability_train,brightness,4337691008349765406,0.9337323553230035,,,,42
6a2031e032eb2924a8f5,data/plantvillage/raw/color/Apple___Apple_scab/11c50257-617e-4a6a-a996-2b195af9ada4___FREC_Scab 3462.JPG,scab,1,g0041,s_reliability,reliability_train,contrast,1026325778513535019,,1.2708887683558796,,,42
5f58877bd10599d6c90e,data/plantvillage/raw/color/Apple___Apple_scab/11c50257-617e-4a6a-a996-2b195af9ada4___FREC_Scab 3462.JPG,scab,1,g0041,s_reliability,reliability_train,gaussian_blur,7499307002881687508,,,0.9737598974317369,,42
5ca9df65303567ab7eb6,data/plantvillage/raw/color/Apple___Apple_scab/11c50257-617e-4a6a-a996-2b195af9ada4___FREC_Scab 3462.JPG,scab,1,g0041,s_reliability,reliability_train,gaussian_noise,2090071120305378090,,,,0.044648636149432645,42
0d0da9015ef5acf49879,data/plantvillage/raw/color/Apple___Apple_scab/13b16e68-c82c-4de8-ab34-877ff352e821___FREC_Scab 3180.JPG,scab,1,g0046,s_reliability,reliability_train,original,,,,,,42
a35c13ec378b2246e2a3,data/plantvillage/raw/color/Apple___Apple_scab/13b16e68-c82c-4de8-ab34-877ff352e821___FREC_Scab 3180.JPG,scab,1,g0046,s_reliability,reliability_train,brightness,2889455949951384779,0.7239281011146501,,,,42
de8c89b1ac312a08d431,data/plantvillage/raw/color/Apple___Apple_scab/13b16e68-c82c-4de8-ab34-877ff352e821___FREC_Scab 3180.JPG,scab,1,g0046,s_reliability,reliability_train,contrast,7805922818096897774,,0.7886797183546324,,,42
e622f0479557d5c5cf24,data/plantvillage/raw/color/Apple___Apple_scab/13b16e68-c82c-4de8-ab34-877ff352e821___FREC_Scab 3180.JPG,scab,1,g0046,s_reliability,reliability_train,gaussian_blur,6326229994460951550,,,0.514441604579071,,42
1be76e09fbd383c4adf5,data/plantvillage/raw/color/Apple___Apple_scab/13b16e68-c82c-4de8-ab34-877ff352e821___FREC_Scab 3180.JPG,scab,1,g0046,s_reliability,reliability_train,gaussian_noise,3712111741161372378,,,,0.030230027126562968,42
dcaf24090d2563d809f7,data/plantvillage/raw/color/Apple___Apple_scab/13f31401-f65a-4025-823a-4f2738e8bff9___FREC_Scab 3062.JPG,scab,1,g0047,s_reliability,reliability_train,original,,,,,,42
cc247e36070c54820d4d,data/plantvillage/raw/color/Apple___Apple_scab/13f31401-f65a-4025-823a-4f2738e8bff9___FREC_Scab 3062.JPG,scab,1,g0047,s_reliability,reliability_train,brightness,7358291823705865844,1.084200882518326,,,,42
f842e0c3b26983b3bffb,data/plantvillage/raw/color/Apple___Apple_scab/13f31401-f65a-4025-823a-4f2738e8bff9___FREC_Scab 3062.JPG,scab,1,g0047,s_reliability,reliability_train,contrast,1591787230686262185,,1.1833285560172486,,,42
59a8ef6621f2d88093ce,data/plantvillage/raw/color/Apple___Apple_scab/13f31401-f65a-4025-823a-4f2738e8bff9___FREC_Scab 3062.JPG,scab,1,g0047,s_reliability,reliability_train,gaussian_blur,1723296798680775001,,,1.1661711539161113,,42
b292dd311910c34a69fe,data/plantvillage/raw/color/Apple___Apple_scab/13f31401-f65a-4025-823a-4f2738e8bff9___FREC_Scab 3062.JPG,scab,1,g0047,s_reliability,reliability_train,gaussian_noise,1654667627967588305,,,,0.035116231302800664,42
bdc56fe80baf94dca7df,data/plantvillage/raw/color/Apple___Apple_scab/14c623e5-051c-42f6-9e4f-f7a93e6a723c___FREC_Scab 2965.JPG,scab,1,g0048,s_reliability,reliability_train,original,,,,,,42
5053fd255dfb5facd150,data/plantvillage/raw/color/Apple___Apple_scab/14c623e5-051c-42f6-9e4f-f7a93e6a723c___FREC_Scab 2965.JPG,scab,1,g0048,s_reliability,reliability_train,brightness,4630239206170767505,1.0456795991578818,,,,42
7e887a5090813efafe5f,data/plantvillage/raw/color/Apple___Apple_scab/14c623e5-051c-42f6-9e4f-f7a93e6a723c___FREC_Scab 2965.JPG,scab,1,g0048,s_reliability,reliability_train,contrast,558485502299158454,,0.8748534900168363,,,42
37d1d8725ba0ed16856b,data/plantvillage/raw/color/Apple___Apple_scab/14c623e5-051c-42f6-9e4f-f7a93e6a723c___FREC_Scab 2965.JPG,scab,1,g0048,s_reliability,reliability_train,gaussian_blur,4120232308516210713,,,1.4408259752642092,,42
463bced239a1243f8753,data/plantvillage/raw/color/Apple___Apple_scab/14c623e5-051c-42f6-9e4f-f7a93e6a723c___FREC_Scab 2965.JPG,scab,1,g0048,s_reliability,reliability_train,gaussian_noise,97628746860751840,,,,0.02632746345961373,42
a8477905ecc5b7997a54,data/plantvillage/raw/color/Apple___Apple_scab/1c10ab31-02b9-4008-b66f-9b44d8a9d323___FREC_Scab 3084.JPG,scab,1,g0066,s_reliability,reliability_train,original,,,,,,42
8c9ccd5d3f37c27af8d9,data/plantvillage/raw/color/Apple___Apple_scab/1c10ab31-02b9-4008-b66f-9b44d8a9d323___FREC_Scab 3084.JPG,scab,1,g0066,s_reliability,reliability_train,brightness,5362457650330536426,1.1590748504923176,,,,42
0c16c89652ef6d3dc210,data/plantvillage/raw/color/Apple___Apple_scab/1c10ab31-02b9-4008-b66f-9b44d8a9d323___FREC_Scab 3084.JPG,scab,1,g0066,s_reliability,reliability_train,contrast,5830518780481244835,,1.299131641022409,,,42
e00f89a56180cce4314b,data/plantvillage/raw/color/Apple___Apple_scab/1c10ab31-02b9-4008-b66f-9b44d8a9d323___FREC_Scab 3084.JPG,scab,1,g0066,s_reliability,reliability_train,gaussian_blur,4211037320917365824,,,1.2283123573004415,,42
ed4e390695e19ea98447,data/plantvillage/raw/color/Apple___Apple_scab/1c10ab31-02b9-4008-b66f-9b44d8a9d323___FREC_Scab 3084.JPG,scab,1,g0066,s_reliability,reliability_train,gaussian_noise,28536753764983469,,,,0.013178008521353916,42
50ce16c81915daaaf031,data/plantvillage/raw/color/Apple___Apple_scab/22c12d6a-3c17-45be-b53b-f17f1b3f5168___FREC_Scab 3206.JPG,scab,1,g0078,s_reliability,reliability_train,original,,,,,,42
19d9eb22c9ff1d48c3b7,data/plantvillage/raw/color/Apple___Apple_scab/22c12d6a-3c17-45be-b53b-f17f1b3f5168___FREC_Scab 3206.JPG,scab,1,g0078,s_reliability,reliability_train,brightness,1532948304423066913,0.9266184255347644,,,,42
907ff8edeb717a742927,data/plantvillage/raw/color/Apple___Apple_scab/22c12d6a-3c17-45be-b53b-f17f1b3f5168___FREC_Scab 3206.JPG,scab,1,g0078,s_reliability,reliability_train,contrast,8807283158502326612,,0.7775325341695403,,,42
edef5bfeca7c8475b94d,data/plantvillage/raw/color/Apple___Apple_scab/22c12d6a-3c17-45be-b53b-f17f1b3f5168___FREC_Scab 3206.JPG,scab,1,g0078,s_reliability,reliability_train,gaussian_blur,2967634764438202649,,,1.1429961335381194,,42
d99af2788bb372e0c3e7,data/plantvillage/raw/color/Apple___Apple_scab/22c12d6a-3c17-45be-b53b-f17f1b3f5168___FREC_Scab 3206.JPG,scab,1,g0078,s_reliability,reliability_train,gaussian_noise,5342899670048696378,,,,0.03783757950481225,42
ff1ffe39400ab6c320bf,data/plantvillage/raw/color/Apple___Apple_scab/2a59761b-c91c-451c-8e13-d9dc3aff8d29___FREC_Scab 3503.JPG,scab,1,g0095,s_reliability,reliability_train,original,,,,,,42
67988355bc8f36a0a14c,data/plantvillage/raw/color/Apple___Apple_scab/2a59761b-c91c-451c-8e13-d9dc3aff8d29___FREC_Scab 3503.JPG,scab,1,g0095,s_reliability,reliability_train,brightness,334249880778525987,1.1650466732545126,,,,42
af1150b723761740f3b9,data/plantvillage/raw/color/Apple___Apple_scab/2a59761b-c91c-451c-8e13-d9dc3aff8d29___FREC_Scab 3503.JPG,scab,1,g0095,s_reliability,reliability_train,contrast,3764091203282728150,,0.9140957096024234,,,42
c719cdd58ba4207506f4,data/plantvillage/raw/color/Apple___Apple_scab/2a59761b-c91c-451c-8e13-d9dc3aff8d29___FREC_Scab 3503.JPG,scab,1,g0095,s_reliability,reliability_train,gaussian_blur,4857585104024347912,,,1.1785910772923014,,42
e769ff91a4100daf233f,data/plantvillage/raw/color/Apple___Apple_scab/2a59761b-c91c-451c-8e13-d9dc3aff8d29___FREC_Scab 3503.JPG,scab,1,g0095,s_reliability,reliability_train,gaussian_noise,1015248292984051624,,,,0.037704442615503035,42
cc37b6432318c9fe1e73,data/plantvillage/raw/color/Apple___Apple_scab/2c89ceaf-748c-4371-80d0-d01855f04a92___FREC_Scab 2962.JPG,scab,1,g0104,s_reliability,reliability_train,original,,,,,,42
31565c2faab98cddec96,data/plantvillage/raw/color/Apple___Apple_scab/2c89ceaf-748c-4371-80d0-d01855f04a92___FREC_Scab 2962.JPG,scab,1,g0104,s_reliability,reliability_train,brightness,2380743215482402535,1.2842809045978678,,,,42
867ea1eb75301ca1138c,data/plantvillage/raw/color/Apple___Apple_scab/2c89ceaf-748c-4371-80d0-d01855f04a92___FREC_Scab 2962.JPG,scab,1,g0104,s_reliability,reliability_train,contrast,5746543959768202582,,0.7538942004370455,,,42
8d10f04bcd6081c340e1,data/plantvillage/raw/color/Apple___Apple_scab/2c89ceaf-748c-4371-80d0-d01855f04a92___FREC_Scab 2962.JPG,scab,1,g0104,s_reliability,reliability_train,gaussian_blur,4325223113134821138,,,0.8923431290727797,,42
e8b1f40fb08638f21813,data/plantvillage/raw/color/Apple___Apple_scab/2c89ceaf-748c-4371-80d0-d01855f04a92___FREC_Scab 2962.JPG,scab,1,g0104,s_reliability,reliability_train,gaussian_noise,3458518636454498617,,,,0.03342573911381611,42
6caa009e36dc2a6c45db,data/plantvillage/raw/color/Apple___Apple_scab/2d5265d2-be99-4e9f-a085-d309cc01b751___FREC_Scab 3023.JPG,scab,1,g0107,s_reliability,reliability_train,original,,,,,,42
fd0e60044843e571e3d7,data/plantvillage/raw/color/Apple___Apple_scab/2d5265d2-be99-4e9f-a085-d309cc01b751___FREC_Scab 3023.JPG,scab,1,g0107,s_reliability,reliability_train,brightness,1292272933011370827,1.0392779112425976,,,,42
c510cd79c825de618501,data/plantvillage/raw/color/Apple___Apple_scab/2d5265d2-be99-4e9f-a085-d309cc01b751___FREC_Scab 3023.JPG,scab,1,g0107,s_reliability,reliability_train,contrast,2080540844017620776,,0.9505350387255889,,,42
d45d718a24ccd6dc9b75,data/plantvillage/raw/color/Apple___Apple_scab/2d5265d2-be99-4e9f-a085-d309cc01b751___FREC_Scab 3023.JPG,scab,1,g0107,s_reliability,reliability_train,gaussian_blur,1887573512787708833,,,1.4884629163179852,,42
4327557b4ae544f989c7,data/plantvillage/raw/color/Apple___Apple_scab/2d5265d2-be99-4e9f-a085-d309cc01b751___FREC_Scab 3023.JPG,scab,1,g0107,s_reliability,reliability_train,gaussian_noise,6649852218771166952,,,,0.04818771161719534,42
5a9eb6cacc6c527dbbaf,data/plantvillage/raw/color/Apple___Apple_scab/32550bbb-cdf1-4805-8167-27dc5a8e87d2___FREC_Scab 3195.JPG,scab,1,g0116,s_reliability,reliability_train,original,,,,,,42
e89be2711d10dbc1ffbe,data/plantvillage/raw/color/Apple___Apple_scab/32550bbb-cdf1-4805-8167-27dc5a8e87d2___FREC_Scab 3195.JPG,scab,1,g0116,s_reliability,reliability_train,brightness,834484230669674804,0.9888120098545399,,,,42
4283158453e4faf606e1,data/plantvillage/raw/color/Apple___Apple_scab/32550bbb-cdf1-4805-8167-27dc5a8e87d2___FREC_Scab 3195.JPG,scab,1,g0116,s_reliability,reliability_train,contrast,6989015332546850308,,1.1944661829437098,,,42
f7c870096dcf2b7c3968,data/plantvillage/raw/color/Apple___Apple_scab/32550bbb-cdf1-4805-8167-27dc5a8e87d2___FREC_Scab 3195.JPG,scab,1,g0116,s_reliability,reliability_train,gaussian_blur,1391596825486268387,,,1.0233515886035562,,42
d32115182513ae07e2b0,data/plantvillage/raw/color/Apple___Apple_scab/32550bbb-cdf1-4805-8167-27dc5a8e87d2___FREC_Scab 3195.JPG,scab,1,g0116,s_reliability,reliability_train,gaussian_noise,2419407410775920704,,,,0.03661826821401487,42
1437c629c37dce810afc,data/plantvillage/raw/color/Apple___Apple_scab/35fde58e-46ea-4d1b-9580-ead7a2d0cb3b___FREC_Scab 2952.JPG,scab,1,g0124,s_reliability,reliability_val,original,,,,,,42
8eefd0045ee3b442631d,data/plantvillage/raw/color/Apple___Apple_scab/35fde58e-46ea-4d1b-9580-ead7a2d0cb3b___FREC_Scab 2952.JPG,scab,1,g0124,s_reliability,reliability_val,brightness,7891311271981007174,0.8977757691779741,,,,42
1a0c1c5ac1cecb7b315d,data/plantvillage/raw/color/Apple___Apple_scab/35fde58e-46ea-4d1b-9580-ead7a2d0cb3b___FREC_Scab 2952.JPG,scab,1,g0124,s_reliability,reliability_val,contrast,2038160191488990176,,0.962403136653728,,,42
6f9a8ea0eb2e7fb87645,data/plantvillage/raw/color/Apple___Apple_scab/35fde58e-46ea-4d1b-9580-ead7a2d0cb3b___FREC_Scab 2952.JPG,scab,1,g0124,s_reliability,reliability_val,gaussian_blur,3740807739607262657,,,1.299982330795682,,42
0d37b88dc038a60370d2,data/plantvillage/raw/color/Apple___Apple_scab/35fde58e-46ea-4d1b-9580-ead7a2d0cb3b___FREC_Scab 2952.JPG,scab,1,g0124,s_reliability,reliability_val,gaussian_noise,260352746599100520,,,,0.025767104879528553,42
84f81d7b6a39612a3d71,data/plantvillage/raw/color/Apple___Apple_scab/38e76f0a-63cb-460a-b0fa-f20e561dc2c0___FREC_Scab 3481.JPG,scab,1,g0130,s_reliability,reliability_train,original,,,,,,42
a1dcb0ec1c58ffdb65ad,data/plantvillage/raw/color/Apple___Apple_scab/38e76f0a-63cb-460a-b0fa-f20e561dc2c0___FREC_Scab 3481.JPG,scab,1,g0130,s_reliability,reliability_train,brightness,7512758001603947922,1.2801800551117726,,,,42
61344534660b2cd7b68f,data/plantvillage/raw/color/Apple___Apple_scab/38e76f0a-63cb-460a-b0fa-f20e561dc2c0___FREC_Scab 3481.JPG,scab,1,g0130,s_reliability,reliability_train,contrast,763661346657682044,,0.722231863223545,,,42
f0d2ef4e19b60669c081,data/plantvillage/raw/color/Apple___Apple_scab/38e76f0a-63cb-460a-b0fa-f20e561dc2c0___FREC_Scab 3481.JPG,scab,1,g0130,s_reliability,reliability_train,gaussian_blur,4459098398558184123,,,0.5784896178546483,,42
10fe8d3d14bcd7ee1d32,data/plantvillage/raw/color/Apple___Apple_scab/38e76f0a-63cb-460a-b0fa-f20e561dc2c0___FREC_Scab 3481.JPG,scab,1,g0130,s_reliability,reliability_train,gaussian_noise,2958419017905131303,,,,0.026433856015311,42
ff3594824f991434c7fb,data/plantvillage/raw/color/Apple___Apple_scab/3eb26abb-a392-4cc4-9be2-d5e4bb8f3660___FREC_Scab 2969.JPG,scab,1,g0136,s_reliability,reliability_train,original,,,,,,42
979fc325d61333f90aca,data/plantvillage/raw/color/Apple___Apple_scab/3eb26abb-a392-4cc4-9be2-d5e4bb8f3660___FREC_Scab 2969.JPG,scab,1,g0136,s_reliability,reliability_train,brightness,8274773322054157933,1.0496119177272254,,,,42
dbc2675c6d26468242ac,data/plantvillage/raw/color/Apple___Apple_scab/3eb26abb-a392-4cc4-9be2-d5e4bb8f3660___FREC_Scab 2969.JPG,scab,1,g0136,s_reliability,reliability_train,contrast,475687732965154264,,1.0171611273741048,,,42
a2346bdcc808013143bd,data/plantvillage/raw/color/Apple___Apple_scab/3eb26abb-a392-4cc4-9be2-d5e4bb8f3660___FREC_Scab 2969.JPG,scab,1,g0136,s_reliability,reliability_train,gaussian_blur,7873626123940474812,,,0.9402903895749222,,42
4c8dfcfb31876e1a8af0,data/plantvillage/raw/color/Apple___Apple_scab/3eb26abb-a392-4cc4-9be2-d5e4bb8f3660___FREC_Scab 2969.JPG,scab,1,g0136,s_reliability,reliability_train,gaussian_noise,770903754631161342,,,,0.02296303816701244,42
3fc9319f9494c545e43b,data/plantvillage/raw/color/Apple___Apple_scab/40a5e87c-ee32-4d67-9b28-926e94638a1d___FREC_Scab 3251.JPG,scab,1,g0139,s_reliability,reliability_train,original,,,,,,42
391f4914ca5f720802b3,data/plantvillage/raw/color/Apple___Apple_scab/40a5e87c-ee32-4d67-9b28-926e94638a1d___FREC_Scab 3251.JPG,scab,1,g0139,s_reliability,reliability_train,brightness,2313804737758193891,0.904032863479238,,,,42
6f183d4b024d3ad184cd,data/plantvillage/raw/color/Apple___Apple_scab/40a5e87c-ee32-4d67-9b28-926e94638a1d___FREC_Scab 3251.JPG,scab,1,g0139,s_reliability,reliability_train,contrast,6528026773636805772,,0.9707928622298405,,,42
4010d573f3476eb35628,data/plantvillage/raw/color/Apple___Apple_scab/40a5e87c-ee32-4d67-9b28-926e94638a1d___FREC_Scab 3251.JPG,scab,1,g0139,s_reliability,reliability_train,gaussian_blur,6434693982202084120,,,0.824486826590018,,42
3b32a9edca58fe16e57d,data/plantvillage/raw/color/Apple___Apple_scab/40a5e87c-ee32-4d67-9b28-926e94638a1d___FREC_Scab 3251.JPG,scab,1,g0139,s_reliability,reliability_train,gaussian_noise,4788557864535603375,,,,0.011461613401433013,42
51293376f25d3ba03b8e,data/plantvillage/raw/color/Apple___Apple_scab/43712608-0fa2-4be2-91a0-242aca469cb4___FREC_Scab 2985.JPG,scab,1,g0147,s_reliability,reliability_train,original,,,,,,42
b40ca0463809aabdf5d3,data/plantvillage/raw/color/Apple___Apple_scab/43712608-0fa2-4be2-91a0-242aca469cb4___FREC_Scab 2985.JPG,scab,1,g0147,s_reliability,reliability_train,brightness,5625260010864859443,0.9879465759912205,,,,42
f6696350b1bc1bbe36d0,data/plantvillage/raw/color/Apple___Apple_scab/43712608-0fa2-4be2-91a0-242aca469cb4___FREC_Scab 2985.JPG,scab,1,g0147,s_reliability,reliability_train,contrast,222514903498793283,,0.961289768182689,,,42
5f459a12bcbf627ea270,data/plantvillage/raw/color/Apple___Apple_scab/43712608-0fa2-4be2-91a0-242aca469cb4___FREC_Scab 2985.JPG,scab,1,g0147,s_reliability,reliability_train,gaussian_blur,7266482723580271566,,,0.5111016984097757,,42
0c9a08800086f2dc4758,data/plantvillage/raw/color/Apple___Apple_scab/43712608-0fa2-4be2-91a0-242aca469cb4___FREC_Scab 2985.JPG,scab,1,g0147,s_reliability,reliability_train,gaussian_noise,1571319341414325066,,,,0.024629639630271004,42
adc2b97afabfa05e913a,data/plantvillage/raw/color/Apple___Apple_scab/45512c84-e453-459c-b12f-1d08ce44001b___FREC_Scab 3072.JPG,scab,1,g0159,s_reliability,reliability_train,original,,,,,,42
d4e9f995e28bdcdcc413,data/plantvillage/raw/color/Apple___Apple_scab/45512c84-e453-459c-b12f-1d08ce44001b___FREC_Scab 3072.JPG,scab,1,g0159,s_reliability,reliability_train,brightness,5653991356129424365,0.7319671295436548,,,,42
8c892005797adf669c33,data/plantvillage/raw/color/Apple___Apple_scab/45512c84-e453-459c-b12f-1d08ce44001b___FREC_Scab 3072.JPG,scab,1,g0159,s_reliability,reliability_train,contrast,1087245000167908400,,0.9986030841023361,,,42
05be2960c749dced457e,data/plantvillage/raw/color/Apple___Apple_scab/45512c84-e453-459c-b12f-1d08ce44001b___FREC_Scab 3072.JPG,scab,1,g0159,s_reliability,reliability_train,gaussian_blur,6476666595109492564,,,0.6421706992783448,,42
e3eb17d35a4fbf98d240,data/plantvillage/raw/color/Apple___Apple_scab/45512c84-e453-459c-b12f-1d08ce44001b___FREC_Scab 3072.JPG,scab,1,g0159,s_reliability,reliability_train,gaussian_noise,6180699814669754536,,,,0.047463218943106456,42
9c3d48d1b7a3addcd4c1,data/plantvillage/raw/color/Apple___Apple_scab/48dcb319-8b65-4bac-bba4-aa8ffa8abdd0___FREC_Scab 3519.JPG,scab,1,g0171,s_reliability,reliability_train,original,,,,,,42
a6a7bca35844a7b96077,data/plantvillage/raw/color/Apple___Apple_scab/48dcb319-8b65-4bac-bba4-aa8ffa8abdd0___FREC_Scab 3519.JPG,scab,1,g0171,s_reliability,reliability_train,brightness,315850699881969443,1.1323126322803667,,,,42
0fc6926d7147ae63e2e9,data/plantvillage/raw/color/Apple___Apple_scab/48dcb319-8b65-4bac-bba4-aa8ffa8abdd0___FREC_Scab 3519.JPG,scab,1,g0171,s_reliability,reliability_train,contrast,6407292228298737614,,1.057826123312905,,,42
c7f02191c581ffd8f1c2,data/plantvillage/raw/color/Apple___Apple_scab/48dcb319-8b65-4bac-bba4-aa8ffa8abdd0___FREC_Scab 3519.JPG,scab,1,g0171,s_reliability,reliability_train,gaussian_blur,5852067725750458866,,,1.0041692231918855,,42
ad667f6d5fd430fc75ae,data/plantvillage/raw/color/Apple___Apple_scab/48dcb319-8b65-4bac-bba4-aa8ffa8abdd0___FREC_Scab 3519.JPG,scab,1,g0171,s_reliability,reliability_train,gaussian_noise,2660582020477628795,,,,0.04211451740373435,42
e6d2496b9bc7bbe7c934,data/plantvillage/raw/color/Apple___Apple_scab/4940cd87-695e-4f4d-8a45-5490812447cc___FREC_Scab 3044.JPG,scab,1,g0173,s_reliability,reliability_train,original,,,,,,42
02d44894cdb2a45ae2eb,data/plantvillage/raw/color/Apple___Apple_scab/4940cd87-695e-4f4d-8a45-5490812447cc___FREC_Scab 3044.JPG,scab,1,g0173,s_reliability,reliability_train,brightness,5061384866469226955,1.004696217332115,,,,42
4e60e9a6391b65024cfa,data/plantvillage/raw/color/Apple___Apple_scab/4940cd87-695e-4f4d-8a45-5490812447cc___FREC_Scab 3044.JPG,scab,1,g0173,s_reliability,reliability_train,contrast,191515383504249845,,1.0269216727903994,,,42
a1ff140551fd09592eef,data/plantvillage/raw/color/Apple___Apple_scab/4940cd87-695e-4f4d-8a45-5490812447cc___FREC_Scab 3044.JPG,scab,1,g0173,s_reliability,reliability_train,gaussian_blur,95070497036913562,,,1.0312774043501682,,42
c356ae804f5466c2f19f,data/plantvillage/raw/color/Apple___Apple_scab/4940cd87-695e-4f4d-8a45-5490812447cc___FREC_Scab 3044.JPG,scab,1,g0173,s_reliability,reliability_train,gaussian_noise,8350126307817510253,,,,0.022990729295607172,42
3e70ef9aab9bbc64708f,data/plantvillage/raw/color/Apple___Apple_scab/4bb38e05-1d5a-40c6-8638-10db134db682___FREC_Scab 3390.JPG,scab,1,g0181,s_reliability,reliability_train,original,,,,,,42
28d1a81f42723c38bf57,data/plantvillage/raw/color/Apple___Apple_scab/4bb38e05-1d5a-40c6-8638-10db134db682___FREC_Scab 3390.JPG,scab,1,g0181,s_reliability,reliability_train,brightness,3980641125599092220,1.248327570381468,,,,42
57cc8add2cd45f138eb0,data/plantvillage/raw/color/Apple___Apple_scab/4bb38e05-1d5a-40c6-8638-10db134db682___FREC_Scab 3390.JPG,scab,1,g0181,s_reliability,reliability_train,contrast,8921008466687068200,,1.217904985814624,,,42
3d3907588b0a300ab8c2,data/plantvillage/raw/color/Apple___Apple_scab/4bb38e05-1d5a-40c6-8638-10db134db682___FREC_Scab 3390.JPG,scab,1,g0181,s_reliability,reliability_train,gaussian_blur,1128589362374625567,,,0.5308441864328186,,42
91f4d35ea9ba067b4fd4,data/plantvillage/raw/color/Apple___Apple_scab/4bb38e05-1d5a-40c6-8638-10db134db682___FREC_Scab 3390.JPG,scab,1,g0181,s_reliability,reliability_train,gaussian_noise,3104456263551083076,,,,0.023196428813188553,42
812a1390d2ca3db68b26,data/plantvillage/raw/color/Apple___Apple_scab/4d3bcf15-cc49-4189-82e1-780efdf625a8___FREC_Scab 3254.JPG,scab,1,g0184,s_reliability,reliability_train,original,,,,,,42
bedcb93328aeab23f185,data/plantvillage/raw/color/Apple___Apple_scab/4d3bcf15-cc49-4189-82e1-780efdf625a8___FREC_Scab 3254.JPG,scab,1,g0184,s_reliability,reliability_train,brightness,303663910959782898,1.0890401170830422,,,,42
893890a5612573e408de,data/plantvillage/raw/color/Apple___Apple_scab/4d3bcf15-cc49-4189-82e1-780efdf625a8___FREC_Scab 3254.JPG,scab,1,g0184,s_reliability,reliability_train,contrast,2152542750197229924,,0.8914518575507488,,,42
1d520b7c7c25812879e2,data/plantvillage/raw/color/Apple___Apple_scab/4d3bcf15-cc49-4189-82e1-780efdf625a8___FREC_Scab 3254.JPG,scab,1,g0184,s_reliability,reliability_train,gaussian_blur,1386717997348285917,,,0.9669488287255866,,42
8474f43a1b7d0d11b2bb,data/plantvillage/raw/color/Apple___Apple_scab/4d3bcf15-cc49-4189-82e1-780efdf625a8___FREC_Scab 3254.JPG,scab,1,g0184,s_reliability,reliability_train,gaussian_noise,2673587236834822058,,,,0.026060647143491225,42
618e28811a6b0681421a,data/plantvillage/raw/color/Apple___Apple_scab/51929389-451f-4c78-a66b-b644e82a33b6___FREC_Scab 3528.JPG,scab,1,g0191,s_reliability,reliability_train,original,,,,,,42
e99d77ece3749273700f,data/plantvillage/raw/color/Apple___Apple_scab/51929389-451f-4c78-a66b-b644e82a33b6___FREC_Scab 3528.JPG,scab,1,g0191,s_reliability,reliability_train,brightness,4398362704767388234,0.9192182712514546,,,,42
2fdc93a0ca0d4406aa76,data/plantvillage/raw/color/Apple___Apple_scab/51929389-451f-4c78-a66b-b644e82a33b6___FREC_Scab 3528.JPG,scab,1,g0191,s_reliability,reliability_train,contrast,2203112900071374911,,1.2023645906084068,,,42
88366cd9d8f76d3ec84a,data/plantvillage/raw/color/Apple___Apple_scab/51929389-451f-4c78-a66b-b644e82a33b6___FREC_Scab 3528.JPG,scab,1,g0191,s_reliability,reliability_train,gaussian_blur,4158329901920184381,,,1.1761352645449188,,42
433b386aaf65d2046a8c,data/plantvillage/raw/color/Apple___Apple_scab/51929389-451f-4c78-a66b-b644e82a33b6___FREC_Scab 3528.JPG,scab,1,g0191,s_reliability,reliability_train,gaussian_noise,6800525090690705494,,,,0.023146649281191263,42
1c531383f5a76e9b2f4e,data/plantvillage/raw/color/Apple___Apple_scab/52d5723a-b498-4759-89a1-a7d815689716___FREC_Scab 3034.JPG,scab,1,g0192,s_reliability,reliability_train,original,,,,,,42
fc9a6ff46105a52092d1,data/plantvillage/raw/color/Apple___Apple_scab/52d5723a-b498-4759-89a1-a7d815689716___FREC_Scab 3034.JPG,scab,1,g0192,s_reliability,reliability_train,brightness,622528440195816952,0.7340631525116548,,,,42
9c90fc0c047a190c4244,data/plantvillage/raw/color/Apple___Apple_scab/52d5723a-b498-4759-89a1-a7d815689716___FREC_Scab 3034.JPG,scab,1,g0192,s_reliability,reliability_train,contrast,1880509566909888583,,0.9533051335182625,,,42
fede71cfd86be7ff9ed7,data/plantvillage/raw/color/Apple___Apple_scab/52d5723a-b498-4759-89a1-a7d815689716___FREC_Scab 3034.JPG,scab,1,g0192,s_reliability,reliability_train,gaussian_blur,254008914887685602,,,1.3647796569965398,,42
1b5271da5af6d8dcfbb7,data/plantvillage/raw/color/Apple___Apple_scab/52d5723a-b498-4759-89a1-a7d815689716___FREC_Scab 3034.JPG,scab,1,g0192,s_reliability,reliability_train,gaussian_noise,1698295839343420343,,,,0.016199261301363503,42
b1412b21a5855170cff5,data/plantvillage/raw/color/Apple___Apple_scab/537873ed-fc63-4df3-bb6a-a5bf4c742619___FREC_Scab 3505.JPG,scab,1,g0196,s_reliability,reliability_train,original,,,,,,42
54235eea4414241186f8,data/plantvillage/raw/color/Apple___Apple_scab/537873ed-fc63-4df3-bb6a-a5bf4c742619___FREC_Scab 3505.JPG,scab,1,g0196,s_reliability,reliability_train,brightness,4827566808374972934,1.1689312316662586,,,,42
0f12e7fad1109bc3fb73,data/plantvillage/raw/color/Apple___Apple_scab/537873ed-fc63-4df3-bb6a-a5bf4c742619___FREC_Scab 3505.JPG,scab,1,g0196,s_reliability,reliability_train,contrast,2028427519791067371,,1.2937799370772112,,,42
f1fdabd3b65517903ac2,data/plantvillage/raw/color/Apple___Apple_scab/537873ed-fc63-4df3-bb6a-a5bf4c742619___FREC_Scab 3505.JPG,scab,1,g0196,s_reliability,reliability_train,gaussian_blur,6772506432898899466,,,0.7251326158807576,,42
897a60aec0fdbbce6016,data/plantvillage/raw/color/Apple___Apple_scab/537873ed-fc63-4df3-bb6a-a5bf4c742619___FREC_Scab 3505.JPG,scab,1,g0196,s_reliability,reliability_train,gaussian_noise,3736080959862683205,,,,0.030929076406615658,42
eb804ea4b5cb9738fddd,data/plantvillage/raw/color/Apple___Apple_scab/5eb564a6-cd74-4c90-95d9-611a6301369d___FREC_Scab 3099.JPG,scab,1,g0215,s_reliability,reliability_val,original,,,,,,42
bc13b74395243e28c321,data/plantvillage/raw/color/Apple___Apple_scab/5eb564a6-cd74-4c90-95d9-611a6301369d___FREC_Scab 3099.JPG,scab,1,g0215,s_reliability,reliability_val,brightness,3205291794462614756,1.1957336589566414,,,,42
1265878ebe7aaee0b283,data/plantvillage/raw/color/Apple___Apple_scab/5eb564a6-cd74-4c90-95d9-611a6301369d___FREC_Scab 3099.JPG,scab,1,g0215,s_reliability,reliability_val,contrast,4661497152299683125,,0.7736384729048587,,,42
000c6066723b24e8ea91,data/plantvillage/raw/color/Apple___Apple_scab/5eb564a6-cd74-4c90-95d9-611a6301369d___FREC_Scab 3099.JPG,scab,1,g0215,s_reliability,reliability_val,gaussian_blur,8499203802068637771,,,1.3635992980978995,,42
8c13fc02aa7df5078b0b,data/plantvillage/raw/color/Apple___Apple_scab/5eb564a6-cd74-4c90-95d9-611a6301369d___FREC_Scab 3099.JPG,scab,1,g0215,s_reliability,reliability_val,gaussian_noise,1898078027518019942,,,,0.026962445566572887,42
e5f5ba8509b0f355fca0,data/plantvillage/raw/color/Apple___Apple_scab/60226bd7-db11-4d7e-ba29-a5136f6bebe0___FREC_Scab 3470.JPG,scab,1,g0218,s_reliability,reliability_train,original,,,,,,42
19078d970f884483425a,data/plantvillage/raw/color/Apple___Apple_scab/60226bd7-db11-4d7e-ba29-a5136f6bebe0___FREC_Scab 3470.JPG,scab,1,g0218,s_reliability,reliability_train,brightness,8496782424577321959,0.8454752592765677,,,,42
9c952028c9dda9b964d2,data/plantvillage/raw/color/Apple___Apple_scab/60226bd7-db11-4d7e-ba29-a5136f6bebe0___FREC_Scab 3470.JPG,scab,1,g0218,s_reliability,reliability_train,contrast,2180145978110394669,,0.9135742189979649,,,42
0a66a181eb704854ecff,data/plantvillage/raw/color/Apple___Apple_scab/60226bd7-db11-4d7e-ba29-a5136f6bebe0___FREC_Scab 3470.JPG,scab,1,g0218,s_reliability,reliability_train,gaussian_blur,6308648736248522766,,,1.341738126860692,,42
6a937867c9f151b2165d,data/plantvillage/raw/color/Apple___Apple_scab/60226bd7-db11-4d7e-ba29-a5136f6bebe0___FREC_Scab 3470.JPG,scab,1,g0218,s_reliability,reliability_train,gaussian_noise,6573095684920808455,,,,0.010026063362408704,42
80ebab1a0ab2dbc62018,data/plantvillage/raw/color/Apple___Apple_scab/60f3ba82-caf1-4cf7-998c-b0005458fa38___FREC_Scab 3226.JPG,scab,1,g0219,s_reliability,reliability_train,original,,,,,,42
e72ccdf86c230217ecf9,data/plantvillage/raw/color/Apple___Apple_scab/60f3ba82-caf1-4cf7-998c-b0005458fa38___FREC_Scab 3226.JPG,scab,1,g0219,s_reliability,reliability_train,brightness,1617582056988557503,0.7252677030182216,,,,42
679d562e606cabeb4219,data/plantvillage/raw/color/Apple___Apple_scab/60f3ba82-caf1-4cf7-998c-b0005458fa38___FREC_Scab 3226.JPG,scab,1,g0219,s_reliability,reliability_train,contrast,6231376786905491520,,0.769037960708494,,,42
a6893c3320239a2abef0,data/plantvillage/raw/color/Apple___Apple_scab/60f3ba82-caf1-4cf7-998c-b0005458fa38___FREC_Scab 3226.JPG,scab,1,g0219,s_reliability,reliability_train,gaussian_blur,8256010960060555237,,,1.129314368861564,,42
79c32a781e31ade1231f,data/plantvillage/raw/color/Apple___Apple_scab/60f3ba82-caf1-4cf7-998c-b0005458fa38___FREC_Scab 3226.JPG,scab,1,g0219,s_reliability,reliability_train,gaussian_noise,8445538856220460277,,,,0.04542596068268893,42
466aabb457fd0403d605,data/plantvillage/raw/color/Apple___Apple_scab/61373045-a7a5-4213-94fb-7d81638d5561___FREC_Scab 3430.JPG,scab,1,g0221,s_reliability,reliability_train,original,,,,,,42
132ddd364784a95b187b,data/plantvillage/raw/color/Apple___Apple_scab/61373045-a7a5-4213-94fb-7d81638d5561___FREC_Scab 3430.JPG,scab,1,g0221,s_reliability,reliability_train,brightness,7521554373475899626,1.2097945773291288,,,,42
62458c3f1feb722ac6b5,data/plantvillage/raw/color/Apple___Apple_scab/61373045-a7a5-4213-94fb-7d81638d5561___FREC_Scab 3430.JPG,scab,1,g0221,s_reliability,reliability_train,contrast,1612576418680129856,,0.9400264643474721,,,42
b7c6d2681412598b3c6c,data/plantvillage/raw/color/Apple___Apple_scab/61373045-a7a5-4213-94fb-7d81638d5561___FREC_Scab 3430.JPG,scab,1,g0221,s_reliability,reliability_train,gaussian_blur,8700478756770745960,,,0.9808991006687942,,42
c902fc4aaf4205818fc9,data/plantvillage/raw/color/Apple___Apple_scab/61373045-a7a5-4213-94fb-7d81638d5561___FREC_Scab 3430.JPG,scab,1,g0221,s_reliability,reliability_train,gaussian_noise,3616955282686372369,,,,0.02097296684851099,42
d683c5c461a10e6acdf3,data/plantvillage/raw/color/Apple___Apple_scab/623fb084-dbac-42fb-b636-7cfcb89ba9f6___FREC_Scab 3437.JPG,scab,1,g0224,s_reliability,reliability_train,original,,,,,,42
62d6ede0c0eae5eba924,data/plantvillage/raw/color/Apple___Apple_scab/623fb084-dbac-42fb-b636-7cfcb89ba9f6___FREC_Scab 3437.JPG,scab,1,g0224,s_reliability,reliability_train,brightness,2929485961519639587,0.7025502631974108,,,,42
d452383e9b11e53e1307,data/plantvillage/raw/color/Apple___Apple_scab/623fb084-dbac-42fb-b636-7cfcb89ba9f6___FREC_Scab 3437.JPG,scab,1,g0224,s_reliability,reliability_train,contrast,7841055924283030490,,1.2733049395231255,,,42
acd0ea776bd6241d7701,data/plantvillage/raw/color/Apple___Apple_scab/623fb084-dbac-42fb-b636-7cfcb89ba9f6___FREC_Scab 3437.JPG,scab,1,g0224,s_reliability,reliability_train,gaussian_blur,4015754173079648170,,,1.3106190699878222,,42
eb040a9c9047fcc22491,data/plantvillage/raw/color/Apple___Apple_scab/623fb084-dbac-42fb-b636-7cfcb89ba9f6___FREC_Scab 3437.JPG,scab,1,g0224,s_reliability,reliability_train,gaussian_noise,4984070843131209127,,,,0.04186245710778475,42
16c7269d9805eb2b6c28,data/plantvillage/raw/color/Apple___Apple_scab/63e1d796-f00e-4c24-9871-2eae6f9c9ced___FREC_Scab 3078.JPG,scab,1,g0230,s_reliability,reliability_train,original,,,,,,42
a0a8e5eb846d79b190ee,data/plantvillage/raw/color/Apple___Apple_scab/63e1d796-f00e-4c24-9871-2eae6f9c9ced___FREC_Scab 3078.JPG,scab,1,g0230,s_reliability,reliability_train,brightness,651021721672551988,0.7952594793895952,,,,42
9ec79ffeb6ea2806ae48,data/plantvillage/raw/color/Apple___Apple_scab/63e1d796-f00e-4c24-9871-2eae6f9c9ced___FREC_Scab 3078.JPG,scab,1,g0230,s_reliability,reliability_train,contrast,877616976303108822,,1.1727370062528133,,,42
ce1a134249756e88d7e6,data/plantvillage/raw/color/Apple___Apple_scab/63e1d796-f00e-4c24-9871-2eae6f9c9ced___FREC_Scab 3078.JPG,scab,1,g0230,s_reliability,reliability_train,gaussian_blur,423065927302513909,,,1.2798342243438636,,42
9ee5b82fc05fed652872,data/plantvillage/raw/color/Apple___Apple_scab/63e1d796-f00e-4c24-9871-2eae6f9c9ced___FREC_Scab 3078.JPG,scab,1,g0230,s_reliability,reliability_train,gaussian_noise,3176116166738960252,,,,0.027876471934458052,42
33553e8aea8dfceadaf0,data/plantvillage/raw/color/Apple___Apple_scab/663ad178-6346-4b89-8074-6655f1be1578___FREC_Scab 3500.JPG,scab,1,g0238,s_reliability,reliability_train,original,,,,,,42
0c6c726e159621790580,data/plantvillage/raw/color/Apple___Apple_scab/663ad178-6346-4b89-8074-6655f1be1578___FREC_Scab 3500.JPG,scab,1,g0238,s_reliability,reliability_train,brightness,5531442572219884305,1.062465341445741,,,,42
848468d0693f26769210,data/plantvillage/raw/color/Apple___Apple_scab/663ad178-6346-4b89-8074-6655f1be1578___FREC_Scab 3500.JPG,scab,1,g0238,s_reliability,reliability_train,contrast,7341513849243422424,,0.8967145413807569,,,42
5f182ad335f7b35435ca,data/plantvillage/raw/color/Apple___Apple_scab/663ad178-6346-4b89-8074-6655f1be1578___FREC_Scab 3500.JPG,scab,1,g0238,s_reliability,reliability_train,gaussian_blur,5346926929235214822,,,1.4449789981235002,,42
d79fd6e779735df5a87a,data/plantvillage/raw/color/Apple___Apple_scab/663ad178-6346-4b89-8074-6655f1be1578___FREC_Scab 3500.JPG,scab,1,g0238,s_reliability,reliability_train,gaussian_noise,4006056403580943165,,,,0.0444995761628125,42
892f90e7a64f7dc20627,data/plantvillage/raw/color/Apple___Apple_scab/6643566f-d980-4bdb-88d7-4d3ab3c771fa___FREC_Scab 3038.JPG,scab,1,g0239,s_reliability,reliability_train,original,,,,,,42
feffeafd84024560496b,data/plantvillage/raw/color/Apple___Apple_scab/6643566f-d980-4bdb-88d7-4d3ab3c771fa___FREC_Scab 3038.JPG,scab,1,g0239,s_reliability,reliability_train,brightness,8404593942256361612,0.766833734902625,,,,42
ae9c1cd42c3ba9270535,data/plantvillage/raw/color/Apple___Apple_scab/6643566f-d980-4bdb-88d7-4d3ab3c771fa___FREC_Scab 3038.JPG,scab,1,g0239,s_reliability,reliability_train,contrast,1436399466966170753,,1.2834431526662844,,,42
da3d9d9a48c6d4a318d0,data/plantvillage/raw/color/Apple___Apple_scab/6643566f-d980-4bdb-88d7-4d3ab3c771fa___FREC_Scab 3038.JPG,scab,1,g0239,s_reliability,reliability_train,gaussian_blur,9060857898882006340,,,0.7139407766924388,,42
44c2f5795720cbc8c49d,data/plantvillage/raw/color/Apple___Apple_scab/6643566f-d980-4bdb-88d7-4d3ab3c771fa___FREC_Scab 3038.JPG,scab,1,g0239,s_reliability,reliability_train,gaussian_noise,1415595690723101196,,,,0.023650202479074376,42
de81a1af596f8c00251e,data/plantvillage/raw/color/Apple___Apple_scab/66fab3e4-d6e3-4a6d-aff0-4fe011ef8eb3___FREC_Scab 3153.JPG,scab,1,g0240,s_reliability,reliability_val,original,,,,,,42
c19880cf805977def6cb,data/plantvillage/raw/color/Apple___Apple_scab/66fab3e4-d6e3-4a6d-aff0-4fe011ef8eb3___FREC_Scab 3153.JPG,scab,1,g0240,s_reliability,reliability_val,brightness,7387841424495167205,1.2652739628829588,,,,42
a97c910918116e672a7d,data/plantvillage/raw/color/Apple___Apple_scab/66fab3e4-d6e3-4a6d-aff0-4fe011ef8eb3___FREC_Scab 3153.JPG,scab,1,g0240,s_reliability,reliability_val,contrast,6284561939902900866,,0.7223339224933566,,,42
953a8d6aa17e5f72f49c,data/plantvillage/raw/color/Apple___Apple_scab/66fab3e4-d6e3-4a6d-aff0-4fe011ef8eb3___FREC_Scab 3153.JPG,scab,1,g0240,s_reliability,reliability_val,gaussian_blur,8156864285975510504,,,0.8160255498389924,,42
e1a96f017c3a7142156b,data/plantvillage/raw/color/Apple___Apple_scab/66fab3e4-d6e3-4a6d-aff0-4fe011ef8eb3___FREC_Scab 3153.JPG,scab,1,g0240,s_reliability,reliability_val,gaussian_noise,1578294014356913619,,,,0.015354182598727974,42
d1c5f896e3b868c61837,data/plantvillage/raw/color/Apple___Apple_scab/67c7e9f9-19ca-4fb5-a2b1-8efdeed7b9e2___FREC_Scab 3397.JPG,scab,1,g0244,s_reliability,reliability_train,original,,,,,,42
8c8e7a3851bd67d38e3c,data/plantvillage/raw/color/Apple___Apple_scab/67c7e9f9-19ca-4fb5-a2b1-8efdeed7b9e2___FREC_Scab 3397.JPG,scab,1,g0244,s_reliability,reliability_train,brightness,1646881167271085999,1.069112412058353,,,,42
9a5528cb89fb38c0581b,data/plantvillage/raw/color/Apple___Apple_scab/67c7e9f9-19ca-4fb5-a2b1-8efdeed7b9e2___FREC_Scab 3397.JPG,scab,1,g0244,s_reliability,reliability_train,contrast,5144392295984696762,,1.2224187845382346,,,42
2a008b4270902104a89b,data/plantvillage/raw/color/Apple___Apple_scab/67c7e9f9-19ca-4fb5-a2b1-8efdeed7b9e2___FREC_Scab 3397.JPG,scab,1,g0244,s_reliability,reliability_train,gaussian_blur,5318482411642153416,,,1.4659431673432612,,42
10a68f54d4220c354041,data/plantvillage/raw/color/Apple___Apple_scab/67c7e9f9-19ca-4fb5-a2b1-8efdeed7b9e2___FREC_Scab 3397.JPG,scab,1,g0244,s_reliability,reliability_train,gaussian_noise,8020585154193051076,,,,0.026317530593913098,42
341184f397d6ef1c92e6,data/plantvillage/raw/color/Apple___Apple_scab/6a006aa9-a9f2-4269-9fd9-7a879f01faf1___FREC_Scab 3117.JPG,scab,1,g0250,s_reliability,reliability_train,original,,,,,,42
d37c6b44ea7764500095,data/plantvillage/raw/color/Apple___Apple_scab/6a006aa9-a9f2-4269-9fd9-7a879f01faf1___FREC_Scab 3117.JPG,scab,1,g0250,s_reliability,reliability_train,brightness,3944223664764724421,1.0304881802071089,,,,42
7b16c4e86a09f1b19fe5,data/plantvillage/raw/color/Apple___Apple_scab/6a006aa9-a9f2-4269-9fd9-7a879f01faf1___FREC_Scab 3117.JPG,scab,1,g0250,s_reliability,reliability_train,contrast,8763709460738093809,,1.2401074869332414,,,42
4792f9b6e4f3a6ac2cfc,data/plantvillage/raw/color/Apple___Apple_scab/6a006aa9-a9f2-4269-9fd9-7a879f01faf1___FREC_Scab 3117.JPG,scab,1,g0250,s_reliability,reliability_train,gaussian_blur,3380275719007634387,,,1.050618332047042,,42
3358bbc527afbe18b9da,data/plantvillage/raw/color/Apple___Apple_scab/6a006aa9-a9f2-4269-9fd9-7a879f01faf1___FREC_Scab 3117.JPG,scab,1,g0250,s_reliability,reliability_train,gaussian_noise,4430312275333913775,,,,0.012927396615342453,42
0f579748d9d3f4f6fbab,data/plantvillage/raw/color/Apple___Apple_scab/6b5e1187-9b7b-4b4c-912f-b2175619f35f___FREC_Scab 3121.JPG,scab,1,g0255,s_reliability,reliability_train,original,,,,,,42
62ccf1f1449c4a464de3,data/plantvillage/raw/color/Apple___Apple_scab/6b5e1187-9b7b-4b4c-912f-b2175619f35f___FREC_Scab 3121.JPG,scab,1,g0255,s_reliability,reliability_train,brightness,3555923660447715866,0.8290640794867432,,,,42
8e1259806c7d21e0997e,data/plantvillage/raw/color/Apple___Apple_scab/6b5e1187-9b7b-4b4c-912f-b2175619f35f___FREC_Scab 3121.JPG,scab,1,g0255,s_reliability,reliability_train,contrast,7190483874321341939,,0.805632083057742,,,42
b8704f43a9c12228d5d2,data/plantvillage/raw/color/Apple___Apple_scab/6b5e1187-9b7b-4b4c-912f-b2175619f35f___FREC_Scab 3121.JPG,scab,1,g0255,s_reliability,reliability_train,gaussian_blur,8878382452324125086,,,0.9464187802356487,,42
2ffc456d7ae963e63018,data/plantvillage/raw/color/Apple___Apple_scab/6b5e1187-9b7b-4b4c-912f-b2175619f35f___FREC_Scab 3121.JPG,scab,1,g0255,s_reliability,reliability_train,gaussian_noise,1198613978728796660,,,,0.03559988416484856,42
8ab01bd43e8b0ae07bfb,data/plantvillage/raw/color/Apple___Apple_scab/6b66d8dd-af9f-43b5-a43f-6e4c6d64bede___FREC_Scab 3248.JPG,scab,1,g0256,s_reliability,reliability_train,original,,,,,,42
8b7d83d296a68cd79ba2,data/plantvillage/raw/color/Apple___Apple_scab/6b66d8dd-af9f-43b5-a43f-6e4c6d64bede___FREC_Scab 3248.JPG,scab,1,g0256,s_reliability,reliability_train,brightness,5383600139489336851,1.1255390597199812,,,,42
cc907197d110db6eef47,data/plantvillage/raw/color/Apple___Apple_scab/6b66d8dd-af9f-43b5-a43f-6e4c6d64bede___FREC_Scab 3248.JPG,scab,1,g0256,s_reliability,reliability_train,contrast,1616489432133561999,,0.8795335395349284,,,42
8ba37938c2429f013121,data/plantvillage/raw/color/Apple___Apple_scab/6b66d8dd-af9f-43b5-a43f-6e4c6d64bede___FREC_Scab 3248.JPG,scab,1,g0256,s_reliability,reliability_train,gaussian_blur,3196758830836076126,,,1.111167159169351,,42
b0855553af38df534ac2,data/plantvillage/raw/color/Apple___Apple_scab/6b66d8dd-af9f-43b5-a43f-6e4c6d64bede___FREC_Scab 3248.JPG,scab,1,g0256,s_reliability,reliability_train,gaussian_noise,862921709563001275,,,,0.020695232750406523,42
f303f8dc7af6ac8c3aa6,data/plantvillage/raw/color/Apple___Apple_scab/6fb62aa7-c3d4-457a-b95d-a8b3102cccd8___FREC_Scab 3005.JPG,scab,1,g0269,s_reliability,reliability_train,original,,,,,,42
08f495c5c7b7d67f6cac,data/plantvillage/raw/color/Apple___Apple_scab/6fb62aa7-c3d4-457a-b95d-a8b3102cccd8___FREC_Scab 3005.JPG,scab,1,g0269,s_reliability,reliability_train,brightness,6486059515081264910,1.178299708474525,,,,42
c38414ce6ad8200d3a29,data/plantvillage/raw/color/Apple___Apple_scab/6fb62aa7-c3d4-457a-b95d-a8b3102cccd8___FREC_Scab 3005.JPG,scab,1,g0269,s_reliability,reliability_train,contrast,6953119212176336190,,1.0616477098285224,,,42
d415d636f4d03bfe8677,data/plantvillage/raw/color/Apple___Apple_scab/6fb62aa7-c3d4-457a-b95d-a8b3102cccd8___FREC_Scab 3005.JPG,scab,1,g0269,s_reliability,reliability_train,gaussian_blur,52680723438308863,,,1.4082724230657226,,42
a7f5c04ef42cab70a537,data/plantvillage/raw/color/Apple___Apple_scab/6fb62aa7-c3d4-457a-b95d-a8b3102cccd8___FREC_Scab 3005.JPG,scab,1,g0269,s_reliability,reliability_train,gaussian_noise,3753785555469801204,,,,0.019333933799091426,42
2cd7ebf52f5424a45a33,data/plantvillage/raw/color/Apple___Apple_scab/72317b7f-8162-4454-b6db-c2e6e5455911___FREC_Scab 3088.JPG,scab,1,g0273,s_reliability,reliability_train,original,,,,,,42
15f2f850ca3942255120,data/plantvillage/raw/color/Apple___Apple_scab/72317b7f-8162-4454-b6db-c2e6e5455911___FREC_Scab 3088.JPG,scab,1,g0273,s_reliability,reliability_train,brightness,4259737954215672467,1.2136302349744992,,,,42
55a5a4be87448b9ada66,data/plantvillage/raw/color/Apple___Apple_scab/72317b7f-8162-4454-b6db-c2e6e5455911___FREC_Scab 3088.JPG,scab,1,g0273,s_reliability,reliability_train,contrast,2965175072119230189,,1.1062816995925917,,,42
fab9cb17190fb8d0bf90,data/plantvillage/raw/color/Apple___Apple_scab/72317b7f-8162-4454-b6db-c2e6e5455911___FREC_Scab 3088.JPG,scab,1,g0273,s_reliability,reliability_train,gaussian_blur,6101352737029410608,,,1.138812776291585,,42
01c7412f9b6a7a8f2564,data/plantvillage/raw/color/Apple___Apple_scab/72317b7f-8162-4454-b6db-c2e6e5455911___FREC_Scab 3088.JPG,scab,1,g0273,s_reliability,reliability_train,gaussian_noise,7779828112337972570,,,,0.022564658059232384,42
beb775de2c87d9bef274,data/plantvillage/raw/color/Apple___Apple_scab/76e50482-74b2-468f-8556-7669e1682f1e___FREC_Scab 3323.JPG,scab,1,g0284,s_reliability,reliability_train,original,,,,,,42
73420c587f8ca9bddce6,data/plantvillage/raw/color/Apple___Apple_scab/76e50482-74b2-468f-8556-7669e1682f1e___FREC_Scab 3323.JPG,scab,1,g0284,s_reliability,reliability_train,brightness,9001436806462123350,1.1482481951899617,,,,42
b64cb2a74ec208b6517c,data/plantvillage/raw/color/Apple___Apple_scab/76e50482-74b2-468f-8556-7669e1682f1e___FREC_Scab 3323.JPG,scab,1,g0284,s_reliability,reliability_train,contrast,935706156177606957,,1.1352860440103645,,,42
5f0020a1a2d3e9a3a846,data/plantvillage/raw/color/Apple___Apple_scab/76e50482-74b2-468f-8556-7669e1682f1e___FREC_Scab 3323.JPG,scab,1,g0284,s_reliability,reliability_train,gaussian_blur,3806873319062406691,,,0.7563178040613654,,42
6e5d69e35ca198494028,data/plantvillage/raw/color/Apple___Apple_scab/76e50482-74b2-468f-8556-7669e1682f1e___FREC_Scab 3323.JPG,scab,1,g0284,s_reliability,reliability_train,gaussian_noise,2447145241581560903,,,,0.03226910685442227,42
54e4abc147c9a123a117,data/plantvillage/raw/color/Apple___Apple_scab/792c3972-8724-45b6-8ba0-eec0f675bc50___FREC_Scab 3120.JPG,scab,1,g0289,s_reliability,reliability_train,original,,,,,,42
d46a63feb934aeb54fd6,data/plantvillage/raw/color/Apple___Apple_scab/792c3972-8724-45b6-8ba0-eec0f675bc50___FREC_Scab 3120.JPG,scab,1,g0289,s_reliability,reliability_train,brightness,4427444548928737312,1.0158115030816135,,,,42
91eef8c8c4752aeb78e5,data/plantvillage/raw/color/Apple___Apple_scab/792c3972-8724-45b6-8ba0-eec0f675bc50___FREC_Scab 3120.JPG,scab,1,g0289,s_reliability,reliability_train,contrast,6318739556741432998,,1.063118615887179,,,42
860ec42b9439742689e0,data/plantvillage/raw/color/Apple___Apple_scab/792c3972-8724-45b6-8ba0-eec0f675bc50___FREC_Scab 3120.JPG,scab,1,g0289,s_reliability,reliability_train,gaussian_blur,8635417635505964497,,,1.3881483637684875,,42
4ad5a2bcf6f20c3ad77d,data/plantvillage/raw/color/Apple___Apple_scab/792c3972-8724-45b6-8ba0-eec0f675bc50___FREC_Scab 3120.JPG,scab,1,g0289,s_reliability,reliability_train,gaussian_noise,8573718978139073643,,,,0.026043812134846286,42
df71b004707330db4335,data/plantvillage/raw/color/Apple___Apple_scab/7bc2b2d5-b2b6-4ac2-9bbe-322ce8d7d9bb___FREC_Scab 2944.JPG,scab,1,g0295,s_reliability,reliability_train,original,,,,,,42
a840b0cacd89788f7658,data/plantvillage/raw/color/Apple___Apple_scab/7bc2b2d5-b2b6-4ac2-9bbe-322ce8d7d9bb___FREC_Scab 2944.JPG,scab,1,g0295,s_reliability,reliability_train,brightness,7441911032222068817,1.175378777944538,,,,42
e18d26c0a28d8f3eb7e8,data/plantvillage/raw/color/Apple___Apple_scab/7bc2b2d5-b2b6-4ac2-9bbe-322ce8d7d9bb___FREC_Scab 2944.JPG,scab,1,g0295,s_reliability,reliability_train,contrast,3218968026437738959,,0.9300177848589182,,,42
2eea9476f2b04be26970,data/plantvillage/raw/color/Apple___Apple_scab/7bc2b2d5-b2b6-4ac2-9bbe-322ce8d7d9bb___FREC_Scab 2944.JPG,scab,1,g0295,s_reliability,reliability_train,gaussian_blur,974215969777534437,,,1.2233599779735231,,42
fae104e2092b8f3d7c03,data/plantvillage/raw/color/Apple___Apple_scab/7bc2b2d5-b2b6-4ac2-9bbe-322ce8d7d9bb___FREC_Scab 2944.JPG,scab,1,g0295,s_reliability,reliability_train,gaussian_noise,7076022998597825792,,,,0.028212965435535746,42
8992521411ace85b96f0,data/plantvillage/raw/color/Apple___Apple_scab/7bf25c0a-6594-4777-9a67-49a6487bb203___FREC_Scab 2993.JPG,scab,1,g0297,s_reliability,reliability_train,original,,,,,,42
2979f1d06a6a038b0ca3,data/plantvillage/raw/color/Apple___Apple_scab/7bf25c0a-6594-4777-9a67-49a6487bb203___FREC_Scab 2993.JPG,scab,1,g0297,s_reliability,reliability_train,brightness,2277107555880666934,0.7992286175147714,,,,42
06140ef2ac598a613b8c,data/plantvillage/raw/color/Apple___Apple_scab/7bf25c0a-6594-4777-9a67-49a6487bb203___FREC_Scab 2993.JPG,scab,1,g0297,s_reliability,reliability_train,contrast,1089263953608580493,,1.0589717004097428,,,42
122cb9eaa840d6e27d34,data/plantvillage/raw/color/Apple___Apple_scab/7bf25c0a-6594-4777-9a67-49a6487bb203___FREC_Scab 2993.JPG,scab,1,g0297,s_reliability,reliability_train,gaussian_blur,3379368754574520610,,,0.6631829932532647,,42
00facb712a4c5d8e1361,data/plantvillage/raw/color/Apple___Apple_scab/7bf25c0a-6594-4777-9a67-49a6487bb203___FREC_Scab 2993.JPG,scab,1,g0297,s_reliability,reliability_train,gaussian_noise,2226125359114156089,,,,0.02667711235413267,42
92a4b5482cd5153e3dde,data/plantvillage/raw/color/Apple___Apple_scab/7ceb532d-1a58-4a25-bbff-8dd04a117744___FREC_Scab 3422.JPG,scab,1,g0301,s_reliability,reliability_train,original,,,,,,42
abfc4e5907bd1f067d10,data/plantvillage/raw/color/Apple___Apple_scab/7ceb532d-1a58-4a25-bbff-8dd04a117744___FREC_Scab 3422.JPG,scab,1,g0301,s_reliability,reliability_train,brightness,4448870632164728681,0.9567654336762157,,,,42
b4dd777e659cf45a2f10,data/plantvillage/raw/color/Apple___Apple_scab/7ceb532d-1a58-4a25-bbff-8dd04a117744___FREC_Scab 3422.JPG,scab,1,g0301,s_reliability,reliability_train,contrast,5562828008754951541,,0.9552919844284307,,,42
fd6e6bcd48a1fc9d2a4c,data/plantvillage/raw/color/Apple___Apple_scab/7ceb532d-1a58-4a25-bbff-8dd04a117744___FREC_Scab 3422.JPG,scab,1,g0301,s_reliability,reliability_train,gaussian_blur,4669972028130864203,,,0.9292082645419151,,42
033508fd5da9b1c6cbd0,data/plantvillage/raw/color/Apple___Apple_scab/7ceb532d-1a58-4a25-bbff-8dd04a117744___FREC_Scab 3422.JPG,scab,1,g0301,s_reliability,reliability_train,gaussian_noise,3291277149889399802,,,,0.022560373892789906,42
72831a0d027de109d890,data/plantvillage/raw/color/Apple___Apple_scab/7dbdcba3-395b-413e-bc22-cd0d0e11a1c9___FREC_Scab 3363.JPG,scab,1,g0302,s_reliability,reliability_val,original,,,,,,42
22ed91e6b5fdae9706e8,data/plantvillage/raw/color/Apple___Apple_scab/7dbdcba3-395b-413e-bc22-cd0d0e11a1c9___FREC_Scab 3363.JPG,scab,1,g0302,s_reliability,reliability_val,brightness,9216146155834624863,0.919516893201685,,,,42
034d1bf4d9c3f563e00b,data/plantvillage/raw/color/Apple___Apple_scab/7dbdcba3-395b-413e-bc22-cd0d0e11a1c9___FREC_Scab 3363.JPG,scab,1,g0302,s_reliability,reliability_val,contrast,6451980865858598289,,1.0284734918803422,,,42
577aee707c2cb392178c,data/plantvillage/raw/color/Apple___Apple_scab/7dbdcba3-395b-413e-bc22-cd0d0e11a1c9___FREC_Scab 3363.JPG,scab,1,g0302,s_reliability,reliability_val,gaussian_blur,4425597830222659663,,,1.4108915891882101,,42
53d9d95752f14122d71d,data/plantvillage/raw/color/Apple___Apple_scab/7dbdcba3-395b-413e-bc22-cd0d0e11a1c9___FREC_Scab 3363.JPG,scab,1,g0302,s_reliability,reliability_val,gaussian_noise,2081672023430139435,,,,0.040225133260916764,42
10f1b2ad91f8bdd88963,data/plantvillage/raw/color/Apple___Apple_scab/89888e39-a951-4507-a9c4-193aead90f64___FREC_Scab 3160.JPG,scab,1,g0339,s_reliability,reliability_train,original,,,,,,42
63b855f1dcc8ef2afd1f,data/plantvillage/raw/color/Apple___Apple_scab/89888e39-a951-4507-a9c4-193aead90f64___FREC_Scab 3160.JPG,scab,1,g0339,s_reliability,reliability_train,brightness,7999899811881368054,1.242118521306749,,,,42
6495a478ba5fc6b245b2,data/plantvillage/raw/color/Apple___Apple_scab/89888e39-a951-4507-a9c4-193aead90f64___FREC_Scab 3160.JPG,scab,1,g0339,s_reliability,reliability_train,contrast,103942717400153926,,0.9914238871260477,,,42
28c85cd36c1545a78334,data/plantvillage/raw/color/Apple___Apple_scab/89888e39-a951-4507-a9c4-193aead90f64___FREC_Scab 3160.JPG,scab,1,g0339,s_reliability,reliability_train,gaussian_blur,3239714277236538455,,,0.804029845258798,,42
08dcf01df10b9969f4a6,data/plantvillage/raw/color/Apple___Apple_scab/89888e39-a951-4507-a9c4-193aead90f64___FREC_Scab 3160.JPG,scab,1,g0339,s_reliability,reliability_train,gaussian_noise,2240827342697216255,,,,0.017791419555193345,42
ad209ce369142e41650c,data/plantvillage/raw/color/Apple___Apple_scab/919f1400-c9b6-4343-9708-0e70deabb85d___FREC_Scab 2941.JPG,scab,1,g0357,s_reliability,reliability_train,original,,,,,,42
b59f81256d062974d334,data/plantvillage/raw/color/Apple___Apple_scab/919f1400-c9b6-4343-9708-0e70deabb85d___FREC_Scab 2941.JPG,scab,1,g0357,s_reliability,reliability_train,brightness,7291232184966838105,0.9596275398208107,,,,42
f8f9d2e9c9b9c77e724d,data/plantvillage/raw/color/Apple___Apple_scab/919f1400-c9b6-4343-9708-0e70deabb85d___FREC_Scab 2941.JPG,scab,1,g0357,s_reliability,reliability_train,contrast,4229481435769825965,,1.27100283917368,,,42
5517d859c1a51bf40c1b,data/plantvillage/raw/color/Apple___Apple_scab/919f1400-c9b6-4343-9708-0e70deabb85d___FREC_Scab 2941.JPG,scab,1,g0357,s_reliability,reliability_train,gaussian_blur,2459335558620762044,,,1.1404076218528503,,42
a870978fa992b2a390bf,data/plantvillage/raw/color/Apple___Apple_scab/919f1400-c9b6-4343-9708-0e70deabb85d___FREC_Scab 2941.JPG,scab,1,g0357,s_reliability,reliability_train,gaussian_noise,4558413050314961557,,,,0.01660422802340984,42
f343c0dca7d515c56e0f,data/plantvillage/raw/color/Apple___Apple_scab/96a26f9f-76b9-456a-b39f-d390ff20bc58___FREC_Scab 3257.JPG,scab,1,g0365,s_reliability,reliability_train,original,,,,,,42
c25b77fd3e31d6e3db30,data/plantvillage/raw/color/Apple___Apple_scab/96a26f9f-76b9-456a-b39f-d390ff20bc58___FREC_Scab 3257.JPG,scab,1,g0365,s_reliability,reliability_train,brightness,7653376811334616251,1.2709834489802296,,,,42
328d9bab338cd2d3725b,data/plantvillage/raw/color/Apple___Apple_scab/96a26f9f-76b9-456a-b39f-d390ff20bc58___FREC_Scab 3257.JPG,scab,1,g0365,s_reliability,reliability_train,contrast,8744010153981327809,,1.0739582328674893,,,42
1ec7f6a5e503c52c7042,data/plantvillage/raw/color/Apple___Apple_scab/96a26f9f-76b9-456a-b39f-d390ff20bc58___FREC_Scab 3257.JPG,scab,1,g0365,s_reliability,reliability_train,gaussian_blur,3847857722964603062,,,0.5058644441117534,,42
7880152399cc7413e1c7,data/plantvillage/raw/color/Apple___Apple_scab/96a26f9f-76b9-456a-b39f-d390ff20bc58___FREC_Scab 3257.JPG,scab,1,g0365,s_reliability,reliability_train,gaussian_noise,5876893559867988121,,,,0.011128629955999881,42
83bd16fc76897715e13a,data/plantvillage/raw/color/Apple___Apple_scab/98259104-a5dd-4751-88f2-27923a2317a3___FREC_Scab 3419.JPG,scab,1,g0371,s_reliability,reliability_val,original,,,,,,42
e2ebe2210dea50740bec,data/plantvillage/raw/color/Apple___Apple_scab/98259104-a5dd-4751-88f2-27923a2317a3___FREC_Scab 3419.JPG,scab,1,g0371,s_reliability,reliability_val,brightness,2797364946854429153,0.9296092049596162,,,,42
a2efd6b89137bbc6fdcf,data/plantvillage/raw/color/Apple___Apple_scab/98259104-a5dd-4751-88f2-27923a2317a3___FREC_Scab 3419.JPG,scab,1,g0371,s_reliability,reliability_val,contrast,1017633337604123648,,0.7759712371763897,,,42
eeca04c60aaf4255fc57,data/plantvillage/raw/color/Apple___Apple_scab/98259104-a5dd-4751-88f2-27923a2317a3___FREC_Scab 3419.JPG,scab,1,g0371,s_reliability,reliability_val,gaussian_blur,6487314559361869197,,,0.7347229887879989,,42
3342e794853e97ad9df4,data/plantvillage/raw/color/Apple___Apple_scab/98259104-a5dd-4751-88f2-27923a2317a3___FREC_Scab 3419.JPG,scab,1,g0371,s_reliability,reliability_val,gaussian_noise,7089023240552477292,,,,0.011522791966816444,42
d379f8a4485183130f6f,data/plantvillage/raw/color/Apple___Apple_scab/9cbb6419-1670-45d5-a8ad-90cf9eaac971___FREC_Scab 3075.JPG,scab,1,g0383,s_reliability,reliability_train,original,,,,,,42
6364f15d6b4e1241c1a9,data/plantvillage/raw/color/Apple___Apple_scab/9cbb6419-1670-45d5-a8ad-90cf9eaac971___FREC_Scab 3075.JPG,scab,1,g0383,s_reliability,reliability_train,brightness,1850951819499431885,1.166444388316924,,,,42
6e829af8dd925d24578e,data/plantvillage/raw/color/Apple___Apple_scab/9cbb6419-1670-45d5-a8ad-90cf9eaac971___FREC_Scab 3075.JPG,scab,1,g0383,s_reliability,reliability_train,contrast,218342791560945139,,0.7855965386199362,,,42
d4a568994bd026b8209f,data/plantvillage/raw/color/Apple___Apple_scab/9cbb6419-1670-45d5-a8ad-90cf9eaac971___FREC_Scab 3075.JPG,scab,1,g0383,s_reliability,reliability_train,gaussian_blur,5619970845224002902,,,0.6913559934988492,,42
2d4db0c98d3bd791a0a5,data/plantvillage/raw/color/Apple___Apple_scab/9cbb6419-1670-45d5-a8ad-90cf9eaac971___FREC_Scab 3075.JPG,scab,1,g0383,s_reliability,reliability_train,gaussian_noise,8394577066369361894,,,,0.016390569548083968,42
87f27855f5da6d219580,data/plantvillage/raw/color/Apple___Apple_scab/a038a218-4c69-4f5a-9887-80fac9888782___FREC_Scab 3008.JPG,scab,1,g0394,s_reliability,reliability_val,original,,,,,,42
6e8da2411b9b640abf17,data/plantvillage/raw/color/Apple___Apple_scab/a038a218-4c69-4f5a-9887-80fac9888782___FREC_Scab 3008.JPG,scab,1,g0394,s_reliability,reliability_val,brightness,4465219466980065858,1.1910408515472002,,,,42
bf46f5c507f2f981e828,data/plantvillage/raw/color/Apple___Apple_scab/a038a218-4c69-4f5a-9887-80fac9888782___FREC_Scab 3008.JPG,scab,1,g0394,s_reliability,reliability_val,contrast,8315305878688998997,,0.7239109972456986,,,42
457389355c53d10e01f5,data/plantvillage/raw/color/Apple___Apple_scab/a038a218-4c69-4f5a-9887-80fac9888782___FREC_Scab 3008.JPG,scab,1,g0394,s_reliability,reliability_val,gaussian_blur,5205811605053547889,,,0.9656886665401103,,42
5f7acb69c64d2c03b69b,data/plantvillage/raw/color/Apple___Apple_scab/a038a218-4c69-4f5a-9887-80fac9888782___FREC_Scab 3008.JPG,scab,1,g0394,s_reliability,reliability_val,gaussian_noise,2406714495365171957,,,,0.0218380832151159,42
2067a186969f2197601f,data/plantvillage/raw/color/Apple___Apple_scab/a5ed05d8-9815-41b7-b481-332e48cfde56___FREC_Scab 3415.JPG,scab,1,g0403,s_reliability,reliability_train,original,,,,,,42
b6e9677c56d987026eb9,data/plantvillage/raw/color/Apple___Apple_scab/a5ed05d8-9815-41b7-b481-332e48cfde56___FREC_Scab 3415.JPG,scab,1,g0403,s_reliability,reliability_train,brightness,1704908280373140782,1.0020710454102604,,,,42
f72e48e9cd8cdcb0b09b,data/plantvillage/raw/color/Apple___Apple_scab/a5ed05d8-9815-41b7-b481-332e48cfde56___FREC_Scab 3415.JPG,scab,1,g0403,s_reliability,reliability_train,contrast,8384157559531937856,,1.2182995442373656,,,42
f4c9b6d9a83010102556,data/plantvillage/raw/color/Apple___Apple_scab/a5ed05d8-9815-41b7-b481-332e48cfde56___FREC_Scab 3415.JPG,scab,1,g0403,s_reliability,reliability_train,gaussian_blur,8674457119490103003,,,0.9722693884644846,,42
60fb7bcc2e00b319fceb,data/plantvillage/raw/color/Apple___Apple_scab/a5ed05d8-9815-41b7-b481-332e48cfde56___FREC_Scab 3415.JPG,scab,1,g0403,s_reliability,reliability_train,gaussian_noise,8845035162174302948,,,,0.010748986291998977,42
5f4c2abd6823888e0d5f,data/plantvillage/raw/color/Apple___Apple_scab/a72a9033-d2b9-4c64-93bc-7e5a1a0ea4ae___FREC_Scab 3284.JPG,scab,1,g0405,s_reliability,reliability_val,original,,,,,,42
8df2f9ea4443e804d4cb,data/plantvillage/raw/color/Apple___Apple_scab/a72a9033-d2b9-4c64-93bc-7e5a1a0ea4ae___FREC_Scab 3284.JPG,scab,1,g0405,s_reliability,reliability_val,brightness,2377086299634206583,1.1782416269313285,,,,42
b6176092af9e41213502,data/plantvillage/raw/color/Apple___Apple_scab/a72a9033-d2b9-4c64-93bc-7e5a1a0ea4ae___FREC_Scab 3284.JPG,scab,1,g0405,s_reliability,reliability_val,contrast,6922890226299703011,,1.2856323211344844,,,42
48e4ff044cc9ca97dcb0,data/plantvillage/raw/color/Apple___Apple_scab/a72a9033-d2b9-4c64-93bc-7e5a1a0ea4ae___FREC_Scab 3284.JPG,scab,1,g0405,s_reliability,reliability_val,gaussian_blur,7150571665743401991,,,1.2279062408114485,,42
b41ea2069db620c19977,data/plantvillage/raw/color/Apple___Apple_scab/a72a9033-d2b9-4c64-93bc-7e5a1a0ea4ae___FREC_Scab 3284.JPG,scab,1,g0405,s_reliability,reliability_val,gaussian_noise,4712738225410308663,,,,0.01430492255727778,42
2b8ec2160d717dbbea09,data/plantvillage/raw/color/Apple___Apple_scab/a8037811-6ce4-4611-ace1-1b6492374135___FREC_Scab 3126.JPG,scab,1,g0407,s_reliability,reliability_train,original,,,,,,42
08ab068f72cf1788f3b6,data/plantvillage/raw/color/Apple___Apple_scab/a8037811-6ce4-4611-ace1-1b6492374135___FREC_Scab 3126.JPG,scab,1,g0407,s_reliability,reliability_train,brightness,2057116001210596951,1.2055235532815556,,,,42
b1e5e31859a0b7324bb1,data/plantvillage/raw/color/Apple___Apple_scab/a8037811-6ce4-4611-ace1-1b6492374135___FREC_Scab 3126.JPG,scab,1,g0407,s_reliability,reliability_train,contrast,2675926225371813669,,1.0028627952905367,,,42
528ca022392114986c2e,data/plantvillage/raw/color/Apple___Apple_scab/a8037811-6ce4-4611-ace1-1b6492374135___FREC_Scab 3126.JPG,scab,1,g0407,s_reliability,reliability_train,gaussian_blur,2546380914940990811,,,1.2585899876256224,,42
1fa97d8c8bed7d2c0e7c,data/plantvillage/raw/color/Apple___Apple_scab/a8037811-6ce4-4611-ace1-1b6492374135___FREC_Scab 3126.JPG,scab,1,g0407,s_reliability,reliability_train,gaussian_noise,5525242714913217209,,,,0.04103626006666803,42
0ec2021184e762ab4e5d,data/plantvillage/raw/color/Apple___Apple_scab/ab0ab3b2-0893-46c6-8f66-9469e8340b64___FREC_Scab 3368.JPG,scab,1,g0410,s_reliability,reliability_train,original,,,,,,42
5ce4af3bc5ba4b23a751,data/plantvillage/raw/color/Apple___Apple_scab/ab0ab3b2-0893-46c6-8f66-9469e8340b64___FREC_Scab 3368.JPG,scab,1,g0410,s_reliability,reliability_train,brightness,4788969250749392695,1.1174911556575835,,,,42
18f73e7c7bdceb4f7c69,data/plantvillage/raw/color/Apple___Apple_scab/ab0ab3b2-0893-46c6-8f66-9469e8340b64___FREC_Scab 3368.JPG,scab,1,g0410,s_reliability,reliability_train,contrast,5841407205970463613,,0.7708930557407264,,,42
ce0c04fe0d0f54152e9f,data/plantvillage/raw/color/Apple___Apple_scab/ab0ab3b2-0893-46c6-8f66-9469e8340b64___FREC_Scab 3368.JPG,scab,1,g0410,s_reliability,reliability_train,gaussian_blur,3754378124718127911,,,1.1192939848862193,,42
f4325fc0f9e2313fee11,data/plantvillage/raw/color/Apple___Apple_scab/ab0ab3b2-0893-46c6-8f66-9469e8340b64___FREC_Scab 3368.JPG,scab,1,g0410,s_reliability,reliability_train,gaussian_noise,1522000759448134004,,,,0.045664478224643534,42
8ecde4258b6d21e9a639,data/plantvillage/raw/color/Apple___Apple_scab/b0586996-77d5-4d02-8112-14eb67895bcf___FREC_Scab 3000.JPG,scab,1,g0431,s_reliability,reliability_train,original,,,,,,42
6660ea6193779d19aabd,data/plantvillage/raw/color/Apple___Apple_scab/b0586996-77d5-4d02-8112-14eb67895bcf___FREC_Scab 3000.JPG,scab,1,g0431,s_reliability,reliability_train,brightness,7952927110340610202,0.8005466958293288,,,,42
ff0aed4abe7651b72ce0,data/plantvillage/raw/color/Apple___Apple_scab/b0586996-77d5-4d02-8112-14eb67895bcf___FREC_Scab 3000.JPG,scab,1,g0431,s_reliability,reliability_train,contrast,1682118691116095476,,1.2686159429884376,,,42
79ab145fa7716ff591ba,data/plantvillage/raw/color/Apple___Apple_scab/b0586996-77d5-4d02-8112-14eb67895bcf___FREC_Scab 3000.JPG,scab,1,g0431,s_reliability,reliability_train,gaussian_blur,1768265474320354651,,,0.5156839472162262,,42
f65e2e9715887954d2ae,data/plantvillage/raw/color/Apple___Apple_scab/b0586996-77d5-4d02-8112-14eb67895bcf___FREC_Scab 3000.JPG,scab,1,g0431,s_reliability,reliability_train,gaussian_noise,6142001892156142873,,,,0.032026510434003515,42
3cce3a86f7812c80d3dc,data/plantvillage/raw/color/Apple___Apple_scab/b0613c0d-0e9d-4e47-9743-57f5da39a092___FREC_Scab 3311.JPG,scab,1,g0432,s_reliability,reliability_train,original,,,,,,42
aecaeac03d0f0f89a7d0,data/plantvillage/raw/color/Apple___Apple_scab/b0613c0d-0e9d-4e47-9743-57f5da39a092___FREC_Scab 3311.JPG,scab,1,g0432,s_reliability,reliability_train,brightness,6172278537448813350,1.0997443321307243,,,,42
8b2e5884a5476c31d7a5,data/plantvillage/raw/color/Apple___Apple_scab/b0613c0d-0e9d-4e47-9743-57f5da39a092___FREC_Scab 3311.JPG,scab,1,g0432,s_reliability,reliability_train,contrast,1013514562999877203,,1.1473995946261688,,,42
f28680e6b7e83e17757e,data/plantvillage/raw/color/Apple___Apple_scab/b0613c0d-0e9d-4e47-9743-57f5da39a092___FREC_Scab 3311.JPG,scab,1,g0432,s_reliability,reliability_train,gaussian_blur,146687812428361123,,,1.3328799429403104,,42
8cacfd06f09d6f62e2cc,data/plantvillage/raw/color/Apple___Apple_scab/b0613c0d-0e9d-4e47-9743-57f5da39a092___FREC_Scab 3311.JPG,scab,1,g0432,s_reliability,reliability_train,gaussian_noise,5541221097288159030,,,,0.03636296554504123,42
139687ee362b5e9d21d9,data/plantvillage/raw/color/Apple___Apple_scab/b0744c40-7396-4efb-9d0e-d7b1f22a9dd4___FREC_Scab 3407.JPG,scab,1,g0433,s_reliability,reliability_train,original,,,,,,42
86f4c74c6d89ffd37de5,data/plantvillage/raw/color/Apple___Apple_scab/b0744c40-7396-4efb-9d0e-d7b1f22a9dd4___FREC_Scab 3407.JPG,scab,1,g0433,s_reliability,reliability_train,brightness,1609017618644415397,1.2390458843753267,,,,42
ba608d2e08bff74ea096,data/plantvillage/raw/color/Apple___Apple_scab/b0744c40-7396-4efb-9d0e-d7b1f22a9dd4___FREC_Scab 3407.JPG,scab,1,g0433,s_reliability,reliability_train,contrast,8122881908581990286,,0.8354148612602539,,,42
3d88c6c3fe5e3d940e71,data/plantvillage/raw/color/Apple___Apple_scab/b0744c40-7396-4efb-9d0e-d7b1f22a9dd4___FREC_Scab 3407.JPG,scab,1,g0433,s_reliability,reliability_train,gaussian_blur,7940787263788009057,,,0.6832736244122987,,42
41d4191673536562db86,data/plantvillage/raw/color/Apple___Apple_scab/b0744c40-7396-4efb-9d0e-d7b1f22a9dd4___FREC_Scab 3407.JPG,scab,1,g0433,s_reliability,reliability_train,gaussian_noise,9169424454154666307,,,,0.03610123226940445,42
e4677a6470409be9094d,data/plantvillage/raw/color/Apple___Apple_scab/b18d07ee-d2e2-4cc2-876c-e03e3839f3b6___FREC_Scab 3427.JPG,scab,1,g0436,s_reliability,reliability_val,original,,,,,,42
0e06b7e8eeb8be804408,data/plantvillage/raw/color/Apple___Apple_scab/b18d07ee-d2e2-4cc2-876c-e03e3839f3b6___FREC_Scab 3427.JPG,scab,1,g0436,s_reliability,reliability_val,brightness,5433962825758649428,0.9147716091463571,,,,42
4f6ef275cbe5ea78577e,data/plantvillage/raw/color/Apple___Apple_scab/b18d07ee-d2e2-4cc2-876c-e03e3839f3b6___FREC_Scab 3427.JPG,scab,1,g0436,s_reliability,reliability_val,contrast,2668337899190834538,,0.7244912832023105,,,42
c3345aebf33e31d10db3,data/plantvillage/raw/color/Apple___Apple_scab/b18d07ee-d2e2-4cc2-876c-e03e3839f3b6___FREC_Scab 3427.JPG,scab,1,g0436,s_reliability,reliability_val,gaussian_blur,7790059197010771626,,,1.2970322295228995,,42
f030d5165dc9c9b789e6,data/plantvillage/raw/color/Apple___Apple_scab/b18d07ee-d2e2-4cc2-876c-e03e3839f3b6___FREC_Scab 3427.JPG,scab,1,g0436,s_reliability,reliability_val,gaussian_noise,4015773787956737214,,,,0.0350032266694089,42
8d32cc37b2803feff689,data/plantvillage/raw/color/Apple___Apple_scab/b3b884bb-55ff-42dd-81d6-d8260acd4ad5___FREC_Scab 3281.JPG,scab,1,g0443,s_reliability,reliability_train,original,,,,,,42
2f685aeadd1f4cc3aa9d,data/plantvillage/raw/color/Apple___Apple_scab/b3b884bb-55ff-42dd-81d6-d8260acd4ad5___FREC_Scab 3281.JPG,scab,1,g0443,s_reliability,reliability_train,brightness,5461517828774389606,1.2234658644013359,,,,42
8972082bf555d6870e7d,data/plantvillage/raw/color/Apple___Apple_scab/b3b884bb-55ff-42dd-81d6-d8260acd4ad5___FREC_Scab 3281.JPG,scab,1,g0443,s_reliability,reliability_train,contrast,6038178116403214232,,1.1273075715292218,,,42
5ef049f1f821568b4db5,data/plantvillage/raw/color/Apple___Apple_scab/b3b884bb-55ff-42dd-81d6-d8260acd4ad5___FREC_Scab 3281.JPG,scab,1,g0443,s_reliability,reliability_train,gaussian_blur,5387607463794845550,,,1.269636251700902,,42
4f5d965683ee4444c67e,data/plantvillage/raw/color/Apple___Apple_scab/b3b884bb-55ff-42dd-81d6-d8260acd4ad5___FREC_Scab 3281.JPG,scab,1,g0443,s_reliability,reliability_train,gaussian_noise,8786791336174513931,,,,0.018169393079627352,42
3e88d4f799d766a05ec8,data/plantvillage/raw/color/Apple___Apple_scab/b8829a11-a69e-479f-977e-3890cd1d76b1___FREC_Scab 3144.JPG,scab,1,g0453,s_reliability,reliability_train,original,,,,,,42
35ded7b75bcd34320625,data/plantvillage/raw/color/Apple___Apple_scab/b8829a11-a69e-479f-977e-3890cd1d76b1___FREC_Scab 3144.JPG,scab,1,g0453,s_reliability,reliability_train,brightness,9208391134091162618,1.2966174251468763,,,,42
0f245bc4256ea8ef219d,data/plantvillage/raw/color/Apple___Apple_scab/b8829a11-a69e-479f-977e-3890cd1d76b1___FREC_Scab 3144.JPG,scab,1,g0453,s_reliability,reliability_train,contrast,3986822183545302436,,1.1339712179014942,,,42
76297e4245fafe341dc4,data/plantvillage/raw/color/Apple___Apple_scab/b8829a11-a69e-479f-977e-3890cd1d76b1___FREC_Scab 3144.JPG,scab,1,g0453,s_reliability,reliability_train,gaussian_blur,3349524784584136445,,,0.9949320927284397,,42
5abb3a191b9fe5be5133,data/plantvillage/raw/color/Apple___Apple_scab/b8829a11-a69e-479f-977e-3890cd1d76b1___FREC_Scab 3144.JPG,scab,1,g0453,s_reliability,reliability_train,gaussian_noise,2704871248453107028,,,,0.018723209323668968,42
d47687613327a6e60ced,data/plantvillage/raw/color/Apple___Apple_scab/bb495423-1617-447c-95cd-52ebabee1a59___FREC_Scab 3199.JPG,scab,1,g0462,s_reliability,reliability_train,original,,,,,,42
dea535d0d61da33d4ac9,data/plantvillage/raw/color/Apple___Apple_scab/bb495423-1617-447c-95cd-52ebabee1a59___FREC_Scab 3199.JPG,scab,1,g0462,s_reliability,reliability_train,brightness,2018697273479206254,0.7929530153377916,,,,42
27e2628ff908e0929816,data/plantvillage/raw/color/Apple___Apple_scab/bb495423-1617-447c-95cd-52ebabee1a59___FREC_Scab 3199.JPG,scab,1,g0462,s_reliability,reliability_train,contrast,8412044584008800215,,1.1723301658138026,,,42
0b57f353d7c7067fd355,data/plantvillage/raw/color/Apple___Apple_scab/bb495423-1617-447c-95cd-52ebabee1a59___FREC_Scab 3199.JPG,scab,1,g0462,s_reliability,reliability_train,gaussian_blur,5705864144467659981,,,1.0477104495454186,,42
c0b7581d57c025349485,data/plantvillage/raw/color/Apple___Apple_scab/bb495423-1617-447c-95cd-52ebabee1a59___FREC_Scab 3199.JPG,scab,1,g0462,s_reliability,reliability_train,gaussian_noise,483512743947929753,,,,0.018217618647453283,42
059e63d71753c46c4329,data/plantvillage/raw/color/Apple___Apple_scab/bc93b0fd-568f-4969-9d2d-c94d5f340e7e___FREC_Scab 3357.JPG,scab,1,g0467,s_reliability,reliability_train,original,,,,,,42
1723553b51c052118452,data/plantvillage/raw/color/Apple___Apple_scab/bc93b0fd-568f-4969-9d2d-c94d5f340e7e___FREC_Scab 3357.JPG,scab,1,g0467,s_reliability,reliability_train,brightness,9048915088103010195,1.1710924533531353,,,,42
367deb4b825b6794c7ad,data/plantvillage/raw/color/Apple___Apple_scab/bc93b0fd-568f-4969-9d2d-c94d5f340e7e___FREC_Scab 3357.JPG,scab,1,g0467,s_reliability,reliability_train,contrast,5419950300952988657,,0.9205933367473454,,,42
fee0763ee59d95e185b2,data/plantvillage/raw/color/Apple___Apple_scab/bc93b0fd-568f-4969-9d2d-c94d5f340e7e___FREC_Scab 3357.JPG,scab,1,g0467,s_reliability,reliability_train,gaussian_blur,3283230730986264959,,,0.9760748037583175,,42
ea41281b3e657f0a0a0e,data/plantvillage/raw/color/Apple___Apple_scab/bc93b0fd-568f-4969-9d2d-c94d5f340e7e___FREC_Scab 3357.JPG,scab,1,g0467,s_reliability,reliability_train,gaussian_noise,3335663107226196639,,,,0.04005313934494088,42
853d4fde46c548ef939b,data/plantvillage/raw/color/Apple___Apple_scab/bce3ba0b-a142-4b28-8cb3-eb6bb6a3b8a2___FREC_Scab 3142.JPG,scab,1,g0469,s_reliability,reliability_val,original,,,,,,42
a452968b3d44ba0eab49,data/plantvillage/raw/color/Apple___Apple_scab/bce3ba0b-a142-4b28-8cb3-eb6bb6a3b8a2___FREC_Scab 3142.JPG,scab,1,g0469,s_reliability,reliability_val,brightness,747806228863782219,0.8468123651134889,,,,42
90bc4b04cd9196e1abeb,data/plantvillage/raw/color/Apple___Apple_scab/bce3ba0b-a142-4b28-8cb3-eb6bb6a3b8a2___FREC_Scab 3142.JPG,scab,1,g0469,s_reliability,reliability_val,contrast,2337357180637813691,,1.2466547931267542,,,42
6760318c5ba5b07c1d83,data/plantvillage/raw/color/Apple___Apple_scab/bce3ba0b-a142-4b28-8cb3-eb6bb6a3b8a2___FREC_Scab 3142.JPG,scab,1,g0469,s_reliability,reliability_val,gaussian_blur,4315696719489736644,,,0.9610238434612566,,42
a16e1eb59be0104f087c,data/plantvillage/raw/color/Apple___Apple_scab/bce3ba0b-a142-4b28-8cb3-eb6bb6a3b8a2___FREC_Scab 3142.JPG,scab,1,g0469,s_reliability,reliability_val,gaussian_noise,9172706799142511284,,,,0.023358334001009867,42
5d1f93bd32ea557bca4f,data/plantvillage/raw/color/Apple___Apple_scab/be076652-b1bd-430c-a752-db525c1dfcfd___FREC_Scab 3367.JPG,scab,1,g0473,s_reliability,reliability_train,original,,,,,,42
2e470596efc5b03f414c,data/plantvillage/raw/color/Apple___Apple_scab/be076652-b1bd-430c-a752-db525c1dfcfd___FREC_Scab 3367.JPG,scab,1,g0473,s_reliability,reliability_train,brightness,468891839519133375,1.248345642282966,,,,42
809f2fe0a4c1c70649c0,data/plantvillage/raw/color/Apple___Apple_scab/be076652-b1bd-430c-a752-db525c1dfcfd___FREC_Scab 3367.JPG,scab,1,g0473,s_reliability,reliability_train,contrast,6026906208576622841,,1.1639772761704485,,,42
9e42d05ce12e2e70736a,data/plantvillage/raw/color/Apple___Apple_scab/be076652-b1bd-430c-a752-db525c1dfcfd___FREC_Scab 3367.JPG,scab,1,g0473,s_reliability,reliability_train,gaussian_blur,140681850239679399,,,0.7143439654814951,,42
1de364be7265b434f79c,data/plantvillage/raw/color/Apple___Apple_scab/be076652-b1bd-430c-a752-db525c1dfcfd___FREC_Scab 3367.JPG,scab,1,g0473,s_reliability,reliability_train,gaussian_noise,4873517827082130453,,,,0.01423058263930323,42
66c0e692df07aed6c5c9,data/plantvillage/raw/color/Apple___Apple_scab/be10c6a0-b99b-4c91-b78f-141a12beb70c___FREC_Scab 3106.JPG,scab,1,g0475,s_reliability,reliability_train,original,,,,,,42
a1e38ba685b57121b01f,data/plantvillage/raw/color/Apple___Apple_scab/be10c6a0-b99b-4c91-b78f-141a12beb70c___FREC_Scab 3106.JPG,scab,1,g0475,s_reliability,reliability_train,brightness,2093234416634640291,1.2577250415163055,,,,42
20784a8f1e297b710d98,data/plantvillage/raw/color/Apple___Apple_scab/be10c6a0-b99b-4c91-b78f-141a12beb70c___FREC_Scab 3106.JPG,scab,1,g0475,s_reliability,reliability_train,contrast,8840685647281328029,,0.9901560648770938,,,42
c26b5befad8ceb7ee73d,data/plantvillage/raw/color/Apple___Apple_scab/be10c6a0-b99b-4c91-b78f-141a12beb70c___FREC_Scab 3106.JPG,scab,1,g0475,s_reliability,reliability_train,gaussian_blur,7092477757485316286,,,1.0848046155918925,,42
7730aba2086d387de00f,data/plantvillage/raw/color/Apple___Apple_scab/be10c6a0-b99b-4c91-b78f-141a12beb70c___FREC_Scab 3106.JPG,scab,1,g0475,s_reliability,reliability_train,gaussian_noise,7578189388239776933,,,,0.03779423464533834,42
3351b9203942682f23da,data/plantvillage/raw/color/Apple___Apple_scab/be23de1a-2db8-4d7f-8b5f-cee56829d49c___FREC_Scab 2991.JPG,scab,1,g0476,s_reliability,reliability_train,original,,,,,,42
cec086741d779ec2b11d,data/plantvillage/raw/color/Apple___Apple_scab/be23de1a-2db8-4d7f-8b5f-cee56829d49c___FREC_Scab 2991.JPG,scab,1,g0476,s_reliability,reliability_train,brightness,3888022860625343638,0.8862820281585357,,,,42
c74550f3cd4fc8360b3c,data/plantvillage/raw/color/Apple___Apple_scab/be23de1a-2db8-4d7f-8b5f-cee56829d49c___FREC_Scab 2991.JPG,scab,1,g0476,s_reliability,reliability_train,contrast,3191688678181321734,,0.7037424030307867,,,42
f0cbbb82c58c3fee1eb3,data/plantvillage/raw/color/Apple___Apple_scab/be23de1a-2db8-4d7f-8b5f-cee56829d49c___FREC_Scab 2991.JPG,scab,1,g0476,s_reliability,reliability_train,gaussian_blur,6705277102603589398,,,1.0118950879643958,,42
799d3046bc88a8d5e49f,data/plantvillage/raw/color/Apple___Apple_scab/be23de1a-2db8-4d7f-8b5f-cee56829d49c___FREC_Scab 2991.JPG,scab,1,g0476,s_reliability,reliability_train,gaussian_noise,3329248524108113182,,,,0.021488392495137624,42
d9ae98287bdf61a41fc5,data/plantvillage/raw/color/Apple___Apple_scab/bf99a731-b08d-47af-8d65-196bbb0ca2e3___FREC_Scab 3344.JPG,scab,1,g0479,s_reliability,reliability_train,original,,,,,,42
16d6e8474251715da3ba,data/plantvillage/raw/color/Apple___Apple_scab/bf99a731-b08d-47af-8d65-196bbb0ca2e3___FREC_Scab 3344.JPG,scab,1,g0479,s_reliability,reliability_train,brightness,7247022035251448141,1.010195864291732,,,,42
1a4eaec54afd4da91734,data/plantvillage/raw/color/Apple___Apple_scab/bf99a731-b08d-47af-8d65-196bbb0ca2e3___FREC_Scab 3344.JPG,scab,1,g0479,s_reliability,reliability_train,contrast,1027394011177331172,,0.9762227048062445,,,42
4354c6c4c0ddab4d68dd,data/plantvillage/raw/color/Apple___Apple_scab/bf99a731-b08d-47af-8d65-196bbb0ca2e3___FREC_Scab 3344.JPG,scab,1,g0479,s_reliability,reliability_train,gaussian_blur,4762830617287144849,,,0.834465169457021,,42
366d4b1bd2b209676d7b,data/plantvillage/raw/color/Apple___Apple_scab/bf99a731-b08d-47af-8d65-196bbb0ca2e3___FREC_Scab 3344.JPG,scab,1,g0479,s_reliability,reliability_train,gaussian_noise,4571190116343811820,,,,0.04011952650728509,42
5841b87e6d8290612a1f,data/plantvillage/raw/color/Apple___Apple_scab/c2997bb6-d9ae-4ffc-bc3f-c85510480e13___FREC_Scab 3428.JPG,scab,1,g0487,s_reliability,reliability_val,original,,,,,,42
b0ec4ee4a6e790f69388,data/plantvillage/raw/color/Apple___Apple_scab/c2997bb6-d9ae-4ffc-bc3f-c85510480e13___FREC_Scab 3428.JPG,scab,1,g0487,s_reliability,reliability_val,brightness,3740842535001215476,0.9573102932016444,,,,42
831ea09bc6276f27f626,data/plantvillage/raw/color/Apple___Apple_scab/c2997bb6-d9ae-4ffc-bc3f-c85510480e13___FREC_Scab 3428.JPG,scab,1,g0487,s_reliability,reliability_val,contrast,8569842686658502853,,0.8506239025281936,,,42
d54f0706b0f58c44ae6c,data/plantvillage/raw/color/Apple___Apple_scab/c2997bb6-d9ae-4ffc-bc3f-c85510480e13___FREC_Scab 3428.JPG,scab,1,g0487,s_reliability,reliability_val,gaussian_blur,3812326814757576050,,,0.848278808338864,,42
3561dca5ef89914e5b01,data/plantvillage/raw/color/Apple___Apple_scab/c2997bb6-d9ae-4ffc-bc3f-c85510480e13___FREC_Scab 3428.JPG,scab,1,g0487,s_reliability,reliability_val,gaussian_noise,4982505654232093346,,,,0.03400362648292168,42
ef30c62b55b0150215ec,data/plantvillage/raw/color/Apple___Apple_scab/c4175126-9e07-4465-9574-0229bb5b1f41___FREC_Scab 3304.JPG,scab,1,g0490,s_reliability,reliability_train,original,,,,,,42
e89af94b595e30763322,data/plantvillage/raw/color/Apple___Apple_scab/c4175126-9e07-4465-9574-0229bb5b1f41___FREC_Scab 3304.JPG,scab,1,g0490,s_reliability,reliability_train,brightness,7522189799956156914,0.8411433357399132,,,,42
42ec5ae44acdc6fa1da5,data/plantvillage/raw/color/Apple___Apple_scab/c4175126-9e07-4465-9574-0229bb5b1f41___FREC_Scab 3304.JPG,scab,1,g0490,s_reliability,reliability_train,contrast,8223941602958246239,,1.1535157496090807,,,42
b03a770d51cdd05a6483,data/plantvillage/raw/color/Apple___Apple_scab/c4175126-9e07-4465-9574-0229bb5b1f41___FREC_Scab 3304.JPG,scab,1,g0490,s_reliability,reliability_train,gaussian_blur,375030629981587881,,,0.9939659642195849,,42
f80faa0296cf4f6d483c,data/plantvillage/raw/color/Apple___Apple_scab/c4175126-9e07-4465-9574-0229bb5b1f41___FREC_Scab 3304.JPG,scab,1,g0490,s_reliability,reliability_train,gaussian_noise,5779355818197747484,,,,0.04004929382757796,42
6742d0442924ff0ebcdb,data/plantvillage/raw/color/Apple___Apple_scab/c777c2ac-ea64-4aad-a97a-90b35e2db603___FREC_Scab 3156.JPG,scab,1,g0500,s_reliability,reliability_train,original,,,,,,42
9a4b70b0740d50177122,data/plantvillage/raw/color/Apple___Apple_scab/c777c2ac-ea64-4aad-a97a-90b35e2db603___FREC_Scab 3156.JPG,scab,1,g0500,s_reliability,reliability_train,brightness,2137346410651959993,1.0634317711991101,,,,42
c67f224b1524f16c2626,data/plantvillage/raw/color/Apple___Apple_scab/c777c2ac-ea64-4aad-a97a-90b35e2db603___FREC_Scab 3156.JPG,scab,1,g0500,s_reliability,reliability_train,contrast,7400380981698989765,,0.9963896612110242,,,42
a1257232f0ce2e6d6bc2,data/plantvillage/raw/color/Apple___Apple_scab/c777c2ac-ea64-4aad-a97a-90b35e2db603___FREC_Scab 3156.JPG,scab,1,g0500,s_reliability,reliability_train,gaussian_blur,7582638355374054887,,,0.986500435696399,,42
dac6798e391c810f3b98,data/plantvillage/raw/color/Apple___Apple_scab/c777c2ac-ea64-4aad-a97a-90b35e2db603___FREC_Scab 3156.JPG,scab,1,g0500,s_reliability,reliability_train,gaussian_noise,1017854345998313964,,,,0.03334271848216784,42
c72cd95542ab8eb07e8a,data/plantvillage/raw/color/Apple___Apple_scab/c7dc7cfa-559a-4950-ba71-90d11dfe0b56___FREC_Scab 3381.JPG,scab,1,g0502,s_reliability,reliability_train,original,,,,,,42
10fb2ee153f34a8b1284,data/plantvillage/raw/color/Apple___Apple_scab/c7dc7cfa-559a-4950-ba71-90d11dfe0b56___FREC_Scab 3381.JPG,scab,1,g0502,s_reliability,reliability_train,brightness,5884625180256917090,0.999764874293922,,,,42
39694c87df97ac32ded8,data/plantvillage/raw/color/Apple___Apple_scab/c7dc7cfa-559a-4950-ba71-90d11dfe0b56___FREC_Scab 3381.JPG,scab,1,g0502,s_reliability,reliability_train,contrast,2966477700098593653,,0.8574714276038727,,,42
3fb7260184d595deb817,data/plantvillage/raw/color/Apple___Apple_scab/c7dc7cfa-559a-4950-ba71-90d11dfe0b56___FREC_Scab 3381.JPG,scab,1,g0502,s_reliability,reliability_train,gaussian_blur,5123864192935306534,,,1.0887186343635415,,42
bf59159276e86d6b78f3,data/plantvillage/raw/color/Apple___Apple_scab/c7dc7cfa-559a-4950-ba71-90d11dfe0b56___FREC_Scab 3381.JPG,scab,1,g0502,s_reliability,reliability_train,gaussian_noise,5631895871204837372,,,,0.015897831330748353,42
32dc1c93cb51bfe6de7b,data/plantvillage/raw/color/Apple___Apple_scab/cbc265da-87e2-449e-8585-b744f9371772___FREC_Scab 3431.JPG,scab,1,g0509,s_reliability,reliability_val,original,,,,,,42
bab92c113e0358991a3f,data/plantvillage/raw/color/Apple___Apple_scab/cbc265da-87e2-449e-8585-b744f9371772___FREC_Scab 3431.JPG,scab,1,g0509,s_reliability,reliability_val,brightness,5056905971472319256,0.9474640265332708,,,,42
33e720b21626e021182d,data/plantvillage/raw/color/Apple___Apple_scab/cbc265da-87e2-449e-8585-b744f9371772___FREC_Scab 3431.JPG,scab,1,g0509,s_reliability,reliability_val,contrast,8736650102769787273,,1.0385878510684339,,,42
e12185e7e72637af1aed,data/plantvillage/raw/color/Apple___Apple_scab/cbc265da-87e2-449e-8585-b744f9371772___FREC_Scab 3431.JPG,scab,1,g0509,s_reliability,reliability_val,gaussian_blur,6257682876666823215,,,0.8877760899887279,,42
569788d1d095578d5a42,data/plantvillage/raw/color/Apple___Apple_scab/cbc265da-87e2-449e-8585-b744f9371772___FREC_Scab 3431.JPG,scab,1,g0509,s_reliability,reliability_val,gaussian_noise,4268026207331765419,,,,0.02074394352372387,42
cdc1fb3bfa3dc6bdda0f,data/plantvillage/raw/color/Apple___Apple_scab/cf1d9afc-3473-4c97-ae0b-6f2352d9d595___FREC_Scab 3457.JPG,scab,1,g0518,s_reliability,reliability_train,original,,,,,,42
8afc9ed692ba1f2a2c53,data/plantvillage/raw/color/Apple___Apple_scab/cf1d9afc-3473-4c97-ae0b-6f2352d9d595___FREC_Scab 3457.JPG,scab,1,g0518,s_reliability,reliability_train,brightness,2857273047274505018,0.9037815160389845,,,,42
da5c36f278d6c8f11cd1,data/plantvillage/raw/color/Apple___Apple_scab/cf1d9afc-3473-4c97-ae0b-6f2352d9d595___FREC_Scab 3457.JPG,scab,1,g0518,s_reliability,reliability_train,contrast,330354042832053660,,0.8453985510240615,,,42
25f6c9f1ade8828def6d,data/plantvillage/raw/color/Apple___Apple_scab/cf1d9afc-3473-4c97-ae0b-6f2352d9d595___FREC_Scab 3457.JPG,scab,1,g0518,s_reliability,reliability_train,gaussian_blur,550383241829639249,,,0.7308864152901393,,42
89b8ae8b6153bf770201,data/plantvillage/raw/color/Apple___Apple_scab/cf1d9afc-3473-4c97-ae0b-6f2352d9d595___FREC_Scab 3457.JPG,scab,1,g0518,s_reliability,reliability_train,gaussian_noise,7901847186880501343,,,,0.04420665802349929,42
7b8df1c1f46af4c77f07,data/plantvillage/raw/color/Apple___Apple_scab/d01086a5-c14e-424a-8825-47343752c0a0___FREC_Scab 3170.JPG,scab,1,g0520,s_reliability,reliability_train,original,,,,,,42
bd74e5f5301e5e09fb75,data/plantvillage/raw/color/Apple___Apple_scab/d01086a5-c14e-424a-8825-47343752c0a0___FREC_Scab 3170.JPG,scab,1,g0520,s_reliability,reliability_train,brightness,8502099065992886462,0.9484360234679119,,,,42
b4f560854bba4ddd838a,data/plantvillage/raw/color/Apple___Apple_scab/d01086a5-c14e-424a-8825-47343752c0a0___FREC_Scab 3170.JPG,scab,1,g0520,s_reliability,reliability_train,contrast,213286171536016242,,0.7245806733016953,,,42
ca7013030767e0301afd,data/plantvillage/raw/color/Apple___Apple_scab/d01086a5-c14e-424a-8825-47343752c0a0___FREC_Scab 3170.JPG,scab,1,g0520,s_reliability,reliability_train,gaussian_blur,5720066502349665738,,,1.48404884005111,,42
44d91a76d4fc0684c1df,data/plantvillage/raw/color/Apple___Apple_scab/d01086a5-c14e-424a-8825-47343752c0a0___FREC_Scab 3170.JPG,scab,1,g0520,s_reliability,reliability_train,gaussian_noise,2855381845705569474,,,,0.024636215337760954,42
988918179031e561fdc8,data/plantvillage/raw/color/Apple___Apple_scab/d1773f0b-f049-4bb1-b13f-d33b96078ab3___FREC_Scab 3046.JPG,scab,1,g0523,s_reliability,reliability_train,original,,,,,,42
5ca86532b5780a079676,data/plantvillage/raw/color/Apple___Apple_scab/d1773f0b-f049-4bb1-b13f-d33b96078ab3___FREC_Scab 3046.JPG,scab,1,g0523,s_reliability,reliability_train,brightness,2469286591440447040,0.8515899808895702,,,,42
76774466615fbe76f265,data/plantvillage/raw/color/Apple___Apple_scab/d1773f0b-f049-4bb1-b13f-d33b96078ab3___FREC_Scab 3046.JPG,scab,1,g0523,s_reliability,reliability_train,contrast,8321708325944447172,,1.0500862328264504,,,42
44889990e000ea18b07a,data/plantvillage/raw/color/Apple___Apple_scab/d1773f0b-f049-4bb1-b13f-d33b96078ab3___FREC_Scab 3046.JPG,scab,1,g0523,s_reliability,reliability_train,gaussian_blur,2352156083447313615,,,1.0601031621038663,,42
3dcff4eec44cb2d47241,data/plantvillage/raw/color/Apple___Apple_scab/d1773f0b-f049-4bb1-b13f-d33b96078ab3___FREC_Scab 3046.JPG,scab,1,g0523,s_reliability,reliability_train,gaussian_noise,4269349820224831243,,,,0.03818404470856569,42
886cb2cf9964aab16a45,data/plantvillage/raw/color/Apple___Apple_scab/d1a9a2ab-6d10-4c1a-87e1-349117b2700f___FREC_Scab 3389.JPG,scab,1,g0525,s_reliability,reliability_train,original,,,,,,42
b8ee1954389c8f45ee3d,data/plantvillage/raw/color/Apple___Apple_scab/d1a9a2ab-6d10-4c1a-87e1-349117b2700f___FREC_Scab 3389.JPG,scab,1,g0525,s_reliability,reliability_train,brightness,6859583629659218250,1.0102304264421713,,,,42
c4b1baae25c25692d794,data/plantvillage/raw/color/Apple___Apple_scab/d1a9a2ab-6d10-4c1a-87e1-349117b2700f___FREC_Scab 3389.JPG,scab,1,g0525,s_reliability,reliability_train,contrast,4058140755306588739,,0.84776824179173,,,42
a82405ef2918c7e723b2,data/plantvillage/raw/color/Apple___Apple_scab/d1a9a2ab-6d10-4c1a-87e1-349117b2700f___FREC_Scab 3389.JPG,scab,1,g0525,s_reliability,reliability_train,gaussian_blur,237920301298847184,,,0.5030680657279644,,42
66f2f06fe1cba12024f8,data/plantvillage/raw/color/Apple___Apple_scab/d1a9a2ab-6d10-4c1a-87e1-349117b2700f___FREC_Scab 3389.JPG,scab,1,g0525,s_reliability,reliability_train,gaussian_noise,4624797352089108835,,,,0.04479208544282314,42
a8d2354771e3bd289c74,data/plantvillage/raw/color/Apple___Apple_scab/d652b023-0ade-4f34-a490-206a87489e5e___FREC_Scab 3066.JPG,scab,1,g0531,s_reliability,reliability_train,original,,,,,,42
324879e6faaeab72c880,data/plantvillage/raw/color/Apple___Apple_scab/d652b023-0ade-4f34-a490-206a87489e5e___FREC_Scab 3066.JPG,scab,1,g0531,s_reliability,reliability_train,brightness,5597494013240801283,1.0414048286357906,,,,42
3bd0ac5e2251bc56e097,data/plantvillage/raw/color/Apple___Apple_scab/d652b023-0ade-4f34-a490-206a87489e5e___FREC_Scab 3066.JPG,scab,1,g0531,s_reliability,reliability_train,contrast,3133614580395690043,,0.8893524524534726,,,42
1d67ac439b7d96dfd592,data/plantvillage/raw/color/Apple___Apple_scab/d652b023-0ade-4f34-a490-206a87489e5e___FREC_Scab 3066.JPG,scab,1,g0531,s_reliability,reliability_train,gaussian_blur,572315229745367715,,,1.3472340716242122,,42
846e37f1a5a3a263a8fd,data/plantvillage/raw/color/Apple___Apple_scab/d652b023-0ade-4f34-a490-206a87489e5e___FREC_Scab 3066.JPG,scab,1,g0531,s_reliability,reliability_train,gaussian_noise,3424756567415499738,,,,0.021886374376956723,42
5f571d013ad854e2224b,data/plantvillage/raw/color/Apple___Apple_scab/d7bdef33-fa84-4240-a931-8a568d62cee7___FREC_Scab 2946.JPG,scab,1,g0537,s_reliability,reliability_train,original,,,,,,42
5e104a28abeef63a776e,data/plantvillage/raw/color/Apple___Apple_scab/d7bdef33-fa84-4240-a931-8a568d62cee7___FREC_Scab 2946.JPG,scab,1,g0537,s_reliability,reliability_train,brightness,7158419645581057179,0.8425354968992491,,,,42
3507ef3d32ed5cfc234f,data/plantvillage/raw/color/Apple___Apple_scab/d7bdef33-fa84-4240-a931-8a568d62cee7___FREC_Scab 2946.JPG,scab,1,g0537,s_reliability,reliability_train,contrast,6244254897948269876,,0.9420265901103791,,,42
11862ddf348d883a40e4,data/plantvillage/raw/color/Apple___Apple_scab/d7bdef33-fa84-4240-a931-8a568d62cee7___FREC_Scab 2946.JPG,scab,1,g0537,s_reliability,reliability_train,gaussian_blur,492804959835642746,,,1.163943954783624,,42
67a62a355b1990249f35,data/plantvillage/raw/color/Apple___Apple_scab/d7bdef33-fa84-4240-a931-8a568d62cee7___FREC_Scab 2946.JPG,scab,1,g0537,s_reliability,reliability_train,gaussian_noise,7666599896934791682,,,,0.026699175499341504,42
6591fa385ec9ee0af8e9,data/plantvillage/raw/color/Apple___Apple_scab/d842b34b-d2ab-48fc-9e78-ef586308c359___FREC_Scab 2982.JPG,scab,1,g0538,s_reliability,reliability_val,original,,,,,,42
673ae03eecc2fec8824a,data/plantvillage/raw/color/Apple___Apple_scab/d842b34b-d2ab-48fc-9e78-ef586308c359___FREC_Scab 2982.JPG,scab,1,g0538,s_reliability,reliability_val,brightness,6475410329276254374,1.2386595710160018,,,,42
f953f8664b2e7a49353e,data/plantvillage/raw/color/Apple___Apple_scab/d842b34b-d2ab-48fc-9e78-ef586308c359___FREC_Scab 2982.JPG,scab,1,g0538,s_reliability,reliability_val,contrast,7573344243119699838,,0.9496342738793756,,,42
bcef58efb9e0c8b26341,data/plantvillage/raw/color/Apple___Apple_scab/d842b34b-d2ab-48fc-9e78-ef586308c359___FREC_Scab 2982.JPG,scab,1,g0538,s_reliability,reliability_val,gaussian_blur,1501443715593730015,,,0.688070553670463,,42
6309c92ba9f24c1a2a97,data/plantvillage/raw/color/Apple___Apple_scab/d842b34b-d2ab-48fc-9e78-ef586308c359___FREC_Scab 2982.JPG,scab,1,g0538,s_reliability,reliability_val,gaussian_noise,3139644305872625251,,,,0.02300863665722456,42
c1d0767918ef71a90899,data/plantvillage/raw/color/Apple___Apple_scab/dd46079c-b12c-4687-9db9-5d45b7f0e510___FREC_Scab 3327.JPG,scab,1,g0550,s_reliability,reliability_train,original,,,,,,42
70e856b2831980064d49,data/plantvillage/raw/color/Apple___Apple_scab/dd46079c-b12c-4687-9db9-5d45b7f0e510___FREC_Scab 3327.JPG,scab,1,g0550,s_reliability,reliability_train,brightness,5861252806347199678,0.9797181765906576,,,,42
943319f521a83edc5d37,data/plantvillage/raw/color/Apple___Apple_scab/dd46079c-b12c-4687-9db9-5d45b7f0e510___FREC_Scab 3327.JPG,scab,1,g0550,s_reliability,reliability_train,contrast,1127686415739088288,,1.1624992152187987,,,42
6e4bb643e5d72090450b,data/plantvillage/raw/color/Apple___Apple_scab/dd46079c-b12c-4687-9db9-5d45b7f0e510___FREC_Scab 3327.JPG,scab,1,g0550,s_reliability,reliability_train,gaussian_blur,2917617995530086526,,,1.165110493113656,,42
efd2ee20d8f69294cf76,data/plantvillage/raw/color/Apple___Apple_scab/dd46079c-b12c-4687-9db9-5d45b7f0e510___FREC_Scab 3327.JPG,scab,1,g0550,s_reliability,reliability_train,gaussian_noise,1364489554595771140,,,,0.021269607549767713,42
5c33993c53fc66db6f13,data/plantvillage/raw/color/Apple___Apple_scab/e893d964-8a40-46f5-b8ae-0a0f0cd79296___FREC_Scab 3333.JPG,scab,1,g0568,s_reliability,reliability_val,original,,,,,,42
387ece30905184e97166,data/plantvillage/raw/color/Apple___Apple_scab/e893d964-8a40-46f5-b8ae-0a0f0cd79296___FREC_Scab 3333.JPG,scab,1,g0568,s_reliability,reliability_val,brightness,3753158999226210491,0.9026298389834047,,,,42
0ec92242d27a4525a457,data/plantvillage/raw/color/Apple___Apple_scab/e893d964-8a40-46f5-b8ae-0a0f0cd79296___FREC_Scab 3333.JPG,scab,1,g0568,s_reliability,reliability_val,contrast,385536498699017954,,1.2844145736963428,,,42
91b0e9789105b6d0aa8f,data/plantvillage/raw/color/Apple___Apple_scab/e893d964-8a40-46f5-b8ae-0a0f0cd79296___FREC_Scab 3333.JPG,scab,1,g0568,s_reliability,reliability_val,gaussian_blur,255044416041926846,,,1.3541248027035802,,42
b56aac6d64d4ccdf5273,data/plantvillage/raw/color/Apple___Apple_scab/e893d964-8a40-46f5-b8ae-0a0f0cd79296___FREC_Scab 3333.JPG,scab,1,g0568,s_reliability,reliability_val,gaussian_noise,7054832995050164649,,,,0.044092473053584484,42
73e75b9e832181c5b89e,data/plantvillage/raw/color/Apple___Apple_scab/eb3fa649-d717-4769-9f69-57f88c166455___FREC_Scab 3387.JPG,scab,1,g0573,s_reliability,reliability_train,original,,,,,,42
8149d9a76e77efbad534,data/plantvillage/raw/color/Apple___Apple_scab/eb3fa649-d717-4769-9f69-57f88c166455___FREC_Scab 3387.JPG,scab,1,g0573,s_reliability,reliability_train,brightness,7713147906357457671,1.2443731347541667,,,,42
67c8d8c30fe1c9905b2d,data/plantvillage/raw/color/Apple___Apple_scab/eb3fa649-d717-4769-9f69-57f88c166455___FREC_Scab 3387.JPG,scab,1,g0573,s_reliability,reliability_train,contrast,1486398488945109529,,0.8764697601137409,,,42
2bce2d618a530182d3d8,data/plantvillage/raw/color/Apple___Apple_scab/eb3fa649-d717-4769-9f69-57f88c166455___FREC_Scab 3387.JPG,scab,1,g0573,s_reliability,reliability_train,gaussian_blur,8959491302900519379,,,1.1968419916713606,,42
1fe9704088abba5f7973,data/plantvillage/raw/color/Apple___Apple_scab/eb3fa649-d717-4769-9f69-57f88c166455___FREC_Scab 3387.JPG,scab,1,g0573,s_reliability,reliability_train,gaussian_noise,7653178089826706944,,,,0.02865345925002616,42
122f0d918acc691f7502,data/plantvillage/raw/color/Apple___Apple_scab/ecbac6b5-e07f-4a0d-a670-1d3b97f01104___FREC_Scab 3168.JPG,scab,1,g0575,s_reliability,reliability_val,original,,,,,,42
6f46e8e2c37392690b06,data/plantvillage/raw/color/Apple___Apple_scab/ecbac6b5-e07f-4a0d-a670-1d3b97f01104___FREC_Scab 3168.JPG,scab,1,g0575,s_reliability,reliability_val,brightness,1543731639467553775,1.254174743747125,,,,42
7ce33b82759b527260c7,data/plantvillage/raw/color/Apple___Apple_scab/ecbac6b5-e07f-4a0d-a670-1d3b97f01104___FREC_Scab 3168.JPG,scab,1,g0575,s_reliability,reliability_val,contrast,6603908419641883736,,1.1884158202057113,,,42
b5130c8c9de1d3542c38,data/plantvillage/raw/color/Apple___Apple_scab/ecbac6b5-e07f-4a0d-a670-1d3b97f01104___FREC_Scab 3168.JPG,scab,1,g0575,s_reliability,reliability_val,gaussian_blur,6446396528694608677,,,0.7677728859572462,,42
d4666f1cd42aa73db296,data/plantvillage/raw/color/Apple___Apple_scab/ecbac6b5-e07f-4a0d-a670-1d3b97f01104___FREC_Scab 3168.JPG,scab,1,g0575,s_reliability,reliability_val,gaussian_noise,8759925016527069934,,,,0.04916576041551946,42
2418a78007d300029b92,data/plantvillage/raw/color/Apple___Apple_scab/ef91867f-33c5-4063-9783-44fd47238fe0___FREC_Scab 2935.JPG,scab,1,g0585,s_reliability,reliability_train,original,,,,,,42
599024069b2586573d5b,data/plantvillage/raw/color/Apple___Apple_scab/ef91867f-33c5-4063-9783-44fd47238fe0___FREC_Scab 2935.JPG,scab,1,g0585,s_reliability,reliability_train,brightness,6444138359840684703,1.1794400730192205,,,,42
d19cc3c97c2169d5e45f,data/plantvillage/raw/color/Apple___Apple_scab/ef91867f-33c5-4063-9783-44fd47238fe0___FREC_Scab 2935.JPG,scab,1,g0585,s_reliability,reliability_train,contrast,1175385206217818908,,1.2755038469694244,,,42
12d5119e71615bd99ec5,data/plantvillage/raw/color/Apple___Apple_scab/ef91867f-33c5-4063-9783-44fd47238fe0___FREC_Scab 2935.JPG,scab,1,g0585,s_reliability,reliability_train,gaussian_blur,2842376302690801281,,,0.651261967330521,,42
72d5e1e51867b76c26f5,data/plantvillage/raw/color/Apple___Apple_scab/ef91867f-33c5-4063-9783-44fd47238fe0___FREC_Scab 2935.JPG,scab,1,g0585,s_reliability,reliability_train,gaussian_noise,7419713673798337500,,,,0.04560034722716899,42
64aeb2b617b0e562c19b,data/plantvillage/raw/color/Apple___Apple_scab/f1017472-d391-4a66-b9b2-d52916cd0c0b___FREC_Scab 3176.JPG,scab,1,g0590,s_reliability,reliability_val,original,,,,,,42
b2fab5ca2d13ef5b1baa,data/plantvillage/raw/color/Apple___Apple_scab/f1017472-d391-4a66-b9b2-d52916cd0c0b___FREC_Scab 3176.JPG,scab,1,g0590,s_reliability,reliability_val,brightness,5630858660603823980,1.0414622245180447,,,,42
5224e1ea7b9c3a4e2c1f,data/plantvillage/raw/color/Apple___Apple_scab/f1017472-d391-4a66-b9b2-d52916cd0c0b___FREC_Scab 3176.JPG,scab,1,g0590,s_reliability,reliability_val,contrast,7172992260340678778,,0.8233353102936064,,,42
f485c56d8551782d4d9b,data/plantvillage/raw/color/Apple___Apple_scab/f1017472-d391-4a66-b9b2-d52916cd0c0b___FREC_Scab 3176.JPG,scab,1,g0590,s_reliability,reliability_val,gaussian_blur,6805075950754817009,,,1.2177785201638696,,42
791db6950d79f2e85a38,data/plantvillage/raw/color/Apple___Apple_scab/f1017472-d391-4a66-b9b2-d52916cd0c0b___FREC_Scab 3176.JPG,scab,1,g0590,s_reliability,reliability_val,gaussian_noise,8352018724022728698,,,,0.016717405468441034,42
93150555a308e48aee71,data/plantvillage/raw/color/Apple___Apple_scab/f6946261-1a18-4306-ba87-ca25344d9bd2___FREC_Scab 3525.JPG,scab,1,g0605,s_reliability,reliability_train,original,,,,,,42
42a1ba6f73950219642a,data/plantvillage/raw/color/Apple___Apple_scab/f6946261-1a18-4306-ba87-ca25344d9bd2___FREC_Scab 3525.JPG,scab,1,g0605,s_reliability,reliability_train,brightness,6627370076894715971,1.0017975583137781,,,,42
ce44c4b94b151ba25c7d,data/plantvillage/raw/color/Apple___Apple_scab/f6946261-1a18-4306-ba87-ca25344d9bd2___FREC_Scab 3525.JPG,scab,1,g0605,s_reliability,reliability_train,contrast,1748279556759165573,,0.7160958151753125,,,42
bc6a33552f329fabb7c8,data/plantvillage/raw/color/Apple___Apple_scab/f6946261-1a18-4306-ba87-ca25344d9bd2___FREC_Scab 3525.JPG,scab,1,g0605,s_reliability,reliability_train,gaussian_blur,1588680325918104514,,,0.9537026482177955,,42
6b934c86d40fbb0459df,data/plantvillage/raw/color/Apple___Apple_scab/f6946261-1a18-4306-ba87-ca25344d9bd2___FREC_Scab 3525.JPG,scab,1,g0605,s_reliability,reliability_train,gaussian_noise,3849306690414278351,,,,0.013259373000560726,42
2b666f55c8ffcd6265d5,data/plantvillage/raw/color/Apple___Apple_scab/f79c50ef-d89d-4371-b581-810b37eb2ac9___FREC_Scab 3255.JPG,scab,1,g0608,s_reliability,reliability_train,original,,,,,,42
68f444cf0722ceaf23cd,data/plantvillage/raw/color/Apple___Apple_scab/f79c50ef-d89d-4371-b581-810b37eb2ac9___FREC_Scab 3255.JPG,scab,1,g0608,s_reliability,reliability_train,brightness,8098491813291552948,1.2583742492239751,,,,42
cd7a5841f5162a44d1eb,data/plantvillage/raw/color/Apple___Apple_scab/f79c50ef-d89d-4371-b581-810b37eb2ac9___FREC_Scab 3255.JPG,scab,1,g0608,s_reliability,reliability_train,contrast,2213915565626642018,,1.0145615567795547,,,42
e10ee38d6d7a8a74801f,data/plantvillage/raw/color/Apple___Apple_scab/f79c50ef-d89d-4371-b581-810b37eb2ac9___FREC_Scab 3255.JPG,scab,1,g0608,s_reliability,reliability_train,gaussian_blur,3162757075224201942,,,0.8154674728986147,,42
ccc4ebde02c2702dfa89,data/plantvillage/raw/color/Apple___Apple_scab/f79c50ef-d89d-4371-b581-810b37eb2ac9___FREC_Scab 3255.JPG,scab,1,g0608,s_reliability,reliability_train,gaussian_noise,8947589151143526130,,,,0.037974849100380625,42
c2a05264d3b51ece5247,data/plantvillage/raw/color/Apple___Apple_scab/f8e48799-c566-4b86-b7c8-a0e290fb7f25___FREC_Scab 3167.JPG,scab,1,g0610,s_reliability,reliability_val,original,,,,,,42
80d52f0a32ff25276bbf,data/plantvillage/raw/color/Apple___Apple_scab/f8e48799-c566-4b86-b7c8-a0e290fb7f25___FREC_Scab 3167.JPG,scab,1,g0610,s_reliability,reliability_val,brightness,2027268176882337093,1.0482963606194429,,,,42
1818f2861dfac60a2dce,data/plantvillage/raw/color/Apple___Apple_scab/f8e48799-c566-4b86-b7c8-a0e290fb7f25___FREC_Scab 3167.JPG,scab,1,g0610,s_reliability,reliability_val,contrast,215948020774912392,,1.2414999504380098,,,42
7e020867200fac7a9dcc,data/plantvillage/raw/color/Apple___Apple_scab/f8e48799-c566-4b86-b7c8-a0e290fb7f25___FREC_Scab 3167.JPG,scab,1,g0610,s_reliability,reliability_val,gaussian_blur,397133824946024261,,,1.4626357251713367,,42
8e5353c242fe11e22ffa,data/plantvillage/raw/color/Apple___Apple_scab/f8e48799-c566-4b86-b7c8-a0e290fb7f25___FREC_Scab 3167.JPG,scab,1,g0610,s_reliability,reliability_val,gaussian_noise,8351694498095530778,,,,0.032866448559335446,42
3e5e189f6128a41d1e0e,data/plantvillage/raw/color/Apple___Apple_scab/f957b91b-878a-4f53-b8b5-a8bf7fa2c773___FREC_Scab 2970.JPG,scab,1,g0612,s_reliability,reliability_train,original,,,,,,42
dc2598ab00a89ac49481,data/plantvillage/raw/color/Apple___Apple_scab/f957b91b-878a-4f53-b8b5-a8bf7fa2c773___FREC_Scab 2970.JPG,scab,1,g0612,s_reliability,reliability_train,brightness,5196429564793562367,0.706452786815684,,,,42
f5972ee5716cb8b0e0ff,data/plantvillage/raw/color/Apple___Apple_scab/f957b91b-878a-4f53-b8b5-a8bf7fa2c773___FREC_Scab 2970.JPG,scab,1,g0612,s_reliability,reliability_train,contrast,4865361076093945809,,0.7827964693203014,,,42
6681acbdab633f0af9eb,data/plantvillage/raw/color/Apple___Apple_scab/f957b91b-878a-4f53-b8b5-a8bf7fa2c773___FREC_Scab 2970.JPG,scab,1,g0612,s_reliability,reliability_train,gaussian_blur,1362259776156612029,,,0.9276780726842528,,42
5ec94ea329b6ce62120b,data/plantvillage/raw/color/Apple___Apple_scab/f957b91b-878a-4f53-b8b5-a8bf7fa2c773___FREC_Scab 2970.JPG,scab,1,g0612,s_reliability,reliability_train,gaussian_noise,5852954986544930736,,,,0.012866471223951948,42
ca73ba7aac2c6643ee86,data/plantvillage/raw/color/Apple___Apple_scab/f96cb3b3-172a-44d8-9720-d6a3ed87ced9___FREC_Scab 3036.JPG,scab,1,g0613,s_reliability,reliability_val,original,,,,,,42
2a388b4361531d2f9c29,data/plantvillage/raw/color/Apple___Apple_scab/f96cb3b3-172a-44d8-9720-d6a3ed87ced9___FREC_Scab 3036.JPG,scab,1,g0613,s_reliability,reliability_val,brightness,5600182220831252059,0.919796449903395,,,,42
0b35dd6c36d3b4544b67,data/plantvillage/raw/color/Apple___Apple_scab/f96cb3b3-172a-44d8-9720-d6a3ed87ced9___FREC_Scab 3036.JPG,scab,1,g0613,s_reliability,reliability_val,contrast,9220861174712794834,,0.813471261177711,,,42
fe0bbf40f7d72dbcdf7b,data/plantvillage/raw/color/Apple___Apple_scab/f96cb3b3-172a-44d8-9720-d6a3ed87ced9___FREC_Scab 3036.JPG,scab,1,g0613,s_reliability,reliability_val,gaussian_blur,3980415543050772309,,,0.5880560035560106,,42
3892a1045baa6937cef9,data/plantvillage/raw/color/Apple___Apple_scab/f96cb3b3-172a-44d8-9720-d6a3ed87ced9___FREC_Scab 3036.JPG,scab,1,g0613,s_reliability,reliability_val,gaussian_noise,7237666879631241575,,,,0.02917382354822238,42
389946c461602e7d060f,data/plantvillage/raw/color/Apple___Apple_scab/fd3ae59f-e06e-403b-b317-83ee68aa9ea7___FREC_Scab 3492.JPG,scab,1,g0623,s_reliability,reliability_val,original,,,,,,42
4f5300e07d59cff1d206,data/plantvillage/raw/color/Apple___Apple_scab/fd3ae59f-e06e-403b-b317-83ee68aa9ea7___FREC_Scab 3492.JPG,scab,1,g0623,s_reliability,reliability_val,brightness,1792165558375335002,1.1730170398157092,,,,42
47cd6f97126b694ae506,data/plantvillage/raw/color/Apple___Apple_scab/fd3ae59f-e06e-403b-b317-83ee68aa9ea7___FREC_Scab 3492.JPG,scab,1,g0623,s_reliability,reliability_val,contrast,3933250318053425516,,0.8249534597766743,,,42
08f26ec7f67fb3ca4cc8,data/plantvillage/raw/color/Apple___Apple_scab/fd3ae59f-e06e-403b-b317-83ee68aa9ea7___FREC_Scab 3492.JPG,scab,1,g0623,s_reliability,reliability_val,gaussian_blur,8623014056725596686,,,1.3540064801785894,,42
507cf397142766c18354,data/plantvillage/raw/color/Apple___Apple_scab/fd3ae59f-e06e-403b-b317-83ee68aa9ea7___FREC_Scab 3492.JPG,scab,1,g0623,s_reliability,reliability_val,gaussian_noise,6863764245787202202,,,,0.02453294550260481,42
b3ace40acffb61175705,data/plantvillage/raw/color/Apple___Apple_scab/fdc58f83-8a94-4f0c-aefe-c6f2b5028682___FREC_Scab 3014.JPG,scab,1,g0625,s_reliability,reliability_train,original,,,,,,42
3903d76153c2342d3e46,data/plantvillage/raw/color/Apple___Apple_scab/fdc58f83-8a94-4f0c-aefe-c6f2b5028682___FREC_Scab 3014.JPG,scab,1,g0625,s_reliability,reliability_train,brightness,2819122754036007500,1.2888177283805016,,,,42
2005e82ffa2c536e8fc9,data/plantvillage/raw/color/Apple___Apple_scab/fdc58f83-8a94-4f0c-aefe-c6f2b5028682___FREC_Scab 3014.JPG,scab,1,g0625,s_reliability,reliability_train,contrast,6017720356093859444,,0.9214993737271999,,,42
5e923e1e43469b04b813,data/plantvillage/raw/color/Apple___Apple_scab/fdc58f83-8a94-4f0c-aefe-c6f2b5028682___FREC_Scab 3014.JPG,scab,1,g0625,s_reliability,reliability_train,gaussian_blur,1054903621526194623,,,1.3937386016209228,,42
224f7281189f31db8413,data/plantvillage/raw/color/Apple___Apple_scab/fdc58f83-8a94-4f0c-aefe-c6f2b5028682___FREC_Scab 3014.JPG,scab,1,g0625,s_reliability,reliability_train,gaussian_noise,1307676259049682585,,,,0.024330571546386355,42
060b84f5c4f0f410d72e,data/plantvillage/raw/color/Apple___Cedar_apple_rust/0321e067-d13b-47d0-b3a6-76ba6f357d02___FREC_C.Rust 3667.JPG,rust,2,g0629,s_reliability,reliability_train,original,,,,,,42
eb236a76f3433f0ce95c,data/plantvillage/raw/color/Apple___Cedar_apple_rust/0321e067-d13b-47d0-b3a6-76ba6f357d02___FREC_C.Rust 3667.JPG,rust,2,g0629,s_reliability,reliability_train,brightness,2930566078747969199,0.9078652369814306,,,,42
c6828a900064e0103b5f,data/plantvillage/raw/color/Apple___Cedar_apple_rust/0321e067-d13b-47d0-b3a6-76ba6f357d02___FREC_C.Rust 3667.JPG,rust,2,g0629,s_reliability,reliability_train,contrast,7825497230561543446,,1.2445610624920342,,,42
c8dc26234773dd1be9c3,data/plantvillage/raw/color/Apple___Cedar_apple_rust/0321e067-d13b-47d0-b3a6-76ba6f357d02___FREC_C.Rust 3667.JPG,rust,2,g0629,s_reliability,reliability_train,gaussian_blur,3670155337237332233,,,0.828898146505128,,42
b1f9e726cc72e7be730b,data/plantvillage/raw/color/Apple___Cedar_apple_rust/0321e067-d13b-47d0-b3a6-76ba6f357d02___FREC_C.Rust 3667.JPG,rust,2,g0629,s_reliability,reliability_train,gaussian_noise,640987408284812703,,,,0.02507700805598362,42
3ef67aaa3339d96d759a,data/plantvillage/raw/color/Apple___Cedar_apple_rust/0a41c25a-f9a6-4c34-8e5c-7f89a6ac4c40___FREC_C.Rust 9807.JPG,rust,2,g0637,s_reliability,reliability_train,original,,,,,,42
baffa3d2ec42d3902405,data/plantvillage/raw/color/Apple___Cedar_apple_rust/0a41c25a-f9a6-4c34-8e5c-7f89a6ac4c40___FREC_C.Rust 9807.JPG,rust,2,g0637,s_reliability,reliability_train,brightness,1812195618699994847,1.2952664872030986,,,,42
10c29c7acc469fd1e901,data/plantvillage/raw/color/Apple___Cedar_apple_rust/0a41c25a-f9a6-4c34-8e5c-7f89a6ac4c40___FREC_C.Rust 9807.JPG,rust,2,g0637,s_reliability,reliability_train,contrast,7372088917114796014,,1.1148247081000575,,,42
a4b6f043f5fcc3d9c3bc,data/plantvillage/raw/color/Apple___Cedar_apple_rust/0a41c25a-f9a6-4c34-8e5c-7f89a6ac4c40___FREC_C.Rust 9807.JPG,rust,2,g0637,s_reliability,reliability_train,gaussian_blur,1079481706563734145,,,1.0468225633420318,,42
792ef1e916b3b00d6b3e,data/plantvillage/raw/color/Apple___Cedar_apple_rust/0a41c25a-f9a6-4c34-8e5c-7f89a6ac4c40___FREC_C.Rust 9807.JPG,rust,2,g0637,s_reliability,reliability_train,gaussian_noise,2384472542978734456,,,,0.018143204282544192,42
56af9daca135b8666520,data/plantvillage/raw/color/Apple___Cedar_apple_rust/1798ac41-0f49-4007-9df5-7e41e3077e51___FREC_C.Rust 3656.JPG,rust,2,g0644,s_reliability,reliability_train,original,,,,,,42
13cdeefed3159361d2d9,data/plantvillage/raw/color/Apple___Cedar_apple_rust/1798ac41-0f49-4007-9df5-7e41e3077e51___FREC_C.Rust 3656.JPG,rust,2,g0644,s_reliability,reliability_train,brightness,328814377299560389,1.1467220802890763,,,,42
94a3f96a370086949c53,data/plantvillage/raw/color/Apple___Cedar_apple_rust/1798ac41-0f49-4007-9df5-7e41e3077e51___FREC_C.Rust 3656.JPG,rust,2,g0644,s_reliability,reliability_train,contrast,1318375483634786869,,0.8033906931239061,,,42
f09118a611feb89de0bd,data/plantvillage/raw/color/Apple___Cedar_apple_rust/1798ac41-0f49-4007-9df5-7e41e3077e51___FREC_C.Rust 3656.JPG,rust,2,g0644,s_reliability,reliability_train,gaussian_blur,9099201816773614882,,,1.4675398725797972,,42
58533a6fd140a3dc7294,data/plantvillage/raw/color/Apple___Cedar_apple_rust/1798ac41-0f49-4007-9df5-7e41e3077e51___FREC_C.Rust 3656.JPG,rust,2,g0644,s_reliability,reliability_train,gaussian_noise,3336024979858744170,,,,0.02638131231917399,42
4dc43298194f9fe885c7,data/plantvillage/raw/color/Apple___Cedar_apple_rust/1a80b84d-1a5a-4e23-8deb-823ba928e29a___FREC_C.Rust 4431.JPG,rust,2,g0650,s_reliability,reliability_train,original,,,,,,42
dbfbe4202029fe1ff990,data/plantvillage/raw/color/Apple___Cedar_apple_rust/1a80b84d-1a5a-4e23-8deb-823ba928e29a___FREC_C.Rust 4431.JPG,rust,2,g0650,s_reliability,reliability_train,brightness,4151790188477237378,1.0312815168839042,,,,42
1cee6d941d672a95a6bf,data/plantvillage/raw/color/Apple___Cedar_apple_rust/1a80b84d-1a5a-4e23-8deb-823ba928e29a___FREC_C.Rust 4431.JPG,rust,2,g0650,s_reliability,reliability_train,contrast,685572254961373247,,1.1545144259150855,,,42
f0f5bc0e7d16166383cd,data/plantvillage/raw/color/Apple___Cedar_apple_rust/1a80b84d-1a5a-4e23-8deb-823ba928e29a___FREC_C.Rust 4431.JPG,rust,2,g0650,s_reliability,reliability_train,gaussian_blur,2845418545905389320,,,1.3513388053264817,,42
0d35a30308148cd19951,data/plantvillage/raw/color/Apple___Cedar_apple_rust/1a80b84d-1a5a-4e23-8deb-823ba928e29a___FREC_C.Rust 4431.JPG,rust,2,g0650,s_reliability,reliability_train,gaussian_noise,6555944550643006834,,,,0.016585976610855143,42
b258de6fafd2745aa5ae,data/plantvillage/raw/color/Apple___Cedar_apple_rust/20ef08f2-96ae-4148-942c-3d7708cd94d8___FREC_C.Rust 9830.JPG,rust,2,g0656,s_reliability,reliability_val,original,,,,,,42
36153de38b124267ff5c,data/plantvillage/raw/color/Apple___Cedar_apple_rust/20ef08f2-96ae-4148-942c-3d7708cd94d8___FREC_C.Rust 9830.JPG,rust,2,g0656,s_reliability,reliability_val,brightness,9124335070244331621,1.2766812122218627,,,,42
015a54781f1c902b6b24,data/plantvillage/raw/color/Apple___Cedar_apple_rust/20ef08f2-96ae-4148-942c-3d7708cd94d8___FREC_C.Rust 9830.JPG,rust,2,g0656,s_reliability,reliability_val,contrast,3970830922080656216,,1.2697293291587772,,,42
4a683ff8b69cc645082f,data/plantvillage/raw/color/Apple___Cedar_apple_rust/20ef08f2-96ae-4148-942c-3d7708cd94d8___FREC_C.Rust 9830.JPG,rust,2,g0656,s_reliability,reliability_val,gaussian_blur,6849660152597244097,,,1.2231344431345645,,42
23893790eb2833181cb2,data/plantvillage/raw/color/Apple___Cedar_apple_rust/20ef08f2-96ae-4148-942c-3d7708cd94d8___FREC_C.Rust 9830.JPG,rust,2,g0656,s_reliability,reliability_val,gaussian_noise,2797424583015850296,,,,0.022109122428859422,42
bd9014d7e7d247824ce1,data/plantvillage/raw/color/Apple___Cedar_apple_rust/2ac8d689-f30a-4eee-a856-86c92f8dcbd2___FREC_C.Rust 3952.JPG,rust,2,g0665,s_reliability,reliability_train,original,,,,,,42
74fa9793319854eafc0c,data/plantvillage/raw/color/Apple___Cedar_apple_rust/2ac8d689-f30a-4eee-a856-86c92f8dcbd2___FREC_C.Rust 3952.JPG,rust,2,g0665,s_reliability,reliability_train,brightness,1238135166806893014,0.989149893912943,,,,42
fb435eebd8933f722cd4,data/plantvillage/raw/color/Apple___Cedar_apple_rust/2ac8d689-f30a-4eee-a856-86c92f8dcbd2___FREC_C.Rust 3952.JPG,rust,2,g0665,s_reliability,reliability_train,contrast,184760996010872730,,0.703937269776144,,,42
2cac71be2de2846899a0,data/plantvillage/raw/color/Apple___Cedar_apple_rust/2ac8d689-f30a-4eee-a856-86c92f8dcbd2___FREC_C.Rust 3952.JPG,rust,2,g0665,s_reliability,reliability_train,gaussian_blur,3843253825728318729,,,0.7363241462256889,,42
4368f037fe0e24554827,data/plantvillage/raw/color/Apple___Cedar_apple_rust/2ac8d689-f30a-4eee-a856-86c92f8dcbd2___FREC_C.Rust 3952.JPG,rust,2,g0665,s_reliability,reliability_train,gaussian_noise,8116286617875832282,,,,0.04043459276343103,42
38d78660056d947d2710,data/plantvillage/raw/color/Apple___Cedar_apple_rust/2ddde539-6c5f-4d76-8611-14761bb240de___FREC_C.Rust 3564.JPG,rust,2,g0668,s_reliability,reliability_train,original,,,,,,42
88b726780faa118c9b83,data/plantvillage/raw/color/Apple___Cedar_apple_rust/2ddde539-6c5f-4d76-8611-14761bb240de___FREC_C.Rust 3564.JPG,rust,2,g0668,s_reliability,reliability_train,brightness,1020135457938338221,1.2881715134637752,,,,42
ec8e0198de3839ca8f3a,data/plantvillage/raw/color/Apple___Cedar_apple_rust/2ddde539-6c5f-4d76-8611-14761bb240de___FREC_C.Rust 3564.JPG,rust,2,g0668,s_reliability,reliability_train,contrast,5462134332840369543,,1.2729881800861214,,,42
2fb3eb9f378356eb5bca,data/plantvillage/raw/color/Apple___Cedar_apple_rust/2ddde539-6c5f-4d76-8611-14761bb240de___FREC_C.Rust 3564.JPG,rust,2,g0668,s_reliability,reliability_train,gaussian_blur,2069312328900770086,,,1.3671370114552313,,42
05aa80cbd57b2fbb1a51,data/plantvillage/raw/color/Apple___Cedar_apple_rust/2ddde539-6c5f-4d76-8611-14761bb240de___FREC_C.Rust 3564.JPG,rust,2,g0668,s_reliability,reliability_train,gaussian_noise,6147289556569416892,,,,0.04948386996630143,42
955a397437574af43d79,data/plantvillage/raw/color/Apple___Cedar_apple_rust/39c00da9-396e-4bd3-8e4a-f701c11d4fa7___FREC_C.Rust 3907.JPG,rust,2,g0675,s_reliability,reliability_train,original,,,,,,42
71b8d1a085de9d611c32,data/plantvillage/raw/color/Apple___Cedar_apple_rust/39c00da9-396e-4bd3-8e4a-f701c11d4fa7___FREC_C.Rust 3907.JPG,rust,2,g0675,s_reliability,reliability_train,brightness,4009909030205098043,0.7010369604387269,,,,42
d59fc1dc390533de57a8,data/plantvillage/raw/color/Apple___Cedar_apple_rust/39c00da9-396e-4bd3-8e4a-f701c11d4fa7___FREC_C.Rust 3907.JPG,rust,2,g0675,s_reliability,reliability_train,contrast,5307150963778230250,,0.8001508649492495,,,42
93508dba867f557ec655,data/plantvillage/raw/color/Apple___Cedar_apple_rust/39c00da9-396e-4bd3-8e4a-f701c11d4fa7___FREC_C.Rust 3907.JPG,rust,2,g0675,s_reliability,reliability_train,gaussian_blur,5498740430969157243,,,0.6434891465882532,,42
e19e4d9cb33852a413bd,data/plantvillage/raw/color/Apple___Cedar_apple_rust/39c00da9-396e-4bd3-8e4a-f701c11d4fa7___FREC_C.Rust 3907.JPG,rust,2,g0675,s_reliability,reliability_train,gaussian_noise,985384076233416482,,,,0.04341934138266282,42
b6d8bcee3358101f1be2,data/plantvillage/raw/color/Apple___Cedar_apple_rust/3ea747af-ed9d-44f1-a8b6-61503adf0a4b___FREC_C.Rust 4174.JPG,rust,2,g0683,s_reliability,reliability_train,original,,,,,,42
1ac3523eae0f660f5423,data/plantvillage/raw/color/Apple___Cedar_apple_rust/3ea747af-ed9d-44f1-a8b6-61503adf0a4b___FREC_C.Rust 4174.JPG,rust,2,g0683,s_reliability,reliability_train,brightness,5796332649314055639,0.7530919511174957,,,,42
50d0d6707a95a0945f8a,data/plantvillage/raw/color/Apple___Cedar_apple_rust/3ea747af-ed9d-44f1-a8b6-61503adf0a4b___FREC_C.Rust 4174.JPG,rust,2,g0683,s_reliability,reliability_train,contrast,7350170877343711716,,0.8539875045771471,,,42
c96cc77fb5e3a10b8122,data/plantvillage/raw/color/Apple___Cedar_apple_rust/3ea747af-ed9d-44f1-a8b6-61503adf0a4b___FREC_C.Rust 4174.JPG,rust,2,g0683,s_reliability,reliability_train,gaussian_blur,6773538550597083909,,,0.9627317975344836,,42
f0b4411bee95044ed27f,data/plantvillage/raw/color/Apple___Cedar_apple_rust/3ea747af-ed9d-44f1-a8b6-61503adf0a4b___FREC_C.Rust 4174.JPG,rust,2,g0683,s_reliability,reliability_train,gaussian_noise,7588793270451520677,,,,0.02385667522072981,42
c79170af4ebbf222b1ce,data/plantvillage/raw/color/Apple___Cedar_apple_rust/3fb3806c-db88-491d-b9b0-191b3d5964cd___FREC_C.Rust 4130.JPG,rust,2,g0686,s_reliability,reliability_train,original,,,,,,42
26aaee46c87e9bb920d6,data/plantvillage/raw/color/Apple___Cedar_apple_rust/3fb3806c-db88-491d-b9b0-191b3d5964cd___FREC_C.Rust 4130.JPG,rust,2,g0686,s_reliability,reliability_train,brightness,7431893806541698746,0.8250988354201897,,,,42
0068136486d070a8b4d6,data/plantvillage/raw/color/Apple___Cedar_apple_rust/3fb3806c-db88-491d-b9b0-191b3d5964cd___FREC_C.Rust 4130.JPG,rust,2,g0686,s_reliability,reliability_train,contrast,792529144098384997,,0.8833082305425937,,,42
0e81f2c7544873fc956b,data/plantvillage/raw/color/Apple___Cedar_apple_rust/3fb3806c-db88-491d-b9b0-191b3d5964cd___FREC_C.Rust 4130.JPG,rust,2,g0686,s_reliability,reliability_train,gaussian_blur,8076553071255020175,,,1.2355554482987996,,42
62d8e2b214600c239891,data/plantvillage/raw/color/Apple___Cedar_apple_rust/3fb3806c-db88-491d-b9b0-191b3d5964cd___FREC_C.Rust 4130.JPG,rust,2,g0686,s_reliability,reliability_train,gaussian_noise,7718072336146035673,,,,0.03268883673356201,42
d2bf1fcc6ab287bc1032,data/plantvillage/raw/color/Apple___Cedar_apple_rust/46597071-9826-4f76-b853-083b76c5ef63___FREC_C.Rust 3666.JPG,rust,2,g0695,s_reliability,reliability_train,original,,,,,,42
4c3fedeeae7d634f1a9e,data/plantvillage/raw/color/Apple___Cedar_apple_rust/46597071-9826-4f76-b853-083b76c5ef63___FREC_C.Rust 3666.JPG,rust,2,g0695,s_reliability,reliability_train,brightness,1337925766950769555,1.1435122948872163,,,,42
c5044542fee4ef54f8ea,data/plantvillage/raw/color/Apple___Cedar_apple_rust/46597071-9826-4f76-b853-083b76c5ef63___FREC_C.Rust 3666.JPG,rust,2,g0695,s_reliability,reliability_train,contrast,8461330052855152134,,1.1468566140490086,,,42
02f60af8a2950a421b26,data/plantvillage/raw/color/Apple___Cedar_apple_rust/46597071-9826-4f76-b853-083b76c5ef63___FREC_C.Rust 3666.JPG,rust,2,g0695,s_reliability,reliability_train,gaussian_blur,3416596038691601604,,,1.0983519791146024,,42
ae6b457c0eb687d875c4,data/plantvillage/raw/color/Apple___Cedar_apple_rust/46597071-9826-4f76-b853-083b76c5ef63___FREC_C.Rust 3666.JPG,rust,2,g0695,s_reliability,reliability_train,gaussian_noise,5148620912703859591,,,,0.028291994824283365,42
7cd4df7fb3085ea1cdf0,data/plantvillage/raw/color/Apple___Cedar_apple_rust/46aef257-999e-4158-9107-c5f5c7c8016a___FREC_C.Rust 4147.JPG,rust,2,g0696,s_reliability,reliability_train,original,,,,,,42
44e43a3cf0b73732c5cb,data/plantvillage/raw/color/Apple___Cedar_apple_rust/46aef257-999e-4158-9107-c5f5c7c8016a___FREC_C.Rust 4147.JPG,rust,2,g0696,s_reliability,reliability_train,brightness,5137468757470680855,1.1948746982907104,,,,42
1ea2f0e5203e28936f12,data/plantvillage/raw/color/Apple___Cedar_apple_rust/46aef257-999e-4158-9107-c5f5c7c8016a___FREC_C.Rust 4147.JPG,rust,2,g0696,s_reliability,reliability_train,contrast,2241558900996907608,,0.9329671031024535,,,42
da52c06dfa6af15ee2a5,data/plantvillage/raw/color/Apple___Cedar_apple_rust/46aef257-999e-4158-9107-c5f5c7c8016a___FREC_C.Rust 4147.JPG,rust,2,g0696,s_reliability,reliability_train,gaussian_blur,566362356177354878,,,0.913072685331281,,42
d6ca6ca311e9669dde8d,data/plantvillage/raw/color/Apple___Cedar_apple_rust/46aef257-999e-4158-9107-c5f5c7c8016a___FREC_C.Rust 4147.JPG,rust,2,g0696,s_reliability,reliability_train,gaussian_noise,6805322405155384251,,,,0.03563328607658932,42
2ad173b281e7eabbed86,data/plantvillage/raw/color/Apple___Cedar_apple_rust/46b6b57e-9c90-4de7-9fb1-b8b674d51f38___FREC_C.Rust 9857.JPG,rust,2,g0697,s_reliability,reliability_train,original,,,,,,42
9640e6d0d551c087d801,data/plantvillage/raw/color/Apple___Cedar_apple_rust/46b6b57e-9c90-4de7-9fb1-b8b674d51f38___FREC_C.Rust 9857.JPG,rust,2,g0697,s_reliability,reliability_train,brightness,8511084443329139375,1.073898456567421,,,,42
87d37241e17bc96d9bbd,data/plantvillage/raw/color/Apple___Cedar_apple_rust/46b6b57e-9c90-4de7-9fb1-b8b674d51f38___FREC_C.Rust 9857.JPG,rust,2,g0697,s_reliability,reliability_train,contrast,8822205634636923575,,1.1512190215785898,,,42
536073cb4505656e188a,data/plantvillage/raw/color/Apple___Cedar_apple_rust/46b6b57e-9c90-4de7-9fb1-b8b674d51f38___FREC_C.Rust 9857.JPG,rust,2,g0697,s_reliability,reliability_train,gaussian_blur,83810707950683667,,,1.3814703955123093,,42
523ec573545b31e0e37d,data/plantvillage/raw/color/Apple___Cedar_apple_rust/46b6b57e-9c90-4de7-9fb1-b8b674d51f38___FREC_C.Rust 9857.JPG,rust,2,g0697,s_reliability,reliability_train,gaussian_noise,8620575844703776009,,,,0.04418578447851751,42
514ac5d9076bb6883e3b,data/plantvillage/raw/color/Apple___Cedar_apple_rust/492e83ef-7407-42f1-a0e2-e272cf1cdbc1___FREC_C.Rust 0024.JPG,rust,2,g0698,s_reliability,reliability_train,original,,,,,,42
ac6f0c6bed22a4dfa02a,data/plantvillage/raw/color/Apple___Cedar_apple_rust/492e83ef-7407-42f1-a0e2-e272cf1cdbc1___FREC_C.Rust 0024.JPG,rust,2,g0698,s_reliability,reliability_train,brightness,2126045519001692173,0.8428181346940617,,,,42
16a1a2e27f193f4a37a0,data/plantvillage/raw/color/Apple___Cedar_apple_rust/492e83ef-7407-42f1-a0e2-e272cf1cdbc1___FREC_C.Rust 0024.JPG,rust,2,g0698,s_reliability,reliability_train,contrast,8496635156704690713,,1.0094857543706728,,,42
78b7f170942d0d7f596c,data/plantvillage/raw/color/Apple___Cedar_apple_rust/492e83ef-7407-42f1-a0e2-e272cf1cdbc1___FREC_C.Rust 0024.JPG,rust,2,g0698,s_reliability,reliability_train,gaussian_blur,8289778620581039100,,,0.7874468902819679,,42
a39bcaf91263770fddc7,data/plantvillage/raw/color/Apple___Cedar_apple_rust/492e83ef-7407-42f1-a0e2-e272cf1cdbc1___FREC_C.Rust 0024.JPG,rust,2,g0698,s_reliability,reliability_train,gaussian_noise,3234987640418141572,,,,0.03985475976524317,42
9b90c07db3a6acc2ec8f,data/plantvillage/raw/color/Apple___Cedar_apple_rust/5271addc-c445-4af1-ba68-318c7b509e1f___FREC_C.Rust 3585.JPG,rust,2,g0710,s_reliability,reliability_train,original,,,,,,42
1ffa9dfbc5d946282df0,data/plantvillage/raw/color/Apple___Cedar_apple_rust/5271addc-c445-4af1-ba68-318c7b509e1f___FREC_C.Rust 3585.JPG,rust,2,g0710,s_reliability,reliability_train,brightness,7019451541191187919,1.0785999092159924,,,,42
7e88bf4bc1ee634570cd,data/plantvillage/raw/color/Apple___Cedar_apple_rust/5271addc-c445-4af1-ba68-318c7b509e1f___FREC_C.Rust 3585.JPG,rust,2,g0710,s_reliability,reliability_train,contrast,2215830927264308898,,0.8474535758640687,,,42
c30a7573a6cb31800e50,data/plantvillage/raw/color/Apple___Cedar_apple_rust/5271addc-c445-4af1-ba68-318c7b509e1f___FREC_C.Rust 3585.JPG,rust,2,g0710,s_reliability,reliability_train,gaussian_blur,309852247994690599,,,0.5564056751461881,,42
071aff0c8195e483940d,data/plantvillage/raw/color/Apple___Cedar_apple_rust/5271addc-c445-4af1-ba68-318c7b509e1f___FREC_C.Rust 3585.JPG,rust,2,g0710,s_reliability,reliability_train,gaussian_noise,3770604975239205164,,,,0.01721242049801944,42
cbb7086744867e71ef93,data/plantvillage/raw/color/Apple___Cedar_apple_rust/5c2677da-56e7-47bc-bc21-31a1db9ff5bf___FREC_C.Rust 9799.JPG,rust,2,g0721,s_reliability,reliability_val,original,,,,,,42
2b0e7fd37129b8555d12,data/plantvillage/raw/color/Apple___Cedar_apple_rust/5c2677da-56e7-47bc-bc21-31a1db9ff5bf___FREC_C.Rust 9799.JPG,rust,2,g0721,s_reliability,reliability_val,brightness,5138983943787726491,0.7011443462651283,,,,42
ee1c109f1c4be45160df,data/plantvillage/raw/color/Apple___Cedar_apple_rust/5c2677da-56e7-47bc-bc21-31a1db9ff5bf___FREC_C.Rust 9799.JPG,rust,2,g0721,s_reliability,reliability_val,contrast,994375847245664912,,0.824502228252872,,,42
baa8f0da132b50267838,data/plantvillage/raw/color/Apple___Cedar_apple_rust/5c2677da-56e7-47bc-bc21-31a1db9ff5bf___FREC_C.Rust 9799.JPG,rust,2,g0721,s_reliability,reliability_val,gaussian_blur,2799743701510070896,,,0.9254830552418009,,42
023f77a1e6a0478a8df0,data/plantvillage/raw/color/Apple___Cedar_apple_rust/5c2677da-56e7-47bc-bc21-31a1db9ff5bf___FREC_C.Rust 9799.JPG,rust,2,g0721,s_reliability,reliability_val,gaussian_noise,279683693414116392,,,,0.04674422207254973,42
067aca20bce3cb890bd9,data/plantvillage/raw/color/Apple___Cedar_apple_rust/60ecab05-90df-45d5-8a50-edb8635aac87___FREC_C.Rust 4155.JPG,rust,2,g0727,s_reliability,reliability_val,original,,,,,,42
1809c11f55bdefdc82e8,data/plantvillage/raw/color/Apple___Cedar_apple_rust/60ecab05-90df-45d5-8a50-edb8635aac87___FREC_C.Rust 4155.JPG,rust,2,g0727,s_reliability,reliability_val,brightness,1593361610085464932,0.9174721845178622,,,,42
a93390134b4249f616a6,data/plantvillage/raw/color/Apple___Cedar_apple_rust/60ecab05-90df-45d5-8a50-edb8635aac87___FREC_C.Rust 4155.JPG,rust,2,g0727,s_reliability,reliability_val,contrast,5827455798737791278,,1.1614805993596526,,,42
c4e8e14e48ac9c5923f8,data/plantvillage/raw/color/Apple___Cedar_apple_rust/60ecab05-90df-45d5-8a50-edb8635aac87___FREC_C.Rust 4155.JPG,rust,2,g0727,s_reliability,reliability_val,gaussian_blur,8136810440169511556,,,1.3640488980859797,,42
6e9feee1577e26284ad7,data/plantvillage/raw/color/Apple___Cedar_apple_rust/60ecab05-90df-45d5-8a50-edb8635aac87___FREC_C.Rust 4155.JPG,rust,2,g0727,s_reliability,reliability_val,gaussian_noise,8899418907647209012,,,,0.02613358045191555,42
7817ca09e61512791265,data/plantvillage/raw/color/Apple___Cedar_apple_rust/6fe0e179-4491-4257-a1d3-9cff9e9e2d27___FREC_C.Rust 0225.JPG,rust,2,g0736,s_reliability,reliability_train,original,,,,,,42
4328dadd0ec89cad7e35,data/plantvillage/raw/color/Apple___Cedar_apple_rust/6fe0e179-4491-4257-a1d3-9cff9e9e2d27___FREC_C.Rust 0225.JPG,rust,2,g0736,s_reliability,reliability_train,brightness,7484009663020817417,0.7098236029385009,,,,42
27646b156eb1c5c1de17,data/plantvillage/raw/color/Apple___Cedar_apple_rust/6fe0e179-4491-4257-a1d3-9cff9e9e2d27___FREC_C.Rust 0225.JPG,rust,2,g0736,s_reliability,reliability_train,contrast,8630229796243865280,,0.8926053672513127,,,42
df9bab680a85a5e33de9,data/plantvillage/raw/color/Apple___Cedar_apple_rust/6fe0e179-4491-4257-a1d3-9cff9e9e2d27___FREC_C.Rust 0225.JPG,rust,2,g0736,s_reliability,reliability_train,gaussian_blur,4283207749994627192,,,0.9094220561271835,,42
6eab29d757ecea57f4b4,data/plantvillage/raw/color/Apple___Cedar_apple_rust/6fe0e179-4491-4257-a1d3-9cff9e9e2d27___FREC_C.Rust 0225.JPG,rust,2,g0736,s_reliability,reliability_train,gaussian_noise,80237578520402496,,,,0.03124859378785745,42
55b9f2c31aa16823c5f7,data/plantvillage/raw/color/Apple___Cedar_apple_rust/7e32ce27-bc89-4fca-9f49-c50de91210d1___FREC_C.Rust 4425.JPG,rust,2,g0751,s_reliability,reliability_train,original,,,,,,42
6f418f05bb366ce502c6,data/plantvillage/raw/color/Apple___Cedar_apple_rust/7e32ce27-bc89-4fca-9f49-c50de91210d1___FREC_C.Rust 4425.JPG,rust,2,g0751,s_reliability,reliability_train,brightness,2430587164417958302,1.2005577785604635,,,,42
7e224821116e30c8715e,data/plantvillage/raw/color/Apple___Cedar_apple_rust/7e32ce27-bc89-4fca-9f49-c50de91210d1___FREC_C.Rust 4425.JPG,rust,2,g0751,s_reliability,reliability_train,contrast,4114779885996814619,,0.8938333396774873,,,42
e68b45f721a955c377b1,data/plantvillage/raw/color/Apple___Cedar_apple_rust/7e32ce27-bc89-4fca-9f49-c50de91210d1___FREC_C.Rust 4425.JPG,rust,2,g0751,s_reliability,reliability_train,gaussian_blur,1870417247122737198,,,1.1986475654281548,,42
44c1694692ae83e47358,data/plantvillage/raw/color/Apple___Cedar_apple_rust/7e32ce27-bc89-4fca-9f49-c50de91210d1___FREC_C.Rust 4425.JPG,rust,2,g0751,s_reliability,reliability_train,gaussian_noise,4319594287269559260,,,,0.040225870692063154,42
02707a6e4ec0082928d0,data/plantvillage/raw/color/Apple___Cedar_apple_rust/811b2953-8508-4327-944e-8d999211790c___FREC_C.Rust 3891.JPG,rust,2,g0755,s_reliability,reliability_val,original,,,,,,42
6c5b7f95607c933addb2,data/plantvillage/raw/color/Apple___Cedar_apple_rust/811b2953-8508-4327-944e-8d999211790c___FREC_C.Rust 3891.JPG,rust,2,g0755,s_reliability,reliability_val,brightness,8413511154358053143,0.8226938735388784,,,,42
f810b59a44a3705ee576,data/plantvillage/raw/color/Apple___Cedar_apple_rust/811b2953-8508-4327-944e-8d999211790c___FREC_C.Rust 3891.JPG,rust,2,g0755,s_reliability,reliability_val,contrast,4431399651871326821,,0.9151942846961665,,,42
4829b19c383d7b150f98,data/plantvillage/raw/color/Apple___Cedar_apple_rust/811b2953-8508-4327-944e-8d999211790c___FREC_C.Rust 3891.JPG,rust,2,g0755,s_reliability,reliability_val,gaussian_blur,6924794671750878573,,,0.7463202200650834,,42
1500949125428804c0ec,data/plantvillage/raw/color/Apple___Cedar_apple_rust/811b2953-8508-4327-944e-8d999211790c___FREC_C.Rust 3891.JPG,rust,2,g0755,s_reliability,reliability_val,gaussian_noise,310417430109168794,,,,0.04754179273872836,42
5308ad15510eb7281b38,data/plantvillage/raw/color/Apple___Cedar_apple_rust/821d427b-7aff-475c-8d76-6c984e09463f___FREC_C.Rust 3760.JPG,rust,2,g0756,s_reliability,reliability_train,original,,,,,,42
850c0542f6a32912237c,data/plantvillage/raw/color/Apple___Cedar_apple_rust/821d427b-7aff-475c-8d76-6c984e09463f___FREC_C.Rust 3760.JPG,rust,2,g0756,s_reliability,reliability_train,brightness,4571325911189360225,0.8986348725646557,,,,42
05c20be8e9783ef8062d,data/plantvillage/raw/color/Apple___Cedar_apple_rust/821d427b-7aff-475c-8d76-6c984e09463f___FREC_C.Rust 3760.JPG,rust,2,g0756,s_reliability,reliability_train,contrast,6315890675842632630,,0.8049394608395405,,,42
87dd8888f2bc2d2565d2,data/plantvillage/raw/color/Apple___Cedar_apple_rust/821d427b-7aff-475c-8d76-6c984e09463f___FREC_C.Rust 3760.JPG,rust,2,g0756,s_reliability,reliability_train,gaussian_blur,6269459348649831633,,,0.9627826221466274,,42
15d2a99a0ddcf1f7184a,data/plantvillage/raw/color/Apple___Cedar_apple_rust/821d427b-7aff-475c-8d76-6c984e09463f___FREC_C.Rust 3760.JPG,rust,2,g0756,s_reliability,reliability_train,gaussian_noise,1988108616313388441,,,,0.03516768717535089,42
77487b8a441ccda21ebf,data/plantvillage/raw/color/Apple___Cedar_apple_rust/8306d4f0-6a4f-4f02-86ca-72b1a950f420___FREC_C.Rust 0175.JPG,rust,2,g0758,s_reliability,reliability_train,original,,,,,,42
89f548c1a7dc096e343d,data/plantvillage/raw/color/Apple___Cedar_apple_rust/8306d4f0-6a4f-4f02-86ca-72b1a950f420___FREC_C.Rust 0175.JPG,rust,2,g0758,s_reliability,reliability_train,brightness,5147374854449316070,1.0095680995525007,,,,42
27100d3822373e445789,data/plantvillage/raw/color/Apple___Cedar_apple_rust/8306d4f0-6a4f-4f02-86ca-72b1a950f420___FREC_C.Rust 0175.JPG,rust,2,g0758,s_reliability,reliability_train,contrast,2570736879708741500,,1.1526010994676266,,,42
a1d8e8161edf4c53b921,data/plantvillage/raw/color/Apple___Cedar_apple_rust/8306d4f0-6a4f-4f02-86ca-72b1a950f420___FREC_C.Rust 0175.JPG,rust,2,g0758,s_reliability,reliability_train,gaussian_blur,8013552049083527331,,,1.2427570322180364,,42
5fb5ae88776e394586a8,data/plantvillage/raw/color/Apple___Cedar_apple_rust/8306d4f0-6a4f-4f02-86ca-72b1a950f420___FREC_C.Rust 0175.JPG,rust,2,g0758,s_reliability,reliability_train,gaussian_noise,7616654997170151072,,,,0.019245665068357565,42
c676d4e64fa881add5e0,data/plantvillage/raw/color/Apple___Cedar_apple_rust/84eda310-5cbd-4de7-949d-471213cd0016___FREC_C.Rust 3679.JPG,rust,2,g0761,s_reliability,reliability_val,original,,,,,,42
a7958281d9fdcba8559e,data/plantvillage/raw/color/Apple___Cedar_apple_rust/84eda310-5cbd-4de7-949d-471213cd0016___FREC_C.Rust 3679.JPG,rust,2,g0761,s_reliability,reliability_val,brightness,7950491604340802063,1.190574104535753,,,,42
c28a568fbd1fb0d0d4d6,data/plantvillage/raw/color/Apple___Cedar_apple_rust/84eda310-5cbd-4de7-949d-471213cd0016___FREC_C.Rust 3679.JPG,rust,2,g0761,s_reliability,reliability_val,contrast,1433596285438689991,,1.276847192561266,,,42
1a30f90fb8726b548636,data/plantvillage/raw/color/Apple___Cedar_apple_rust/84eda310-5cbd-4de7-949d-471213cd0016___FREC_C.Rust 3679.JPG,rust,2,g0761,s_reliability,reliability_val,gaussian_blur,5570773396651003154,,,1.2715570801533482,,42
8820d77e862e5803911a,data/plantvillage/raw/color/Apple___Cedar_apple_rust/84eda310-5cbd-4de7-949d-471213cd0016___FREC_C.Rust 3679.JPG,rust,2,g0761,s_reliability,reliability_val,gaussian_noise,2493634191022538598,,,,0.02496793269844013,42
d499cdc98c0b9b55a11d,data/plantvillage/raw/color/Apple___Cedar_apple_rust/85eb91f6-f8f0-438e-afbc-ca12551ee404___FREC_C.Rust 9884.JPG,rust,2,g0765,s_reliability,reliability_train,original,,,,,,42
3388e3ea0a2130bac8a9,data/plantvillage/raw/color/Apple___Cedar_apple_rust/85eb91f6-f8f0-438e-afbc-ca12551ee404___FREC_C.Rust 9884.JPG,rust,2,g0765,s_reliability,reliability_train,brightness,1442249255194107030,0.7051589650746101,,,,42
520b1412859bbe893e25,data/plantvillage/raw/color/Apple___Cedar_apple_rust/85eb91f6-f8f0-438e-afbc-ca12551ee404___FREC_C.Rust 9884.JPG,rust,2,g0765,s_reliability,reliability_train,contrast,9176075915898749191,,1.0007417453024892,,,42
5ff53f0542d080a3056c,data/plantvillage/raw/color/Apple___Cedar_apple_rust/85eb91f6-f8f0-438e-afbc-ca12551ee404___FREC_C.Rust 9884.JPG,rust,2,g0765,s_reliability,reliability_train,gaussian_blur,5172479580084188353,,,0.879265055608439,,42
9af597f482b4a4f39ad7,data/plantvillage/raw/color/Apple___Cedar_apple_rust/85eb91f6-f8f0-438e-afbc-ca12551ee404___FREC_C.Rust 9884.JPG,rust,2,g0765,s_reliability,reliability_train,gaussian_noise,1810193869183814344,,,,0.01609551314255245,42
aa3027417bb2008e7192,data/plantvillage/raw/color/Apple___Cedar_apple_rust/90355db8-e997-4ab6-a1a3-14aca5e55395___FREC_C.Rust 9907.JPG,rust,2,g0775,s_reliability,reliability_train,original,,,,,,42
14011799621273083b16,data/plantvillage/raw/color/Apple___Cedar_apple_rust/90355db8-e997-4ab6-a1a3-14aca5e55395___FREC_C.Rust 9907.JPG,rust,2,g0775,s_reliability,reliability_train,brightness,552426571636723990,1.0169131472625543,,,,42
4e7a151de114d13abb45,data/plantvillage/raw/color/Apple___Cedar_apple_rust/90355db8-e997-4ab6-a1a3-14aca5e55395___FREC_C.Rust 9907.JPG,rust,2,g0775,s_reliability,reliability_train,contrast,101779611579132440,,1.1231196780181123,,,42
fbc64bd729f18d1befc6,data/plantvillage/raw/color/Apple___Cedar_apple_rust/90355db8-e997-4ab6-a1a3-14aca5e55395___FREC_C.Rust 9907.JPG,rust,2,g0775,s_reliability,reliability_train,gaussian_blur,5958601656001334143,,,1.3850258816916048,,42
4c7f99de24fcb3492d06,data/plantvillage/raw/color/Apple___Cedar_apple_rust/90355db8-e997-4ab6-a1a3-14aca5e55395___FREC_C.Rust 9907.JPG,rust,2,g0775,s_reliability,reliability_train,gaussian_noise,8223344445241317036,,,,0.020035055894807967,42
d1f39ddd465c5c88f1df,data/plantvillage/raw/color/Apple___Cedar_apple_rust/915ea730-231d-408d-baea-d2554d47bfa9___FREC_C.Rust 9809.JPG,rust,2,g0778,s_reliability,reliability_val,original,,,,,,42
a384b078e030622ef99c,data/plantvillage/raw/color/Apple___Cedar_apple_rust/915ea730-231d-408d-baea-d2554d47bfa9___FREC_C.Rust 9809.JPG,rust,2,g0778,s_reliability,reliability_val,brightness,5769037785546392290,0.9815502999928569,,,,42
a2717ce6216c0d0bc78b,data/plantvillage/raw/color/Apple___Cedar_apple_rust/915ea730-231d-408d-baea-d2554d47bfa9___FREC_C.Rust 9809.JPG,rust,2,g0778,s_reliability,reliability_val,contrast,9004944793679134404,,1.1704595484736244,,,42
d84e235a1ff8f13b215d,data/plantvillage/raw/color/Apple___Cedar_apple_rust/915ea730-231d-408d-baea-d2554d47bfa9___FREC_C.Rust 9809.JPG,rust,2,g0778,s_reliability,reliability_val,gaussian_blur,7259423414601357949,,,1.4358619719995676,,42
d02adbf819313b55da6e,data/plantvillage/raw/color/Apple___Cedar_apple_rust/915ea730-231d-408d-baea-d2554d47bfa9___FREC_C.Rust 9809.JPG,rust,2,g0778,s_reliability,reliability_val,gaussian_noise,8524397353610226078,,,,0.017333941134882576,42
7bf1154fa879f73f3b47,data/plantvillage/raw/color/Apple___Cedar_apple_rust/a3141843-3628-45c2-ac01-5b1726744c6d___FREC_C.Rust 9906.JPG,rust,2,g0803,s_reliability,reliability_train,original,,,,,,42
7004d69e0a38fdaf83f0,data/plantvillage/raw/color/Apple___Cedar_apple_rust/a3141843-3628-45c2-ac01-5b1726744c6d___FREC_C.Rust 9906.JPG,rust,2,g0803,s_reliability,reliability_train,brightness,7450606089193021449,0.9048082832396815,,,,42
e8df68ce90f0d6a8e499,data/plantvillage/raw/color/Apple___Cedar_apple_rust/a3141843-3628-45c2-ac01-5b1726744c6d___FREC_C.Rust 9906.JPG,rust,2,g0803,s_reliability,reliability_train,contrast,187480724502104230,,0.960093577718652,,,42
7ce713f3ad184c704811,data/plantvillage/raw/color/Apple___Cedar_apple_rust/a3141843-3628-45c2-ac01-5b1726744c6d___FREC_C.Rust 9906.JPG,rust,2,g0803,s_reliability,reliability_train,gaussian_blur,6178287862976250641,,,1.1011449848489359,,42
3dc17de8356008d86bc1,data/plantvillage/raw/color/Apple___Cedar_apple_rust/a3141843-3628-45c2-ac01-5b1726744c6d___FREC_C.Rust 9906.JPG,rust,2,g0803,s_reliability,reliability_train,gaussian_noise,9203003124582668123,,,,0.04118220738388171,42
d37105afe9dadf03f390,data/plantvillage/raw/color/Apple___Cedar_apple_rust/aa87fd23-a302-4e4e-80e7-18a261b17fd5___FREC_C.Rust 9989.JPG,rust,2,g0813,s_reliability,reliability_train,original,,,,,,42
2f9ca682d4107d094a0f,data/plantvillage/raw/color/Apple___Cedar_apple_rust/aa87fd23-a302-4e4e-80e7-18a261b17fd5___FREC_C.Rust 9989.JPG,rust,2,g0813,s_reliability,reliability_train,brightness,82267198864212221,0.8258375736843577,,,,42
6e907d39491194a71ac0,data/plantvillage/raw/color/Apple___Cedar_apple_rust/aa87fd23-a302-4e4e-80e7-18a261b17fd5___FREC_C.Rust 9989.JPG,rust,2,g0813,s_reliability,reliability_train,contrast,5798490796671382180,,1.0920539724194747,,,42
f7cab32f1482d922d2da,data/plantvillage/raw/color/Apple___Cedar_apple_rust/aa87fd23-a302-4e4e-80e7-18a261b17fd5___FREC_C.Rust 9989.JPG,rust,2,g0813,s_reliability,reliability_train,gaussian_blur,1048876132620834761,,,0.7936200510517845,,42
395c9edbda21111f4b60,data/plantvillage/raw/color/Apple___Cedar_apple_rust/aa87fd23-a302-4e4e-80e7-18a261b17fd5___FREC_C.Rust 9989.JPG,rust,2,g0813,s_reliability,reliability_train,gaussian_noise,1800373840716008310,,,,0.02972264655298997,42
e232787d324b58c64010,data/plantvillage/raw/color/Apple___Cedar_apple_rust/accd43fa-2496-47ad-a24b-81da9e5f82b7___FREC_C.Rust 3783.JPG,rust,2,g0814,s_reliability,reliability_train,original,,,,,,42
c9d412161b1bc9af6bba,data/plantvillage/raw/color/Apple___Cedar_apple_rust/accd43fa-2496-47ad-a24b-81da9e5f82b7___FREC_C.Rust 3783.JPG,rust,2,g0814,s_reliability,reliability_train,brightness,906340392256149931,1.1527875532408818,,,,42
8e1d09254df25363073e,data/plantvillage/raw/color/Apple___Cedar_apple_rust/accd43fa-2496-47ad-a24b-81da9e5f82b7___FREC_C.Rust 3783.JPG,rust,2,g0814,s_reliability,reliability_train,contrast,6050918715673612325,,1.0821570343424054,,,42
760f7687e4c708128ef4,data/plantvillage/raw/color/Apple___Cedar_apple_rust/accd43fa-2496-47ad-a24b-81da9e5f82b7___FREC_C.Rust 3783.JPG,rust,2,g0814,s_reliability,reliability_train,gaussian_blur,7927949944710410326,,,0.765674780039618,,42
d821978340014f8babf4,data/plantvillage/raw/color/Apple___Cedar_apple_rust/accd43fa-2496-47ad-a24b-81da9e5f82b7___FREC_C.Rust 3783.JPG,rust,2,g0814,s_reliability,reliability_train,gaussian_noise,6368285214847312548,,,,0.016278916760112373,42
35784643823531f336ff,data/plantvillage/raw/color/Apple___Cedar_apple_rust/b845075b-dbb8-4b69-bec2-36e99cee7f3c___FREC_C.Rust 4038.JPG,rust,2,g0828,s_reliability,reliability_train,original,,,,,,42
88d2eb9a9f42a18cd709,data/plantvillage/raw/color/Apple___Cedar_apple_rust/b845075b-dbb8-4b69-bec2-36e99cee7f3c___FREC_C.Rust 4038.JPG,rust,2,g0828,s_reliability,reliability_train,brightness,1090406170028346716,1.0510340340399598,,,,42
45389b3c754b975dc55e,data/plantvillage/raw/color/Apple___Cedar_apple_rust/b845075b-dbb8-4b69-bec2-36e99cee7f3c___FREC_C.Rust 4038.JPG,rust,2,g0828,s_reliability,reliability_train,contrast,7133610805197222692,,1.2780173384621643,,,42
9563e6bf995f020e3c5a,data/plantvillage/raw/color/Apple___Cedar_apple_rust/b845075b-dbb8-4b69-bec2-36e99cee7f3c___FREC_C.Rust 4038.JPG,rust,2,g0828,s_reliability,reliability_train,gaussian_blur,544661040290220997,,,1.4804563128207024,,42
9091a043c22b3edb3d7c,data/plantvillage/raw/color/Apple___Cedar_apple_rust/b845075b-dbb8-4b69-bec2-36e99cee7f3c___FREC_C.Rust 4038.JPG,rust,2,g0828,s_reliability,reliability_train,gaussian_noise,1745863728614384863,,,,0.014707349575587374,42
9cc4107f28f9440fc3e5,data/plantvillage/raw/color/Apple___Cedar_apple_rust/bc863aa7-2cb6-44f1-b060-4cd78237d7a3___FREC_C.Rust 3566.JPG,rust,2,g0830,s_reliability,reliability_train,original,,,,,,42
069e8d7bbeb87fcbf8b2,data/plantvillage/raw/color/Apple___Cedar_apple_rust/bc863aa7-2cb6-44f1-b060-4cd78237d7a3___FREC_C.Rust 3566.JPG,rust,2,g0830,s_reliability,reliability_train,brightness,8134238084174898513,1.0294763179684363,,,,42
8c66005f570568d1185e,data/plantvillage/raw/color/Apple___Cedar_apple_rust/bc863aa7-2cb6-44f1-b060-4cd78237d7a3___FREC_C.Rust 3566.JPG,rust,2,g0830,s_reliability,reliability_train,contrast,8432127738526481102,,1.0484064605837733,,,42
23bdd209a2e300fd9cd5,data/plantvillage/raw/color/Apple___Cedar_apple_rust/bc863aa7-2cb6-44f1-b060-4cd78237d7a3___FREC_C.Rust 3566.JPG,rust,2,g0830,s_reliability,reliability_train,gaussian_blur,6177360913783607964,,,0.7974941136548254,,42
f5a7b91235260f0e685e,data/plantvillage/raw/color/Apple___Cedar_apple_rust/bc863aa7-2cb6-44f1-b060-4cd78237d7a3___FREC_C.Rust 3566.JPG,rust,2,g0830,s_reliability,reliability_train,gaussian_noise,5425032049999789967,,,,0.0461251578800445,42
644ea291016f58a6a4eb,data/plantvillage/raw/color/Apple___Cedar_apple_rust/bdf1ac66-9dd3-4590-8e49-ee0e754a69f5___FREC_C.Rust 0151.JPG,rust,2,g0833,s_reliability,reliability_train,original,,,,,,42
b0a99dc7db9831b9e3a0,data/plantvillage/raw/color/Apple___Cedar_apple_rust/bdf1ac66-9dd3-4590-8e49-ee0e754a69f5___FREC_C.Rust 0151.JPG,rust,2,g0833,s_reliability,reliability_train,brightness,6196786289342281574,1.1250315116020295,,,,42
37b51602b6c5685cfe52,data/plantvillage/raw/color/Apple___Cedar_apple_rust/bdf1ac66-9dd3-4590-8e49-ee0e754a69f5___FREC_C.Rust 0151.JPG,rust,2,g0833,s_reliability,reliability_train,contrast,8617549758970782364,,0.7903405755173256,,,42
c36da4fcbc7b79974bf8,data/plantvillage/raw/color/Apple___Cedar_apple_rust/bdf1ac66-9dd3-4590-8e49-ee0e754a69f5___FREC_C.Rust 0151.JPG,rust,2,g0833,s_reliability,reliability_train,gaussian_blur,5539067188749523077,,,0.7935174547976985,,42
5954a6615aec1d92fb2b,data/plantvillage/raw/color/Apple___Cedar_apple_rust/bdf1ac66-9dd3-4590-8e49-ee0e754a69f5___FREC_C.Rust 0151.JPG,rust,2,g0833,s_reliability,reliability_train,gaussian_noise,4701687454296742644,,,,0.016221153478867156,42
4662fac0078fe7e84659,data/plantvillage/raw/color/Apple___Cedar_apple_rust/cf570118-397c-434d-b158-d3539dd12786___FREC_C.Rust 0122.JPG,rust,2,g0843,s_reliability,reliability_val,original,,,,,,42
39e61cbe09319bb66661,data/plantvillage/raw/color/Apple___Cedar_apple_rust/cf570118-397c-434d-b158-d3539dd12786___FREC_C.Rust 0122.JPG,rust,2,g0843,s_reliability,reliability_val,brightness,1378894876777736659,1.1679513928338796,,,,42
46a17363e59ec5d1037f,data/plantvillage/raw/color/Apple___Cedar_apple_rust/cf570118-397c-434d-b158-d3539dd12786___FREC_C.Rust 0122.JPG,rust,2,g0843,s_reliability,reliability_val,contrast,9106545737430875721,,0.9491229321877808,,,42
af7a2340f3ab7c1e8636,data/plantvillage/raw/color/Apple___Cedar_apple_rust/cf570118-397c-434d-b158-d3539dd12786___FREC_C.Rust 0122.JPG,rust,2,g0843,s_reliability,reliability_val,gaussian_blur,8159872688678795898,,,1.4359353769057228,,42
ec228d0f51b152900927,data/plantvillage/raw/color/Apple___Cedar_apple_rust/cf570118-397c-434d-b158-d3539dd12786___FREC_C.Rust 0122.JPG,rust,2,g0843,s_reliability,reliability_val,gaussian_noise,4823440291541468695,,,,0.017536299128040344,42
4ec96fd6d3530a54f89b,data/plantvillage/raw/color/Apple___Cedar_apple_rust/d4165e95-f43c-41e5-a177-cc5ad823b5b0___FREC_C.Rust 3781.JPG,rust,2,g0847,s_reliability,reliability_train,original,,,,,,42
ed16244e52dd63419640,data/plantvillage/raw/color/Apple___Cedar_apple_rust/d4165e95-f43c-41e5-a177-cc5ad823b5b0___FREC_C.Rust 3781.JPG,rust,2,g0847,s_reliability,reliability_train,brightness,2812886913110774107,1.0594983998120449,,,,42
a79710a649deef373c18,data/plantvillage/raw/color/Apple___Cedar_apple_rust/d4165e95-f43c-41e5-a177-cc5ad823b5b0___FREC_C.Rust 3781.JPG,rust,2,g0847,s_reliability,reliability_train,contrast,8105763865469694600,,0.9103577861521502,,,42
01ce2383ea2a288f710f,data/plantvillage/raw/color/Apple___Cedar_apple_rust/d4165e95-f43c-41e5-a177-cc5ad823b5b0___FREC_C.Rust 3781.JPG,rust,2,g0847,s_reliability,reliability_train,gaussian_blur,2781817794429901011,,,0.9561824256005196,,42
ff9b72025dbca0bd23e0,data/plantvillage/raw/color/Apple___Cedar_apple_rust/d4165e95-f43c-41e5-a177-cc5ad823b5b0___FREC_C.Rust 3781.JPG,rust,2,g0847,s_reliability,reliability_train,gaussian_noise,1864751599235785267,,,,0.03942412185122823,42
774307c81aa949210129,data/plantvillage/raw/color/Apple___Cedar_apple_rust/d5d4f65c-aeca-4965-82d4-05d179dfa92e___FREC_C.Rust 4382.JPG,rust,2,g0854,s_reliability,reliability_train,original,,,,,,42
a7cbf04b4f7872de2efd,data/plantvillage/raw/color/Apple___Cedar_apple_rust/d5d4f65c-aeca-4965-82d4-05d179dfa92e___FREC_C.Rust 4382.JPG,rust,2,g0854,s_reliability,reliability_train,brightness,5228058838443218376,1.159068460742076,,,,42
d40dad8af6109e8252e6,data/plantvillage/raw/color/Apple___Cedar_apple_rust/d5d4f65c-aeca-4965-82d4-05d179dfa92e___FREC_C.Rust 4382.JPG,rust,2,g0854,s_reliability,reliability_train,contrast,6499726770976737767,,0.8023099300842029,,,42
cc15aa8864ed826e1a93,data/plantvillage/raw/color/Apple___Cedar_apple_rust/d5d4f65c-aeca-4965-82d4-05d179dfa92e___FREC_C.Rust 4382.JPG,rust,2,g0854,s_reliability,reliability_train,gaussian_blur,8661937231550398832,,,1.4243011410338715,,42
5e963e53e4f7d9efa36d,data/plantvillage/raw/color/Apple___Cedar_apple_rust/d5d4f65c-aeca-4965-82d4-05d179dfa92e___FREC_C.Rust 4382.JPG,rust,2,g0854,s_reliability,reliability_train,gaussian_noise,996644173778780245,,,,0.019822340965881355,42
8797163a9a0d350ce3ef,data/plantvillage/raw/color/Apple___Cedar_apple_rust/daf0438c-72e3-49af-b23a-50b0d136b18c___FREC_C.Rust 0182.JPG,rust,2,g0861,s_reliability,reliability_val,original,,,,,,42
9c5804c6cad28688429c,data/plantvillage/raw/color/Apple___Cedar_apple_rust/daf0438c-72e3-49af-b23a-50b0d136b18c___FREC_C.Rust 0182.JPG,rust,2,g0861,s_reliability,reliability_val,brightness,1425838237790717880,1.2670335901597736,,,,42
f7545743bcd1212f6761,data/plantvillage/raw/color/Apple___Cedar_apple_rust/daf0438c-72e3-49af-b23a-50b0d136b18c___FREC_C.Rust 0182.JPG,rust,2,g0861,s_reliability,reliability_val,contrast,2462413109651594171,,0.9125861130982781,,,42
5d706a7ff57859c43547,data/plantvillage/raw/color/Apple___Cedar_apple_rust/daf0438c-72e3-49af-b23a-50b0d136b18c___FREC_C.Rust 0182.JPG,rust,2,g0861,s_reliability,reliability_val,gaussian_blur,1355869235764231436,,,0.8697897563332558,,42
11331419f654883f668f,data/plantvillage/raw/color/Apple___Cedar_apple_rust/daf0438c-72e3-49af-b23a-50b0d136b18c___FREC_C.Rust 0182.JPG,rust,2,g0861,s_reliability,reliability_val,gaussian_noise,7161035447507481200,,,,0.04686179716402235,42
80f743ad2dda2768539f,data/plantvillage/raw/color/Apple___Cedar_apple_rust/dec47754-abfe-496b-a310-47d1fbb077ba___FREC_C.Rust 9910.JPG,rust,2,g0866,s_reliability,reliability_train,original,,,,,,42
0f80069a1b20c214a386,data/plantvillage/raw/color/Apple___Cedar_apple_rust/dec47754-abfe-496b-a310-47d1fbb077ba___FREC_C.Rust 9910.JPG,rust,2,g0866,s_reliability,reliability_train,brightness,948832587490085302,0.8205481392979064,,,,42
be762bc5b526740fa562,data/plantvillage/raw/color/Apple___Cedar_apple_rust/dec47754-abfe-496b-a310-47d1fbb077ba___FREC_C.Rust 9910.JPG,rust,2,g0866,s_reliability,reliability_train,contrast,7961901314396850005,,1.1010892196392483,,,42
bd00eabee5c07fe3e39c,data/plantvillage/raw/color/Apple___Cedar_apple_rust/dec47754-abfe-496b-a310-47d1fbb077ba___FREC_C.Rust 9910.JPG,rust,2,g0866,s_reliability,reliability_train,gaussian_blur,8980791636999470889,,,1.0780710885420195,,42
538220dacea3782b5f4b,data/plantvillage/raw/color/Apple___Cedar_apple_rust/dec47754-abfe-496b-a310-47d1fbb077ba___FREC_C.Rust 9910.JPG,rust,2,g0866,s_reliability,reliability_train,gaussian_noise,4346221023584565088,,,,0.03234143375343872,42
a68972ea977d6177ca94,data/plantvillage/raw/color/Apple___Cedar_apple_rust/e908463e-59ee-4eac-b1c9-4a79850030bc___FREC_C.Rust 9980.JPG,rust,2,g0875,s_reliability,reliability_train,original,,,,,,42
41f16234b1e118a6e727,data/plantvillage/raw/color/Apple___Cedar_apple_rust/e908463e-59ee-4eac-b1c9-4a79850030bc___FREC_C.Rust 9980.JPG,rust,2,g0875,s_reliability,reliability_train,brightness,3526184186210788977,1.1918894311060484,,,,42
f15e19966fb00abef363,data/plantvillage/raw/color/Apple___Cedar_apple_rust/e908463e-59ee-4eac-b1c9-4a79850030bc___FREC_C.Rust 9980.JPG,rust,2,g0875,s_reliability,reliability_train,contrast,2201312444660759378,,1.1259248375331392,,,42
eed1b8844cd73a712500,data/plantvillage/raw/color/Apple___Cedar_apple_rust/e908463e-59ee-4eac-b1c9-4a79850030bc___FREC_C.Rust 9980.JPG,rust,2,g0875,s_reliability,reliability_train,gaussian_blur,117068228257642595,,,1.3228552752452691,,42
08474c4223b95850002e,data/plantvillage/raw/color/Apple___Cedar_apple_rust/e908463e-59ee-4eac-b1c9-4a79850030bc___FREC_C.Rust 9980.JPG,rust,2,g0875,s_reliability,reliability_train,gaussian_noise,8492218321219190869,,,,0.024733535057592897,42
f70accca824b299cc54f,data/plantvillage/raw/color/Apple___Cedar_apple_rust/ea119d19-1b3a-4767-af1d-e8b148a3bb8d___FREC_C.Rust 3579.JPG,rust,2,g0877,s_reliability,reliability_train,original,,,,,,42
7a071fa095ad99c9a7b6,data/plantvillage/raw/color/Apple___Cedar_apple_rust/ea119d19-1b3a-4767-af1d-e8b148a3bb8d___FREC_C.Rust 3579.JPG,rust,2,g0877,s_reliability,reliability_train,brightness,2235240887641846699,1.2024353744237941,,,,42
9949327d2b8e8a0b717f,data/plantvillage/raw/color/Apple___Cedar_apple_rust/ea119d19-1b3a-4767-af1d-e8b148a3bb8d___FREC_C.Rust 3579.JPG,rust,2,g0877,s_reliability,reliability_train,contrast,5525228852948363036,,0.9777801668128185,,,42
79c8f5afeaa718695e7b,data/plantvillage/raw/color/Apple___Cedar_apple_rust/ea119d19-1b3a-4767-af1d-e8b148a3bb8d___FREC_C.Rust 3579.JPG,rust,2,g0877,s_reliability,reliability_train,gaussian_blur,2015734038617239061,,,0.7084315424560071,,42
ad4e55321f177bf9b2e4,data/plantvillage/raw/color/Apple___Cedar_apple_rust/ea119d19-1b3a-4767-af1d-e8b148a3bb8d___FREC_C.Rust 3579.JPG,rust,2,g0877,s_reliability,reliability_train,gaussian_noise,4954053557424571503,,,,0.03633844306437724,42
fbca6840d08e36acfa82,data/plantvillage/raw/color/Apple___Cedar_apple_rust/fb11d069-d664-4666-ab51-3a7a4284e495___FREC_C.Rust 3791.JPG,rust,2,g0891,s_reliability,reliability_train,original,,,,,,42
0888295ea335cf51e639,data/plantvillage/raw/color/Apple___Cedar_apple_rust/fb11d069-d664-4666-ab51-3a7a4284e495___FREC_C.Rust 3791.JPG,rust,2,g0891,s_reliability,reliability_train,brightness,6209508732971710872,0.8787643332360255,,,,42
ff0552094a9ff460cea0,data/plantvillage/raw/color/Apple___Cedar_apple_rust/fb11d069-d664-4666-ab51-3a7a4284e495___FREC_C.Rust 3791.JPG,rust,2,g0891,s_reliability,reliability_train,contrast,257330656671559490,,0.986695040369126,,,42
9f14a7631866cf87e8b1,data/plantvillage/raw/color/Apple___Cedar_apple_rust/fb11d069-d664-4666-ab51-3a7a4284e495___FREC_C.Rust 3791.JPG,rust,2,g0891,s_reliability,reliability_train,gaussian_blur,861749423836179184,,,0.5468075855903947,,42
2cdba96ec17c973dd2f1,data/plantvillage/raw/color/Apple___Cedar_apple_rust/fb11d069-d664-4666-ab51-3a7a4284e495___FREC_C.Rust 3791.JPG,rust,2,g0891,s_reliability,reliability_train,gaussian_noise,497788015022879864,,,,0.039953065618991215,42
f2514aac440283194a92,data/plantvillage/raw/color/Apple___Cedar_apple_rust/fb27b16c-4ac1-45e9-abd2-487a1a528fb0___FREC_C.Rust 0206.JPG,rust,2,g0892,s_reliability,reliability_train,original,,,,,,42
d0db2335dfb61fc68e6a,data/plantvillage/raw/color/Apple___Cedar_apple_rust/fb27b16c-4ac1-45e9-abd2-487a1a528fb0___FREC_C.Rust 0206.JPG,rust,2,g0892,s_reliability,reliability_train,brightness,3423751316080397408,1.0662850942313584,,,,42
b50f182af6638682f2db,data/plantvillage/raw/color/Apple___Cedar_apple_rust/fb27b16c-4ac1-45e9-abd2-487a1a528fb0___FREC_C.Rust 0206.JPG,rust,2,g0892,s_reliability,reliability_train,contrast,4280662381803263069,,0.9484551323625496,,,42
c83e5c98daf98defe755,data/plantvillage/raw/color/Apple___Cedar_apple_rust/fb27b16c-4ac1-45e9-abd2-487a1a528fb0___FREC_C.Rust 0206.JPG,rust,2,g0892,s_reliability,reliability_train,gaussian_blur,7070732174747777669,,,1.1720872643193783,,42
2b3640b591db0e708f96,data/plantvillage/raw/color/Apple___Cedar_apple_rust/fb27b16c-4ac1-45e9-abd2-487a1a528fb0___FREC_C.Rust 0206.JPG,rust,2,g0892,s_reliability,reliability_train,gaussian_noise,507270042419111419,,,,0.03689697345252181,42
7d05daf75ba5c8af6c00,data/plantvillage/raw/color/Apple___healthy/0055dd26-23a7-4415-ac61-e0b44ebfaf80___RS_HL 5672.JPG,healthy,0,g0902,s_reliability,reliability_train,original,,,,,,42
94702fbcbe75b88bf3a4,data/plantvillage/raw/color/Apple___healthy/0055dd26-23a7-4415-ac61-e0b44ebfaf80___RS_HL 5672.JPG,healthy,0,g0902,s_reliability,reliability_train,brightness,4139346865164680343,0.9763047627157291,,,,42
60b12b355090f3026cf5,data/plantvillage/raw/color/Apple___healthy/0055dd26-23a7-4415-ac61-e0b44ebfaf80___RS_HL 5672.JPG,healthy,0,g0902,s_reliability,reliability_train,contrast,6583772138139478395,,1.067718486542573,,,42
d2789fce6f32fbb8008f,data/plantvillage/raw/color/Apple___healthy/0055dd26-23a7-4415-ac61-e0b44ebfaf80___RS_HL 5672.JPG,healthy,0,g0902,s_reliability,reliability_train,gaussian_blur,4995190514623194908,,,0.7314481130989041,,42
c82b4a79e664db6991ce,data/plantvillage/raw/color/Apple___healthy/0055dd26-23a7-4415-ac61-e0b44ebfaf80___RS_HL 5672.JPG,healthy,0,g0902,s_reliability,reliability_train,gaussian_noise,8848216592247912740,,,,0.04536432047955693,42
f65a32a4d1a0c6e47bf5,data/plantvillage/raw/color/Apple___healthy/00a6039c-e425-4f7d-81b1-d6b0e668517e___RS_HL 7669.JPG,healthy,0,g0905,s_reliability,reliability_train,original,,,,,,42
177f3540ad492f9f8869,data/plantvillage/raw/color/Apple___healthy/00a6039c-e425-4f7d-81b1-d6b0e668517e___RS_HL 7669.JPG,healthy,0,g0905,s_reliability,reliability_train,brightness,7852058500523715241,1.0592268752864844,,,,42
ad5503eceff1aaad51e1,data/plantvillage/raw/color/Apple___healthy/00a6039c-e425-4f7d-81b1-d6b0e668517e___RS_HL 7669.JPG,healthy,0,g0905,s_reliability,reliability_train,contrast,1913125161741092753,,1.027333889175043,,,42
38974b93cdd9aa9a44e0,data/plantvillage/raw/color/Apple___healthy/00a6039c-e425-4f7d-81b1-d6b0e668517e___RS_HL 7669.JPG,healthy,0,g0905,s_reliability,reliability_train,gaussian_blur,2006925093068003395,,,1.2185110477368228,,42
a1c74f39ba660559efd7,data/plantvillage/raw/color/Apple___healthy/00a6039c-e425-4f7d-81b1-d6b0e668517e___RS_HL 7669.JPG,healthy,0,g0905,s_reliability,reliability_train,gaussian_noise,5462501542574840487,,,,0.03036313109543845,42
db94fc9e54a8c66566cd,data/plantvillage/raw/color/Apple___healthy/011d02f3-5c3c-4484-a384-b1a0a0dbdec1___RS_HL 7544.JPG,healthy,0,g0908,s_reliability,reliability_train,original,,,,,,42
af3acec9493a0b29c4a0,data/plantvillage/raw/color/Apple___healthy/011d02f3-5c3c-4484-a384-b1a0a0dbdec1___RS_HL 7544.JPG,healthy,0,g0908,s_reliability,reliability_train,brightness,575555392864931441,1.1430863516797491,,,,42
4c941f18c58f356b2758,data/plantvillage/raw/color/Apple___healthy/011d02f3-5c3c-4484-a384-b1a0a0dbdec1___RS_HL 7544.JPG,healthy,0,g0908,s_reliability,reliability_train,contrast,7285267900512274951,,0.8167603030275792,,,42
e9387e46d5f0b2199761,data/plantvillage/raw/color/Apple___healthy/011d02f3-5c3c-4484-a384-b1a0a0dbdec1___RS_HL 7544.JPG,healthy,0,g0908,s_reliability,reliability_train,gaussian_blur,5713311435882343068,,,0.8634567437598143,,42
59216bda00158e6b3573,data/plantvillage/raw/color/Apple___healthy/011d02f3-5c3c-4484-a384-b1a0a0dbdec1___RS_HL 7544.JPG,healthy,0,g0908,s_reliability,reliability_train,gaussian_noise,4623413030590410063,,,,0.029147924004270014,42
c13a68210f060b3dddcc,data/plantvillage/raw/color/Apple___healthy/01efa999-757d-487e-8250-27c7854c0ca8___RS_HL 7515.JPG,healthy,0,g0914,s_reliability,reliability_val,original,,,,,,42
6c779758df0d3118e864,data/plantvillage/raw/color/Apple___healthy/01efa999-757d-487e-8250-27c7854c0ca8___RS_HL 7515.JPG,healthy,0,g0914,s_reliability,reliability_val,brightness,601811205655920670,0.8506806301400225,,,,42
e5822c0c44c786255de4,data/plantvillage/raw/color/Apple___healthy/01efa999-757d-487e-8250-27c7854c0ca8___RS_HL 7515.JPG,healthy,0,g0914,s_reliability,reliability_val,contrast,284746080218699580,,1.07765809576286,,,42
13cf2a9915ee84d62e6c,data/plantvillage/raw/color/Apple___healthy/01efa999-757d-487e-8250-27c7854c0ca8___RS_HL 7515.JPG,healthy,0,g0914,s_reliability,reliability_val,gaussian_blur,5630806577886973307,,,0.6475453563904344,,42
55a429f336526fd64b3e,data/plantvillage/raw/color/Apple___healthy/01efa999-757d-487e-8250-27c7854c0ca8___RS_HL 7515.JPG,healthy,0,g0914,s_reliability,reliability_val,gaussian_noise,1983603717199459036,,,,0.01949014864919707,42
bfe80f4adb0b370fdcdb,data/plantvillage/raw/color/Apple___healthy/022b515d-41fd-448e-abac-e8722c32d864___RS_HL 8131.JPG,healthy,0,g0915,s_reliability,reliability_train,original,,,,,,42
c3c74f2911e4482f1b7c,data/plantvillage/raw/color/Apple___healthy/022b515d-41fd-448e-abac-e8722c32d864___RS_HL 8131.JPG,healthy,0,g0915,s_reliability,reliability_train,brightness,7479945192056616469,1.0310567943097604,,,,42
b11368a12d6571172135,data/plantvillage/raw/color/Apple___healthy/022b515d-41fd-448e-abac-e8722c32d864___RS_HL 8131.JPG,healthy,0,g0915,s_reliability,reliability_train,contrast,8838590380683059883,,1.1867428415938635,,,42
ab567e52df11d60853ee,data/plantvillage/raw/color/Apple___healthy/022b515d-41fd-448e-abac-e8722c32d864___RS_HL 8131.JPG,healthy,0,g0915,s_reliability,reliability_train,gaussian_blur,6423717366425227661,,,0.5010979502967126,,42
fdc5f4cf04f206a13986,data/plantvillage/raw/color/Apple___healthy/022b515d-41fd-448e-abac-e8722c32d864___RS_HL 8131.JPG,healthy,0,g0915,s_reliability,reliability_train,gaussian_noise,1390631790711647557,,,,0.04170336483356274,42
a91d08d364655483ee41,data/plantvillage/raw/color/Apple___healthy/03d420e7-42a1-41d8-9600-16d577043c64___RS_HL 5738.JPG,healthy,0,g0929,s_reliability,reliability_train,original,,,,,,42
810004eff317d03b7883,data/plantvillage/raw/color/Apple___healthy/03d420e7-42a1-41d8-9600-16d577043c64___RS_HL 5738.JPG,healthy,0,g0929,s_reliability,reliability_train,brightness,6883941651987569795,0.7563994957535219,,,,42
12a9ec83478f6ed630ec,data/plantvillage/raw/color/Apple___healthy/03d420e7-42a1-41d8-9600-16d577043c64___RS_HL 5738.JPG,healthy,0,g0929,s_reliability,reliability_train,contrast,2063987167879479830,,0.9290191900827786,,,42
59a8e0a1feeb81e3e3fa,data/plantvillage/raw/color/Apple___healthy/03d420e7-42a1-41d8-9600-16d577043c64___RS_HL 5738.JPG,healthy,0,g0929,s_reliability,reliability_train,gaussian_blur,8664445297226123994,,,0.9975373738085934,,42
70b86062c4786eac45c0,data/plantvillage/raw/color/Apple___healthy/03d420e7-42a1-41d8-9600-16d577043c64___RS_HL 5738.JPG,healthy,0,g0929,s_reliability,reliability_train,gaussian_noise,6255277105659187288,,,,0.028471898762006134,42
ef7e323d6d04680046fe,data/plantvillage/raw/color/Apple___healthy/04032305-5ca9-4110-b517-461f13c95f18___RS_HL 7446.JPG,healthy,0,g0932,s_reliability,reliability_train,original,,,,,,42
fdc7fae24e32bc640603,data/plantvillage/raw/color/Apple___healthy/04032305-5ca9-4110-b517-461f13c95f18___RS_HL 7446.JPG,healthy,0,g0932,s_reliability,reliability_train,brightness,7666110683212313390,0.8871011957293111,,,,42
180d2f9f28c2f62a8335,data/plantvillage/raw/color/Apple___healthy/04032305-5ca9-4110-b517-461f13c95f18___RS_HL 7446.JPG,healthy,0,g0932,s_reliability,reliability_train,contrast,1834613534800128342,,0.7774424022024107,,,42
30a53f57606fd3d665b5,data/plantvillage/raw/color/Apple___healthy/04032305-5ca9-4110-b517-461f13c95f18___RS_HL 7446.JPG,healthy,0,g0932,s_reliability,reliability_train,gaussian_blur,2224495679724899072,,,1.3360605410396136,,42
c78e36d79278bfe0444e,data/plantvillage/raw/color/Apple___healthy/04032305-5ca9-4110-b517-461f13c95f18___RS_HL 7446.JPG,healthy,0,g0932,s_reliability,reliability_train,gaussian_noise,4599159516839155128,,,,0.035285763592831615,42
2b6686808bfc894d0d40,data/plantvillage/raw/color/Apple___healthy/04125537-801d-4e15-b66c-224b09b4e1a7___RS_HL 7457.JPG,healthy,0,g0933,s_reliability,reliability_val,original,,,,,,42
334e9a59cc8c8ae69c22,data/plantvillage/raw/color/Apple___healthy/04125537-801d-4e15-b66c-224b09b4e1a7___RS_HL 7457.JPG,healthy,0,g0933,s_reliability,reliability_val,brightness,3258871348615193737,0.8239908390625025,,,,42
39e6863233b1bfc6d39b,data/plantvillage/raw/color/Apple___healthy/04125537-801d-4e15-b66c-224b09b4e1a7___RS_HL 7457.JPG,healthy,0,g0933,s_reliability,reliability_val,contrast,7356138542374867091,,0.9545927594454622,,,42
a6b56e358a806eaaffcd,data/plantvillage/raw/color/Apple___healthy/04125537-801d-4e15-b66c-224b09b4e1a7___RS_HL 7457.JPG,healthy,0,g0933,s_reliability,reliability_val,gaussian_blur,4776929837684864152,,,1.1291532233415675,,42
29ad255eba6b9f7f9f6c,data/plantvillage/raw/color/Apple___healthy/04125537-801d-4e15-b66c-224b09b4e1a7___RS_HL 7457.JPG,healthy,0,g0933,s_reliability,reliability_val,gaussian_noise,7612539723433308753,,,,0.034109454226663595,42
9b0b61fd05cec54b8d20,data/plantvillage/raw/color/Apple___healthy/0580ddaa-0221-4adc-8b64-8ce1842f5f07___RS_HL 6242.JPG,healthy,0,g0941,s_reliability,reliability_train,original,,,,,,42
d20e90ae8ca6e91f034b,data/plantvillage/raw/color/Apple___healthy/0580ddaa-0221-4adc-8b64-8ce1842f5f07___RS_HL 6242.JPG,healthy,0,g0941,s_reliability,reliability_train,brightness,3449859198837585335,1.2800315415388361,,,,42
60ead5f1e50776f7e545,data/plantvillage/raw/color/Apple___healthy/0580ddaa-0221-4adc-8b64-8ce1842f5f07___RS_HL 6242.JPG,healthy,0,g0941,s_reliability,reliability_train,contrast,7755844130057409304,,0.976349881094867,,,42
c56451b0146ffd374e6a,data/plantvillage/raw/color/Apple___healthy/0580ddaa-0221-4adc-8b64-8ce1842f5f07___RS_HL 6242.JPG,healthy,0,g0941,s_reliability,reliability_train,gaussian_blur,2282693013779792201,,,1.400321032576496,,42
b2266081f3a0c6de066b,data/plantvillage/raw/color/Apple___healthy/0580ddaa-0221-4adc-8b64-8ce1842f5f07___RS_HL 6242.JPG,healthy,0,g0941,s_reliability,reliability_train,gaussian_noise,7494292889965346901,,,,0.017827539611281633,42
b77c365b670e8de8c52c,data/plantvillage/raw/color/Apple___healthy/07778a5c-8037-425f-aa83-d10b1e1d5db4___RS_HL 7269.JPG,healthy,0,g0952,s_reliability,reliability_train,original,,,,,,42
7f18ccef2e2b83cccca8,data/plantvillage/raw/color/Apple___healthy/07778a5c-8037-425f-aa83-d10b1e1d5db4___RS_HL 7269.JPG,healthy,0,g0952,s_reliability,reliability_train,brightness,1194340646687988085,1.0951686054111325,,,,42
646e87705af38b5ba86e,data/plantvillage/raw/color/Apple___healthy/07778a5c-8037-425f-aa83-d10b1e1d5db4___RS_HL 7269.JPG,healthy,0,g0952,s_reliability,reliability_train,contrast,4919774421496717009,,0.7927199582791592,,,42
260dd9683abd3b41d190,data/plantvillage/raw/color/Apple___healthy/07778a5c-8037-425f-aa83-d10b1e1d5db4___RS_HL 7269.JPG,healthy,0,g0952,s_reliability,reliability_train,gaussian_blur,8944619961322973658,,,1.368812150044676,,42
035aa9680249c3ee00e6,data/plantvillage/raw/color/Apple___healthy/07778a5c-8037-425f-aa83-d10b1e1d5db4___RS_HL 7269.JPG,healthy,0,g0952,s_reliability,reliability_train,gaussian_noise,3452105523413241449,,,,0.045195606074271366,42
693411f759841f8e31e6,data/plantvillage/raw/color/Apple___healthy/07942abf-8326-4742-bcba-52ddba093974___RS_HL 5731.JPG,healthy,0,g0954,s_reliability,reliability_train,original,,,,,,42
a57a254c3fb3ccece27b,data/plantvillage/raw/color/Apple___healthy/07942abf-8326-4742-bcba-52ddba093974___RS_HL 5731.JPG,healthy,0,g0954,s_reliability,reliability_train,brightness,9102729903717149170,0.9779227401921844,,,,42
e64a77651d37b745155b,data/plantvillage/raw/color/Apple___healthy/07942abf-8326-4742-bcba-52ddba093974___RS_HL 5731.JPG,healthy,0,g0954,s_reliability,reliability_train,contrast,1241721792693739349,,1.0348941400050762,,,42
285200b4a3df6a4f14e6,data/plantvillage/raw/color/Apple___healthy/07942abf-8326-4742-bcba-52ddba093974___RS_HL 5731.JPG,healthy,0,g0954,s_reliability,reliability_train,gaussian_blur,7440832551484615930,,,1.3697353370892666,,42
b25f40784a67b144223b,data/plantvillage/raw/color/Apple___healthy/07942abf-8326-4742-bcba-52ddba093974___RS_HL 5731.JPG,healthy,0,g0954,s_reliability,reliability_train,gaussian_noise,7747700612224713847,,,,0.025278394275542335,42
8ee01dc640b4f37d3a83,data/plantvillage/raw/color/Apple___healthy/09994dfa-4aab-4ada-9ef2-431d050e1e38___RS_HL 5658.JPG,healthy,0,g0963,s_reliability,reliability_train,original,,,,,,42
aeee65275375cf4fb1eb,data/plantvillage/raw/color/Apple___healthy/09994dfa-4aab-4ada-9ef2-431d050e1e38___RS_HL 5658.JPG,healthy,0,g0963,s_reliability,reliability_train,brightness,6113020320476421427,1.023560186067027,,,,42
6440791b29d0f1e6e2cf,data/plantvillage/raw/color/Apple___healthy/09994dfa-4aab-4ada-9ef2-431d050e1e38___RS_HL 5658.JPG,healthy,0,g0963,s_reliability,reliability_train,contrast,1691782843903414336,,1.1130693630927504,,,42
9f346da730aa20c9861d,data/plantvillage/raw/color/Apple___healthy/09994dfa-4aab-4ada-9ef2-431d050e1e38___RS_HL 5658.JPG,healthy,0,g0963,s_reliability,reliability_train,gaussian_blur,6391323815067267361,,,0.6644317603381861,,42
39779ed01f6f3b25609e,data/plantvillage/raw/color/Apple___healthy/09994dfa-4aab-4ada-9ef2-431d050e1e38___RS_HL 5658.JPG,healthy,0,g0963,s_reliability,reliability_train,gaussian_noise,7368434670547825739,,,,0.018120559234648337,42
85dcdb70e220f9672697,data/plantvillage/raw/color/Apple___healthy/0bc2127e-99b9-44ea-bb2b-4e1b0b0f7624___RS_HL 7777.JPG,healthy,0,g0975,s_reliability,reliability_train,original,,,,,,42
66264bcffbc49ca338b8,data/plantvillage/raw/color/Apple___healthy/0bc2127e-99b9-44ea-bb2b-4e1b0b0f7624___RS_HL 7777.JPG,healthy,0,g0975,s_reliability,reliability_train,brightness,2901370777599706271,0.9564067892592473,,,,42
03f17f71fa41004f6d74,data/plantvillage/raw/color/Apple___healthy/0bc2127e-99b9-44ea-bb2b-4e1b0b0f7624___RS_HL 7777.JPG,healthy,0,g0975,s_reliability,reliability_train,contrast,2839432213407041778,,0.9221943590308267,,,42
243d5adf9ec784796e25,data/plantvillage/raw/color/Apple___healthy/0bc2127e-99b9-44ea-bb2b-4e1b0b0f7624___RS_HL 7777.JPG,healthy,0,g0975,s_reliability,reliability_train,gaussian_blur,3028755555816570598,,,1.235458541983659,,42
99b192b50473adaa85a0,data/plantvillage/raw/color/Apple___healthy/0bc2127e-99b9-44ea-bb2b-4e1b0b0f7624___RS_HL 7777.JPG,healthy,0,g0975,s_reliability,reliability_train,gaussian_noise,6935281982591155657,,,,0.017082542116114006,42
e9132dd1bae0471dd2e8,data/plantvillage/raw/color/Apple___healthy/0c30f1f2-9eed-4861-bf66-eceae1b0b625___RS_HL 7430.JPG,healthy,0,g0978,s_reliability,reliability_train,original,,,,,,42
5593adca5ea4a06bb985,data/plantvillage/raw/color/Apple___healthy/0c30f1f2-9eed-4861-bf66-eceae1b0b625___RS_HL 7430.JPG,healthy,0,g0978,s_reliability,reliability_train,brightness,8383070066021798905,1.2864596041217244,,,,42
9f50eb8f36b05bfebb03,data/plantvillage/raw/color/Apple___healthy/0c30f1f2-9eed-4861-bf66-eceae1b0b625___RS_HL 7430.JPG,healthy,0,g0978,s_reliability,reliability_train,contrast,8564754348361732623,,1.0368871080058841,,,42
b844a617f5df68378bf1,data/plantvillage/raw/color/Apple___healthy/0c30f1f2-9eed-4861-bf66-eceae1b0b625___RS_HL 7430.JPG,healthy,0,g0978,s_reliability,reliability_train,gaussian_blur,145004992506160047,,,0.5717682766852547,,42
c306d935be3eca6016a5,data/plantvillage/raw/color/Apple___healthy/0c30f1f2-9eed-4861-bf66-eceae1b0b625___RS_HL 7430.JPG,healthy,0,g0978,s_reliability,reliability_train,gaussian_noise,5205922633587006532,,,,0.011743978621714888,42
2089e9b9e9b9ef1bb772,data/plantvillage/raw/color/Apple___healthy/0c83f4eb-4949-47c8-bf63-312d16e64913___RS_HL 7619.JPG,healthy,0,g0980,s_reliability,reliability_train,original,,,,,,42
1a7d8d09b26071844a1a,data/plantvillage/raw/color/Apple___healthy/0c83f4eb-4949-47c8-bf63-312d16e64913___RS_HL 7619.JPG,healthy,0,g0980,s_reliability,reliability_train,brightness,6385323929611414960,0.7500574326181345,,,,42
8d2f4f39c9db4012746d,data/plantvillage/raw/color/Apple___healthy/0c83f4eb-4949-47c8-bf63-312d16e64913___RS_HL 7619.JPG,healthy,0,g0980,s_reliability,reliability_train,contrast,2316661434613999494,,1.2435543090685217,,,42
8b1056e5bcdf27e658dc,data/plantvillage/raw/color/Apple___healthy/0c83f4eb-4949-47c8-bf63-312d16e64913___RS_HL 7619.JPG,healthy,0,g0980,s_reliability,reliability_train,gaussian_blur,4678431679871518897,,,0.7721286703851169,,42
c75214ffc8fca78969fb,data/plantvillage/raw/color/Apple___healthy/0c83f4eb-4949-47c8-bf63-312d16e64913___RS_HL 7619.JPG,healthy,0,g0980,s_reliability,reliability_train,gaussian_noise,460062563761938281,,,,0.010284741669547608,42
96739ebe34c35aced410,data/plantvillage/raw/color/Apple___healthy/0da48999-25da-4373-8277-3718a8203d0a___RS_HL 8012.JPG,healthy,0,g0989,s_reliability,reliability_train,original,,,,,,42
667b47ac1096c07b3f73,data/plantvillage/raw/color/Apple___healthy/0da48999-25da-4373-8277-3718a8203d0a___RS_HL 8012.JPG,healthy,0,g0989,s_reliability,reliability_train,brightness,6525105122060737064,0.7204248206258157,,,,42
3ab107625a6026608db7,data/plantvillage/raw/color/Apple___healthy/0da48999-25da-4373-8277-3718a8203d0a___RS_HL 8012.JPG,healthy,0,g0989,s_reliability,reliability_train,contrast,5780856424876593158,,0.9665007139109236,,,42
9599fa8efdb9f6284d56,data/plantvillage/raw/color/Apple___healthy/0da48999-25da-4373-8277-3718a8203d0a___RS_HL 8012.JPG,healthy,0,g0989,s_reliability,reliability_train,gaussian_blur,7242833113398972951,,,1.368879535597296,,42
ef227a7ec3dfc6587745,data/plantvillage/raw/color/Apple___healthy/0da48999-25da-4373-8277-3718a8203d0a___RS_HL 8012.JPG,healthy,0,g0989,s_reliability,reliability_train,gaussian_noise,135914464852805593,,,,0.04227778367392513,42
10e781a742e2a86d499a,data/plantvillage/raw/color/Apple___healthy/0da8c59a-e54c-4408-ae3c-06d54608b20a___RS_HL 6236.JPG,healthy,0,g0990,s_reliability,reliability_train,original,,,,,,42
682ec67c2d3acc91c0ec,data/plantvillage/raw/color/Apple___healthy/0da8c59a-e54c-4408-ae3c-06d54608b20a___RS_HL 6236.JPG,healthy,0,g0990,s_reliability,reliability_train,brightness,3463723451146797913,0.9688515454274274,,,,42
b947381bc19265fba5e4,data/plantvillage/raw/color/Apple___healthy/0da8c59a-e54c-4408-ae3c-06d54608b20a___RS_HL 6236.JPG,healthy,0,g0990,s_reliability,reliability_train,contrast,2554177620913746991,,1.2290950028849772,,,42
3d5aef276b7b9dfd959b,data/plantvillage/raw/color/Apple___healthy/0da8c59a-e54c-4408-ae3c-06d54608b20a___RS_HL 6236.JPG,healthy,0,g0990,s_reliability,reliability_train,gaussian_blur,8198671289859897182,,,1.4572422662082245,,42
fb55ebfa6ce5384c0ff8,data/plantvillage/raw/color/Apple___healthy/0da8c59a-e54c-4408-ae3c-06d54608b20a___RS_HL 6236.JPG,healthy,0,g0990,s_reliability,reliability_train,gaussian_noise,2342736260575298659,,,,0.030369966499131484,42
76d0b8170915b6e111e3,data/plantvillage/raw/color/Apple___healthy/0e3c0777-c214-4749-b8ae-4985274d2f9e___RS_HL 7984.JPG,healthy,0,g0992,s_reliability,reliability_train,original,,,,,,42
c35ff7df6e5001c42db0,data/plantvillage/raw/color/Apple___healthy/0e3c0777-c214-4749-b8ae-4985274d2f9e___RS_HL 7984.JPG,healthy,0,g0992,s_reliability,reliability_train,brightness,5416953972895137372,0.9100510315049726,,,,42
121886a3544e265e019c,data/plantvillage/raw/color/Apple___healthy/0e3c0777-c214-4749-b8ae-4985274d2f9e___RS_HL 7984.JPG,healthy,0,g0992,s_reliability,reliability_train,contrast,6272676531601026167,,1.0787058929979338,,,42
ec6a553db93697c2a797,data/plantvillage/raw/color/Apple___healthy/0e3c0777-c214-4749-b8ae-4985274d2f9e___RS_HL 7984.JPG,healthy,0,g0992,s_reliability,reliability_train,gaussian_blur,8353612448748471167,,,0.5039484004354288,,42
054ee525aaca2ac1c0dd,data/plantvillage/raw/color/Apple___healthy/0e3c0777-c214-4749-b8ae-4985274d2f9e___RS_HL 7984.JPG,healthy,0,g0992,s_reliability,reliability_train,gaussian_noise,4297011698582326178,,,,0.04289619450586276,42
e83c39e2fd5f50a18999,data/plantvillage/raw/color/Apple___healthy/0ebf06b5-7471-42d7-b8d6-5a53127f90f3___RS_HL 8163.JPG,healthy,0,g0998,s_reliability,reliability_train,original,,,,,,42
8227899f57596012dd92,data/plantvillage/raw/color/Apple___healthy/0ebf06b5-7471-42d7-b8d6-5a53127f90f3___RS_HL 8163.JPG,healthy,0,g0998,s_reliability,reliability_train,brightness,5077043498394077755,1.1306360601382774,,,,42
cb282ac86c409406f815,data/plantvillage/raw/color/Apple___healthy/0ebf06b5-7471-42d7-b8d6-5a53127f90f3___RS_HL 8163.JPG,healthy,0,g0998,s_reliability,reliability_train,contrast,5314037544080975614,,1.2255896927375893,,,42
12f50be2aa45422a5a7e,data/plantvillage/raw/color/Apple___healthy/0ebf06b5-7471-42d7-b8d6-5a53127f90f3___RS_HL 8163.JPG,healthy,0,g0998,s_reliability,reliability_train,gaussian_blur,6072977512561091917,,,0.8273754187313723,,42
9dd478be1e37e7e18c16,data/plantvillage/raw/color/Apple___healthy/0ebf06b5-7471-42d7-b8d6-5a53127f90f3___RS_HL 8163.JPG,healthy,0,g0998,s_reliability,reliability_train,gaussian_noise,2499001778828851668,,,,0.0259316186575171,42
be567a9c2f22973fd873,data/plantvillage/raw/color/Apple___healthy/10f75d05-fa3e-4b14-b3d8-093292c218e6___RS_HL 7873.JPG,healthy,0,g1012,s_reliability,reliability_train,original,,,,,,42
36ea5ee718ea37369b61,data/plantvillage/raw/color/Apple___healthy/10f75d05-fa3e-4b14-b3d8-093292c218e6___RS_HL 7873.JPG,healthy,0,g1012,s_reliability,reliability_train,brightness,4447246356812993940,1.0716852721398338,,,,42
669809267f5eb244dc40,data/plantvillage/raw/color/Apple___healthy/10f75d05-fa3e-4b14-b3d8-093292c218e6___RS_HL 7873.JPG,healthy,0,g1012,s_reliability,reliability_train,contrast,7697356365623431003,,0.7303545967271267,,,42
c2cdb1b74617d4a456af,data/plantvillage/raw/color/Apple___healthy/10f75d05-fa3e-4b14-b3d8-093292c218e6___RS_HL 7873.JPG,healthy,0,g1012,s_reliability,reliability_train,gaussian_blur,872841328728622432,,,1.4596118673875131,,42
bc67f5120716122d110d,data/plantvillage/raw/color/Apple___healthy/10f75d05-fa3e-4b14-b3d8-093292c218e6___RS_HL 7873.JPG,healthy,0,g1012,s_reliability,reliability_train,gaussian_noise,4839982961941657383,,,,0.04691331931389009,42
9d1510bc340e6806a5c0,data/plantvillage/raw/color/Apple___healthy/122d2ed7-efb5-4a82-a6f0-74e9524e83ff___RS_HL 5702.JPG,healthy,0,g1024,s_reliability,reliability_train,original,,,,,,42
8a6d6a250f6199569dd0,data/plantvillage/raw/color/Apple___healthy/122d2ed7-efb5-4a82-a6f0-74e9524e83ff___RS_HL 5702.JPG,healthy,0,g1024,s_reliability,reliability_train,brightness,2938827979348571892,1.043194162018532,,,,42
66657392bed323d43406,data/plantvillage/raw/color/Apple___healthy/122d2ed7-efb5-4a82-a6f0-74e9524e83ff___RS_HL 5702.JPG,healthy,0,g1024,s_reliability,reliability_train,contrast,238509718509373447,,1.2620037990049804,,,42
301c188fb8f9a54cb530,data/plantvillage/raw/color/Apple___healthy/122d2ed7-efb5-4a82-a6f0-74e9524e83ff___RS_HL 5702.JPG,healthy,0,g1024,s_reliability,reliability_train,gaussian_blur,5687775257650993631,,,0.7403579322503967,,42
cb6da6f7ff0b58af9cd2,data/plantvillage/raw/color/Apple___healthy/122d2ed7-efb5-4a82-a6f0-74e9524e83ff___RS_HL 5702.JPG,healthy,0,g1024,s_reliability,reliability_train,gaussian_noise,9216522196797325313,,,,0.04892181296794958,42
47e5cebbc1bac1fdefb6,data/plantvillage/raw/color/Apple___healthy/1230a95a-5f08-4fd6-b6e9-44c0c7b1fe8c___RS_HL 8092.JPG,healthy,0,g1025,s_reliability,reliability_train,original,,,,,,42
e614ef5c8ae4be271078,data/plantvillage/raw/color/Apple___healthy/1230a95a-5f08-4fd6-b6e9-44c0c7b1fe8c___RS_HL 8092.JPG,healthy,0,g1025,s_reliability,reliability_train,brightness,7969770929928713769,1.153707329217389,,,,42
e480e6af78b11cf91462,data/plantvillage/raw/color/Apple___healthy/1230a95a-5f08-4fd6-b6e9-44c0c7b1fe8c___RS_HL 8092.JPG,healthy,0,g1025,s_reliability,reliability_train,contrast,5029934732931458191,,1.0009603379502359,,,42
1054e903db333d71e2f0,data/plantvillage/raw/color/Apple___healthy/1230a95a-5f08-4fd6-b6e9-44c0c7b1fe8c___RS_HL 8092.JPG,healthy,0,g1025,s_reliability,reliability_train,gaussian_blur,5771635819209898773,,,0.9340649123924728,,42
82378deebf6894530b08,data/plantvillage/raw/color/Apple___healthy/1230a95a-5f08-4fd6-b6e9-44c0c7b1fe8c___RS_HL 8092.JPG,healthy,0,g1025,s_reliability,reliability_train,gaussian_noise,4292452900353326736,,,,0.03394732618165814,42
f812962aabb32723096d,data/plantvillage/raw/color/Apple___healthy/1331fd38-acdf-488f-a5db-8dfcecfa5690___RS_HL 7381.JPG,healthy,0,g1031,s_reliability,reliability_train,original,,,,,,42
16b15bd0d19678bb37d6,data/plantvillage/raw/color/Apple___healthy/1331fd38-acdf-488f-a5db-8dfcecfa5690___RS_HL 7381.JPG,healthy,0,g1031,s_reliability,reliability_train,brightness,5802731267368083257,1.1559346265050217,,,,42
65b4999529c6ba20a4bf,data/plantvillage/raw/color/Apple___healthy/1331fd38-acdf-488f-a5db-8dfcecfa5690___RS_HL 7381.JPG,healthy,0,g1031,s_reliability,reliability_train,contrast,7732907331130101933,,0.7444979028196742,,,42
a0649f9998a1fcebadfa,data/plantvillage/raw/color/Apple___healthy/1331fd38-acdf-488f-a5db-8dfcecfa5690___RS_HL 7381.JPG,healthy,0,g1031,s_reliability,reliability_train,gaussian_blur,6175199157573693001,,,0.9723052600989738,,42
286fe4b1920cabbeb92f,data/plantvillage/raw/color/Apple___healthy/1331fd38-acdf-488f-a5db-8dfcecfa5690___RS_HL 7381.JPG,healthy,0,g1031,s_reliability,reliability_train,gaussian_noise,3338775063657819850,,,,0.012165094554888425,42
62e63bdebf731e7e331a,data/plantvillage/raw/color/Apple___healthy/1356ba06-a72d-480b-b9e5-7bc349d9e605___RS_HL 6208.JPG,healthy,0,g1033,s_reliability,reliability_train,original,,,,,,42
eb58f82dcefd41308c03,data/plantvillage/raw/color/Apple___healthy/1356ba06-a72d-480b-b9e5-7bc349d9e605___RS_HL 6208.JPG,healthy,0,g1033,s_reliability,reliability_train,brightness,6986502084615239859,0.8115458874588882,,,,42
772dd6104c5262610a44,data/plantvillage/raw/color/Apple___healthy/1356ba06-a72d-480b-b9e5-7bc349d9e605___RS_HL 6208.JPG,healthy,0,g1033,s_reliability,reliability_train,contrast,6481133085813165989,,1.2888533359696266,,,42
391348a390558ca4d74c,data/plantvillage/raw/color/Apple___healthy/1356ba06-a72d-480b-b9e5-7bc349d9e605___RS_HL 6208.JPG,healthy,0,g1033,s_reliability,reliability_train,gaussian_blur,8793894531593253634,,,0.7820252156286511,,42
e047b3d57749464fbbc4,data/plantvillage/raw/color/Apple___healthy/1356ba06-a72d-480b-b9e5-7bc349d9e605___RS_HL 6208.JPG,healthy,0,g1033,s_reliability,reliability_train,gaussian_noise,8385275551437895769,,,,0.02413290534140625,42
018d5eb656f9e17cad74,data/plantvillage/raw/color/Apple___healthy/1495b096-6249-4f8c-b9e5-37e09fc21d1a___RS_HL 7716.JPG,healthy,0,g1051,s_reliability,reliability_val,original,,,,,,42
27baa6e6efea3baab51a,data/plantvillage/raw/color/Apple___healthy/1495b096-6249-4f8c-b9e5-37e09fc21d1a___RS_HL 7716.JPG,healthy,0,g1051,s_reliability,reliability_val,brightness,396510406574863872,1.0904443549761929,,,,42
a9f53d21491b81aed698,data/plantvillage/raw/color/Apple___healthy/1495b096-6249-4f8c-b9e5-37e09fc21d1a___RS_HL 7716.JPG,healthy,0,g1051,s_reliability,reliability_val,contrast,8029274360114542402,,0.9449139296157019,,,42
2ec619c76576d71abdc0,data/plantvillage/raw/color/Apple___healthy/1495b096-6249-4f8c-b9e5-37e09fc21d1a___RS_HL 7716.JPG,healthy,0,g1051,s_reliability,reliability_val,gaussian_blur,7653521717149890517,,,0.7217909267835522,,42
87bcf16125e4fb384e74,data/plantvillage/raw/color/Apple___healthy/1495b096-6249-4f8c-b9e5-37e09fc21d1a___RS_HL 7716.JPG,healthy,0,g1051,s_reliability,reliability_val,gaussian_noise,9194818205269157942,,,,0.024338904835351567,42
bb0d2e0badde8b89019f,data/plantvillage/raw/color/Apple___healthy/14c691eb-78de-417f-8832-93427151a6e1___RS_HL 8090.JPG,healthy,0,g1056,s_reliability,reliability_train,original,,,,,,42
0109d3e5a4736bf3677a,data/plantvillage/raw/color/Apple___healthy/14c691eb-78de-417f-8832-93427151a6e1___RS_HL 8090.JPG,healthy,0,g1056,s_reliability,reliability_train,brightness,9166084220381054943,0.7413090203792538,,,,42
0e4d31142c2b6c948937,data/plantvillage/raw/color/Apple___healthy/14c691eb-78de-417f-8832-93427151a6e1___RS_HL 8090.JPG,healthy,0,g1056,s_reliability,reliability_train,contrast,3033833379530759856,,1.2166633859813478,,,42
ccd4c0766ad3d415b3a3,data/plantvillage/raw/color/Apple___healthy/14c691eb-78de-417f-8832-93427151a6e1___RS_HL 8090.JPG,healthy,0,g1056,s_reliability,reliability_train,gaussian_blur,2101826231254733034,,,1.3918600044277938,,42
52b83c46a9963907e7e0,data/plantvillage/raw/color/Apple___healthy/14c691eb-78de-417f-8832-93427151a6e1___RS_HL 8090.JPG,healthy,0,g1056,s_reliability,reliability_train,gaussian_noise,9132172287452114096,,,,0.04289604568187124,42
09eb3180d443be4959a2,data/plantvillage/raw/color/Apple___healthy/15b10e4e-2d9b-463e-85c0-d66ba29c5b49___RS_HL 7506.JPG,healthy,0,g1063,s_reliability,reliability_train,original,,,,,,42
7324306d89c5b2d66d63,data/plantvillage/raw/color/Apple___healthy/15b10e4e-2d9b-463e-85c0-d66ba29c5b49___RS_HL 7506.JPG,healthy,0,g1063,s_reliability,reliability_train,brightness,2974158510047394103,0.9595241085418778,,,,42
a2abb2dcb77dd46bac25,data/plantvillage/raw/color/Apple___healthy/15b10e4e-2d9b-463e-85c0-d66ba29c5b49___RS_HL 7506.JPG,healthy,0,g1063,s_reliability,reliability_train,contrast,7263054087269268006,,1.0834826011134757,,,42
77c4873f6a48fa426248,data/plantvillage/raw/color/Apple___healthy/15b10e4e-2d9b-463e-85c0-d66ba29c5b49___RS_HL 7506.JPG,healthy,0,g1063,s_reliability,reliability_train,gaussian_blur,1119026184543957616,,,1.3240433031468317,,42
8e2e83b686162e071d06,data/plantvillage/raw/color/Apple___healthy/15b10e4e-2d9b-463e-85c0-d66ba29c5b49___RS_HL 7506.JPG,healthy,0,g1063,s_reliability,reliability_train,gaussian_noise,8754041797465708706,,,,0.02799796610460241,42
3cd052e3ad85c62dd9bc,data/plantvillage/raw/color/Apple___healthy/1652d645-fb1b-4529-acbe-17093566cd2a___RS_HL 8074.JPG,healthy,0,g1067,s_reliability,reliability_train,original,,,,,,42
40766999c1979e94de86,data/plantvillage/raw/color/Apple___healthy/1652d645-fb1b-4529-acbe-17093566cd2a___RS_HL 8074.JPG,healthy,0,g1067,s_reliability,reliability_train,brightness,9153067409815295511,1.1556105243876882,,,,42
b69129421ba776ec404c,data/plantvillage/raw/color/Apple___healthy/1652d645-fb1b-4529-acbe-17093566cd2a___RS_HL 8074.JPG,healthy,0,g1067,s_reliability,reliability_train,contrast,3497282943307542029,,1.257474758116894,,,42
e2bba33c6eacf92d4672,data/plantvillage/raw/color/Apple___healthy/1652d645-fb1b-4529-acbe-17093566cd2a___RS_HL 8074.JPG,healthy,0,g1067,s_reliability,reliability_train,gaussian_blur,1433323759921915091,,,0.6509888921491682,,42
1aa0efffc0115317247e,data/plantvillage/raw/color/Apple___healthy/1652d645-fb1b-4529-acbe-17093566cd2a___RS_HL 8074.JPG,healthy,0,g1067,s_reliability,reliability_train,gaussian_noise,3427476922210258537,,,,0.04849010802412237,42
e106e03f52792593d380,data/plantvillage/raw/color/Apple___healthy/179ad6a1-385b-42a2-8232-538664869673___RS_HL 5771.JPG,healthy,0,g1077,s_reliability,reliability_train,original,,,,,,42
c51b99e56356e54395c0,data/plantvillage/raw/color/Apple___healthy/179ad6a1-385b-42a2-8232-538664869673___RS_HL 5771.JPG,healthy,0,g1077,s_reliability,reliability_train,brightness,3534641606915364662,0.9029736938702044,,,,42
c214f2067bd4b8fce7ed,data/plantvillage/raw/color/Apple___healthy/179ad6a1-385b-42a2-8232-538664869673___RS_HL 5771.JPG,healthy,0,g1077,s_reliability,reliability_train,contrast,5131365503402358426,,0.9824263041091272,,,42
d58300a5619a5475dfc5,data/plantvillage/raw/color/Apple___healthy/179ad6a1-385b-42a2-8232-538664869673___RS_HL 5771.JPG,healthy,0,g1077,s_reliability,reliability_train,gaussian_blur,2878890300387471427,,,1.3512638202898053,,42
e935a45fdbd9ccbaa348,data/plantvillage/raw/color/Apple___healthy/179ad6a1-385b-42a2-8232-538664869673___RS_HL 5771.JPG,healthy,0,g1077,s_reliability,reliability_train,gaussian_noise,673138685774792993,,,,0.012874457838294728,42
a2a6d8eb4c7f77121659,data/plantvillage/raw/color/Apple___healthy/18121688-72a8-414a-8e36-43060cdebb22___RS_HL 5747.JPG,healthy,0,g1080,s_reliability,reliability_train,original,,,,,,42
865bff506ba2d96a27bf,data/plantvillage/raw/color/Apple___healthy/18121688-72a8-414a-8e36-43060cdebb22___RS_HL 5747.JPG,healthy,0,g1080,s_reliability,reliability_train,brightness,8463666508196201446,1.1150387569074476,,,,42
1e2182d97687181bdef4,data/plantvillage/raw/color/Apple___healthy/18121688-72a8-414a-8e36-43060cdebb22___RS_HL 5747.JPG,healthy,0,g1080,s_reliability,reliability_train,contrast,3962048760547650750,,1.0784239179188073,,,42
b4cf5bbb47e8b8f550b8,data/plantvillage/raw/color/Apple___healthy/18121688-72a8-414a-8e36-43060cdebb22___RS_HL 5747.JPG,healthy,0,g1080,s_reliability,reliability_train,gaussian_blur,5144661240655074962,,,1.4035107091060302,,42
d6b39e617461e80d25bb,data/plantvillage/raw/color/Apple___healthy/18121688-72a8-414a-8e36-43060cdebb22___RS_HL 5747.JPG,healthy,0,g1080,s_reliability,reliability_train,gaussian_noise,1500826867988002890,,,,0.03083867113937458,42
ae0554edb36e808cdba9,data/plantvillage/raw/color/Apple___healthy/1a593b62-fe23-462c-bf68-50f53f357609___RS_HL 6322.JPG,healthy,0,g1094,s_reliability,reliability_train,original,,,,,,42
c699898113ca74d31791,data/plantvillage/raw/color/Apple___healthy/1a593b62-fe23-462c-bf68-50f53f357609___RS_HL 6322.JPG,healthy,0,g1094,s_reliability,reliability_train,brightness,1999645260109827687,1.2335801787479665,,,,42
f22ae12217a9b45f220c,data/plantvillage/raw/color/Apple___healthy/1a593b62-fe23-462c-bf68-50f53f357609___RS_HL 6322.JPG,healthy,0,g1094,s_reliability,reliability_train,contrast,3510455206850691700,,0.8141257599227557,,,42
dfa75e3e5a38f7ef6fe3,data/plantvillage/raw/color/Apple___healthy/1a593b62-fe23-462c-bf68-50f53f357609___RS_HL 6322.JPG,healthy,0,g1094,s_reliability,reliability_train,gaussian_blur,3344415478676814952,,,0.5113511976570917,,42
3d45066575953477b26d,data/plantvillage/raw/color/Apple___healthy/1a593b62-fe23-462c-bf68-50f53f357609___RS_HL 6322.JPG,healthy,0,g1094,s_reliability,reliability_train,gaussian_noise,3706690162733778449,,,,0.044035474284053557,42
2161e44ff00bd17602cc,data/plantvillage/raw/color/Apple___healthy/1b22388a-cf05-4795-892f-a5b6f35304d5___RS_HL 8141.JPG,healthy,0,g1100,s_reliability,reliability_train,original,,,,,,42
0785143174db77f4c196,data/plantvillage/raw/color/Apple___healthy/1b22388a-cf05-4795-892f-a5b6f35304d5___RS_HL 8141.JPG,healthy,0,g1100,s_reliability,reliability_train,brightness,568136254542047844,1.155872236855798,,,,42
dfbedf1bf0c3d4642594,data/plantvillage/raw/color/Apple___healthy/1b22388a-cf05-4795-892f-a5b6f35304d5___RS_HL 8141.JPG,healthy,0,g1100,s_reliability,reliability_train,contrast,6905694599089691616,,0.890054299760684,,,42
32cdc687fc7c145868f1,data/plantvillage/raw/color/Apple___healthy/1b22388a-cf05-4795-892f-a5b6f35304d5___RS_HL 8141.JPG,healthy,0,g1100,s_reliability,reliability_train,gaussian_blur,5806219764760882667,,,0.9792612847564385,,42
5d81bb837e9278f9c1e8,data/plantvillage/raw/color/Apple___healthy/1b22388a-cf05-4795-892f-a5b6f35304d5___RS_HL 8141.JPG,healthy,0,g1100,s_reliability,reliability_train,gaussian_noise,7418734637831421320,,,,0.01797974503199401,42
8669e8e8576edccca5b4,data/plantvillage/raw/color/Apple___healthy/1c116208-4ef8-4b42-ba20-92c3b9ca957c___RS_HL 5885.JPG,healthy,0,g1104,s_reliability,reliability_train,original,,,,,,42
bbd6f1146e1fc77be060,data/plantvillage/raw/color/Apple___healthy/1c116208-4ef8-4b42-ba20-92c3b9ca957c___RS_HL 5885.JPG,healthy,0,g1104,s_reliability,reliability_train,brightness,6495807245440273286,0.8593783051780137,,,,42
a5c209877b8ca9fe9c06,data/plantvillage/raw/color/Apple___healthy/1c116208-4ef8-4b42-ba20-92c3b9ca957c___RS_HL 5885.JPG,healthy,0,g1104,s_reliability,reliability_train,contrast,4654271140799438621,,0.7233774146746228,,,42
4a27f27ebfb618490f93,data/plantvillage/raw/color/Apple___healthy/1c116208-4ef8-4b42-ba20-92c3b9ca957c___RS_HL 5885.JPG,healthy,0,g1104,s_reliability,reliability_train,gaussian_blur,5408544262108719522,,,0.5381351739562734,,42
d51725eac882de9d8aad,data/plantvillage/raw/color/Apple___healthy/1c116208-4ef8-4b42-ba20-92c3b9ca957c___RS_HL 5885.JPG,healthy,0,g1104,s_reliability,reliability_train,gaussian_noise,4709415435389179203,,,,0.015050596346572544,42
9f3f61b3d8e38611c165,data/plantvillage/raw/color/Apple___healthy/1c45cf6f-2e2e-4091-9bc9-24463f9fcf90___RS_HL 5733.JPG,healthy,0,g1108,s_reliability,reliability_train,original,,,,,,42
7d02f6b0dbe345a74310,data/plantvillage/raw/color/Apple___healthy/1c45cf6f-2e2e-4091-9bc9-24463f9fcf90___RS_HL 5733.JPG,healthy,0,g1108,s_reliability,reliability_train,brightness,5620111138511013140,0.7731527847860452,,,,42
af7a07c549a253be5ac9,data/plantvillage/raw/color/Apple___healthy/1c45cf6f-2e2e-4091-9bc9-24463f9fcf90___RS_HL 5733.JPG,healthy,0,g1108,s_reliability,reliability_train,contrast,8830666717852621285,,1.0587237257813613,,,42
a8e240e44f6ad4d964b8,data/plantvillage/raw/color/Apple___healthy/1c45cf6f-2e2e-4091-9bc9-24463f9fcf90___RS_HL 5733.JPG,healthy,0,g1108,s_reliability,reliability_train,gaussian_blur,8152857369453585995,,,1.042640141967674,,42
d6bd153ba0a3ade8eba1,data/plantvillage/raw/color/Apple___healthy/1c45cf6f-2e2e-4091-9bc9-24463f9fcf90___RS_HL 5733.JPG,healthy,0,g1108,s_reliability,reliability_train,gaussian_noise,6116045547133970906,,,,0.03665765630211135,42
157a3d555dd6cfdc2236,data/plantvillage/raw/color/Apple___healthy/1c85fc77-1843-4a85-8f21-107385d5873c___RS_HL 7272.JPG,healthy,0,g1110,s_reliability,reliability_train,original,,,,,,42
6940ec415b9b061cc1d3,data/plantvillage/raw/color/Apple___healthy/1c85fc77-1843-4a85-8f21-107385d5873c___RS_HL 7272.JPG,healthy,0,g1110,s_reliability,reliability_train,brightness,4294730564163025835,1.031584809573137,,,,42
32c18b5de8a514a56e61,data/plantvillage/raw/color/Apple___healthy/1c85fc77-1843-4a85-8f21-107385d5873c___RS_HL 7272.JPG,healthy,0,g1110,s_reliability,reliability_train,contrast,1393159699036129623,,0.8399310922472432,,,42
2a01ea7bbd8b24fd6e5b,data/plantvillage/raw/color/Apple___healthy/1c85fc77-1843-4a85-8f21-107385d5873c___RS_HL 7272.JPG,healthy,0,g1110,s_reliability,reliability_train,gaussian_blur,1347480020617367121,,,1.2785851395389056,,42
9869574af68ce31b8edd,data/plantvillage/raw/color/Apple___healthy/1c85fc77-1843-4a85-8f21-107385d5873c___RS_HL 7272.JPG,healthy,0,g1110,s_reliability,reliability_train,gaussian_noise,7456851502446832112,,,,0.04699401220942534,42
6c154c6dc928e325a133,data/plantvillage/raw/color/Apple___healthy/1cb890ab-c267-467f-abbc-be9023cb55ff___RS_HL 5667.JPG,healthy,0,g1111,s_reliability,reliability_train,original,,,,,,42
25222937bf0143c53ab0,data/plantvillage/raw/color/Apple___healthy/1cb890ab-c267-467f-abbc-be9023cb55ff___RS_HL 5667.JPG,healthy,0,g1111,s_reliability,reliability_train,brightness,7112320536838714225,0.797303977007569,,,,42
37ddd291e9e719144580,data/plantvillage/raw/color/Apple___healthy/1cb890ab-c267-467f-abbc-be9023cb55ff___RS_HL 5667.JPG,healthy,0,g1111,s_reliability,reliability_train,contrast,7636074378519711440,,0.9421568396889541,,,42
a2a37c858c427132da5a,data/plantvillage/raw/color/Apple___healthy/1cb890ab-c267-467f-abbc-be9023cb55ff___RS_HL 5667.JPG,healthy,0,g1111,s_reliability,reliability_train,gaussian_blur,8199953716105621140,,,0.6116349130541104,,42
b4c2e714c8f7a025fc5a,data/plantvillage/raw/color/Apple___healthy/1cb890ab-c267-467f-abbc-be9023cb55ff___RS_HL 5667.JPG,healthy,0,g1111,s_reliability,reliability_train,gaussian_noise,6193619288903157722,,,,0.021020981938081235,42
f70f4815a211e963fecc,data/plantvillage/raw/color/Apple___healthy/1cbe6aef-57d4-4f2a-b8fb-0375db7084d3___RS_HL 7356.JPG,healthy,0,g1112,s_reliability,reliability_train,original,,,,,,42
d721442375ff2e0ebc67,data/plantvillage/raw/color/Apple___healthy/1cbe6aef-57d4-4f2a-b8fb-0375db7084d3___RS_HL 7356.JPG,healthy,0,g1112,s_reliability,reliability_train,brightness,238320996780123349,1.0924935497637864,,,,42
bbd1cdc4d86c23facee7,data/plantvillage/raw/color/Apple___healthy/1cbe6aef-57d4-4f2a-b8fb-0375db7084d3___RS_HL 7356.JPG,healthy,0,g1112,s_reliability,reliability_train,contrast,970506892587934714,,0.9332716006839801,,,42
a044b9b4a3a08fe73c0e,data/plantvillage/raw/color/Apple___healthy/1cbe6aef-57d4-4f2a-b8fb-0375db7084d3___RS_HL 7356.JPG,healthy,0,g1112,s_reliability,reliability_train,gaussian_blur,6126748381065847242,,,1.0027208336058093,,42
5e0c129bd8bf2b7a4730,data/plantvillage/raw/color/Apple___healthy/1cbe6aef-57d4-4f2a-b8fb-0375db7084d3___RS_HL 7356.JPG,healthy,0,g1112,s_reliability,reliability_train,gaussian_noise,4550518272296311462,,,,0.048506479516436905,42
f4801097ac3e5f58e5d2,data/plantvillage/raw/color/Apple___healthy/1ceda3e6-3df1-4a82-a5f5-6c62dbd8ccc3___RS_HL 8072.JPG,healthy,0,g1114,s_reliability,reliability_train,original,,,,,,42
eff437419e6fcb268a85,data/plantvillage/raw/color/Apple___healthy/1ceda3e6-3df1-4a82-a5f5-6c62dbd8ccc3___RS_HL 8072.JPG,healthy,0,g1114,s_reliability,reliability_train,brightness,3367718719605480727,1.240772554593552,,,,42
93e0c05787d468308783,data/plantvillage/raw/color/Apple___healthy/1ceda3e6-3df1-4a82-a5f5-6c62dbd8ccc3___RS_HL 8072.JPG,healthy,0,g1114,s_reliability,reliability_train,contrast,3373271597181132169,,0.9519976540840622,,,42
d092fd44b8444e0c9a7a,data/plantvillage/raw/color/Apple___healthy/1ceda3e6-3df1-4a82-a5f5-6c62dbd8ccc3___RS_HL 8072.JPG,healthy,0,g1114,s_reliability,reliability_train,gaussian_blur,8779257229037674226,,,0.5992549767146857,,42
e1c6a8442f6ff5a7edee,data/plantvillage/raw/color/Apple___healthy/1ceda3e6-3df1-4a82-a5f5-6c62dbd8ccc3___RS_HL 8072.JPG,healthy,0,g1114,s_reliability,reliability_train,gaussian_noise,6025980671617824871,,,,0.0492662064018963,42
82552214e4521d3f6838,data/plantvillage/raw/color/Apple___healthy/1d68db41-8cec-49d7-b702-d16e36348f6e___RS_HL 6300.JPG,healthy,0,g1118,s_reliability,reliability_val,original,,,,,,42
00b4fcbaaa9e5295c6ea,data/plantvillage/raw/color/Apple___healthy/1d68db41-8cec-49d7-b702-d16e36348f6e___RS_HL 6300.JPG,healthy,0,g1118,s_reliability,reliability_val,brightness,5849248661417699786,1.0982232363096371,,,,42
a1b1da44319018068b3b,data/plantvillage/raw/color/Apple___healthy/1d68db41-8cec-49d7-b702-d16e36348f6e___RS_HL 6300.JPG,healthy,0,g1118,s_reliability,reliability_val,contrast,1893569585529247977,,0.7936747046537878,,,42
231908d38cbaa7e860ad,data/plantvillage/raw/color/Apple___healthy/1d68db41-8cec-49d7-b702-d16e36348f6e___RS_HL 6300.JPG,healthy,0,g1118,s_reliability,reliability_val,gaussian_blur,8553281958147754143,,,1.2814867132490426,,42
d1949d6317e07bc6f33d,data/plantvillage/raw/color/Apple___healthy/1d68db41-8cec-49d7-b702-d16e36348f6e___RS_HL 6300.JPG,healthy,0,g1118,s_reliability,reliability_val,gaussian_noise,8306909104525436921,,,,0.04719391580660118,42
96f5545d5d70ffdfc193,data/plantvillage/raw/color/Apple___healthy/1d74d65a-039c-41d6-a459-13f946971ca1___RS_HL 7582.JPG,healthy,0,g1119,s_reliability,reliability_train,original,,,,,,42
5f4407009b82f8c0abad,data/plantvillage/raw/color/Apple___healthy/1d74d65a-039c-41d6-a459-13f946971ca1___RS_HL 7582.JPG,healthy,0,g1119,s_reliability,reliability_train,brightness,163421668408231101,1.2464531265291021,,,,42
eb25865a9c9ea8566aee,data/plantvillage/raw/color/Apple___healthy/1d74d65a-039c-41d6-a459-13f946971ca1___RS_HL 7582.JPG,healthy,0,g1119,s_reliability,reliability_train,contrast,7057112084755721258,,0.9400550503696743,,,42
eaeb0c04e18d75d7949e,data/plantvillage/raw/color/Apple___healthy/1d74d65a-039c-41d6-a459-13f946971ca1___RS_HL 7582.JPG,healthy,0,g1119,s_reliability,reliability_train,gaussian_blur,8397594708204091010,,,0.7206251386941573,,42
18c072c16db3a59cc0f3,data/plantvillage/raw/color/Apple___healthy/1d74d65a-039c-41d6-a459-13f946971ca1___RS_HL 7582.JPG,healthy,0,g1119,s_reliability,reliability_train,gaussian_noise,3798035314171016734,,,,0.01873907364908475,42
9681bb924683ecd1962c,data/plantvillage/raw/color/Apple___healthy/1dabd7f0-68f4-4d1b-b026-e314457de638___RS_HL 8153.JPG,healthy,0,g1123,s_reliability,reliability_train,original,,,,,,42
52bf8235c04c610115ad,data/plantvillage/raw/color/Apple___healthy/1dabd7f0-68f4-4d1b-b026-e314457de638___RS_HL 8153.JPG,healthy,0,g1123,s_reliability,reliability_train,brightness,8873111328839190977,0.7363254904065859,,,,42
f0dc1bed3c08c7a1b3ad,data/plantvillage/raw/color/Apple___healthy/1dabd7f0-68f4-4d1b-b026-e314457de638___RS_HL 8153.JPG,healthy,0,g1123,s_reliability,reliability_train,contrast,8736784554669895319,,1.068754619659971,,,42
160f0ca2a6d5d46fe4cf,data/plantvillage/raw/color/Apple___healthy/1dabd7f0-68f4-4d1b-b026-e314457de638___RS_HL 8153.JPG,healthy,0,g1123,s_reliability,reliability_train,gaussian_blur,4348674916691926079,,,1.0692411745418924,,42
17bb5a4966c9199db28a,data/plantvillage/raw/color/Apple___healthy/1dabd7f0-68f4-4d1b-b026-e314457de638___RS_HL 8153.JPG,healthy,0,g1123,s_reliability,reliability_train,gaussian_noise,5569148932075721880,,,,0.018371999465744374,42
8c146bef60aaeb9e8034,data/plantvillage/raw/color/Apple___healthy/1dbfc9d3-f568-4e19-a83c-8fa408cfea3a___RS_HL 5909.JPG,healthy,0,g1125,s_reliability,reliability_train,original,,,,,,42
00537846be91f1077e11,data/plantvillage/raw/color/Apple___healthy/1dbfc9d3-f568-4e19-a83c-8fa408cfea3a___RS_HL 5909.JPG,healthy,0,g1125,s_reliability,reliability_train,brightness,4356571342298382717,0.8234930401291752,,,,42
56b60da1b6d8d420d6e3,data/plantvillage/raw/color/Apple___healthy/1dbfc9d3-f568-4e19-a83c-8fa408cfea3a___RS_HL 5909.JPG,healthy,0,g1125,s_reliability,reliability_train,contrast,439479980554065404,,1.0782333753333924,,,42
378f80294333e7fc127f,data/plantvillage/raw/color/Apple___healthy/1dbfc9d3-f568-4e19-a83c-8fa408cfea3a___RS_HL 5909.JPG,healthy,0,g1125,s_reliability,reliability_train,gaussian_blur,5283398278544233388,,,0.7635704825602222,,42
7dd19b47a15b8fa0c4e4,data/plantvillage/raw/color/Apple___healthy/1dbfc9d3-f568-4e19-a83c-8fa408cfea3a___RS_HL 5909.JPG,healthy,0,g1125,s_reliability,reliability_train,gaussian_noise,5525314597172192866,,,,0.011531899395586978,42
262a480f15db7e1104db,data/plantvillage/raw/color/Apple___healthy/1f2ffb52-a697-43fc-a0d0-609d30e33bfe___RS_HL 6010.JPG,healthy,0,g1132,s_reliability,reliability_train,original,,,,,,42
6163db33d456afc8af27,data/plantvillage/raw/color/Apple___healthy/1f2ffb52-a697-43fc-a0d0-609d30e33bfe___RS_HL 6010.JPG,healthy,0,g1132,s_reliability,reliability_train,brightness,528428871723047619,1.225542496448155,,,,42
61396eca6f01848eb400,data/plantvillage/raw/color/Apple___healthy/1f2ffb52-a697-43fc-a0d0-609d30e33bfe___RS_HL 6010.JPG,healthy,0,g1132,s_reliability,reliability_train,contrast,5980064327281058260,,1.1003722090953836,,,42
60ac7c1f200fda8a9171,data/plantvillage/raw/color/Apple___healthy/1f2ffb52-a697-43fc-a0d0-609d30e33bfe___RS_HL 6010.JPG,healthy,0,g1132,s_reliability,reliability_train,gaussian_blur,3315468645818729605,,,0.8602826100629007,,42
4181487cf36e36f5415f,data/plantvillage/raw/color/Apple___healthy/1f2ffb52-a697-43fc-a0d0-609d30e33bfe___RS_HL 6010.JPG,healthy,0,g1132,s_reliability,reliability_train,gaussian_noise,5841862549901847164,,,,0.027932268041791795,42
9a597881514d51e50c38,data/plantvillage/raw/color/Apple___healthy/1fd5cde9-dc78-4b8d-a82c-ab9a29880894___RS_HL 7918.JPG,healthy,0,g1134,s_reliability,reliability_train,original,,,,,,42
c9a968feb44d1b95a180,data/plantvillage/raw/color/Apple___healthy/1fd5cde9-dc78-4b8d-a82c-ab9a29880894___RS_HL 7918.JPG,healthy,0,g1134,s_reliability,reliability_train,brightness,8703251662309893388,0.7647895147899797,,,,42
44d86347c49ec18dd90c,data/plantvillage/raw/color/Apple___healthy/1fd5cde9-dc78-4b8d-a82c-ab9a29880894___RS_HL 7918.JPG,healthy,0,g1134,s_reliability,reliability_train,contrast,6365845276400517002,,0.953828999154807,,,42
0a60de7bc7da97c8e57e,data/plantvillage/raw/color/Apple___healthy/1fd5cde9-dc78-4b8d-a82c-ab9a29880894___RS_HL 7918.JPG,healthy,0,g1134,s_reliability,reliability_train,gaussian_blur,776014238362833983,,,0.8834484448318197,,42
7e86a4c68e993e4a5d75,data/plantvillage/raw/color/Apple___healthy/1fd5cde9-dc78-4b8d-a82c-ab9a29880894___RS_HL 7918.JPG,healthy,0,g1134,s_reliability,reliability_train,gaussian_noise,3687871056954501735,,,,0.017561833466362524,42
d0a79f5eb03a7364dac2,data/plantvillage/raw/color/Apple___healthy/1ff38f29-401d-4ec7-a99a-c4d3ccf42efc___RS_HL 7498.JPG,healthy,0,g1136,s_reliability,reliability_train,original,,,,,,42
f2686078d12e0219b7fa,data/plantvillage/raw/color/Apple___healthy/1ff38f29-401d-4ec7-a99a-c4d3ccf42efc___RS_HL 7498.JPG,healthy,0,g1136,s_reliability,reliability_train,brightness,8826274851838208204,0.7891357516670366,,,,42
11df79d1b579aabb57ac,data/plantvillage/raw/color/Apple___healthy/1ff38f29-401d-4ec7-a99a-c4d3ccf42efc___RS_HL 7498.JPG,healthy,0,g1136,s_reliability,reliability_train,contrast,943603156798058787,,0.8450123345624065,,,42
9e67ab909ca57118d931,data/plantvillage/raw/color/Apple___healthy/1ff38f29-401d-4ec7-a99a-c4d3ccf42efc___RS_HL 7498.JPG,healthy,0,g1136,s_reliability,reliability_train,gaussian_blur,1784384384435148292,,,0.709692155333637,,42
dbe9a3959377a4cde5c5,data/plantvillage/raw/color/Apple___healthy/1ff38f29-401d-4ec7-a99a-c4d3ccf42efc___RS_HL 7498.JPG,healthy,0,g1136,s_reliability,reliability_train,gaussian_noise,5460010999050138840,,,,0.04025867831854805,42
7c3d10cf7f4bcc98361a,data/plantvillage/raw/color/Apple___healthy/203d4b1b-d358-43d5-bd7f-273e68993961___RS_HL 7590.JPG,healthy,0,g1139,s_reliability,reliability_train,original,,,,,,42
5acc74d82210ac220f75,data/plantvillage/raw/color/Apple___healthy/203d4b1b-d358-43d5-bd7f-273e68993961___RS_HL 7590.JPG,healthy,0,g1139,s_reliability,reliability_train,brightness,959095761037775261,0.9428906274967438,,,,42
0bff02e69c7384c93e3a,data/plantvillage/raw/color/Apple___healthy/203d4b1b-d358-43d5-bd7f-273e68993961___RS_HL 7590.JPG,healthy,0,g1139,s_reliability,reliability_train,contrast,1166794372659869891,,1.284551354859481,,,42
02ba35f16b35583494de,data/plantvillage/raw/color/Apple___healthy/203d4b1b-d358-43d5-bd7f-273e68993961___RS_HL 7590.JPG,healthy,0,g1139,s_reliability,reliability_train,gaussian_blur,6697348260861316416,,,0.601277343172196,,42
766c49112ee480bde7e4,data/plantvillage/raw/color/Apple___healthy/203d4b1b-d358-43d5-bd7f-273e68993961___RS_HL 7590.JPG,healthy,0,g1139,s_reliability,reliability_train,gaussian_noise,8206994065168040366,,,,0.03181039799238533,42
89f2498d3252a187b3dd,data/plantvillage/raw/color/Apple___healthy/211f5e77-fdc9-4d96-9395-bb3647678c43___RS_HL 7364.JPG,healthy,0,g1148,s_reliability,reliability_val,original,,,,,,42
47623a4661ccdc596e86,data/plantvillage/raw/color/Apple___healthy/211f5e77-fdc9-4d96-9395-bb3647678c43___RS_HL 7364.JPG,healthy,0,g1148,s_reliability,reliability_val,brightness,2782639239993187153,1.018039739360362,,,,42
e573d7991d45cd885229,data/plantvillage/raw/color/Apple___healthy/211f5e77-fdc9-4d96-9395-bb3647678c43___RS_HL 7364.JPG,healthy,0,g1148,s_reliability,reliability_val,contrast,2166957090546328049,,0.7756020586569952,,,42
d071f0987ba96fb48aba,data/plantvillage/raw/color/Apple___healthy/211f5e77-fdc9-4d96-9395-bb3647678c43___RS_HL 7364.JPG,healthy,0,g1148,s_reliability,reliability_val,gaussian_blur,2929304390770881429,,,1.1845999031286776,,42
1bcb49f929b7573d7303,data/plantvillage/raw/color/Apple___healthy/211f5e77-fdc9-4d96-9395-bb3647678c43___RS_HL 7364.JPG,healthy,0,g1148,s_reliability,reliability_val,gaussian_noise,633127215477805685,,,,0.0386612680557092,42
a8ad9b367c2093c3b120,data/plantvillage/raw/color/Apple___healthy/21c10a73-ebeb-4a16-898b-8b39d9d6eca2___RS_HL 6315.JPG,healthy,0,g1151,s_reliability,reliability_train,original,,,,,,42
7a09a5e128eb9f6dc9b3,data/plantvillage/raw/color/Apple___healthy/21c10a73-ebeb-4a16-898b-8b39d9d6eca2___RS_HL 6315.JPG,healthy,0,g1151,s_reliability,reliability_train,brightness,3993087102242033058,0.9752695640278488,,,,42
3ff643f80e9ffa035e5f,data/plantvillage/raw/color/Apple___healthy/21c10a73-ebeb-4a16-898b-8b39d9d6eca2___RS_HL 6315.JPG,healthy,0,g1151,s_reliability,reliability_train,contrast,4535592247346526373,,1.1928980530710795,,,42
b1c8db1ec86e8e263c69,data/plantvillage/raw/color/Apple___healthy/21c10a73-ebeb-4a16-898b-8b39d9d6eca2___RS_HL 6315.JPG,healthy,0,g1151,s_reliability,reliability_train,gaussian_blur,5490556698797330675,,,1.388390087229791,,42
c82f36610403a85c4c29,data/plantvillage/raw/color/Apple___healthy/21c10a73-ebeb-4a16-898b-8b39d9d6eca2___RS_HL 6315.JPG,healthy,0,g1151,s_reliability,reliability_train,gaussian_noise,2453488615168786282,,,,0.011632409911192099,42
81aac50fa9ace5ff5a14,data/plantvillage/raw/color/Apple___healthy/228c3cfc-c511-4f1d-80ef-eb6a9e89cc0b___RS_HL 7383.JPG,healthy,0,g1159,s_reliability,reliability_train,original,,,,,,42
717a9dd06c32da98b226,data/plantvillage/raw/color/Apple___healthy/228c3cfc-c511-4f1d-80ef-eb6a9e89cc0b___RS_HL 7383.JPG,healthy,0,g1159,s_reliability,reliability_train,brightness,9137980323340339630,0.8536663730106395,,,,42
536d8c2dc93a57e91de1,data/plantvillage/raw/color/Apple___healthy/228c3cfc-c511-4f1d-80ef-eb6a9e89cc0b___RS_HL 7383.JPG,healthy,0,g1159,s_reliability,reliability_train,contrast,8007016313987593434,,0.7622884469240911,,,42
9e86875f87ffdc97b621,data/plantvillage/raw/color/Apple___healthy/228c3cfc-c511-4f1d-80ef-eb6a9e89cc0b___RS_HL 7383.JPG,healthy,0,g1159,s_reliability,reliability_train,gaussian_blur,5609601696647475444,,,1.1790396030526444,,42
a1b836ee0279a0435a19,data/plantvillage/raw/color/Apple___healthy/228c3cfc-c511-4f1d-80ef-eb6a9e89cc0b___RS_HL 7383.JPG,healthy,0,g1159,s_reliability,reliability_train,gaussian_noise,8487728801327329727,,,,0.012758610075484081,42
16a01480827311ffb709,data/plantvillage/raw/color/Apple___healthy/2301f2bb-7972-4fb8-8be6-246ce55ca3b6___RS_HL 6100.JPG,healthy,0,g1163,s_reliability,reliability_train,original,,,,,,42
311de7a6ee03155b2c4d,data/plantvillage/raw/color/Apple___healthy/2301f2bb-7972-4fb8-8be6-246ce55ca3b6___RS_HL 6100.JPG,healthy,0,g1163,s_reliability,reliability_train,brightness,76027223445369394,1.0771799237009827,,,,42
97cb839221c1e0eabb05,data/plantvillage/raw/color/Apple___healthy/2301f2bb-7972-4fb8-8be6-246ce55ca3b6___RS_HL 6100.JPG,healthy,0,g1163,s_reliability,reliability_train,contrast,6548141675550409790,,0.9285307233389793,,,42
a369237943adc001d602,data/plantvillage/raw/color/Apple___healthy/2301f2bb-7972-4fb8-8be6-246ce55ca3b6___RS_HL 6100.JPG,healthy,0,g1163,s_reliability,reliability_train,gaussian_blur,7907017279750617537,,,1.2508880845356893,,42
68fe31fccdd964d6dd1d,data/plantvillage/raw/color/Apple___healthy/2301f2bb-7972-4fb8-8be6-246ce55ca3b6___RS_HL 6100.JPG,healthy,0,g1163,s_reliability,reliability_train,gaussian_noise,7456730383265734579,,,,0.02803734263823042,42
fa8ea0f79fe84a81d28f,data/plantvillage/raw/color/Apple___healthy/2796f6e4-6b9f-4b3b-9f96-a6788b2e0f02___RS_HL 5712.JPG,healthy,0,g1201,s_reliability,reliability_val,original,,,,,,42
f83c848dd03fd5f8f3a2,data/plantvillage/raw/color/Apple___healthy/2796f6e4-6b9f-4b3b-9f96-a6788b2e0f02___RS_HL 5712.JPG,healthy,0,g1201,s_reliability,reliability_val,brightness,2703450303364386543,0.8448855246310926,,,,42
505af74ae473dd6ed5d7,data/plantvillage/raw/color/Apple___healthy/2796f6e4-6b9f-4b3b-9f96-a6788b2e0f02___RS_HL 5712.JPG,healthy,0,g1201,s_reliability,reliability_val,contrast,5293813540211085888,,1.2445486248283602,,,42
d6188183a0c18ff8f2d6,data/plantvillage/raw/color/Apple___healthy/2796f6e4-6b9f-4b3b-9f96-a6788b2e0f02___RS_HL 5712.JPG,healthy,0,g1201,s_reliability,reliability_val,gaussian_blur,6590916720935184446,,,0.8858399823825662,,42
bd730580cff6b64c4304,data/plantvillage/raw/color/Apple___healthy/2796f6e4-6b9f-4b3b-9f96-a6788b2e0f02___RS_HL 5712.JPG,healthy,0,g1201,s_reliability,reliability_val,gaussian_noise,3493732540545642347,,,,0.030721999110033177,42
d7a2518b46844b14ed20,data/plantvillage/raw/color/Apple___healthy/27d5e1e8-d30f-4514-bafe-f600ad03a871___RS_HL 7648.JPG,healthy,0,g1204,s_reliability,reliability_train,original,,,,,,42
e564ec8fe69ff50c589e,data/plantvillage/raw/color/Apple___healthy/27d5e1e8-d30f-4514-bafe-f600ad03a871___RS_HL 7648.JPG,healthy,0,g1204,s_reliability,reliability_train,brightness,7102113803878605584,1.1397125907601304,,,,42
5182a3a34c05fab0b321,data/plantvillage/raw/color/Apple___healthy/27d5e1e8-d30f-4514-bafe-f600ad03a871___RS_HL 7648.JPG,healthy,0,g1204,s_reliability,reliability_train,contrast,7943949962473329255,,0.9836740623519302,,,42
059fefe54ead6688754c,data/plantvillage/raw/color/Apple___healthy/27d5e1e8-d30f-4514-bafe-f600ad03a871___RS_HL 7648.JPG,healthy,0,g1204,s_reliability,reliability_train,gaussian_blur,680007006083722432,,,0.6440171068447839,,42
b4e4486718875d87366f,data/plantvillage/raw/color/Apple___healthy/27d5e1e8-d30f-4514-bafe-f600ad03a871___RS_HL 7648.JPG,healthy,0,g1204,s_reliability,reliability_train,gaussian_noise,2066858010042444566,,,,0.047861557320770055,42
d444757ef21ce1e7f2d5,data/plantvillage/raw/color/Apple___healthy/28c298e3-0846-4372-a9ab-562f2ce7cf9d___RS_HL 5846.JPG,healthy,0,g1210,s_reliability,reliability_train,original,,,,,,42
70faeea38cabad4e31c4,data/plantvillage/raw/color/Apple___healthy/28c298e3-0846-4372-a9ab-562f2ce7cf9d___RS_HL 5846.JPG,healthy,0,g1210,s_reliability,reliability_train,brightness,1223279542847626272,0.878939258915332,,,,42
47651c5719b82700a5e7,data/plantvillage/raw/color/Apple___healthy/28c298e3-0846-4372-a9ab-562f2ce7cf9d___RS_HL 5846.JPG,healthy,0,g1210,s_reliability,reliability_train,contrast,4235668580041845940,,1.0322994674885648,,,42
ea37ffd8259d17d78444,data/plantvillage/raw/color/Apple___healthy/28c298e3-0846-4372-a9ab-562f2ce7cf9d___RS_HL 5846.JPG,healthy,0,g1210,s_reliability,reliability_train,gaussian_blur,5545591305046163391,,,1.196413273273337,,42
6d0c52c47146bbeea1c4,data/plantvillage/raw/color/Apple___healthy/28c298e3-0846-4372-a9ab-562f2ce7cf9d___RS_HL 5846.JPG,healthy,0,g1210,s_reliability,reliability_train,gaussian_noise,6050820436884934051,,,,0.01843872761517385,42
bef06bdb5d7027819189,data/plantvillage/raw/color/Apple___healthy/2a53473e-0c50-43d5-933c-a62576fb5f52___RS_HL 7664.JPG,healthy,0,g1216,s_reliability,reliability_train,original,,,,,,42
8578ce117d050afe23bd,data/plantvillage/raw/color/Apple___healthy/2a53473e-0c50-43d5-933c-a62576fb5f52___RS_HL 7664.JPG,healthy,0,g1216,s_reliability,reliability_train,brightness,5668057314473260917,1.2980462932839956,,,,42
7d4c7d06111e0dd0a5f2,data/plantvillage/raw/color/Apple___healthy/2a53473e-0c50-43d5-933c-a62576fb5f52___RS_HL 7664.JPG,healthy,0,g1216,s_reliability,reliability_train,contrast,2405074277635272609,,0.8578963291079704,,,42
e0e0276eb48a4e50d3cf,data/plantvillage/raw/color/Apple___healthy/2a53473e-0c50-43d5-933c-a62576fb5f52___RS_HL 7664.JPG,healthy,0,g1216,s_reliability,reliability_train,gaussian_blur,6062485407802971273,,,0.7087041649565587,,42
8ff84e2f02f118cbbdff,data/plantvillage/raw/color/Apple___healthy/2a53473e-0c50-43d5-933c-a62576fb5f52___RS_HL 7664.JPG,healthy,0,g1216,s_reliability,reliability_train,gaussian_noise,7770358262010007427,,,,0.02004401114473751,42
152ffc339e0640233e9a,data/plantvillage/raw/color/Apple___healthy/2dc5f050-21dd-4b81-a1cb-ef2a9f72f134___RS_HL 5694.JPG,healthy,0,g1240,s_reliability,reliability_val,original,,,,,,42
0f6247ea108a14b51b80,data/plantvillage/raw/color/Apple___healthy/2dc5f050-21dd-4b81-a1cb-ef2a9f72f134___RS_HL 5694.JPG,healthy,0,g1240,s_reliability,reliability_val,brightness,694770860081988947,1.233261147462942,,,,42
42c32e885a9a1024a9f4,data/plantvillage/raw/color/Apple___healthy/2dc5f050-21dd-4b81-a1cb-ef2a9f72f134___RS_HL 5694.JPG,healthy,0,g1240,s_reliability,reliability_val,contrast,8626105305965798003,,0.7538463841078897,,,42
2f6d52a072746f3e6595,data/plantvillage/raw/color/Apple___healthy/2dc5f050-21dd-4b81-a1cb-ef2a9f72f134___RS_HL 5694.JPG,healthy,0,g1240,s_reliability,reliability_val,gaussian_blur,5498471434286506849,,,0.8219007305820413,,42
5646528a5dace2522682,data/plantvillage/raw/color/Apple___healthy/2dc5f050-21dd-4b81-a1cb-ef2a9f72f134___RS_HL 5694.JPG,healthy,0,g1240,s_reliability,reliability_val,gaussian_noise,8847279957385132366,,,,0.027637180189510356,42
3ff2ab78330179b0753c,data/plantvillage/raw/color/Apple___healthy/30fb7843-8e70-407e-b361-aa54a7473c32___RS_HL 6143.JPG,healthy,0,g1251,s_reliability,reliability_train,original,,,,,,42
d2f80edf9f7f843cf707,data/plantvillage/raw/color/Apple___healthy/30fb7843-8e70-407e-b361-aa54a7473c32___RS_HL 6143.JPG,healthy,0,g1251,s_reliability,reliability_train,brightness,6507908731194418276,0.9098364377586844,,,,42
149e50b88fd0f5c9d22c,data/plantvillage/raw/color/Apple___healthy/30fb7843-8e70-407e-b361-aa54a7473c32___RS_HL 6143.JPG,healthy,0,g1251,s_reliability,reliability_train,contrast,991042964031982809,,1.032751462844221,,,42
d884b7f904ad4f00076e,data/plantvillage/raw/color/Apple___healthy/30fb7843-8e70-407e-b361-aa54a7473c32___RS_HL 6143.JPG,healthy,0,g1251,s_reliability,reliability_train,gaussian_blur,1441693133027942644,,,0.5809966487254026,,42
232144a2e397d0a0cb9d,data/plantvillage/raw/color/Apple___healthy/30fb7843-8e70-407e-b361-aa54a7473c32___RS_HL 6143.JPG,healthy,0,g1251,s_reliability,reliability_train,gaussian_noise,2873700154259373639,,,,0.026332181940528165,42
ad42fb02b428a54cc4d6,data/plantvillage/raw/color/Apple___healthy/313b7055-4346-4b7c-99fb-ada974f60486___RS_HL 6275.JPG,healthy,0,g1254,s_reliability,reliability_train,original,,,,,,42
b1228c7915ecb0b79669,data/plantvillage/raw/color/Apple___healthy/313b7055-4346-4b7c-99fb-ada974f60486___RS_HL 6275.JPG,healthy,0,g1254,s_reliability,reliability_train,brightness,4031633071217821672,1.2087550102926083,,,,42
de82771f7d14c4528138,data/plantvillage/raw/color/Apple___healthy/313b7055-4346-4b7c-99fb-ada974f60486___RS_HL 6275.JPG,healthy,0,g1254,s_reliability,reliability_train,contrast,4934718698620681324,,0.7533532153559923,,,42
f4b314467f9d3ff81fbb,data/plantvillage/raw/color/Apple___healthy/313b7055-4346-4b7c-99fb-ada974f60486___RS_HL 6275.JPG,healthy,0,g1254,s_reliability,reliability_train,gaussian_blur,2456963900554160061,,,0.9100716448261054,,42
281d1e531455e38e9d41,data/plantvillage/raw/color/Apple___healthy/313b7055-4346-4b7c-99fb-ada974f60486___RS_HL 6275.JPG,healthy,0,g1254,s_reliability,reliability_train,gaussian_noise,8553030769888312299,,,,0.03271852517803604,42
ee258a6e7d3790e15ecd,data/plantvillage/raw/color/Apple___healthy/3643fe1d-9523-47cf-9952-7e2ecb027338___RS_HL 5704.JPG,healthy,0,g1282,s_reliability,reliability_train,original,,,,,,42
58bbb7ffec5b9ca66023,data/plantvillage/raw/color/Apple___healthy/3643fe1d-9523-47cf-9952-7e2ecb027338___RS_HL 5704.JPG,healthy,0,g1282,s_reliability,reliability_train,brightness,1436337365820781634,0.8705415468968665,,,,42
b8d42feab3667ff305dd,data/plantvillage/raw/color/Apple___healthy/3643fe1d-9523-47cf-9952-7e2ecb027338___RS_HL 5704.JPG,healthy,0,g1282,s_reliability,reliability_train,contrast,4773320806585448449,,0.7255484270766305,,,42
d44a3b04569f3627f90d,data/plantvillage/raw/color/Apple___healthy/3643fe1d-9523-47cf-9952-7e2ecb027338___RS_HL 5704.JPG,healthy,0,g1282,s_reliability,reliability_train,gaussian_blur,4287354328929027991,,,0.8281395841463869,,42
dc139087ac78a1de7414,data/plantvillage/raw/color/Apple___healthy/3643fe1d-9523-47cf-9952-7e2ecb027338___RS_HL 5704.JPG,healthy,0,g1282,s_reliability,reliability_train,gaussian_noise,7704275642160923243,,,,0.016056267644541024,42
7c921884d6e47fdf225d,data/plantvillage/raw/color/Apple___healthy/36ab2af7-aff6-4578-99ef-4cf5b6527a9c___RS_HL 7689.JPG,healthy,0,g1286,s_reliability,reliability_train,original,,,,,,42
c3e67c75aee434abb2be,data/plantvillage/raw/color/Apple___healthy/36ab2af7-aff6-4578-99ef-4cf5b6527a9c___RS_HL 7689.JPG,healthy,0,g1286,s_reliability,reliability_train,brightness,7186526567955080485,1.1970913008838115,,,,42
a8d83ca4584c19285f80,data/plantvillage/raw/color/Apple___healthy/36ab2af7-aff6-4578-99ef-4cf5b6527a9c___RS_HL 7689.JPG,healthy,0,g1286,s_reliability,reliability_train,contrast,6021678748950535272,,0.8432978163325778,,,42
c430d409bd62006fde1d,data/plantvillage/raw/color/Apple___healthy/36ab2af7-aff6-4578-99ef-4cf5b6527a9c___RS_HL 7689.JPG,healthy,0,g1286,s_reliability,reliability_train,gaussian_blur,689318212354321737,,,0.7998971471739549,,42
9c1cfff6b34b342b9eab,data/plantvillage/raw/color/Apple___healthy/36ab2af7-aff6-4578-99ef-4cf5b6527a9c___RS_HL 7689.JPG,healthy,0,g1286,s_reliability,reliability_train,gaussian_noise,7061587563433493357,,,,0.03455730713067512,42
900a9c4a974c532cff81,data/plantvillage/raw/color/Apple___healthy/37fcfaf7-88f4-4735-99a2-8df576e0f248___RS_HL 8108.JPG,healthy,0,g1297,s_reliability,reliability_train,original,,,,,,42
3fe55ba6993aa2607a6d,data/plantvillage/raw/color/Apple___healthy/37fcfaf7-88f4-4735-99a2-8df576e0f248___RS_HL 8108.JPG,healthy,0,g1297,s_reliability,reliability_train,brightness,3515002184077075230,0.8216530920192194,,,,42
b22959965104423b19d7,data/plantvillage/raw/color/Apple___healthy/37fcfaf7-88f4-4735-99a2-8df576e0f248___RS_HL 8108.JPG,healthy,0,g1297,s_reliability,reliability_train,contrast,9175911473063027850,,1.0860498519177133,,,42
c002964e4d1c396c804d,data/plantvillage/raw/color/Apple___healthy/37fcfaf7-88f4-4735-99a2-8df576e0f248___RS_HL 8108.JPG,healthy,0,g1297,s_reliability,reliability_train,gaussian_blur,7679682485343962950,,,0.9295032693955191,,42
4403398904233c48e03a,data/plantvillage/raw/color/Apple___healthy/37fcfaf7-88f4-4735-99a2-8df576e0f248___RS_HL 8108.JPG,healthy,0,g1297,s_reliability,reliability_train,gaussian_noise,3629497641022287971,,,,0.04745415628632231,42
5fcc714c079aa0b23ecd,data/plantvillage/raw/color/Apple___healthy/39be15a0-4c7f-4a8e-9938-829bec85fd1c___RS_HL 6209.JPG,healthy,0,g1310,s_reliability,reliability_train,original,,,,,,42
400ce4ba628014a99828,data/plantvillage/raw/color/Apple___healthy/39be15a0-4c7f-4a8e-9938-829bec85fd1c___RS_HL 6209.JPG,healthy,0,g1310,s_reliability,reliability_train,brightness,6523549953377806711,0.862138712670931,,,,42
b79a5739f102c6481510,data/plantvillage/raw/color/Apple___healthy/39be15a0-4c7f-4a8e-9938-829bec85fd1c___RS_HL 6209.JPG,healthy,0,g1310,s_reliability,reliability_train,contrast,2049057005806752270,,1.266953659292501,,,42
d9b0af69c0e1868a9a5e,data/plantvillage/raw/color/Apple___healthy/39be15a0-4c7f-4a8e-9938-829bec85fd1c___RS_HL 6209.JPG,healthy,0,g1310,s_reliability,reliability_train,gaussian_blur,755465699465197521,,,1.162710359571595,,42
0b35714bf14640267225,data/plantvillage/raw/color/Apple___healthy/39be15a0-4c7f-4a8e-9938-829bec85fd1c___RS_HL 6209.JPG,healthy,0,g1310,s_reliability,reliability_train,gaussian_noise,2966838873866014724,,,,0.014219410591589755,42
12745e29cc596a5219f1,data/plantvillage/raw/color/Apple___healthy/3a544ee5-490e-4a41-b03b-cf1700362448___RS_HL 6200.JPG,healthy,0,g1314,s_reliability,reliability_train,original,,,,,,42
47d997bd4001dad4bde9,data/plantvillage/raw/color/Apple___healthy/3a544ee5-490e-4a41-b03b-cf1700362448___RS_HL 6200.JPG,healthy,0,g1314,s_reliability,reliability_train,brightness,7656307530927493294,0.906342180305821,,,,42
9a87f1374883734598b3,data/plantvillage/raw/color/Apple___healthy/3a544ee5-490e-4a41-b03b-cf1700362448___RS_HL 6200.JPG,healthy,0,g1314,s_reliability,reliability_train,contrast,3764337428900349033,,0.7287337957059071,,,42
d842f687911ae0ba2d15,data/plantvillage/raw/color/Apple___healthy/3a544ee5-490e-4a41-b03b-cf1700362448___RS_HL 6200.JPG,healthy,0,g1314,s_reliability,reliability_train,gaussian_blur,8471188090023890342,,,0.7423535465299786,,42
8ff3b889789ba79bc314,data/plantvillage/raw/color/Apple___healthy/3a544ee5-490e-4a41-b03b-cf1700362448___RS_HL 6200.JPG,healthy,0,g1314,s_reliability,reliability_train,gaussian_noise,6628089321901661762,,,,0.03676815654237636,42
3a71d2770cd4bd7d2c5b,data/plantvillage/raw/color/Apple___healthy/3a5916ba-0db8-4aff-a282-26f33b056832___RS_HL 8125.JPG,healthy,0,g1315,s_reliability,reliability_train,original,,,,,,42
13029cf02e0dba54bb4d,data/plantvillage/raw/color/Apple___healthy/3a5916ba-0db8-4aff-a282-26f33b056832___RS_HL 8125.JPG,healthy,0,g1315,s_reliability,reliability_train,brightness,205854520266735257,1.279090068208498,,,,42
65d8262102aaf0159db9,data/plantvillage/raw/color/Apple___healthy/3a5916ba-0db8-4aff-a282-26f33b056832___RS_HL 8125.JPG,healthy,0,g1315,s_reliability,reliability_train,contrast,7035875611162113097,,1.249376386288609,,,42
110c45cd586cb554f17d,data/plantvillage/raw/color/Apple___healthy/3a5916ba-0db8-4aff-a282-26f33b056832___RS_HL 8125.JPG,healthy,0,g1315,s_reliability,reliability_train,gaussian_blur,1637446910467651912,,,1.2894823943395255,,42
956776813a4099b08f40,data/plantvillage/raw/color/Apple___healthy/3a5916ba-0db8-4aff-a282-26f33b056832___RS_HL 8125.JPG,healthy,0,g1315,s_reliability,reliability_train,gaussian_noise,8025661049749262528,,,,0.038070744084805756,42
409fd3a82f1c67494fa5,data/plantvillage/raw/color/Apple___healthy/3a6789e3-2dd3-4513-b21d-be34f521c4a1___RS_HL 8031.JPG,healthy,0,g1316,s_reliability,reliability_train,original,,,,,,42
df57ac91be5ec1924065,data/plantvillage/raw/color/Apple___healthy/3a6789e3-2dd3-4513-b21d-be34f521c4a1___RS_HL 8031.JPG,healthy,0,g1316,s_reliability,reliability_train,brightness,1241995756142752907,0.9988561310253641,,,,42
139fcb1e47c8ab889cae,data/plantvillage/raw/color/Apple___healthy/3a6789e3-2dd3-4513-b21d-be34f521c4a1___RS_HL 8031.JPG,healthy,0,g1316,s_reliability,reliability_train,contrast,8681369329633621756,,1.113046524466427,,,42
cc89c9609e38f34adcb9,data/plantvillage/raw/color/Apple___healthy/3a6789e3-2dd3-4513-b21d-be34f521c4a1___RS_HL 8031.JPG,healthy,0,g1316,s_reliability,reliability_train,gaussian_blur,8865796838953423729,,,0.5131841379519082,,42
bce6a67fe71b76737b14,data/plantvillage/raw/color/Apple___healthy/3a6789e3-2dd3-4513-b21d-be34f521c4a1___RS_HL 8031.JPG,healthy,0,g1316,s_reliability,reliability_train,gaussian_noise,5128861664652352332,,,,0.015792008214607904,42
eceb237f3cdb70d04392,data/plantvillage/raw/color/Apple___healthy/3c3127c8-58c3-43ab-9b6f-75c641db96ce___RS_HL 7282.JPG,healthy,0,g1334,s_reliability,reliability_train,original,,,,,,42
ef0842702f85e3a047b6,data/plantvillage/raw/color/Apple___healthy/3c3127c8-58c3-43ab-9b6f-75c641db96ce___RS_HL 7282.JPG,healthy,0,g1334,s_reliability,reliability_train,brightness,6258809867054233409,0.8974405563435552,,,,42
b281c6d4e1ebeb9e63e7,data/plantvillage/raw/color/Apple___healthy/3c3127c8-58c3-43ab-9b6f-75c641db96ce___RS_HL 7282.JPG,healthy,0,g1334,s_reliability,reliability_train,contrast,5248597774520752667,,1.2275643350806273,,,42
5b2e8db1dbfefc66973e,data/plantvillage/raw/color/Apple___healthy/3c3127c8-58c3-43ab-9b6f-75c641db96ce___RS_HL 7282.JPG,healthy,0,g1334,s_reliability,reliability_train,gaussian_blur,7890006717637967904,,,1.292698201375426,,42
da0ee4227545abce19b1,data/plantvillage/raw/color/Apple___healthy/3c3127c8-58c3-43ab-9b6f-75c641db96ce___RS_HL 7282.JPG,healthy,0,g1334,s_reliability,reliability_train,gaussian_noise,7349564608696765774,,,,0.018578379357722902,42
4b959e144a03990f295a,data/plantvillage/raw/color/Apple___healthy/3e19a6c4-e5d8-4649-b403-7a8fd36b88e2___RS_HL 7533.JPG,healthy,0,g1344,s_reliability,reliability_train,original,,,,,,42
3540c76da0b23dc47b51,data/plantvillage/raw/color/Apple___healthy/3e19a6c4-e5d8-4649-b403-7a8fd36b88e2___RS_HL 7533.JPG,healthy,0,g1344,s_reliability,reliability_train,brightness,8815151147530038372,1.224243250174725,,,,42
90f9243419aca1f2640a,data/plantvillage/raw/color/Apple___healthy/3e19a6c4-e5d8-4649-b403-7a8fd36b88e2___RS_HL 7533.JPG,healthy,0,g1344,s_reliability,reliability_train,contrast,496357760210893130,,0.7997251049670722,,,42
0a5333e36e9c370bf53b,data/plantvillage/raw/color/Apple___healthy/3e19a6c4-e5d8-4649-b403-7a8fd36b88e2___RS_HL 7533.JPG,healthy,0,g1344,s_reliability,reliability_train,gaussian_blur,2533080944321075860,,,0.9570526412036207,,42
930b26e812d529332429,data/plantvillage/raw/color/Apple___healthy/3e19a6c4-e5d8-4649-b403-7a8fd36b88e2___RS_HL 7533.JPG,healthy,0,g1344,s_reliability,reliability_train,gaussian_noise,2032042606409621447,,,,0.03168695160351392,42
c8967c910104ab7ae249,data/plantvillage/raw/color/Apple___healthy/3ecbb982-2844-4662-ad65-9a94fee38fa3___RS_HL 8060.JPG,healthy,0,g1348,s_reliability,reliability_train,original,,,,,,42
2cae71e1311aba5b29da,data/plantvillage/raw/color/Apple___healthy/3ecbb982-2844-4662-ad65-9a94fee38fa3___RS_HL 8060.JPG,healthy,0,g1348,s_reliability,reliability_train,brightness,6261818532068539173,1.0546127199629467,,,,42
b7bd44196d406749ebf8,data/plantvillage/raw/color/Apple___healthy/3ecbb982-2844-4662-ad65-9a94fee38fa3___RS_HL 8060.JPG,healthy,0,g1348,s_reliability,reliability_train,contrast,7344028221641242476,,0.8145703592746425,,,42
62b59c921393b6b77278,data/plantvillage/raw/color/Apple___healthy/3ecbb982-2844-4662-ad65-9a94fee38fa3___RS_HL 8060.JPG,healthy,0,g1348,s_reliability,reliability_train,gaussian_blur,2468952683676613073,,,0.8033459185713173,,42
e323e9fcc8512398561c,data/plantvillage/raw/color/Apple___healthy/3ecbb982-2844-4662-ad65-9a94fee38fa3___RS_HL 8060.JPG,healthy,0,g1348,s_reliability,reliability_train,gaussian_noise,912712397371915938,,,,0.0194837463655053,42
75d69d1b8e44b73fdd6a,data/plantvillage/raw/color/Apple___healthy/3ee00792-0430-445e-8c25-970607d2759d___RS_HL 7810.JPG,healthy,0,g1350,s_reliability,reliability_train,original,,,,,,42
b8e6505cf23ba298dcb7,data/plantvillage/raw/color/Apple___healthy/3ee00792-0430-445e-8c25-970607d2759d___RS_HL 7810.JPG,healthy,0,g1350,s_reliability,reliability_train,brightness,3978865019950285422,0.7205131658037681,,,,42
94f9ff49d9d6d0ad4655,data/plantvillage/raw/color/Apple___healthy/3ee00792-0430-445e-8c25-970607d2759d___RS_HL 7810.JPG,healthy,0,g1350,s_reliability,reliability_train,contrast,2697017036946214052,,0.7305777888574931,,,42
572b7d8684df43eb663c,data/plantvillage/raw/color/Apple___healthy/3ee00792-0430-445e-8c25-970607d2759d___RS_HL 7810.JPG,healthy,0,g1350,s_reliability,reliability_train,gaussian_blur,6088947642697741781,,,1.3645398607941799,,42
92dc9f70602b6f88e157,data/plantvillage/raw/color/Apple___healthy/3ee00792-0430-445e-8c25-970607d2759d___RS_HL 7810.JPG,healthy,0,g1350,s_reliability,reliability_train,gaussian_noise,4928243922050948077,,,,0.021994690401382806,42
07b1fccc206ce62410f2,data/plantvillage/raw/color/Apple___healthy/3fdbd8fe-f026-4fef-b02d-b451fb60cb86___RS_HL 7353.JPG,healthy,0,g1355,s_reliability,reliability_train,original,,,,,,42
be5f73113069ead09d54,data/plantvillage/raw/color/Apple___healthy/3fdbd8fe-f026-4fef-b02d-b451fb60cb86___RS_HL 7353.JPG,healthy,0,g1355,s_reliability,reliability_train,brightness,6450791447265683093,1.2539589195692333,,,,42
75130cf9278e68fe47b7,data/plantvillage/raw/color/Apple___healthy/3fdbd8fe-f026-4fef-b02d-b451fb60cb86___RS_HL 7353.JPG,healthy,0,g1355,s_reliability,reliability_train,contrast,7553668962718951215,,1.0923227598578475,,,42
655f1683723a32f5b1b8,data/plantvillage/raw/color/Apple___healthy/3fdbd8fe-f026-4fef-b02d-b451fb60cb86___RS_HL 7353.JPG,healthy,0,g1355,s_reliability,reliability_train,gaussian_blur,2460142792813140522,,,0.6096785773741586,,42
fbcca6ac72089fb1c1aa,data/plantvillage/raw/color/Apple___healthy/3fdbd8fe-f026-4fef-b02d-b451fb60cb86___RS_HL 7353.JPG,healthy,0,g1355,s_reliability,reliability_train,gaussian_noise,2191585714661714038,,,,0.042177608453317826,42
53eaf42a1219d088b379,data/plantvillage/raw/color/Apple___healthy/405ca310-f708-4815-b121-5bb315d98f6f___RS_HL 6122.JPG,healthy,0,g1360,s_reliability,reliability_train,original,,,,,,42
afe5304d6acc9ff6b308,data/plantvillage/raw/color/Apple___healthy/405ca310-f708-4815-b121-5bb315d98f6f___RS_HL 6122.JPG,healthy,0,g1360,s_reliability,reliability_train,brightness,1039800509337618418,1.0648198303083638,,,,42
107f16fd0a8acab821c6,data/plantvillage/raw/color/Apple___healthy/405ca310-f708-4815-b121-5bb315d98f6f___RS_HL 6122.JPG,healthy,0,g1360,s_reliability,reliability_train,contrast,1459617272680474982,,0.9035059486996793,,,42
a87ead22d5c58d3a29d2,data/plantvillage/raw/color/Apple___healthy/405ca310-f708-4815-b121-5bb315d98f6f___RS_HL 6122.JPG,healthy,0,g1360,s_reliability,reliability_train,gaussian_blur,3519049683091209609,,,0.7196036779490695,,42
9f4adfb8cef68b1b4e36,data/plantvillage/raw/color/Apple___healthy/405ca310-f708-4815-b121-5bb315d98f6f___RS_HL 6122.JPG,healthy,0,g1360,s_reliability,reliability_train,gaussian_noise,1475290202179802283,,,,0.012314371975360738,42
badd7e6a89a9fb00a7af,data/plantvillage/raw/color/Apple___healthy/42fdd9ce-6860-4862-8717-4f147884c7d6___RS_HL 5739.JPG,healthy,0,g1371,s_reliability,reliability_val,original,,,,,,42
58360bf71ca9c7a35c14,data/plantvillage/raw/color/Apple___healthy/42fdd9ce-6860-4862-8717-4f147884c7d6___RS_HL 5739.JPG,healthy,0,g1371,s_reliability,reliability_val,brightness,6236508226364944581,1.0008078788225458,,,,42
ce67132b1071c9c747b5,data/plantvillage/raw/color/Apple___healthy/42fdd9ce-6860-4862-8717-4f147884c7d6___RS_HL 5739.JPG,healthy,0,g1371,s_reliability,reliability_val,contrast,5929414054936513595,,1.0589715909137976,,,42
b9fcfaa7401d7d6339b0,data/plantvillage/raw/color/Apple___healthy/42fdd9ce-6860-4862-8717-4f147884c7d6___RS_HL 5739.JPG,healthy,0,g1371,s_reliability,reliability_val,gaussian_blur,8167123783358559771,,,1.3567383638777089,,42
6d440ee96d87b310cc1e,data/plantvillage/raw/color/Apple___healthy/42fdd9ce-6860-4862-8717-4f147884c7d6___RS_HL 5739.JPG,healthy,0,g1371,s_reliability,reliability_val,gaussian_noise,3790065866006675726,,,,0.013532369936064633,42
383b557624f40bf3b168,data/plantvillage/raw/color/Apple___healthy/47c9915d-7fb5-4426-a1b8-5928c3b20666___RS_HL 7565.JPG,healthy,0,g1399,s_reliability,reliability_train,original,,,,,,42
900c46302ee197dedd5f,data/plantvillage/raw/color/Apple___healthy/47c9915d-7fb5-4426-a1b8-5928c3b20666___RS_HL 7565.JPG,healthy,0,g1399,s_reliability,reliability_train,brightness,3458179382525340230,0.8768280760596563,,,,42
e42208311ce93a1ab5b0,data/plantvillage/raw/color/Apple___healthy/47c9915d-7fb5-4426-a1b8-5928c3b20666___RS_HL 7565.JPG,healthy,0,g1399,s_reliability,reliability_train,contrast,4792116895924824997,,1.2968273833813166,,,42
8a2d27cfc8eefb680ae0,data/plantvillage/raw/color/Apple___healthy/47c9915d-7fb5-4426-a1b8-5928c3b20666___RS_HL 7565.JPG,healthy,0,g1399,s_reliability,reliability_train,gaussian_blur,2398796723348435533,,,0.7610477701779235,,42
4118685767a39f4308c8,data/plantvillage/raw/color/Apple___healthy/47c9915d-7fb5-4426-a1b8-5928c3b20666___RS_HL 7565.JPG,healthy,0,g1399,s_reliability,reliability_train,gaussian_noise,6826190666832784370,,,,0.018806707301706235,42
6f4ea95168506bb53b15,data/plantvillage/raw/color/Apple___healthy/48ff38b5-5af1-44e5-9d94-ee9a32715aba___RS_HL 6109.JPG,healthy,0,g1405,s_reliability,reliability_train,original,,,,,,42
ef0b081f8f0dc27bdead,data/plantvillage/raw/color/Apple___healthy/48ff38b5-5af1-44e5-9d94-ee9a32715aba___RS_HL 6109.JPG,healthy,0,g1405,s_reliability,reliability_train,brightness,8265568081454588576,0.8748784983346176,,,,42
cef6b0f522e99ab6937e,data/plantvillage/raw/color/Apple___healthy/48ff38b5-5af1-44e5-9d94-ee9a32715aba___RS_HL 6109.JPG,healthy,0,g1405,s_reliability,reliability_train,contrast,7639465631479528904,,1.1937847371430166,,,42
6be7d1e001d066dc8d97,data/plantvillage/raw/color/Apple___healthy/48ff38b5-5af1-44e5-9d94-ee9a32715aba___RS_HL 6109.JPG,healthy,0,g1405,s_reliability,reliability_train,gaussian_blur,8245089935101121542,,,1.0490862675960422,,42
8a90030e94288d41b9aa,data/plantvillage/raw/color/Apple___healthy/48ff38b5-5af1-44e5-9d94-ee9a32715aba___RS_HL 6109.JPG,healthy,0,g1405,s_reliability,reliability_train,gaussian_noise,7754948854122344681,,,,0.040074627492996145,42
abdae9e442a7760befcd,data/plantvillage/raw/color/Apple___healthy/491f5957-ed75-4198-b988-4f0c834cd4ec___RS_HL 6043.JPG,healthy,0,g1406,s_reliability,reliability_train,original,,,,,,42
14873ea6bddf0c017790,data/plantvillage/raw/color/Apple___healthy/491f5957-ed75-4198-b988-4f0c834cd4ec___RS_HL 6043.JPG,healthy,0,g1406,s_reliability,reliability_train,brightness,8712182422052623379,0.749331904213608,,,,42
b10351bd64183aac6028,data/plantvillage/raw/color/Apple___healthy/491f5957-ed75-4198-b988-4f0c834cd4ec___RS_HL 6043.JPG,healthy,0,g1406,s_reliability,reliability_train,contrast,973035005138600045,,1.016263078111101,,,42
c1880091262475cbdc95,data/plantvillage/raw/color/Apple___healthy/491f5957-ed75-4198-b988-4f0c834cd4ec___RS_HL 6043.JPG,healthy,0,g1406,s_reliability,reliability_train,gaussian_blur,786433876287483055,,,0.5755903064464003,,42
2c5207664a6b77c9e869,data/plantvillage/raw/color/Apple___healthy/491f5957-ed75-4198-b988-4f0c834cd4ec___RS_HL 6043.JPG,healthy,0,g1406,s_reliability,reliability_train,gaussian_noise,1838935000179726131,,,,0.03435577916383729,42
b654ff402e57aefa750b,data/plantvillage/raw/color/Apple___healthy/49cc68a3-a1df-47c2-99d5-c2cb3a4c0227___RS_HL 7854.JPG,healthy,0,g1410,s_reliability,reliability_train,original,,,,,,42
347884eb867a831784fe,data/plantvillage/raw/color/Apple___healthy/49cc68a3-a1df-47c2-99d5-c2cb3a4c0227___RS_HL 7854.JPG,healthy,0,g1410,s_reliability,reliability_train,brightness,6551864916529704329,1.1746838285936612,,,,42
bf3c6bed49b3e5fb6453,data/plantvillage/raw/color/Apple___healthy/49cc68a3-a1df-47c2-99d5-c2cb3a4c0227___RS_HL 7854.JPG,healthy,0,g1410,s_reliability,reliability_train,contrast,826129369475956326,,0.8772023655068188,,,42
668cbd5f00c194569f21,data/plantvillage/raw/color/Apple___healthy/49cc68a3-a1df-47c2-99d5-c2cb3a4c0227___RS_HL 7854.JPG,healthy,0,g1410,s_reliability,reliability_train,gaussian_blur,8931555925963929645,,,1.0791082339134248,,42
a9a3695cfc952cf10b6b,data/plantvillage/raw/color/Apple___healthy/49cc68a3-a1df-47c2-99d5-c2cb3a4c0227___RS_HL 7854.JPG,healthy,0,g1410,s_reliability,reliability_train,gaussian_noise,8358645326937114705,,,,0.019871033849552834,42
5e4949b0e988a7b4f924,data/plantvillage/raw/color/Apple___healthy/49d18ffd-bfd4-435d-bffb-fe66ec0e3af6___RS_HL 5647.JPG,healthy,0,g1411,s_reliability,reliability_train,original,,,,,,42
f550299b32333210cfb1,data/plantvillage/raw/color/Apple___healthy/49d18ffd-bfd4-435d-bffb-fe66ec0e3af6___RS_HL 5647.JPG,healthy,0,g1411,s_reliability,reliability_train,brightness,38995610282541778,1.2569655608313366,,,,42
06cc6310c262acf850b1,data/plantvillage/raw/color/Apple___healthy/49d18ffd-bfd4-435d-bffb-fe66ec0e3af6___RS_HL 5647.JPG,healthy,0,g1411,s_reliability,reliability_train,contrast,2206902783178441924,,1.2489931559982672,,,42
ebcbfbb69763f4cf4af6,data/plantvillage/raw/color/Apple___healthy/49d18ffd-bfd4-435d-bffb-fe66ec0e3af6___RS_HL 5647.JPG,healthy,0,g1411,s_reliability,reliability_train,gaussian_blur,89483872878067575,,,1.2713781969409033,,42
141b0ae20644d2e4c73f,data/plantvillage/raw/color/Apple___healthy/49d18ffd-bfd4-435d-bffb-fe66ec0e3af6___RS_HL 5647.JPG,healthy,0,g1411,s_reliability,reliability_train,gaussian_noise,4607686504422074694,,,,0.029359664991704934,42
f0360e754a59adc11eaf,data/plantvillage/raw/color/Apple___healthy/4c7d424b-d418-4b72-84a9-2a639eabb5ec___RS_HL 5734.JPG,healthy,0,g1432,s_reliability,reliability_train,original,,,,,,42
4b6ee945897151a15594,data/plantvillage/raw/color/Apple___healthy/4c7d424b-d418-4b72-84a9-2a639eabb5ec___RS_HL 5734.JPG,healthy,0,g1432,s_reliability,reliability_train,brightness,6097414055730541397,0.7618365613552616,,,,42
23b14c08683f10dacee4,data/plantvillage/raw/color/Apple___healthy/4c7d424b-d418-4b72-84a9-2a639eabb5ec___RS_HL 5734.JPG,healthy,0,g1432,s_reliability,reliability_train,contrast,6576857618568072840,,0.7820240262505029,,,42
8aedb5b2882d21656530,data/plantvillage/raw/color/Apple___healthy/4c7d424b-d418-4b72-84a9-2a639eabb5ec___RS_HL 5734.JPG,healthy,0,g1432,s_reliability,reliability_train,gaussian_blur,8676902910120535653,,,0.7158830374556387,,42
efaa2e4bde452d0bf96d,data/plantvillage/raw/color/Apple___healthy/4c7d424b-d418-4b72-84a9-2a639eabb5ec___RS_HL 5734.JPG,healthy,0,g1432,s_reliability,reliability_train,gaussian_noise,8049166399150233634,,,,0.04564838132841404,42
9a40c191d201013da7c4,data/plantvillage/raw/color/Apple___healthy/4c7e1a5a-fc48-43a8-959d-c7c8ad6462b9___RS_HL 7561.JPG,healthy,0,g1433,s_reliability,reliability_train,original,,,,,,42
a99b8f779266087c19fb,data/plantvillage/raw/color/Apple___healthy/4c7e1a5a-fc48-43a8-959d-c7c8ad6462b9___RS_HL 7561.JPG,healthy,0,g1433,s_reliability,reliability_train,brightness,899148586515125989,0.8870756119306357,,,,42
990ae312dd5fd0bd570a,data/plantvillage/raw/color/Apple___healthy/4c7e1a5a-fc48-43a8-959d-c7c8ad6462b9___RS_HL 7561.JPG,healthy,0,g1433,s_reliability,reliability_train,contrast,2668759872662818711,,1.1098759500625826,,,42
844c5a734730b6d423fd,data/plantvillage/raw/color/Apple___healthy/4c7e1a5a-fc48-43a8-959d-c7c8ad6462b9___RS_HL 7561.JPG,healthy,0,g1433,s_reliability,reliability_train,gaussian_blur,6121903965305092752,,,1.3064505511801876,,42
73e4bbd1605d605b941c,data/plantvillage/raw/color/Apple___healthy/4c7e1a5a-fc48-43a8-959d-c7c8ad6462b9___RS_HL 7561.JPG,healthy,0,g1433,s_reliability,reliability_train,gaussian_noise,937509096791775372,,,,0.039946421581772244,42
6e11c63e79a2debedd53,data/plantvillage/raw/color/Apple___healthy/4cf06978-a0b5-43a0-8da3-fda45eee2e1c___RS_HL 5777.JPG,healthy,0,g1437,s_reliability,reliability_train,original,,,,,,42
a0fd7dd2a3a226110975,data/plantvillage/raw/color/Apple___healthy/4cf06978-a0b5-43a0-8da3-fda45eee2e1c___RS_HL 5777.JPG,healthy,0,g1437,s_reliability,reliability_train,brightness,5270724279091708818,0.8159364425948474,,,,42
2f5409ad90cb9801b5bf,data/plantvillage/raw/color/Apple___healthy/4cf06978-a0b5-43a0-8da3-fda45eee2e1c___RS_HL 5777.JPG,healthy,0,g1437,s_reliability,reliability_train,contrast,5623552690521448384,,0.7439587782307833,,,42
4a031748798a1929560b,data/plantvillage/raw/color/Apple___healthy/4cf06978-a0b5-43a0-8da3-fda45eee2e1c___RS_HL 5777.JPG,healthy,0,g1437,s_reliability,reliability_train,gaussian_blur,6379474819202474013,,,1.0881912169353511,,42
cf15b007de996116134b,data/plantvillage/raw/color/Apple___healthy/4cf06978-a0b5-43a0-8da3-fda45eee2e1c___RS_HL 5777.JPG,healthy,0,g1437,s_reliability,reliability_train,gaussian_noise,8755860516129494549,,,,0.019971439971688817,42
bc2a2f7b218092fbd7a3,data/plantvillage/raw/color/Apple___healthy/4e817ac6-818a-431f-af6d-e44477f9b649___RS_HL 7616.JPG,healthy,0,g1447,s_reliability,reliability_val,original,,,,,,42
5f7092c1be0ee43fb570,data/plantvillage/raw/color/Apple___healthy/4e817ac6-818a-431f-af6d-e44477f9b649___RS_HL 7616.JPG,healthy,0,g1447,s_reliability,reliability_val,brightness,8272766428416713486,0.7076234249463137,,,,42
03afb10be3128cbf4f7e,data/plantvillage/raw/color/Apple___healthy/4e817ac6-818a-431f-af6d-e44477f9b649___RS_HL 7616.JPG,healthy,0,g1447,s_reliability,reliability_val,contrast,8691162153853494799,,0.861478383678493,,,42
fc9a32755227c3357992,data/plantvillage/raw/color/Apple___healthy/4e817ac6-818a-431f-af6d-e44477f9b649___RS_HL 7616.JPG,healthy,0,g1447,s_reliability,reliability_val,gaussian_blur,504532771044227479,,,0.5855702785021818,,42
56d71cd45b5f64fb1d01,data/plantvillage/raw/color/Apple___healthy/4e817ac6-818a-431f-af6d-e44477f9b649___RS_HL 7616.JPG,healthy,0,g1447,s_reliability,reliability_val,gaussian_noise,7501607120797526877,,,,0.02531252212843504,42
0e324bf68a07276848fa,data/plantvillage/raw/color/Apple___healthy/4ffc00fe-a8ce-4103-9fab-30165684d8c5___RS_HL 7490.JPG,healthy,0,g1457,s_reliability,reliability_val,original,,,,,,42
bef78ef5a7748eae8e39,data/plantvillage/raw/color/Apple___healthy/4ffc00fe-a8ce-4103-9fab-30165684d8c5___RS_HL 7490.JPG,healthy,0,g1457,s_reliability,reliability_val,brightness,8965277051811695334,1.0886976116934013,,,,42
431f604de6cf6e529871,data/plantvillage/raw/color/Apple___healthy/4ffc00fe-a8ce-4103-9fab-30165684d8c5___RS_HL 7490.JPG,healthy,0,g1457,s_reliability,reliability_val,contrast,1554522888076616006,,0.7178376150358542,,,42
f252a155e5f9d6753293,data/plantvillage/raw/color/Apple___healthy/4ffc00fe-a8ce-4103-9fab-30165684d8c5___RS_HL 7490.JPG,healthy,0,g1457,s_reliability,reliability_val,gaussian_blur,2748145623421535822,,,1.4060595249914383,,42
fba00b91318e4d11e6ec,data/plantvillage/raw/color/Apple___healthy/4ffc00fe-a8ce-4103-9fab-30165684d8c5___RS_HL 7490.JPG,healthy,0,g1457,s_reliability,reliability_val,gaussian_noise,462896590816366934,,,,0.047153158880600045,42
dfcab7d2bce2d550ceb8,data/plantvillage/raw/color/Apple___healthy/51ad3661-ed25-4c8f-9f90-44f8f0f042e0___RS_HL 7645.JPG,healthy,0,g1466,s_reliability,reliability_train,original,,,,,,42
2ebdb1b0a95e4d05981f,data/plantvillage/raw/color/Apple___healthy/51ad3661-ed25-4c8f-9f90-44f8f0f042e0___RS_HL 7645.JPG,healthy,0,g1466,s_reliability,reliability_train,brightness,3165673064858696729,0.7414182785335581,,,,42
04d32120dae8932b7c69,data/plantvillage/raw/color/Apple___healthy/51ad3661-ed25-4c8f-9f90-44f8f0f042e0___RS_HL 7645.JPG,healthy,0,g1466,s_reliability,reliability_train,contrast,6057929921280189513,,1.2016337042170917,,,42
7c86c156417d27dd503f,data/plantvillage/raw/color/Apple___healthy/51ad3661-ed25-4c8f-9f90-44f8f0f042e0___RS_HL 7645.JPG,healthy,0,g1466,s_reliability,reliability_train,gaussian_blur,7638337203520799418,,,0.6834166568232849,,42
0e5c05b282ac6140cb8f,data/plantvillage/raw/color/Apple___healthy/51ad3661-ed25-4c8f-9f90-44f8f0f042e0___RS_HL 7645.JPG,healthy,0,g1466,s_reliability,reliability_train,gaussian_noise,2766239035338017498,,,,0.015578864432342798,42
756be669e872a4cc5396,data/plantvillage/raw/color/Apple___healthy/5348c7f1-02d4-40ae-989e-1537043644cf___RS_HL 7657.JPG,healthy,0,g1478,s_reliability,reliability_train,original,,,,,,42
ea2d705b1fc32261d708,data/plantvillage/raw/color/Apple___healthy/5348c7f1-02d4-40ae-989e-1537043644cf___RS_HL 7657.JPG,healthy,0,g1478,s_reliability,reliability_train,brightness,6359110260529476195,1.045731529517582,,,,42
bd7d2d1f71f8c2d2130d,data/plantvillage/raw/color/Apple___healthy/5348c7f1-02d4-40ae-989e-1537043644cf___RS_HL 7657.JPG,healthy,0,g1478,s_reliability,reliability_train,contrast,217541770573802525,,1.1981669504262342,,,42
3c69ba83f2977a54460c,data/plantvillage/raw/color/Apple___healthy/5348c7f1-02d4-40ae-989e-1537043644cf___RS_HL 7657.JPG,healthy,0,g1478,s_reliability,reliability_train,gaussian_blur,1988877725652765000,,,0.9819114453820889,,42
981b42c0e6b2086884fa,data/plantvillage/raw/color/Apple___healthy/5348c7f1-02d4-40ae-989e-1537043644cf___RS_HL 7657.JPG,healthy,0,g1478,s_reliability,reliability_train,gaussian_noise,494349574615025371,,,,0.039080262380177526,42
a002885e72727396b4a9,data/plantvillage/raw/color/Apple___healthy/53ad897b-864f-414f-84e7-0ea0ce53fa1d___RS_HL 7273.JPG,healthy,0,g1481,s_reliability,reliability_train,original,,,,,,42
8790cb443f20892a6166,data/plantvillage/raw/color/Apple___healthy/53ad897b-864f-414f-84e7-0ea0ce53fa1d___RS_HL 7273.JPG,healthy,0,g1481,s_reliability,reliability_train,brightness,1113252340624148348,0.8871686025162454,,,,42
5e8a6c60781418b186cc,data/plantvillage/raw/color/Apple___healthy/53ad897b-864f-414f-84e7-0ea0ce53fa1d___RS_HL 7273.JPG,healthy,0,g1481,s_reliability,reliability_train,contrast,2596376182190596817,,1.2257803369253724,,,42
060d0e85ce4b2a0826e4,data/plantvillage/raw/color/Apple___healthy/53ad897b-864f-414f-84e7-0ea0ce53fa1d___RS_HL 7273.JPG,healthy,0,g1481,s_reliability,reliability_train,gaussian_blur,8157573867186126205,,,0.9771442367444192,,42
2c94898b655221f6f32b,data/plantvillage/raw/color/Apple___healthy/53ad897b-864f-414f-84e7-0ea0ce53fa1d___RS_HL 7273.JPG,healthy,0,g1481,s_reliability,reliability_train,gaussian_noise,610073413191036128,,,,0.04537245464377365,42
2bd656c7dc901c1122f9,data/plantvillage/raw/color/Apple___healthy/53d09cc6-89ef-4180-a823-31c5f6566656___RS_HL 6070.JPG,healthy,0,g1483,s_reliability,reliability_val,original,,,,,,42
16898e28ec1b96a206ed,data/plantvillage/raw/color/Apple___healthy/53d09cc6-89ef-4180-a823-31c5f6566656___RS_HL 6070.JPG,healthy,0,g1483,s_reliability,reliability_val,brightness,2238701526703798451,0.9671397929189355,,,,42
f82dc967932655c1299a,data/plantvillage/raw/color/Apple___healthy/53d09cc6-89ef-4180-a823-31c5f6566656___RS_HL 6070.JPG,healthy,0,g1483,s_reliability,reliability_val,contrast,9131374616145801325,,0.8754488242035272,,,42
1d3c836d40f0c57ba72f,data/plantvillage/raw/color/Apple___healthy/53d09cc6-89ef-4180-a823-31c5f6566656___RS_HL 6070.JPG,healthy,0,g1483,s_reliability,reliability_val,gaussian_blur,7887380826148214169,,,0.6645919905507529,,42
e617bf1827d6b439e722,data/plantvillage/raw/color/Apple___healthy/53d09cc6-89ef-4180-a823-31c5f6566656___RS_HL 6070.JPG,healthy,0,g1483,s_reliability,reliability_val,gaussian_noise,5120092060712034611,,,,0.026919448147694647,42
ce007dea7325d47b5b61,data/plantvillage/raw/color/Apple___healthy/54c9c89e-7cb7-4c1e-8bbe-f33ca90df541___RS_HL 7766.JPG,healthy,0,g1484,s_reliability,reliability_train,original,,,,,,42
0f9a861f97ffb55ba710,data/plantvillage/raw/color/Apple___healthy/54c9c89e-7cb7-4c1e-8bbe-f33ca90df541___RS_HL 7766.JPG,healthy,0,g1484,s_reliability,reliability_train,brightness,3068897504643314368,1.0400154455227972,,,,42
d20258b401334e7dab6b,data/plantvillage/raw/color/Apple___healthy/54c9c89e-7cb7-4c1e-8bbe-f33ca90df541___RS_HL 7766.JPG,healthy,0,g1484,s_reliability,reliability_train,contrast,7704007147832224455,,1.0186487552692074,,,42
74d4e3efc9297bc0b4f8,data/plantvillage/raw/color/Apple___healthy/54c9c89e-7cb7-4c1e-8bbe-f33ca90df541___RS_HL 7766.JPG,healthy,0,g1484,s_reliability,reliability_train,gaussian_blur,4755359280625894804,,,1.2583801313193592,,42
f7272e9beb2446c3621c,data/plantvillage/raw/color/Apple___healthy/54c9c89e-7cb7-4c1e-8bbe-f33ca90df541___RS_HL 7766.JPG,healthy,0,g1484,s_reliability,reliability_train,gaussian_noise,4078785035294965766,,,,0.019052110458599177,42
8996fdcb5eeb24d61c0c,data/plantvillage/raw/color/Apple___healthy/567114a3-0ce7-42e3-8245-ca6f3e27cf43___RS_HL 8001.JPG,healthy,0,g1497,s_reliability,reliability_train,original,,,,,,42
f351fc7adeaec1f6f825,data/plantvillage/raw/color/Apple___healthy/567114a3-0ce7-42e3-8245-ca6f3e27cf43___RS_HL 8001.JPG,healthy,0,g1497,s_reliability,reliability_train,brightness,8088162282007623705,0.959139249982941,,,,42
0be561fb3617cd1a7b92,data/plantvillage/raw/color/Apple___healthy/567114a3-0ce7-42e3-8245-ca6f3e27cf43___RS_HL 8001.JPG,healthy,0,g1497,s_reliability,reliability_train,contrast,7609225866446402016,,1.2847478078294174,,,42
386f9c5885ba630fd613,data/plantvillage/raw/color/Apple___healthy/567114a3-0ce7-42e3-8245-ca6f3e27cf43___RS_HL 8001.JPG,healthy,0,g1497,s_reliability,reliability_train,gaussian_blur,7098207904840036793,,,0.5574318204788808,,42
cb626a0279ec13d1d38e,data/plantvillage/raw/color/Apple___healthy/567114a3-0ce7-42e3-8245-ca6f3e27cf43___RS_HL 8001.JPG,healthy,0,g1497,s_reliability,reliability_train,gaussian_noise,6256359453476808949,,,,0.049611426268527214,42
36d2bd585c3fe6175296,data/plantvillage/raw/color/Apple___healthy/56c024f5-844e-47d0-a936-d1617219125c___RS_HL 7776.JPG,healthy,0,g1501,s_reliability,reliability_train,original,,,,,,42
7228529e3248c4e8c412,data/plantvillage/raw/color/Apple___healthy/56c024f5-844e-47d0-a936-d1617219125c___RS_HL 7776.JPG,healthy,0,g1501,s_reliability,reliability_train,brightness,541501397559995801,0.785766551518446,,,,42
9ffd65a6036aeee6e247,data/plantvillage/raw/color/Apple___healthy/56c024f5-844e-47d0-a936-d1617219125c___RS_HL 7776.JPG,healthy,0,g1501,s_reliability,reliability_train,contrast,4600129455390426382,,1.1112737157049173,,,42
54d063f6555234211171,data/plantvillage/raw/color/Apple___healthy/56c024f5-844e-47d0-a936-d1617219125c___RS_HL 7776.JPG,healthy,0,g1501,s_reliability,reliability_train,gaussian_blur,1718581694196434915,,,1.0265063996198442,,42
452bf42617ae5e755c82,data/plantvillage/raw/color/Apple___healthy/56c024f5-844e-47d0-a936-d1617219125c___RS_HL 7776.JPG,healthy,0,g1501,s_reliability,reliability_train,gaussian_noise,1856449655640038766,,,,0.026434035084449338,42
469b33f1abfea5c70f1b,data/plantvillage/raw/color/Apple___healthy/5820f6e9-8564-4b16-b548-4565567b07c0___RS_HL 7793.JPG,healthy,0,g1509,s_reliability,reliability_val,original,,,,,,42
b5a00f29046fbe978373,data/plantvillage/raw/color/Apple___healthy/5820f6e9-8564-4b16-b548-4565567b07c0___RS_HL 7793.JPG,healthy,0,g1509,s_reliability,reliability_val,brightness,1665453520450782447,0.819205475262164,,,,42
4c2ce6542dab16c00bd5,data/plantvillage/raw/color/Apple___healthy/5820f6e9-8564-4b16-b548-4565567b07c0___RS_HL 7793.JPG,healthy,0,g1509,s_reliability,reliability_val,contrast,9123031017387689301,,0.9425647822581287,,,42
6e532070482dcf39bfb9,data/plantvillage/raw/color/Apple___healthy/5820f6e9-8564-4b16-b548-4565567b07c0___RS_HL 7793.JPG,healthy,0,g1509,s_reliability,reliability_val,gaussian_blur,2729061760565039708,,,1.0213164996446853,,42
ada8c3210e7bb3a0b09c,data/plantvillage/raw/color/Apple___healthy/5820f6e9-8564-4b16-b548-4565567b07c0___RS_HL 7793.JPG,healthy,0,g1509,s_reliability,reliability_val,gaussian_noise,3656273056936406663,,,,0.031881224960282006,42
d2bdfa398990bdc70fd0,data/plantvillage/raw/color/Apple___healthy/58bebbd8-1cfa-486b-86b3-64cf33697320___RS_HL 7651.JPG,healthy,0,g1512,s_reliability,reliability_val,original,,,,,,42
2c76eea49e4b2d8b6982,data/plantvillage/raw/color/Apple___healthy/58bebbd8-1cfa-486b-86b3-64cf33697320___RS_HL 7651.JPG,healthy,0,g1512,s_reliability,reliability_val,brightness,8318462555587832718,1.1105480448004454,,,,42
d6518df1d3439fa1e613,data/plantvillage/raw/color/Apple___healthy/58bebbd8-1cfa-486b-86b3-64cf33697320___RS_HL 7651.JPG,healthy,0,g1512,s_reliability,reliability_val,contrast,3219539688727839685,,1.2878230273667106,,,42
3b1d621caa12f185636b,data/plantvillage/raw/color/Apple___healthy/58bebbd8-1cfa-486b-86b3-64cf33697320___RS_HL 7651.JPG,healthy,0,g1512,s_reliability,reliability_val,gaussian_blur,3777490093566635183,,,0.9456380543459444,,42
11c2ab662ffd2b470083,data/plantvillage/raw/color/Apple___healthy/58bebbd8-1cfa-486b-86b3-64cf33697320___RS_HL 7651.JPG,healthy,0,g1512,s_reliability,reliability_val,gaussian_noise,9025296508272137029,,,,0.025173568652256263,42
938c47438d4e5a6da2c3,data/plantvillage/raw/color/Apple___healthy/5915bea7-aecc-4247-acfe-6e115e7c9836___RS_HL 7703.JPG,healthy,0,g1514,s_reliability,reliability_train,original,,,,,,42
b37fc6c9b843ec00cf68,data/plantvillage/raw/color/Apple___healthy/5915bea7-aecc-4247-acfe-6e115e7c9836___RS_HL 7703.JPG,healthy,0,g1514,s_reliability,reliability_train,brightness,4813658850703206446,0.8153170901584577,,,,42
d5fc3ac7eb6d01ba5e00,data/plantvillage/raw/color/Apple___healthy/5915bea7-aecc-4247-acfe-6e115e7c9836___RS_HL 7703.JPG,healthy,0,g1514,s_reliability,reliability_train,contrast,5539601601508599669,,1.2101504546396042,,,42
04aa4b7fca5f1db74ee6,data/plantvillage/raw/color/Apple___healthy/5915bea7-aecc-4247-acfe-6e115e7c9836___RS_HL 7703.JPG,healthy,0,g1514,s_reliability,reliability_train,gaussian_blur,1956446068504089844,,,0.8704087350923484,,42
2191a8413de50c092e9d,data/plantvillage/raw/color/Apple___healthy/5915bea7-aecc-4247-acfe-6e115e7c9836___RS_HL 7703.JPG,healthy,0,g1514,s_reliability,reliability_train,gaussian_noise,878659319579690382,,,,0.04813666508467836,42
ff5ac91f5185a82379cc,data/plantvillage/raw/color/Apple___healthy/5a92a89d-a10e-423c-aed8-8505e04e15dc___RS_HL 7836.JPG,healthy,0,g1522,s_reliability,reliability_train,original,,,,,,42
e4d3f4288f4797f83ded,data/plantvillage/raw/color/Apple___healthy/5a92a89d-a10e-423c-aed8-8505e04e15dc___RS_HL 7836.JPG,healthy,0,g1522,s_reliability,reliability_train,brightness,1520830202213271353,0.7105541686127609,,,,42
6f8352c8293a653d9e72,data/plantvillage/raw/color/Apple___healthy/5a92a89d-a10e-423c-aed8-8505e04e15dc___RS_HL 7836.JPG,healthy,0,g1522,s_reliability,reliability_train,contrast,7202220593507275012,,1.2666514892497158,,,42
2a6f91c403a4687e197a,data/plantvillage/raw/color/Apple___healthy/5a92a89d-a10e-423c-aed8-8505e04e15dc___RS_HL 7836.JPG,healthy,0,g1522,s_reliability,reliability_train,gaussian_blur,7586075286391560238,,,1.2198522228633966,,42
78d55e166b505600b09d,data/plantvillage/raw/color/Apple___healthy/5a92a89d-a10e-423c-aed8-8505e04e15dc___RS_HL 7836.JPG,healthy,0,g1522,s_reliability,reliability_train,gaussian_noise,2237914848724011583,,,,0.026075836441134287,42
054c81d313b2df8743af,data/plantvillage/raw/color/Apple___healthy/5dba053d-d3b0-49b9-babc-4f1e8e7d3f59___RS_HL 6235.JPG,healthy,0,g1542,s_reliability,reliability_train,original,,,,,,42
619b4b2bdefe6ccc496c,data/plantvillage/raw/color/Apple___healthy/5dba053d-d3b0-49b9-babc-4f1e8e7d3f59___RS_HL 6235.JPG,healthy,0,g1542,s_reliability,reliability_train,brightness,9180746232764080045,1.2735993753733963,,,,42
dae7a85ea32643a9c717,data/plantvillage/raw/color/Apple___healthy/5dba053d-d3b0-49b9-babc-4f1e8e7d3f59___RS_HL 6235.JPG,healthy,0,g1542,s_reliability,reliability_train,contrast,702612241584296332,,1.2713012610038763,,,42
7cd4245acce590c3f16c,data/plantvillage/raw/color/Apple___healthy/5dba053d-d3b0-49b9-babc-4f1e8e7d3f59___RS_HL 6235.JPG,healthy,0,g1542,s_reliability,reliability_train,gaussian_blur,6759611384020336553,,,1.4829724354902942,,42
d37cb5c853d26e00a5c7,data/plantvillage/raw/color/Apple___healthy/5dba053d-d3b0-49b9-babc-4f1e8e7d3f59___RS_HL 6235.JPG,healthy,0,g1542,s_reliability,reliability_train,gaussian_noise,6557061088614018559,,,,0.022804024882217944,42
f956f09b68034332ea2a,data/plantvillage/raw/color/Apple___healthy/5ded9dac-20e0-4e68-a202-43c6723c335d___RS_HL 6186.JPG,healthy,0,g1544,s_reliability,reliability_train,original,,,,,,42
4e17249a1e92c4066c6a,data/plantvillage/raw/color/Apple___healthy/5ded9dac-20e0-4e68-a202-43c6723c335d___RS_HL 6186.JPG,healthy,0,g1544,s_reliability,reliability_train,brightness,6698776600177037617,0.8143449480241347,,,,42
4aa4fc2aad7c79e521f7,data/plantvillage/raw/color/Apple___healthy/5ded9dac-20e0-4e68-a202-43c6723c335d___RS_HL 6186.JPG,healthy,0,g1544,s_reliability,reliability_train,contrast,4555699789360588498,,1.0861282301536361,,,42
e2e76ecf5afe85c680cf,data/plantvillage/raw/color/Apple___healthy/5ded9dac-20e0-4e68-a202-43c6723c335d___RS_HL 6186.JPG,healthy,0,g1544,s_reliability,reliability_train,gaussian_blur,5398747873461211392,,,0.8078967758601332,,42
9386b3d69127f5b9a329,data/plantvillage/raw/color/Apple___healthy/5ded9dac-20e0-4e68-a202-43c6723c335d___RS_HL 6186.JPG,healthy,0,g1544,s_reliability,reliability_train,gaussian_noise,8453326461897653036,,,,0.016840170508898,42
c4ad5cf92a746b9a48cc,data/plantvillage/raw/color/Apple___healthy/5fc41ba8-baf5-47ce-b6e5-3741dd3b154f___RS_HL 5965.JPG,healthy,0,g1555,s_reliability,reliability_val,original,,,,,,42
fd70d338c13b10c8b791,data/plantvillage/raw/color/Apple___healthy/5fc41ba8-baf5-47ce-b6e5-3741dd3b154f___RS_HL 5965.JPG,healthy,0,g1555,s_reliability,reliability_val,brightness,3848770044722356946,1.10300745867071,,,,42
1a340752d27e12a56021,data/plantvillage/raw/color/Apple___healthy/5fc41ba8-baf5-47ce-b6e5-3741dd3b154f___RS_HL 5965.JPG,healthy,0,g1555,s_reliability,reliability_val,contrast,6169332320879995814,,0.8130174467925076,,,42
1656140c4f50cbbd15e0,data/plantvillage/raw/color/Apple___healthy/5fc41ba8-baf5-47ce-b6e5-3741dd3b154f___RS_HL 5965.JPG,healthy,0,g1555,s_reliability,reliability_val,gaussian_blur,6246565240410994486,,,1.357733801647408,,42
3bbecbcac8cd70e02279,data/plantvillage/raw/color/Apple___healthy/5fc41ba8-baf5-47ce-b6e5-3741dd3b154f___RS_HL 5965.JPG,healthy,0,g1555,s_reliability,reliability_val,gaussian_noise,1205591697574462902,,,,0.04527162978220524,42
2ff76cc02d31b6d26983,data/plantvillage/raw/color/Apple___healthy/60a20878-4945-491b-adff-ca8829824261___RS_HL 5847.JPG,healthy,0,g1565,s_reliability,reliability_train,original,,,,,,42
19dda0a523fdf8a26ccb,data/plantvillage/raw/color/Apple___healthy/60a20878-4945-491b-adff-ca8829824261___RS_HL 5847.JPG,healthy,0,g1565,s_reliability,reliability_train,brightness,9046161888782899406,1.0170575221227374,,,,42
bcc373c4699b9e4d7f3c,data/plantvillage/raw/color/Apple___healthy/60a20878-4945-491b-adff-ca8829824261___RS_HL 5847.JPG,healthy,0,g1565,s_reliability,reliability_train,contrast,3744931820277286163,,1.0882339357678585,,,42
6ec1dcebc5cff60e2330,data/plantvillage/raw/color/Apple___healthy/60a20878-4945-491b-adff-ca8829824261___RS_HL 5847.JPG,healthy,0,g1565,s_reliability,reliability_train,gaussian_blur,1496450909663397664,,,0.9015543741573525,,42
8f0375e6fad2f280571a,data/plantvillage/raw/color/Apple___healthy/60a20878-4945-491b-adff-ca8829824261___RS_HL 5847.JPG,healthy,0,g1565,s_reliability,reliability_train,gaussian_noise,8009160448469391274,,,,0.03592810216359713,42
23f8d4797274059e8237,data/plantvillage/raw/color/Apple___healthy/61697828-b645-4f07-844a-dc9902713d3e___RS_HL 7363.JPG,healthy,0,g1569,s_reliability,reliability_train,original,,,,,,42
3b30f5d3d82cd3ff45bb,data/plantvillage/raw/color/Apple___healthy/61697828-b645-4f07-844a-dc9902713d3e___RS_HL 7363.JPG,healthy,0,g1569,s_reliability,reliability_train,brightness,4553213890440796,0.7127740746881823,,,,42
4524708380c141fed925,data/plantvillage/raw/color/Apple___healthy/61697828-b645-4f07-844a-dc9902713d3e___RS_HL 7363.JPG,healthy,0,g1569,s_reliability,reliability_train,contrast,6118654058088136555,,0.846232134548017,,,42
3d6cd6bc29e6b46e168e,data/plantvillage/raw/color/Apple___healthy/61697828-b645-4f07-844a-dc9902713d3e___RS_HL 7363.JPG,healthy,0,g1569,s_reliability,reliability_train,gaussian_blur,4507931789681029809,,,1.0979952126676378,,42
22b3007fa78dec978867,data/plantvillage/raw/color/Apple___healthy/61697828-b645-4f07-844a-dc9902713d3e___RS_HL 7363.JPG,healthy,0,g1569,s_reliability,reliability_train,gaussian_noise,8508861503649342078,,,,0.011897293378685765,42
c49d1d4eec350382346e,data/plantvillage/raw/color/Apple___healthy/62c6270f-9667-492e-be5b-ee599927718a___RS_HL 7671.JPG,healthy,0,g1578,s_reliability,reliability_train,original,,,,,,42
e9cad67a53b689980929,data/plantvillage/raw/color/Apple___healthy/62c6270f-9667-492e-be5b-ee599927718a___RS_HL 7671.JPG,healthy,0,g1578,s_reliability,reliability_train,brightness,3206698903280183814,1.245658470833784,,,,42
8e09095f1ea394ce1d6c,data/plantvillage/raw/color/Apple___healthy/62c6270f-9667-492e-be5b-ee599927718a___RS_HL 7671.JPG,healthy,0,g1578,s_reliability,reliability_train,contrast,311215401289934020,,1.1893121180558888,,,42
3d6cabd1965c61f4ba93,data/plantvillage/raw/color/Apple___healthy/62c6270f-9667-492e-be5b-ee599927718a___RS_HL 7671.JPG,healthy,0,g1578,s_reliability,reliability_train,gaussian_blur,6778085851040425589,,,0.5240264129173925,,42
ef0c2c66442614a48177,data/plantvillage/raw/color/Apple___healthy/62c6270f-9667-492e-be5b-ee599927718a___RS_HL 7671.JPG,healthy,0,g1578,s_reliability,reliability_train,gaussian_noise,7145615940980829406,,,,0.03255935120826167,42
4cee15cc085844ed827d,data/plantvillage/raw/color/Apple___healthy/62e8755e-c7c8-4eb9-b937-4dd4f1e14723___RS_HL 7339.JPG,healthy,0,g1580,s_reliability,reliability_train,original,,,,,,42
acbd83199f2449fa3685,data/plantvillage/raw/color/Apple___healthy/62e8755e-c7c8-4eb9-b937-4dd4f1e14723___RS_HL 7339.JPG,healthy,0,g1580,s_reliability,reliability_train,brightness,4474030306595499517,0.8232739501173341,,,,42
251de5703dc1540228c9,data/plantvillage/raw/color/Apple___healthy/62e8755e-c7c8-4eb9-b937-4dd4f1e14723___RS_HL 7339.JPG,healthy,0,g1580,s_reliability,reliability_train,contrast,1785614443469663418,,1.2044977120316895,,,42
0ffc42a93aeb55d70c4a,data/plantvillage/raw/color/Apple___healthy/62e8755e-c7c8-4eb9-b937-4dd4f1e14723___RS_HL 7339.JPG,healthy,0,g1580,s_reliability,reliability_train,gaussian_blur,3187969662926004872,,,1.3302162597939335,,42
90789847eb6006f8bd6b,data/plantvillage/raw/color/Apple___healthy/62e8755e-c7c8-4eb9-b937-4dd4f1e14723___RS_HL 7339.JPG,healthy,0,g1580,s_reliability,reliability_train,gaussian_noise,2583743789454976824,,,,0.014228341233709751,42
5705d8f7a99cc4f30577,data/plantvillage/raw/color/Apple___healthy/643e172f-02bf-4021-9587-6cfd21c8a344___RS_HL 6053.JPG,healthy,0,g1586,s_reliability,reliability_train,original,,,,,,42
7d29655d52d5290a7502,data/plantvillage/raw/color/Apple___healthy/643e172f-02bf-4021-9587-6cfd21c8a344___RS_HL 6053.JPG,healthy,0,g1586,s_reliability,reliability_train,brightness,4027836987365189007,0.9665707600829745,,,,42
e697b07c76b3ee510a65,data/plantvillage/raw/color/Apple___healthy/643e172f-02bf-4021-9587-6cfd21c8a344___RS_HL 6053.JPG,healthy,0,g1586,s_reliability,reliability_train,contrast,4480820476796363203,,0.7843017752131747,,,42
121e7c2bdcd578b7c174,data/plantvillage/raw/color/Apple___healthy/643e172f-02bf-4021-9587-6cfd21c8a344___RS_HL 6053.JPG,healthy,0,g1586,s_reliability,reliability_train,gaussian_blur,879020309806117943,,,1.1066442153148397,,42
056c24f0b793a27728cf,data/plantvillage/raw/color/Apple___healthy/643e172f-02bf-4021-9587-6cfd21c8a344___RS_HL 6053.JPG,healthy,0,g1586,s_reliability,reliability_train,gaussian_noise,1742599745733844233,,,,0.0340727072399673,42
d50ce1f515dc67c06d93,data/plantvillage/raw/color/Apple___healthy/65a6866e-a6ea-46d5-a8ca-413f98cd8b7a___RS_HL 5817.JPG,healthy,0,g1591,s_reliability,reliability_train,original,,,,,,42
1950a4a8f36b62454194,data/plantvillage/raw/color/Apple___healthy/65a6866e-a6ea-46d5-a8ca-413f98cd8b7a___RS_HL 5817.JPG,healthy,0,g1591,s_reliability,reliability_train,brightness,983194984890588393,0.9465294319501985,,,,42
c612d4ece9858e73f831,data/plantvillage/raw/color/Apple___healthy/65a6866e-a6ea-46d5-a8ca-413f98cd8b7a___RS_HL 5817.JPG,healthy,0,g1591,s_reliability,reliability_train,contrast,7734915965148239532,,0.812220154377498,,,42
f2d5c9c4593efe0082ca,data/plantvillage/raw/color/Apple___healthy/65a6866e-a6ea-46d5-a8ca-413f98cd8b7a___RS_HL 5817.JPG,healthy,0,g1591,s_reliability,reliability_train,gaussian_blur,7351807212792895188,,,1.4036627690165902,,42
f96c152e64dbeb31e81b,data/plantvillage/raw/color/Apple___healthy/65a6866e-a6ea-46d5-a8ca-413f98cd8b7a___RS_HL 5817.JPG,healthy,0,g1591,s_reliability,reliability_train,gaussian_noise,1802616994174151263,,,,0.015917843262082468,42
8280201ccfa571f3c75f,data/plantvillage/raw/color/Apple___healthy/682b3d72-607f-404f-b9e8-48acc1574f41___RS_HL 7419.JPG,healthy,0,g1604,s_reliability,reliability_val,original,,,,,,42
31b0ed1cfaae953027e1,data/plantvillage/raw/color/Apple___healthy/682b3d72-607f-404f-b9e8-48acc1574f41___RS_HL 7419.JPG,healthy,0,g1604,s_reliability,reliability_val,brightness,3042372791019992581,1.2285266294556647,,,,42
493798e82e94ea95a3f0,data/plantvillage/raw/color/Apple___healthy/682b3d72-607f-404f-b9e8-48acc1574f41___RS_HL 7419.JPG,healthy,0,g1604,s_reliability,reliability_val,contrast,5457156303165301251,,1.0038784156727072,,,42
0eb905bcff918e081ab1,data/plantvillage/raw/color/Apple___healthy/682b3d72-607f-404f-b9e8-48acc1574f41___RS_HL 7419.JPG,healthy,0,g1604,s_reliability,reliability_val,gaussian_blur,8273758236353462374,,,0.8389809067335718,,42
26542484c30b2bb9d8b2,data/plantvillage/raw/color/Apple___healthy/682b3d72-607f-404f-b9e8-48acc1574f41___RS_HL 7419.JPG,healthy,0,g1604,s_reliability,reliability_val,gaussian_noise,4486354613231312511,,,,0.01878348383651072,42
fee2aaa8b11fa594f92c,data/plantvillage/raw/color/Apple___healthy/688b1671-7399-46a1-b93e-53b11cf210f7___RS_HL 7842.JPG,healthy,0,g1608,s_reliability,reliability_train,original,,,,,,42
d01c406f4322d49de387,data/plantvillage/raw/color/Apple___healthy/688b1671-7399-46a1-b93e-53b11cf210f7___RS_HL 7842.JPG,healthy,0,g1608,s_reliability,reliability_train,brightness,2676501946423293547,1.2236224507668134,,,,42
d04883df8f4af14b1a23,data/plantvillage/raw/color/Apple___healthy/688b1671-7399-46a1-b93e-53b11cf210f7___RS_HL 7842.JPG,healthy,0,g1608,s_reliability,reliability_train,contrast,635364943235897498,,0.8023841006687206,,,42
23d520f215f2441092ef,data/plantvillage/raw/color/Apple___healthy/688b1671-7399-46a1-b93e-53b11cf210f7___RS_HL 7842.JPG,healthy,0,g1608,s_reliability,reliability_train,gaussian_blur,3547875458991845162,,,0.8340288240771796,,42
d1a93b268d4ca16100e3,data/plantvillage/raw/color/Apple___healthy/688b1671-7399-46a1-b93e-53b11cf210f7___RS_HL 7842.JPG,healthy,0,g1608,s_reliability,reliability_train,gaussian_noise,2901055583425020879,,,,0.03235823905491634,42
c8f4b75f4a1a13f606e4,data/plantvillage/raw/color/Apple___healthy/6b11324f-6b70-40d7-9cd2-f7d36b0c69cd___RS_HL 7431.JPG,healthy,0,g1624,s_reliability,reliability_train,original,,,,,,42
a318574085db3bda0606,data/plantvillage/raw/color/Apple___healthy/6b11324f-6b70-40d7-9cd2-f7d36b0c69cd___RS_HL 7431.JPG,healthy,0,g1624,s_reliability,reliability_train,brightness,3868479921522050785,0.947207896660402,,,,42
f86d4cf6748724983edb,data/plantvillage/raw/color/Apple___healthy/6b11324f-6b70-40d7-9cd2-f7d36b0c69cd___RS_HL 7431.JPG,healthy,0,g1624,s_reliability,reliability_train,contrast,858441112036798557,,0.8741820402882413,,,42
40d58ec51a076a6b5611,data/plantvillage/raw/color/Apple___healthy/6b11324f-6b70-40d7-9cd2-f7d36b0c69cd___RS_HL 7431.JPG,healthy,0,g1624,s_reliability,reliability_train,gaussian_blur,4454891848424644955,,,0.5717394462692422,,42
f756ef0483e0fb8dcfe0,data/plantvillage/raw/color/Apple___healthy/6b11324f-6b70-40d7-9cd2-f7d36b0c69cd___RS_HL 7431.JPG,healthy,0,g1624,s_reliability,reliability_train,gaussian_noise,6571650671872303284,,,,0.021041112580680386,42
6c6b86b430b397df3ae8,data/plantvillage/raw/color/Apple___healthy/6dd6bf2b-b606-46fd-af76-6c9166c7d626___RS_HL 7276.JPG,healthy,0,g1630,s_reliability,reliability_train,original,,,,,,42
30d2a739863c3c07dd31,data/plantvillage/raw/color/Apple___healthy/6dd6bf2b-b606-46fd-af76-6c9166c7d626___RS_HL 7276.JPG,healthy,0,g1630,s_reliability,reliability_train,brightness,7121332562574220602,0.9255306096609139,,,,42
46a9fed817f082bbdefb,data/plantvillage/raw/color/Apple___healthy/6dd6bf2b-b606-46fd-af76-6c9166c7d626___RS_HL 7276.JPG,healthy,0,g1630,s_reliability,reliability_train,contrast,8719202720325631914,,0.9397585220552213,,,42
2106e7b76e2cddae2c40,data/plantvillage/raw/color/Apple___healthy/6dd6bf2b-b606-46fd-af76-6c9166c7d626___RS_HL 7276.JPG,healthy,0,g1630,s_reliability,reliability_train,gaussian_blur,2129392217765690931,,,0.6750079551887821,,42
5e5cbdb026e2e0bb2f20,data/plantvillage/raw/color/Apple___healthy/6dd6bf2b-b606-46fd-af76-6c9166c7d626___RS_HL 7276.JPG,healthy,0,g1630,s_reliability,reliability_train,gaussian_noise,3965098531213667549,,,,0.032511991364121744,42
62637f3e874bba88e8b8,data/plantvillage/raw/color/Apple___healthy/7007d57a-a05a-41b5-a80f-9fe33debaf1a___RS_HL 7354.JPG,healthy,0,g1639,s_reliability,reliability_train,original,,,,,,42
5552cc9a0ab4a9519c21,data/plantvillage/raw/color/Apple___healthy/7007d57a-a05a-41b5-a80f-9fe33debaf1a___RS_HL 7354.JPG,healthy,0,g1639,s_reliability,reliability_train,brightness,2071621706127865055,1.215981187750525,,,,42
a23db5daf89d8b333b30,data/plantvillage/raw/color/Apple___healthy/7007d57a-a05a-41b5-a80f-9fe33debaf1a___RS_HL 7354.JPG,healthy,0,g1639,s_reliability,reliability_train,contrast,8861365151044404140,,0.9904059655569724,,,42
a0be6866ea8af0b90e2d,data/plantvillage/raw/color/Apple___healthy/7007d57a-a05a-41b5-a80f-9fe33debaf1a___RS_HL 7354.JPG,healthy,0,g1639,s_reliability,reliability_train,gaussian_blur,2887271617519179745,,,1.1152802214830588,,42
e10ba82cd3ebdf87a0b3,data/plantvillage/raw/color/Apple___healthy/7007d57a-a05a-41b5-a80f-9fe33debaf1a___RS_HL 7354.JPG,healthy,0,g1639,s_reliability,reliability_train,gaussian_noise,3878149075681198178,,,,0.02916067136295307,42
7dfab821c1213630343d,data/plantvillage/raw/color/Apple___healthy/70491e38-2a9e-4fb7-9ab5-dfa49d46b202___RS_HL 7758.JPG,healthy,0,g1640,s_reliability,reliability_train,original,,,,,,42
2a265d5cdf76b91132a9,data/plantvillage/raw/color/Apple___healthy/70491e38-2a9e-4fb7-9ab5-dfa49d46b202___RS_HL 7758.JPG,healthy,0,g1640,s_reliability,reliability_train,brightness,8787338008446775969,0.9260242709492961,,,,42
d14e3124e25be18b90a2,data/plantvillage/raw/color/Apple___healthy/70491e38-2a9e-4fb7-9ab5-dfa49d46b202___RS_HL 7758.JPG,healthy,0,g1640,s_reliability,reliability_train,contrast,3617451204796488155,,1.0359099625955137,,,42
c5d8ceef5466db6213c4,data/plantvillage/raw/color/Apple___healthy/70491e38-2a9e-4fb7-9ab5-dfa49d46b202___RS_HL 7758.JPG,healthy,0,g1640,s_reliability,reliability_train,gaussian_blur,4638972763124595631,,,0.6834035612170918,,42
d9867d0deabf61d6bbaa,data/plantvillage/raw/color/Apple___healthy/70491e38-2a9e-4fb7-9ab5-dfa49d46b202___RS_HL 7758.JPG,healthy,0,g1640,s_reliability,reliability_train,gaussian_noise,4501340090217783592,,,,0.020263412973000577,42
db76304e141648d6bb0f,data/plantvillage/raw/color/Apple___healthy/74bda678-63b6-44fb-8e8f-259788239618___RS_HL 5830.JPG,healthy,0,g1666,s_reliability,reliability_val,original,,,,,,42
25599d7bd9bd9252ad55,data/plantvillage/raw/color/Apple___healthy/74bda678-63b6-44fb-8e8f-259788239618___RS_HL 5830.JPG,healthy,0,g1666,s_reliability,reliability_val,brightness,8354729676495637886,1.207860540290557,,,,42
1e8ac5cf52c3d3498b67,data/plantvillage/raw/color/Apple___healthy/74bda678-63b6-44fb-8e8f-259788239618___RS_HL 5830.JPG,healthy,0,g1666,s_reliability,reliability_val,contrast,7522526750397469942,,0.8785054656281108,,,42
6cf4101d8888838bd75c,data/plantvillage/raw/color/Apple___healthy/74bda678-63b6-44fb-8e8f-259788239618___RS_HL 5830.JPG,healthy,0,g1666,s_reliability,reliability_val,gaussian_blur,2164098246229587426,,,0.7293104970803048,,42
6fe2dd462393deb9b7dc,data/plantvillage/raw/color/Apple___healthy/74bda678-63b6-44fb-8e8f-259788239618___RS_HL 5830.JPG,healthy,0,g1666,s_reliability,reliability_val,gaussian_noise,5234303615009274950,,,,0.04604918583585833,42
bfc3c3347abccaa0eb40,data/plantvillage/raw/color/Apple___healthy/7671e6ca-f9a9-4657-a96a-1bcf0df3abe7___RS_HL 6231.JPG,healthy,0,g1683,s_reliability,reliability_train,original,,,,,,42
40a22dd7529c975fdc29,data/plantvillage/raw/color/Apple___healthy/7671e6ca-f9a9-4657-a96a-1bcf0df3abe7___RS_HL 6231.JPG,healthy,0,g1683,s_reliability,reliability_train,brightness,2568053198855927744,1.06684715511878,,,,42
67e7c638f3e23db0a7b7,data/plantvillage/raw/color/Apple___healthy/7671e6ca-f9a9-4657-a96a-1bcf0df3abe7___RS_HL 6231.JPG,healthy,0,g1683,s_reliability,reliability_train,contrast,6087336636125829222,,0.8965795062677628,,,42
0dad5db4b05ad8de7ffb,data/plantvillage/raw/color/Apple___healthy/7671e6ca-f9a9-4657-a96a-1bcf0df3abe7___RS_HL 6231.JPG,healthy,0,g1683,s_reliability,reliability_train,gaussian_blur,2241253917325606941,,,0.5571744632299291,,42
41f98bf85b9cf03036f5,data/plantvillage/raw/color/Apple___healthy/7671e6ca-f9a9-4657-a96a-1bcf0df3abe7___RS_HL 6231.JPG,healthy,0,g1683,s_reliability,reliability_train,gaussian_noise,5941119765925625453,,,,0.03920457942774523,42
66bab726da9a4c70b642,data/plantvillage/raw/color/Apple___healthy/77273304-be77-4b74-a4ed-cd42826f4635___RS_HL 8178.JPG,healthy,0,g1689,s_reliability,reliability_train,original,,,,,,42
56350bfe255c9866cc9b,data/plantvillage/raw/color/Apple___healthy/77273304-be77-4b74-a4ed-cd42826f4635___RS_HL 8178.JPG,healthy,0,g1689,s_reliability,reliability_train,brightness,925772265463839786,0.8789070931289287,,,,42
956427552dc5c5856662,data/plantvillage/raw/color/Apple___healthy/77273304-be77-4b74-a4ed-cd42826f4635___RS_HL 8178.JPG,healthy,0,g1689,s_reliability,reliability_train,contrast,5668153979025068303,,0.8086133881916739,,,42
a8a803a3519dca51b3e6,data/plantvillage/raw/color/Apple___healthy/77273304-be77-4b74-a4ed-cd42826f4635___RS_HL 8178.JPG,healthy,0,g1689,s_reliability,reliability_train,gaussian_blur,1824845727553203789,,,0.966528495953287,,42
bdaf035f59b1ca00dbf5,data/plantvillage/raw/color/Apple___healthy/77273304-be77-4b74-a4ed-cd42826f4635___RS_HL 8178.JPG,healthy,0,g1689,s_reliability,reliability_train,gaussian_noise,721288192030575115,,,,0.027337485524234505,42
be341a1d2f52c5bbb3a2,data/plantvillage/raw/color/Apple___healthy/772e7314-c24e-4126-aa12-224b27098319___RS_HL 5663.JPG,healthy,0,g1690,s_reliability,reliability_train,original,,,,,,42
25a0e74764d512b36044,data/plantvillage/raw/color/Apple___healthy/772e7314-c24e-4126-aa12-224b27098319___RS_HL 5663.JPG,healthy,0,g1690,s_reliability,reliability_train,brightness,6525611451130918285,1.2739090785046931,,,,42
497cd4fca83db3274031,data/plantvillage/raw/color/Apple___healthy/772e7314-c24e-4126-aa12-224b27098319___RS_HL 5663.JPG,healthy,0,g1690,s_reliability,reliability_train,contrast,6541153134783984717,,0.9159047233775282,,,42
54bbb9d2481014bf7007,data/plantvillage/raw/color/Apple___healthy/772e7314-c24e-4126-aa12-224b27098319___RS_HL 5663.JPG,healthy,0,g1690,s_reliability,reliability_train,gaussian_blur,1053296519042487790,,,0.6803326294852688,,42
1ec12cd43eceab816d2d,data/plantvillage/raw/color/Apple___healthy/772e7314-c24e-4126-aa12-224b27098319___RS_HL 5663.JPG,healthy,0,g1690,s_reliability,reliability_train,gaussian_noise,8641491889984266806,,,,0.026246528427929947,42
acf2add78aa95fcb4789,data/plantvillage/raw/color/Apple___healthy/777d6fd1-feb3-4dac-afa7-79b507d48ffa___RS_HL 5859.JPG,healthy,0,g1692,s_reliability,reliability_train,original,,,,,,42
036e9327bb71a85d2704,data/plantvillage/raw/color/Apple___healthy/777d6fd1-feb3-4dac-afa7-79b507d48ffa___RS_HL 5859.JPG,healthy,0,g1692,s_reliability,reliability_train,brightness,510693475742337781,0.9988266236926207,,,,42
48ba290ab0c1b0720c8c,data/plantvillage/raw/color/Apple___healthy/777d6fd1-feb3-4dac-afa7-79b507d48ffa___RS_HL 5859.JPG,healthy,0,g1692,s_reliability,reliability_train,contrast,7229913262090452369,,1.0155887063914888,,,42
724b7709a4c8d2857cfd,data/plantvillage/raw/color/Apple___healthy/777d6fd1-feb3-4dac-afa7-79b507d48ffa___RS_HL 5859.JPG,healthy,0,g1692,s_reliability,reliability_train,gaussian_blur,1065079050517430028,,,0.6128414056768683,,42
9c31736c3d3776292b0a,data/plantvillage/raw/color/Apple___healthy/777d6fd1-feb3-4dac-afa7-79b507d48ffa___RS_HL 5859.JPG,healthy,0,g1692,s_reliability,reliability_train,gaussian_noise,6202070551490669704,,,,0.03831151589816529,42
f5dfb6ff4ac84392e939,data/plantvillage/raw/color/Apple___healthy/77dcceb4-6a47-42b6-837a-0b60999cd2d1___RS_HL 7471.JPG,healthy,0,g1698,s_reliability,reliability_train,original,,,,,,42
1e12493cc372f36ee5c9,data/plantvillage/raw/color/Apple___healthy/77dcceb4-6a47-42b6-837a-0b60999cd2d1___RS_HL 7471.JPG,healthy,0,g1698,s_reliability,reliability_train,brightness,1970191286625249840,1.1072611014568954,,,,42
7042567355dd393e5edc,data/plantvillage/raw/color/Apple___healthy/77dcceb4-6a47-42b6-837a-0b60999cd2d1___RS_HL 7471.JPG,healthy,0,g1698,s_reliability,reliability_train,contrast,7203960130090820988,,1.1945294529388388,,,42
e727b38dca4ec2cbafcc,data/plantvillage/raw/color/Apple___healthy/77dcceb4-6a47-42b6-837a-0b60999cd2d1___RS_HL 7471.JPG,healthy,0,g1698,s_reliability,reliability_train,gaussian_blur,3269117759306177396,,,1.149139426924851,,42
4f72d7145d4e20122118,data/plantvillage/raw/color/Apple___healthy/77dcceb4-6a47-42b6-837a-0b60999cd2d1___RS_HL 7471.JPG,healthy,0,g1698,s_reliability,reliability_train,gaussian_noise,2868177552483715581,,,,0.035047558001354236,42
b7562aaa635bccb621b5,data/plantvillage/raw/color/Apple___healthy/7a5ad785-c05e-49bd-b1e0-4d9405bedfb5___RS_HL 7804.JPG,healthy,0,g1712,s_reliability,reliability_train,original,,,,,,42
2c5313ff155ecf26238f,data/plantvillage/raw/color/Apple___healthy/7a5ad785-c05e-49bd-b1e0-4d9405bedfb5___RS_HL 7804.JPG,healthy,0,g1712,s_reliability,reliability_train,brightness,1604897318618125669,1.1220735716507304,,,,42
339b645169bf594abf4e,data/plantvillage/raw/color/Apple___healthy/7a5ad785-c05e-49bd-b1e0-4d9405bedfb5___RS_HL 7804.JPG,healthy,0,g1712,s_reliability,reliability_train,contrast,8397058424270068818,,0.8098436377224171,,,42
7f7e582bca0d3f030262,data/plantvillage/raw/color/Apple___healthy/7a5ad785-c05e-49bd-b1e0-4d9405bedfb5___RS_HL 7804.JPG,healthy,0,g1712,s_reliability,reliability_train,gaussian_blur,9219420852774414020,,,0.5290412297267945,,42
c1ddd21cfa764084aca3,data/plantvillage/raw/color/Apple___healthy/7a5ad785-c05e-49bd-b1e0-4d9405bedfb5___RS_HL 7804.JPG,healthy,0,g1712,s_reliability,reliability_train,gaussian_noise,6280340153829253972,,,,0.04609581619717097,42
5cb2b78374c622dcf48c,data/plantvillage/raw/color/Apple___healthy/7c388477-2953-4b3d-8f22-7f9eed5fff5c___RS_HL 7527.JPG,healthy,0,g1725,s_reliability,reliability_train,original,,,,,,42
147cd5de1bf9b287a210,data/plantvillage/raw/color/Apple___healthy/7c388477-2953-4b3d-8f22-7f9eed5fff5c___RS_HL 7527.JPG,healthy,0,g1725,s_reliability,reliability_train,brightness,3223485374606188688,1.2041985876420518,,,,42
d6dc56ba293941b21aa4,data/plantvillage/raw/color/Apple___healthy/7c388477-2953-4b3d-8f22-7f9eed5fff5c___RS_HL 7527.JPG,healthy,0,g1725,s_reliability,reliability_train,contrast,5571053278352681525,,0.7757712870291704,,,42
2a8cbada13c42f5a90b1,data/plantvillage/raw/color/Apple___healthy/7c388477-2953-4b3d-8f22-7f9eed5fff5c___RS_HL 7527.JPG,healthy,0,g1725,s_reliability,reliability_train,gaussian_blur,6667656703383072614,,,1.09603715371721,,42
ce53806a886069f06217,data/plantvillage/raw/color/Apple___healthy/7c388477-2953-4b3d-8f22-7f9eed5fff5c___RS_HL 7527.JPG,healthy,0,g1725,s_reliability,reliability_train,gaussian_noise,7822252749604465707,,,,0.03575452947350419,42
440f1eb228743354fed7,data/plantvillage/raw/color/Apple___healthy/7ea27d6d-f7a0-44b3-b6a2-f24455deb48b___RS_HL 7589.JPG,healthy,0,g1736,s_reliability,reliability_val,original,,,,,,42
2734ca607fd70455034e,data/plantvillage/raw/color/Apple___healthy/7ea27d6d-f7a0-44b3-b6a2-f24455deb48b___RS_HL 7589.JPG,healthy,0,g1736,s_reliability,reliability_val,brightness,8461396108859844478,0.7365126531468182,,,,42
cef48b3577dc5e0a01e3,data/plantvillage/raw/color/Apple___healthy/7ea27d6d-f7a0-44b3-b6a2-f24455deb48b___RS_HL 7589.JPG,healthy,0,g1736,s_reliability,reliability_val,contrast,6570767950816044419,,1.082659119312884,,,42
52e59b9f60ced82ea9ef,data/plantvillage/raw/color/Apple___healthy/7ea27d6d-f7a0-44b3-b6a2-f24455deb48b___RS_HL 7589.JPG,healthy,0,g1736,s_reliability,reliability_val,gaussian_blur,4189166333204638915,,,1.1444246746815927,,42
7eaa49ccf8707e04d511,data/plantvillage/raw/color/Apple___healthy/7ea27d6d-f7a0-44b3-b6a2-f24455deb48b___RS_HL 7589.JPG,healthy,0,g1736,s_reliability,reliability_val,gaussian_noise,6693634688655919635,,,,0.01225544827394252,42
63e62dc16eadcb09efc5,data/plantvillage/raw/color/Apple___healthy/7f447118-8a9c-4e77-8333-d411d1124c7f___RS_HL 5849.JPG,healthy,0,g1739,s_reliability,reliability_train,original,,,,,,42
237119d24042859fe750,data/plantvillage/raw/color/Apple___healthy/7f447118-8a9c-4e77-8333-d411d1124c7f___RS_HL 5849.JPG,healthy,0,g1739,s_reliability,reliability_train,brightness,4559969354747361765,1.176140409009688,,,,42
3329ae88688f86e4b74e,data/plantvillage/raw/color/Apple___healthy/7f447118-8a9c-4e77-8333-d411d1124c7f___RS_HL 5849.JPG,healthy,0,g1739,s_reliability,reliability_train,contrast,857716227801718330,,1.2739113638626567,,,42
153abe96744be0a2c687,data/plantvillage/raw/color/Apple___healthy/7f447118-8a9c-4e77-8333-d411d1124c7f___RS_HL 5849.JPG,healthy,0,g1739,s_reliability,reliability_train,gaussian_blur,8558102354260090045,,,1.4402705044855328,,42
792e8258089cc2d943c2,data/plantvillage/raw/color/Apple___healthy/7f447118-8a9c-4e77-8333-d411d1124c7f___RS_HL 5849.JPG,healthy,0,g1739,s_reliability,reliability_train,gaussian_noise,2061329993026902096,,,,0.012156087108141055,42
f4b11ececbaf6bcb1f76,data/plantvillage/raw/color/Apple___healthy/8042447f-f615-4683-b8fc-267e746a4744___RS_HL 7820.JPG,healthy,0,g1747,s_reliability,reliability_train,original,,,,,,42
9c76ff17793cfb104d46,data/plantvillage/raw/color/Apple___healthy/8042447f-f615-4683-b8fc-267e746a4744___RS_HL 7820.JPG,healthy,0,g1747,s_reliability,reliability_train,brightness,3362727343854424021,0.9969025343491731,,,,42
e33aac1c56cf74274508,data/plantvillage/raw/color/Apple___healthy/8042447f-f615-4683-b8fc-267e746a4744___RS_HL 7820.JPG,healthy,0,g1747,s_reliability,reliability_train,contrast,5474877740709770939,,1.2475215145269782,,,42
dc14f276323d1eea2803,data/plantvillage/raw/color/Apple___healthy/8042447f-f615-4683-b8fc-267e746a4744___RS_HL 7820.JPG,healthy,0,g1747,s_reliability,reliability_train,gaussian_blur,4121906129337101089,,,0.8879106841293843,,42
00c10df868720e5baf01,data/plantvillage/raw/color/Apple___healthy/8042447f-f615-4683-b8fc-267e746a4744___RS_HL 7820.JPG,healthy,0,g1747,s_reliability,reliability_train,gaussian_noise,7265155174349985714,,,,0.030500196357401768,42
b45398e12bf0ddf3ad0a,data/plantvillage/raw/color/Apple___healthy/81bf7931-e6d7-4f6d-aae5-9de7d0c4ae33___RS_HL 7893.JPG,healthy,0,g1757,s_reliability,reliability_val,original,,,,,,42
985310a493f033f2a1f9,data/plantvillage/raw/color/Apple___healthy/81bf7931-e6d7-4f6d-aae5-9de7d0c4ae33___RS_HL 7893.JPG,healthy,0,g1757,s_reliability,reliability_val,brightness,4501925940684797647,0.7394327246360354,,,,42
4e30bde41aea52007cd6,data/plantvillage/raw/color/Apple___healthy/81bf7931-e6d7-4f6d-aae5-9de7d0c4ae33___RS_HL 7893.JPG,healthy,0,g1757,s_reliability,reliability_val,contrast,4732947288737176290,,0.7364563645374665,,,42
62f3c7f5c735308ecf7c,data/plantvillage/raw/color/Apple___healthy/81bf7931-e6d7-4f6d-aae5-9de7d0c4ae33___RS_HL 7893.JPG,healthy,0,g1757,s_reliability,reliability_val,gaussian_blur,5235676522751155221,,,0.8153389941494824,,42
dfc904c7d802fb1f1be9,data/plantvillage/raw/color/Apple___healthy/81bf7931-e6d7-4f6d-aae5-9de7d0c4ae33___RS_HL 7893.JPG,healthy,0,g1757,s_reliability,reliability_val,gaussian_noise,4096262201804750935,,,,0.04713442708140202,42
d67f1170a29c33532acb,data/plantvillage/raw/color/Apple___healthy/8201f21f-cd54-4ff6-9fc7-f3e97b0a8b42___RS_HL 8077.JPG,healthy,0,g1759,s_reliability,reliability_train,original,,,,,,42
c76bf23f3cefdcfaf5ae,data/plantvillage/raw/color/Apple___healthy/8201f21f-cd54-4ff6-9fc7-f3e97b0a8b42___RS_HL 8077.JPG,healthy,0,g1759,s_reliability,reliability_train,brightness,7085768647861312085,1.078993010580627,,,,42
9ab15db4c23df754cb1e,data/plantvillage/raw/color/Apple___healthy/8201f21f-cd54-4ff6-9fc7-f3e97b0a8b42___RS_HL 8077.JPG,healthy,0,g1759,s_reliability,reliability_train,contrast,6726328180983986845,,1.130735223542589,,,42
b22e7f1746830c05a354,data/plantvillage/raw/color/Apple___healthy/8201f21f-cd54-4ff6-9fc7-f3e97b0a8b42___RS_HL 8077.JPG,healthy,0,g1759,s_reliability,reliability_train,gaussian_blur,8895324890442009947,,,1.245501110710363,,42
4567728fac1a0827da8d,data/plantvillage/raw/color/Apple___healthy/8201f21f-cd54-4ff6-9fc7-f3e97b0a8b42___RS_HL 8077.JPG,healthy,0,g1759,s_reliability,reliability_train,gaussian_noise,4120115303559709157,,,,0.02215336252473238,42
065c1f38138fde6d43c9,data/plantvillage/raw/color/Apple___healthy/826bd506-04f2-424d-89da-7fe6ad6926b2___RS_HL 5757.JPG,healthy,0,g1760,s_reliability,reliability_train,original,,,,,,42
9fc824e93065e9fc60a2,data/plantvillage/raw/color/Apple___healthy/826bd506-04f2-424d-89da-7fe6ad6926b2___RS_HL 5757.JPG,healthy,0,g1760,s_reliability,reliability_train,brightness,372664427268121784,0.9674453486671806,,,,42
d1a1233527572ac0c136,data/plantvillage/raw/color/Apple___healthy/826bd506-04f2-424d-89da-7fe6ad6926b2___RS_HL 5757.JPG,healthy,0,g1760,s_reliability,reliability_train,contrast,8462381416327046229,,0.9342141410845698,,,42
23f7c908257ed95e06e5,data/plantvillage/raw/color/Apple___healthy/826bd506-04f2-424d-89da-7fe6ad6926b2___RS_HL 5757.JPG,healthy,0,g1760,s_reliability,reliability_train,gaussian_blur,2572962370864418561,,,1.037227323707203,,42
631ddcd13b4858aa4327,data/plantvillage/raw/color/Apple___healthy/826bd506-04f2-424d-89da-7fe6ad6926b2___RS_HL 5757.JPG,healthy,0,g1760,s_reliability,reliability_train,gaussian_noise,3719151614268812614,,,,0.026555975047038792,42
1acdc4d3daaa2f0fd911,data/plantvillage/raw/color/Apple___healthy/828a6b50-e2fb-4e63-a595-556aa41d43a7___RS_HL 6250.JPG,healthy,0,g1761,s_reliability,reliability_train,original,,,,,,42
64d1febd3d52988e418b,data/plantvillage/raw/color/Apple___healthy/828a6b50-e2fb-4e63-a595-556aa41d43a7___RS_HL 6250.JPG,healthy,0,g1761,s_reliability,reliability_train,brightness,6447087462197887357,1.1535229743885125,,,,42
363b515a09bd74262c80,data/plantvillage/raw/color/Apple___healthy/828a6b50-e2fb-4e63-a595-556aa41d43a7___RS_HL 6250.JPG,healthy,0,g1761,s_reliability,reliability_train,contrast,8233069009094032829,,1.2321900676634696,,,42
5ddcfa31b3dec617a381,data/plantvillage/raw/color/Apple___healthy/828a6b50-e2fb-4e63-a595-556aa41d43a7___RS_HL 6250.JPG,healthy,0,g1761,s_reliability,reliability_train,gaussian_blur,3358344525796942655,,,1.197074391911462,,42
6ee02d8be19ec62a3042,data/plantvillage/raw/color/Apple___healthy/828a6b50-e2fb-4e63-a595-556aa41d43a7___RS_HL 6250.JPG,healthy,0,g1761,s_reliability,reliability_train,gaussian_noise,749017393570377023,,,,0.03622863941987599,42
68149d675946fb39667b,data/plantvillage/raw/color/Apple___healthy/84ed8ffd-a47f-4b52-befa-938a10012a4c___RS_HL 6135.JPG,healthy,0,g1776,s_reliability,reliability_train,original,,,,,,42
39a2ebbc4a609d4b85ee,data/plantvillage/raw/color/Apple___healthy/84ed8ffd-a47f-4b52-befa-938a10012a4c___RS_HL 6135.JPG,healthy,0,g1776,s_reliability,reliability_train,brightness,6789558132708485257,1.0194409321933724,,,,42
ca33a7a6199217aed259,data/plantvillage/raw/color/Apple___healthy/84ed8ffd-a47f-4b52-befa-938a10012a4c___RS_HL 6135.JPG,healthy,0,g1776,s_reliability,reliability_train,contrast,2432412430996057878,,1.109186187765761,,,42
7d5bd965c70edfa0e8b1,data/plantvillage/raw/color/Apple___healthy/84ed8ffd-a47f-4b52-befa-938a10012a4c___RS_HL 6135.JPG,healthy,0,g1776,s_reliability,reliability_train,gaussian_blur,8659387467588441063,,,0.6815151337459453,,42
ecbaa4da22adfeaa9f18,data/plantvillage/raw/color/Apple___healthy/84ed8ffd-a47f-4b52-befa-938a10012a4c___RS_HL 6135.JPG,healthy,0,g1776,s_reliability,reliability_train,gaussian_noise,3271724345642598775,,,,0.019432566205927954,42
4b432d0c4f048cec0e92,data/plantvillage/raw/color/Apple___healthy/8558ed98-6e99-4d7e-98e1-9437bd4d2382___RS_HL 5766.JPG,healthy,0,g1779,s_reliability,reliability_train,original,,,,,,42
3a67c29eee0df6529dc1,data/plantvillage/raw/color/Apple___healthy/8558ed98-6e99-4d7e-98e1-9437bd4d2382___RS_HL 5766.JPG,healthy,0,g1779,s_reliability,reliability_train,brightness,9107260815472995184,0.9625635639498918,,,,42
b1410ecb735b9cccd629,data/plantvillage/raw/color/Apple___healthy/8558ed98-6e99-4d7e-98e1-9437bd4d2382___RS_HL 5766.JPG,healthy,0,g1779,s_reliability,reliability_train,contrast,3162719292621830988,,0.8033790223104266,,,42
96163f328ffe124b62ee,data/plantvillage/raw/color/Apple___healthy/8558ed98-6e99-4d7e-98e1-9437bd4d2382___RS_HL 5766.JPG,healthy,0,g1779,s_reliability,reliability_train,gaussian_blur,751654310768418450,,,0.9407708163587952,,42
741862ff4ee566cb6315,data/plantvillage/raw/color/Apple___healthy/8558ed98-6e99-4d7e-98e1-9437bd4d2382___RS_HL 5766.JPG,healthy,0,g1779,s_reliability,reliability_train,gaussian_noise,3028278714416323596,,,,0.04434332719948029,42
68e11d49bb9b7ae12460,data/plantvillage/raw/color/Apple___healthy/8656f9ff-3a95-4350-af32-82ed2fbff533___RS_HL 7976.JPG,healthy,0,g1784,s_reliability,reliability_val,original,,,,,,42
244e6deb1d998084f35b,data/plantvillage/raw/color/Apple___healthy/8656f9ff-3a95-4350-af32-82ed2fbff533___RS_HL 7976.JPG,healthy,0,g1784,s_reliability,reliability_val,brightness,4633566739156206685,0.7622302636247528,,,,42
1f627b72779558aba772,data/plantvillage/raw/color/Apple___healthy/8656f9ff-3a95-4350-af32-82ed2fbff533___RS_HL 7976.JPG,healthy,0,g1784,s_reliability,reliability_val,contrast,7771063872522735287,,1.297576369500566,,,42
2373a528133bf3565f4f,data/plantvillage/raw/color/Apple___healthy/8656f9ff-3a95-4350-af32-82ed2fbff533___RS_HL 7976.JPG,healthy,0,g1784,s_reliability,reliability_val,gaussian_blur,4253427391049967742,,,0.9525676749753236,,42
8d16046ef028fac1d0c7,data/plantvillage/raw/color/Apple___healthy/8656f9ff-3a95-4350-af32-82ed2fbff533___RS_HL 7976.JPG,healthy,0,g1784,s_reliability,reliability_val,gaussian_noise,8413667823310744120,,,,0.04857651827824165,42
af3245e748b52fc93ca5,data/plantvillage/raw/color/Apple___healthy/8673df90-01fb-4dde-9510-6743bfefb367___RS_HL 6069.JPG,healthy,0,g1785,s_reliability,reliability_train,original,,,,,,42
ddfe4f36da5c63b5d0ba,data/plantvillage/raw/color/Apple___healthy/8673df90-01fb-4dde-9510-6743bfefb367___RS_HL 6069.JPG,healthy,0,g1785,s_reliability,reliability_train,brightness,6667953114870525311,0.9753758064350833,,,,42
120d4eaed8d5668a9af2,data/plantvillage/raw/color/Apple___healthy/8673df90-01fb-4dde-9510-6743bfefb367___RS_HL 6069.JPG,healthy,0,g1785,s_reliability,reliability_train,contrast,902036892705712262,,1.0945233205271678,,,42
f0acc875c5f1034a81b3,data/plantvillage/raw/color/Apple___healthy/8673df90-01fb-4dde-9510-6743bfefb367___RS_HL 6069.JPG,healthy,0,g1785,s_reliability,reliability_train,gaussian_blur,7591684160204380553,,,0.7163080692355139,,42
fc550ed727c2db594f15,data/plantvillage/raw/color/Apple___healthy/8673df90-01fb-4dde-9510-6743bfefb367___RS_HL 6069.JPG,healthy,0,g1785,s_reliability,reliability_train,gaussian_noise,3366347545393325150,,,,0.024452389991861695,42
e79078cac943fba8c14e,data/plantvillage/raw/color/Apple___healthy/86f3c6c0-3038-45dc-9307-3f548f20b74b___RS_HL 6318.JPG,healthy,0,g1789,s_reliability,reliability_train,original,,,,,,42
a0e5c4bbb10cd746b898,data/plantvillage/raw/color/Apple___healthy/86f3c6c0-3038-45dc-9307-3f548f20b74b___RS_HL 6318.JPG,healthy,0,g1789,s_reliability,reliability_train,brightness,5148021623721417787,0.7850546205110411,,,,42
4f9921e09fdfda601c7a,data/plantvillage/raw/color/Apple___healthy/86f3c6c0-3038-45dc-9307-3f548f20b74b___RS_HL 6318.JPG,healthy,0,g1789,s_reliability,reliability_train,contrast,6461414002697797000,,0.95376406124335,,,42
1156c36d374ddce48e2e,data/plantvillage/raw/color/Apple___healthy/86f3c6c0-3038-45dc-9307-3f548f20b74b___RS_HL 6318.JPG,healthy,0,g1789,s_reliability,reliability_train,gaussian_blur,4529780705366286719,,,1.0803503941376245,,42
b009b1b35a5785b7457d,data/plantvillage/raw/color/Apple___healthy/86f3c6c0-3038-45dc-9307-3f548f20b74b___RS_HL 6318.JPG,healthy,0,g1789,s_reliability,reliability_train,gaussian_noise,359762338404851851,,,,0.021391652476119447,42
86a545077a7e88bebbb5,data/plantvillage/raw/color/Apple___healthy/86f6b322-e7af-4d91-b0c3-c5c6d6336fa5___RS_HL 7422.JPG,healthy,0,g1790,s_reliability,reliability_train,original,,,,,,42
2dabdcf932ef0a22e341,data/plantvillage/raw/color/Apple___healthy/86f6b322-e7af-4d91-b0c3-c5c6d6336fa5___RS_HL 7422.JPG,healthy,0,g1790,s_reliability,reliability_train,brightness,8141228903556820872,1.0130736088636854,,,,42
3965f13a20a0e959d090,data/plantvillage/raw/color/Apple___healthy/86f6b322-e7af-4d91-b0c3-c5c6d6336fa5___RS_HL 7422.JPG,healthy,0,g1790,s_reliability,reliability_train,contrast,1548104415308583315,,1.1247396348202927,,,42
086f0dbcba416764ee2b,data/plantvillage/raw/color/Apple___healthy/86f6b322-e7af-4d91-b0c3-c5c6d6336fa5___RS_HL 7422.JPG,healthy,0,g1790,s_reliability,reliability_train,gaussian_blur,7281526616654057826,,,1.3001826810648027,,42
36d7e0c6ff9a3b1bdca2,data/plantvillage/raw/color/Apple___healthy/86f6b322-e7af-4d91-b0c3-c5c6d6336fa5___RS_HL 7422.JPG,healthy,0,g1790,s_reliability,reliability_train,gaussian_noise,8828919648632029212,,,,0.018740848399034456,42
c3a6a15d00c68f6cca6a,data/plantvillage/raw/color/Apple___healthy/8704d8b7-1368-441a-bad0-9f05b1cb6e7b___RS_HL 7623.JPG,healthy,0,g1791,s_reliability,reliability_val,original,,,,,,42
9ed4cb81fb5b6ed3e120,data/plantvillage/raw/color/Apple___healthy/8704d8b7-1368-441a-bad0-9f05b1cb6e7b___RS_HL 7623.JPG,healthy,0,g1791,s_reliability,reliability_val,brightness,3883854136351593654,1.065333919005868,,,,42
470c55417d080ab46d96,data/plantvillage/raw/color/Apple___healthy/8704d8b7-1368-441a-bad0-9f05b1cb6e7b___RS_HL 7623.JPG,healthy,0,g1791,s_reliability,reliability_val,contrast,7301530891217453076,,0.8808088279097759,,,42
d7324b8c8042830f4287,data/plantvillage/raw/color/Apple___healthy/8704d8b7-1368-441a-bad0-9f05b1cb6e7b___RS_HL 7623.JPG,healthy,0,g1791,s_reliability,reliability_val,gaussian_blur,4235451986328628444,,,0.5429217876798199,,42
92425fb5608c2084a689,data/plantvillage/raw/color/Apple___healthy/8704d8b7-1368-441a-bad0-9f05b1cb6e7b___RS_HL 7623.JPG,healthy,0,g1791,s_reliability,reliability_val,gaussian_noise,5677361784830102227,,,,0.02150736608902042,42
7400dff5ef9a7f66d163,data/plantvillage/raw/color/Apple___healthy/885dd825-a34b-4149-bbb0-445fa62a4e64___RS_HL 7814.JPG,healthy,0,g1802,s_reliability,reliability_train,original,,,,,,42
693f7f6e67ec9dce60b6,data/plantvillage/raw/color/Apple___healthy/885dd825-a34b-4149-bbb0-445fa62a4e64___RS_HL 7814.JPG,healthy,0,g1802,s_reliability,reliability_train,brightness,34677126861473775,0.7504540095930385,,,,42
99881143d74c22924744,data/plantvillage/raw/color/Apple___healthy/885dd825-a34b-4149-bbb0-445fa62a4e64___RS_HL 7814.JPG,healthy,0,g1802,s_reliability,reliability_train,contrast,984631177354158694,,0.9278464728653344,,,42
4ac9ca2509cca1c02911,data/plantvillage/raw/color/Apple___healthy/885dd825-a34b-4149-bbb0-445fa62a4e64___RS_HL 7814.JPG,healthy,0,g1802,s_reliability,reliability_train,gaussian_blur,5247933437956969322,,,0.8953332416091414,,42
3392956cad40d597b10a,data/plantvillage/raw/color/Apple___healthy/885dd825-a34b-4149-bbb0-445fa62a4e64___RS_HL 7814.JPG,healthy,0,g1802,s_reliability,reliability_train,gaussian_noise,6682533094146373233,,,,0.04652627312773085,42
3d7ed42f5a8542776a0d,data/plantvillage/raw/color/Apple___healthy/8912707b-6c5d-4744-ad9c-b5d3564a0850___RS_HL 7796.JPG,healthy,0,g1807,s_reliability,reliability_val,original,,,,,,42
62b518ff7a94f7b6fd42,data/plantvillage/raw/color/Apple___healthy/8912707b-6c5d-4744-ad9c-b5d3564a0850___RS_HL 7796.JPG,healthy,0,g1807,s_reliability,reliability_val,brightness,7130888762320695273,1.2348134446896983,,,,42
daea35dd46b3b36d6e5d,data/plantvillage/raw/color/Apple___healthy/8912707b-6c5d-4744-ad9c-b5d3564a0850___RS_HL 7796.JPG,healthy,0,g1807,s_reliability,reliability_val,contrast,4719910304779180215,,1.1892975089031341,,,42
4f638b76bacd7f4e7f7b,data/plantvillage/raw/color/Apple___healthy/8912707b-6c5d-4744-ad9c-b5d3564a0850___RS_HL 7796.JPG,healthy,0,g1807,s_reliability,reliability_val,gaussian_blur,3186208604189555252,,,0.9074197641595325,,42
c2472e7e2bb80014469f,data/plantvillage/raw/color/Apple___healthy/8912707b-6c5d-4744-ad9c-b5d3564a0850___RS_HL 7796.JPG,healthy,0,g1807,s_reliability,reliability_val,gaussian_noise,4675258558360528356,,,,0.0485142048537672,42
3a6b451ee4f530544d50,data/plantvillage/raw/color/Apple___healthy/892258ae-052d-4df5-8a8c-27924cd64a85___RS_HL 7497.JPG,healthy,0,g1808,s_reliability,reliability_val,original,,,,,,42
b0c2798088ed2c0f1468,data/plantvillage/raw/color/Apple___healthy/892258ae-052d-4df5-8a8c-27924cd64a85___RS_HL 7497.JPG,healthy,0,g1808,s_reliability,reliability_val,brightness,7303247685771727578,0.9834856550751165,,,,42
f6def0f0c4e2575aa7c8,data/plantvillage/raw/color/Apple___healthy/892258ae-052d-4df5-8a8c-27924cd64a85___RS_HL 7497.JPG,healthy,0,g1808,s_reliability,reliability_val,contrast,2892688360631126188,,1.2042238295766676,,,42
68035f250c8989084f27,data/plantvillage/raw/color/Apple___healthy/892258ae-052d-4df5-8a8c-27924cd64a85___RS_HL 7497.JPG,healthy,0,g1808,s_reliability,reliability_val,gaussian_blur,622758977296360700,,,1.3089859489485023,,42
00962256507fcaddc245,data/plantvillage/raw/color/Apple___healthy/892258ae-052d-4df5-8a8c-27924cd64a85___RS_HL 7497.JPG,healthy,0,g1808,s_reliability,reliability_val,gaussian_noise,5548768327862041194,,,,0.04975152743914649,42
4ca91804853892650711,data/plantvillage/raw/color/Apple___healthy/8c43ceb4-000b-441b-887f-ef495da381e2___RS_HL 7864.JPG,healthy,0,g1829,s_reliability,reliability_val,original,,,,,,42
37bba836c6876675e118,data/plantvillage/raw/color/Apple___healthy/8c43ceb4-000b-441b-887f-ef495da381e2___RS_HL 7864.JPG,healthy,0,g1829,s_reliability,reliability_val,brightness,442893380542778377,0.8629403878975311,,,,42
20b98e33c562dd86777d,data/plantvillage/raw/color/Apple___healthy/8c43ceb4-000b-441b-887f-ef495da381e2___RS_HL 7864.JPG,healthy,0,g1829,s_reliability,reliability_val,contrast,7888005134756588594,,0.9781323221178957,,,42
07748c9cc884ccb23eac,data/plantvillage/raw/color/Apple___healthy/8c43ceb4-000b-441b-887f-ef495da381e2___RS_HL 7864.JPG,healthy,0,g1829,s_reliability,reliability_val,gaussian_blur,1116685487271137563,,,1.2113876816808438,,42
5bb96c91a99b2a92401d,data/plantvillage/raw/color/Apple___healthy/8c43ceb4-000b-441b-887f-ef495da381e2___RS_HL 7864.JPG,healthy,0,g1829,s_reliability,reliability_val,gaussian_noise,199534835537334105,,,,0.014543631143245608,42
fcdafc863dd38fbae726,data/plantvillage/raw/color/Apple___healthy/8cf66a75-d71b-4808-a251-c929ecfa80bc___RS_HL 7514.JPG,healthy,0,g1840,s_reliability,reliability_train,original,,,,,,42
9aa7a977add521faffb0,data/plantvillage/raw/color/Apple___healthy/8cf66a75-d71b-4808-a251-c929ecfa80bc___RS_HL 7514.JPG,healthy,0,g1840,s_reliability,reliability_train,brightness,6489493224659641893,0.8174475188153751,,,,42
fef33c9b69941bf12fa9,data/plantvillage/raw/color/Apple___healthy/8cf66a75-d71b-4808-a251-c929ecfa80bc___RS_HL 7514.JPG,healthy,0,g1840,s_reliability,reliability_train,contrast,8084697104747952663,,1.2160175593597182,,,42
70c736878b021f7f5ec5,data/plantvillage/raw/color/Apple___healthy/8cf66a75-d71b-4808-a251-c929ecfa80bc___RS_HL 7514.JPG,healthy,0,g1840,s_reliability,reliability_train,gaussian_blur,6724611363939190832,,,0.8678140774399431,,42
c311141687b1df38d48e,data/plantvillage/raw/color/Apple___healthy/8cf66a75-d71b-4808-a251-c929ecfa80bc___RS_HL 7514.JPG,healthy,0,g1840,s_reliability,reliability_train,gaussian_noise,1452234681306433947,,,,0.01428067747790672,42
93b06982dec7ee7a4958,data/plantvillage/raw/color/Apple___healthy/8fdd8420-f139-40e5-8121-b76d43dcee32___RS_HL 6075.JPG,healthy,0,g1856,s_reliability,reliability_val,original,,,,,,42
11f547064181e5a6caaf,data/plantvillage/raw/color/Apple___healthy/8fdd8420-f139-40e5-8121-b76d43dcee32___RS_HL 6075.JPG,healthy,0,g1856,s_reliability,reliability_val,brightness,8566681897718023584,0.9274165110801023,,,,42
0ec7414422ab5ddde371,data/plantvillage/raw/color/Apple___healthy/8fdd8420-f139-40e5-8121-b76d43dcee32___RS_HL 6075.JPG,healthy,0,g1856,s_reliability,reliability_val,contrast,4290346760852546943,,1.2394271042685445,,,42
253648562e707cb287c8,data/plantvillage/raw/color/Apple___healthy/8fdd8420-f139-40e5-8121-b76d43dcee32___RS_HL 6075.JPG,healthy,0,g1856,s_reliability,reliability_val,gaussian_blur,10885151449650607,,,0.8450482488202264,,42
efb1491ce88d76978ba6,data/plantvillage/raw/color/Apple___healthy/8fdd8420-f139-40e5-8121-b76d43dcee32___RS_HL 6075.JPG,healthy,0,g1856,s_reliability,reliability_val,gaussian_noise,5259447045530092303,,,,0.03415213510974358,42
4bfb57c449ea67756377,data/plantvillage/raw/color/Apple___healthy/9130029f-854a-4099-bc98-74170edfb660___RS_HL 7448.JPG,healthy,0,g1859,s_reliability,reliability_train,original,,,,,,42
b61f851e934811cd4a0b,data/plantvillage/raw/color/Apple___healthy/9130029f-854a-4099-bc98-74170edfb660___RS_HL 7448.JPG,healthy,0,g1859,s_reliability,reliability_train,brightness,617713328224103008,0.8549854666638101,,,,42
3950b0139152ffefd9e4,data/plantvillage/raw/color/Apple___healthy/9130029f-854a-4099-bc98-74170edfb660___RS_HL 7448.JPG,healthy,0,g1859,s_reliability,reliability_train,contrast,8689270853568759360,,1.051596257041171,,,42
8a02a7f8d48b4856c2b4,data/plantvillage/raw/color/Apple___healthy/9130029f-854a-4099-bc98-74170edfb660___RS_HL 7448.JPG,healthy,0,g1859,s_reliability,reliability_train,gaussian_blur,5749991674468305054,,,0.7839065504247535,,42
35e29cbf6419d3569bfe,data/plantvillage/raw/color/Apple___healthy/9130029f-854a-4099-bc98-74170edfb660___RS_HL 7448.JPG,healthy,0,g1859,s_reliability,reliability_train,gaussian_noise,8764464257606327540,,,,0.03859201533689564,42
b4ca87d6484853d67011,data/plantvillage/raw/color/Apple___healthy/91a935c4-659c-4344-8355-eba55d673af5___RS_HL 8189.JPG,healthy,0,g1861,s_reliability,reliability_train,original,,,,,,42
2c130a032f99d1a7b8f4,data/plantvillage/raw/color/Apple___healthy/91a935c4-659c-4344-8355-eba55d673af5___RS_HL 8189.JPG,healthy,0,g1861,s_reliability,reliability_train,brightness,5530928034500348235,1.0456029175113304,,,,42
af23f2690b8ec9e38cae,data/plantvillage/raw/color/Apple___healthy/91a935c4-659c-4344-8355-eba55d673af5___RS_HL 8189.JPG,healthy,0,g1861,s_reliability,reliability_train,contrast,1104704807331207625,,1.289500365041885,,,42
3f482874b0543ea22553,data/plantvillage/raw/color/Apple___healthy/91a935c4-659c-4344-8355-eba55d673af5___RS_HL 8189.JPG,healthy,0,g1861,s_reliability,reliability_train,gaussian_blur,6667787468902733789,,,1.00340904948645,,42
f6e93ee2c2fb59f92352,data/plantvillage/raw/color/Apple___healthy/91a935c4-659c-4344-8355-eba55d673af5___RS_HL 8189.JPG,healthy,0,g1861,s_reliability,reliability_train,gaussian_noise,2008701485633389838,,,,0.04129425701703683,42
5dd61ab350a3837cb4b4,data/plantvillage/raw/color/Apple___healthy/936c7bd1-5902-499b-b03b-bcf1f9434a06___RS_HL 7785.JPG,healthy,0,g1870,s_reliability,reliability_train,original,,,,,,42
c60a91994fe0523d1f15,data/plantvillage/raw/color/Apple___healthy/936c7bd1-5902-499b-b03b-bcf1f9434a06___RS_HL 7785.JPG,healthy,0,g1870,s_reliability,reliability_train,brightness,8290317845572749897,0.7946847881990368,,,,42
5c001a39cf7b2c89e341,data/plantvillage/raw/color/Apple___healthy/936c7bd1-5902-499b-b03b-bcf1f9434a06___RS_HL 7785.JPG,healthy,0,g1870,s_reliability,reliability_train,contrast,5542107705714447855,,1.0622136911697584,,,42
00bd2d474990f3b22f4d,data/plantvillage/raw/color/Apple___healthy/936c7bd1-5902-499b-b03b-bcf1f9434a06___RS_HL 7785.JPG,healthy,0,g1870,s_reliability,reliability_train,gaussian_blur,1861333911468434456,,,1.3208661959931902,,42
2dbf95177c51463dd308,data/plantvillage/raw/color/Apple___healthy/936c7bd1-5902-499b-b03b-bcf1f9434a06___RS_HL 7785.JPG,healthy,0,g1870,s_reliability,reliability_train,gaussian_noise,644953203520733456,,,,0.045246863850923115,42
400e1abd86b6a0dbf61c,data/plantvillage/raw/color/Apple___healthy/946b311a-cb67-46d4-8c8b-0d91ebd456f3___RS_HL 5809.JPG,healthy,0,g1872,s_reliability,reliability_train,original,,,,,,42
3fe7fc88e9cc9943fdae,data/plantvillage/raw/color/Apple___healthy/946b311a-cb67-46d4-8c8b-0d91ebd456f3___RS_HL 5809.JPG,healthy,0,g1872,s_reliability,reliability_train,brightness,4346519377275891308,1.232812310963028,,,,42
86da7a19f704b88ad8d0,data/plantvillage/raw/color/Apple___healthy/946b311a-cb67-46d4-8c8b-0d91ebd456f3___RS_HL 5809.JPG,healthy,0,g1872,s_reliability,reliability_train,contrast,7728313644811592890,,1.028516772330181,,,42
dcf86ab9f78301867ffb,data/plantvillage/raw/color/Apple___healthy/946b311a-cb67-46d4-8c8b-0d91ebd456f3___RS_HL 5809.JPG,healthy,0,g1872,s_reliability,reliability_train,gaussian_blur,5610280750097587833,,,0.6114910902925653,,42
2b726bea9e0699444e04,data/plantvillage/raw/color/Apple___healthy/946b311a-cb67-46d4-8c8b-0d91ebd456f3___RS_HL 5809.JPG,healthy,0,g1872,s_reliability,reliability_train,gaussian_noise,3786769626696775123,,,,0.013625310784070619,42
bc239e573b6980cecc91,data/plantvillage/raw/color/Apple___healthy/94b7e2c6-9081-4546-b411-c89c0dd219e7___RS_HL 7416.JPG,healthy,0,g1874,s_reliability,reliability_train,original,,,,,,42
0cf118a015a1f9d9624a,data/plantvillage/raw/color/Apple___healthy/94b7e2c6-9081-4546-b411-c89c0dd219e7___RS_HL 7416.JPG,healthy,0,g1874,s_reliability,reliability_train,brightness,4734594347736574873,1.0977409699277767,,,,42
32de8a852cd8ae4670f4,data/plantvillage/raw/color/Apple___healthy/94b7e2c6-9081-4546-b411-c89c0dd219e7___RS_HL 7416.JPG,healthy,0,g1874,s_reliability,reliability_train,contrast,6452505134031584570,,1.2433911477794837,,,42
d5599b77014a902e4592,data/plantvillage/raw/color/Apple___healthy/94b7e2c6-9081-4546-b411-c89c0dd219e7___RS_HL 7416.JPG,healthy,0,g1874,s_reliability,reliability_train,gaussian_blur,5270241956883880584,,,1.1314968742684097,,42
5a3988cfe7501d2282ef,data/plantvillage/raw/color/Apple___healthy/94b7e2c6-9081-4546-b411-c89c0dd219e7___RS_HL 7416.JPG,healthy,0,g1874,s_reliability,reliability_train,gaussian_noise,4806708810469444199,,,,0.03404450891632789,42
d182cec77d3c9abc19a8,data/plantvillage/raw/color/Apple___healthy/957a4a41-e0d8-4dc3-8ed8-43f8c2ac3684___RS_HL 8157.JPG,healthy,0,g1883,s_reliability,reliability_train,original,,,,,,42
5db5cd2d4c57859f3a84,data/plantvillage/raw/color/Apple___healthy/957a4a41-e0d8-4dc3-8ed8-43f8c2ac3684___RS_HL 8157.JPG,healthy,0,g1883,s_reliability,reliability_train,brightness,4145684413329137229,1.2732888263376538,,,,42
513eee761cf54a79df5a,data/plantvillage/raw/color/Apple___healthy/957a4a41-e0d8-4dc3-8ed8-43f8c2ac3684___RS_HL 8157.JPG,healthy,0,g1883,s_reliability,reliability_train,contrast,688955310915382849,,1.2666986957519664,,,42
6f9c2e69d4a2a79289a4,data/plantvillage/raw/color/Apple___healthy/957a4a41-e0d8-4dc3-8ed8-43f8c2ac3684___RS_HL 8157.JPG,healthy,0,g1883,s_reliability,reliability_train,gaussian_blur,8739409851346600077,,,0.5315553801564492,,42
971ec63ad2917a28977e,data/plantvillage/raw/color/Apple___healthy/957a4a41-e0d8-4dc3-8ed8-43f8c2ac3684___RS_HL 8157.JPG,healthy,0,g1883,s_reliability,reliability_train,gaussian_noise,5006608506346652390,,,,0.0373135348669873,42
8c5fe013853ff6fe5827,data/plantvillage/raw/color/Apple___healthy/96fa4629-851e-4706-b397-f27c6f6f272c___RS_HL 7913.JPG,healthy,0,g1892,s_reliability,reliability_train,original,,,,,,42
53593506e01bee537a0e,data/plantvillage/raw/color/Apple___healthy/96fa4629-851e-4706-b397-f27c6f6f272c___RS_HL 7913.JPG,healthy,0,g1892,s_reliability,reliability_train,brightness,7281533706131126736,0.9915051043339931,,,,42
04cd0b89e8802a45a7b8,data/plantvillage/raw/color/Apple___healthy/96fa4629-851e-4706-b397-f27c6f6f272c___RS_HL 7913.JPG,healthy,0,g1892,s_reliability,reliability_train,contrast,6591352456539894812,,1.0399685700557613,,,42
fbeffeee9b8fd58d0e07,data/plantvillage/raw/color/Apple___healthy/96fa4629-851e-4706-b397-f27c6f6f272c___RS_HL 7913.JPG,healthy,0,g1892,s_reliability,reliability_train,gaussian_blur,4583409225173665560,,,0.7091106964667288,,42
f6b2419272e0a0fcca0f,data/plantvillage/raw/color/Apple___healthy/96fa4629-851e-4706-b397-f27c6f6f272c___RS_HL 7913.JPG,healthy,0,g1892,s_reliability,reliability_train,gaussian_noise,6149644228982855019,,,,0.032407327076602974,42
176d5876f43a45d60f82,data/plantvillage/raw/color/Apple___healthy/9871fd63-1ee8-436a-a1b3-c6104350400b___RS_HL 5693.JPG,healthy,0,g1896,s_reliability,reliability_train,original,,,,,,42
f421921206f0c40ca75b,data/plantvillage/raw/color/Apple___healthy/9871fd63-1ee8-436a-a1b3-c6104350400b___RS_HL 5693.JPG,healthy,0,g1896,s_reliability,reliability_train,brightness,6049913073971642523,1.1633303858295767,,,,42
a5d6f416766ba390a185,data/plantvillage/raw/color/Apple___healthy/9871fd63-1ee8-436a-a1b3-c6104350400b___RS_HL 5693.JPG,healthy,0,g1896,s_reliability,reliability_train,contrast,9109514323232307943,,0.8680564693499646,,,42
06d651c2da68c1edbb4c,data/plantvillage/raw/color/Apple___healthy/9871fd63-1ee8-436a-a1b3-c6104350400b___RS_HL 5693.JPG,healthy,0,g1896,s_reliability,reliability_train,gaussian_blur,94850985751576519,,,1.1140438806594561,,42
d20df9f8cb6f38ffa43e,data/plantvillage/raw/color/Apple___healthy/9871fd63-1ee8-436a-a1b3-c6104350400b___RS_HL 5693.JPG,healthy,0,g1896,s_reliability,reliability_train,gaussian_noise,7888199902558858820,,,,0.01929535255542668,42
58690268d85904ea3a7f,data/plantvillage/raw/color/Apple___healthy/98f456da-9871-48b8-b74a-a251dcfd1f9e___RS_HL 6123.JPG,healthy,0,g1899,s_reliability,reliability_val,original,,,,,,42
c2fbda2e93918d893270,data/plantvillage/raw/color/Apple___healthy/98f456da-9871-48b8-b74a-a251dcfd1f9e___RS_HL 6123.JPG,healthy,0,g1899,s_reliability,reliability_val,brightness,2375881174345535529,1.065177003067107,,,,42
cd487db4699923359e8e,data/plantvillage/raw/color/Apple___healthy/98f456da-9871-48b8-b74a-a251dcfd1f9e___RS_HL 6123.JPG,healthy,0,g1899,s_reliability,reliability_val,contrast,4746089702696105851,,0.7010768674849032,,,42
9038e63133d1ab2dabf5,data/plantvillage/raw/color/Apple___healthy/98f456da-9871-48b8-b74a-a251dcfd1f9e___RS_HL 6123.JPG,healthy,0,g1899,s_reliability,reliability_val,gaussian_blur,3975648159843501024,,,0.990481898380084,,42
d28a322e50e58705e10e,data/plantvillage/raw/color/Apple___healthy/98f456da-9871-48b8-b74a-a251dcfd1f9e___RS_HL 6123.JPG,healthy,0,g1899,s_reliability,reliability_val,gaussian_noise,5443168342623259513,,,,0.04492118749895274,42
f06221a3c35855908993,data/plantvillage/raw/color/Apple___healthy/990838f4-b976-45bb-859d-95de901acc8c___RS_HL 7365.JPG,healthy,0,g1900,s_reliability,reliability_train,original,,,,,,42
ace79f23f8f5a6baac86,data/plantvillage/raw/color/Apple___healthy/990838f4-b976-45bb-859d-95de901acc8c___RS_HL 7365.JPG,healthy,0,g1900,s_reliability,reliability_train,brightness,2825269867955978274,0.8559336114236955,,,,42
df35a5cb8b07ddaf9795,data/plantvillage/raw/color/Apple___healthy/990838f4-b976-45bb-859d-95de901acc8c___RS_HL 7365.JPG,healthy,0,g1900,s_reliability,reliability_train,contrast,1394262844960427002,,1.2021487143899199,,,42
297697cf3c805f0e0694,data/plantvillage/raw/color/Apple___healthy/990838f4-b976-45bb-859d-95de901acc8c___RS_HL 7365.JPG,healthy,0,g1900,s_reliability,reliability_train,gaussian_blur,5688232788058480434,,,0.8224795107806221,,42
35e4b404f136e6c782ee,data/plantvillage/raw/color/Apple___healthy/990838f4-b976-45bb-859d-95de901acc8c___RS_HL 7365.JPG,healthy,0,g1900,s_reliability,reliability_train,gaussian_noise,8110887724248917447,,,,0.03560458140728037,42
62fbac19daa0f0b41dba,data/plantvillage/raw/color/Apple___healthy/9ae0c2e4-ff70-4be7-a231-65d4c2acd8ee___RS_HL 7476.JPG,healthy,0,g1912,s_reliability,reliability_train,original,,,,,,42
26f7f750d956be1e11c4,data/plantvillage/raw/color/Apple___healthy/9ae0c2e4-ff70-4be7-a231-65d4c2acd8ee___RS_HL 7476.JPG,healthy,0,g1912,s_reliability,reliability_train,brightness,1957392015398206129,1.2053108793343164,,,,42
b7aaf7657ef02f9516cb,data/plantvillage/raw/color/Apple___healthy/9ae0c2e4-ff70-4be7-a231-65d4c2acd8ee___RS_HL 7476.JPG,healthy,0,g1912,s_reliability,reliability_train,contrast,4533524086223755762,,0.9123918244022174,,,42
47a6f7c622ecc0aa4e61,data/plantvillage/raw/color/Apple___healthy/9ae0c2e4-ff70-4be7-a231-65d4c2acd8ee___RS_HL 7476.JPG,healthy,0,g1912,s_reliability,reliability_train,gaussian_blur,2209691604365263776,,,0.9317948613434373,,42
962b5ebfafc42b024339,data/plantvillage/raw/color/Apple___healthy/9ae0c2e4-ff70-4be7-a231-65d4c2acd8ee___RS_HL 7476.JPG,healthy,0,g1912,s_reliability,reliability_train,gaussian_noise,8970161104145363465,,,,0.031093844717937448,42
ce166dd54dd358ace9fd,data/plantvillage/raw/color/Apple___healthy/9d135274-b26e-4925-8215-13c928b56b81___RS_HL 7583.JPG,healthy,0,g1919,s_reliability,reliability_train,original,,,,,,42
4e6232b173db47a3b284,data/plantvillage/raw/color/Apple___healthy/9d135274-b26e-4925-8215-13c928b56b81___RS_HL 7583.JPG,healthy,0,g1919,s_reliability,reliability_train,brightness,2496828560817089328,0.9289551454714737,,,,42
f734e210431fb8e8a1fb,data/plantvillage/raw/color/Apple___healthy/9d135274-b26e-4925-8215-13c928b56b81___RS_HL 7583.JPG,healthy,0,g1919,s_reliability,reliability_train,contrast,7455392386517940213,,0.8822189345032996,,,42
17439244a9448b8d652d,data/plantvillage/raw/color/Apple___healthy/9d135274-b26e-4925-8215-13c928b56b81___RS_HL 7583.JPG,healthy,0,g1919,s_reliability,reliability_train,gaussian_blur,2655500414527947852,,,1.4692445853578215,,42
674b2592c059a226af92,data/plantvillage/raw/color/Apple___healthy/9d135274-b26e-4925-8215-13c928b56b81___RS_HL 7583.JPG,healthy,0,g1919,s_reliability,reliability_train,gaussian_noise,7264646315966373933,,,,0.047480674929105175,42
3ebe330997c9e5e06d97,data/plantvillage/raw/color/Apple___healthy/9d72b93c-59d4-41ec-b346-954a1e8e57bb___RS_HL 6284.JPG,healthy,0,g1923,s_reliability,reliability_train,original,,,,,,42
5c7b54e2830e6086c036,data/plantvillage/raw/color/Apple___healthy/9d72b93c-59d4-41ec-b346-954a1e8e57bb___RS_HL 6284.JPG,healthy,0,g1923,s_reliability,reliability_train,brightness,5410603710412675424,0.9731675997741046,,,,42
6fbaa3a19923dafbc359,data/plantvillage/raw/color/Apple___healthy/9d72b93c-59d4-41ec-b346-954a1e8e57bb___RS_HL 6284.JPG,healthy,0,g1923,s_reliability,reliability_train,contrast,476341538980532251,,0.7100883873466084,,,42
455aa0e486bf5616d78d,data/plantvillage/raw/color/Apple___healthy/9d72b93c-59d4-41ec-b346-954a1e8e57bb___RS_HL 6284.JPG,healthy,0,g1923,s_reliability,reliability_train,gaussian_blur,962401696441103433,,,1.1696123256116482,,42
5a194652e896f0ceb4e6,data/plantvillage/raw/color/Apple___healthy/9d72b93c-59d4-41ec-b346-954a1e8e57bb___RS_HL 6284.JPG,healthy,0,g1923,s_reliability,reliability_train,gaussian_noise,8927862717784226049,,,,0.016696836448092073,42
43f2a5936f0b69a27e39,data/plantvillage/raw/color/Apple___healthy/9dba8abe-f50e-45fe-aa32-17dd4445189b___RS_HL 7489.JPG,healthy,0,g1926,s_reliability,reliability_val,original,,,,,,42
69ad8d9e3c67da633c57,data/plantvillage/raw/color/Apple___healthy/9dba8abe-f50e-45fe-aa32-17dd4445189b___RS_HL 7489.JPG,healthy,0,g1926,s_reliability,reliability_val,brightness,3490148310667869488,1.0640459043962534,,,,42
dfc694bf178d1fafa492,data/plantvillage/raw/color/Apple___healthy/9dba8abe-f50e-45fe-aa32-17dd4445189b___RS_HL 7489.JPG,healthy,0,g1926,s_reliability,reliability_val,contrast,4717053552065967909,,1.1516539296688726,,,42
da923c515a4476b91419,data/plantvillage/raw/color/Apple___healthy/9dba8abe-f50e-45fe-aa32-17dd4445189b___RS_HL 7489.JPG,healthy,0,g1926,s_reliability,reliability_val,gaussian_blur,7220956373241524960,,,1.218154582305878,,42
8928d39c9ac4e0914fe7,data/plantvillage/raw/color/Apple___healthy/9dba8abe-f50e-45fe-aa32-17dd4445189b___RS_HL 7489.JPG,healthy,0,g1926,s_reliability,reliability_val,gaussian_noise,708718347463870207,,,,0.029588679405449916,42
7f2827e026bf8a7740a1,data/plantvillage/raw/color/Apple___healthy/9ec4f654-e45e-4910-8b1f-8b9825cefbd1___RS_HL 8173.JPG,healthy,0,g1931,s_reliability,reliability_train,original,,,,,,42
3aecc8ab0feb1400a943,data/plantvillage/raw/color/Apple___healthy/9ec4f654-e45e-4910-8b1f-8b9825cefbd1___RS_HL 8173.JPG,healthy,0,g1931,s_reliability,reliability_train,brightness,5889509873856454709,1.1941101513855408,,,,42
48dfb3c23aa126687935,data/plantvillage/raw/color/Apple___healthy/9ec4f654-e45e-4910-8b1f-8b9825cefbd1___RS_HL 8173.JPG,healthy,0,g1931,s_reliability,reliability_train,contrast,1169175704921809747,,1.0776320349437893,,,42
a90e80a99dafe5477e05,data/plantvillage/raw/color/Apple___healthy/9ec4f654-e45e-4910-8b1f-8b9825cefbd1___RS_HL 8173.JPG,healthy,0,g1931,s_reliability,reliability_train,gaussian_blur,5614500218162616196,,,1.2204465478440092,,42
ce74537ef6254adac9d7,data/plantvillage/raw/color/Apple___healthy/9ec4f654-e45e-4910-8b1f-8b9825cefbd1___RS_HL 8173.JPG,healthy,0,g1931,s_reliability,reliability_train,gaussian_noise,7721875719979419660,,,,0.026390747379426635,42
6ad20d15631a9520ed6e,data/plantvillage/raw/color/Apple___healthy/9ee2b5e6-46cf-400f-a82f-660a2ac05157___RS_HL 5643.JPG,healthy,0,g1933,s_reliability,reliability_train,original,,,,,,42
0421dc65b012419aa65d,data/plantvillage/raw/color/Apple___healthy/9ee2b5e6-46cf-400f-a82f-660a2ac05157___RS_HL 5643.JPG,healthy,0,g1933,s_reliability,reliability_train,brightness,6844261724214958249,0.735598146778062,,,,42
98dd13e79f54e070a3ad,data/plantvillage/raw/color/Apple___healthy/9ee2b5e6-46cf-400f-a82f-660a2ac05157___RS_HL 5643.JPG,healthy,0,g1933,s_reliability,reliability_train,contrast,1464826971361628951,,0.9320385533748609,,,42
63fbebf200c76f83fbec,data/plantvillage/raw/color/Apple___healthy/9ee2b5e6-46cf-400f-a82f-660a2ac05157___RS_HL 5643.JPG,healthy,0,g1933,s_reliability,reliability_train,gaussian_blur,5487144235537111549,,,1.4529892953848034,,42
db63c826e2b8f85d9fb8,data/plantvillage/raw/color/Apple___healthy/9ee2b5e6-46cf-400f-a82f-660a2ac05157___RS_HL 5643.JPG,healthy,0,g1933,s_reliability,reliability_train,gaussian_noise,1259086190682439627,,,,0.01975947765504236,42
268953a3588e3dffd298,data/plantvillage/raw/color/Apple___healthy/9f6f67e7-5369-4642-9594-a29fba331a5c___RS_HL 5907.JPG,healthy,0,g1936,s_reliability,reliability_train,original,,,,,,42
97af82316d8388c0efde,data/plantvillage/raw/color/Apple___healthy/9f6f67e7-5369-4642-9594-a29fba331a5c___RS_HL 5907.JPG,healthy,0,g1936,s_reliability,reliability_train,brightness,1525063315300645881,0.7178000443873906,,,,42
f6ccac1436002dcfdb43,data/plantvillage/raw/color/Apple___healthy/9f6f67e7-5369-4642-9594-a29fba331a5c___RS_HL 5907.JPG,healthy,0,g1936,s_reliability,reliability_train,contrast,7723155209668242984,,1.247457665498863,,,42
d0c86ccf68d7d87a5eff,data/plantvillage/raw/color/Apple___healthy/9f6f67e7-5369-4642-9594-a29fba331a5c___RS_HL 5907.JPG,healthy,0,g1936,s_reliability,reliability_train,gaussian_blur,7733449514054732309,,,1.2319199901595452,,42
b9c1cc520590e71575b7,data/plantvillage/raw/color/Apple___healthy/9f6f67e7-5369-4642-9594-a29fba331a5c___RS_HL 5907.JPG,healthy,0,g1936,s_reliability,reliability_train,gaussian_noise,8735681164023291135,,,,0.02063931400322449,42
d95428f39b5f96bf3083,data/plantvillage/raw/color/Apple___healthy/9fe1ea92-d106-4bc5-a0da-072a67c3260b___RS_HL 7828.JPG,healthy,0,g1940,s_reliability,reliability_train,original,,,,,,42
e052452f37a32f44b0b7,data/plantvillage/raw/color/Apple___healthy/9fe1ea92-d106-4bc5-a0da-072a67c3260b___RS_HL 7828.JPG,healthy,0,g1940,s_reliability,reliability_train,brightness,7537652849366290316,1.2549368799159533,,,,42
fe3d598357e537725911,data/plantvillage/raw/color/Apple___healthy/9fe1ea92-d106-4bc5-a0da-072a67c3260b___RS_HL 7828.JPG,healthy,0,g1940,s_reliability,reliability_train,contrast,4453287939242804643,,0.7876709072994226,,,42
bf4c3e382fdd3ca1fc96,data/plantvillage/raw/color/Apple___healthy/9fe1ea92-d106-4bc5-a0da-072a67c3260b___RS_HL 7828.JPG,healthy,0,g1940,s_reliability,reliability_train,gaussian_blur,1185428530719799766,,,1.001869554949702,,42
115ab7fbaa39d97dd130,data/plantvillage/raw/color/Apple___healthy/9fe1ea92-d106-4bc5-a0da-072a67c3260b___RS_HL 7828.JPG,healthy,0,g1940,s_reliability,reliability_train,gaussian_noise,3009397494064730673,,,,0.020046633580939298,42
291e75e2681e0a00ff12,data/plantvillage/raw/color/Apple___healthy/a09b0571-6876-487c-bf88-bb378dd4f0cc___RS_HL 8057.JPG,healthy,0,g1946,s_reliability,reliability_train,original,,,,,,42
1dc12b0acf02e6ff4b4e,data/plantvillage/raw/color/Apple___healthy/a09b0571-6876-487c-bf88-bb378dd4f0cc___RS_HL 8057.JPG,healthy,0,g1946,s_reliability,reliability_train,brightness,2019809555721059264,0.76739901303399,,,,42
c712ad8b2086ae2090a3,data/plantvillage/raw/color/Apple___healthy/a09b0571-6876-487c-bf88-bb378dd4f0cc___RS_HL 8057.JPG,healthy,0,g1946,s_reliability,reliability_train,contrast,6514965221761357719,,0.7858207579393416,,,42
a4f57ecf7fae8a037bca,data/plantvillage/raw/color/Apple___healthy/a09b0571-6876-487c-bf88-bb378dd4f0cc___RS_HL 8057.JPG,healthy,0,g1946,s_reliability,reliability_train,gaussian_blur,1173719677833698608,,,1.1174517018710808,,42
3ed9d9fa5664a650e28a,data/plantvillage/raw/color/Apple___healthy/a09b0571-6876-487c-bf88-bb378dd4f0cc___RS_HL 8057.JPG,healthy,0,g1946,s_reliability,reliability_train,gaussian_noise,5631761365092704992,,,,0.040952880366396806,42
1f2067988d37126fd56c,data/plantvillage/raw/color/Apple___healthy/a117c853-363a-443a-b489-323fb4239f07___RS_HL 5697.JPG,healthy,0,g1950,s_reliability,reliability_train,original,,,,,,42
165de95daddfac3f5fc7,data/plantvillage/raw/color/Apple___healthy/a117c853-363a-443a-b489-323fb4239f07___RS_HL 5697.JPG,healthy,0,g1950,s_reliability,reliability_train,brightness,200198696414775433,1.2585435631650108,,,,42
8aa65913a022724a4697,data/plantvillage/raw/color/Apple___healthy/a117c853-363a-443a-b489-323fb4239f07___RS_HL 5697.JPG,healthy,0,g1950,s_reliability,reliability_train,contrast,7557549151658895338,,1.145875503296426,,,42
564a311cf4d6d7b63a8f,data/plantvillage/raw/color/Apple___healthy/a117c853-363a-443a-b489-323fb4239f07___RS_HL 5697.JPG,healthy,0,g1950,s_reliability,reliability_train,gaussian_blur,592185314910367776,,,1.1433295691966534,,42
b0924808ea34da86caf6,data/plantvillage/raw/color/Apple___healthy/a117c853-363a-443a-b489-323fb4239f07___RS_HL 5697.JPG,healthy,0,g1950,s_reliability,reliability_train,gaussian_noise,3857529363920070534,,,,0.010502513698274454,42
3b0c84c008c713ea7e7c,data/plantvillage/raw/color/Apple___healthy/a1630d3e-2f30-455e-b259-d92b7b332588___RS_HL 5768.JPG,healthy,0,g1952,s_reliability,reliability_train,original,,,,,,42
824702add8fc93b309c7,data/plantvillage/raw/color/Apple___healthy/a1630d3e-2f30-455e-b259-d92b7b332588___RS_HL 5768.JPG,healthy,0,g1952,s_reliability,reliability_train,brightness,7323973441651217455,1.037976151727697,,,,42
7458964da5c2aa8f6ee8,data/plantvillage/raw/color/Apple___healthy/a1630d3e-2f30-455e-b259-d92b7b332588___RS_HL 5768.JPG,healthy,0,g1952,s_reliability,reliability_train,contrast,1916090955602599114,,0.9016428344573691,,,42
a7614ce60b9edb3b2ad5,data/plantvillage/raw/color/Apple___healthy/a1630d3e-2f30-455e-b259-d92b7b332588___RS_HL 5768.JPG,healthy,0,g1952,s_reliability,reliability_train,gaussian_blur,508180416453821016,,,1.4510213468179836,,42
c67f9a23a17b447831c2,data/plantvillage/raw/color/Apple___healthy/a1630d3e-2f30-455e-b259-d92b7b332588___RS_HL 5768.JPG,healthy,0,g1952,s_reliability,reliability_train,gaussian_noise,5086208195814214850,,,,0.043669520019979154,42
c0fc222e691930d7f756,data/plantvillage/raw/color/Apple___healthy/a1867bda-d965-4389-8a19-ed13c82df5f6___RS_HL 7655.JPG,healthy,0,g1956,s_reliability,reliability_train,original,,,,,,42
3862022265e6d1181e4e,data/plantvillage/raw/color/Apple___healthy/a1867bda-d965-4389-8a19-ed13c82df5f6___RS_HL 7655.JPG,healthy,0,g1956,s_reliability,reliability_train,brightness,1067742482402185797,1.1766983730129448,,,,42
2d63883e0c49477bed84,data/plantvillage/raw/color/Apple___healthy/a1867bda-d965-4389-8a19-ed13c82df5f6___RS_HL 7655.JPG,healthy,0,g1956,s_reliability,reliability_train,contrast,3086120819903391749,,0.8926281147413446,,,42
0de1065b5cc61ef1d2e5,data/plantvillage/raw/color/Apple___healthy/a1867bda-d965-4389-8a19-ed13c82df5f6___RS_HL 7655.JPG,healthy,0,g1956,s_reliability,reliability_train,gaussian_blur,8811861850106089010,,,0.714795155014272,,42
ad28f21930f8830eef7c,data/plantvillage/raw/color/Apple___healthy/a1867bda-d965-4389-8a19-ed13c82df5f6___RS_HL 7655.JPG,healthy,0,g1956,s_reliability,reliability_train,gaussian_noise,1750480815429188158,,,,0.015685421179192995,42
83069301cdf56a80ab10,data/plantvillage/raw/color/Apple___healthy/a30bee25-14fb-43d2-9ab2-b179c920839c___RS_HL 5778.JPG,healthy,0,g1962,s_reliability,reliability_train,original,,,,,,42
6c1690f0b39ac3935ffe,data/plantvillage/raw/color/Apple___healthy/a30bee25-14fb-43d2-9ab2-b179c920839c___RS_HL 5778.JPG,healthy,0,g1962,s_reliability,reliability_train,brightness,7956716195833132514,1.1469676709956917,,,,42
750aa69031df88357c52,data/plantvillage/raw/color/Apple___healthy/a30bee25-14fb-43d2-9ab2-b179c920839c___RS_HL 5778.JPG,healthy,0,g1962,s_reliability,reliability_train,contrast,446752020952832803,,0.7102759170505923,,,42
b123de8073cb284b74c8,data/plantvillage/raw/color/Apple___healthy/a30bee25-14fb-43d2-9ab2-b179c920839c___RS_HL 5778.JPG,healthy,0,g1962,s_reliability,reliability_train,gaussian_blur,5154750465720268183,,,0.7976636148402988,,42
08f4771b5c0d883f91cc,data/plantvillage/raw/color/Apple___healthy/a30bee25-14fb-43d2-9ab2-b179c920839c___RS_HL 5778.JPG,healthy,0,g1962,s_reliability,reliability_train,gaussian_noise,5941214265869941181,,,,0.04950729295885943,42
f70c2b05fada9f715e68,data/plantvillage/raw/color/Apple___healthy/a3d2fcfa-645e-419e-91a5-ab626f5fab6c___RS_HL 5930.JPG,healthy,0,g1967,s_reliability,reliability_train,original,,,,,,42
bd325086f7cc09dfef3a,data/plantvillage/raw/color/Apple___healthy/a3d2fcfa-645e-419e-91a5-ab626f5fab6c___RS_HL 5930.JPG,healthy,0,g1967,s_reliability,reliability_train,brightness,5075507837146037700,1.1602725828286666,,,,42
a7069b41b7581c9f6c13,data/plantvillage/raw/color/Apple___healthy/a3d2fcfa-645e-419e-91a5-ab626f5fab6c___RS_HL 5930.JPG,healthy,0,g1967,s_reliability,reliability_train,contrast,3074414387165632344,,1.0553895232743908,,,42
3df0eca651c7ef846159,data/plantvillage/raw/color/Apple___healthy/a3d2fcfa-645e-419e-91a5-ab626f5fab6c___RS_HL 5930.JPG,healthy,0,g1967,s_reliability,reliability_train,gaussian_blur,4397072969192598289,,,0.6811640583382815,,42
5f7129e272aca36b0407,data/plantvillage/raw/color/Apple___healthy/a3d2fcfa-645e-419e-91a5-ab626f5fab6c___RS_HL 5930.JPG,healthy,0,g1967,s_reliability,reliability_train,gaussian_noise,4729869661707367205,,,,0.033304702432114336,42
2cdd6a826d45fb07dec0,data/plantvillage/raw/color/Apple___healthy/a4c37f29-8f5a-4a06-b6c4-367d523d452a___RS_HL 7374.JPG,healthy,0,g1974,s_reliability,reliability_val,original,,,,,,42
5a959739cb1c2d14358c,data/plantvillage/raw/color/Apple___healthy/a4c37f29-8f5a-4a06-b6c4-367d523d452a___RS_HL 7374.JPG,healthy,0,g1974,s_reliability,reliability_val,brightness,7898961004063620482,0.7349515465280065,,,,42
64e2c3865e60c6fb17e8,data/plantvillage/raw/color/Apple___healthy/a4c37f29-8f5a-4a06-b6c4-367d523d452a___RS_HL 7374.JPG,healthy,0,g1974,s_reliability,reliability_val,contrast,7556187443793209943,,1.2494489160017606,,,42
3402bc8abd6cfcd98497,data/plantvillage/raw/color/Apple___healthy/a4c37f29-8f5a-4a06-b6c4-367d523d452a___RS_HL 7374.JPG,healthy,0,g1974,s_reliability,reliability_val,gaussian_blur,1091700716879289725,,,0.7303080351563106,,42
2ab4ef8ffe3212a47d4c,data/plantvillage/raw/color/Apple___healthy/a4c37f29-8f5a-4a06-b6c4-367d523d452a___RS_HL 7374.JPG,healthy,0,g1974,s_reliability,reliability_val,gaussian_noise,486533051707874144,,,,0.0417766127975099,42
070c93342984907550b5,data/plantvillage/raw/color/Apple___healthy/a5121b4f-be3e-4911-9d15-2678a0ccf66d___RS_HL 7751.JPG,healthy,0,g1978,s_reliability,reliability_train,original,,,,,,42
3e2f91f593215cb74dbd,data/plantvillage/raw/color/Apple___healthy/a5121b4f-be3e-4911-9d15-2678a0ccf66d___RS_HL 7751.JPG,healthy,0,g1978,s_reliability,reliability_train,brightness,7992976223824075641,1.2663086675174542,,,,42
ca44bd998478676c0bbb,data/plantvillage/raw/color/Apple___healthy/a5121b4f-be3e-4911-9d15-2678a0ccf66d___RS_HL 7751.JPG,healthy,0,g1978,s_reliability,reliability_train,contrast,1753327160021163720,,0.7735294452513153,,,42
c2e35077939544fb09bc,data/plantvillage/raw/color/Apple___healthy/a5121b4f-be3e-4911-9d15-2678a0ccf66d___RS_HL 7751.JPG,healthy,0,g1978,s_reliability,reliability_train,gaussian_blur,165241369601886178,,,1.0345128096220702,,42
77bab7017ae61cd9a00e,data/plantvillage/raw/color/Apple___healthy/a5121b4f-be3e-4911-9d15-2678a0ccf66d___RS_HL 7751.JPG,healthy,0,g1978,s_reliability,reliability_train,gaussian_noise,8566740453195156263,,,,0.02610663587989611,42
f4bab3c8d15a189a3bf0,data/plantvillage/raw/color/Apple___healthy/a88f01ad-8550-49f1-9757-e9e9649d81b2___RS_HL 7360.JPG,healthy,0,g1993,s_reliability,reliability_val,original,,,,,,42
515db098cd592ec1f181,data/plantvillage/raw/color/Apple___healthy/a88f01ad-8550-49f1-9757-e9e9649d81b2___RS_HL 7360.JPG,healthy,0,g1993,s_reliability,reliability_val,brightness,7500708774172815379,0.8118947388103231,,,,42
b40a33c9771842e3a4aa,data/plantvillage/raw/color/Apple___healthy/a88f01ad-8550-49f1-9757-e9e9649d81b2___RS_HL 7360.JPG,healthy,0,g1993,s_reliability,reliability_val,contrast,535255375431193790,,0.7241075819315624,,,42
80e98451433a526bdcbd,data/plantvillage/raw/color/Apple___healthy/a88f01ad-8550-49f1-9757-e9e9649d81b2___RS_HL 7360.JPG,healthy,0,g1993,s_reliability,reliability_val,gaussian_blur,6433988538793917785,,,1.2908847358483613,,42
cbd404a40a2932fb959b,data/plantvillage/raw/color/Apple___healthy/a88f01ad-8550-49f1-9757-e9e9649d81b2___RS_HL 7360.JPG,healthy,0,g1993,s_reliability,reliability_val,gaussian_noise,3927204207686837137,,,,0.041024757851550686,42
1253f252c744319318e6,data/plantvillage/raw/color/Apple___healthy/ab56c266-3b13-43f0-9856-587367a3b45a___RS_HL 5770.JPG,healthy,0,g2006,s_reliability,reliability_train,original,,,,,,42
b55f533d2a63b55cb278,data/plantvillage/raw/color/Apple___healthy/ab56c266-3b13-43f0-9856-587367a3b45a___RS_HL 5770.JPG,healthy,0,g2006,s_reliability,reliability_train,brightness,451514512543377409,0.8839924642081585,,,,42
305dd07a673f4728150a,data/plantvillage/raw/color/Apple___healthy/ab56c266-3b13-43f0-9856-587367a3b45a___RS_HL 5770.JPG,healthy,0,g2006,s_reliability,reliability_train,contrast,4388648076040762014,,0.7673279338694884,,,42
c1bf9cd022bb8ab89e90,data/plantvillage/raw/color/Apple___healthy/ab56c266-3b13-43f0-9856-587367a3b45a___RS_HL 5770.JPG,healthy,0,g2006,s_reliability,reliability_train,gaussian_blur,6465789348957909642,,,1.2830599820721533,,42
302e7c28b0aa7f646b30,data/plantvillage/raw/color/Apple___healthy/ab56c266-3b13-43f0-9856-587367a3b45a___RS_HL 5770.JPG,healthy,0,g2006,s_reliability,reliability_train,gaussian_noise,6118476766142093037,,,,0.04407345886675848,42
e3852d02097ebb4eeb3f,data/plantvillage/raw/color/Apple___healthy/ac41e650-367c-4a74-b26e-0a983bc1223b___RS_HL 7743.JPG,healthy,0,g2012,s_reliability,reliability_train,original,,,,,,42
06766d3e861eca137d90,data/plantvillage/raw/color/Apple___healthy/ac41e650-367c-4a74-b26e-0a983bc1223b___RS_HL 7743.JPG,healthy,0,g2012,s_reliability,reliability_train,brightness,7713814557536224564,0.8882149151885678,,,,42
795b0b5c48f9c3fc09f3,data/plantvillage/raw/color/Apple___healthy/ac41e650-367c-4a74-b26e-0a983bc1223b___RS_HL 7743.JPG,healthy,0,g2012,s_reliability,reliability_train,contrast,1966902615970420452,,1.2620992901688532,,,42
a53a94443e04257797bb,data/plantvillage/raw/color/Apple___healthy/ac41e650-367c-4a74-b26e-0a983bc1223b___RS_HL 7743.JPG,healthy,0,g2012,s_reliability,reliability_train,gaussian_blur,1798259220780833073,,,1.4576806590925004,,42
45f91dbcb93bb88f834a,data/plantvillage/raw/color/Apple___healthy/ac41e650-367c-4a74-b26e-0a983bc1223b___RS_HL 7743.JPG,healthy,0,g2012,s_reliability,reliability_train,gaussian_noise,4685519702170125109,,,,0.04708561648270997,42
09e66af59f86feadcd5e,data/plantvillage/raw/color/Apple___healthy/ac9eef55-7ba7-4663-913a-6c68fc5b3376___RS_HL 5696.JPG,healthy,0,g2016,s_reliability,reliability_train,original,,,,,,42
6cebc39202a0a858fd55,data/plantvillage/raw/color/Apple___healthy/ac9eef55-7ba7-4663-913a-6c68fc5b3376___RS_HL 5696.JPG,healthy,0,g2016,s_reliability,reliability_train,brightness,2181875437142406949,1.2644341940202617,,,,42
22f461519d51c81c70fd,data/plantvillage/raw/color/Apple___healthy/ac9eef55-7ba7-4663-913a-6c68fc5b3376___RS_HL 5696.JPG,healthy,0,g2016,s_reliability,reliability_train,contrast,420369281112985065,,0.9077061235780632,,,42
6c1dc2383775c56450c0,data/plantvillage/raw/color/Apple___healthy/ac9eef55-7ba7-4663-913a-6c68fc5b3376___RS_HL 5696.JPG,healthy,0,g2016,s_reliability,reliability_train,gaussian_blur,4388417118540763769,,,0.9508285800921739,,42
7bd36e10b885987b970e,data/plantvillage/raw/color/Apple___healthy/ac9eef55-7ba7-4663-913a-6c68fc5b3376___RS_HL 5696.JPG,healthy,0,g2016,s_reliability,reliability_train,gaussian_noise,6983981520002202230,,,,0.026404415395693534,42
744902081ddfac40a186,data/plantvillage/raw/color/Apple___healthy/af413561-59ca-4d3a-9e7d-34711b946db4___RS_HL 6298.JPG,healthy,0,g2032,s_reliability,reliability_train,original,,,,,,42
2d4533a774fd4a1f2f27,data/plantvillage/raw/color/Apple___healthy/af413561-59ca-4d3a-9e7d-34711b946db4___RS_HL 6298.JPG,healthy,0,g2032,s_reliability,reliability_train,brightness,8199595439608167233,0.9889335125215225,,,,42
16e63094ee7862347562,data/plantvillage/raw/color/Apple___healthy/af413561-59ca-4d3a-9e7d-34711b946db4___RS_HL 6298.JPG,healthy,0,g2032,s_reliability,reliability_train,contrast,5730671122905601923,,1.1627440952004102,,,42
68e54cfa3e13d69ab905,data/plantvillage/raw/color/Apple___healthy/af413561-59ca-4d3a-9e7d-34711b946db4___RS_HL 6298.JPG,healthy,0,g2032,s_reliability,reliability_train,gaussian_blur,8320925033306606058,,,0.5903022859214198,,42
b15427e5ed9955de0c3b,data/plantvillage/raw/color/Apple___healthy/af413561-59ca-4d3a-9e7d-34711b946db4___RS_HL 6298.JPG,healthy,0,g2032,s_reliability,reliability_train,gaussian_noise,1363805099464080102,,,,0.027320267348527723,42
63893e739ea2c66c11c4,data/plantvillage/raw/color/Apple___healthy/b0178b88-d413-498c-a6de-1d7cef560d3a___RS_HL 7925.JPG,healthy,0,g2036,s_reliability,reliability_train,original,,,,,,42
054b4dad6c2b9a9b861b,data/plantvillage/raw/color/Apple___healthy/b0178b88-d413-498c-a6de-1d7cef560d3a___RS_HL 7925.JPG,healthy,0,g2036,s_reliability,reliability_train,brightness,5492418601785591051,1.040595192750638,,,,42
bc210691884254ad33b6,data/plantvillage/raw/color/Apple___healthy/b0178b88-d413-498c-a6de-1d7cef560d3a___RS_HL 7925.JPG,healthy,0,g2036,s_reliability,reliability_train,contrast,2604726697876932199,,1.286382156053878,,,42
55b95e030db525278e14,data/plantvillage/raw/color/Apple___healthy/b0178b88-d413-498c-a6de-1d7cef560d3a___RS_HL 7925.JPG,healthy,0,g2036,s_reliability,reliability_train,gaussian_blur,3885239844635962475,,,1.0599791249609647,,42
0d4ab6824ad10676e67c,data/plantvillage/raw/color/Apple___healthy/b0178b88-d413-498c-a6de-1d7cef560d3a___RS_HL 7925.JPG,healthy,0,g2036,s_reliability,reliability_train,gaussian_noise,7736519202645945334,,,,0.046990988000148524,42
c014d9de167931d8920f,data/plantvillage/raw/color/Apple___healthy/b228e0e9-6082-4f02-a31e-11077fff799a___RS_HL 8143.JPG,healthy,0,g2048,s_reliability,reliability_train,original,,,,,,42
17ceda6fec27cd197ba3,data/plantvillage/raw/color/Apple___healthy/b228e0e9-6082-4f02-a31e-11077fff799a___RS_HL 8143.JPG,healthy,0,g2048,s_reliability,reliability_train,brightness,7637982741032775424,1.1705180812361504,,,,42
847f420aee99fed89484,data/plantvillage/raw/color/Apple___healthy/b228e0e9-6082-4f02-a31e-11077fff799a___RS_HL 8143.JPG,healthy,0,g2048,s_reliability,reliability_train,contrast,2006005395170838457,,1.196111763122233,,,42
82f6efda7e07ecc824e0,data/plantvillage/raw/color/Apple___healthy/b228e0e9-6082-4f02-a31e-11077fff799a___RS_HL 8143.JPG,healthy,0,g2048,s_reliability,reliability_train,gaussian_blur,1781274265058439557,,,0.9401300438385838,,42
0def429112ec7e6e4d00,data/plantvillage/raw/color/Apple___healthy/b228e0e9-6082-4f02-a31e-11077fff799a___RS_HL 8143.JPG,healthy,0,g2048,s_reliability,reliability_train,gaussian_noise,3322207022313814604,,,,0.04985034398722949,42
8cfcec343a400fc28a96,data/plantvillage/raw/color/Apple___healthy/b31c759a-547a-46de-937f-56714107db63___RS_HL 5857.JPG,healthy,0,g2052,s_reliability,reliability_train,original,,,,,,42
9b516bdcb4c6e4d4c135,data/plantvillage/raw/color/Apple___healthy/b31c759a-547a-46de-937f-56714107db63___RS_HL 5857.JPG,healthy,0,g2052,s_reliability,reliability_train,brightness,4776868927905034655,1.073415129158139,,,,42
677e40d0e3c206a175f0,data/plantvillage/raw/color/Apple___healthy/b31c759a-547a-46de-937f-56714107db63___RS_HL 5857.JPG,healthy,0,g2052,s_reliability,reliability_train,contrast,7493919670663009087,,1.105498708664748,,,42
99a0275708a18491dae4,data/plantvillage/raw/color/Apple___healthy/b31c759a-547a-46de-937f-56714107db63___RS_HL 5857.JPG,healthy,0,g2052,s_reliability,reliability_train,gaussian_blur,5389729614572656442,,,0.7087394573119055,,42
f71e3a9ecb82b3352db7,data/plantvillage/raw/color/Apple___healthy/b31c759a-547a-46de-937f-56714107db63___RS_HL 5857.JPG,healthy,0,g2052,s_reliability,reliability_train,gaussian_noise,1649962379641599326,,,,0.026142903337634048,42
160f9bb94b09e1efcc97,data/plantvillage/raw/color/Apple___healthy/b3731461-8db1-42f5-9976-5f3b8b72935b___RS_HL 5973.JPG,healthy,0,g2056,s_reliability,reliability_val,original,,,,,,42
8885ae1dc8102ed621f9,data/plantvillage/raw/color/Apple___healthy/b3731461-8db1-42f5-9976-5f3b8b72935b___RS_HL 5973.JPG,healthy,0,g2056,s_reliability,reliability_val,brightness,4714727046780064339,0.7875658312668739,,,,42
2c60a57a15112d0ba617,data/plantvillage/raw/color/Apple___healthy/b3731461-8db1-42f5-9976-5f3b8b72935b___RS_HL 5973.JPG,healthy,0,g2056,s_reliability,reliability_val,contrast,6385588251591397663,,1.2822563415305734,,,42
4a34568047a560e04c9a,data/plantvillage/raw/color/Apple___healthy/b3731461-8db1-42f5-9976-5f3b8b72935b___RS_HL 5973.JPG,healthy,0,g2056,s_reliability,reliability_val,gaussian_blur,3419429777540369926,,,1.3460412565313944,,42
8af7a48f8fcb1014a457,data/plantvillage/raw/color/Apple___healthy/b3731461-8db1-42f5-9976-5f3b8b72935b___RS_HL 5973.JPG,healthy,0,g2056,s_reliability,reliability_val,gaussian_noise,4009949446650723733,,,,0.04752258620926362,42
73628dbb90eead517cb4,data/plantvillage/raw/color/Apple___healthy/b3a6e935-5855-48b2-905a-e3d6e1806e94___RS_HL 5688.JPG,healthy,0,g2058,s_reliability,reliability_train,original,,,,,,42
3534e484cccdf0d7cd34,data/plantvillage/raw/color/Apple___healthy/b3a6e935-5855-48b2-905a-e3d6e1806e94___RS_HL 5688.JPG,healthy,0,g2058,s_reliability,reliability_train,brightness,1557578092205089252,0.8328826552240327,,,,42
2aa38fbb21c9e5417f44,data/plantvillage/raw/color/Apple___healthy/b3a6e935-5855-48b2-905a-e3d6e1806e94___RS_HL 5688.JPG,healthy,0,g2058,s_reliability,reliability_train,contrast,4365394970387706490,,1.26964990020902,,,42
ed5b28457cd2f8e393ae,data/plantvillage/raw/color/Apple___healthy/b3a6e935-5855-48b2-905a-e3d6e1806e94___RS_HL 5688.JPG,healthy,0,g2058,s_reliability,reliability_train,gaussian_blur,9135699124895660896,,,1.4844609674448979,,42
8f2c6cbb34c8b9e68573,data/plantvillage/raw/color/Apple___healthy/b3a6e935-5855-48b2-905a-e3d6e1806e94___RS_HL 5688.JPG,healthy,0,g2058,s_reliability,reliability_train,gaussian_noise,1845308470184377975,,,,0.019697229979750715,42
794b44ebb2444282ec0c,data/plantvillage/raw/color/Apple___healthy/b681e485-e0a6-489f-b9c9-c67d67e70801___RS_HL 5874.JPG,healthy,0,g2065,s_reliability,reliability_train,original,,,,,,42
5cf2009b309a19fe4628,data/plantvillage/raw/color/Apple___healthy/b681e485-e0a6-489f-b9c9-c67d67e70801___RS_HL 5874.JPG,healthy,0,g2065,s_reliability,reliability_train,brightness,1680582776402040823,0.9833869774273425,,,,42
c733ee7a80bb9ac34ca0,data/plantvillage/raw/color/Apple___healthy/b681e485-e0a6-489f-b9c9-c67d67e70801___RS_HL 5874.JPG,healthy,0,g2065,s_reliability,reliability_train,contrast,5902776104711382083,,1.0231692700704949,,,42
31e633bacad86a375cba,data/plantvillage/raw/color/Apple___healthy/b681e485-e0a6-489f-b9c9-c67d67e70801___RS_HL 5874.JPG,healthy,0,g2065,s_reliability,reliability_train,gaussian_blur,4708892453808620805,,,1.0526122812565537,,42
d2c4d3ce026cbf30a268,data/plantvillage/raw/color/Apple___healthy/b681e485-e0a6-489f-b9c9-c67d67e70801___RS_HL 5874.JPG,healthy,0,g2065,s_reliability,reliability_train,gaussian_noise,1162522399652330452,,,,0.0246761782972328,42
cfab5c96afc0dab85cf0,data/plantvillage/raw/color/Apple___healthy/b68238fa-2e01-43b2-bf8c-0e9d38848b02___RS_HL 6289.JPG,healthy,0,g2066,s_reliability,reliability_val,original,,,,,,42
68be8c726f9f5a718049,data/plantvillage/raw/color/Apple___healthy/b68238fa-2e01-43b2-bf8c-0e9d38848b02___RS_HL 6289.JPG,healthy,0,g2066,s_reliability,reliability_val,brightness,8457567747609506247,0.782399998924246,,,,42
68fee5889423ffdae47c,data/plantvillage/raw/color/Apple___healthy/b68238fa-2e01-43b2-bf8c-0e9d38848b02___RS_HL 6289.JPG,healthy,0,g2066,s_reliability,reliability_val,contrast,8774000798985531735,,1.0603544629313357,,,42
6abec8924216e97e4be1,data/plantvillage/raw/color/Apple___healthy/b68238fa-2e01-43b2-bf8c-0e9d38848b02___RS_HL 6289.JPG,healthy,0,g2066,s_reliability,reliability_val,gaussian_blur,7869332010863974810,,,0.7342636898935917,,42
473b56d5d14684bc027a,data/plantvillage/raw/color/Apple___healthy/b68238fa-2e01-43b2-bf8c-0e9d38848b02___RS_HL 6289.JPG,healthy,0,g2066,s_reliability,reliability_val,gaussian_noise,2482522779772872238,,,,0.03583691907425137,42
2502e2067afee52a04c0,data/plantvillage/raw/color/Apple___healthy/b776b468-ee06-4871-98da-3998ead30369___RS_HL 7438.JPG,healthy,0,g2070,s_reliability,reliability_train,original,,,,,,42
feb9cab263530de1b591,data/plantvillage/raw/color/Apple___healthy/b776b468-ee06-4871-98da-3998ead30369___RS_HL 7438.JPG,healthy,0,g2070,s_reliability,reliability_train,brightness,2365677643134394711,1.0750175719115558,,,,42
ce2d1faf72e93b46c967,data/plantvillage/raw/color/Apple___healthy/b776b468-ee06-4871-98da-3998ead30369___RS_HL 7438.JPG,healthy,0,g2070,s_reliability,reliability_train,contrast,9116424773941449745,,1.1582506044210392,,,42
3b2b5d0c03a4ba870436,data/plantvillage/raw/color/Apple___healthy/b776b468-ee06-4871-98da-3998ead30369___RS_HL 7438.JPG,healthy,0,g2070,s_reliability,reliability_train,gaussian_blur,4214952760034534401,,,1.145537661875724,,42
43d21f64228f02b6a398,data/plantvillage/raw/color/Apple___healthy/b776b468-ee06-4871-98da-3998ead30369___RS_HL 7438.JPG,healthy,0,g2070,s_reliability,reliability_train,gaussian_noise,8988735410193991802,,,,0.04292261798365551,42
914929a7b6e6dc1da420,data/plantvillage/raw/color/Apple___healthy/b85dfb75-f620-427c-9108-02547560a2b4___RS_HL 5913.JPG,healthy,0,g2076,s_reliability,reliability_train,original,,,,,,42
e58e134fcc430ee89ec7,data/plantvillage/raw/color/Apple___healthy/b85dfb75-f620-427c-9108-02547560a2b4___RS_HL 5913.JPG,healthy,0,g2076,s_reliability,reliability_train,brightness,8793225143273527977,0.8240762318657053,,,,42
0f91858be88370d9de90,data/plantvillage/raw/color/Apple___healthy/b85dfb75-f620-427c-9108-02547560a2b4___RS_HL 5913.JPG,healthy,0,g2076,s_reliability,reliability_train,contrast,6265584697138144249,,1.0196394665234805,,,42
06ad2989bdd028d57844,data/plantvillage/raw/color/Apple___healthy/b85dfb75-f620-427c-9108-02547560a2b4___RS_HL 5913.JPG,healthy,0,g2076,s_reliability,reliability_train,gaussian_blur,8792802007609175368,,,1.0849505554052472,,42
48434e8f2d35659598af,data/plantvillage/raw/color/Apple___healthy/b85dfb75-f620-427c-9108-02547560a2b4___RS_HL 5913.JPG,healthy,0,g2076,s_reliability,reliability_train,gaussian_noise,5061046377607003889,,,,0.042060955853097264,42
04d2b4a60c21f8d6ec2c,data/plantvillage/raw/color/Apple___healthy/ba04fd9d-8914-4513-bc3a-2b8c3998fe83___RS_HL 7256.JPG,healthy,0,g2087,s_reliability,reliability_train,original,,,,,,42
dc36a0b7a3a467c0e987,data/plantvillage/raw/color/Apple___healthy/ba04fd9d-8914-4513-bc3a-2b8c3998fe83___RS_HL 7256.JPG,healthy,0,g2087,s_reliability,reliability_train,brightness,1797921920118738268,0.9750794405813554,,,,42
148bc3c742bfa25ec639,data/plantvillage/raw/color/Apple___healthy/ba04fd9d-8914-4513-bc3a-2b8c3998fe83___RS_HL 7256.JPG,healthy,0,g2087,s_reliability,reliability_train,contrast,438113381768895326,,1.0730466078895762,,,42
361f095e4ca4bd4d69af,data/plantvillage/raw/color/Apple___healthy/ba04fd9d-8914-4513-bc3a-2b8c3998fe83___RS_HL 7256.JPG,healthy,0,g2087,s_reliability,reliability_train,gaussian_blur,4751290530091350662,,,1.0119356399405826,,42
96b69ecb0c23fd6313ff,data/plantvillage/raw/color/Apple___healthy/ba04fd9d-8914-4513-bc3a-2b8c3998fe83___RS_HL 7256.JPG,healthy,0,g2087,s_reliability,reliability_train,gaussian_noise,1742269739191165336,,,,0.029219425287541373,42
7721a2f5d01660e128ba,data/plantvillage/raw/color/Apple___healthy/ba78848a-d307-4ba9-bb8e-34de742de684___RS_HL 7266.JPG,healthy,0,g2093,s_reliability,reliability_train,original,,,,,,42
9612d51fc0b1da50df6d,data/plantvillage/raw/color/Apple___healthy/ba78848a-d307-4ba9-bb8e-34de742de684___RS_HL 7266.JPG,healthy,0,g2093,s_reliability,reliability_train,brightness,180513268911619436,1.2057437902938726,,,,42
e8ce493e638642d12931,data/plantvillage/raw/color/Apple___healthy/ba78848a-d307-4ba9-bb8e-34de742de684___RS_HL 7266.JPG,healthy,0,g2093,s_reliability,reliability_train,contrast,6656166065330326980,,0.7337856621956077,,,42
d1fc300c3500dfaf4322,data/plantvillage/raw/color/Apple___healthy/ba78848a-d307-4ba9-bb8e-34de742de684___RS_HL 7266.JPG,healthy,0,g2093,s_reliability,reliability_train,gaussian_blur,6324544314400759133,,,0.9060317365141395,,42
920f573ac66cba575dd7,data/plantvillage/raw/color/Apple___healthy/ba78848a-d307-4ba9-bb8e-34de742de684___RS_HL 7266.JPG,healthy,0,g2093,s_reliability,reliability_train,gaussian_noise,8329810117937817382,,,,0.01784257470756679,42
cf5548f25743edc0cbcb,data/plantvillage/raw/color/Apple___healthy/bc0818a9-ad35-4d9d-93c7-20a9901c0781___RS_HL 8098.JPG,healthy,0,g2101,s_reliability,reliability_val,original,,,,,,42
c5da03b69c50479a35a8,data/plantvillage/raw/color/Apple___healthy/bc0818a9-ad35-4d9d-93c7-20a9901c0781___RS_HL 8098.JPG,healthy,0,g2101,s_reliability,reliability_val,brightness,8799735336434726382,1.1911884074886696,,,,42
22263a5e23990c1da4b5,data/plantvillage/raw/color/Apple___healthy/bc0818a9-ad35-4d9d-93c7-20a9901c0781___RS_HL 8098.JPG,healthy,0,g2101,s_reliability,reliability_val,contrast,8902078070277646931,,1.0630424896404822,,,42
a3544a52fd98140addcd,data/plantvillage/raw/color/Apple___healthy/bc0818a9-ad35-4d9d-93c7-20a9901c0781___RS_HL 8098.JPG,healthy,0,g2101,s_reliability,reliability_val,gaussian_blur,5838627005906542724,,,1.4980776906589175,,42
f49f3d9cdcaee007e3e1,data/plantvillage/raw/color/Apple___healthy/bc0818a9-ad35-4d9d-93c7-20a9901c0781___RS_HL 8098.JPG,healthy,0,g2101,s_reliability,reliability_val,gaussian_noise,6057847952184625287,,,,0.021363723166747527,42
fb2efa36c811ccac5edb,data/plantvillage/raw/color/Apple___healthy/bd802f98-838a-4703-b38d-5db77ddac1b8___RS_HL 8154.JPG,healthy,0,g2109,s_reliability,reliability_train,original,,,,,,42
7f53cd330d2ea1fe791d,data/plantvillage/raw/color/Apple___healthy/bd802f98-838a-4703-b38d-5db77ddac1b8___RS_HL 8154.JPG,healthy,0,g2109,s_reliability,reliability_train,brightness,9127502360244515742,1.0745386500691125,,,,42
95fe9696745ad8eed9ca,data/plantvillage/raw/color/Apple___healthy/bd802f98-838a-4703-b38d-5db77ddac1b8___RS_HL 8154.JPG,healthy,0,g2109,s_reliability,reliability_train,contrast,2071369085903572210,,0.7312516795632684,,,42
21aa9884eacc2caefb52,data/plantvillage/raw/color/Apple___healthy/bd802f98-838a-4703-b38d-5db77ddac1b8___RS_HL 8154.JPG,healthy,0,g2109,s_reliability,reliability_train,gaussian_blur,4730092531262903168,,,1.370288419602689,,42
97bbe061f5b08f600ae9,data/plantvillage/raw/color/Apple___healthy/bd802f98-838a-4703-b38d-5db77ddac1b8___RS_HL 8154.JPG,healthy,0,g2109,s_reliability,reliability_train,gaussian_noise,901818618789934454,,,,0.039976350567291326,42
63022531ff9fa6fc0d45,data/plantvillage/raw/color/Apple___healthy/bd9222f6-b97a-4e5b-ac0f-ff320f5f7180___RS_HL 7630.JPG,healthy,0,g2113,s_reliability,reliability_val,original,,,,,,42
390bd4462123782ef427,data/plantvillage/raw/color/Apple___healthy/bd9222f6-b97a-4e5b-ac0f-ff320f5f7180___RS_HL 7630.JPG,healthy,0,g2113,s_reliability,reliability_val,brightness,172015498134347704,1.175835998070807,,,,42
f0854de0092f6d905a02,data/plantvillage/raw/color/Apple___healthy/bd9222f6-b97a-4e5b-ac0f-ff320f5f7180___RS_HL 7630.JPG,healthy,0,g2113,s_reliability,reliability_val,contrast,1577609515580477337,,0.7522504153515164,,,42
db77dd87a49dcc26424e,data/plantvillage/raw/color/Apple___healthy/bd9222f6-b97a-4e5b-ac0f-ff320f5f7180___RS_HL 7630.JPG,healthy,0,g2113,s_reliability,reliability_val,gaussian_blur,4790145554200165788,,,1.0741143929785053,,42
245a46211af3d8cc0fa3,data/plantvillage/raw/color/Apple___healthy/bd9222f6-b97a-4e5b-ac0f-ff320f5f7180___RS_HL 7630.JPG,healthy,0,g2113,s_reliability,reliability_val,gaussian_noise,3926349062987368425,,,,0.013728333983041923,42
8221998e3131b7c66a72,data/plantvillage/raw/color/Apple___healthy/be0f61c7-6307-4492-8a2c-50987ca6890e___RS_HL 7403.JPG,healthy,0,g2118,s_reliability,reliability_train,original,,,,,,42
2e21325ce3d08a600010,data/plantvillage/raw/color/Apple___healthy/be0f61c7-6307-4492-8a2c-50987ca6890e___RS_HL 7403.JPG,healthy,0,g2118,s_reliability,reliability_train,brightness,9121134459745642125,1.2434822609539822,,,,42
7b79c93fc6b10ba34a80,data/plantvillage/raw/color/Apple___healthy/be0f61c7-6307-4492-8a2c-50987ca6890e___RS_HL 7403.JPG,healthy,0,g2118,s_reliability,reliability_train,contrast,2399888761978609597,,0.8268785206328331,,,42
20b720a3564367538a11,data/plantvillage/raw/color/Apple___healthy/be0f61c7-6307-4492-8a2c-50987ca6890e___RS_HL 7403.JPG,healthy,0,g2118,s_reliability,reliability_train,gaussian_blur,1348339869800633035,,,1.459088779663769,,42
def40ccdb802d9030596,data/plantvillage/raw/color/Apple___healthy/be0f61c7-6307-4492-8a2c-50987ca6890e___RS_HL 7403.JPG,healthy,0,g2118,s_reliability,reliability_train,gaussian_noise,6399073601265097094,,,,0.017409783859069407,42
86e3dc387cc38132ee5e,data/plantvillage/raw/color/Apple___healthy/bf26ad48-1ebb-4186-a52c-e249dc19317e___RS_HL 8195.JPG,healthy,0,g2126,s_reliability,reliability_train,original,,,,,,42
096673625b34be9bafa8,data/plantvillage/raw/color/Apple___healthy/bf26ad48-1ebb-4186-a52c-e249dc19317e___RS_HL 8195.JPG,healthy,0,g2126,s_reliability,reliability_train,brightness,8227145813088676731,0.976378392652633,,,,42
3146ebb62de44e56e0f9,data/plantvillage/raw/color/Apple___healthy/bf26ad48-1ebb-4186-a52c-e249dc19317e___RS_HL 8195.JPG,healthy,0,g2126,s_reliability,reliability_train,contrast,2056087432683652734,,1.0382942568963212,,,42
a9f65182625141ed8ddf,data/plantvillage/raw/color/Apple___healthy/bf26ad48-1ebb-4186-a52c-e249dc19317e___RS_HL 8195.JPG,healthy,0,g2126,s_reliability,reliability_train,gaussian_blur,370705917543667655,,,0.6733940116910309,,42
a678a9c3a9d5feb9ad65,data/plantvillage/raw/color/Apple___healthy/bf26ad48-1ebb-4186-a52c-e249dc19317e___RS_HL 8195.JPG,healthy,0,g2126,s_reliability,reliability_train,gaussian_noise,2746301745903897519,,,,0.027721141446319215,42
888b52343da7f4711815,data/plantvillage/raw/color/Apple___healthy/c0045dfa-da87-423c-a78c-07eb2fd456f3___RS_HL 7764.JPG,healthy,0,g2135,s_reliability,reliability_train,original,,,,,,42
096e12326ba1358ab7bc,data/plantvillage/raw/color/Apple___healthy/c0045dfa-da87-423c-a78c-07eb2fd456f3___RS_HL 7764.JPG,healthy,0,g2135,s_reliability,reliability_train,brightness,1532155772140127187,0.7931166418417321,,,,42
f58852c48802d7043b39,data/plantvillage/raw/color/Apple___healthy/c0045dfa-da87-423c-a78c-07eb2fd456f3___RS_HL 7764.JPG,healthy,0,g2135,s_reliability,reliability_train,contrast,775863984280875838,,0.9335391385990268,,,42
4963d9da05435f66c46e,data/plantvillage/raw/color/Apple___healthy/c0045dfa-da87-423c-a78c-07eb2fd456f3___RS_HL 7764.JPG,healthy,0,g2135,s_reliability,reliability_train,gaussian_blur,7247662756099903798,,,0.926635856422753,,42
6e5e47b091aad1e7a036,data/plantvillage/raw/color/Apple___healthy/c0045dfa-da87-423c-a78c-07eb2fd456f3___RS_HL 7764.JPG,healthy,0,g2135,s_reliability,reliability_train,gaussian_noise,5304108229709561733,,,,0.013365112575058654,42
2bb6537ddc619451a37d,data/plantvillage/raw/color/Apple___healthy/c07b5a20-2ebb-44b8-8a17-f8ce3890de91___RS_HL 7638.JPG,healthy,0,g2139,s_reliability,reliability_val,original,,,,,,42
f1b6e0934442c95160a6,data/plantvillage/raw/color/Apple___healthy/c07b5a20-2ebb-44b8-8a17-f8ce3890de91___RS_HL 7638.JPG,healthy,0,g2139,s_reliability,reliability_val,brightness,4136809796246448102,1.1644180034227662,,,,42
066b0d32ec838be62e22,data/plantvillage/raw/color/Apple___healthy/c07b5a20-2ebb-44b8-8a17-f8ce3890de91___RS_HL 7638.JPG,healthy,0,g2139,s_reliability,reliability_val,contrast,6682999832582545643,,0.9094378625301304,,,42
7a3f6527b2d2ee39723a,data/plantvillage/raw/color/Apple___healthy/c07b5a20-2ebb-44b8-8a17-f8ce3890de91___RS_HL 7638.JPG,healthy,0,g2139,s_reliability,reliability_val,gaussian_blur,3732462432036423482,,,0.5425326936863613,,42
1423e1eff43e520c37a1,data/plantvillage/raw/color/Apple___healthy/c07b5a20-2ebb-44b8-8a17-f8ce3890de91___RS_HL 7638.JPG,healthy,0,g2139,s_reliability,reliability_val,gaussian_noise,8446512876443846145,,,,0.019923722101704684,42
7e758aef47a2c0d2ea82,data/plantvillage/raw/color/Apple___healthy/c08ff541-b426-4e5b-8630-98b5246b7d20___RS_HL 5642.JPG,healthy,0,g2140,s_reliability,reliability_val,original,,,,,,42
59eab770ef4c82f5bb5e,data/plantvillage/raw/color/Apple___healthy/c08ff541-b426-4e5b-8630-98b5246b7d20___RS_HL 5642.JPG,healthy,0,g2140,s_reliability,reliability_val,brightness,7901447760014914251,0.8321592187134841,,,,42
340c40ac5a402d0b0b14,data/plantvillage/raw/color/Apple___healthy/c08ff541-b426-4e5b-8630-98b5246b7d20___RS_HL 5642.JPG,healthy,0,g2140,s_reliability,reliability_val,contrast,7040978899187286917,,0.8991585219142556,,,42
58d462692c51c595ac13,data/plantvillage/raw/color/Apple___healthy/c08ff541-b426-4e5b-8630-98b5246b7d20___RS_HL 5642.JPG,healthy,0,g2140,s_reliability,reliability_val,gaussian_blur,1129685229107744488,,,1.1421320484811093,,42
308dce40c23b2e5b7069,data/plantvillage/raw/color/Apple___healthy/c08ff541-b426-4e5b-8630-98b5246b7d20___RS_HL 5642.JPG,healthy,0,g2140,s_reliability,reliability_val,gaussian_noise,3658720964194921241,,,,0.033149885763990604,42
76a8543645381c52d935,data/plantvillage/raw/color/Apple___healthy/c09a02e7-f47a-4dea-b648-eaad0d9f3df1___RS_HL 6037.JPG,healthy,0,g2141,s_reliability,reliability_train,original,,,,,,42
6a2f501c947e679f4f20,data/plantvillage/raw/color/Apple___healthy/c09a02e7-f47a-4dea-b648-eaad0d9f3df1___RS_HL 6037.JPG,healthy,0,g2141,s_reliability,reliability_train,brightness,7318574128096411402,1.1855160279488623,,,,42
946fa4518aa9f2d5dc6a,data/plantvillage/raw/color/Apple___healthy/c09a02e7-f47a-4dea-b648-eaad0d9f3df1___RS_HL 6037.JPG,healthy,0,g2141,s_reliability,reliability_train,contrast,3111374834762598035,,0.9047617592988995,,,42
ee652b1447143f8f85e8,data/plantvillage/raw/color/Apple___healthy/c09a02e7-f47a-4dea-b648-eaad0d9f3df1___RS_HL 6037.JPG,healthy,0,g2141,s_reliability,reliability_train,gaussian_blur,7061840616175433430,,,1.1269335419549655,,42
2d5b2821ad6017de922b,data/plantvillage/raw/color/Apple___healthy/c09a02e7-f47a-4dea-b648-eaad0d9f3df1___RS_HL 6037.JPG,healthy,0,g2141,s_reliability,reliability_train,gaussian_noise,4482699771422407971,,,,0.025298880006848164,42
3ac461c53350246cd845,data/plantvillage/raw/color/Apple___healthy/c1b8e085-537b-4a2d-890f-76f0dabb4757___RS_HL 7928.JPG,healthy,0,g2144,s_reliability,reliability_train,original,,,,,,42
f579f873ef99dce65c51,data/plantvillage/raw/color/Apple___healthy/c1b8e085-537b-4a2d-890f-76f0dabb4757___RS_HL 7928.JPG,healthy,0,g2144,s_reliability,reliability_train,brightness,1677776963707918586,1.2760265259765902,,,,42
421293c9aad272f74b0a,data/plantvillage/raw/color/Apple___healthy/c1b8e085-537b-4a2d-890f-76f0dabb4757___RS_HL 7928.JPG,healthy,0,g2144,s_reliability,reliability_train,contrast,5161992963489675810,,1.1510633574445606,,,42
0183e5521c14f5926f7d,data/plantvillage/raw/color/Apple___healthy/c1b8e085-537b-4a2d-890f-76f0dabb4757___RS_HL 7928.JPG,healthy,0,g2144,s_reliability,reliability_train,gaussian_blur,8152934542376510886,,,0.8090933183456908,,42
9b658006bd18434f5565,data/plantvillage/raw/color/Apple___healthy/c1b8e085-537b-4a2d-890f-76f0dabb4757___RS_HL 7928.JPG,healthy,0,g2144,s_reliability,reliability_train,gaussian_noise,5007149080097467802,,,,0.044034355099742205,42
e69efec21c669a324563,data/plantvillage/raw/color/Apple___healthy/c25d42b9-915a-442d-bdae-d1405e76b8a8___RS_HL 6179.JPG,healthy,0,g2149,s_reliability,reliability_train,original,,,,,,42
58d6150421542ba6bff2,data/plantvillage/raw/color/Apple___healthy/c25d42b9-915a-442d-bdae-d1405e76b8a8___RS_HL 6179.JPG,healthy,0,g2149,s_reliability,reliability_train,brightness,4975643983549160138,0.7828723129237003,,,,42
c3b2b05adad34ae3e9cd,data/plantvillage/raw/color/Apple___healthy/c25d42b9-915a-442d-bdae-d1405e76b8a8___RS_HL 6179.JPG,healthy,0,g2149,s_reliability,reliability_train,contrast,1845452395850228451,,1.0076742398983352,,,42
24b542153842a1d5398b,data/plantvillage/raw/color/Apple___healthy/c25d42b9-915a-442d-bdae-d1405e76b8a8___RS_HL 6179.JPG,healthy,0,g2149,s_reliability,reliability_train,gaussian_blur,5608949054174404126,,,1.2117603423095487,,42
b9681b88dc47bb44bd33,data/plantvillage/raw/color/Apple___healthy/c25d42b9-915a-442d-bdae-d1405e76b8a8___RS_HL 6179.JPG,healthy,0,g2149,s_reliability,reliability_train,gaussian_noise,2363685273175047632,,,,0.01793314336763409,42
e1c97c5e292b2a6dbbde,data/plantvillage/raw/color/Apple___healthy/c2aa2c88-d07b-4df4-80c7-1ba703254844___RS_HL 5727.JPG,healthy,0,g2151,s_reliability,reliability_train,original,,,,,,42
1a6cfda8efeb2f5bb136,data/plantvillage/raw/color/Apple___healthy/c2aa2c88-d07b-4df4-80c7-1ba703254844___RS_HL 5727.JPG,healthy,0,g2151,s_reliability,reliability_train,brightness,6201872872046183563,1.273212599505423,,,,42
1815407a8b8f1ac9b00d,data/plantvillage/raw/color/Apple___healthy/c2aa2c88-d07b-4df4-80c7-1ba703254844___RS_HL 5727.JPG,healthy,0,g2151,s_reliability,reliability_train,contrast,3181043192243917182,,1.2471065682876934,,,42
cbbe1180db7338481052,data/plantvillage/raw/color/Apple___healthy/c2aa2c88-d07b-4df4-80c7-1ba703254844___RS_HL 5727.JPG,healthy,0,g2151,s_reliability,reliability_train,gaussian_blur,2564162601311862432,,,1.316633947873317,,42
40422b4f368270506cc2,data/plantvillage/raw/color/Apple___healthy/c2aa2c88-d07b-4df4-80c7-1ba703254844___RS_HL 5727.JPG,healthy,0,g2151,s_reliability,reliability_train,gaussian_noise,6784817004498070987,,,,0.048790632152740106,42
75b0869adf8aae41dd63,data/plantvillage/raw/color/Apple___healthy/c3d84f64-28b0-4ea7-a45a-ea564a9b801e___RS_HL 5648.JPG,healthy,0,g2158,s_reliability,reliability_train,original,,,,,,42
35ac56fb741a094f2716,data/plantvillage/raw/color/Apple___healthy/c3d84f64-28b0-4ea7-a45a-ea564a9b801e___RS_HL 5648.JPG,healthy,0,g2158,s_reliability,reliability_train,brightness,7994818079403712818,1.2575528817467188,,,,42
64402d869636aaa4a088,data/plantvillage/raw/color/Apple___healthy/c3d84f64-28b0-4ea7-a45a-ea564a9b801e___RS_HL 5648.JPG,healthy,0,g2158,s_reliability,reliability_train,contrast,1212969349029424454,,1.205650426023518,,,42
df5ed01dcdacf76e3125,data/plantvillage/raw/color/Apple___healthy/c3d84f64-28b0-4ea7-a45a-ea564a9b801e___RS_HL 5648.JPG,healthy,0,g2158,s_reliability,reliability_train,gaussian_blur,5136720669961115547,,,1.1422573694045977,,42
56e905d1a2dc46828ec1,data/plantvillage/raw/color/Apple___healthy/c3d84f64-28b0-4ea7-a45a-ea564a9b801e___RS_HL 5648.JPG,healthy,0,g2158,s_reliability,reliability_train,gaussian_noise,7852498339695922455,,,,0.04366808621332278,42
457d1a37e95138172a1d,data/plantvillage/raw/color/Apple___healthy/c6086c14-d6e9-4c87-8bfe-1275b959bcf7___RS_HL 7369.JPG,healthy,0,g2172,s_reliability,reliability_train,original,,,,,,42
ede64b1785f2d8d8ba4b,data/plantvillage/raw/color/Apple___healthy/c6086c14-d6e9-4c87-8bfe-1275b959bcf7___RS_HL 7369.JPG,healthy,0,g2172,s_reliability,reliability_train,brightness,5394427658917039094,0.9354401784262952,,,,42
e054ff9e13f3bb0bc32a,data/plantvillage/raw/color/Apple___healthy/c6086c14-d6e9-4c87-8bfe-1275b959bcf7___RS_HL 7369.JPG,healthy,0,g2172,s_reliability,reliability_train,contrast,7789996325212330467,,0.7916179709294502,,,42
b7a34ce31c963501f0ae,data/plantvillage/raw/color/Apple___healthy/c6086c14-d6e9-4c87-8bfe-1275b959bcf7___RS_HL 7369.JPG,healthy,0,g2172,s_reliability,reliability_train,gaussian_blur,8629583409565100548,,,1.2716252582297112,,42
b0ca338f7c89770cae29,data/plantvillage/raw/color/Apple___healthy/c6086c14-d6e9-4c87-8bfe-1275b959bcf7___RS_HL 7369.JPG,healthy,0,g2172,s_reliability,reliability_train,gaussian_noise,2254907848757832646,,,,0.011241313295914832,42
a9679fcd52c3ba748012,data/plantvillage/raw/color/Apple___healthy/c73cded7-83a5-4c2f-8f38-0b225165822c___RS_HL 5826.JPG,healthy,0,g2179,s_reliability,reliability_train,original,,,,,,42
e8abc3fecbb4b1d1ea38,data/plantvillage/raw/color/Apple___healthy/c73cded7-83a5-4c2f-8f38-0b225165822c___RS_HL 5826.JPG,healthy,0,g2179,s_reliability,reliability_train,brightness,6113367042011943218,1.215894431776288,,,,42
a584311c6b1f3e8cb2ef,data/plantvillage/raw/color/Apple___healthy/c73cded7-83a5-4c2f-8f38-0b225165822c___RS_HL 5826.JPG,healthy,0,g2179,s_reliability,reliability_train,contrast,3791320965133240713,,0.9556493379130255,,,42
a59e6807e7f43a94b241,data/plantvillage/raw/color/Apple___healthy/c73cded7-83a5-4c2f-8f38-0b225165822c___RS_HL 5826.JPG,healthy,0,g2179,s_reliability,reliability_train,gaussian_blur,7382405189823223510,,,1.042292375793967,,42
ac3c5b8a37c97c04a0a3,data/plantvillage/raw/color/Apple___healthy/c73cded7-83a5-4c2f-8f38-0b225165822c___RS_HL 5826.JPG,healthy,0,g2179,s_reliability,reliability_train,gaussian_noise,119254409845564898,,,,0.04006657299981804,42
d8d013fe8824113a8843,data/plantvillage/raw/color/Apple___healthy/c866af3f-3279-42b7-8e3d-f4f1a84f733b___RS_HL 5883.JPG,healthy,0,g2184,s_reliability,reliability_train,original,,,,,,42
3146e51c9588f5387b83,data/plantvillage/raw/color/Apple___healthy/c866af3f-3279-42b7-8e3d-f4f1a84f733b___RS_HL 5883.JPG,healthy,0,g2184,s_reliability,reliability_train,brightness,330768210966878635,0.8890688501277324,,,,42
028fd09ceb969a90d691,data/plantvillage/raw/color/Apple___healthy/c866af3f-3279-42b7-8e3d-f4f1a84f733b___RS_HL 5883.JPG,healthy,0,g2184,s_reliability,reliability_train,contrast,5028767337899419748,,0.8100007568238327,,,42
1d5dbb1003cb4af040b8,data/plantvillage/raw/color/Apple___healthy/c866af3f-3279-42b7-8e3d-f4f1a84f733b___RS_HL 5883.JPG,healthy,0,g2184,s_reliability,reliability_train,gaussian_blur,2920656181605310539,,,1.006898562633301,,42
ba4708c1b17a170c183d,data/plantvillage/raw/color/Apple___healthy/c866af3f-3279-42b7-8e3d-f4f1a84f733b___RS_HL 5883.JPG,healthy,0,g2184,s_reliability,reliability_train,gaussian_noise,1152016542204788266,,,,0.04851951592932933,42
8a4505126d63ec85f759,data/plantvillage/raw/color/Apple___healthy/c93d7101-89bf-48d9-bcb2-3957da7131ff___RS_HL 8035.JPG,healthy,0,g2194,s_reliability,reliability_train,original,,,,,,42
7ceb163ba4d4d5c781b7,data/plantvillage/raw/color/Apple___healthy/c93d7101-89bf-48d9-bcb2-3957da7131ff___RS_HL 8035.JPG,healthy,0,g2194,s_reliability,reliability_train,brightness,5558281756690160530,1.2342082225566018,,,,42
cc9dc915bd10b312bd21,data/plantvillage/raw/color/Apple___healthy/c93d7101-89bf-48d9-bcb2-3957da7131ff___RS_HL 8035.JPG,healthy,0,g2194,s_reliability,reliability_train,contrast,1727359253534302747,,1.1531299635432988,,,42
1b253d31926640ac3ca3,data/plantvillage/raw/color/Apple___healthy/c93d7101-89bf-48d9-bcb2-3957da7131ff___RS_HL 8035.JPG,healthy,0,g2194,s_reliability,reliability_train,gaussian_blur,6823915968152106117,,,1.105232134183948,,42
1b5ffcc52a4b37788c3d,data/plantvillage/raw/color/Apple___healthy/c93d7101-89bf-48d9-bcb2-3957da7131ff___RS_HL 8035.JPG,healthy,0,g2194,s_reliability,reliability_train,gaussian_noise,6750806713100144370,,,,0.047024848288745466,42
82ed3d908665f2e1dc62,data/plantvillage/raw/color/Apple___healthy/c9ea6277-0581-43dd-91d6-3fddfdf447be___RS_HL 7412.JPG,healthy,0,g2201,s_reliability,reliability_train,original,,,,,,42
822c0094bef49ad08600,data/plantvillage/raw/color/Apple___healthy/c9ea6277-0581-43dd-91d6-3fddfdf447be___RS_HL 7412.JPG,healthy,0,g2201,s_reliability,reliability_train,brightness,1124035242754723277,0.8019236110275227,,,,42
94c2782dd6d8123420e6,data/plantvillage/raw/color/Apple___healthy/c9ea6277-0581-43dd-91d6-3fddfdf447be___RS_HL 7412.JPG,healthy,0,g2201,s_reliability,reliability_train,contrast,2955705320888015645,,1.2402788890882799,,,42
39e79f2f41950698819a,data/plantvillage/raw/color/Apple___healthy/c9ea6277-0581-43dd-91d6-3fddfdf447be___RS_HL 7412.JPG,healthy,0,g2201,s_reliability,reliability_train,gaussian_blur,4061784450760376337,,,1.2924075736535614,,42
f9ec2d35b0aa7dd62e70,data/plantvillage/raw/color/Apple___healthy/c9ea6277-0581-43dd-91d6-3fddfdf447be___RS_HL 7412.JPG,healthy,0,g2201,s_reliability,reliability_train,gaussian_noise,3925436085287329716,,,,0.04505315712271693,42
8500a0cf656fe4b1fed3,data/plantvillage/raw/color/Apple___healthy/ca1cb6e7-c72f-4c06-b7c8-b370b48a74c6___RS_HL 5691.JPG,healthy,0,g2205,s_reliability,reliability_train,original,,,,,,42
967900037b163b43e812,data/plantvillage/raw/color/Apple___healthy/ca1cb6e7-c72f-4c06-b7c8-b370b48a74c6___RS_HL 5691.JPG,healthy,0,g2205,s_reliability,reliability_train,brightness,64681054543535096,1.001574255859222,,,,42
83b1045b83dca0a99383,data/plantvillage/raw/color/Apple___healthy/ca1cb6e7-c72f-4c06-b7c8-b370b48a74c6___RS_HL 5691.JPG,healthy,0,g2205,s_reliability,reliability_train,contrast,5758528568764750168,,0.7633893097679888,,,42
eee0a6bc0885f2422383,data/plantvillage/raw/color/Apple___healthy/ca1cb6e7-c72f-4c06-b7c8-b370b48a74c6___RS_HL 5691.JPG,healthy,0,g2205,s_reliability,reliability_train,gaussian_blur,6625218194976635370,,,0.904363199516303,,42
596b5eac10966d1b10a7,data/plantvillage/raw/color/Apple___healthy/ca1cb6e7-c72f-4c06-b7c8-b370b48a74c6___RS_HL 5691.JPG,healthy,0,g2205,s_reliability,reliability_train,gaussian_noise,6547022880932985936,,,,0.023021299768056377,42
bebca8e78ed688ce6e11,data/plantvillage/raw/color/Apple___healthy/ca4458ac-56ef-41f3-b7a9-6084846069fd___RS_HL 6072.JPG,healthy,0,g2206,s_reliability,reliability_train,original,,,,,,42
a70d299b7492ea987647,data/plantvillage/raw/color/Apple___healthy/ca4458ac-56ef-41f3-b7a9-6084846069fd___RS_HL 6072.JPG,healthy,0,g2206,s_reliability,reliability_train,brightness,5264637720931447667,1.0428163542857307,,,,42
a3cb9cc297a5198d4314,data/plantvillage/raw/color/Apple___healthy/ca4458ac-56ef-41f3-b7a9-6084846069fd___RS_HL 6072.JPG,healthy,0,g2206,s_reliability,reliability_train,contrast,5567781488950657950,,1.0330599578339454,,,42
fcfb03ff1f10602f4529,data/plantvillage/raw/color/Apple___healthy/ca4458ac-56ef-41f3-b7a9-6084846069fd___RS_HL 6072.JPG,healthy,0,g2206,s_reliability,reliability_train,gaussian_blur,8320185244374521532,,,0.5419395901439416,,42
42d33cd20760f08f4231,data/plantvillage/raw/color/Apple___healthy/ca4458ac-56ef-41f3-b7a9-6084846069fd___RS_HL 6072.JPG,healthy,0,g2206,s_reliability,reliability_train,gaussian_noise,6758029274646793271,,,,0.038366033395993086,42
2c8e862b7a76a72c7d9a,data/plantvillage/raw/color/Apple___healthy/ca66c694-e8cb-47df-84af-b4c46de1fd3e___RS_HL 7862.JPG,healthy,0,g2207,s_reliability,reliability_train,original,,,,,,42
25311328ae267eaff434,data/plantvillage/raw/color/Apple___healthy/ca66c694-e8cb-47df-84af-b4c46de1fd3e___RS_HL 7862.JPG,healthy,0,g2207,s_reliability,reliability_train,brightness,466335382305044982,0.9759496994748276,,,,42
790c75a443f9cf6af08c,data/plantvillage/raw/color/Apple___healthy/ca66c694-e8cb-47df-84af-b4c46de1fd3e___RS_HL 7862.JPG,healthy,0,g2207,s_reliability,reliability_train,contrast,7668705425055595804,,0.8728316710111689,,,42
fc98debdff75f77a1270,data/plantvillage/raw/color/Apple___healthy/ca66c694-e8cb-47df-84af-b4c46de1fd3e___RS_HL 7862.JPG,healthy,0,g2207,s_reliability,reliability_train,gaussian_blur,4102053552798075551,,,0.7664091708947995,,42
29392ad67b2e1afaaba2,data/plantvillage/raw/color/Apple___healthy/ca66c694-e8cb-47df-84af-b4c46de1fd3e___RS_HL 7862.JPG,healthy,0,g2207,s_reliability,reliability_train,gaussian_noise,2561215519920667653,,,,0.016396574973629334,42
026ae6bb37c3a7c491ff,data/plantvillage/raw/color/Apple___healthy/ce955079-4dde-4b96-9240-5348dbb3c774___RS_HL 7760.JPG,healthy,0,g2227,s_reliability,reliability_train,original,,,,,,42
53cd8cb3f6e383bfd265,data/plantvillage/raw/color/Apple___healthy/ce955079-4dde-4b96-9240-5348dbb3c774___RS_HL 7760.JPG,healthy,0,g2227,s_reliability,reliability_train,brightness,1542284079762645356,0.8204426885087397,,,,42
a1b7603737810ee4898a,data/plantvillage/raw/color/Apple___healthy/ce955079-4dde-4b96-9240-5348dbb3c774___RS_HL 7760.JPG,healthy,0,g2227,s_reliability,reliability_train,contrast,7018544803103880387,,0.7474248611541382,,,42
edb4b76e7149a9d7a29d,data/plantvillage/raw/color/Apple___healthy/ce955079-4dde-4b96-9240-5348dbb3c774___RS_HL 7760.JPG,healthy,0,g2227,s_reliability,reliability_train,gaussian_blur,8795465109502907689,,,0.9078707653865126,,42
caedc674c1a54d23b8ef,data/plantvillage/raw/color/Apple___healthy/ce955079-4dde-4b96-9240-5348dbb3c774___RS_HL 7760.JPG,healthy,0,g2227,s_reliability,reliability_train,gaussian_noise,6794807253845001703,,,,0.028518212000563203,42
c31a6cfbc0906d1d9c63,data/plantvillage/raw/color/Apple___healthy/ceead707-a3f7-4ac7-801e-113399dcf68a___RS_HL 7254.JPG,healthy,0,g2231,s_reliability,reliability_train,original,,,,,,42
c5ce2bae713f9fb0eae5,data/plantvillage/raw/color/Apple___healthy/ceead707-a3f7-4ac7-801e-113399dcf68a___RS_HL 7254.JPG,healthy,0,g2231,s_reliability,reliability_train,brightness,5310635950468506830,1.2125850553548485,,,,42
836fcd3974f32a14d979,data/plantvillage/raw/color/Apple___healthy/ceead707-a3f7-4ac7-801e-113399dcf68a___RS_HL 7254.JPG,healthy,0,g2231,s_reliability,reliability_train,contrast,8453389600264170856,,1.2282785937120335,,,42
d91e84bedb8d68823a3f,data/plantvillage/raw/color/Apple___healthy/ceead707-a3f7-4ac7-801e-113399dcf68a___RS_HL 7254.JPG,healthy,0,g2231,s_reliability,reliability_train,gaussian_blur,8141292800331339798,,,1.2618486595911564,,42
0a5bb8376d428fbd973b,data/plantvillage/raw/color/Apple___healthy/ceead707-a3f7-4ac7-801e-113399dcf68a___RS_HL 7254.JPG,healthy,0,g2231,s_reliability,reliability_train,gaussian_noise,1437456683084059539,,,,0.016770878553564152,42
07d023b11083c959c28a,data/plantvillage/raw/color/Apple___healthy/d2fc2f4e-9094-4e38-bc7a-f40c5c059280___RS_HL 8170.JPG,healthy,0,g2255,s_reliability,reliability_train,original,,,,,,42
f647ec36803b0188365c,data/plantvillage/raw/color/Apple___healthy/d2fc2f4e-9094-4e38-bc7a-f40c5c059280___RS_HL 8170.JPG,healthy,0,g2255,s_reliability,reliability_train,brightness,6468456812140489579,1.1322657762255826,,,,42
68263bee62a01ab0344b,data/plantvillage/raw/color/Apple___healthy/d2fc2f4e-9094-4e38-bc7a-f40c5c059280___RS_HL 8170.JPG,healthy,0,g2255,s_reliability,reliability_train,contrast,1346612767160249970,,0.7335255042392433,,,42
eaa6a11f933239e30b8b,data/plantvillage/raw/color/Apple___healthy/d2fc2f4e-9094-4e38-bc7a-f40c5c059280___RS_HL 8170.JPG,healthy,0,g2255,s_reliability,reliability_train,gaussian_blur,4626427805772643900,,,0.864117616238262,,42
1c69c05045c5295e52b0,data/plantvillage/raw/color/Apple___healthy/d2fc2f4e-9094-4e38-bc7a-f40c5c059280___RS_HL 8170.JPG,healthy,0,g2255,s_reliability,reliability_train,gaussian_noise,4832447173228070878,,,,0.015262237558385237,42
933697676eef75f2dea5,data/plantvillage/raw/color/Apple___healthy/d321145e-6ab0-4ad2-8109-f34ee4389149___RS_HL 7848.JPG,healthy,0,g2257,s_reliability,reliability_val,original,,,,,,42
85d8e884694090ae82db,data/plantvillage/raw/color/Apple___healthy/d321145e-6ab0-4ad2-8109-f34ee4389149___RS_HL 7848.JPG,healthy,0,g2257,s_reliability,reliability_val,brightness,7240918213609358812,1.1989368870284907,,,,42
1b2a607c1808e9dd3b62,data/plantvillage/raw/color/Apple___healthy/d321145e-6ab0-4ad2-8109-f34ee4389149___RS_HL 7848.JPG,healthy,0,g2257,s_reliability,reliability_val,contrast,1554124224010787712,,0.8517547009289641,,,42
f45581caa5461bae0ba4,data/plantvillage/raw/color/Apple___healthy/d321145e-6ab0-4ad2-8109-f34ee4389149___RS_HL 7848.JPG,healthy,0,g2257,s_reliability,reliability_val,gaussian_blur,2447524551001015328,,,0.5169470114245289,,42
2c3d181c4a1c7148b784,data/plantvillage/raw/color/Apple___healthy/d321145e-6ab0-4ad2-8109-f34ee4389149___RS_HL 7848.JPG,healthy,0,g2257,s_reliability,reliability_val,gaussian_noise,8354090274434472574,,,,0.02834789039347236,42
aca4dfdcf5a10586f76b,data/plantvillage/raw/color/Apple___healthy/d3780b4b-4bf7-484a-ab4a-2c2f0894f930___RS_HL 7681.JPG,healthy,0,g2262,s_reliability,reliability_train,original,,,,,,42
ee25016d28a8aba2e13a,data/plantvillage/raw/color/Apple___healthy/d3780b4b-4bf7-484a-ab4a-2c2f0894f930___RS_HL 7681.JPG,healthy,0,g2262,s_reliability,reliability_train,brightness,7985091599855404209,0.7534664862685114,,,,42
071adc5de8dfb1e561e3,data/plantvillage/raw/color/Apple___healthy/d3780b4b-4bf7-484a-ab4a-2c2f0894f930___RS_HL 7681.JPG,healthy,0,g2262,s_reliability,reliability_train,contrast,1053766888687025902,,1.028712888849292,,,42
c4ec50aa8930bf69bec4,data/plantvillage/raw/color/Apple___healthy/d3780b4b-4bf7-484a-ab4a-2c2f0894f930___RS_HL 7681.JPG,healthy,0,g2262,s_reliability,reliability_train,gaussian_blur,25533960688011505,,,1.1468409048329589,,42
1c850543ab4e2ecc4f0b,data/plantvillage/raw/color/Apple___healthy/d3780b4b-4bf7-484a-ab4a-2c2f0894f930___RS_HL 7681.JPG,healthy,0,g2262,s_reliability,reliability_train,gaussian_noise,7114091361769678981,,,,0.025364090548107496,42
ed91d747d6981c6f5e37,data/plantvillage/raw/color/Apple___healthy/d3f4f38e-212e-451f-9a8f-26a6ea5e3877___RS_HL 5924.JPG,healthy,0,g2266,s_reliability,reliability_val,original,,,,,,42
96da1f2193c767ed06ec,data/plantvillage/raw/color/Apple___healthy/d3f4f38e-212e-451f-9a8f-26a6ea5e3877___RS_HL 5924.JPG,healthy,0,g2266,s_reliability,reliability_val,brightness,2981637758456907665,0.9253968463171397,,,,42
f61fa378ea1e293e0e61,data/plantvillage/raw/color/Apple___healthy/d3f4f38e-212e-451f-9a8f-26a6ea5e3877___RS_HL 5924.JPG,healthy,0,g2266,s_reliability,reliability_val,contrast,2558785740828479110,,0.9478839864961279,,,42
c7f7a40c0f59dc7684ba,data/plantvillage/raw/color/Apple___healthy/d3f4f38e-212e-451f-9a8f-26a6ea5e3877___RS_HL 5924.JPG,healthy,0,g2266,s_reliability,reliability_val,gaussian_blur,2191862666935754441,,,1.399781896157981,,42
8df82b9f69aaa064abc1,data/plantvillage/raw/color/Apple___healthy/d3f4f38e-212e-451f-9a8f-26a6ea5e3877___RS_HL 5924.JPG,healthy,0,g2266,s_reliability,reliability_val,gaussian_noise,5448603449935727185,,,,0.02899310854153478,42
767c95c8c8d4a210d9d2,data/plantvillage/raw/color/Apple___healthy/d4008303-6d94-458e-b0f4-61044cc427ae___RS_HL 7709.JPG,healthy,0,g2267,s_reliability,reliability_train,original,,,,,,42
53cec4484c176d8aca3c,data/plantvillage/raw/color/Apple___healthy/d4008303-6d94-458e-b0f4-61044cc427ae___RS_HL 7709.JPG,healthy,0,g2267,s_reliability,reliability_train,brightness,2334795289973209140,1.154159976352562,,,,42
2a7fa4fc64510ec769bc,data/plantvillage/raw/color/Apple___healthy/d4008303-6d94-458e-b0f4-61044cc427ae___RS_HL 7709.JPG,healthy,0,g2267,s_reliability,reliability_train,contrast,1261241023615781527,,0.9862975612478377,,,42
45f72deb9d2d01cddb45,data/plantvillage/raw/color/Apple___healthy/d4008303-6d94-458e-b0f4-61044cc427ae___RS_HL 7709.JPG,healthy,0,g2267,s_reliability,reliability_train,gaussian_blur,256010252319876584,,,1.3404890207405364,,42
de76ef27c4a4f83ab311,data/plantvillage/raw/color/Apple___healthy/d4008303-6d94-458e-b0f4-61044cc427ae___RS_HL 7709.JPG,healthy,0,g2267,s_reliability,reliability_train,gaussian_noise,9006962048028483303,,,,0.02405633632397878,42
5161e84446db0f27569e,data/plantvillage/raw/color/Apple___healthy/d454a4da-a867-45f8-962e-465946df58c9___RS_HL 5876.JPG,healthy,0,g2271,s_reliability,reliability_train,original,,,,,,42
8cc6201e1cc11c9fd627,data/plantvillage/raw/color/Apple___healthy/d454a4da-a867-45f8-962e-465946df58c9___RS_HL 5876.JPG,healthy,0,g2271,s_reliability,reliability_train,brightness,6169021669804944118,1.0560692784008823,,,,42
f4719df0f0833e36b15c,data/plantvillage/raw/color/Apple___healthy/d454a4da-a867-45f8-962e-465946df58c9___RS_HL 5876.JPG,healthy,0,g2271,s_reliability,reliability_train,contrast,8725784492066914337,,1.2018445464132816,,,42
ecefd23826dbc9bc649c,data/plantvillage/raw/color/Apple___healthy/d454a4da-a867-45f8-962e-465946df58c9___RS_HL 5876.JPG,healthy,0,g2271,s_reliability,reliability_train,gaussian_blur,5463419465575760699,,,1.1671908757698994,,42
e118c0129303c2c3912d,data/plantvillage/raw/color/Apple___healthy/d454a4da-a867-45f8-962e-465946df58c9___RS_HL 5876.JPG,healthy,0,g2271,s_reliability,reliability_train,gaussian_noise,4446408235600930143,,,,0.0380692766300087,42
eb2ca9adc084c6accf8f,data/plantvillage/raw/color/Apple___healthy/d496c802-e976-49b5-af09-b698fcf991f7___RS_HL 7429.JPG,healthy,0,g2273,s_reliability,reliability_val,original,,,,,,42
03599b048706c2c186ac,data/plantvillage/raw/color/Apple___healthy/d496c802-e976-49b5-af09-b698fcf991f7___RS_HL 7429.JPG,healthy,0,g2273,s_reliability,reliability_val,brightness,7233176357989027782,0.8556027472715627,,,,42
656a6d88319a230d79aa,data/plantvillage/raw/color/Apple___healthy/d496c802-e976-49b5-af09-b698fcf991f7___RS_HL 7429.JPG,healthy,0,g2273,s_reliability,reliability_val,contrast,8497454864755871324,,1.0974075273681088,,,42
54f3e9dfb62345dad257,data/plantvillage/raw/color/Apple___healthy/d496c802-e976-49b5-af09-b698fcf991f7___RS_HL 7429.JPG,healthy,0,g2273,s_reliability,reliability_val,gaussian_blur,8062780642358526487,,,1.441907036184698,,42
ab63f21390b750139e52,data/plantvillage/raw/color/Apple___healthy/d496c802-e976-49b5-af09-b698fcf991f7___RS_HL 7429.JPG,healthy,0,g2273,s_reliability,reliability_val,gaussian_noise,4029612547774427263,,,,0.011969409890368831,42
5fdff54fac67560e58df,data/plantvillage/raw/color/Apple___healthy/d4ddb36a-e4cf-41be-b3f6-16c584e62b9a___RS_HL 7994.JPG,healthy,0,g2274,s_reliability,reliability_train,original,,,,,,42
8ae81da9a217bf1a3c43,data/plantvillage/raw/color/Apple___healthy/d4ddb36a-e4cf-41be-b3f6-16c584e62b9a___RS_HL 7994.JPG,healthy,0,g2274,s_reliability,reliability_train,brightness,1732076417330915879,0.8750190131705179,,,,42
f6792bdabee8949fd423,data/plantvillage/raw/color/Apple___healthy/d4ddb36a-e4cf-41be-b3f6-16c584e62b9a___RS_HL 7994.JPG,healthy,0,g2274,s_reliability,reliability_train,contrast,1286096844891523655,,0.7520257236420421,,,42
a4344ec450c0ccb982ad,data/plantvillage/raw/color/Apple___healthy/d4ddb36a-e4cf-41be-b3f6-16c584e62b9a___RS_HL 7994.JPG,healthy,0,g2274,s_reliability,reliability_train,gaussian_blur,3953322693364382018,,,0.6194079817586239,,42
34739ed811d9d08b6136,data/plantvillage/raw/color/Apple___healthy/d4ddb36a-e4cf-41be-b3f6-16c584e62b9a___RS_HL 7994.JPG,healthy,0,g2274,s_reliability,reliability_train,gaussian_noise,1469503581617424041,,,,0.03590786486430634,42
cea895e3fbda16797c81,data/plantvillage/raw/color/Apple___healthy/d54ab4d3-cd8b-4485-81b5-a38273f5fe1f___RS_HL 6076.JPG,healthy,0,g2277,s_reliability,reliability_train,original,,,,,,42
ece7163799d50e1acc7e,data/plantvillage/raw/color/Apple___healthy/d54ab4d3-cd8b-4485-81b5-a38273f5fe1f___RS_HL 6076.JPG,healthy,0,g2277,s_reliability,reliability_train,brightness,277414334100087495,1.1195462649971049,,,,42
610cbedfacac2eac8ccc,data/plantvillage/raw/color/Apple___healthy/d54ab4d3-cd8b-4485-81b5-a38273f5fe1f___RS_HL 6076.JPG,healthy,0,g2277,s_reliability,reliability_train,contrast,1373571178732355401,,1.172178381164237,,,42
652cfe8879107cd9e8a8,data/plantvillage/raw/color/Apple___healthy/d54ab4d3-cd8b-4485-81b5-a38273f5fe1f___RS_HL 6076.JPG,healthy,0,g2277,s_reliability,reliability_train,gaussian_blur,7271150436489529694,,,1.2415344528171643,,42
9d87814a89246d22d3c9,data/plantvillage/raw/color/Apple___healthy/d54ab4d3-cd8b-4485-81b5-a38273f5fe1f___RS_HL 6076.JPG,healthy,0,g2277,s_reliability,reliability_train,gaussian_noise,6724538409071446176,,,,0.03134786606637666,42
1eec212f0de5b5e7d342,data/plantvillage/raw/color/Apple___healthy/d5c866b2-7eb2-421a-a42a-906308cbffb2___RS_HL 6116.JPG,healthy,0,g2283,s_reliability,reliability_train,original,,,,,,42
30883619a64ca57e1558,data/plantvillage/raw/color/Apple___healthy/d5c866b2-7eb2-421a-a42a-906308cbffb2___RS_HL 6116.JPG,healthy,0,g2283,s_reliability,reliability_train,brightness,5395906820683111891,1.2292669258953648,,,,42
68d98e218fabb28f1002,data/plantvillage/raw/color/Apple___healthy/d5c866b2-7eb2-421a-a42a-906308cbffb2___RS_HL 6116.JPG,healthy,0,g2283,s_reliability,reliability_train,contrast,7559018705915090576,,0.834532657962628,,,42
91fe6a08cae52df43ad4,data/plantvillage/raw/color/Apple___healthy/d5c866b2-7eb2-421a-a42a-906308cbffb2___RS_HL 6116.JPG,healthy,0,g2283,s_reliability,reliability_train,gaussian_blur,7999294828995705845,,,0.5730446638810166,,42
c110ec6bf782e5c0868c,data/plantvillage/raw/color/Apple___healthy/d5c866b2-7eb2-421a-a42a-906308cbffb2___RS_HL 6116.JPG,healthy,0,g2283,s_reliability,reliability_train,gaussian_noise,7486434704773484841,,,,0.014240370723260613,42
131a11168ef31ece78f6,data/plantvillage/raw/color/Apple___healthy/d6035c7f-f163-4c6b-ba51-d61d10ca1fed___RS_HL 8109.JPG,healthy,0,g2286,s_reliability,reliability_train,original,,,,,,42
ff1d443bfaa5255176a4,data/plantvillage/raw/color/Apple___healthy/d6035c7f-f163-4c6b-ba51-d61d10ca1fed___RS_HL 8109.JPG,healthy,0,g2286,s_reliability,reliability_train,brightness,8842583361182006729,1.2002268772188331,,,,42
5ef4d8cda538519468ba,data/plantvillage/raw/color/Apple___healthy/d6035c7f-f163-4c6b-ba51-d61d10ca1fed___RS_HL 8109.JPG,healthy,0,g2286,s_reliability,reliability_train,contrast,5266377005358006665,,1.1634604366493946,,,42
568576291a651a034290,data/plantvillage/raw/color/Apple___healthy/d6035c7f-f163-4c6b-ba51-d61d10ca1fed___RS_HL 8109.JPG,healthy,0,g2286,s_reliability,reliability_train,gaussian_blur,4954905237798247040,,,0.9670207484951963,,42
256edd39532a64be1ee9,data/plantvillage/raw/color/Apple___healthy/d6035c7f-f163-4c6b-ba51-d61d10ca1fed___RS_HL 8109.JPG,healthy,0,g2286,s_reliability,reliability_train,gaussian_noise,4215733763111044919,,,,0.04661140562633441,42
2b0a8a71170a7ce3c29c,data/plantvillage/raw/color/Apple___healthy/d6318793-dacc-4b58-bb19-043324042180___RS_HL 7246.JPG,healthy,0,g2288,s_reliability,reliability_train,original,,,,,,42
13a1f7579fa2007a6692,data/plantvillage/raw/color/Apple___healthy/d6318793-dacc-4b58-bb19-043324042180___RS_HL 7246.JPG,healthy,0,g2288,s_reliability,reliability_train,brightness,7648705746289747354,1.1356218106827443,,,,42
2146545895b8eb683501,data/plantvillage/raw/color/Apple___healthy/d6318793-dacc-4b58-bb19-043324042180___RS_HL 7246.JPG,healthy,0,g2288,s_reliability,reliability_train,contrast,7009159958867341444,,1.1714167012657704,,,42
51ccd83c497d4142d68d,data/plantvillage/raw/color/Apple___healthy/d6318793-dacc-4b58-bb19-043324042180___RS_HL 7246.JPG,healthy,0,g2288,s_reliability,reliability_train,gaussian_blur,248302630640730181,,,1.1084157086756088,,42
10c25bf98bb1313097e9,data/plantvillage/raw/color/Apple___healthy/d6318793-dacc-4b58-bb19-043324042180___RS_HL 7246.JPG,healthy,0,g2288,s_reliability,reliability_train,gaussian_noise,6033303987218542802,,,,0.042636497605105045,42
18df7de59f5bd8ba8bfc,data/plantvillage/raw/color/Apple___healthy/d7308460-64d2-4e9e-aa0d-5b4f62d378ef___RS_HL 5802.JPG,healthy,0,g2296,s_reliability,reliability_train,original,,,,,,42
fa08e0711e52321948b9,data/plantvillage/raw/color/Apple___healthy/d7308460-64d2-4e9e-aa0d-5b4f62d378ef___RS_HL 5802.JPG,healthy,0,g2296,s_reliability,reliability_train,brightness,8524866080257295766,1.046598002987117,,,,42
c6715e7b7dfdfd8a2fa0,data/plantvillage/raw/color/Apple___healthy/d7308460-64d2-4e9e-aa0d-5b4f62d378ef___RS_HL 5802.JPG,healthy,0,g2296,s_reliability,reliability_train,contrast,4011456816077714262,,1.242576856809603,,,42
87d3d3cdd43115518c48,data/plantvillage/raw/color/Apple___healthy/d7308460-64d2-4e9e-aa0d-5b4f62d378ef___RS_HL 5802.JPG,healthy,0,g2296,s_reliability,reliability_train,gaussian_blur,2041487503672951103,,,1.3126718309375303,,42
cd4a77afe7488693cbcd,data/plantvillage/raw/color/Apple___healthy/d7308460-64d2-4e9e-aa0d-5b4f62d378ef___RS_HL 5802.JPG,healthy,0,g2296,s_reliability,reliability_train,gaussian_noise,1579598555606233489,,,,0.03967527321575154,42
08d99a8a65804fa40236,data/plantvillage/raw/color/Apple___healthy/d81744f3-b4a1-4343-b956-7975fe630b83___RS_HL 7343.JPG,healthy,0,g2304,s_reliability,reliability_val,original,,,,,,42
9422e86a40fd38d9cad5,data/plantvillage/raw/color/Apple___healthy/d81744f3-b4a1-4343-b956-7975fe630b83___RS_HL 7343.JPG,healthy,0,g2304,s_reliability,reliability_val,brightness,9004112187373193623,1.1037005761421859,,,,42
d69192a381aa4e257bb7,data/plantvillage/raw/color/Apple___healthy/d81744f3-b4a1-4343-b956-7975fe630b83___RS_HL 7343.JPG,healthy,0,g2304,s_reliability,reliability_val,contrast,3861685303634954882,,1.1134869050190488,,,42
6f64b24348c41fd49b8a,data/plantvillage/raw/color/Apple___healthy/d81744f3-b4a1-4343-b956-7975fe630b83___RS_HL 7343.JPG,healthy,0,g2304,s_reliability,reliability_val,gaussian_blur,6912349265821558802,,,1.349358860511282,,42
63d5ec2357e17a412a1d,data/plantvillage/raw/color/Apple___healthy/d81744f3-b4a1-4343-b956-7975fe630b83___RS_HL 7343.JPG,healthy,0,g2304,s_reliability,reliability_val,gaussian_noise,6148788528084716072,,,,0.03345287305268495,42
6073654a7206fed4f0c8,data/plantvillage/raw/color/Apple___healthy/d8bd2900-b811-43a1-9ed7-05aa5f3f2649___RS_HL 7794.JPG,healthy,0,g2313,s_reliability,reliability_train,original,,,,,,42
fd5070a4c978386899fd,data/plantvillage/raw/color/Apple___healthy/d8bd2900-b811-43a1-9ed7-05aa5f3f2649___RS_HL 7794.JPG,healthy,0,g2313,s_reliability,reliability_train,brightness,2038823277207537573,1.1652760629470338,,,,42
132bfb4e97115a540f3e,data/plantvillage/raw/color/Apple___healthy/d8bd2900-b811-43a1-9ed7-05aa5f3f2649___RS_HL 7794.JPG,healthy,0,g2313,s_reliability,reliability_train,contrast,7861661551736495634,,1.1538694757391381,,,42
745dbb053407275bacba,data/plantvillage/raw/color/Apple___healthy/d8bd2900-b811-43a1-9ed7-05aa5f3f2649___RS_HL 7794.JPG,healthy,0,g2313,s_reliability,reliability_train,gaussian_blur,6441778940470655527,,,1.1226646053846414,,42
c61a691055ef6fd441b7,data/plantvillage/raw/color/Apple___healthy/d8bd2900-b811-43a1-9ed7-05aa5f3f2649___RS_HL 7794.JPG,healthy,0,g2313,s_reliability,reliability_train,gaussian_noise,3300770267999615839,,,,0.03400326548708795,42
439b92a876a05b9b4f73,data/plantvillage/raw/color/Apple___healthy/d96d3f24-2fb9-4650-8cd4-c58e1a42f18f___RS_HL 8176.JPG,healthy,0,g2318,s_reliability,reliability_train,original,,,,,,42
aedf2e07f7e580b8f2bd,data/plantvillage/raw/color/Apple___healthy/d96d3f24-2fb9-4650-8cd4-c58e1a42f18f___RS_HL 8176.JPG,healthy,0,g2318,s_reliability,reliability_train,brightness,7744779308757660452,1.0048979651984828,,,,42
6eb0bcc82c15cee6c93d,data/plantvillage/raw/color/Apple___healthy/d96d3f24-2fb9-4650-8cd4-c58e1a42f18f___RS_HL 8176.JPG,healthy,0,g2318,s_reliability,reliability_train,contrast,1657587835123405271,,0.8184445738267544,,,42
5590acbb05077c372d43,data/plantvillage/raw/color/Apple___healthy/d96d3f24-2fb9-4650-8cd4-c58e1a42f18f___RS_HL 8176.JPG,healthy,0,g2318,s_reliability,reliability_train,gaussian_blur,9026712436030653576,,,0.8891894882774578,,42
6aada0db894b0cea2fdb,data/plantvillage/raw/color/Apple___healthy/d96d3f24-2fb9-4650-8cd4-c58e1a42f18f___RS_HL 8176.JPG,healthy,0,g2318,s_reliability,reliability_train,gaussian_noise,6966292812315976134,,,,0.01957338574471624,42
01883960dd2ce32f09f0,data/plantvillage/raw/color/Apple___healthy/d9de1954-e451-48e5-ad8b-5aeca90fe7ea___RS_HL 6034.JPG,healthy,0,g2323,s_reliability,reliability_val,original,,,,,,42
d0983b4ed13acb94a192,data/plantvillage/raw/color/Apple___healthy/d9de1954-e451-48e5-ad8b-5aeca90fe7ea___RS_HL 6034.JPG,healthy,0,g2323,s_reliability,reliability_val,brightness,3605095274535287239,1.0394195066730658,,,,42
ac59a60488cfa892f9a0,data/plantvillage/raw/color/Apple___healthy/d9de1954-e451-48e5-ad8b-5aeca90fe7ea___RS_HL 6034.JPG,healthy,0,g2323,s_reliability,reliability_val,contrast,5900172534603771464,,1.0675909070244702,,,42
c42e61fff8b13988736d,data/plantvillage/raw/color/Apple___healthy/d9de1954-e451-48e5-ad8b-5aeca90fe7ea___RS_HL 6034.JPG,healthy,0,g2323,s_reliability,reliability_val,gaussian_blur,3658211877732491549,,,0.674066298949335,,42
96c2fb52cd627a5b9c55,data/plantvillage/raw/color/Apple___healthy/d9de1954-e451-48e5-ad8b-5aeca90fe7ea___RS_HL 6034.JPG,healthy,0,g2323,s_reliability,reliability_val,gaussian_noise,7207545269186030805,,,,0.03164639869802263,42
d1d0f12b43e165a12bff,data/plantvillage/raw/color/Apple___healthy/daf045c7-3756-4753-922e-8f36a84a3422___RS_HL 5719.JPG,healthy,0,g2331,s_reliability,reliability_train,original,,,,,,42
edba718d4672c18c86e9,data/plantvillage/raw/color/Apple___healthy/daf045c7-3756-4753-922e-8f36a84a3422___RS_HL 5719.JPG,healthy,0,g2331,s_reliability,reliability_train,brightness,8563477167527768014,0.9525289631266214,,,,42
4c99cb41935918e04c50,data/plantvillage/raw/color/Apple___healthy/daf045c7-3756-4753-922e-8f36a84a3422___RS_HL 5719.JPG,healthy,0,g2331,s_reliability,reliability_train,contrast,1169757139853859877,,0.9251180499134537,,,42
dbcb9c27136085b79983,data/plantvillage/raw/color/Apple___healthy/daf045c7-3756-4753-922e-8f36a84a3422___RS_HL 5719.JPG,healthy,0,g2331,s_reliability,reliability_train,gaussian_blur,2748432240967746165,,,0.9432371544366331,,42
5ddbec8d2589543ba0ae,data/plantvillage/raw/color/Apple___healthy/daf045c7-3756-4753-922e-8f36a84a3422___RS_HL 5719.JPG,healthy,0,g2331,s_reliability,reliability_train,gaussian_noise,5382544457837294005,,,,0.021679024351924397,42
42ad250f8b8545d03cde,data/plantvillage/raw/color/Apple___healthy/db172d76-ff08-4bd5-bd0b-6231f432434a___RS_HL 5725.JPG,healthy,0,g2332,s_reliability,reliability_val,original,,,,,,42
dde152f9afa58222311b,data/plantvillage/raw/color/Apple___healthy/db172d76-ff08-4bd5-bd0b-6231f432434a___RS_HL 5725.JPG,healthy,0,g2332,s_reliability,reliability_val,brightness,1224071924973507316,0.7850897309130984,,,,42
394bb5e4b5cbb982fe67,data/plantvillage/raw/color/Apple___healthy/db172d76-ff08-4bd5-bd0b-6231f432434a___RS_HL 5725.JPG,healthy,0,g2332,s_reliability,reliability_val,contrast,8276019118343007048,,0.8728620669679714,,,42
cfdc07dc26c50ad58e46,data/plantvillage/raw/color/Apple___healthy/db172d76-ff08-4bd5-bd0b-6231f432434a___RS_HL 5725.JPG,healthy,0,g2332,s_reliability,reliability_val,gaussian_blur,4398695001896037844,,,0.6917472417611569,,42
a28ec450e4a8c2474cef,data/plantvillage/raw/color/Apple___healthy/db172d76-ff08-4bd5-bd0b-6231f432434a___RS_HL 5725.JPG,healthy,0,g2332,s_reliability,reliability_val,gaussian_noise,7956334839601318110,,,,0.04095610621882344,42
5ac87e15e7865518bee5,data/plantvillage/raw/color/Apple___healthy/dbea92a9-9473-4cb1-b181-341789de0681___RS_HL 5708.JPG,healthy,0,g2339,s_reliability,reliability_val,original,,,,,,42
7f07b41579f7cc8031c4,data/plantvillage/raw/color/Apple___healthy/dbea92a9-9473-4cb1-b181-341789de0681___RS_HL 5708.JPG,healthy,0,g2339,s_reliability,reliability_val,brightness,7211727296233039454,1.2504587993292233,,,,42
6d0acaffa8de1caa0885,data/plantvillage/raw/color/Apple___healthy/dbea92a9-9473-4cb1-b181-341789de0681___RS_HL 5708.JPG,healthy,0,g2339,s_reliability,reliability_val,contrast,569883126522957043,,1.0065395683475136,,,42
0867b611bfa17084fb0d,data/plantvillage/raw/color/Apple___healthy/dbea92a9-9473-4cb1-b181-341789de0681___RS_HL 5708.JPG,healthy,0,g2339,s_reliability,reliability_val,gaussian_blur,4265510153686431550,,,0.844091133165631,,42
001b104c8c1335157533,data/plantvillage/raw/color/Apple___healthy/dbea92a9-9473-4cb1-b181-341789de0681___RS_HL 5708.JPG,healthy,0,g2339,s_reliability,reliability_val,gaussian_noise,5519265153189941254,,,,0.020425639698175797,42
080c489b7b9427ffbaf7,data/plantvillage/raw/color/Apple___healthy/dd2b6b6b-2278-4f52-8009-2d57037ab3f2___RS_HL 5670.JPG,healthy,0,g2344,s_reliability,reliability_val,original,,,,,,42
abedea82ff8845a8a8d1,data/plantvillage/raw/color/Apple___healthy/dd2b6b6b-2278-4f52-8009-2d57037ab3f2___RS_HL 5670.JPG,healthy,0,g2344,s_reliability,reliability_val,brightness,276067225677315937,1.0275503986538892,,,,42
d05cde561283d5ad406f,data/plantvillage/raw/color/Apple___healthy/dd2b6b6b-2278-4f52-8009-2d57037ab3f2___RS_HL 5670.JPG,healthy,0,g2344,s_reliability,reliability_val,contrast,4442499829749962785,,1.1017855974263677,,,42
38de00481e9876a45a87,data/plantvillage/raw/color/Apple___healthy/dd2b6b6b-2278-4f52-8009-2d57037ab3f2___RS_HL 5670.JPG,healthy,0,g2344,s_reliability,reliability_val,gaussian_blur,7872596634293296655,,,1.1738503140243601,,42
c018c00e42e4d9f7061f,data/plantvillage/raw/color/Apple___healthy/dd2b6b6b-2278-4f52-8009-2d57037ab3f2___RS_HL 5670.JPG,healthy,0,g2344,s_reliability,reliability_val,gaussian_noise,3148483517658350696,,,,0.01433534980532035,42
3fa1b3342df3aab77ae2,data/plantvillage/raw/color/Apple___healthy/de864ffe-aea2-4c80-bd60-adfc8787be7f___RS_HL 5985.JPG,healthy,0,g2352,s_reliability,reliability_train,original,,,,,,42
63be8cbf9dd8ee037fa8,data/plantvillage/raw/color/Apple___healthy/de864ffe-aea2-4c80-bd60-adfc8787be7f___RS_HL 5985.JPG,healthy,0,g2352,s_reliability,reliability_train,brightness,3280634071097645731,1.2532488947885627,,,,42
079487e9fde8602ad5c1,data/plantvillage/raw/color/Apple___healthy/de864ffe-aea2-4c80-bd60-adfc8787be7f___RS_HL 5985.JPG,healthy,0,g2352,s_reliability,reliability_train,contrast,2410135613963281607,,1.0698788521297633,,,42
ee33eec1312a5ea7781c,data/plantvillage/raw/color/Apple___healthy/de864ffe-aea2-4c80-bd60-adfc8787be7f___RS_HL 5985.JPG,healthy,0,g2352,s_reliability,reliability_train,gaussian_blur,6182952535856395009,,,1.399507853184382,,42
479f826e00392f414605,data/plantvillage/raw/color/Apple___healthy/de864ffe-aea2-4c80-bd60-adfc8787be7f___RS_HL 5985.JPG,healthy,0,g2352,s_reliability,reliability_train,gaussian_noise,5947883231809346496,,,,0.03173082402316855,42
0b0ab695e3de6e17d541,data/plantvillage/raw/color/Apple___healthy/df6bce5a-1d1b-49f6-a9cb-8f262701b335___RS_HL 8164.JPG,healthy,0,g2359,s_reliability,reliability_train,original,,,,,,42
7b2fb5c36cec4b73235b,data/plantvillage/raw/color/Apple___healthy/df6bce5a-1d1b-49f6-a9cb-8f262701b335___RS_HL 8164.JPG,healthy,0,g2359,s_reliability,reliability_train,brightness,794567065637632670,1.2249106416297735,,,,42
8bc8ba20dfb684a6090a,data/plantvillage/raw/color/Apple___healthy/df6bce5a-1d1b-49f6-a9cb-8f262701b335___RS_HL 8164.JPG,healthy,0,g2359,s_reliability,reliability_train,contrast,7656278800243067735,,0.774462822634062,,,42
56a524717cb0c5c5aa2f,data/plantvillage/raw/color/Apple___healthy/df6bce5a-1d1b-49f6-a9cb-8f262701b335___RS_HL 8164.JPG,healthy,0,g2359,s_reliability,reliability_train,gaussian_blur,2908832196600831251,,,1.0478816471967214,,42
c31b0f7b3e9525dd45db,data/plantvillage/raw/color/Apple___healthy/df6bce5a-1d1b-49f6-a9cb-8f262701b335___RS_HL 8164.JPG,healthy,0,g2359,s_reliability,reliability_train,gaussian_noise,6805855932290882774,,,,0.020730821037254946,42
312f980ebbf67c9960d0,data/plantvillage/raw/color/Apple___healthy/e0b3b9e7-70ab-4cd5-ba2f-2924568dc837___RS_HL 7774.JPG,healthy,0,g2364,s_reliability,reliability_val,original,,,,,,42
2fb045879d0e06260e89,data/plantvillage/raw/color/Apple___healthy/e0b3b9e7-70ab-4cd5-ba2f-2924568dc837___RS_HL 7774.JPG,healthy,0,g2364,s_reliability,reliability_val,brightness,6409045471138692313,0.7639359618958512,,,,42
6b7d0328191aae9d1a3e,data/plantvillage/raw/color/Apple___healthy/e0b3b9e7-70ab-4cd5-ba2f-2924568dc837___RS_HL 7774.JPG,healthy,0,g2364,s_reliability,reliability_val,contrast,6919427159941534164,,1.2556611312130987,,,42
b3902522ede81c8e6cf5,data/plantvillage/raw/color/Apple___healthy/e0b3b9e7-70ab-4cd5-ba2f-2924568dc837___RS_HL 7774.JPG,healthy,0,g2364,s_reliability,reliability_val,gaussian_blur,2281212045899336191,,,0.8762323050823887,,42
68ea251c04eb51e98852,data/plantvillage/raw/color/Apple___healthy/e0b3b9e7-70ab-4cd5-ba2f-2924568dc837___RS_HL 7774.JPG,healthy,0,g2364,s_reliability,reliability_val,gaussian_noise,4537798966437301818,,,,0.021659652920268856,42
f56f9f61b376988d230e,data/plantvillage/raw/color/Apple___healthy/e1feed76-9ae7-449b-8c58-aebd806c680b___RS_HL 8034.JPG,healthy,0,g2372,s_reliability,reliability_val,original,,,,,,42
5dc99f989d826a963d99,data/plantvillage/raw/color/Apple___healthy/e1feed76-9ae7-449b-8c58-aebd806c680b___RS_HL 8034.JPG,healthy,0,g2372,s_reliability,reliability_val,brightness,3437059477423252326,0.8741282388826677,,,,42
4bef6c7e151a8521eaac,data/plantvillage/raw/color/Apple___healthy/e1feed76-9ae7-449b-8c58-aebd806c680b___RS_HL 8034.JPG,healthy,0,g2372,s_reliability,reliability_val,contrast,8307589071805161610,,1.0391306442315829,,,42
32a3bfcfdef9580d5fa5,data/plantvillage/raw/color/Apple___healthy/e1feed76-9ae7-449b-8c58-aebd806c680b___RS_HL 8034.JPG,healthy,0,g2372,s_reliability,reliability_val,gaussian_blur,40780067124341004,,,1.1478786634130587,,42
091e2af838ab78a22514,data/plantvillage/raw/color/Apple___healthy/e1feed76-9ae7-449b-8c58-aebd806c680b___RS_HL 8034.JPG,healthy,0,g2372,s_reliability,reliability_val,gaussian_noise,2085402653019739294,,,,0.04129636555156211,42
ab59c919e33e5803c6c1,data/plantvillage/raw/color/Apple___healthy/e2af3daf-392f-4661-baf0-f4d4522a07f9___RS_HL 5652.JPG,healthy,0,g2377,s_reliability,reliability_train,original,,,,,,42
5a91408745bf1d6a58ca,data/plantvillage/raw/color/Apple___healthy/e2af3daf-392f-4661-baf0-f4d4522a07f9___RS_HL 5652.JPG,healthy,0,g2377,s_reliability,reliability_train,brightness,637520245979288044,1.2041042689561747,,,,42
2e2adc5611d1c661c8e0,data/plantvillage/raw/color/Apple___healthy/e2af3daf-392f-4661-baf0-f4d4522a07f9___RS_HL 5652.JPG,healthy,0,g2377,s_reliability,reliability_train,contrast,2208956903874893206,,0.8560015984870688,,,42
f100042f655636fe6356,data/plantvillage/raw/color/Apple___healthy/e2af3daf-392f-4661-baf0-f4d4522a07f9___RS_HL 5652.JPG,healthy,0,g2377,s_reliability,reliability_train,gaussian_blur,9046048332791084724,,,1.1949125304174495,,42
b86200b5a6a1473eea7f,data/plantvillage/raw/color/Apple___healthy/e2af3daf-392f-4661-baf0-f4d4522a07f9___RS_HL 5652.JPG,healthy,0,g2377,s_reliability,reliability_train,gaussian_noise,2939720112553386036,,,,0.027601985023514276,42
f73f48e82baae6939838,data/plantvillage/raw/color/Apple___healthy/e35729f0-09b8-4cd4-a04c-30c9b49095c5___RS_HL 6068.JPG,healthy,0,g2383,s_reliability,reliability_val,original,,,,,,42
65a1fa44ab59e14ff994,data/plantvillage/raw/color/Apple___healthy/e35729f0-09b8-4cd4-a04c-30c9b49095c5___RS_HL 6068.JPG,healthy,0,g2383,s_reliability,reliability_val,brightness,4871005172967506498,0.8597980501814668,,,,42
de2ba9de0558fd1d21fd,data/plantvillage/raw/color/Apple___healthy/e35729f0-09b8-4cd4-a04c-30c9b49095c5___RS_HL 6068.JPG,healthy,0,g2383,s_reliability,reliability_val,contrast,557838891321900251,,1.221451508108217,,,42
984d964862761fad2f1b,data/plantvillage/raw/color/Apple___healthy/e35729f0-09b8-4cd4-a04c-30c9b49095c5___RS_HL 6068.JPG,healthy,0,g2383,s_reliability,reliability_val,gaussian_blur,8386591308596525897,,,0.9287016739944087,,42
544b532285b6d77f50f1,data/plantvillage/raw/color/Apple___healthy/e35729f0-09b8-4cd4-a04c-30c9b49095c5___RS_HL 6068.JPG,healthy,0,g2383,s_reliability,reliability_val,gaussian_noise,6931575106889941300,,,,0.01496183117057977,42
9a8447ee119f2b333744,data/plantvillage/raw/color/Apple___healthy/e3a3c4f3-12b0-49f2-a14c-c73cdc542e74___RS_HL 7773.JPG,healthy,0,g2385,s_reliability,reliability_train,original,,,,,,42
243608fa71be7671ce4d,data/plantvillage/raw/color/Apple___healthy/e3a3c4f3-12b0-49f2-a14c-c73cdc542e74___RS_HL 7773.JPG,healthy,0,g2385,s_reliability,reliability_train,brightness,8765644846104192836,0.9483932409831941,,,,42
dc068efde9249bda3b28,data/plantvillage/raw/color/Apple___healthy/e3a3c4f3-12b0-49f2-a14c-c73cdc542e74___RS_HL 7773.JPG,healthy,0,g2385,s_reliability,reliability_train,contrast,4321238648934197324,,0.7868175279193127,,,42
3e3fddc181a76d0868c5,data/plantvillage/raw/color/Apple___healthy/e3a3c4f3-12b0-49f2-a14c-c73cdc542e74___RS_HL 7773.JPG,healthy,0,g2385,s_reliability,reliability_train,gaussian_blur,821418727478224306,,,1.0213201974220436,,42
ad082ee92e82e9c0e692,data/plantvillage/raw/color/Apple___healthy/e3a3c4f3-12b0-49f2-a14c-c73cdc542e74___RS_HL 7773.JPG,healthy,0,g2385,s_reliability,reliability_train,gaussian_noise,7829581099148334965,,,,0.04994961900141689,42
ad71fa5fc99b218fb829,data/plantvillage/raw/color/Apple___healthy/e439a002-e035-401e-a1aa-77f99fbd65ad___RS_HL 5880.JPG,healthy,0,g2388,s_reliability,reliability_train,original,,,,,,42
1ff92af6677eb23603c8,data/plantvillage/raw/color/Apple___healthy/e439a002-e035-401e-a1aa-77f99fbd65ad___RS_HL 5880.JPG,healthy,0,g2388,s_reliability,reliability_train,brightness,7655105049204806237,1.0621173450095691,,,,42
8b8d2013aaa33fe5b9da,data/plantvillage/raw/color/Apple___healthy/e439a002-e035-401e-a1aa-77f99fbd65ad___RS_HL 5880.JPG,healthy,0,g2388,s_reliability,reliability_train,contrast,4700191796877293195,,1.098077158995059,,,42
8101793579f031281f78,data/plantvillage/raw/color/Apple___healthy/e439a002-e035-401e-a1aa-77f99fbd65ad___RS_HL 5880.JPG,healthy,0,g2388,s_reliability,reliability_train,gaussian_blur,7978337411395859216,,,0.7685825884603593,,42
a46ccbbef02077235b06,data/plantvillage/raw/color/Apple___healthy/e439a002-e035-401e-a1aa-77f99fbd65ad___RS_HL 5880.JPG,healthy,0,g2388,s_reliability,reliability_train,gaussian_noise,5132115574989054888,,,,0.03944596408462634,42
d9cde09b6b5f98910644,data/plantvillage/raw/color/Apple___healthy/e77cdcd7-1279-4cd1-87db-9d80721311b4___RS_HL 6283.JPG,healthy,0,g2400,s_reliability,reliability_train,original,,,,,,42
9992e3bd61bcd5ea270a,data/plantvillage/raw/color/Apple___healthy/e77cdcd7-1279-4cd1-87db-9d80721311b4___RS_HL 6283.JPG,healthy,0,g2400,s_reliability,reliability_train,brightness,7426497857790609556,0.9935470453992199,,,,42
b002340ef51a384ef40b,data/plantvillage/raw/color/Apple___healthy/e77cdcd7-1279-4cd1-87db-9d80721311b4___RS_HL 6283.JPG,healthy,0,g2400,s_reliability,reliability_train,contrast,2026327184808896427,,0.9120226441671961,,,42
9d3123ce2f558da5daeb,data/plantvillage/raw/color/Apple___healthy/e77cdcd7-1279-4cd1-87db-9d80721311b4___RS_HL 6283.JPG,healthy,0,g2400,s_reliability,reliability_train,gaussian_blur,6515263330407215617,,,1.4057476432720757,,42
fc493541b81042665a35,data/plantvillage/raw/color/Apple___healthy/e77cdcd7-1279-4cd1-87db-9d80721311b4___RS_HL 6283.JPG,healthy,0,g2400,s_reliability,reliability_train,gaussian_noise,2588827690534518184,,,,0.030054364329632557,42
82e3edee1f974ddeb94f,data/plantvillage/raw/color/Apple___healthy/ec1bf8ec-0876-4971-8df1-20f766ac3df2___RS_HL 7666.JPG,healthy,0,g2419,s_reliability,reliability_train,original,,,,,,42
b8fc31d7921a4dfcff21,data/plantvillage/raw/color/Apple___healthy/ec1bf8ec-0876-4971-8df1-20f766ac3df2___RS_HL 7666.JPG,healthy,0,g2419,s_reliability,reliability_train,brightness,7987676030128040555,0.7232400951716734,,,,42
83551d4124c8c697c1e0,data/plantvillage/raw/color/Apple___healthy/ec1bf8ec-0876-4971-8df1-20f766ac3df2___RS_HL 7666.JPG,healthy,0,g2419,s_reliability,reliability_train,contrast,2138164516656095664,,1.1133322391087632,,,42
a43eba5c0e9c8c26b4f5,data/plantvillage/raw/color/Apple___healthy/ec1bf8ec-0876-4971-8df1-20f766ac3df2___RS_HL 7666.JPG,healthy,0,g2419,s_reliability,reliability_train,gaussian_blur,5367513207900929481,,,0.7248557110803534,,42
9e3e5422e53150e9ab4d,data/plantvillage/raw/color/Apple___healthy/ec1bf8ec-0876-4971-8df1-20f766ac3df2___RS_HL 7666.JPG,healthy,0,g2419,s_reliability,reliability_train,gaussian_noise,1226910309115464239,,,,0.04406484922225197,42
2f7067a14824266c5e69,data/plantvillage/raw/color/Apple___healthy/ec274680-0ee1-49d4-af42-48c6fe0da457___RS_HL 7306.JPG,healthy,0,g2420,s_reliability,reliability_train,original,,,,,,42
d53132868237dc8afe0a,data/plantvillage/raw/color/Apple___healthy/ec274680-0ee1-49d4-af42-48c6fe0da457___RS_HL 7306.JPG,healthy,0,g2420,s_reliability,reliability_train,brightness,220986536118334634,1.009654630957668,,,,42
e21592b57a7f19db61b0,data/plantvillage/raw/color/Apple___healthy/ec274680-0ee1-49d4-af42-48c6fe0da457___RS_HL 7306.JPG,healthy,0,g2420,s_reliability,reliability_train,contrast,6785935810447135055,,0.8639104145653292,,,42
c78476111655c9bb9e89,data/plantvillage/raw/color/Apple___healthy/ec274680-0ee1-49d4-af42-48c6fe0da457___RS_HL 7306.JPG,healthy,0,g2420,s_reliability,reliability_train,gaussian_blur,7268134423667907472,,,1.3768951025406602,,42
9f15e7b7745af46d8e0d,data/plantvillage/raw/color/Apple___healthy/ec274680-0ee1-49d4-af42-48c6fe0da457___RS_HL 7306.JPG,healthy,0,g2420,s_reliability,reliability_train,gaussian_noise,4344170387121762335,,,,0.01616656549964738,42
163167e37c1363418f3c,data/plantvillage/raw/color/Apple___healthy/eee67012-27f6-45d5-9365-2561429f046d___RS_HL 8165.JPG,healthy,0,g2436,s_reliability,reliability_train,original,,,,,,42
f9a8f88086948147c271,data/plantvillage/raw/color/Apple___healthy/eee67012-27f6-45d5-9365-2561429f046d___RS_HL 8165.JPG,healthy,0,g2436,s_reliability,reliability_train,brightness,189989805852965463,1.068439672138619,,,,42
f6b8af70c1eb39b60c7c,data/plantvillage/raw/color/Apple___healthy/eee67012-27f6-45d5-9365-2561429f046d___RS_HL 8165.JPG,healthy,0,g2436,s_reliability,reliability_train,contrast,534311089720446306,,1.263352725092657,,,42
dd411aa05dd0b657f037,data/plantvillage/raw/color/Apple___healthy/eee67012-27f6-45d5-9365-2561429f046d___RS_HL 8165.JPG,healthy,0,g2436,s_reliability,reliability_train,gaussian_blur,4274762601827120558,,,1.4434227530095836,,42
2032db191f12b7a3a829,data/plantvillage/raw/color/Apple___healthy/eee67012-27f6-45d5-9365-2561429f046d___RS_HL 8165.JPG,healthy,0,g2436,s_reliability,reliability_train,gaussian_noise,2598192555491167103,,,,0.046549208374066044,42
35278c0e087aa823dd29,data/plantvillage/raw/color/Apple___healthy/ef39563c-7897-48be-b7d5-5371b873b110___RS_HL 8024.JPG,healthy,0,g2438,s_reliability,reliability_val,original,,,,,,42
47f50cd51f77db714263,data/plantvillage/raw/color/Apple___healthy/ef39563c-7897-48be-b7d5-5371b873b110___RS_HL 8024.JPG,healthy,0,g2438,s_reliability,reliability_val,brightness,6996244170949694370,1.186370300567663,,,,42
4c565435ba3cc3d3be69,data/plantvillage/raw/color/Apple___healthy/ef39563c-7897-48be-b7d5-5371b873b110___RS_HL 8024.JPG,healthy,0,g2438,s_reliability,reliability_val,contrast,4793249237452021803,,0.9817384756322116,,,42
48a305f45e59c50eb37d,data/plantvillage/raw/color/Apple___healthy/ef39563c-7897-48be-b7d5-5371b873b110___RS_HL 8024.JPG,healthy,0,g2438,s_reliability,reliability_val,gaussian_blur,4831093218402465585,,,1.2584016794590065,,42
e727516d1da757a0f2ef,data/plantvillage/raw/color/Apple___healthy/ef39563c-7897-48be-b7d5-5371b873b110___RS_HL 8024.JPG,healthy,0,g2438,s_reliability,reliability_val,gaussian_noise,3071857031181834642,,,,0.04896427249067124,42
3d0baec620e1306b676c,data/plantvillage/raw/color/Apple___healthy/efcddd81-0718-4555-ac8f-f417cc6e6280___RS_HL 7912.JPG,healthy,0,g2439,s_reliability,reliability_val,original,,,,,,42
b8ebbba300c25019be63,data/plantvillage/raw/color/Apple___healthy/efcddd81-0718-4555-ac8f-f417cc6e6280___RS_HL 7912.JPG,healthy,0,g2439,s_reliability,reliability_val,brightness,7854603801949128663,0.743618820567704,,,,42
874f78b1f244a0a656af,data/plantvillage/raw/color/Apple___healthy/efcddd81-0718-4555-ac8f-f417cc6e6280___RS_HL 7912.JPG,healthy,0,g2439,s_reliability,reliability_val,contrast,7934016994424957136,,0.7415606752913227,,,42
4ce8219078b47cd777e0,data/plantvillage/raw/color/Apple___healthy/efcddd81-0718-4555-ac8f-f417cc6e6280___RS_HL 7912.JPG,healthy,0,g2439,s_reliability,reliability_val,gaussian_blur,7294735830650431388,,,1.1468904668765312,,42
de8aa343bfd839b79b1c,data/plantvillage/raw/color/Apple___healthy/efcddd81-0718-4555-ac8f-f417cc6e6280___RS_HL 7912.JPG,healthy,0,g2439,s_reliability,reliability_val,gaussian_noise,7513541387298594557,,,,0.028420163673314076,42
c6d3600b6e372acf78fd,data/plantvillage/raw/color/Apple___healthy/eff8a4a7-8aa4-4549-ae15-035f85c15486___RS_HL 7783.JPG,healthy,0,g2440,s_reliability,reliability_train,original,,,,,,42
ed8f4d9b7b26db40710b,data/plantvillage/raw/color/Apple___healthy/eff8a4a7-8aa4-4549-ae15-035f85c15486___RS_HL 7783.JPG,healthy,0,g2440,s_reliability,reliability_train,brightness,1185236010484503773,1.0912750771363318,,,,42
b8e71f90ea4f32906330,data/plantvillage/raw/color/Apple___healthy/eff8a4a7-8aa4-4549-ae15-035f85c15486___RS_HL 7783.JPG,healthy,0,g2440,s_reliability,reliability_train,contrast,5337894444943874936,,1.242942048516233,,,42
3bd4a907c732f81844f0,data/plantvillage/raw/color/Apple___healthy/eff8a4a7-8aa4-4549-ae15-035f85c15486___RS_HL 7783.JPG,healthy,0,g2440,s_reliability,reliability_train,gaussian_blur,1473788484786346713,,,0.8525524366150462,,42
be13077b0ee25048bd8b,data/plantvillage/raw/color/Apple___healthy/eff8a4a7-8aa4-4549-ae15-035f85c15486___RS_HL 7783.JPG,healthy,0,g2440,s_reliability,reliability_train,gaussian_noise,4971897119437211173,,,,0.0321732861311922,42
332c7f761a5653e24b9b,data/plantvillage/raw/color/Apple___healthy/f09b090f-bff1-4fc9-87ad-1b9e05373698___RS_HL 6035.JPG,healthy,0,g2445,s_reliability,reliability_train,original,,,,,,42
de3baf72c24d789c710d,data/plantvillage/raw/color/Apple___healthy/f09b090f-bff1-4fc9-87ad-1b9e05373698___RS_HL 6035.JPG,healthy,0,g2445,s_reliability,reliability_train,brightness,6629415940413032221,0.8687543084874427,,,,42
a154aa58afad13d62c27,data/plantvillage/raw/color/Apple___healthy/f09b090f-bff1-4fc9-87ad-1b9e05373698___RS_HL 6035.JPG,healthy,0,g2445,s_reliability,reliability_train,contrast,299656887961082649,,0.9101281854402783,,,42
69bb329ef1677345ef1a,data/plantvillage/raw/color/Apple___healthy/f09b090f-bff1-4fc9-87ad-1b9e05373698___RS_HL 6035.JPG,healthy,0,g2445,s_reliability,reliability_train,gaussian_blur,563026878617219762,,,0.6744464049803709,,42
a029ea39f8a84956ba38,data/plantvillage/raw/color/Apple___healthy/f09b090f-bff1-4fc9-87ad-1b9e05373698___RS_HL 6035.JPG,healthy,0,g2445,s_reliability,reliability_train,gaussian_noise,2961949401640761309,,,,0.04863045640361331,42
8bff3cd9296e4e01daac,data/plantvillage/raw/color/Apple___healthy/f2314f38-fd6f-4bee-b26e-ad095508beab___RS_HL 6145.JPG,healthy,0,g2457,s_reliability,reliability_train,original,,,,,,42
bb8fa3cefd6185562ced,data/plantvillage/raw/color/Apple___healthy/f2314f38-fd6f-4bee-b26e-ad095508beab___RS_HL 6145.JPG,healthy,0,g2457,s_reliability,reliability_train,brightness,772336415437396276,1.2026354080548864,,,,42
502dcf59e966f129e8bf,data/plantvillage/raw/color/Apple___healthy/f2314f38-fd6f-4bee-b26e-ad095508beab___RS_HL 6145.JPG,healthy,0,g2457,s_reliability,reliability_train,contrast,8719398754418026940,,0.8257442833067278,,,42
a5558ffb356e4286c4d6,data/plantvillage/raw/color/Apple___healthy/f2314f38-fd6f-4bee-b26e-ad095508beab___RS_HL 6145.JPG,healthy,0,g2457,s_reliability,reliability_train,gaussian_blur,3926122223616629411,,,1.3290190566180653,,42
61d078f58cfc5e322e71,data/plantvillage/raw/color/Apple___healthy/f2314f38-fd6f-4bee-b26e-ad095508beab___RS_HL 6145.JPG,healthy,0,g2457,s_reliability,reliability_train,gaussian_noise,5838671658641665255,,,,0.04862741767670341,42
ed1882a9047c0b33a37f,data/plantvillage/raw/color/Apple___healthy/f7416f1d-cd65-4f2e-be3e-ca701e693df5___RS_HL 7920.JPG,healthy,0,g2484,s_reliability,reliability_val,original,,,,,,42
78815c9e054e2556747b,data/plantvillage/raw/color/Apple___healthy/f7416f1d-cd65-4f2e-be3e-ca701e693df5___RS_HL 7920.JPG,healthy,0,g2484,s_reliability,reliability_val,brightness,4359477458417931357,1.2317189105631696,,,,42
8276751faf9dae30f8bf,data/plantvillage/raw/color/Apple___healthy/f7416f1d-cd65-4f2e-be3e-ca701e693df5___RS_HL 7920.JPG,healthy,0,g2484,s_reliability,reliability_val,contrast,8423463805504921224,,1.1676215226305835,,,42
2cbae7bbc37d20304bbb,data/plantvillage/raw/color/Apple___healthy/f7416f1d-cd65-4f2e-be3e-ca701e693df5___RS_HL 7920.JPG,healthy,0,g2484,s_reliability,reliability_val,gaussian_blur,6373553025923913498,,,0.9149248819933326,,42
141114689251e2cf9ac7,data/plantvillage/raw/color/Apple___healthy/f7416f1d-cd65-4f2e-be3e-ca701e693df5___RS_HL 7920.JPG,healthy,0,g2484,s_reliability,reliability_val,gaussian_noise,6260467427647153001,,,,0.04196347914618679,42
9a269c88d59f4e9ed8cc,data/plantvillage/raw/color/Apple___healthy/f7b5ebd2-2471-4a99-9944-e25696aa5fa8___RS_HL 6233.JPG,healthy,0,g2490,s_reliability,reliability_train,original,,,,,,42
4c88a13d7ba783cbfaf5,data/plantvillage/raw/color/Apple___healthy/f7b5ebd2-2471-4a99-9944-e25696aa5fa8___RS_HL 6233.JPG,healthy,0,g2490,s_reliability,reliability_train,brightness,2063959800542382168,1.1924852835128938,,,,42
26b222c7999039468023,data/plantvillage/raw/color/Apple___healthy/f7b5ebd2-2471-4a99-9944-e25696aa5fa8___RS_HL 6233.JPG,healthy,0,g2490,s_reliability,reliability_train,contrast,5912840315589991832,,0.8539736699788918,,,42
2f7853ab39fa4821685f,data/plantvillage/raw/color/Apple___healthy/f7b5ebd2-2471-4a99-9944-e25696aa5fa8___RS_HL 6233.JPG,healthy,0,g2490,s_reliability,reliability_train,gaussian_blur,5573519119509403411,,,1.00902254399286,,42
674f4a34948b656124d5,data/plantvillage/raw/color/Apple___healthy/f7b5ebd2-2471-4a99-9944-e25696aa5fa8___RS_HL 6233.JPG,healthy,0,g2490,s_reliability,reliability_train,gaussian_noise,5350448562760456341,,,,0.01610316395366882,42
76e8804528121f2c63cb,data/plantvillage/raw/color/Apple___healthy/f867a4ff-fe32-4bc4-9fee-9403c5ade149___RS_HL 5752.JPG,healthy,0,g2496,s_reliability,reliability_train,original,,,,,,42
ab43e26904c2e928affa,data/plantvillage/raw/color/Apple___healthy/f867a4ff-fe32-4bc4-9fee-9403c5ade149___RS_HL 5752.JPG,healthy,0,g2496,s_reliability,reliability_train,brightness,9143008897961289878,1.2072127780198731,,,,42
381bfe31bff2c2c07021,data/plantvillage/raw/color/Apple___healthy/f867a4ff-fe32-4bc4-9fee-9403c5ade149___RS_HL 5752.JPG,healthy,0,g2496,s_reliability,reliability_train,contrast,5455176447635669463,,0.8298298151866623,,,42
24a0b88e7a29d256f63f,data/plantvillage/raw/color/Apple___healthy/f867a4ff-fe32-4bc4-9fee-9403c5ade149___RS_HL 5752.JPG,healthy,0,g2496,s_reliability,reliability_train,gaussian_blur,8001894094008250401,,,0.6313287372008985,,42
3f8cac1ea0f8cd258d62,data/plantvillage/raw/color/Apple___healthy/f867a4ff-fe32-4bc4-9fee-9403c5ade149___RS_HL 5752.JPG,healthy,0,g2496,s_reliability,reliability_train,gaussian_noise,8522186780292781365,,,,0.047388256724811624,42
b81756566c995bfd299e,data/plantvillage/raw/color/Apple___healthy/f995325a-1135-4bde-89a6-121b0fde8c6c___RS_HL 5891.JPG,healthy,0,g2505,s_reliability,reliability_train,original,,,,,,42
f0caf322df69c14a45e9,data/plantvillage/raw/color/Apple___healthy/f995325a-1135-4bde-89a6-121b0fde8c6c___RS_HL 5891.JPG,healthy,0,g2505,s_reliability,reliability_train,brightness,6869346574417228529,1.0368738183476585,,,,42
912b77cc5a9029152e7a,data/plantvillage/raw/color/Apple___healthy/f995325a-1135-4bde-89a6-121b0fde8c6c___RS_HL 5891.JPG,healthy,0,g2505,s_reliability,reliability_train,contrast,6656211639019693140,,0.8143105419399964,,,42
73d652b6f4d8d638a707,data/plantvillage/raw/color/Apple___healthy/f995325a-1135-4bde-89a6-121b0fde8c6c___RS_HL 5891.JPG,healthy,0,g2505,s_reliability,reliability_train,gaussian_blur,7092296445892592735,,,1.322986619444158,,42
b8c9536cb4ef73c73c31,data/plantvillage/raw/color/Apple___healthy/f995325a-1135-4bde-89a6-121b0fde8c6c___RS_HL 5891.JPG,healthy,0,g2505,s_reliability,reliability_train,gaussian_noise,4977405919153055644,,,,0.029070997488886745,42
37b546ae9733e98e9737,data/plantvillage/raw/color/Apple___healthy/fb723b31-aac6-4412-aa97-efcab9cc99a4___RS_HL 8101.JPG,healthy,0,g2514,s_reliability,reliability_val,original,,,,,,42
0be2fd30fcfe33f81022,data/plantvillage/raw/color/Apple___healthy/fb723b31-aac6-4412-aa97-efcab9cc99a4___RS_HL 8101.JPG,healthy,0,g2514,s_reliability,reliability_val,brightness,536713051145895983,0.9679341342254071,,,,42
e4c09c8a99bc0af630c3,data/plantvillage/raw/color/Apple___healthy/fb723b31-aac6-4412-aa97-efcab9cc99a4___RS_HL 8101.JPG,healthy,0,g2514,s_reliability,reliability_val,contrast,4246211401210950196,,1.198930036425837,,,42
b67f35cf14e553324c78,data/plantvillage/raw/color/Apple___healthy/fb723b31-aac6-4412-aa97-efcab9cc99a4___RS_HL 8101.JPG,healthy,0,g2514,s_reliability,reliability_val,gaussian_blur,7766005488903383831,,,0.9026216687339459,,42
f7e8db2bf9eb238bb41b,data/plantvillage/raw/color/Apple___healthy/fb723b31-aac6-4412-aa97-efcab9cc99a4___RS_HL 8101.JPG,healthy,0,g2514,s_reliability,reliability_val,gaussian_noise,3342293063549930586,,,,0.01348866729981351,42
2bf80fd6ef56b5427da0,data/plantvillage/raw/color/Apple___healthy/fda25357-1076-4707-83e7-d409448a11a8___RS_HL 6221.JPG,healthy,0,g2523,s_reliability,reliability_train,original,,,,,,42
9a05a527035f648fc883,data/plantvillage/raw/color/Apple___healthy/fda25357-1076-4707-83e7-d409448a11a8___RS_HL 6221.JPG,healthy,0,g2523,s_reliability,reliability_train,brightness,9200765848649428338,0.9418561754693296,,,,42
56049dbb318bcc31c17e,data/plantvillage/raw/color/Apple___healthy/fda25357-1076-4707-83e7-d409448a11a8___RS_HL 6221.JPG,healthy,0,g2523,s_reliability,reliability_train,contrast,578103468573148835,,1.2353042009556323,,,42
58588724e8fc5978ae42,data/plantvillage/raw/color/Apple___healthy/fda25357-1076-4707-83e7-d409448a11a8___RS_HL 6221.JPG,healthy,0,g2523,s_reliability,reliability_train,gaussian_blur,2567392647564852991,,,1.3818671641142535,,42
c263e9a9dd54dd3cd8ef,data/plantvillage/raw/color/Apple___healthy/fda25357-1076-4707-83e7-d409448a11a8___RS_HL 6221.JPG,healthy,0,g2523,s_reliability,reliability_train,gaussian_noise,6122316175600551091,,,,0.020653769660684964,42
46a0e6523f8e4ce96e3b,data/plantvillage/raw/color/Apple___healthy/fea00538-32c3-4876-8833-40652becc30c___RS_HL 5761.JPG,healthy,0,g2530,s_reliability,reliability_train,original,,,,,,42
20f7088d126a64f10279,data/plantvillage/raw/color/Apple___healthy/fea00538-32c3-4876-8833-40652becc30c___RS_HL 5761.JPG,healthy,0,g2530,s_reliability,reliability_train,brightness,6767160455960747245,0.7464821509683723,,,,42
a0c172bb55ef9753188a,data/plantvillage/raw/color/Apple___healthy/fea00538-32c3-4876-8833-40652becc30c___RS_HL 5761.JPG,healthy,0,g2530,s_reliability,reliability_train,contrast,4490138560816570135,,1.257797578293228,,,42
6d6ae32a1487adf0da4f,data/plantvillage/raw/color/Apple___healthy/fea00538-32c3-4876-8833-40652becc30c___RS_HL 5761.JPG,healthy,0,g2530,s_reliability,reliability_train,gaussian_blur,6877305992116323865,,,0.6475893085311231,,42
64e379dad716d4adb367,data/plantvillage/raw/color/Apple___healthy/fea00538-32c3-4876-8833-40652becc30c___RS_HL 5761.JPG,healthy,0,g2530,s_reliability,reliability_train,gaussian_noise,8155657922131587209,,,,0.03267752948600909,42
2f6c75551512a2e79122,data/plantvillage/raw/color/Apple___healthy/feb2c7d8-0cfd-4eb1-86d0-78a893dd8943___RS_HL 7866.JPG,healthy,0,g2532,s_reliability,reliability_train,original,,,,,,42
ba1e784aa47f2fb490b0,data/plantvillage/raw/color/Apple___healthy/feb2c7d8-0cfd-4eb1-86d0-78a893dd8943___RS_HL 7866.JPG,healthy,0,g2532,s_reliability,reliability_train,brightness,3605648499600144422,0.9125195476159824,,,,42
21a198066a72bfede767,data/plantvillage/raw/color/Apple___healthy/feb2c7d8-0cfd-4eb1-86d0-78a893dd8943___RS_HL 7866.JPG,healthy,0,g2532,s_reliability,reliability_train,contrast,1026391629416439833,,1.244608984816079,,,42
e745da20af62c3b1c444,data/plantvillage/raw/color/Apple___healthy/feb2c7d8-0cfd-4eb1-86d0-78a893dd8943___RS_HL 7866.JPG,healthy,0,g2532,s_reliability,reliability_train,gaussian_blur,6233031138160942446,,,0.8497843792015919,,42
d55d323d49bbd3e68bef,data/plantvillage/raw/color/Apple___healthy/feb2c7d8-0cfd-4eb1-86d0-78a893dd8943___RS_HL 7866.JPG,healthy,0,g2532,s_reliability,reliability_train,gaussian_noise,5346822554028665402,,,,0.03415050617465853,42
cbaaec47dbe959c64b72,data/plantvillage/raw/color/Apple___healthy/ff89a869-8eb9-4a0a-9132-dc63e94421bd___RS_HL 7649.JPG,healthy,0,g2536,s_reliability,reliability_val,original,,,,,,42
69321030be90f32a3a37,data/plantvillage/raw/color/Apple___healthy/ff89a869-8eb9-4a0a-9132-dc63e94421bd___RS_HL 7649.JPG,healthy,0,g2536,s_reliability,reliability_val,brightness,6510888100655619039,0.8836478293313617,,,,42
6a1f32477eec8e1a0980,data/plantvillage/raw/color/Apple___healthy/ff89a869-8eb9-4a0a-9132-dc63e94421bd___RS_HL 7649.JPG,healthy,0,g2536,s_reliability,reliability_val,contrast,1052450415211902463,,0.8505808027920276,,,42
74c4ba00793c1c7eba27,data/plantvillage/raw/color/Apple___healthy/ff89a869-8eb9-4a0a-9132-dc63e94421bd___RS_HL 7649.JPG,healthy,0,g2536,s_reliability,reliability_val,gaussian_blur,1733191470771762205,,,1.2394974851476,,42
5804e7a3abb2b6af3795,data/plantvillage/raw/color/Apple___healthy/ff89a869-8eb9-4a0a-9132-dc63e94421bd___RS_HL 7649.JPG,healthy,0,g2536,s_reliability,reliability_val,gaussian_noise,8147000119447011947,,,,0.027752484908512537,42
