view_id,path,label,label_index,group_id,source_subset,reliability_split,view_type,rng_seed,brightness_factor,contrast_factor,blur_sigma,noise_sigma,view_generation_seed,true_label_index,predicted_label_index,predicted_label,failure_label,logit_healthy,logit_scab,logit_rust,classifier_seed
e82b4041f92bfbfe02a1,data/plantvillage/raw/color/Apple___Apple_scab/0208f4eb-45a4-4399-904e-989ac2c6257c___FREC_Scab 3037.JPG,scab,1,g0004,s_reliability,reliability_val,original,,,,,,42,1,1,scab,0,-2.9269452,2.1284373,-2.7152574,2026
abfce3452742e0bb553b,data/plantvillage/raw/color/Apple___Apple_scab/0208f4eb-45a4-4399-904e-989ac2c6257c___FREC_Scab 3037.JPG,scab,1,g0004,s_reliability,reliability_val,brightness,6908283064447679441,1.1793504680948104,,,,42,1,1,scab,0,-3.1176536,1.9588493,-2.3709822,2026
b76843c2b1937bc45f5e,data/plantvillage/raw/color/Apple___Apple_scab/0208f4eb-45a4-4399-904e-989ac2c6257c___FREC_Scab 3037.JPG,scab,1,g0004,s_reliability,reliability_val,contrast,8410289356758025790,,0.7298645923472723,,,42,1,1,scab,0,-2.664205,2.0665576,-2.9131813,2026
5326fab19e655d4e1d1e,data/plantvillage/raw/color/Apple___Apple_scab/0208f4eb-45a4-4399-904e-989ac2c6257c___FREC_Scab 3037.JPG,scab,1,g0004,s_reliability,reliability_val,gaussian_blur,8798574810571978739,,,0.5273824071866586,,42,1,1,scab,0,-3.8117528,2.3846583,-2.2205968,2026
920a14a6cd63e312714d,data/plantvillage/raw/color/Apple___Apple_scab/0208f4eb-45a4-4399-904e-989ac2c6257c___FREC_Scab 3037.JPG,scab,1,g0004,s_reliability,reliability_val,gaussian_noise,5484456605493108175,,,,0.04176175505975032,42,1,1,scab,0,-2.9275384,2.2488284,-2.8674247,2026
f9059ee858e4e6091117,data/plantvillage/raw/color/Apple___Apple_scab/0a6812de-7416-4ffe-aba9-307599a02c84___FREC_Scab 2973.JPG,scab,1,g0027,s_reliability,reliability_train,original,,,,,,42,1,1,scab,0,-1.534371,3.1043491,-4.5153956,2026
8921dbd25ce2cd887770,data/plantvillage/raw/color/Apple___Apple_scab/0a6812de-7416-4ffe-aba9-307599a02c84___FREC_Scab 2973.JPG,scab,1,g0027,s_reliability,reliability_train,brightness,1546519058571228282,0.8458247584252849,,,,42,1,1,scab,0,-1.5983236,3.1654027,-4.5789766,2026
dd1936cc31b7c01a5580,data/plantvillage/raw/color/Apple___Apple_scab/0a6812de-7416-4ffe-aba9-307599a02c84___FREC_Scab 2973.JPG,scab,1,g0027,s_reliability,reliability_train,contrast,6940329539270945462,,0.7037644931654706,,,42,1,1,scab,0,-1.2918264,3.0587137,-4.656802,2026
22c5793a96f848738e97,data/plantvillage/raw/color/Apple___Apple_scab/0a6812de-7416-4ffe-aba9-307599a02c84___FREC_Scab 2973.JPG,scab,1,g0027,s_reliability,reliability_train,gaussian_blur,1020127645595330592,,,1.3326727186366814,,42,1,1,scab,0,-3.4833126,2.588474,-2.2975588,2026
c870114afe69fb44fcee,data/plantvillage/raw/color/Apple___Apple_scab/0a6812de-7416-4ffe-aba9-307599a02c84___FREC_Scab 2973.JPG,scab,1,g0027,s_reliability,reliability_train,gaussian_noise,785015087459478231,,,,0.011129077692304415,42,1,1,scab,0,-1.5291595,3.1348543,-4.542176,2026
69e547e67256d2ac12c7,data/plantvillage/raw/color/Apple___Apple_scab/0c620ec5-11cf-4120-94ab-1311e99df147___FREC_Scab 3131.JPG,scab,1,g0032,s_reliability,reliability_train,original,,,,,,42,1,1,scab,0,-5.7994742,2.0178616,-1.4455181,2026
c6914b2c500df94dfa31,data/plantvillage/raw/color/Apple___Apple_scab/0c620ec5-11cf-4120-94ab-1311e99df147___FREC_Scab 3131.JPG,scab,1,g0032,s_reliability,reliability_train,brightness,4636249828621321541,1.063803023087749,,,,42,1,1,scab,0,-5.818065,1.9956251,-1.4270892,2026
f79da236da0d5f4ff5ea,data/plantvillage/raw/color/Apple___Apple_scab/0c620ec5-11cf-4120-94ab-1311e99df147___FREC_Scab 3131.JPG,scab,1,g0032,s_reliability,reliability_train,contrast,3028538600489368977,,1.0058846883829369,,,42,1,1,scab,0,-5.8104925,2.0154803,-1.4478785,2026
9d850dee2d17a8528139,data/plantvillage/raw/color/Apple___Apple_scab/0c620ec5-11cf-4120-94ab-1311e99df147___FREC_Scab 3131.JPG,scab,1,g0032,s_reliability,reliability_train,gaussian_blur,2609906190578003273,,,1.026796718311274,,42,1,1,scab,0,-5.9787602,1.1806828,0.05996522,2026
794275008f1e10458387,data/plantvillage/raw/color/Apple___Apple_scab/0c620ec5-11cf-4120-94ab-1311e99df147___FREC_Scab 3131.JPG,scab,1,g0032,s_reliability,reliability_train,gaussian_noise,1679844197850481810,,,,0.04644688780590372,42,1,1,scab,0,-5.886846,2.7165055,-2.0052266,2026
d2f1c0d577a3e269716e,data/plantvillage/raw/color/Apple___Apple_scab/11c50257-617e-4a6a-a996-2b195af9ada4___FREC_Scab 3462.JPG,scab,1,g0041,s_reliability,reliability_train,original,,,,,,42,1,1,scab,0,-3.5682113,1.4509051,-1.9561117,2026
c242e1bc2387877c94b5,data/plantvillage/raw/color/Apple___Apple_scab/11c50257-617e-4a6a-a996-2b195af9ada4___FREC_Scab 3462.JPG,scab,1,g0041,s_reliability,reliability_train,brightness,4337691008349765406,0.9337323553230035,,,,42,1,1,scab,0,-3.4305096,1.4712493,-2.0291226,2026
6a2031e032eb2924a8f5,data/plantvillage/raw/color/Apple___Apple_scab/11c50257-617e-4a6a-a996-2b195af9ada4___FREC_Scab 3462.JPG,scab,1,g0041,s_reliability,reliability_train,contrast,1026325778513535019,,1.2708887683558796,,,42,1,1,scab,0,-3.8839567,1.6652287,-1.9889973,2026
5f58877bd10599d6c90e,data/plantvillage/raw/color/Apple___Apple_scab/11c50257-617e-4a6a-a996-2b195af9ada4___FREC_Scab 3462.JPG,scab,1,g0041,s_reliability,reliability_train,gaussian_blur,7499307002881687508,,,0.9737598974317369,,42,1,1,scab,0,-3.657445,0.98992974,-0.5168855,2026
5ca9df65303567ab7eb6,data/plantvillage/raw/color/Apple___Apple_scab/11c50257-617e-4a6a-a996-2b195af9ada4___FREC_Scab 3462.JPG,scab,1,g0041,s_reliability,reliability_train,gaussian_noise,2090071120305378090,,,,0.044648636149432645,42,1,1,scab,0,-3.6081755,2.1459072,-2.613915,2026
0d0da9015ef5acf49879,data/plantvillage/raw/color/Apple___Apple_scab/13b16e68-c82c-4de8-ab34-877ff352e821___FREC_Scab 3180.JPG,scab,1,g0046,s_reliability,reliability_train,original,,,,,,42,1,1,scab,0,-4.549617,2.9677827,-2.7399328,2026
a35c13ec378b2246e2a3,data/plantvillage/raw/color/Apple___Apple_scab/13b16e68-c82c-4de8-ab34-877ff352e821___FREC_Scab 3180.JPG,scab,1,g0046,s_reliability,reliability_train,brightness,2889455949951384779,0.7239281011146501,,,,42,1,1,scab,0,-3.9822261,2.880744,-2.9806528,2026
de8c89b1ac312a08d431,data/plantvillage/raw/color/Apple___Apple_scab/13b16e68-c82c-4de8-ab34-877ff352e821___FREC_Scab 3180.JPG,scab,1,g0046,s_reliability,reliability_train,contrast,7805922818096897774,,0.7886797183546324,,,42,1,1,scab,0,-4.4433265,2.961011,-2.8080714,2026
e622f0479557d5c5cf24,data/plantvillage/raw/color/Apple___Apple_scab/13b16e68-c82c-4de8-ab34-877ff352e821___FREC_Scab 3180.JPG,scab,1,g0046,s_reliability,reliability_train,gaussian_blur,6326229994460951550,,,0.514441604579071,,42,1,1,scab,0,-4.2182474,2.712714,-2.5472507,2026
1be76e09fbd383c4adf5,data/plantvillage/raw/color/Apple___Apple_scab/13b16e68-c82c-4de8-ab34-877ff352e821___FREC_Scab 3180.JPG,scab,1,g0046,s_reliability,reliability_train,gaussian_noise,3712111741161372378,,,,0.030230027126562968,42,1,1,scab,0,-4.431359,3.3931553,-3.0211039,2026
dcaf24090d2563d809f7,data/plantvillage/raw/color/Apple___Apple_scab/13f31401-f65a-4025-823a-4f2738e8bff9___FREC_Scab 3062.JPG,scab,1,g0047,s_reliability,reliability_train,original,,,,,,42,1,1,scab,0,-6.727558,3.6337116,-2.475515,2026
cc247e36070c54820d4d,data/plantvillage/raw/color/Apple___Apple_scab/13f31401-f65a-4025-823a-4f2738e8bff9___FREC_Scab 3062.JPG,scab,1,g0047,s_reliability,reliability_train,brightness,7358291823705865844,1.084200882518326,,,,42,1,1,scab,0,-6.720607,3.5844893,-2.4644928,2026
f842e0c3b26983b3bffb,data/plantvillage/raw/color/Apple___Apple_scab/13f31401-f65a-4025-823a-4f2738e8bff9___FREC_Scab 3062.JPG,scab,1,g0047,s_reliability,reliability_train,contrast,1591787230686262185,,1.1833285560172486,,,42,1,1,scab,0,-6.853499,3.7565744,-2.5335162,2026
59a8ef6621f2d88093ce,data/plantvillage/raw/color/Apple___Apple_scab/13f31401-f65a-4025-823a-4f2738e8bff9___FREC_Scab 3062.JPG,scab,1,g0047,s_reliability,reliability_train,gaussian_blur,1723296798680775001,,,1.1661711539161113,,42,1,1,scab,0,-7.139634,2.525355,-0.17374155,2026
b292dd311910c34a69fe,data/plantvillage/raw/color/Apple___Apple_scab/13f31401-f65a-4025-823a-4f2738e8bff9___FREC_Scab 3062.JPG,scab,1,g0047,s_reliability,reliability_train,gaussian_noise,1654667627967588305,,,,0.035116231302800664,42,1,1,scab,0,-6.8467064,3.9376304,-2.7196994,2026
bdc56fe80baf94dca7df,data/plantvillage/raw/color/Apple___Apple_scab/14c623e5-051c-42f6-9e4f-f7a93e6a723c___FREC_Scab 2965.JPG,scab,1,g0048,s_reliability,reliability_train,original,,,,,,42,1,1,scab,0,-1.2090507,1.3033472,-2.629824,2026
5053fd255dfb5facd150,data/plantvillage/raw/color/Apple___Apple_scab/14c623e5-051c-42f6-9e4f-f7a93e6a723c___FREC_Scab 2965.JPG,scab,1,g0048,s_reliability,reliability_train,brightness,4630239206170767505,1.0456795991578818,,,,42,1,1,scab,0,-1.1465582,1.3340877,-2.6903503,2026
7e887a5090813efafe5f,data/plantvillage/raw/color/Apple___Apple_scab/14c623e5-051c-42f6-9e4f-f7a93e6a723c___FREC_Scab 2965.JPG,scab,1,g0048,s_reliability,reliability_train,contrast,558485502299158454,,0.8748534900168363,,,42,1,1,scab,0,-0.9841316,1.0470824,-2.6906855,2026
37d1d8725ba0ed16856b,data/plantvillage/raw/color/Apple___Apple_scab/14c623e5-051c-42f6-9e4f-f7a93e6a723c___FREC_Scab 2965.JPG,scab,1,g0048,s_reliability,reliability_train,gaussian_blur,4120232308516210713,,,1.4408259752642092,,42,1,1,scab,0,-2.4338915,0.5805374,-1.1276208,2026
463bced239a1243f8753,data/plantvillage/raw/color/Apple___Apple_scab/14c623e5-051c-42f6-9e4f-f7a93e6a723c___FREC_Scab 2965.JPG,scab,1,g0048,s_reliability,reliability_train,gaussian_noise,97628746860751840,,,,0.02632746345961373,42,1,1,scab,0,-1.813796,1.7266186,-2.591909,2026
a8477905ecc5b7997a54,data/plantvillage/raw/color/Apple___Apple_scab/1c10ab31-02b9-4008-b66f-9b44d8a9d323___FREC_Scab 3084.JPG,scab,1,g0066,s_reliability,reliability_train,original,,,,,,42,1,1,scab,0,-5.1962852,4.202221,-3.1853502,2026
8c9ccd5d3f37c27af8d9,data/plantvillage/raw/color/Apple___Apple_scab/1c10ab31-02b9-4008-b66f-9b44d8a9d323___FREC_Scab 3084.JPG,scab,1,g0066,s_reliability,reliability_train,brightness,5362457650330536426,1.1590748504923176,,,,42,1,1,scab,0,-5.3012967,4.124548,-2.9381032,2026
0c16c89652ef6d3dc210,data/plantvillage/raw/color/Apple___Apple_scab/1c10ab31-02b9-4008-b66f-9b44d8a9d323___FREC_Scab 3084.JPG,scab,1,g0066,s_reliability,reliability_train,contrast,5830518780481244835,,1.299131641022409,,,42,1,1,scab,0,-4.9876885,4.03344,-3.1224751,2026
e00f89a56180cce4314b,data/plantvillage/raw/color/Apple___Apple_scab/1c10ab31-02b9-4008-b66f-9b44d8a9d323___FREC_Scab 3084.JPG,scab,1,g0066,s_reliability,reliability_train,gaussian_blur,4211037320917365824,,,1.2283123573004415,,42,1,1,scab,0,-7.464656,2.8835323,-0.123653114,2026
ed4e390695e19ea98447,data/plantvillage/raw/color/Apple___Apple_scab/1c10ab31-02b9-4008-b66f-9b44d8a9d323___FREC_Scab 3084.JPG,scab,1,g0066,s_reliability,reliability_train,gaussian_noise,28536753764983469,,,,0.013178008521353916,42,1,1,scab,0,-5.08585,4.194279,-3.2453911,2026
50ce16c81915daaaf031,data/plantvillage/raw/color/Apple___Apple_scab/22c12d6a-3c17-45be-b53b-f17f1b3f5168___FREC_Scab 3206.JPG,scab,1,g0078,s_reliability,reliability_train,original,,,,,,42,1,1,scab,0,-4.4704146,1.9765329,-1.6933024,2026
19d9eb22c9ff1d48c3b7,data/plantvillage/raw/color/Apple___Apple_scab/22c12d6a-3c17-45be-b53b-f17f1b3f5168___FREC_Scab 3206.JPG,scab,1,g0078,s_reliability,reliability_train,brightness,1532948304423066913,0.9266184255347644,,,,42,1,1,scab,0,-4.2437453,1.9216586,-1.7936841,2026
907ff8edeb717a742927,data/plantvillage/raw/color/Apple___Apple_scab/22c12d6a-3c17-45be-b53b-f17f1b3f5168___FREC_Scab 3206.JPG,scab,1,g0078,s_reliability,reliability_train,contrast,8807283158502326612,,0.7775325341695403,,,42,1,1,scab,0,-3.996539,1.8247783,-1.8778137,2026
edef5bfeca7c8475b94d,data/plantvillage/raw/color/Apple___Apple_scab/22c12d6a-3c17-45be-b53b-f17f1b3f5168___FREC_Scab 3206.JPG,scab,1,g0078,s_reliability,reliability_train,gaussian_blur,2967634764438202649,,,1.1429961335381194,,42,1,1,scab,0,-6.3682494,2.3303192,-0.6033604,2026
d99af2788bb372e0c3e7,data/plantvillage/raw/color/Apple___Apple_scab/22c12d6a-3c17-45be-b53b-f17f1b3f5168___FREC_Scab 3206.JPG,scab,1,g0078,s_reliability,reliability_train,gaussian_noise,5342899670048696378,,,,0.03783757950481225,42,1,1,scab,0,-4.3939657,2.908929,-2.6400785,2026
ff1ffe39400ab6c320bf,data/plantvillage/raw/color/Apple___Apple_scab/2a59761b-c91c-451c-8e13-d9dc3aff8d29___FREC_Scab 3503.JPG,scab,1,g0095,s_reliability,reliability_train,original,,,,,,42,1,1,scab,0,-3.0858097,1.4541297,-2.8020437,2026
67988355bc8f36a0a14c,data/plantvillage/raw/color/Apple___Apple_scab/2a59761b-c91c-451c-8e13-d9dc3aff8d29___FREC_Scab 3503.JPG,scab,1,g0095,s_reliability,reliability_train,brightness,334249880778525987,1.1650466732545126,,,,42,1,1,scab,0,-3.309259,1.624775,-2.8038847,2026
af1150b723761740f3b9,data/plantvillage/raw/color/Apple___Apple_scab/2a59761b-c91c-451c-8e13-d9dc3aff8d29___FREC_Scab 3503.JPG,scab,1,g0095,s_reliability,reliability_train,contrast,3764091203282728150,,0.9140957096024234,,,42,1,1,scab,0,-2.6858544,1.281904,-2.8981028,2026
c719cdd58ba4207506f4,data/plantvillage/raw/color/Apple___Apple_scab/2a59761b-c91c-451c-8e13-d9dc3aff8d29___FREC_Scab 3503.JPG,scab,1,g0095,s_reliability,reliability_train,gaussian_blur,4857585104024347912,,,1.1785910772923014,,42,1,1,scab,0,-3.385584,1.6420546,-2.0815392,2026
e769ff91a4100daf233f,data/plantvillage/raw/color/Apple___Apple_scab/2a59761b-c91c-451c-8e13-d9dc3aff8d29___FREC_Scab 3503.JPG,scab,1,g0095,s_reliability,reliability_train,gaussian_noise,1015248292984051624,,,,0.037704442615503035,42,1,1,scab,0,-2.8793817,1.6540325,-3.0815284,2026
cc37b6432318c9fe1e73,data/plantvillage/raw/color/Apple___Apple_scab/2c89ceaf-748c-4371-80d0-d01855f04a92___FREC_Scab 2962.JPG,scab,1,g0104,s_reliability,reliability_train,original,,,,,,42,1,1,scab,0,0.07252572,0.5675703,-4.3710566,2026
31565c2faab98cddec96,data/plantvillage/raw/color/Apple___Apple_scab/2c89ceaf-748c-4371-80d0-d01855f04a92___FREC_Scab 2962.JPG,scab,1,g0104,s_reliability,reliability_train,brightness,2380743215482402535,1.2842809045978678,,,,42,1,0,healthy,1,0.4750743,0.45794007,-4.4271655,2026
867ea1eb75301ca1138c,data/plantvillage/raw/color/Apple___Apple_scab/2c89ceaf-748c-4371-80d0-d01855f04a92___FREC_Scab 2962.JPG,scab,1,g0104,s_reliability,reliability_train,contrast,5746543959768202582,,0.7538942004370455,,,42,1,1,scab,0,0.15391381,0.33148652,-4.2896333,2026
8d10f04bcd6081c340e1,data/plantvillage/raw/color/Apple___Apple_scab/2c89ceaf-748c-4371-80d0-d01855f04a92___FREC_Scab 2962.JPG,scab,1,g0104,s_reliability,reliability_train,gaussian_blur,4325223113134821138,,,0.8923431290727797,,42,1,1,scab,0,-1.5238032,0.61217177,-2.6544185,2026
e8b1f40fb08638f21813,data/plantvillage/raw/color/Apple___Apple_scab/2c89ceaf-748c-4371-80d0-d01855f04a92___FREC_Scab 2962.JPG,scab,1,g0104,s_reliability,reliability_train,gaussian_noise,3458518636454498617,,,,0.03342573911381611,42,1,1,scab,0,0.061990984,0.9502032,-4.5149274,2026
6caa009e36dc2a6c45db,data/plantvillage/raw/color/Apple___Apple_scab/2d5265d2-be99-4e9f-a085-d309cc01b751___FREC_Scab 3023.JPG,scab,1,g0107,s_reliability,reliability_train,original,,,,,,42,1,1,scab,0,-6.9480567,2.0681524,-1.4870638,2026
fd0e60044843e571e3d7,data/plantvillage/raw/color/Apple___Apple_scab/2d5265d2-be99-4e9f-a085-d309cc01b751___FREC_Scab 3023.JPG,scab,1,g0107,s_reliability,reliability_train,brightness,1292272933011370827,1.0392779112425976,,,,42,1,1,scab,0,-6.9307046,2.0085125,-1.4485679,2026
c510cd79c825de618501,data/plantvillage/raw/color/Apple___Apple_scab/2d5265d2-be99-4e9f-a085-d309cc01b751___FREC_Scab 3023.JPG,scab,1,g0107,s_reliability,reliability_train,contrast,2080540844017620776,,0.9505350387255889,,,42,1,1,scab,0,-6.8471413,2.0471723,-1.5571201,2026
d45d718a24ccd6dc9b75,data/plantvillage/raw/color/Apple___Apple_scab/2d5265d2-be99-4e9f-a085-d309cc01b751___FREC_Scab 3023.JPG,scab,1,g0107,s_reliability,reliability_train,gaussian_blur,1887573512787708833,,,1.4884629163179852,,42,1,1,scab,0,-8.235454,1.6460979,0.9315788,2026
4327557b4ae544f989c7,data/plantvillage/raw/color/Apple___Apple_scab/2d5265d2-be99-4e9f-a085-d309cc01b751___FREC_Scab 3023.JPG,scab,1,g0107,s_reliability,reliability_train,gaussian_noise,6649852218771166952,,,,0.04818771161719534,42,1,1,scab,0,-6.301988,2.3411891,-2.2355795,2026
5a9eb6cacc6c527dbbaf,data/plantvillage/raw/color/Apple___Apple_scab/32550bbb-cdf1-4805-8167-27dc5a8e87d2___FREC_Scab 3195.JPG,scab,1,g0116,s_reliability,reliability_train,original,,,,,,42,1,1,scab,0,-6.783312,3.7767675,-1.8488935,2026
e89be2711d10dbc1ffbe,data/plantvillage/raw/color/Apple___Apple_scab/32550bbb-cdf1-4805-8167-27dc5a8e87d2___FREC_Scab 3195.JPG,scab,1,g0116,s_reliability,reliability_train,brightness,834484230669674804,0.9888120098545399,,,,42,1,1,scab,0,-6.6544952,3.7265291,-1.8999666,2026
4283158453e4faf606e1,data/plantvillage/raw/color/Apple___Apple_scab/32550bbb-cdf1-4805-8167-27dc5a8e87d2___FREC_Scab 3195.JPG,scab,1,g0116,s_reliability,reliability_train,contrast,6989015332546850308,,1.1944661829437098,,,42,1,1,scab,0,-6.828546,3.5346055,-1.5404824,2026
f7c870096dcf2b7c3968,data/plantvillage/raw/color/Apple___Apple_scab/32550bbb-cdf1-4805-8167-27dc5a8e87d2___FREC_Scab 3195.JPG,scab,1,g0116,s_reliability,reliability_train,gaussian_blur,1391596825486268387,,,1.0233515886035562,,42,1,1,scab,0,-7.9680605,3.0998497,0.13593006,2026
d32115182513ae07e2b0,data/plantvillage/raw/color/Apple___Apple_scab/32550bbb-cdf1-4805-8167-27dc5a8e87d2___FREC_Scab 3195.JPG,scab,1,g0116,s_reliability,reliability_train,gaussian_noise,2419407410775920704,,,,0.03661826821401487,42,1,1,scab,0,-8.0046,4.921811,-2.351936,2026
1437c629c37dce810afc,data/plantvillage/raw/color/Apple___Apple_scab/35fde58e-46ea-4d1b-9580-ead7a2d0cb3b___FREC_Scab 2952.JPG,scab,1,g0124,s_reliability,reliability_val,original,,,,,,42,1,1,scab,0,-4.7858515,2.702171,-2.9691203,2026
8eefd0045ee3b442631d,data/plantvillage/raw/color/Apple___Apple_scab/35fde58e-46ea-4d1b-9580-ead7a2d0cb3b___FREC_Scab 2952.JPG,scab,1,g0124,s_reliability,reliability_val,brightness,7891311271981007174,0.8977757691779741,,,,42,1,1,scab,0,-4.6866918,2.8086424,-3.0699773,2026
1a0c1c5ac1cecb7b315d,data/plantvillage/raw/color/Apple___Apple_scab/35fde58e-46ea-4d1b-9580-ead7a2d0cb3b___FREC_Scab 2952.JPG,scab,1,g0124,s_reliability,reliability_val,contrast,2038160191488990176,,0.962403136653728,,,42,1,1,scab,0,-4.7675805,2.7204483,-2.9887016,2026
6f9a8ea0eb2e7fb87645,data/plantvillage/raw/color/Apple___Apple_scab/35fde58e-46ea-4d1b-9580-ead7a2d0cb3b___FREC_Scab 2952.JPG,scab,1,g0124,s_reliability,reliability_val,gaussian_blur,3740807739607262657,,,1.299982330795682,,42,1,1,scab,0,-8.025884,3.2869508,-0.36043787,2026
0d37b88dc038a60370d2,data/plantvillage/raw/color/Apple___Apple_scab/35fde58e-46ea-4d1b-9580-ead7a2d0cb3b___FREC_Scab 2952.JPG,scab,1,g0124,s_reliability,reliability_val,gaussian_noise,260352746599100520,,,,0.025767104879528553,42,1,1,scab,0,-4.7460995,2.724226,-3.0204897,2026
84f81d7b6a39612a3d71,data/plantvillage/raw/color/Apple___Apple_scab/38e76f0a-63cb-460a-b0fa-f20e561dc2c0___FREC_Scab 3481.JPG,scab,1,g0130,s_reliability,reliability_train,original,,,,,,42,1,1,scab,0,-2.6120005,3.1366751,-2.636421,2026
a1dcb0ec1c58ffdb65ad,data/plantvillage/raw/color/Apple___Apple_scab/38e76f0a-63cb-460a-b0fa-f20e561dc2c0___FREC_Scab 3481.JPG,scab,1,g0130,s_reliability,reliability_train,brightness,7512758001603947922,1.2801800551117726,,,,42,1,1,scab,0,-3.3015153,3.293666,-2.4090173,2026
61344534660b2cd7b68f,data/plantvillage/raw/color/Apple___Apple_scab/38e76f0a-63cb-460a-b0fa-f20e561dc2c0___FREC_Scab 3481.JPG,scab,1,g0130,s_reliability,reliability_train,contrast,763661346657682044,,0.722231863223545,,,42,1,1,scab,0,-4.1359878,3.8907511,-2.6596508,2026
f0d2ef4e19b60669c081,data/plantvillage/raw/color/Apple___Apple_scab/38e76f0a-63cb-460a-b0fa-f20e561dc2c0___FREC_Scab 3481.JPG,scab,1,g0130,s_reliability,reliability_train,gaussian_blur,4459098398558184123,,,0.5784896178546483,,42,1,1,scab,0,-2.6167386,3.026242,-2.5422893,2026
10fe8d3d14bcd7ee1d32,data/plantvillage/raw/color/Apple___Apple_scab/38e76f0a-63cb-460a-b0fa-f20e561dc2c0___FREC_Scab 3481.JPG,scab,1,g0130,s_reliability,reliability_train,gaussian_noise,2958419017905131303,,,,0.026433856015311,42,1,1,scab,0,-2.962692,3.7325883,-3.0656905,2026
ff3594824f991434c7fb,data/plantvillage/raw/color/Apple___Apple_scab/3eb26abb-a392-4cc4-9be2-d5e4bb8f3660___FREC_Scab 2969.JPG,scab,1,g0136,s_reliability,reliability_train,original,,,,,,42,1,1,scab,0,-3.4638624,1.5307031,-2.74551,2026
979fc325d61333f90aca,data/plantvillage/raw/color/Apple___Apple_scab/3eb26abb-a392-4cc4-9be2-d5e4bb8f3660___FREC_Scab 2969.JPG,scab,1,g0136,s_reliability,reliability_train,brightness,8274773322054157933,1.0496119177272254,,,,42,1,1,scab,0,-3.4412403,1.4503644,-2.6746802,2026
dbc2675c6d26468242ac,data/plantvillage/raw/color/Apple___Apple_scab/3eb26abb-a392-4cc4-9be2-d5e4bb8f3660___FREC_Scab 2969.JPG,scab,1,g0136,s_reliability,reliability_train,contrast,475687732965154264,,1.0171611273741048,,,42,1,1,scab,0,-3.4903567,1.550568,-2.7476392,2026
a2346bdcc808013143bd,data/plantvillage/raw/color/Apple___Apple_scab/3eb26abb-a392-4cc4-9be2-d5e4bb8f3660___FREC_Scab 2969.JPG,scab,1,g0136,s_reliability,reliability_train,gaussian_blur,7873626123940474812,,,0.9402903895749222,,42,1,1,scab,0,-4.548385,1.5478433,-1.4786501,2026
4c8dfcfb31876e1a8af0,data/plantvillage/raw/color/Apple___Apple_scab/3eb26abb-a392-4cc4-9be2-d5e4bb8f3660___FREC_Scab 2969.JPG,scab,1,g0136,s_reliability,reliability_train,gaussian_noise,770903754631161342,,,,0.02296303816701244,42,1,1,scab,0,-3.3606107,1.5552106,-2.8654926,2026
3fc9319f9494c545e43b,data/plantvillage/raw/color/Apple___Apple_scab/40a5e87c-ee32-4d67-9b28-926e94638a1d___FREC_Scab 3251.JPG,scab,1,g0139,s_reliability,reliability_train,original,,,,,,42,1,1,scab,0,-3.656165,4.7792993,-5.254145,2026
391f4914ca5f720802b3,data/plantvillage/raw/color/Apple___Apple_scab/40a5e87c-ee32-4d67-9b28-926e94638a1d___FREC_Scab 3251.JPG,scab,1,g0139,s_reliability,reliability_train,brightness,2313804737758193891,0.904032863479238,,,,42,1,1,scab,0,-3.4300766,4.791563,-5.409653,2026
6f183d4b024d3ad184cd,data/plantvillage/raw/color/Apple___Apple_scab/40a5e87c-ee32-4d67-9b28-926e94638a1d___FREC_Scab 3251.JPG,scab,1,g0139,s_reliability,reliability_train,contrast,6528026773636805772,,0.9707928622298405,,,42,1,1,scab,0,-3.6063485,4.796204,-5.3051305,2026
4010d573f3476eb35628,data/plantvillage/raw/color/Apple___Apple_scab/40a5e87c-ee32-4d67-9b28-926e94638a1d___FREC_Scab 3251.JPG,scab,1,g0139,s_reliability,reliability_train,gaussian_blur,6434693982202084120,,,0.824486826590018,,42,1,1,scab,0,-3.9794548,3.895309,-3.4358432,2026
3b32a9edca58fe16e57d,data/plantvillage/raw/color/Apple___Apple_scab/40a5e87c-ee32-4d67-9b28-926e94638a1d___FREC_Scab 3251.JPG,scab,1,g0139,s_reliability,reliability_train,gaussian_noise,4788557864535603375,,,,0.011461613401433013,42,1,1,scab,0,-3.6757312,4.82569,-5.3192687,2026
51293376f25d3ba03b8e,data/plantvillage/raw/color/Apple___Apple_scab/43712608-0fa2-4be2-91a0-242aca469cb4___FREC_Scab 2985.JPG,scab,1,g0147,s_reliability,reliability_train,original,,,,,,42,1,1,scab,0,-6.183843,3.2922223,-1.8872802,2026
b40ca0463809aabdf5d3,data/plantvillage/raw/color/Apple___Apple_scab/43712608-0fa2-4be2-91a0-242aca469cb4___FREC_Scab 2985.JPG,scab,1,g0147,s_reliability,reliability_train,brightness,5625260010864859443,0.9879465759912205,,,,42,1,1,scab,0,-6.1674323,3.3123767,-1.9149222,2026
f6696350b1bc1bbe36d0,data/plantvillage/raw/color/Apple___Apple_scab/43712608-0fa2-4be2-91a0-242aca469cb4___FREC_Scab 2985.JPG,scab,1,g0147,s_reliability,reliability_train,contrast,222514903498793283,,0.961289768182689,,,42,1,1,scab,0,-6.201317,3.327966,-1.9213706,2026
5f459a12bcbf627ea270,data/plantvillage/raw/color/Apple___Apple_scab/43712608-0fa2-4be2-91a0-242aca469cb4___FREC_Scab 2985.JPG,scab,1,g0147,s_reliability,reliability_train,gaussian_blur,7266482723580271566,,,0.5111016984097757,,42,1,1,scab,0,-7.7837167,3.5829935,-1.0816588,2026
0c9a08800086f2dc4758,data/plantvillage/raw/color/Apple___Apple_scab/43712608-0fa2-4be2-91a0-242aca469cb4___FREC_Scab 2985.JPG,scab,1,g0147,s_reliability,reliability_train,gaussian_noise,1571319341414325066,,,,0.024629639630271004,42,1,1,scab,0,-5.949163,3.3262107,-2.0459027,2026
adc2b97afabfa05e913a,data/plantvillage/raw/color/Apple___Apple_scab/45512c84-e453-459c-b12f-1d08ce44001b___FREC_Scab 3072.JPG,scab,1,g0159,s_reliability,reliability_train,original,,,,,,42,1,0,healthy,1,2.774433,-0.013095243,-5.3334923,2026
d4e9f995e28bdcdcc413,data/plantvillage/raw/color/Apple___Apple_scab/45512c84-e453-459c-b12f-1d08ce44001b___FREC_Scab 3072.JPG,scab,1,g0159,s_reliability,reliability_train,brightness,5653991356129424365,0.7319671295436548,,,,42,1,0,healthy,1,2.696532,0.12864639,-5.3922415,2026
8c892005797adf669c33,data/plantvillage/raw/color/Apple___Apple_scab/45512c84-e453-459c-b12f-1d08ce44001b___FREC_Scab 3072.JPG,scab,1,g0159,s_reliability,reliability_train,contrast,1087245000167908400,,0.9986030841023361,,,42,1,0,healthy,1,2.7467108,-0.0018753987,-5.3263173,2026
05be2960c749dced457e,data/plantvillage/raw/color/Apple___Apple_scab/45512c84-e453-459c-b12f-1d08ce44001b___FREC_Scab 3072.JPG,scab,1,g0159,s_reliability,reliability_train,gaussian_blur,6476666595109492564,,,0.6421706992783448,,42,1,0,healthy,1,1.0482407,-0.42664188,-3.5230484,2026
e3eb17d35a4fbf98d240,data/plantvillage/raw/color/Apple___Apple_scab/45512c84-e453-459c-b12f-1d08ce44001b___FREC_Scab 3072.JPG,scab,1,g0159,s_reliability,reliability_train,gaussian_noise,6180699814669754536,,,,0.047463218943106456,42,1,0,healthy,1,2.9241617,0.007266091,-5.3630457,2026
9c3d48d1b7a3addcd4c1,data/plantvillage/raw/color/Apple___Apple_scab/48dcb319-8b65-4bac-bba4-aa8ffa8abdd0___FREC_Scab 3519.JPG,scab,1,g0171,s_reliability,reliability_train,original,,,,,,42,1,1,scab,0,-0.856957,2.5939748,-5.3570943,2026
a6a7bca35844a7b96077,data/plantvillage/raw/color/Apple___Apple_scab/48dcb319-8b65-4bac-bba4-aa8ffa8abdd0___FREC_Scab 3519.JPG,scab,1,g0171,s_reliability,reliability_train,brightness,315850699881969443,1.1323126322803667,,,,42,1,1,scab,0,-0.85915965,2.5245242,-5.2338996,2026
0fc6926d7147ae63e2e9,data/plantvillage/raw/color/Apple___Apple_scab/48dcb319-8b65-4bac-bba4-aa8ffa8abdd0___FREC_Scab 3519.JPG,scab,1,g0171,s_reliability,reliability_train,contrast,6407292228298737614,,1.057826123312905,,,42,1,1,scab,0,-0.797807,2.6668053,-5.457779,2026
c7f02191c581ffd8f1c2,data/plantvillage/raw/color/Apple___Apple_scab/48dcb319-8b65-4bac-bba4-aa8ffa8abdd0___FREC_Scab 3519.JPG,scab,1,g0171,s_reliability,reliability_train,gaussian_blur,5852067725750458866,,,1.0041692231918855,,42,1,1,scab,0,-2.5099962,2.8116133,-4.030092,2026
ad667f6d5fd430fc75ae,data/plantvillage/raw/color/Apple___Apple_scab/48dcb319-8b65-4bac-bba4-aa8ffa8abdd0___FREC_Scab 3519.JPG,scab,1,g0171,s_reliability,reliability_train,gaussian_noise,2660582020477628795,,,,0.04211451740373435,42,1,1,scab,0,-0.847447,2.7335815,-5.4029293,2026
e6d2496b9bc7bbe7c934,data/plantvillage/raw/color/Apple___Apple_scab/4940cd87-695e-4f4d-8a45-5490812447cc___FREC_Scab 3044.JPG,scab,1,g0173,s_reliability,reliability_train,original,,,,,,42,1,1,scab,0,-1.2439888,3.7486267,-4.939367,2026
02d44894cdb2a45ae2eb,data/plantvillage/raw/color/Apple___Apple_scab/4940cd87-695e-4f4d-8a45-5490812447cc___FREC_Scab 3044.JPG,scab,1,g0173,s_reliability,reliability_train,brightness,5061384866469226955,1.004696217332115,,,,42,1,1,scab,0,-1.243652,3.7473032,-4.938295,2026
4e60e9a6391b65024cfa,data/plantvillage/raw/color/Apple___Apple_scab/4940cd87-695e-4f4d-8a45-5490812447cc___FREC_Scab 3044.JPG,scab,1,g0173,s_reliability,reliability_train,contrast,191515383504249845,,1.0269216727903994,,,42,1,1,scab,0,-1.1845068,3.7418618,-4.9465537,2026
a1ff140551fd09592eef,data/plantvillage/raw/color/Apple___Apple_scab/4940cd87-695e-4f4d-8a45-5490812447cc___FREC_Scab 3044.JPG,scab,1,g0173,s_reliability,reliability_train,gaussian_blur,95070497036913562,,,1.0312774043501682,,42,1,1,scab,0,-2.323616,2.803754,-2.7341828,2026
c356ae804f5466c2f19f,data/plantvillage/raw/color/Apple___Apple_scab/4940cd87-695e-4f4d-8a45-5490812447cc___FREC_Scab 3044.JPG,scab,1,g0173,s_reliability,reliability_train,gaussian_noise,8350126307817510253,,,,0.022990729295607172,42,1,1,scab,0,-1.3172454,3.9104507,-5.112448,2026
3e70ef9aab9bbc64708f,data/plantvillage/raw/color/Apple___Apple_scab/4bb38e05-1d5a-40c6-8638-10db134db682___FREC_Scab 3390.JPG,scab,1,g0181,s_reliability,reliability_train,original,,,,,,42,1,1,scab,0,-6.7208977,4.7499223,-3.3675117,2026
28d1a81f42723c38bf57,data/plantvillage/raw/color/Apple___Apple_scab/4bb38e05-1d5a-40c6-8638-10db134db682___FREC_Scab 3390.JPG,scab,1,g0181,s_reliability,reliability_train,brightness,3980641125599092220,1.248327570381468,,,,42,1,1,scab,0,-6.6299443,4.7480803,-3.4141717,2026
57cc8add2cd45f138eb0,data/plantvillage/raw/color/Apple___Apple_scab/4bb38e05-1d5a-40c6-8638-10db134db682___FREC_Scab 3390.JPG,scab,1,g0181,s_reliability,reliability_train,contrast,8921008466687068200,,1.217904985814624,,,42,1,1,scab,0,-6.57126,4.862211,-3.6096864,2026
3d3907588b0a300ab8c2,data/plantvillage/raw/color/Apple___Apple_scab/4bb38e05-1d5a-40c6-8638-10db134db682___FREC_Scab 3390.JPG,scab,1,g0181,s_reliability,reliability_train,gaussian_blur,1128589362374625567,,,0.5308441864328186,,42,1,1,scab,0,-7.6329575,4.6126294,-2.208033,2026
91f4d35ea9ba067b4fd4,data/plantvillage/raw/color/Apple___Apple_scab/4bb38e05-1d5a-40c6-8638-10db134db682___FREC_Scab 3390.JPG,scab,1,g0181,s_reliability,reliability_train,gaussian_noise,3104456263551083076,,,,0.023196428813188553,42,1,1,scab,0,-6.663084,4.7178526,-3.4094915,2026
812a1390d2ca3db68b26,data/plantvillage/raw/color/Apple___Apple_scab/4d3bcf15-cc49-4189-82e1-780efdf625a8___FREC_Scab 3254.JPG,scab,1,g0184,s_reliability,reliability_train,original,,,,,,42,1,1,scab,0,-2.943304,2.6069915,-2.7358375,2026
bedcb93328aeab23f185,data/plantvillage/raw/color/Apple___Apple_scab/4d3bcf15-cc49-4189-82e1-780efdf625a8___FREC_Scab 3254.JPG,scab,1,g0184,s_reliability,reliability_train,brightness,303663910959782898,1.0890401170830422,,,,42,1,1,scab,0,-3.0424287,2.690577,-2.7805512,2026
893890a5612573e408de,data/plantvillage/raw/color/Apple___Apple_scab/4d3bcf15-cc49-4189-82e1-780efdf625a8___FREC_Scab 3254.JPG,scab,1,g0184,s_reliability,reliability_train,contrast,2152542750197229924,,0.8914518575507488,,,42,1,1,scab,0,-2.811987,2.573748,-2.758617,2026
1d520b7c7c25812879e2,data/plantvillage/raw/color/Apple___Apple_scab/4d3bcf15-cc49-4189-82e1-780efdf625a8___FREC_Scab 3254.JPG,scab,1,g0184,s_reliability,reliability_train,gaussian_blur,1386717997348285917,,,0.9669488287255866,,42,1,1,scab,0,-3.3587632,2.3786426,-1.8451207,2026
8474f43a1b7d0d11b2bb,data/plantvillage/raw/color/Apple___Apple_scab/4d3bcf15-cc49-4189-82e1-780efdf625a8___FREC_Scab 3254.JPG,scab,1,g0184,s_reliability,reliability_train,gaussian_noise,2673587236834822058,,,,0.026060647143491225,42,1,1,scab,0,-3.0900085,2.9939618,-3.078137,2026
618e28811a6b0681421a,data/plantvillage/raw/color/Apple___Apple_scab/51929389-451f-4c78-a66b-b644e82a33b6___FREC_Scab 3528.JPG,scab,1,g0191,s_reliability,reliability_train,original,,,,,,42,1,1,scab,0,-2.9037087,1.4074135,-2.9775798,2026
e99d77ece3749273700f,data/plantvillage/raw/color/Apple___Apple_scab/51929389-451f-4c78-a66b-b644e82a33b6___FREC_Scab 3528.JPG,scab,1,g0191,s_reliability,reliability_train,brightness,4398362704767388234,0.9192182712514546,,,,42,1,1,scab,0,-3.2371817,1.5660613,-2.9641013,2026
2fdc93a0ca0d4406aa76,data/plantvillage/raw/color/Apple___Apple_scab/51929389-451f-4c78-a66b-b644e82a33b6___FREC_Scab 3528.JPG,scab,1,g0191,s_reliability,reliability_train,contrast,2203112900071374911,,1.2023645906084068,,,42,1,1,scab,0,-3.2707753,1.6555856,-3.067529,2026
88366cd9d8f76d3ec84a,data/plantvillage/raw/color/Apple___Apple_scab/51929389-451f-4c78-a66b-b644e82a33b6___FREC_Scab 3528.JPG,scab,1,g0191,s_reliability,reliability_train,gaussian_blur,4158329901920184381,,,1.1761352645449188,,42,1,1,scab,0,-5.117765,0.8828083,-0.99362165,2026
433b386aaf65d2046a8c,data/plantvillage/raw/color/Apple___Apple_scab/51929389-451f-4c78-a66b-b644e82a33b6___FREC_Scab 3528.JPG,scab,1,g0191,s_reliability,reliability_train,gaussian_noise,6800525090690705494,,,,0.023146649281191263,42,1,1,scab,0,-2.9112854,1.5000668,-3.0940394,2026
1c531383f5a76e9b2f4e,data/plantvillage/raw/color/Apple___Apple_scab/52d5723a-b498-4759-89a1-a7d815689716___FREC_Scab 3034.JPG,scab,1,g0192,s_reliability,reliability_train,original,,,,,,42,1,1,scab,0,-3.877167,3.7693326,-3.4908915,2026
fc9a6ff46105a52092d1,data/plantvillage/raw/color/Apple___Apple_scab/52d5723a-b498-4759-89a1-a7d815689716___FREC_Scab 3034.JPG,scab,1,g0192,s_reliability,reliability_train,brightness,622528440195816952,0.7340631525116548,,,,42,1,1,scab,0,-4.1993403,3.897352,-3.4576933,2026
9c90fc0c047a190c4244,data/plantvillage/raw/color/Apple___Apple_scab/52d5723a-b498-4759-89a1-a7d815689716___FREC_Scab 3034.JPG,scab,1,g0192,s_reliability,reliability_train,contrast,1880509566909888583,,0.9533051335182625,,,42,1,1,scab,0,-3.9033637,3.727329,-3.4419549,2026
fede71cfd86be7ff9ed7,data/plantvillage/raw/color/Apple___Apple_scab/52d5723a-b498-4759-89a1-a7d815689716___FREC_Scab 3034.JPG,scab,1,g0192,s_reliability,reliability_train,gaussian_blur,254008914887685602,,,1.3647796569965398,,42,1,1,scab,0,-4.3011975,2.1473405,-1.0144156,2026
1b5271da5af6d8dcfbb7,data/plantvillage/raw/color/Apple___Apple_scab/52d5723a-b498-4759-89a1-a7d815689716___FREC_Scab 3034.JPG,scab,1,g0192,s_reliability,reliability_train,gaussian_noise,1698295839343420343,,,,0.016199261301363503,42,1,1,scab,0,-3.8670452,3.7603211,-3.5370517,2026
b1412b21a5855170cff5,data/plantvillage/raw/color/Apple___Apple_scab/537873ed-fc63-4df3-bb6a-a5bf4c742619___FREC_Scab 3505.JPG,scab,1,g0196,s_reliability,reliability_train,original,,,,,,42,1,1,scab,0,-5.835579,2.944167,-2.192076,2026
54235eea4414241186f8,data/plantvillage/raw/color/Apple___Apple_scab/537873ed-fc63-4df3-bb6a-a5bf4c742619___FREC_Scab 3505.JPG,scab,1,g0196,s_reliability,reliability_train,brightness,4827566808374972934,1.1689312316662586,,,,42,1,1,scab,0,-6.119564,3.1060958,-2.2304027,2026
0f12e7fad1109bc3fb73,data/plantvillage/raw/color/Apple___Apple_scab/537873ed-fc63-4df3-bb6a-a5bf4c742619___FREC_Scab 3505.JPG,scab,1,g0196,s_reliability,reliability_train,contrast,2028427519791067371,,1.2937799370772112,,,42,1,1,scab,0,-6.1336,3.35126,-2.445673,2026
f1fdabd3b65517903ac2,data/plantvillage/raw/color/Apple___Apple_scab/537873ed-fc63-4df3-bb6a-a5bf4c742619___FREC_Scab 3505.JPG,scab,1,g0196,s_reliability,reliability_train,gaussian_blur,6772506432898899466,,,0.7251326158807576,,42,1,1,scab,0,-6.1280184,2.705091,-1.4347719,2026
897a60aec0fdbbce6016,data/plantvillage/raw/color/Apple___Apple_scab/537873ed-fc63-4df3-bb6a-a5bf4c742619___FREC_Scab 3505.JPG,scab,1,g0196,s_reliability,reliability_train,gaussian_noise,3736080959862683205,,,,0.030929076406615658,42,1,1,scab,0,-5.43479,2.9368165,-2.5347435,2026
eb804ea4b5cb9738fddd,data/plantvillage/raw/color/Apple___Apple_scab/5eb564a6-cd74-4c90-95d9-611a6301369d___FREC_Scab 3099.JPG,scab,1,g0215,s_reliability,reliability_val,original,,,,,,42,1,1,scab,0,-1.4438895,3.2529643,-5.1577797,2026
bc13b74395243e28c321,data/plantvillage/raw/color/Apple___Apple_scab/5eb564a6-cd74-4c90-95d9-611a6301369d___FREC_Scab 3099.JPG,scab,1,g0215,s_reliability,reliability_val,brightness,3205291794462614756,1.1957336589566414,,,,42,1,1,scab,0,-1.4051318,3.1063032,-4.935563,2026
1265878ebe7aaee0b283,data/plantvillage/raw/color/Apple___Apple_scab/5eb564a6-cd74-4c90-95d9-611a6301369d___FREC_Scab 3099.JPG,scab,1,g0215,s_reliability,reliability_val,contrast,4661497152299683125,,0.7736384729048587,,,42,1,1,scab,0,-1.3569838,3.0818503,-5.106562,2026
000c6066723b24e8ea91,data/plantvillage/raw/color/Apple___Apple_scab/5eb564a6-cd74-4c90-95d9-611a6301369d___FREC_Scab 3099.JPG,scab,1,g0215,s_reliability,reliability_val,gaussian_blur,8499203802068637771,,,1.3635992980978995,,42,1,1,scab,0,-6.3401623,3.346621,-1.6427947,2026
8c13fc02aa7df5078b0b,data/plantvillage/raw/color/Apple___Apple_scab/5eb564a6-cd74-4c90-95d9-611a6301369d___FREC_Scab 3099.JPG,scab,1,g0215,s_reliability,reliability_val,gaussian_noise,1898078027518019942,,,,0.026962445566572887,42,1,1,scab,0,-1.4950732,3.3314974,-5.189983,2026
e5f5ba8509b0f355fca0,data/plantvillage/raw/color/Apple___Apple_scab/60226bd7-db11-4d7e-ba29-a5136f6bebe0___FREC_Scab 3470.JPG,scab,1,g0218,s_reliability,reliability_train,original,,,,,,42,1,1,scab,0,-3.1491058,3.4578328,-3.7866828,2026
19078d970f884483425a,data/plantvillage/raw/color/Apple___Apple_scab/60226bd7-db11-4d7e-ba29-a5136f6bebe0___FREC_Scab 3470.JPG,scab,1,g0218,s_reliability,reliability_train,brightness,8496782424577321959,0.8454752592765677,,,,42,1,1,scab,0,-3.1087503,3.5982008,-3.8188965,2026
9c952028c9dda9b964d2,data/plantvillage/raw/color/Apple___Apple_scab/60226bd7-db11-4d7e-ba29-a5136f6bebe0___FREC_Scab 3470.JPG,scab,1,g0218,s_reliability,reliability_train,contrast,2180145978110394669,,0.9135742189979649,,,42,1,1,scab,0,-3.1442492,3.4889328,-3.7721717,2026
0a66a181eb704854ecff,data/plantvillage/raw/color/Apple___Apple_scab/60226bd7-db11-4d7e-ba29-a5136f6bebe0___FREC_Scab 3470.JPG,scab,1,g0218,s_reliability,reliability_train,gaussian_blur,6308648736248522766,,,1.341738126860692,,42,1,1,scab,0,0.24603476,1.3957912,-2.701634,2026
6a937867c9f151b2165d,data/plantvillage/raw/color/Apple___Apple_scab/60226bd7-db11-4d7e-ba29-a5136f6bebe0___FREC_Scab 3470.JPG,scab,1,g0218,s_reliability,reliability_train,gaussian_noise,6573095684920808455,,,,0.010026063362408704,42,1,1,scab,0,-2.9976532,3.4504917,-3.8828158,2026
80ebab1a0ab2dbc62018,data/plantvillage/raw/color/Apple___Apple_scab/60f3ba82-caf1-4cf7-998c-b0005458fa38___FREC_Scab 3226.JPG,scab,1,g0219,s_reliability,reliability_train,original,,,,,,42,1,1,scab,0,-6.516039,4.032036,-3.2349942,2026
e72ccdf86c230217ecf9,data/plantvillage/raw/color/Apple___Apple_scab/60f3ba82-caf1-4cf7-998c-b0005458fa38___FREC_Scab 3226.JPG,scab,1,g0219,s_reliability,reliability_train,brightness,1617582056988557503,0.7252677030182216,,,,42,1,1,scab,0,-6.230464,4.544063,-3.7375035,2026
679d562e606cabeb4219,data/plantvillage/raw/color/Apple___Apple_scab/60f3ba82-caf1-4cf7-998c-b0005458fa38___FREC_Scab 3226.JPG,scab,1,g0219,s_reliability,reliability_train,contrast,6231376786905491520,,0.769037960708494,,,42,1,1,scab,0,-6.446443,4.3037963,-3.4775536,2026
a6893c3320239a2abef0,data/plantvillage/raw/color/Apple___Apple_scab/60f3ba82-caf1-4cf7-998c-b0005458fa38___FREC_Scab 3226.JPG,scab,1,g0219,s_reliability,reliability_train,gaussian_blur,8256010960060555237,,,1.129314368861564,,42,1,1,scab,0,-8.980034,3.3524249,-0.3020263,2026
79c32a781e31ade1231f,data/plantvillage/raw/color/Apple___Apple_scab/60f3ba82-caf1-4cf7-998c-b0005458fa38___FREC_Scab 3226.JPG,scab,1,g0219,s_reliability,reliability_train,gaussian_noise,8445538856220460277,,,,0.04542596068268893,42,1,1,scab,0,-6.182187,4.266291,-3.6797218,2026
466aabb457fd0403d605,data/plantvillage/raw/color/Apple___Apple_scab/61373045-a7a5-4213-94fb-7d81638d5561___FREC_Scab 3430.JPG,scab,1,g0221,s_reliability,reliability_train,original,,,,,,42,1,1,scab,0,-1.5634334,1.2240146,-2.4682088,2026
132ddd364784a95b187b,data/plantvillage/raw/color/Apple___Apple_scab/61373045-a7a5-4213-94fb-7d81638d5561___FREC_Scab 3430.JPG,scab,1,g0221,s_reliability,reliability_train,brightness,7521554373475899626,1.2097945773291288,,,,42,1,1,scab,0,-1.9269344,1.1487601,-2.3582182,2026
62458c3f1feb722ac6b5,data/plantvillage/raw/color/Apple___Apple_scab/61373045-a7a5-4213-94fb-7d81638d5561___FREC_Scab 3430.JPG,scab,1,g0221,s_reliability,reliability_train,contrast,1612576418680129856,,0.9400264643474721,,,42,1,1,scab,0,-1.625537,1.2314504,-2.4498968,2026
b7c6d2681412598b3c6c,data/plantvillage/raw/color/Apple___Apple_scab/61373045-a7a5-4213-94fb-7d81638d5561___FREC_Scab 3430.JPG,scab,1,g0221,s_reliability,reliability_train,gaussian_blur,8700478756770745960,,,0.9808991006687942,,42,1,1,scab,0,-1.1655757,0.6720081,-1.8398192,2026
c902fc4aaf4205818fc9,data/plantvillage/raw/color/Apple___Apple_scab/61373045-a7a5-4213-94fb-7d81638d5561___FREC_Scab 3430.JPG,scab,1,g0221,s_reliability,reliability_train,gaussian_noise,3616955282686372369,,,,0.02097296684851099,42,1,1,scab,0,-1.3892325,1.4142704,-2.7245471,2026
d683c5c461a10e6acdf3,data/plantvillage/raw/color/Apple___Apple_scab/623fb084-dbac-42fb-b636-7cfcb89ba9f6___FREC_Scab 3437.JPG,scab,1,g0224,s_reliability,reliability_train,original,,,,,,42,1,1,scab,0,-6.2063317,3.5583417,-2.1977677,2026
62d6ede0c0eae5eba924,data/plantvillage/raw/color/Apple___Apple_scab/623fb084-dbac-42fb-b636-7cfcb89ba9f6___FREC_Scab 3437.JPG,scab,1,g0224,s_reliability,reliability_train,brightness,2929485961519639587,0.7025502631974108,,,,42,1,1,scab,0,-5.4336257,3.6212552,-2.4468086,2026
d452383e9b11e53e1307,data/plantvillage/raw/color/Apple___Apple_scab/623fb084-dbac-42fb-b636-7cfcb89ba9f6___FREC_Scab 3437.JPG,scab,1,g0224,s_reliability,reliability_train,contrast,7841055924283030490,,1.2733049395231255,,,42,1,1,scab,0,-6.270229,3.6370625,-2.3062303,2026
acd0ea776bd6241d7701,data/plantvillage/raw/color/Apple___Apple_scab/623fb084-dbac-42fb-b636-7cfcb89ba9f6___FREC_Scab 3437.JPG,scab,1,g0224,s_reliability,reliability_train,gaussian_blur,4015754173079648170,,,1.3106190699878222,,42,1,1,scab,0,-2.5727472,1.7861022,-2.0440428,2026
eb040a9c9047fcc22491,data/plantvillage/raw/color/Apple___Apple_scab/623fb084-dbac-42fb-b636-7cfcb89ba9f6___FREC_Scab 3437.JPG,scab,1,g0224,s_reliability,reliability_train,gaussian_noise,4984070843131209127,,,,0.04186245710778475,42,1,1,scab,0,-5.6774244,3.9391189,-2.7087913,2026
16c7269d9805eb2b6c28,data/plantvillage/raw/color/Apple___Apple_scab/63e1d796-f00e-4c24-9871-2eae6f9c9ced___FREC_Scab 3078.JPG,scab,1,g0230,s_reliability,reliability_train,original,,,,,,42,1,1,scab,0,-5.926658,2.2364967,-1.395447,2026
a0a8e5eb846d79b190ee,data/plantvillage/raw/color/Apple___Apple_scab/63e1d796-f00e-4c24-9871-2eae6f9c9ced___FREC_Scab 3078.JPG,scab,1,g0230,s_reliability,reliability_train,brightness,651021721672551988,0.7952594793895952,,,,42,1,1,scab,0,-6.135974,2.2682552,-1.2741855,2026
9ec79ffeb6ea2806ae48,data/plantvillage/raw/color/Apple___Apple_scab/63e1d796-f00e-4c24-9871-2eae6f9c9ced___FREC_Scab 3078.JPG,scab,1,g0230,s_reliability,reliability_train,contrast,877616976303108822,,1.1727370062528133,,,42,1,1,scab,0,-5.8275976,2.2256863,-1.4436685,2026
ce1a134249756e88d7e6,data/plantvillage/raw/color/Apple___Apple_scab/63e1d796-f00e-4c24-9871-2eae6f9c9ced___FREC_Scab 3078.JPG,scab,1,g0230,s_reliability,reliability_train,gaussian_blur,423065927302513909,,,1.2798342243438636,,42,1,1,scab,0,-5.3929744,0.92499053,0.30495328,2026
9ee5b82fc05fed652872,data/plantvillage/raw/color/Apple___Apple_scab/63e1d796-f00e-4c24-9871-2eae6f9c9ced___FREC_Scab 3078.JPG,scab,1,g0230,s_reliability,reliability_train,gaussian_noise,3176116166738960252,,,,0.027876471934458052,42,1,1,scab,0,-5.626168,2.114006,-1.5530212,2026
33553e8aea8dfceadaf0,data/plantvillage/raw/color/Apple___Apple_scab/663ad178-6346-4b89-8074-6655f1be1578___FREC_Scab 3500.JPG,scab,1,g0238,s_reliability,reliability_train,original,,,,,,42,1,1,scab,0,-8.423862,4.9716663,-1.9518324,2026
0c6c726e159621790580,data/plantvillage/raw/color/Apple___Apple_scab/663ad178-6346-4b89-8074-6655f1be1578___FREC_Scab 3500.JPG,scab,1,g0238,s_reliability,reliability_train,brightness,5531442572219884305,1.062465341445741,,,,42,1,1,scab,0,-8.498199,5.002851,-1.921562,2026
848468d0693f26769210,data/plantvillage/raw/color/Apple___Apple_scab/663ad178-6346-4b89-8074-6655f1be1578___FREC_Scab 3500.JPG,scab,1,g0238,s_reliability,reliability_train,contrast,7341513849243422424,,0.8967145413807569,,,42,1,1,scab,0,-7.9978895,4.871502,-2.1725829,2026
5f182ad335f7b35435ca,data/plantvillage/raw/color/Apple___Apple_scab/663ad178-6346-4b89-8074-6655f1be1578___FREC_Scab 3500.JPG,scab,1,g0238,s_reliability,reliability_train,gaussian_blur,5346926929235214822,,,1.4449789981235002,,42,1,1,scab,0,-5.95672,3.1015515,-0.8870551,2026
d79fd6e779735df5a87a,data/plantvillage/raw/color/Apple___Apple_scab/663ad178-6346-4b89-8074-6655f1be1578___FREC_Scab 3500.JPG,scab,1,g0238,s_reliability,reliability_train,gaussian_noise,4006056403580943165,,,,0.0444995761628125,42,1,1,scab,0,-8.435483,5.641578,-2.5786352,2026
892f90e7a64f7dc20627,data/plantvillage/raw/color/Apple___Apple_scab/6643566f-d980-4bdb-88d7-4d3ab3c771fa___FREC_Scab 3038.JPG,scab,1,g0239,s_reliability,reliability_train,original,,,,,,42,1,1,scab,0,-5.396809,2.8589149,-1.5705731,2026
feffeafd84024560496b,data/plantvillage/raw/color/Apple___Apple_scab/6643566f-d980-4bdb-88d7-4d3ab3c771fa___FREC_Scab 3038.JPG,scab,1,g0239,s_reliability,reliability_train,brightness,8404593942256361612,0.766833734902625,,,,42,1,1,scab,0,-5.6250873,3.4836087,-2.0792544,2026
ae9c1cd42c3ba9270535,data/plantvillage/raw/color/Apple___Apple_scab/6643566f-d980-4bdb-88d7-4d3ab3c771fa___FREC_Scab 3038.JPG,scab,1,g0239,s_reliability,reliability_train,contrast,1436399466966170753,,1.2834431526662844,,,42,1,1,scab,0,-5.7530127,3.0111887,-1.4710046,2026
da3d9d9a48c6d4a318d0,data/plantvillage/raw/color/Apple___Apple_scab/6643566f-d980-4bdb-88d7-4d3ab3c771fa___FREC_Scab 3038.JPG,scab,1,g0239,s_reliability,reliability_train,gaussian_blur,9060857898882006340,,,0.7139407766924388,,42,1,1,scab,0,-5.3661275,3.1549213,-1.622145,2026
44c2f5795720cbc8c49d,data/plantvillage/raw/color/Apple___Apple_scab/6643566f-d980-4bdb-88d7-4d3ab3c771fa___FREC_Scab 3038.JPG,scab,1,g0239,s_reliability,reliability_train,gaussian_noise,1415595690723101196,,,,0.023650202479074376,42,1,1,scab,0,-5.427764,3.0051153,-1.6745052,2026
de81a1af596f8c00251e,data/plantvillage/raw/color/Apple___Apple_scab/66fab3e4-d6e3-4a6d-aff0-4fe011ef8eb3___FREC_Scab 3153.JPG,scab,1,g0240,s_reliability,reliability_val,original,,,,,,42,1,1,scab,0,-6.83234,4.08187,-1.6035769,2026
c19880cf805977def6cb,data/plantvillage/raw/color/Apple___Apple_scab/66fab3e4-d6e3-4a6d-aff0-4fe011ef8eb3___FREC_Scab 3153.JPG,scab,1,g0240,s_reliability,reliability_val,brightness,7387841424495167205,1.2652739628829588,,,,42,1,1,scab,0,-6.4744086,3.9308386,-1.6919031,2026
a97c910918116e672a7d,data/plantvillage/raw/color/Apple___Apple_scab/66fab3e4-d6e3-4a6d-aff0-4fe011ef8eb3___FREC_Scab 3153.JPG,scab,1,g0240,s_reliability,reliability_val,contrast,6284561939902900866,,0.7223339224933566,,,42,1,1,scab,0,-5.6965866,4.071756,-2.3323379,2026
953a8d6aa17e5f72f49c,data/plantvillage/raw/color/Apple___Apple_scab/66fab3e4-d6e3-4a6d-aff0-4fe011ef8eb3___FREC_Scab 3153.JPG,scab,1,g0240,s_reliability,reliability_val,gaussian_blur,8156864285975510504,,,0.8160255498389924,,42,1,1,scab,0,-6.280819,4.0569735,-1.4425267,2026
e1a96f017c3a7142156b,data/plantvillage/raw/color/Apple___Apple_scab/66fab3e4-d6e3-4a6d-aff0-4fe011ef8eb3___FREC_Scab 3153.JPG,scab,1,g0240,s_reliability,reliability_val,gaussian_noise,1578294014356913619,,,,0.015354182598727974,42,1,1,scab,0,-7.081999,4.331768,-1.6862481,2026
d1c5f896e3b868c61837,data/plantvillage/raw/color/Apple___Apple_scab/67c7e9f9-19ca-4fb5-a2b1-8efdeed7b9e2___FREC_Scab 3397.JPG,scab,1,g0244,s_reliability,reliability_train,original,,,,,,42,1,1,scab,0,-8.759965,2.8846717,0.67588603,2026
8c8e7a3851bd67d38e3c,data/plantvillage/raw/color/Apple___Apple_scab/67c7e9f9-19ca-4fb5-a2b1-8efdeed7b9e2___FREC_Scab 3397.JPG,scab,1,g0244,s_reliability,reliability_train,brightness,1646881167271085999,1.069112412058353,,,,42,1,1,scab,0,-8.825286,2.9338553,0.6400565,2026
9a5528cb89fb38c0581b,data/plantvillage/raw/color/Apple___Apple_scab/67c7e9f9-19ca-4fb5-a2b1-8efdeed7b9e2___FREC_Scab 3397.JPG,scab,1,g0244,s_reliability,reliability_train,contrast,5144392295984696762,,1.2224187845382346,,,42,1,1,scab,0,-9.24141,3.0132551,0.81100476,2026
2a008b4270902104a89b,data/plantvillage/raw/color/Apple___Apple_scab/67c7e9f9-19ca-4fb5-a2b1-8efdeed7b9e2___FREC_Scab 3397.JPG,scab,1,g0244,s_reliability,reliability_train,gaussian_blur,5318482411642153416,,,1.4659431673432612,,42,1,2,rust,1,-9.48731,2.0515816,2.1999493,2026
10a68f54d4220c354041,data/plantvillage/raw/color/Apple___Apple_scab/67c7e9f9-19ca-4fb5-a2b1-8efdeed7b9e2___FREC_Scab 3397.JPG,scab,1,g0244,s_reliability,reliability_train,gaussian_noise,8020585154193051076,,,,0.026317530593913098,42,1,1,scab,0,-8.859684,3.0262904,0.56199944,2026
341184f397d6ef1c92e6,data/plantvillage/raw/color/Apple___Apple_scab/6a006aa9-a9f2-4269-9fd9-7a879f01faf1___FREC_Scab 3117.JPG,scab,1,g0250,s_reliability,reliability_train,original,,,,,,42,1,1,scab,0,-7.2467747,2.8169684,-1.1175549,2026
d37c6b44ea7764500095,data/plantvillage/raw/color/Apple___Apple_scab/6a006aa9-a9f2-4269-9fd9-7a879f01faf1___FREC_Scab 3117.JPG,scab,1,g0250,s_reliability,reliability_train,brightness,3944223664764724421,1.0304881802071089,,,,42,1,1,scab,0,-7.305207,2.7951047,-1.0810902,2026
7b16c4e86a09f1b19fe5,data/plantvillage/raw/color/Apple___Apple_scab/6a006aa9-a9f2-4269-9fd9-7a879f01faf1___FREC_Scab 3117.JPG,scab,1,g0250,s_reliability,reliability_train,contrast,8763709460738093809,,1.2401074869332414,,,42,1,1,scab,0,-7.7255425,3.0402222,-0.90662795,2026
4792f9b6e4f3a6ac2cfc,data/plantvillage/raw/color/Apple___Apple_scab/6a006aa9-a9f2-4269-9fd9-7a879f01faf1___FREC_Scab 3117.JPG,scab,1,g0250,s_reliability,reliability_train,gaussian_blur,3380275719007634387,,,1.050618332047042,,42,1,1,scab,0,-6.6173706,2.4627223,-0.53559476,2026
3358bbc527afbe18b9da,data/plantvillage/raw/color/Apple___Apple_scab/6a006aa9-a9f2-4269-9fd9-7a879f01faf1___FREC_Scab 3117.JPG,scab,1,g0250,s_reliability,reliability_train,gaussian_noise,4430312275333913775,,,,0.012927396615342453,42,1,1,scab,0,-7.2622523,2.7907124,-1.1143237,2026
0f579748d9d3f4f6fbab,data/plantvillage/raw/color/Apple___Apple_scab/6b5e1187-9b7b-4b4c-912f-b2175619f35f___FREC_Scab 3121.JPG,scab,1,g0255,s_reliability,reliability_train,original,,,,,,42,1,1,scab,0,-8.42423,3.9703388,-0.43382156,2026
62ccf1f1449c4a464de3,data/plantvillage/raw/color/Apple___Apple_scab/6b5e1187-9b7b-4b4c-912f-b2175619f35f___FREC_Scab 3121.JPG,scab,1,g0255,s_reliability,reliability_train,brightness,3555923660447715866,0.8290640794867432,,,,42,1,1,scab,0,-8.133022,3.9549634,-0.59250855,2026
8e1259806c7d21e0997e,data/plantvillage/raw/color/Apple___Apple_scab/6b5e1187-9b7b-4b4c-912f-b2175619f35f___FREC_Scab 3121.JPG,scab,1,g0255,s_reliability,reliability_train,contrast,7190483874321341939,,0.805632083057742,,,42,1,1,scab,0,-7.9575167,3.7421386,-0.6054656,2026
b8704f43a9c12228d5d2,data/plantvillage/raw/color/Apple___Apple_scab/6b5e1187-9b7b-4b4c-912f-b2175619f35f___FREC_Scab 3121.JPG,scab,1,g0255,s_reliability,reliability_train,gaussian_blur,8878382452324125086,,,0.9464187802356487,,42,1,1,scab,0,-8.750896,3.4487493,0.2909006,2026
2ffc456d7ae963e63018,data/plantvillage/raw/color/Apple___Apple_scab/6b5e1187-9b7b-4b4c-912f-b2175619f35f___FREC_Scab 3121.JPG,scab,1,g0255,s_reliability,reliability_train,gaussian_noise,1198613978728796660,,,,0.03559988416484856,42,1,1,scab,0,-8.864552,4.7937427,-1.046828,2026
8ab01bd43e8b0ae07bfb,data/plantvillage/raw/color/Apple___Apple_scab/6b66d8dd-af9f-43b5-a43f-6e4c6d64bede___FREC_Scab 3248.JPG,scab,1,g0256,s_reliability,reliability_train,original,,,,,,42,1,1,scab,0,-2.8794744,4.826013,-5.039138,2026
8b7d83d296a68cd79ba2,data/plantvillage/raw/color/Apple___Apple_scab/6b66d8dd-af9f-43b5-a43f-6e4c6d64bede___FREC_Scab 3248.JPG,scab,1,g0256,s_reliability,reliability_train,brightness,5383600139489336851,1.1255390597199812,,,,42,1,1,scab,0,-3.1876361,4.934642,-5.0969586,2026
cc907197d110db6eef47,data/plantvillage/raw/color/Apple___Apple_scab/6b66d8dd-af9f-43b5-a43f-6e4c6d64bede___FREC_Scab 3248.JPG,scab,1,g0256,s_reliability,reliability_train,contrast,1616489432133561999,,0.8795335395349284,,,42,1,1,scab,0,-2.6293077,4.621439,-4.9772487,2026
8ba37938c2429f013121,data/plantvillage/raw/color/Apple___Apple_scab/6b66d8dd-af9f-43b5-a43f-6e4c6d64bede___FREC_Scab 3248.JPG,scab,1,g0256,s_reliability,reliability_train,gaussian_blur,3196758830836076126,,,1.111167159169351,,42,1,1,scab,0,-3.2284737,2.9350283,-2.530293,2026
b0855553af38df534ac2,data/plantvillage/raw/color/Apple___Apple_scab/6b66d8dd-af9f-43b5-a43f-6e4c6d64bede___FREC_Scab 3248.JPG,scab,1,g0256,s_reliability,reliability_train,gaussian_noise,862921709563001275,,,,0.020695232750406523,42,1,1,scab,0,-2.8886802,4.840629,-5.100258,2026
f303f8dc7af6ac8c3aa6,data/plantvillage/raw/color/Apple___Apple_scab/6fb62aa7-c3d4-457a-b95d-a8b3102cccd8___FREC_Scab 3005.JPG,scab,1,g0269,s_reliability,reliability_train,original,,,,,,42,1,1,scab,0,-3.9622397,4.395175,-4.003215,2026
08f495c5c7b7d67f6cac,data/plantvillage/raw/color/Apple___Apple_scab/6fb62aa7-c3d4-457a-b95d-a8b3102cccd8___FREC_Scab 3005.JPG,scab,1,g0269,s_reliability,reliability_train,brightness,6486059515081264910,1.178299708474525,,,,42,1,1,scab,0,-4.3618135,4.563049,-3.932921,2026
c38414ce6ad8200d3a29,data/plantvillage/raw/color/Apple___Apple_scab/6fb62aa7-c3d4-457a-b95d-a8b3102cccd8___FREC_Scab 3005.JPG,scab,1,g0269,s_reliability,reliability_train,contrast,6953119212176336190,,1.0616477098285224,,,42,1,1,scab,0,-4.00595,4.527332,-4.0712166,2026
d415d636f4d03bfe8677,data/plantvillage/raw/color/Apple___Apple_scab/6fb62aa7-c3d4-457a-b95d-a8b3102cccd8___FREC_Scab 3005.JPG,scab,1,g0269,s_reliability,reliability_train,gaussian_blur,52680723438308863,,,1.4082724230657226,,42,1,1,scab,0,-3.0132556,2.7823145,-1.8003649,2026
a7f5c04ef42cab70a537,data/plantvillage/raw/color/Apple___Apple_scab/6fb62aa7-c3d4-457a-b95d-a8b3102cccd8___FREC_Scab 3005.JPG,scab,1,g0269,s_reliability,reliability_train,gaussian_noise,3753785555469801204,,,,0.019333933799091426,42,1,1,scab,0,-3.9891436,4.519024,-4.084474,2026
2cd7ebf52f5424a45a33,data/plantvillage/raw/color/Apple___Apple_scab/72317b7f-8162-4454-b6db-c2e6e5455911___FREC_Scab 3088.JPG,scab,1,g0273,s_reliability,reliability_train,original,,,,,,42,1,1,scab,0,-3.501128,3.9278202,-4.197641,2026
15f2f850ca3942255120,data/plantvillage/raw/color/Apple___Apple_scab/72317b7f-8162-4454-b6db-c2e6e5455911___FREC_Scab 3088.JPG,scab,1,g0273,s_reliability,reliability_train,brightness,4259737954215672467,1.2136302349744992,,,,42,1,1,scab,0,-3.1225855,3.918957,-4.3055987,2026
55a5a4be87448b9ada66,data/plantvillage/raw/color/Apple___Apple_scab/72317b7f-8162-4454-b6db-c2e6e5455911___FREC_Scab 3088.JPG,scab,1,g0273,s_reliability,reliability_train,contrast,2965175072119230189,,1.1062816995925917,,,42,1,1,scab,0,-3.4149523,4.058844,-4.3677006,2026
fab9cb17190fb8d0bf90,data/plantvillage/raw/color/Apple___Apple_scab/72317b7f-8162-4454-b6db-c2e6e5455911___FREC_Scab 3088.JPG,scab,1,g0273,s_reliability,reliability_train,gaussian_blur,6101352737029410608,,,1.138812776291585,,42,1,1,scab,0,-5.32803,2.526942,-0.9399807,2026
01c7412f9b6a7a8f2564,data/plantvillage/raw/color/Apple___Apple_scab/72317b7f-8162-4454-b6db-c2e6e5455911___FREC_Scab 3088.JPG,scab,1,g0273,s_reliability,reliability_train,gaussian_noise,7779828112337972570,,,,0.022564658059232384,42,1,1,scab,0,-3.241826,3.9113486,-4.3005123,2026
beb775de2c87d9bef274,data/plantvillage/raw/color/Apple___Apple_scab/76e50482-74b2-468f-8556-7669e1682f1e___FREC_Scab 3323.JPG,scab,1,g0284,s_reliability,reliability_train,original,,,,,,42,1,1,scab,0,0.2846429,0.330656,-4.004399,2026
73420c587f8ca9bddce6,data/plantvillage/raw/color/Apple___Apple_scab/76e50482-74b2-468f-8556-7669e1682f1e___FREC_Scab 3323.JPG,scab,1,g0284,s_reliability,reliability_train,brightness,9001436806462123350,1.1482481951899617,,,,42,1,1,scab,0,0.25980628,0.293548,-3.9712448,2026
b64cb2a74ec208b6517c,data/plantvillage/raw/color/Apple___Apple_scab/76e50482-74b2-468f-8556-7669e1682f1e___FREC_Scab 3323.JPG,scab,1,g0284,s_reliability,reliability_train,contrast,935706156177606957,,1.1352860440103645,,,42,1,1,scab,0,0.2951722,0.41634825,-4.1327353,2026
5f0020a1a2d3e9a3a846,data/plantvillage/raw/color/Apple___Apple_scab/76e50482-74b2-468f-8556-7669e1682f1e___FREC_Scab 3323.JPG,scab,1,g0284,s_reliability,reliability_train,gaussian_blur,3806873319062406691,,,0.7563178040613654,,42,1,1,scab,0,-1.688537,0.15016223,-2.0083823,2026
6e5d69e35ca198494028,data/plantvillage/raw/color/Apple___Apple_scab/76e50482-74b2-468f-8556-7669e1682f1e___FREC_Scab 3323.JPG,scab,1,g0284,s_reliability,reliability_train,gaussian_noise,2447145241581560903,,,,0.03226910685442227,42,1,0,healthy,1,0.52174693,0.31099132,-4.1165504,2026
54e4abc147c9a123a117,data/plantvillage/raw/color/Apple___Apple_scab/792c3972-8724-45b6-8ba0-eec0f675bc50___FREC_Scab 3120.JPG,scab,1,g0289,s_reliability,reliability_train,original,,,,,,42,1,1,scab,0,-7.810724,3.1744027,-0.6549183,2026
d46a63feb934aeb54fd6,data/plantvillage/raw/color/Apple___Apple_scab/792c3972-8724-45b6-8ba0-eec0f675bc50___FREC_Scab 3120.JPG,scab,1,g0289,s_reliability,reliability_train,brightness,4427444548928737312,1.0158115030816135,,,,42,1,1,scab,0,-7.80319,3.1960814,-0.7069764,2026
91eef8c8c4752aeb78e5,data/plantvillage/raw/color/Apple___Apple_scab/792c3972-8724-45b6-8ba0-eec0f675bc50___FREC_Scab 3120.JPG,scab,1,g0289,s_reliability,reliability_train,contrast,6318739556741432998,,1.063118615887179,,,42,1,1,scab,0,-7.8242817,3.2286568,-0.6593134,2026
860ec42b9439742689e0,data/plantvillage/raw/color/Apple___Apple_scab/792c3972-8724-45b6-8ba0-eec0f675bc50___FREC_Scab 3120.JPG,scab,1,g0289,s_reliability,reliability_train,gaussian_blur,8635417635505964497,,,1.3881483637684875,,42,1,1,scab,0,-7.4575276,1.8743843,1.1308825,2026
4ad5a2bcf6f20c3ad77d,data/plantvillage/raw/color/Apple___Apple_scab/792c3972-8724-45b6-8ba0-eec0f675bc50___FREC_Scab 3120.JPG,scab,1,g0289,s_reliability,reliability_train,gaussian_noise,8573718978139073643,,,,0.026043812134846286,42,1,1,scab,0,-7.8964906,3.362021,-0.757998,2026
df71b004707330db4335,data/plantvillage/raw/color/Apple___Apple_scab/7bc2b2d5-b2b6-4ac2-9bbe-322ce8d7d9bb___FREC_Scab 2944.JPG,scab,1,g0295,s_reliability,reliability_train,original,,,,,,42,1,1,scab,0,-2.0875688,1.6263072,-3.5132535,2026
a840b0cacd89788f7658,data/plantvillage/raw/color/Apple___Apple_scab/7bc2b2d5-b2b6-4ac2-9bbe-322ce8d7d9bb___FREC_Scab 2944.JPG,scab,1,g0295,s_reliability,reliability_train,brightness,7441911032222068817,1.175378777944538,,,,42,1,1,scab,0,-2.0874634,1.616028,-3.4243324,2026
e18d26c0a28d8f3eb7e8,data/plantvillage/raw/color/Apple___Apple_scab/7bc2b2d5-b2b6-4ac2-9bbe-322ce8d7d9bb___FREC_Scab 2944.JPG,scab,1,g0295,s_reliability,reliability_train,contrast,3218968026437738959,,0.9300177848589182,,,42,1,1,scab,0,-1.9465381,1.5889282,-3.560776,2026
2eea9476f2b04be26970,data/plantvillage/raw/color/Apple___Apple_scab/7bc2b2d5-b2b6-4ac2-9bbe-322ce8d7d9bb___FREC_Scab 2944.JPG,scab,1,g0295,s_reliability,reliability_train,gaussian_blur,974215969777534437,,,1.2233599779735231,,42,1,1,scab,0,-6.018565,1.711193,-0.9053413,2026
fae104e2092b8f3d7c03,data/plantvillage/raw/color/Apple___Apple_scab/7bc2b2d5-b2b6-4ac2-9bbe-322ce8d7d9bb___FREC_Scab 2944.JPG,scab,1,g0295,s_reliability,reliability_train,gaussian_noise,7076022998597825792,,,,0.028212965435535746,42,1,1,scab,0,-1.6834384,1.4834828,-3.629191,2026
8992521411ace85b96f0,data/plantvillage/raw/color/Apple___Apple_scab/7bf25c0a-6594-4777-9a67-49a6487bb203___FREC_Scab 2993.JPG,scab,1,g0297,s_reliability,reliability_train,original,,,,,,42,1,1,scab,0,-3.819991,3.4101102,-2.2070897,2026
2979f1d06a6a038b0ca3,data/plantvillage/raw/color/Apple___Apple_scab/7bf25c0a-6594-4777-9a67-49a6487bb203___FREC_Scab 2993.JPG,scab,1,g0297,s_reliability,reliability_train,brightness,2277107555880666934,0.7992286175147714,,,,42,1,1,scab,0,-3.7410429,3.2844484,-2.125719,2026
06140ef2ac598a613b8c,data/plantvillage/raw/color/Apple___Apple_scab/7bf25c0a-6594-4777-9a67-49a6487bb203___FREC_Scab 2993.JPG,scab,1,g0297,s_reliability,reliability_train,contrast,1089263953608580493,,1.0589717004097428,,,42,1,1,scab,0,-3.8081827,3.469778,-2.2389412,2026
122cb9eaa840d6e27d34,data/plantvillage/raw/color/Apple___Apple_scab/7bf25c0a-6594-4777-9a67-49a6487bb203___FREC_Scab 2993.JPG,scab,1,g0297,s_reliability,reliability_train,gaussian_blur,3379368754574520610,,,0.6631829932532647,,42,1,1,scab,0,-3.3788958,2.9826174,-1.9008927,2026
00facb712a4c5d8e1361,data/plantvillage/raw/color/Apple___Apple_scab/7bf25c0a-6594-4777-9a67-49a6487bb203___FREC_Scab 2993.JPG,scab,1,g0297,s_reliability,reliability_train,gaussian_noise,2226125359114156089,,,,0.02667711235413267,42,1,1,scab,0,-3.7270238,3.5195494,-2.446325,2026
92a4b5482cd5153e3dde,data/plantvillage/raw/color/Apple___Apple_scab/7ceb532d-1a58-4a25-bbff-8dd04a117744___FREC_Scab 3422.JPG,scab,1,g0301,s_reliability,reliability_train,original,,,,,,42,1,1,scab,0,-5.9186716,2.0466306,-1.0212398,2026
abfc4e5907bd1f067d10,data/plantvillage/raw/color/Apple___Apple_scab/7ceb532d-1a58-4a25-bbff-8dd04a117744___FREC_Scab 3422.JPG,scab,1,g0301,s_reliability,reliability_train,brightness,4448870632164728681,0.9567654336762157,,,,42,1,1,scab,0,-5.5077934,2.0824423,-1.2898326,2026
b4dd777e659cf45a2f10,data/plantvillage/raw/color/Apple___Apple_scab/7ceb532d-1a58-4a25-bbff-8dd04a117744___FREC_Scab 3422.JPG,scab,1,g0301,s_reliability,reliability_train,contrast,5562828008754951541,,0.9552919844284307,,,42,1,1,scab,0,-5.6099906,2.0241275,-1.1598938,2026
fd6e6bcd48a1fc9d2a4c,data/plantvillage/raw/color/Apple___Apple_scab/7ceb532d-1a58-4a25-bbff-8dd04a117744___FREC_Scab 3422.JPG,scab,1,g0301,s_reliability,reliability_train,gaussian_blur,4669972028130864203,,,0.9292082645419151,,42,1,1,scab,0,-6.67951,0.80092716,0.7334342,2026
033508fd5da9b1c6cbd0,data/plantvillage/raw/color/Apple___Apple_scab/7ceb532d-1a58-4a25-bbff-8dd04a117744___FREC_Scab 3422.JPG,scab,1,g0301,s_reliability,reliability_train,gaussian_noise,3291277149889399802,,,,0.022560373892789906,42,1,1,scab,0,-5.8903027,1.981592,-1.0041037,2026
72831a0d027de109d890,data/plantvillage/raw/color/Apple___Apple_scab/7dbdcba3-395b-413e-bc22-cd0d0e11a1c9___FREC_Scab 3363.JPG,scab,1,g0302,s_reliability,reliability_val,original,,,,,,42,1,1,scab,0,-3.7500777,1.9780831,-1.9780685,2026
22ed91e6b5fdae9706e8,data/plantvillage/raw/color/Apple___Apple_scab/7dbdcba3-395b-413e-bc22-cd0d0e11a1c9___FREC_Scab 3363.JPG,scab,1,g0302,s_reliability,reliability_val,brightness,9216146155834624863,0.919516893201685,,,,42,1,1,scab,0,-3.4782135,1.9529368,-2.1209075,2026
034d1bf4d9c3f563e00b,data/plantvillage/raw/color/Apple___Apple_scab/7dbdcba3-395b-413e-bc22-cd0d0e11a1c9___FREC_Scab 3363.JPG,scab,1,g0302,s_reliability,reliability_val,contrast,6451980865858598289,,1.0284734918803422,,,42,1,1,scab,0,-3.7638936,2.0251896,-1.9921981,2026
577aee707c2cb392178c,data/plantvillage/raw/color/Apple___Apple_scab/7dbdcba3-395b-413e-bc22-cd0d0e11a1c9___FREC_Scab 3363.JPG,scab,1,g0302,s_reliability,reliability_val,gaussian_blur,4425597830222659663,,,1.4108915891882101,,42,1,1,scab,0,-4.8344417,0.6489307,0.02778126,2026
53d9d95752f14122d71d,data/plantvillage/raw/color/Apple___Apple_scab/7dbdcba3-395b-413e-bc22-cd0d0e11a1c9___FREC_Scab 3363.JPG,scab,1,g0302,s_reliability,reliability_val,gaussian_noise,2081672023430139435,,,,0.040225133260916764,42,1,1,scab,0,-3.931693,2.7023718,-2.468685,2026
10f1b2ad91f8bdd88963,data/plantvillage/raw/color/Apple___Apple_scab/89888e39-a951-4507-a9c4-193aead90f64___FREC_Scab 3160.JPG,scab,1,g0339,s_reliability,reliability_train,original,,,,,,42,1,1,scab,0,-3.4643667,0.9889956,-1.7749879,2026
63b855f1dcc8ef2afd1f,data/plantvillage/raw/color/Apple___Apple_scab/89888e39-a951-4507-a9c4-193aead90f64___FREC_Scab 3160.JPG,scab,1,g0339,s_reliability,reliability_train,brightness,7999899811881368054,1.242118521306749,,,,42,1,1,scab,0,-3.787383,1.0429927,-1.4995092,2026
6495a478ba5fc6b245b2,data/plantvillage/raw/color/Apple___Apple_scab/89888e39-a951-4507-a9c4-193aead90f64___FREC_Scab 3160.JPG,scab,1,g0339,s_reliability,reliability_train,contrast,103942717400153926,,0.9914238871260477,,,42,1,1,scab,0,-3.5096562,1.0514525,-1.8095597,2026
28c85cd36c1545a78334,data/plantvillage/raw/color/Apple___Apple_scab/89888e39-a951-4507-a9c4-193aead90f64___FREC_Scab 3160.JPG,scab,1,g0339,s_reliability,reliability_train,gaussian_blur,3239714277236538455,,,0.804029845258798,,42,1,1,scab,0,-3.5946383,0.5248172,-0.499178,2026
08dcf01df10b9969f4a6,data/plantvillage/raw/color/Apple___Apple_scab/89888e39-a951-4507-a9c4-193aead90f64___FREC_Scab 3160.JPG,scab,1,g0339,s_reliability,reliability_train,gaussian_noise,2240827342697216255,,,,0.017791419555193345,42,1,1,scab,0,-3.3517838,1.2902281,-1.9923359,2026
ad209ce369142e41650c,data/plantvillage/raw/color/Apple___Apple_scab/919f1400-c9b6-4343-9708-0e70deabb85d___FREC_Scab 2941.JPG,scab,1,g0357,s_reliability,reliability_train,original,,,,,,42,1,1,scab,0,-3.4027095,3.3804965,-3.979063,2026
b59f81256d062974d334,data/plantvillage/raw/color/Apple___Apple_scab/919f1400-c9b6-4343-9708-0e70deabb85d___FREC_Scab 2941.JPG,scab,1,g0357,s_reliability,reliability_train,brightness,7291232184966838105,0.9596275398208107,,,,42,1,1,scab,0,-3.5252643,3.4449332,-3.9783368,2026
f8f9d2e9c9b9c77e724d,data/plantvillage/raw/color/Apple___Apple_scab/919f1400-c9b6-4343-9708-0e70deabb85d___FREC_Scab 2941.JPG,scab,1,g0357,s_reliability,reliability_train,contrast,4229481435769825965,,1.27100283917368,,,42,1,1,scab,0,-3.6506038,3.3956845,-3.8656328,2026
5517d859c1a51bf40c1b,data/plantvillage/raw/color/Apple___Apple_scab/919f1400-c9b6-4343-9708-0e70deabb85d___FREC_Scab 2941.JPG,scab,1,g0357,s_reliability,reliability_train,gaussian_blur,2459335558620762044,,,1.1404076218528503,,42,1,1,scab,0,-4.807691,3.956174,-2.6322367,2026
a870978fa992b2a390bf,data/plantvillage/raw/color/Apple___Apple_scab/919f1400-c9b6-4343-9708-0e70deabb85d___FREC_Scab 2941.JPG,scab,1,g0357,s_reliability,reliability_train,gaussian_noise,4558413050314961557,,,,0.01660422802340984,42,1,1,scab,0,-3.5749645,3.4880314,-3.9864101,2026
f343c0dca7d515c56e0f,data/plantvillage/raw/color/Apple___Apple_scab/96a26f9f-76b9-456a-b39f-d390ff20bc58___FREC_Scab 3257.JPG,scab,1,g0365,s_reliability,reliability_train,original,,,,,,42,1,1,scab,0,-1.1518898,1.9800633,-3.1919916,2026
c25b77fd3e31d6e3db30,data/plantvillage/raw/color/Apple___Apple_scab/96a26f9f-76b9-456a-b39f-d390ff20bc58___FREC_Scab 3257.JPG,scab,1,g0365,s_reliability,reliability_train,brightness,7653376811334616251,1.2709834489802296,,,,42,1,1,scab,0,-0.9537642,2.0280993,-3.3612983,2026
328d9bab338cd2d3725b,data/plantvillage/raw/color/Apple___Apple_scab/96a26f9f-76b9-456a-b39f-d390ff20bc58___FREC_Scab 3257.JPG,scab,1,g0365,s_reliability,reliability_train,contrast,8744010153981327809,,1.0739582328674893,,,42,1,1,scab,0,-1.1620177,2.0118232,-3.2080274,2026
1ec7f6a5e503c52c7042,data/plantvillage/raw/color/Apple___Apple_scab/96a26f9f-76b9-456a-b39f-d390ff20bc58___FREC_Scab 3257.JPG,scab,1,g0365,s_reliability,reliability_train,gaussian_blur,3847857722964603062,,,0.5058644441117534,,42,1,1,scab,0,-1.1857384,1.7050848,-2.8445983,2026
7880152399cc7413e1c7,data/plantvillage/raw/color/Apple___Apple_scab/96a26f9f-76b9-456a-b39f-d390ff20bc58___FREC_Scab 3257.JPG,scab,1,g0365,s_reliability,reliability_train,gaussian_noise,5876893559867988121,,,,0.011128629955999881,42,1,1,scab,0,-1.1768478,1.9610296,-3.1688952,2026
83bd16fc76897715e13a,data/plantvillage/raw/color/Apple___Apple_scab/98259104-a5dd-4751-88f2-27923a2317a3___FREC_Scab 3419.JPG,scab,1,g0371,s_reliability,reliability_val,original,,,,,,42,1,1,scab,0,-4.872359,2.0105674,-1.5579658,2026
e2ebe2210dea50740bec,data/plantvillage/raw/color/Apple___Apple_scab/98259104-a5dd-4751-88f2-27923a2317a3___FREC_Scab 3419.JPG,scab,1,g0371,s_reliability,reliability_val,brightness,2797364946854429153,0.9296092049596162,,,,42,1,1,scab,0,-4.5259,2.0338757,-1.7336577,2026
a2efd6b89137bbc6fdcf,data/plantvillage/raw/color/Apple___Apple_scab/98259104-a5dd-4751-88f2-27923a2317a3___FREC_Scab 3419.JPG,scab,1,g0371,s_reliability,reliability_val,contrast,1017633337604123648,,0.7759712371763897,,,42,1,1,scab,0,-4.576489,1.9803175,-1.7536783,2026
eeca04c60aaf4255fc57,data/plantvillage/raw/color/Apple___Apple_scab/98259104-a5dd-4751-88f2-27923a2317a3___FREC_Scab 3419.JPG,scab,1,g0371,s_reliability,reliability_val,gaussian_blur,6487314559361869197,,,0.7347229887879989,,42,1,1,scab,0,-5.292201,1.6809459,-0.66344225,2026
3342e794853e97ad9df4,data/plantvillage/raw/color/Apple___Apple_scab/98259104-a5dd-4751-88f2-27923a2317a3___FREC_Scab 3419.JPG,scab,1,g0371,s_reliability,reliability_val,gaussian_noise,7089023240552477292,,,,0.011522791966816444,42,1,1,scab,0,-4.8473144,2.0186634,-1.6361232,2026
d379f8a4485183130f6f,data/plantvillage/raw/color/Apple___Apple_scab/9cbb6419-1670-45d5-a8ad-90cf9eaac971___FREC_Scab 3075.JPG,scab,1,g0383,s_reliability,reliability_train,original,,,,,,42,1,1,scab,0,-0.8585819,1.1902133,-4.138725,2026
6364f15d6b4e1241c1a9,data/plantvillage/raw/color/Apple___Apple_scab/9cbb6419-1670-45d5-a8ad-90cf9eaac971___FREC_Scab 3075.JPG,scab,1,g0383,s_reliability,reliability_train,brightness,1850951819499431885,1.166444388316924,,,,42,1,1,scab,0,-0.42330512,0.9338509,-4.132038,2026
6e829af8dd925d24578e,data/plantvillage/raw/color/Apple___Apple_scab/9cbb6419-1670-45d5-a8ad-90cf9eaac971___FREC_Scab 3075.JPG,scab,1,g0383,s_reliability,reliability_train,contrast,218342791560945139,,0.7855965386199362,,,42,1,1,scab,0,-1.0986961,1.3125336,-3.9986427,2026
d4a568994bd026b8209f,data/plantvillage/raw/color/Apple___Apple_scab/9cbb6419-1670-45d5-a8ad-90cf9eaac971___FREC_Scab 3075.JPG,scab,1,g0383,s_reliability,reliability_train,gaussian_blur,5619970845224002902,,,0.6913559934988492,,42,1,1,scab,0,-2.1038735,0.845907,-1.9501851,2026
2d4db0c98d3bd791a0a5,data/plantvillage/raw/color/Apple___Apple_scab/9cbb6419-1670-45d5-a8ad-90cf9eaac971___FREC_Scab 3075.JPG,scab,1,g0383,s_reliability,reliability_train,gaussian_noise,8394577066369361894,,,,0.016390569548083968,42,1,1,scab,0,-0.9310505,1.2185222,-4.11821,2026
87f27855f5da6d219580,data/plantvillage/raw/color/Apple___Apple_scab/a038a218-4c69-4f5a-9887-80fac9888782___FREC_Scab 3008.JPG,scab,1,g0394,s_reliability,reliability_val,original,,,,,,42,1,1,scab,0,-6.6850204,4.2769885,-3.039826,2026
6e8da2411b9b640abf17,data/plantvillage/raw/color/Apple___Apple_scab/a038a218-4c69-4f5a-9887-80fac9888782___FREC_Scab 3008.JPG,scab,1,g0394,s_reliability,reliability_val,brightness,4465219466980065858,1.1910408515472002,,,,42,1,1,scab,0,-6.9860926,4.425088,-2.8859491,2026
bf46f5c507f2f981e828,data/plantvillage/raw/color/Apple___Apple_scab/a038a218-4c69-4f5a-9887-80fac9888782___FREC_Scab 3008.JPG,scab,1,g0394,s_reliability,reliability_val,contrast,8315305878688998997,,0.7239109972456986,,,42,1,1,scab,0,-5.6613703,3.6493516,-3.1391518,2026
457389355c53d10e01f5,data/plantvillage/raw/color/Apple___Apple_scab/a038a218-4c69-4f5a-9887-80fac9888782___FREC_Scab 3008.JPG,scab,1,g0394,s_reliability,reliability_val,gaussian_blur,5205811605053547889,,,0.9656886665401103,,42,1,1,scab,0,-5.550281,2.8835785,-1.8812867,2026
5f7acb69c64d2c03b69b,data/plantvillage/raw/color/Apple___Apple_scab/a038a218-4c69-4f5a-9887-80fac9888782___FREC_Scab 3008.JPG,scab,1,g0394,s_reliability,reliability_val,gaussian_noise,2406714495365171957,,,,0.0218380832151159,42,1,1,scab,0,-6.5509186,4.5165534,-3.3701081,2026
2067a186969f2197601f,data/plantvillage/raw/color/Apple___Apple_scab/a5ed05d8-9815-41b7-b481-332e48cfde56___FREC_Scab 3415.JPG,scab,1,g0403,s_reliability,reliability_train,original,,,,,,42,1,1,scab,0,-6.3613806,2.5786722,-1.1959761,2026
b6e9677c56d987026eb9,data/plantvillage/raw/color/Apple___Apple_scab/a5ed05d8-9815-41b7-b481-332e48cfde56___FREC_Scab 3415.JPG,scab,1,g0403,s_reliability,reliability_train,brightness,1704908280373140782,1.0020710454102604,,,,42,1,1,scab,0,-6.3613806,2.5786722,-1.1959761,2026
f72e48e9cd8cdcb0b09b,data/plantvillage/raw/color/Apple___Apple_scab/a5ed05d8-9815-41b7-b481-332e48cfde56___FREC_Scab 3415.JPG,scab,1,g0403,s_reliability,reliability_train,contrast,8384157559531937856,,1.2182995442373656,,,42,1,1,scab,0,-7.337035,2.6255386,-0.69467735,2026
f4c9b6d9a83010102556,data/plantvillage/raw/color/Apple___Apple_scab/a5ed05d8-9815-41b7-b481-332e48cfde56___FREC_Scab 3415.JPG,scab,1,g0403,s_reliability,reliability_train,gaussian_blur,8674457119490103003,,,0.9722693884644846,,42,1,1,scab,0,-7.7487164,3.5615518,-1.056032,2026
60fb7bcc2e00b319fceb,data/plantvillage/raw/color/Apple___Apple_scab/a5ed05d8-9815-41b7-b481-332e48cfde56___FREC_Scab 3415.JPG,scab,1,g0403,s_reliability,reliability_train,gaussian_noise,8845035162174302948,,,,0.010748986291998977,42,1,1,scab,0,-6.470316,2.5759346,-1.1645656,2026
5f4c2abd6823888e0d5f,data/plantvillage/raw/color/Apple___Apple_scab/a72a9033-d2b9-4c64-93bc-7e5a1a0ea4ae___FREC_Scab 3284.JPG,scab,1,g0405,s_reliability,reliability_val,original,,,,,,42,1,1,scab,0,-5.627675,5.31272,-3.3991234,2026
8df2f9ea4443e804d4cb,data/plantvillage/raw/color/Apple___Apple_scab/a72a9033-d2b9-4c64-93bc-7e5a1a0ea4ae___FREC_Scab 3284.JPG,scab,1,g0405,s_reliability,reliability_val,brightness,2377086299634206583,1.1782416269313285,,,,42,1,1,scab,0,-5.370039,5.1422396,-3.3379052,2026
b6176092af9e41213502,data/plantvillage/raw/color/Apple___Apple_scab/a72a9033-d2b9-4c64-93bc-7e5a1a0ea4ae___FREC_Scab 3284.JPG,scab,1,g0405,s_reliability,reliability_val,contrast,6922890226299703011,,1.2856323211344844,,,42,1,1,scab,0,-5.331299,5.2199864,-3.4146297,2026
48e4ff044cc9ca97dcb0,data/plantvillage/raw/color/Apple___Apple_scab/a72a9033-d2b9-4c64-93bc-7e5a1a0ea4ae___FREC_Scab 3284.JPG,scab,1,g0405,s_reliability,reliability_val,gaussian_blur,7150571665743401991,,,1.2279062408114485,,42,1,1,scab,0,-8.908859,5.088693,-0.49041504,2026
b41ea2069db620c19977,data/plantvillage/raw/color/Apple___Apple_scab/a72a9033-d2b9-4c64-93bc-7e5a1a0ea4ae___FREC_Scab 3284.JPG,scab,1,g0405,s_reliability,reliability_val,gaussian_noise,4712738225410308663,,,,0.01430492255727778,42,1,1,scab,0,-5.5478377,5.3149323,-3.446167,2026
2b8ec2160d717dbbea09,data/plantvillage/raw/color/Apple___Apple_scab/a8037811-6ce4-4611-ace1-1b6492374135___FREC_Scab 3126.JPG,scab,1,g0407,s_reliability,reliability_train,original,,,,,,42,1,1,scab,0,-7.930031,4.8760204,-2.3938558,2026
08ab068f72cf1788f3b6,data/plantvillage/raw/color/Apple___Apple_scab/a8037811-6ce4-4611-ace1-1b6492374135___FREC_Scab 3126.JPG,scab,1,g0407,s_reliability,reliability_train,brightness,2057116001210596951,1.2055235532815556,,,,42,1,1,scab,0,-8.998673,5.4473596,-2.2217078,2026
b1e5e31859a0b7324bb1,data/plantvillage/raw/color/Apple___Apple_scab/a8037811-6ce4-4611-ace1-1b6492374135___FREC_Scab 3126.JPG,scab,1,g0407,s_reliability,reliability_train,contrast,2675926225371813669,,1.0028627952905367,,,42,1,1,scab,0,-7.7780337,4.825914,-2.424772,2026
528ca022392114986c2e,data/plantvillage/raw/color/Apple___Apple_scab/a8037811-6ce4-4611-ace1-1b6492374135___FREC_Scab 3126.JPG,scab,1,g0407,s_reliability,reliability_train,gaussian_blur,2546380914940990811,,,1.2585899876256224,,42,1,1,scab,0,-6.363372,3.9253085,-1.6394268,2026
1fa97d8c8bed7d2c0e7c,data/plantvillage/raw/color/Apple___Apple_scab/a8037811-6ce4-4611-ace1-1b6492374135___FREC_Scab 3126.JPG,scab,1,g0407,s_reliability,reliability_train,gaussian_noise,5525242714913217209,,,,0.04103626006666803,42,1,1,scab,0,-8.7215,5.5506997,-2.3676043,2026
0ec2021184e762ab4e5d,data/plantvillage/raw/color/Apple___Apple_scab/ab0ab3b2-0893-46c6-8f66-9469e8340b64___FREC_Scab 3368.JPG,scab,1,g0410,s_reliability,reliability_train,original,,,,,,42,1,1,scab,0,-2.933403,1.3156594,-2.1062994,2026
5ce4af3bc5ba4b23a751,data/plantvillage/raw/color/Apple___Apple_scab/ab0ab3b2-0893-46c6-8f66-9469e8340b64___FREC_Scab 3368.JPG,scab,1,g0410,s_reliability,reliability_train,brightness,4788969250749392695,1.1174911556575835,,,,42,1,1,scab,0,-2.8738432,1.264633,-2.0458496,2026
18f73e7c7bdceb4f7c69,data/plantvillage/raw/color/Apple___Apple_scab/ab0ab3b2-0893-46c6-8f66-9469e8340b64___FREC_Scab 3368.JPG,scab,1,g0410,s_reliability,reliability_train,contrast,5841407205970463613,,0.7708930557407264,,,42,1,1,scab,0,-2.261582,1.4552795,-2.6884136,2026
ce0c04fe0d0f54152e9f,data/plantvillage/raw/color/Apple___Apple_scab/ab0ab3b2-0893-46c6-8f66-9469e8340b64___FREC_Scab 3368.JPG,scab,1,g0410,s_reliability,reliability_train,gaussian_blur,3754378124718127911,,,1.1192939848862193,,42,1,1,scab,0,-3.8690708,0.85579294,-0.55805945,2026
f4325fc0f9e2313fee11,data/plantvillage/raw/color/Apple___Apple_scab/ab0ab3b2-0893-46c6-8f66-9469e8340b64___FREC_Scab 3368.JPG,scab,1,g0410,s_reliability,reliability_train,gaussian_noise,1522000759448134004,,,,0.045664478224643534,42,1,1,scab,0,-2.63617,1.8363132,-2.5541642,2026
8ecde4258b6d21e9a639,data/plantvillage/raw/color/Apple___Apple_scab/b0586996-77d5-4d02-8112-14eb67895bcf___FREC_Scab 3000.JPG,scab,1,g0431,s_reliability,reliability_train,original,,,,,,42,1,1,scab,0,-6.683959,2.2932458,-1.4363189,2026
6660ea6193779d19aabd,data/plantvillage/raw/color/Apple___Apple_scab/b0586996-77d5-4d02-8112-14eb67895bcf___FREC_Scab 3000.JPG,scab,1,g0431,s_reliability,reliability_train,brightness,7952927110340610202,0.8005466958293288,,,,42,1,1,scab,0,-6.904373,2.2780254,-1.3411448,2026
ff0aed4abe7651b72ce0,data/plantvillage/raw/color/Apple___Apple_scab/b0586996-77d5-4d02-8112-14eb67895bcf___FREC_Scab 3000.JPG,scab,1,g0431,s_reliability,reliability_train,contrast,1682118691116095476,,1.2686159429884376,,,42,1,1,scab,0,-6.938223,2.2531369,-1.2167467,2026
79ab145fa7716ff591ba,data/plantvillage/raw/color/Apple___Apple_scab/b0586996-77d5-4d02-8112-14eb67895bcf___FREC_Scab 3000.JPG,scab,1,g0431,s_reliability,reliability_train,gaussian_blur,1768265474320354651,,,0.5156839472162262,,42,1,1,scab,0,-7.808026,2.2416885,-0.5537666,2026
f65e2e9715887954d2ae,data/plantvillage/raw/color/Apple___Apple_scab/b0586996-77d5-4d02-8112-14eb67895bcf___FREC_Scab 3000.JPG,scab,1,g0431,s_reliability,reliability_train,gaussian_noise,6142001892156142873,,,,0.032026510434003515,42,1,1,scab,0,-6.8866086,2.50455,-1.547026,2026
3cce3a86f7812c80d3dc,data/plantvillage/raw/color/Apple___Apple_scab/b0613c0d-0e9d-4e47-9743-57f5da39a092___FREC_Scab 3311.JPG,scab,1,g0432,s_reliability,reliability_train,original,,,,,,42,1,1,scab,0,-1.8270712,1.2087058,-3.0535514,2026
aecaeac03d0f0f89a7d0,data/plantvillage/raw/color/Apple___Apple_scab/b0613c0d-0e9d-4e47-9743-57f5da39a092___FREC_Scab 3311.JPG,scab,1,g0432,s_reliability,reliability_train,brightness,6172278537448813350,1.0997443321307243,,,,42,1,1,scab,0,-1.7959869,1.1670504,-3.0368395,2026
8b2e5884a5476c31d7a5,data/plantvillage/raw/color/Apple___Apple_scab/b0613c0d-0e9d-4e47-9743-57f5da39a092___FREC_Scab 3311.JPG,scab,1,g0432,s_reliability,reliability_train,contrast,1013514562999877203,,1.1473995946261688,,,42,1,1,scab,0,-1.9401278,1.3380736,-3.0815945,2026
f28680e6b7e83e17757e,data/plantvillage/raw/color/Apple___Apple_scab/b0613c0d-0e9d-4e47-9743-57f5da39a092___FREC_Scab 3311.JPG,scab,1,g0432,s_reliability,reliability_train,gaussian_blur,146687812428361123,,,1.3328799429403104,,42,1,1,scab,0,-5.743255,2.2766132,-0.98173606,2026
8cacfd06f09d6f62e2cc,data/plantvillage/raw/color/Apple___Apple_scab/b0613c0d-0e9d-4e47-9743-57f5da39a092___FREC_Scab 3311.JPG,scab,1,g0432,s_reliability,reliability_train,gaussian_noise,5541221097288159030,,,,0.03636296554504123,42,1,1,scab,0,-1.4617522,1.085503,-3.1069872,2026
139687ee362b5e9d21d9,data/plantvillage/raw/color/Apple___Apple_scab/b0744c40-7396-4efb-9d0e-d7b1f22a9dd4___FREC_Scab 3407.JPG,scab,1,g0433,s_reliability,reliability_train,original,,,,,,42,1,1,scab,0,-2.5655227,0.5041111,-2.0145342,2026
86f4c74c6d89ffd37de5,data/plantvillage/raw/color/Apple___Apple_scab/b0744c40-7396-4efb-9d0e-d7b1f22a9dd4___FREC_Scab 3407.JPG,scab,1,g0433,s_reliability,reliability_train,brightness,1609017618644415397,1.2390458843753267,,,,42,1,1,scab,0,-3.2253761,0.8358002,-1.8499326,2026
ba608d2e08bff74ea096,data/plantvillage/raw/color/Apple___Apple_scab/b0744c40-7396-4efb-9d0e-d7b1f22a9dd4___FREC_Scab 3407.JPG,scab,1,g0433,s_reliability,reliability_train,contrast,8122881908581990286,,0.8354148612602539,,,42,1,1,scab,0,-2.1880717,0.24825622,-2.009621,2026
3d88c6c3fe5e3d940e71,data/plantvillage/raw/color/Apple___Apple_scab/b0744c40-7396-4efb-9d0e-d7b1f22a9dd4___FREC_Scab 3407.JPG,scab,1,g0433,s_reliability,reliability_train,gaussian_blur,7940787263788009057,,,0.6832736244122987,,42,1,1,scab,0,-2.8021486,0.763333,-1.5243855,2026
41d4191673536562db86,data/plantvillage/raw/color/Apple___Apple_scab/b0744c40-7396-4efb-9d0e-d7b1f22a9dd4___FREC_Scab 3407.JPG,scab,1,g0433,s_reliability,reliability_train,gaussian_noise,9169424454154666307,,,,0.03610123226940445,42,1,1,scab,0,-2.1209526,0.58819336,-2.2364783,2026
e4677a6470409be9094d,data/plantvillage/raw/color/Apple___Apple_scab/b18d07ee-d2e2-4cc2-876c-e03e3839f3b6___FREC_Scab 3427.JPG,scab,1,g0436,s_reliability,reliability_val,original,,,,,,42,1,1,scab,0,-7.4854536,2.8027048,-0.18514179,2026
0e06b7e8eeb8be804408,data/plantvillage/raw/color/Apple___Apple_scab/b18d07ee-d2e2-4cc2-876c-e03e3839f3b6___FREC_Scab 3427.JPG,scab,1,g0436,s_reliability,reliability_val,brightness,5433962825758649428,0.9147716091463571,,,,42,1,1,scab,0,-6.9965982,2.871125,-0.33309534,2026
4f6ef275cbe5ea78577e,data/plantvillage/raw/color/Apple___Apple_scab/b18d07ee-d2e2-4cc2-876c-e03e3839f3b6___FREC_Scab 3427.JPG,scab,1,g0436,s_reliability,reliability_val,contrast,2668337899190834538,,0.7244912832023105,,,42,1,1,scab,0,-6.961897,3.0607033,-0.56074244,2026
c3345aebf33e31d10db3,data/plantvillage/raw/color/Apple___Apple_scab/b18d07ee-d2e2-4cc2-876c-e03e3839f3b6___FREC_Scab 3427.JPG,scab,1,g0436,s_reliability,reliability_val,gaussian_blur,7790059197010771626,,,1.2970322295228995,,42,1,2,rust,1,-3.6283457,0.43018195,0.54791737,2026
f030d5165dc9c9b789e6,data/plantvillage/raw/color/Apple___Apple_scab/b18d07ee-d2e2-4cc2-876c-e03e3839f3b6___FREC_Scab 3427.JPG,scab,1,g0436,s_reliability,reliability_val,gaussian_noise,4015773787956737214,,,,0.0350032266694089,42,1,1,scab,0,-7.948996,3.6998246,-0.7567601,2026
8d32cc37b2803feff689,data/plantvillage/raw/color/Apple___Apple_scab/b3b884bb-55ff-42dd-81d6-d8260acd4ad5___FREC_Scab 3281.JPG,scab,1,g0443,s_reliability,reliability_train,original,,,,,,42,1,1,scab,0,-7.157404,2.1878426,-0.25732774,2026
2f685aeadd1f4cc3aa9d,data/plantvillage/raw/color/Apple___Apple_scab/b3b884bb-55ff-42dd-81d6-d8260acd4ad5___FREC_Scab 3281.JPG,scab,1,g0443,s_reliability,reliability_train,brightness,5461517828774389606,1.2234658644013359,,,,42,1,1,scab,0,-6.828895,2.1214712,-0.37170815,2026
8972082bf555d6870e7d,data/plantvillage/raw/color/Apple___Apple_scab/b3b884bb-55ff-42dd-81d6-d8260acd4ad5___FREC_Scab 3281.JPG,scab,1,g0443,s_reliability,reliability_train,contrast,6038178116403214232,,1.1273075715292218,,,42,1,1,scab,0,-7.0179944,2.3068252,-0.38134882,2026
5ef049f1f821568b4db5,data/plantvillage/raw/color/Apple___Apple_scab/b3b884bb-55ff-42dd-81d6-d8260acd4ad5___FREC_Scab 3281.JPG,scab,1,g0443,s_reliability,reliability_train,gaussian_blur,5387607463794845550,,,1.269636251700902,,42,1,2,rust,1,-6.675488,1.1786156,1.1840775,2026
4f5d965683ee4444c67e,data/plantvillage/raw/color/Apple___Apple_scab/b3b884bb-55ff-42dd-81d6-d8260acd4ad5___FREC_Scab 3281.JPG,scab,1,g0443,s_reliability,reliability_train,gaussian_noise,8786791336174513931,,,,0.018169393079627352,42,1,1,scab,0,-7.1099358,2.2397306,-0.33902055,2026
3e88d4f799d766a05ec8,data/plantvillage/raw/color/Apple___Apple_scab/b8829a11-a69e-479f-977e-3890cd1d76b1___FREC_Scab 3144.JPG,scab,1,g0453,s_reliability,reliability_train,original,,,,,,42,1,1,scab,0,-5.3512225,4.6655693,-4.0556526,2026
35ded7b75bcd34320625,data/plantvillage/raw/color/Apple___Apple_scab/b8829a11-a69e-479f-977e-3890cd1d76b1___FREC_Scab 3144.JPG,scab,1,g0453,s_reliability,reliability_train,brightness,9208391134091162618,1.2966174251468763,,,,42,1,1,scab,0,-5.916997,4.9170055,-3.9853773,2026
0f245bc4256ea8ef219d,data/plantvillage/raw/color/Apple___Apple_scab/b8829a11-a69e-479f-977e-3890cd1d76b1___FREC_Scab 3144.JPG,scab,1,g0453,s_reliability,reliability_train,contrast,3986822183545302436,,1.1339712179014942,,,42,1,1,scab,0,-5.419157,4.6594195,-4.0405354,2026
76297e4245fafe341dc4,data/plantvillage/raw/color/Apple___Apple_scab/b8829a11-a69e-479f-977e-3890cd1d76b1___FREC_Scab 3144.JPG,scab,1,g0453,s_reliability,reliability_train,gaussian_blur,3349524784584136445,,,0.9949320927284397,,42,1,1,scab,0,-4.6411304,3.5851202,-2.6264918,2026
5abb3a191b9fe5be5133,data/plantvillage/raw/color/Apple___Apple_scab/b8829a11-a69e-479f-977e-3890cd1d76b1___FREC_Scab 3144.JPG,scab,1,g0453,s_reliability,reliability_train,gaussian_noise,2704871248453107028,,,,0.018723209323668968,42,1,1,scab,0,-5.381031,4.723468,-4.1396003,2026
d47687613327a6e60ced,data/plantvillage/raw/color/Apple___Apple_scab/bb495423-1617-447c-95cd-52ebabee1a59___FREC_Scab 3199.JPG,scab,1,g0462,s_reliability,reliability_train,original,,,,,,42,1,1,scab,0,-9.226781,4.0717545,-0.9496701,2026
dea535d0d61da33d4ac9,data/plantvillage/raw/color/Apple___Apple_scab/bb495423-1617-447c-95cd-52ebabee1a59___FREC_Scab 3199.JPG,scab,1,g0462,s_reliability,reliability_train,brightness,2018697273479206254,0.7929530153377916,,,,42,1,1,scab,0,-8.679427,4.1949,-1.36407,2026
27e2628ff908e0929816,data/plantvillage/raw/color/Apple___Apple_scab/bb495423-1617-447c-95cd-52ebabee1a59___FREC_Scab 3199.JPG,scab,1,g0462,s_reliability,reliability_train,contrast,8412044584008800215,,1.1723301658138026,,,42,1,1,scab,0,-9.659719,4.0597153,-0.608454,2026
0b57f353d7c7067fd355,data/plantvillage/raw/color/Apple___Apple_scab/bb495423-1617-447c-95cd-52ebabee1a59___FREC_Scab 3199.JPG,scab,1,g0462,s_reliability,reliability_train,gaussian_blur,5705864144467659981,,,1.0477104495454186,,42,1,1,scab,0,-8.901606,3.368781,0.00078488514,2026
c0b7581d57c025349485,data/plantvillage/raw/color/Apple___Apple_scab/bb495423-1617-447c-95cd-52ebabee1a59___FREC_Scab 3199.JPG,scab,1,g0462,s_reliability,reliability_train,gaussian_noise,483512743947929753,,,,0.018217618647453283,42,1,1,scab,0,-9.19428,4.756477,-1.5974747,2026
059e63d71753c46c4329,data/plantvillage/raw/color/Apple___Apple_scab/bc93b0fd-568f-4969-9d2d-c94d5f340e7e___FREC_Scab 3357.JPG,scab,1,g0467,s_reliability,reliability_train,original,,,,,,42,1,1,scab,0,-8.836415,6.099991,-2.0977676,2026
1723553b51c052118452,data/plantvillage/raw/color/Apple___Apple_scab/bc93b0fd-568f-4969-9d2d-c94d5f340e7e___FREC_Scab 3357.JPG,scab,1,g0467,s_reliability,reliability_train,brightness,9048915088103010195,1.1710924533531353,,,,42,1,1,scab,0,-9.062967,6.0129685,-1.9210805,2026
367deb4b825b6794c7ad,data/plantvillage/raw/color/Apple___Apple_scab/bc93b0fd-568f-4969-9d2d-c94d5f340e7e___FREC_Scab 3357.JPG,scab,1,g0467,s_reliability,reliability_train,contrast,5419950300952988657,,0.9205933367473454,,,42,1,1,scab,0,-8.658827,6.0309167,-2.125484,2026
fee0763ee59d95e185b2,data/plantvillage/raw/color/Apple___Apple_scab/bc93b0fd-568f-4969-9d2d-c94d5f340e7e___FREC_Scab 3357.JPG,scab,1,g0467,s_reliability,reliability_train,gaussian_blur,3283230730986264959,,,0.9760748037583175,,42,1,1,scab,0,-9.811068,5.0587473,-0.3184005,2026
ea41281b3e657f0a0a0e,data/plantvillage/raw/color/Apple___Apple_scab/bc93b0fd-568f-4969-9d2d-c94d5f340e7e___FREC_Scab 3357.JPG,scab,1,g0467,s_reliability,reliability_train,gaussian_noise,3335663107226196639,,,,0.04005313934494088,42,1,1,scab,0,-8.575786,6.3315587,-2.5291495,2026
853d4fde46c548ef939b,data/plantvillage/raw/color/Apple___Apple_scab/bce3ba0b-a142-4b28-8cb3-eb6bb6a3b8a2___FREC_Scab 3142.JPG,scab,1,g0469,s_reliability,reliability_val,original,,,,,,42,1,1,scab,0,-5.220796,5.2107267,-4.4195566,2026
a452968b3d44ba0eab49,data/plantvillage/raw/color/Apple___Apple_scab/bce3ba0b-a142-4b28-8cb3-eb6bb6a3b8a2___FREC_Scab 3142.JPG,scab,1,g0469,s_reliability,reliability_val,brightness,747806228863782219,0.8468123651134889,,,,42,1,1,scab,0,-5.2114267,5.4217386,-4.70995,2026
90bc4b04cd9196e1abeb,data/plantvillage/raw/color/Apple___Apple_scab/bce3ba0b-a142-4b28-8cb3-eb6bb6a3b8a2___FREC_Scab 3142.JPG,scab,1,g0469,s_reliability,reliability_val,contrast,2337357180637813691,,1.2466547931267542,,,42,1,1,scab,0,-5.7679834,5.344974,-4.1486087,2026
6760318c5ba5b07c1d83,data/plantvillage/raw/color/Apple___Apple_scab/bce3ba0b-a142-4b28-8cb3-eb6bb6a3b8a2___FREC_Scab 3142.JPG,scab,1,g0469,s_reliability,reliability_val,gaussian_blur,4315696719489736644,,,0.9610238434612566,,42,1,1,scab,0,-5.462566,4.5633044,-2.892093,2026
a16e1eb59be0104f087c,data/plantvillage/raw/color/Apple___Apple_scab/bce3ba0b-a142-4b28-8cb3-eb6bb6a3b8a2___FREC_Scab 3142.JPG,scab,1,g0469,s_reliability,reliability_val,gaussian_noise,9172706799142511284,,,,0.023358334001009867,42,1,1,scab,0,-5.088303,5.2170377,-4.580407,2026
5d1f93bd32ea557bca4f,data/plantvillage/raw/color/Apple___Apple_scab/be076652-b1bd-430c-a752-db525c1dfcfd___FREC_Scab 3367.JPG,scab,1,g0473,s_reliability,reliability_train,original,,,,,,42,1,1,scab,0,-1.2922429,1.8221599,-3.4546504,2026
2e470596efc5b03f414c,data/plantvillage/raw/color/Apple___Apple_scab/be076652-b1bd-430c-a752-db525c1dfcfd___FREC_Scab 3367.JPG,scab,1,g0473,s_reliability,reliability_train,brightness,468891839519133375,1.248345642282966,,,,42,1,1,scab,0,-1.917742,1.7151535,-3.1057456,2026
809f2fe0a4c1c70649c0,data/plantvillage/raw/color/Apple___Apple_scab/be076652-b1bd-430c-a752-db525c1dfcfd___FREC_Scab 3367.JPG,scab,1,g0473,s_reliability,reliability_train,contrast,6026906208576622841,,1.1639772761704485,,,42,1,1,scab,0,-1.5351853,1.9674073,-3.4129162,2026
9e42d05ce12e2e70736a,data/plantvillage/raw/color/Apple___Apple_scab/be076652-b1bd-430c-a752-db525c1dfcfd___FREC_Scab 3367.JPG,scab,1,g0473,s_reliability,reliability_train,gaussian_blur,140681850239679399,,,0.7143439654814951,,42,1,1,scab,0,-1.5219102,1.1989588,-2.366171,2026
1de364be7265b434f79c,data/plantvillage/raw/color/Apple___Apple_scab/be076652-b1bd-430c-a752-db525c1dfcfd___FREC_Scab 3367.JPG,scab,1,g0473,s_reliability,reliability_train,gaussian_noise,4873517827082130453,,,,0.01423058263930323,42,1,1,scab,0,-1.2187394,1.7977908,-3.5166593,2026
66c0e692df07aed6c5c9,data/plantvillage/raw/color/Apple___Apple_scab/be10c6a0-b99b-4c91-b78f-141a12beb70c___FREC_Scab 3106.JPG,scab,1,g0475,s_reliability,reliability_train,original,,,,,,42,1,1,scab,0,-4.978673,1.9719839,-2.416045,2026
a1e38ba685b57121b01f,data/plantvillage/raw/color/Apple___Apple_scab/be10c6a0-b99b-4c91-b78f-141a12beb70c___FREC_Scab 3106.JPG,scab,1,g0475,s_reliability,reliability_train,brightness,2093234416634640291,1.2577250415163055,,,,42,1,1,scab,0,-4.505266,2.0600479,-2.6490037,2026
20784a8f1e297b710d98,data/plantvillage/raw/color/Apple___Apple_scab/be10c6a0-b99b-4c91-b78f-141a12beb70c___FREC_Scab 3106.JPG,scab,1,g0475,s_reliability,reliability_train,contrast,8840685647281328029,,0.9901560648770938,,,42,1,1,scab,0,-4.9589734,1.9449803,-2.408146,2026
c26b5befad8ceb7ee73d,data/plantvillage/raw/color/Apple___Apple_scab/be10c6a0-b99b-4c91-b78f-141a12beb70c___FREC_Scab 3106.JPG,scab,1,g0475,s_reliability,reliability_train,gaussian_blur,7092477757485316286,,,1.0848046155918925,,42,1,1,scab,0,-5.192564,1.7217133,-0.9984785,2026
7730aba2086d387de00f,data/plantvillage/raw/color/Apple___Apple_scab/be10c6a0-b99b-4c91-b78f-141a12beb70c___FREC_Scab 3106.JPG,scab,1,g0475,s_reliability,reliability_train,gaussian_noise,7578189388239776933,,,,0.03779423464533834,42,1,1,scab,0,-4.9526043,2.2893786,-2.681264,2026
3351b9203942682f23da,data/plantvillage/raw/color/Apple___Apple_scab/be23de1a-2db8-4d7f-8b5f-cee56829d49c___FREC_Scab 2991.JPG,scab,1,g0476,s_reliability,reliability_train,original,,,,,,42,1,1,scab,0,-0.70560443,3.1193044,-6.008029,2026
cec086741d779ec2b11d,data/plantvillage/raw/color/Apple___Apple_scab/be23de1a-2db8-4d7f-8b5f-cee56829d49c___FREC_Scab 2991.JPG,scab,1,g0476,s_reliability,reliability_train,brightness,3888022860625343638,0.8862820281585357,,,,42,1,1,scab,0,-0.4639717,3.16871,-6.1206465,2026
c74550f3cd4fc8360b3c,data/plantvillage/raw/color/Apple___Apple_scab/be23de1a-2db8-4d7f-8b5f-cee56829d49c___FREC_Scab 2991.JPG,scab,1,g0476,s_reliability,reliability_train,contrast,3191688678181321734,,0.7037424030307867,,,42,1,1,scab,0,-0.13569762,3.0927787,-5.92027,2026
f0cbbb82c58c3fee1eb3,data/plantvillage/raw/color/Apple___Apple_scab/be23de1a-2db8-4d7f-8b5f-cee56829d49c___FREC_Scab 2991.JPG,scab,1,g0476,s_reliability,reliability_train,gaussian_blur,6705277102603589398,,,1.0118950879643958,,42,1,1,scab,0,-1.1935022,2.4733872,-3.179307,2026
799d3046bc88a8d5e49f,data/plantvillage/raw/color/Apple___Apple_scab/be23de1a-2db8-4d7f-8b5f-cee56829d49c___FREC_Scab 2991.JPG,scab,1,g0476,s_reliability,reliability_train,gaussian_noise,3329248524108113182,,,,0.021488392495137624,42,1,1,scab,0,-0.6750615,3.1795278,-6.1292777,2026
d9ae98287bdf61a41fc5,data/plantvillage/raw/color/Apple___Apple_scab/bf99a731-b08d-47af-8d65-196bbb0ca2e3___FREC_Scab 3344.JPG,scab,1,g0479,s_reliability,reliability_train,original,,,,,,42,1,1,scab,0,-1.3516204,1.6995093,-3.603457,2026
16d6e8474251715da3ba,data/plantvillage/raw/color/Apple___Apple_scab/bf99a731-b08d-47af-8d65-196bbb0ca2e3___FREC_Scab 3344.JPG,scab,1,g0479,s_reliability,reliability_train,brightness,7247022035251448141,1.010195864291732,,,,42,1,1,scab,0,-1.3986852,1.6793507,-3.5640707,2026
1a4eaec54afd4da91734,data/plantvillage/raw/color/Apple___Apple_scab/bf99a731-b08d-47af-8d65-196bbb0ca2e3___FREC_Scab 3344.JPG,scab,1,g0479,s_reliability,reliability_train,contrast,1027394011177331172,,0.9762227048062445,,,42,1,1,scab,0,-1.3901302,1.7284025,-3.6317964,2026
4354c6c4c0ddab4d68dd,data/plantvillage/raw/color/Apple___Apple_scab/bf99a731-b08d-47af-8d65-196bbb0ca2e3___FREC_Scab 3344.JPG,scab,1,g0479,s_reliability,reliability_train,gaussian_blur,4762830617287144849,,,0.834465169457021,,42,1,1,scab,0,-1.5303488,1.2986295,-2.5049083,2026
366d4b1bd2b209676d7b,data/plantvillage/raw/color/Apple___Apple_scab/bf99a731-b08d-47af-8d65-196bbb0ca2e3___FREC_Scab 3344.JPG,scab,1,g0479,s_reliability,reliability_train,gaussian_noise,4571190116343811820,,,,0.04011952650728509,42,1,1,scab,0,-1.1375234,1.9331945,-3.754237,2026
5841b87e6d8290612a1f,data/plantvillage/raw/color/Apple___Apple_scab/c2997bb6-d9ae-4ffc-bc3f-c85510480e13___FREC_Scab 3428.JPG,scab,1,g0487,s_reliability,reliability_val,original,,,,,,42,1,1,scab,0,-10.012978,3.2024038,0.64586306,2026
b0ec4ee4a6e790f69388,data/plantvillage/raw/color/Apple___Apple_scab/c2997bb6-d9ae-4ffc-bc3f-c85510480e13___FREC_Scab 3428.JPG,scab,1,g0487,s_reliability,reliability_val,brightness,3740842535001215476,0.9573102932016444,,,,42,1,1,scab,0,-9.888559,3.259531,0.57962453,2026
831ea09bc6276f27f626,data/plantvillage/raw/color/Apple___Apple_scab/c2997bb6-d9ae-4ffc-bc3f-c85510480e13___FREC_Scab 3428.JPG,scab,1,g0487,s_reliability,reliability_val,contrast,8569842686658502853,,0.8506239025281936,,,42,1,1,scab,0,-9.689461,3.3396068,0.4233633,2026
d54f0706b0f58c44ae6c,data/plantvillage/raw/color/Apple___Apple_scab/c2997bb6-d9ae-4ffc-bc3f-c85510480e13___FREC_Scab 3428.JPG,scab,1,g0487,s_reliability,reliability_val,gaussian_blur,3812326814757576050,,,0.848278808338864,,42,1,1,scab,0,-8.911946,2.9191267,0.48596275,2026
3561dca5ef89914e5b01,data/plantvillage/raw/color/Apple___Apple_scab/c2997bb6-d9ae-4ffc-bc3f-c85510480e13___FREC_Scab 3428.JPG,scab,1,g0487,s_reliability,reliability_val,gaussian_noise,4982505654232093346,,,,0.03400362648292168,42,1,1,scab,0,-10.763846,4.1349564,0.15891597,2026
ef30c62b55b0150215ec,data/plantvillage/raw/color/Apple___Apple_scab/c4175126-9e07-4465-9574-0229bb5b1f41___FREC_Scab 3304.JPG,scab,1,g0490,s_reliability,reliability_train,original,,,,,,42,1,1,scab,0,-1.3024778,2.0110795,-4.039246,2026
e89af94b595e30763322,data/plantvillage/raw/color/Apple___Apple_scab/c4175126-9e07-4465-9574-0229bb5b1f41___FREC_Scab 3304.JPG,scab,1,g0490,s_reliability,reliability_train,brightness,7522189799956156914,0.8411433357399132,,,,42,1,1,scab,0,-1.2905043,2.045001,-4.1252084,2026
42ec5ae44acdc6fa1da5,data/plantvillage/raw/color/Apple___Apple_scab/c4175126-9e07-4465-9574-0229bb5b1f41___FREC_Scab 3304.JPG,scab,1,g0490,s_reliability,reliability_train,contrast,8223941602958246239,,1.1535157496090807,,,42,1,1,scab,0,-1.3768663,1.9606994,-3.8207033,2026
b03a770d51cdd05a6483,data/plantvillage/raw/color/Apple___Apple_scab/c4175126-9e07-4465-9574-0229bb5b1f41___FREC_Scab 3304.JPG,scab,1,g0490,s_reliability,reliability_train,gaussian_blur,375030629981587881,,,0.9939659642195849,,42,1,1,scab,0,-2.3784804,1.4180483,-2.264332,2026
f80faa0296cf4f6d483c,data/plantvillage/raw/color/Apple___Apple_scab/c4175126-9e07-4465-9574-0229bb5b1f41___FREC_Scab 3304.JPG,scab,1,g0490,s_reliability,reliability_train,gaussian_noise,5779355818197747484,,,,0.04004929382757796,42,1,1,scab,0,-1.601707,2.5387444,-4.4216814,2026
6742d0442924ff0ebcdb,data/plantvillage/raw/color/Apple___Apple_scab/c777c2ac-ea64-4aad-a97a-90b35e2db603___FREC_Scab 3156.JPG,scab,1,g0500,s_reliability,reliability_train,original,,,,,,42,1,1,scab,0,-5.0686374,3.3058715,-2.8634725,2026
9a4b70b0740d50177122,data/plantvillage/raw/color/Apple___Apple_scab/c777c2ac-ea64-4aad-a97a-90b35e2db603___FREC_Scab 3156.JPG,scab,1,g0500,s_reliability,reliability_train,brightness,2137346410651959993,1.0634317711991101,,,,42,1,1,scab,0,-5.434654,3.3788524,-2.6919448,2026
c67f224b1524f16c2626,data/plantvillage/raw/color/Apple___Apple_scab/c777c2ac-ea64-4aad-a97a-90b35e2db603___FREC_Scab 3156.JPG,scab,1,g0500,s_reliability,reliability_train,contrast,7400380981698989765,,0.9963896612110242,,,42,1,1,scab,0,-5.058108,3.281688,-2.8340433,2026
a1257232f0ce2e6d6bc2,data/plantvillage/raw/color/Apple___Apple_scab/c777c2ac-ea64-4aad-a97a-90b35e2db603___FREC_Scab 3156.JPG,scab,1,g0500,s_reliability,reliability_train,gaussian_blur,7582638355374054887,,,0.986500435696399,,42,1,1,scab,0,-6.5519085,3.050345,-0.9889382,2026
dac6798e391c810f3b98,data/plantvillage/raw/color/Apple___Apple_scab/c777c2ac-ea64-4aad-a97a-90b35e2db603___FREC_Scab 3156.JPG,scab,1,g0500,s_reliability,reliability_train,gaussian_noise,1017854345998313964,,,,0.03334271848216784,42,1,1,scab,0,-5.626316,3.5791779,-2.7247357,2026
c72cd95542ab8eb07e8a,data/plantvillage/raw/color/Apple___Apple_scab/c7dc7cfa-559a-4950-ba71-90d11dfe0b56___FREC_Scab 3381.JPG,scab,1,g0502,s_reliability,reliability_train,original,,,,,,42,1,1,scab,0,-7.914181,3.406064,-0.2318852,2026
10fb2ee153f34a8b1284,data/plantvillage/raw/color/Apple___Apple_scab/c7dc7cfa-559a-4950-ba71-90d11dfe0b56___FREC_Scab 3381.JPG,scab,1,g0502,s_reliability,reliability_train,brightness,5884625180256917090,0.999764874293922,,,,42,1,1,scab,0,-7.930989,3.4044006,-0.2202699,2026
39694c87df97ac32ded8,data/plantvillage/raw/color/Apple___Apple_scab/c7dc7cfa-559a-4950-ba71-90d11dfe0b56___FREC_Scab 3381.JPG,scab,1,g0502,s_reliability,reliability_train,contrast,2966477700098593653,,0.8574714276038727,,,42,1,1,scab,0,-7.354072,3.3252122,-0.41960046,2026
3fb7260184d595deb817,data/plantvillage/raw/color/Apple___Apple_scab/c7dc7cfa-559a-4950-ba71-90d11dfe0b56___FREC_Scab 3381.JPG,scab,1,g0502,s_reliability,reliability_train,gaussian_blur,5123864192935306534,,,1.0887186343635415,,42,1,1,scab,0,-7.5362287,2.9131055,0.5796279,2026
bf59159276e86d6b78f3,data/plantvillage/raw/color/Apple___Apple_scab/c7dc7cfa-559a-4950-ba71-90d11dfe0b56___FREC_Scab 3381.JPG,scab,1,g0502,s_reliability,reliability_train,gaussian_noise,5631895871204837372,,,,0.015897831330748353,42,1,1,scab,0,-7.866193,3.450177,-0.31575286,2026
32dc1c93cb51bfe6de7b,data/plantvillage/raw/color/Apple___Apple_scab/cbc265da-87e2-449e-8585-b744f9371772___FREC_Scab 3431.JPG,scab,1,g0509,s_reliability,reliability_val,original,,,,,,42,1,0,healthy,1,1.9352206,0.15182512,-4.8648725,2026
bab92c113e0358991a3f,data/plantvillage/raw/color/Apple___Apple_scab/cbc265da-87e2-449e-8585-b744f9371772___FREC_Scab 3431.JPG,scab,1,g0509,s_reliability,reliability_val,brightness,5056905971472319256,0.9474640265332708,,,,42,1,0,healthy,1,2.0120058,0.1521746,-4.8962708,2026
33e720b21626e021182d,data/plantvillage/raw/color/Apple___Apple_scab/cbc265da-87e2-449e-8585-b744f9371772___FREC_Scab 3431.JPG,scab,1,g0509,s_reliability,reliability_val,contrast,8736650102769787273,,1.0385878510684339,,,42,1,0,healthy,1,1.9160169,0.14806215,-4.861462,2026
e12185e7e72637af1aed,data/plantvillage/raw/color/Apple___Apple_scab/cbc265da-87e2-449e-8585-b744f9371772___FREC_Scab 3431.JPG,scab,1,g0509,s_reliability,reliability_val,gaussian_blur,6257682876666823215,,,0.8877760899887279,,42,1,1,scab,0,-0.4640775,-0.19636981,-2.3300748,2026
569788d1d095578d5a42,data/plantvillage/raw/color/Apple___Apple_scab/cbc265da-87e2-449e-8585-b744f9371772___FREC_Scab 3431.JPG,scab,1,g0509,s_reliability,reliability_val,gaussian_noise,4268026207331765419,,,,0.02074394352372387,42,1,0,healthy,1,1.9817756,0.116343126,-4.8800907,2026
cdc1fb3bfa3dc6bdda0f,data/plantvillage/raw/color/Apple___Apple_scab/cf1d9afc-3473-4c97-ae0b-6f2352d9d595___FREC_Scab 3457.JPG,scab,1,g0518,s_reliability,reliability_train,original,,,,,,42,1,1,scab,0,-4.6439743,2.671695,-1.485857,2026
8afc9ed692ba1f2a2c53,data/plantvillage/raw/color/Apple___Apple_scab/cf1d9afc-3473-4c97-ae0b-6f2352d9d595___FREC_Scab 3457.JPG,scab,1,g0518,s_reliability,reliability_train,brightness,2857273047274505018,0.9037815160389845,,,,42,1,1,scab,0,-4.3528037,2.5392962,-1.4994951,2026
da5c36f278d6c8f11cd1,data/plantvillage/raw/color/Apple___Apple_scab/cf1d9afc-3473-4c97-ae0b-6f2352d9d595___FREC_Scab 3457.JPG,scab,1,g0518,s_reliability,reliability_train,contrast,330354042832053660,,0.8453985510240615,,,42,1,1,scab,0,-4.1206107,2.4150317,-1.5610789,2026
25f6c9f1ade8828def6d,data/plantvillage/raw/color/Apple___Apple_scab/cf1d9afc-3473-4c97-ae0b-6f2352d9d595___FREC_Scab 3457.JPG,scab,1,g0518,s_reliability,reliability_train,gaussian_blur,550383241829639249,,,0.7308864152901393,,42,1,1,scab,0,-3.9236035,1.9780546,-1.0943009,2026
89b8ae8b6153bf770201,data/plantvillage/raw/color/Apple___Apple_scab/cf1d9afc-3473-4c97-ae0b-6f2352d9d595___FREC_Scab 3457.JPG,scab,1,g0518,s_reliability,reliability_train,gaussian_noise,7901847186880501343,,,,0.04420665802349929,42,1,1,scab,0,-4.203885,2.992301,-2.1854641,2026
7b8df1c1f46af4c77f07,data/plantvillage/raw/color/Apple___Apple_scab/d01086a5-c14e-424a-8825-47343752c0a0___FREC_Scab 3170.JPG,scab,1,g0520,s_reliability,reliability_train,original,,,,,,42,1,1,scab,0,-1.2521023,-0.23509757,-2.442013,2026
bd74e5f5301e5e09fb75,data/plantvillage/raw/color/Apple___Apple_scab/d01086a5-c14e-424a-8825-47343752c0a0___FREC_Scab 3170.JPG,scab,1,g0520,s_reliability,reliability_train,brightness,8502099065992886462,0.9484360234679119,,,,42,1,1,scab,0,-1.3032527,-0.17144139,-2.4759371,2026
b4f560854bba4ddd838a,data/plantvillage/raw/color/Apple___Apple_scab/d01086a5-c14e-424a-8825-47343752c0a0___FREC_Scab 3170.JPG,scab,1,g0520,s_reliability,reliability_train,contrast,213286171536016242,,0.7245806733016953,,,42,1,1,scab,0,-1.0707304,-0.14177476,-2.625722,2026
ca7013030767e0301afd,data/plantvillage/raw/color/Apple___Apple_scab/d01086a5-c14e-424a-8825-47343752c0a0___FREC_Scab 3170.JPG,scab,1,g0520,s_reliability,reliability_train,gaussian_blur,5720066502349665738,,,1.48404884005111,,42,1,2,rust,1,-3.9784296,-0.37227336,-0.12354869,2026
44d91a76d4fc0684c1df,data/plantvillage/raw/color/Apple___Apple_scab/d01086a5-c14e-424a-8825-47343752c0a0___FREC_Scab 3170.JPG,scab,1,g0520,s_reliability,reliability_train,gaussian_noise,2855381845705569474,,,,0.024636215337760954,42,1,1,scab,0,-1.238319,-0.20922579,-2.4766328,2026
988918179031e561fdc8,data/plantvillage/raw/color/Apple___Apple_scab/d1773f0b-f049-4bb1-b13f-d33b96078ab3___FREC_Scab 3046.JPG,scab,1,g0523,s_reliability,reliability_train,original,,,,,,42,1,1,scab,0,-2.7651694,2.473448,-2.780491,2026
5ca86532b5780a079676,data/plantvillage/raw/color/Apple___Apple_scab/d1773f0b-f049-4bb1-b13f-d33b96078ab3___FREC_Scab 3046.JPG,scab,1,g0523,s_reliability,reliability_train,brightness,2469286591440447040,0.8515899808895702,,,,42,1,1,scab,0,-2.897891,2.6150901,-2.8249176,2026
76774466615fbe76f265,data/plantvillage/raw/color/Apple___Apple_scab/d1773f0b-f049-4bb1-b13f-d33b96078ab3___FREC_Scab 3046.JPG,scab,1,g0523,s_reliability,reliability_train,contrast,8321708325944447172,,1.0500862328264504,,,42,1,1,scab,0,-2.7307045,2.4543335,-2.7896135,2026
44889990e000ea18b07a,data/plantvillage/raw/color/Apple___Apple_scab/d1773f0b-f049-4bb1-b13f-d33b96078ab3___FREC_Scab 3046.JPG,scab,1,g0523,s_reliability,reliability_train,gaussian_blur,2352156083447313615,,,1.0601031621038663,,42,1,1,scab,0,-4.135688,1.6236657,-0.65420926,2026
3dcff4eec44cb2d47241,data/plantvillage/raw/color/Apple___Apple_scab/d1773f0b-f049-4bb1-b13f-d33b96078ab3___FREC_Scab 3046.JPG,scab,1,g0523,s_reliability,reliability_train,gaussian_noise,4269349820224831243,,,,0.03818404470856569,42,1,1,scab,0,-2.8316298,2.5175772,-2.687511,2026
886cb2cf9964aab16a45,data/plantvillage/raw/color/Apple___Apple_scab/d1a9a2ab-6d10-4c1a-87e1-349117b2700f___FREC_Scab 3389.JPG,scab,1,g0525,s_reliability,reliability_train,original,,,,,,42,1,1,scab,0,-5.2779875,2.6466556,-2.018414,2026
b8ee1954389c8f45ee3d,data/plantvillage/raw/color/Apple___Apple_scab/d1a9a2ab-6d10-4c1a-87e1-349117b2700f___FREC_Scab 3389.JPG,scab,1,g0525,s_reliability,reliability_train,brightness,6859583629659218250,1.0102304264421713,,,,42,1,1,scab,0,-5.2992945,2.6381433,-2.0073586,2026
c4b1baae25c25692d794,data/plantvillage/raw/color/Apple___Apple_scab/d1a9a2ab-6d10-4c1a-87e1-349117b2700f___FREC_Scab 3389.JPG,scab,1,g0525,s_reliability,reliability_train,contrast,4058140755306588739,,0.84776824179173,,,42,1,1,scab,0,-5.3962502,2.7053974,-1.9895798,2026
a82405ef2918c7e723b2,data/plantvillage/raw/color/Apple___Apple_scab/d1a9a2ab-6d10-4c1a-87e1-349117b2700f___FREC_Scab 3389.JPG,scab,1,g0525,s_reliability,reliability_train,gaussian_blur,237920301298847184,,,0.5030680657279644,,42,1,1,scab,0,-7.1227374,2.863515,-0.8255856,2026
66f2f06fe1cba12024f8,data/plantvillage/raw/color/Apple___Apple_scab/d1a9a2ab-6d10-4c1a-87e1-349117b2700f___FREC_Scab 3389.JPG,scab,1,g0525,s_reliability,reliability_train,gaussian_noise,4624797352089108835,,,,0.04479208544282314,42,1,1,scab,0,-5.092461,2.5299513,-2.1549203,2026
a8d2354771e3bd289c74,data/plantvillage/raw/color/Apple___Apple_scab/d652b023-0ade-4f34-a490-206a87489e5e___FREC_Scab 3066.JPG,scab,1,g0531,s_reliability,reliability_train,original,,,,,,42,1,1,scab,0,-1.3042765,3.1516953,-5.423559,2026
324879e6faaeab72c880,data/plantvillage/raw/color/Apple___Apple_scab/d652b023-0ade-4f34-a490-206a87489e5e___FREC_Scab 3066.JPG,scab,1,g0531,s_reliability,reliability_train,brightness,5597494013240801283,1.0414048286357906,,,,42,1,1,scab,0,-1.1492625,3.0155597,-5.4102488,2026
3bd0ac5e2251bc56e097,data/plantvillage/raw/color/Apple___Apple_scab/d652b023-0ade-4f34-a490-206a87489e5e___FREC_Scab 3066.JPG,scab,1,g0531,s_reliability,reliability_train,contrast,3133614580395690043,,0.8893524524534726,,,42,1,1,scab,0,-1.3521693,3.1979494,-5.40038,2026
1d67ac439b7d96dfd592,data/plantvillage/raw/color/Apple___Apple_scab/d652b023-0ade-4f34-a490-206a87489e5e___FREC_Scab 3066.JPG,scab,1,g0531,s_reliability,reliability_train,gaussian_blur,572315229745367715,,,1.3472340716242122,,42,1,1,scab,0,-5.5982413,3.671822,-1.6824218,2026
846e37f1a5a3a263a8fd,data/plantvillage/raw/color/Apple___Apple_scab/d652b023-0ade-4f34-a490-206a87489e5e___FREC_Scab 3066.JPG,scab,1,g0531,s_reliability,reliability_train,gaussian_noise,3424756567415499738,,,,0.021886374376956723,42,1,1,scab,0,-1.1525887,3.0721037,-5.4183354,2026
5f571d013ad854e2224b,data/plantvillage/raw/color/Apple___Apple_scab/d7bdef33-fa84-4240-a931-8a568d62cee7___FREC_Scab 2946.JPG,scab,1,g0537,s_reliability,reliability_train,original,,,,,,42,1,1,scab,0,-2.5962546,2.4758563,-3.4934158,2026
5e104a28abeef63a776e,data/plantvillage/raw/color/Apple___Apple_scab/d7bdef33-fa84-4240-a931-8a568d62cee7___FREC_Scab 2946.JPG,scab,1,g0537,s_reliability,reliability_train,brightness,7158419645581057179,0.8425354968992491,,,,42,1,1,scab,0,-2.789335,2.5565503,-3.4206052,2026
3507ef3d32ed5cfc234f,data/plantvillage/raw/color/Apple___Apple_scab/d7bdef33-fa84-4240-a931-8a568d62cee7___FREC_Scab 2946.JPG,scab,1,g0537,s_reliability,reliability_train,contrast,6244254897948269876,,0.9420265901103791,,,42,1,1,scab,0,-2.641624,2.4476905,-3.4283814,2026
11862ddf348d883a40e4,data/plantvillage/raw/color/Apple___Apple_scab/d7bdef33-fa84-4240-a931-8a568d62cee7___FREC_Scab 2946.JPG,scab,1,g0537,s_reliability,reliability_train,gaussian_blur,492804959835642746,,,1.163943954783624,,42,1,1,scab,0,-6.453787,3.2495022,-1.7869061,2026
67a62a355b1990249f35,data/plantvillage/raw/color/Apple___Apple_scab/d7bdef33-fa84-4240-a931-8a568d62cee7___FREC_Scab 2946.JPG,scab,1,g0537,s_reliability,reliability_train,gaussian_noise,7666599896934791682,,,,0.026699175499341504,42,1,1,scab,0,-2.480675,2.415774,-3.498003,2026
6591fa385ec9ee0af8e9,data/plantvillage/raw/color/Apple___Apple_scab/d842b34b-d2ab-48fc-9e78-ef586308c359___FREC_Scab 2982.JPG,scab,1,g0538,s_reliability,reliability_val,original,,,,,,42,1,1,scab,0,-6.237952,3.1422915,-2.129695,2026
673ae03eecc2fec8824a,data/plantvillage/raw/color/Apple___Apple_scab/d842b34b-d2ab-48fc-9e78-ef586308c359___FREC_Scab 2982.JPG,scab,1,g0538,s_reliability,reliability_val,brightness,6475410329276254374,1.2386595710160018,,,,42,1,1,scab,0,-6.431531,3.0852742,-1.9208646,2026
f953f8664b2e7a49353e,data/plantvillage/raw/color/Apple___Apple_scab/d842b34b-d2ab-48fc-9e78-ef586308c359___FREC_Scab 2982.JPG,scab,1,g0538,s_reliability,reliability_val,contrast,7573344243119699838,,0.9496342738793756,,,42,1,1,scab,0,-6.3064137,3.0997202,-2.0565102,2026
bcef58efb9e0c8b26341,data/plantvillage/raw/color/Apple___Apple_scab/d842b34b-d2ab-48fc-9e78-ef586308c359___FREC_Scab 2982.JPG,scab,1,g0538,s_reliability,reliability_val,gaussian_blur,1501443715593730015,,,0.688070553670463,,42,1,1,scab,0,-8.242637,3.1894407,-0.51372325,2026
6309c92ba9f24c1a2a97,data/plantvillage/raw/color/Apple___Apple_scab/d842b34b-d2ab-48fc-9e78-ef586308c359___FREC_Scab 2982.JPG,scab,1,g0538,s_reliability,reliability_val,gaussian_noise,3139644305872625251,,,,0.02300863665722456,42,1,1,scab,0,-6.2326813,3.0939443,-2.055997,2026
c1d0767918ef71a90899,data/plantvillage/raw/color/Apple___Apple_scab/dd46079c-b12c-4687-9db9-5d45b7f0e510___FREC_Scab 3327.JPG,scab,1,g0550,s_reliability,reliability_train,original,,,,,,42,1,1,scab,0,-4.718319,3.528967,-3.3955169,2026
70e856b2831980064d49,data/plantvillage/raw/color/Apple___Apple_scab/dd46079c-b12c-4687-9db9-5d45b7f0e510___FREC_Scab 3327.JPG,scab,1,g0550,s_reliability,reliability_train,brightness,5861252806347199678,0.9797181765906576,,,,42,1,1,scab,0,-4.6909885,3.5001936,-3.4069178,2026
943319f521a83edc5d37,data/plantvillage/raw/color/Apple___Apple_scab/dd46079c-b12c-4687-9db9-5d45b7f0e510___FREC_Scab 3327.JPG,scab,1,g0550,s_reliability,reliability_train,contrast,1127686415739088288,,1.1624992152187987,,,42,1,1,scab,0,-4.691931,3.6116486,-3.3498983,2026
6e4bb643e5d72090450b,data/plantvillage/raw/color/Apple___Apple_scab/dd46079c-b12c-4687-9db9-5d45b7f0e510___FREC_Scab 3327.JPG,scab,1,g0550,s_reliability,reliability_train,gaussian_blur,2917617995530086526,,,1.165110493113656,,42,1,1,scab,0,-6.5560627,2.7678487,-1.0844436,2026
efd2ee20d8f69294cf76,data/plantvillage/raw/color/Apple___Apple_scab/dd46079c-b12c-4687-9db9-5d45b7f0e510___FREC_Scab 3327.JPG,scab,1,g0550,s_reliability,reliability_train,gaussian_noise,1364489554595771140,,,,0.021269607549767713,42,1,1,scab,0,-4.6708336,3.4506729,-3.3689053,2026
5c33993c53fc66db6f13,data/plantvillage/raw/color/Apple___Apple_scab/e893d964-8a40-46f5-b8ae-0a0f0cd79296___FREC_Scab 3333.JPG,scab,1,g0568,s_reliability,reliability_val,original,,,,,,42,1,1,scab,0,-3.5180213,2.9785676,-3.2416933,2026
387ece30905184e97166,data/plantvillage/raw/color/Apple___Apple_scab/e893d964-8a40-46f5-b8ae-0a0f0cd79296___FREC_Scab 3333.JPG,scab,1,g0568,s_reliability,reliability_val,brightness,3753158999226210491,0.9026298389834047,,,,42,1,1,scab,0,-3.126574,2.9283028,-3.3834412,2026
0ec92242d27a4525a457,data/plantvillage/raw/color/Apple___Apple_scab/e893d964-8a40-46f5-b8ae-0a0f0cd79296___FREC_Scab 3333.JPG,scab,1,g0568,s_reliability,reliability_val,contrast,385536498699017954,,1.2844145736963428,,,42,1,1,scab,0,-3.8402238,3.068935,-3.1240537,2026
91b0e9789105b6d0aa8f,data/plantvillage/raw/color/Apple___Apple_scab/e893d964-8a40-46f5-b8ae-0a0f0cd79296___FREC_Scab 3333.JPG,scab,1,g0568,s_reliability,reliability_val,gaussian_blur,255044416041926846,,,1.3541248027035802,,42,1,1,scab,0,-4.8393,1.8933854,-1.4421684,2026
b56aac6d64d4ccdf5273,data/plantvillage/raw/color/Apple___Apple_scab/e893d964-8a40-46f5-b8ae-0a0f0cd79296___FREC_Scab 3333.JPG,scab,1,g0568,s_reliability,reliability_val,gaussian_noise,7054832995050164649,,,,0.044092473053584484,42,1,1,scab,0,-4.419447,4.108336,-3.6490872,2026
73e75b9e832181c5b89e,data/plantvillage/raw/color/Apple___Apple_scab/eb3fa649-d717-4769-9f69-57f88c166455___FREC_Scab 3387.JPG,scab,1,g0573,s_reliability,reliability_train,original,,,,,,42,1,1,scab,0,-7.0824294,4.8227468,-2.0935798,2026
8149d9a76e77efbad534,data/plantvillage/raw/color/Apple___Apple_scab/eb3fa649-d717-4769-9f69-57f88c166455___FREC_Scab 3387.JPG,scab,1,g0573,s_reliability,reliability_train,brightness,7713147906357457671,1.2443731347541667,,,,42,1,1,scab,0,-7.3977385,4.868155,-1.9245039,2026
67c8d8c30fe1c9905b2d,data/plantvillage/raw/color/Apple___Apple_scab/eb3fa649-d717-4769-9f69-57f88c166455___FREC_Scab 3387.JPG,scab,1,g0573,s_reliability,reliability_train,contrast,1486398488945109529,,0.8764697601137409,,,42,1,1,scab,0,-6.9982944,4.751516,-2.0835927,2026
2bce2d618a530182d3d8,data/plantvillage/raw/color/Apple___Apple_scab/eb3fa649-d717-4769-9f69-57f88c166455___FREC_Scab 3387.JPG,scab,1,g0573,s_reliability,reliability_train,gaussian_blur,8959491302900519379,,,1.1968419916713606,,42,1,1,scab,0,-6.1192207,3.4361744,-0.6525929,2026
1fe9704088abba5f7973,data/plantvillage/raw/color/Apple___Apple_scab/eb3fa649-d717-4769-9f69-57f88c166455___FREC_Scab 3387.JPG,scab,1,g0573,s_reliability,reliability_train,gaussian_noise,7653178089826706944,,,,0.02865345925002616,42,1,1,scab,0,-6.659671,4.8518267,-2.423684,2026
122f0d918acc691f7502,data/plantvillage/raw/color/Apple___Apple_scab/ecbac6b5-e07f-4a0d-a670-1d3b97f01104___FREC_Scab 3168.JPG,scab,1,g0575,s_reliability,reliability_val,original,,,,,,42,1,1,scab,0,-0.5583606,2.1002533,-4.62938,2026
6f46e8e2c37392690b06,data/plantvillage/raw/color/Apple___Apple_scab/ecbac6b5-e07f-4a0d-a670-1d3b97f01104___FREC_Scab 3168.JPG,scab,1,g0575,s_reliability,reliability_val,brightness,1543731639467553775,1.254174743747125,,,,42,1,1,scab,0,0.00537037,1.7495576,-4.781008,2026
7ce33b82759b527260c7,data/plantvillage/raw/color/Apple___Apple_scab/ecbac6b5-e07f-4a0d-a670-1d3b97f01104___FREC_Scab 3168.JPG,scab,1,g0575,s_reliability,reliability_val,contrast,6603908419641883736,,1.1884158202057113,,,42,1,1,scab,0,-1.3967371,2.0023832,-4.0797663,2026
b5130c8c9de1d3542c38,data/plantvillage/raw/color/Apple___Apple_scab/ecbac6b5-e07f-4a0d-a670-1d3b97f01104___FREC_Scab 3168.JPG,scab,1,g0575,s_reliability,reliability_val,gaussian_blur,6446396528694608677,,,0.7677728859572462,,42,1,1,scab,0,-2.4026785,1.470472,-2.679466,2026
d4666f1cd42aa73db296,data/plantvillage/raw/color/Apple___Apple_scab/ecbac6b5-e07f-4a0d-a670-1d3b97f01104___FREC_Scab 3168.JPG,scab,1,g0575,s_reliability,reliability_val,gaussian_noise,8759925016527069934,,,,0.04916576041551946,42,1,1,scab,0,-0.9697484,2.4700832,-4.5968895,2026
2418a78007d300029b92,data/plantvillage/raw/color/Apple___Apple_scab/ef91867f-33c5-4063-9783-44fd47238fe0___FREC_Scab 2935.JPG,scab,1,g0585,s_reliability,reliability_train,original,,,,,,42,1,1,scab,0,-4.3561697,4.0202203,-3.5667627,2026
599024069b2586573d5b,data/plantvillage/raw/color/Apple___Apple_scab/ef91867f-33c5-4063-9783-44fd47238fe0___FREC_Scab 2935.JPG,scab,1,g0585,s_reliability,reliability_train,brightness,6444138359840684703,1.1794400730192205,,,,42,1,1,scab,0,-4.7000804,4.0172157,-3.3834653,2026
d19cc3c97c2169d5e45f,data/plantvillage/raw/color/Apple___Apple_scab/ef91867f-33c5-4063-9783-44fd47238fe0___FREC_Scab 2935.JPG,scab,1,g0585,s_reliability,reliability_train,contrast,1175385206217818908,,1.2755038469694244,,,42,1,1,scab,0,-4.829961,4.053851,-3.4145179,2026
12d5119e71615bd99ec5,data/plantvillage/raw/color/Apple___Apple_scab/ef91867f-33c5-4063-9783-44fd47238fe0___FREC_Scab 2935.JPG,scab,1,g0585,s_reliability,reliability_train,gaussian_blur,2842376302690801281,,,0.651261967330521,,42,1,1,scab,0,-5.8725905,3.830196,-2.327742,2026
72d5e1e51867b76c26f5,data/plantvillage/raw/color/Apple___Apple_scab/ef91867f-33c5-4063-9783-44fd47238fe0___FREC_Scab 2935.JPG,scab,1,g0585,s_reliability,reliability_train,gaussian_noise,7419713673798337500,,,,0.04560034722716899,42,1,1,scab,0,-3.909879,3.9858878,-3.7971797,2026
64aeb2b617b0e562c19b,data/plantvillage/raw/color/Apple___Apple_scab/f1017472-d391-4a66-b9b2-d52916cd0c0b___FREC_Scab 3176.JPG,scab,1,g0590,s_reliability,reliability_val,original,,,,,,42,1,1,scab,0,-8.860351,2.298381,0.77213436,2026
b2fab5ca2d13ef5b1baa,data/plantvillage/raw/color/Apple___Apple_scab/f1017472-d391-4a66-b9b2-d52916cd0c0b___FREC_Scab 3176.JPG,scab,1,g0590,s_reliability,reliability_val,brightness,5630858660603823980,1.0414622245180447,,,,42,1,1,scab,0,-8.916834,2.3482037,0.7087933,2026
5224e1ea7b9c3a4e2c1f,data/plantvillage/raw/color/Apple___Apple_scab/f1017472-d391-4a66-b9b2-d52916cd0c0b___FREC_Scab 3176.JPG,scab,1,g0590,s_reliability,reliability_val,contrast,7172992260340678778,,0.8233353102936064,,,42,1,1,scab,0,-8.525052,2.2440944,0.59622914,2026
f485c56d8551782d4d9b,data/plantvillage/raw/color/Apple___Apple_scab/f1017472-d391-4a66-b9b2-d52916cd0c0b___FREC_Scab 3176.JPG,scab,1,g0590,s_reliability,reliability_val,gaussian_blur,6805075950754817009,,,1.2177785201638696,,42,1,2,rust,1,-8.152157,1.4126474,1.4450011,2026
791db6950d79f2e85a38,data/plantvillage/raw/color/Apple___Apple_scab/f1017472-d391-4a66-b9b2-d52916cd0c0b___FREC_Scab 3176.JPG,scab,1,g0590,s_reliability,reliability_val,gaussian_noise,8352018724022728698,,,,0.016717405468441034,42,1,1,scab,0,-8.874108,2.4583929,0.6232959,2026
93150555a308e48aee71,data/plantvillage/raw/color/Apple___Apple_scab/f6946261-1a18-4306-ba87-ca25344d9bd2___FREC_Scab 3525.JPG,scab,1,g0605,s_reliability,reliability_train,original,,,,,,42,1,1,scab,0,-5.1661015,2.3675811,-2.7471452,2026
42a1ba6f73950219642a,data/plantvillage/raw/color/Apple___Apple_scab/f6946261-1a18-4306-ba87-ca25344d9bd2___FREC_Scab 3525.JPG,scab,1,g0605,s_reliability,reliability_train,brightness,6627370076894715971,1.0017975583137781,,,,42,1,1,scab,0,-5.1661015,2.3675811,-2.7471452,2026
ce44c4b94b151ba25c7d,data/plantvillage/raw/color/Apple___Apple_scab/f6946261-1a18-4306-ba87-ca25344d9bd2___FREC_Scab 3525.JPG,scab,1,g0605,s_reliability,reliability_train,contrast,1748279556759165573,,0.7160958151753125,,,42,1,1,scab,0,-5.291643,2.4366477,-2.7890866,2026
bc6a33552f329fabb7c8,data/plantvillage/raw/color/Apple___Apple_scab/f6946261-1a18-4306-ba87-ca25344d9bd2___FREC_Scab 3525.JPG,scab,1,g0605,s_reliability,reliability_train,gaussian_blur,1588680325918104514,,,0.9537026482177955,,42,1,1,scab,0,-6.375534,2.195424,-1.2287984,2026
6b934c86d40fbb0459df,data/plantvillage/raw/color/Apple___Apple_scab/f6946261-1a18-4306-ba87-ca25344d9bd2___FREC_Scab 3525.JPG,scab,1,g0605,s_reliability,reliability_train,gaussian_noise,3849306690414278351,,,,0.013259373000560726,42,1,1,scab,0,-5.048438,2.4465134,-2.9077938,2026
2b666f55c8ffcd6265d5,data/plantvillage/raw/color/Apple___Apple_scab/f79c50ef-d89d-4371-b581-810b37eb2ac9___FREC_Scab 3255.JPG,scab,1,g0608,s_reliability,reliability_train,original,,,,,,42,1,1,scab,0,0.83836925,2.183441,-5.1021295,2026
68f444cf0722ceaf23cd,data/plantvillage/raw/color/Apple___Apple_scab/f79c50ef-d89d-4371-b581-810b37eb2ac9___FREC_Scab 3255.JPG,scab,1,g0608,s_reliability,reliability_train,brightness,8098491813291552948,1.2583742492239751,,,,42,1,1,scab,0,0.78875375,2.3226678,-5.1999683,2026
cd7a5841f5162a44d1eb,data/plantvillage/raw/color/Apple___Apple_scab/f79c50ef-d89d-4371-b581-810b37eb2ac9___FREC_Scab 3255.JPG,scab,1,g0608,s_reliability,reliability_train,contrast,2213915565626642018,,1.0145615567795547,,,42,1,1,scab,0,0.8322612,2.185849,-5.0996556,2026
e10ee38d6d7a8a74801f,data/plantvillage/raw/color/Apple___Apple_scab/f79c50ef-d89d-4371-b581-810b37eb2ac9___FREC_Scab 3255.JPG,scab,1,g0608,s_reliability,reliability_train,gaussian_blur,3162757075224201942,,,0.8154674728986147,,42,1,1,scab,0,-1.7728744,1.3575697,-2.390061,2026
ccc4ebde02c2702dfa89,data/plantvillage/raw/color/Apple___Apple_scab/f79c50ef-d89d-4371-b581-810b37eb2ac9___FREC_Scab 3255.JPG,scab,1,g0608,s_reliability,reliability_train,gaussian_noise,8947589151143526130,,,,0.037974849100380625,42,1,1,scab,0,0.805083,2.243558,-5.054959,2026
c2a05264d3b51ece5247,data/plantvillage/raw/color/Apple___Apple_scab/f8e48799-c566-4b86-b7c8-a0e290fb7f25___FREC_Scab 3167.JPG,scab,1,g0610,s_reliability,reliability_val,original,,,,,,42,1,1,scab,0,-3.1579745,2.379038,-3.3437226,2026
80d52f0a32ff25276bbf,data/plantvillage/raw/color/Apple___Apple_scab/f8e48799-c566-4b86-b7c8-a0e290fb7f25___FREC_Scab 3167.JPG,scab,1,g0610,s_reliability,reliability_val,brightness,2027268176882337093,1.0482963606194429,,,,42,1,1,scab,0,-3.1254795,2.3155322,-3.2943575,2026
1818f2861dfac60a2dce,data/plantvillage/raw/color/Apple___Apple_scab/f8e48799-c566-4b86-b7c8-a0e290fb7f25___FREC_Scab 3167.JPG,scab,1,g0610,s_reliability,reliability_val,contrast,215948020774912392,,1.2414999504380098,,,42,1,1,scab,0,-3.4772751,2.2553117,-3.1252532,2026
7e020867200fac7a9dcc,data/plantvillage/raw/color/Apple___Apple_scab/f8e48799-c566-4b86-b7c8-a0e290fb7f25___FREC_Scab 3167.JPG,scab,1,g0610,s_reliability,reliability_val,gaussian_blur,397133824946024261,,,1.4626357251713367,,42,1,1,scab,0,-6.843829,1.0500207,0.4587099,2026
8e5353c242fe11e22ffa,data/plantvillage/raw/color/Apple___Apple_scab/f8e48799-c566-4b86-b7c8-a0e290fb7f25___FREC_Scab 3167.JPG,scab,1,g0610,s_reliability,reliability_val,gaussian_noise,8351694498095530778,,,,0.032866448559335446,42,1,1,scab,0,-2.9203613,2.5164957,-3.524086,2026
3e5e189f6128a41d1e0e,data/plantvillage/raw/color/Apple___Apple_scab/f957b91b-878a-4f53-b8b5-a8bf7fa2c773___FREC_Scab 2970.JPG,scab,1,g0612,s_reliability,reliability_train,original,,,,,,42,1,1,scab,0,-7.2526956,4.2426295,-2.745301,2026
dc2598ab00a89ac49481,data/plantvillage/raw/color/Apple___Apple_scab/f957b91b-878a-4f53-b8b5-a8bf7fa2c773___FREC_Scab 2970.JPG,scab,1,g0612,s_reliability,reliability_train,brightness,5196429564793562367,0.706452786815684,,,,42,1,1,scab,0,-6.661567,4.4656816,-3.2305393,2026
f5972ee5716cb8b0e0ff,data/plantvillage/raw/color/Apple___Apple_scab/f957b91b-878a-4f53-b8b5-a8bf7fa2c773___FREC_Scab 2970.JPG,scab,1,g0612,s_reliability,reliability_train,contrast,4865361076093945809,,0.7827964693203014,,,42,1,1,scab,0,-6.6624994,4.1646767,-3.0317614,2026
6681acbdab633f0af9eb,data/plantvillage/raw/color/Apple___Apple_scab/f957b91b-878a-4f53-b8b5-a8bf7fa2c773___FREC_Scab 2970.JPG,scab,1,g0612,s_reliability,reliability_train,gaussian_blur,1362259776156612029,,,0.9276780726842528,,42,1,1,scab,0,-7.165477,3.8355026,-1.89146,2026
5ec94ea329b6ce62120b,data/plantvillage/raw/color/Apple___Apple_scab/f957b91b-878a-4f53-b8b5-a8bf7fa2c773___FREC_Scab 2970.JPG,scab,1,g0612,s_reliability,reliability_train,gaussian_noise,5852954986544930736,,,,0.012866471223951948,42,1,1,scab,0,-7.24728,4.250731,-2.7519855,2026
ca73ba7aac2c6643ee86,data/plantvillage/raw/color/Apple___Apple_scab/f96cb3b3-172a-44d8-9720-d6a3ed87ced9___FREC_Scab 3036.JPG,scab,1,g0613,s_reliability,reliability_val,original,,,,,,42,1,1,scab,0,-2.4736612,0.5008473,-2.290247,2026
2a388b4361531d2f9c29,data/plantvillage/raw/color/Apple___Apple_scab/f96cb3b3-172a-44d8-9720-d6a3ed87ced9___FREC_Scab 3036.JPG,scab,1,g0613,s_reliability,reliability_val,brightness,5600182220831252059,0.919796449903395,,,,42,1,1,scab,0,-2.3166075,0.50156343,-2.3825347,2026
0b35dd6c36d3b4544b67,data/plantvillage/raw/color/Apple___Apple_scab/f96cb3b3-172a-44d8-9720-d6a3ed87ced9___FREC_Scab 3036.JPG,scab,1,g0613,s_reliability,reliability_val,contrast,9220861174712794834,,0.813471261177711,,,42,1,1,scab,0,-2.2244887,0.43785384,-2.3600092,2026
fe0bbf40f7d72dbcdf7b,data/plantvillage/raw/color/Apple___Apple_scab/f96cb3b3-172a-44d8-9720-d6a3ed87ced9___FREC_Scab 3036.JPG,scab,1,g0613,s_reliability,reliability_val,gaussian_blur,3980415543050772309,,,0.5880560035560106,,42,1,1,scab,0,-4.2276692,0.70342845,-1.1692631,2026
3892a1045baa6937cef9,data/plantvillage/raw/color/Apple___Apple_scab/f96cb3b3-172a-44d8-9720-d6a3ed87ced9___FREC_Scab 3036.JPG,scab,1,g0613,s_reliability,reliability_val,gaussian_noise,7237666879631241575,,,,0.02917382354822238,42,1,1,scab,0,-2.346842,0.41302544,-2.2734497,2026
389946c461602e7d060f,data/plantvillage/raw/color/Apple___Apple_scab/fd3ae59f-e06e-403b-b317-83ee68aa9ea7___FREC_Scab 3492.JPG,scab,1,g0623,s_reliability,reliability_val,original,,,,,,42,1,1,scab,0,-5.9856186,4.698777,-3.0278687,2026
4f5300e07d59cff1d206,data/plantvillage/raw/color/Apple___Apple_scab/fd3ae59f-e06e-403b-b317-83ee68aa9ea7___FREC_Scab 3492.JPG,scab,1,g0623,s_reliability,reliability_val,brightness,1792165558375335002,1.1730170398157092,,,,42,1,1,scab,0,-6.284077,4.7614303,-2.8295045,2026
47cd6f97126b694ae506,data/plantvillage/raw/color/Apple___Apple_scab/fd3ae59f-e06e-403b-b317-83ee68aa9ea7___FREC_Scab 3492.JPG,scab,1,g0623,s_reliability,reliability_val,contrast,3933250318053425516,,0.8249534597766743,,,42,1,1,scab,0,-5.1322894,4.590899,-3.5145926,2026
08f26ec7f67fb3ca4cc8,data/plantvillage/raw/color/Apple___Apple_scab/fd3ae59f-e06e-403b-b317-83ee68aa9ea7___FREC_Scab 3492.JPG,scab,1,g0623,s_reliability,reliability_val,gaussian_blur,8623014056725596686,,,1.3540064801785894,,42,1,1,scab,0,-3.8357189,3.6338418,-3.4937131,2026
507cf397142766c18354,data/plantvillage/raw/color/Apple___Apple_scab/fd3ae59f-e06e-403b-b317-83ee68aa9ea7___FREC_Scab 3492.JPG,scab,1,g0623,s_reliability,reliability_val,gaussian_noise,6863764245787202202,,,,0.02453294550260481,42,1,1,scab,0,-5.806005,4.7174625,-3.2596045,2026
b3ace40acffb61175705,data/plantvillage/raw/color/Apple___Apple_scab/fdc58f83-8a94-4f0c-aefe-c6f2b5028682___FREC_Scab 3014.JPG,scab,1,g0625,s_reliability,reliability_train,original,,,,,,42,1,1,scab,0,-1.8673177,1.8954637,-3.7835147,2026
3903d76153c2342d3e46,data/plantvillage/raw/color/Apple___Apple_scab/fdc58f83-8a94-4f0c-aefe-c6f2b5028682___FREC_Scab 3014.JPG,scab,1,g0625,s_reliability,reliability_train,brightness,2819122754036007500,1.2888177283805016,,,,42,1,1,scab,0,-2.3345892,2.497506,-3.7786179,2026
2005e82ffa2c536e8fc9,data/plantvillage/raw/color/Apple___Apple_scab/fdc58f83-8a94-4f0c-aefe-c6f2b5028682___FREC_Scab 3014.JPG,scab,1,g0625,s_reliability,reliability_train,contrast,6017720356093859444,,0.9214993737271999,,,42,1,1,scab,0,-1.7471619,1.7699322,-3.7728152,2026
5e923e1e43469b04b813,data/plantvillage/raw/color/Apple___Apple_scab/fdc58f83-8a94-4f0c-aefe-c6f2b5028682___FREC_Scab 3014.JPG,scab,1,g0625,s_reliability,reliability_train,gaussian_blur,1054903621526194623,,,1.3937386016209228,,42,1,1,scab,0,-3.824251,2.0119822,-1.3568885,2026
224f7281189f31db8413,data/plantvillage/raw/color/Apple___Apple_scab/fdc58f83-8a94-4f0c-aefe-c6f2b5028682___FREC_Scab 3014.JPG,scab,1,g0625,s_reliability,reliability_train,gaussian_noise,1307676259049682585,,,,0.024330571546386355,42,1,1,scab,0,-1.845175,1.831066,-3.8496828,2026
060b84f5c4f0f410d72e,data/plantvillage/raw/color/Apple___Cedar_apple_rust/0321e067-d13b-47d0-b3a6-76ba6f357d02___FREC_C.Rust 3667.JPG,rust,2,g0629,s_reliability,reliability_train,original,,,,,,42,2,2,rust,0,-5.5041833,-2.0602994,2.029279,2026
eb236a76f3433f0ce95c,data/plantvillage/raw/color/Apple___Cedar_apple_rust/0321e067-d13b-47d0-b3a6-76ba6f357d02___FREC_C.Rust 3667.JPG,rust,2,g0629,s_reliability,reliability_train,brightness,2930566078747969199,0.9078652369814306,,,,42,2,2,rust,0,-5.3172,-1.9302999,1.840582,2026
c6828a900064e0103b5f,data/plantvillage/raw/color/Apple___Cedar_apple_rust/0321e067-d13b-47d0-b3a6-76ba6f357d02___FREC_C.Rust 3667.JPG,rust,2,g0629,s_reliability,reliability_train,contrast,7825497230561543446,,1.2445610624920342,,,42,2,2,rust,0,-5.708996,-1.8480006,2.0256393,2026
c8dc26234773dd1be9c3,data/plantvillage/raw/color/Apple___Cedar_apple_rust/0321e067-d13b-47d0-b3a6-76ba6f357d02___FREC_C.Rust 3667.JPG,rust,2,g0629,s_reliability,reliability_train,gaussian_blur,3670155337237332233,,,0.828898146505128,,42,2,2,rust,0,-5.774262,-2.7383869,3.1241848,2026
b1f9e726cc72e7be730b,data/plantvillage/raw/color/Apple___Cedar_apple_rust/0321e067-d13b-47d0-b3a6-76ba6f357d02___FREC_C.Rust 3667.JPG,rust,2,g0629,s_reliability,reliability_train,gaussian_noise,640987408284812703,,,,0.02507700805598362,42,2,2,rust,0,-5.502679,-1.8825965,1.8692807,2026
3ef67aaa3339d96d759a,data/plantvillage/raw/color/Apple___Cedar_apple_rust/0a41c25a-f9a6-4c34-8e5c-7f89a6ac4c40___FREC_C.Rust 9807.JPG,rust,2,g0637,s_reliability,reliability_train,original,,,,,,42,2,2,rust,0,-4.0052195,-4.683064,3.614039,2026
baffa3d2ec42d3902405,data/plantvillage/raw/color/Apple___Cedar_apple_rust/0a41c25a-f9a6-4c34-8e5c-7f89a6ac4c40___FREC_C.Rust 9807.JPG,rust,2,g0637,s_reliability,reliability_train,brightness,1812195618699994847,1.2952664872030986,,,,42,2,2,rust,0,-3.5618138,-4.4007454,3.1414413,2026
10c29c7acc469fd1e901,data/plantvillage/raw/color/Apple___Cedar_apple_rust/0a41c25a-f9a6-4c34-8e5c-7f89a6ac4c40___FREC_C.Rust 9807.JPG,rust,2,g0637,s_reliability,reliability_train,contrast,7372088917114796014,,1.1148247081000575,,,42,2,2,rust,0,-4.315556,-4.576399,3.7313623,2026
a4b6f043f5fcc3d9c3bc,data/plantvillage/raw/color/Apple___Cedar_apple_rust/0a41c25a-f9a6-4c34-8e5c-7f89a6ac4c40___FREC_C.Rust 9807.JPG,rust,2,g0637,s_reliability,reliability_train,gaussian_blur,1079481706563734145,,,1.0468225633420318,,42,2,2,rust,0,-4.4063506,-4.171911,3.7257218,2026
792ef1e916b3b00d6b3e,data/plantvillage/raw/color/Apple___Cedar_apple_rust/0a41c25a-f9a6-4c34-8e5c-7f89a6ac4c40___FREC_C.Rust 9807.JPG,rust,2,g0637,s_reliability,reliability_train,gaussian_noise,2384472542978734456,,,,0.018143204282544192,42,2,2,rust,0,-4.1750817,-4.7077193,3.6945171,2026
56af9daca135b8666520,data/plantvillage/raw/color/Apple___Cedar_apple_rust/1798ac41-0f49-4007-9df5-7e41e3077e51___FREC_C.Rust 3656.JPG,rust,2,g0644,s_reliability,reliability_train,original,,,,,,42,2,2,rust,0,-7.8538237,-3.3712935,4.47564,2026
13cdeefed3159361d2d9,data/plantvillage/raw/color/Apple___Cedar_apple_rust/1798ac41-0f49-4007-9df5-7e41e3077e51___FREC_C.Rust 3656.JPG,rust,2,g0644,s_reliability,reliability_train,brightness,328814377299560389,1.1467220802890763,,,,42,2,2,rust,0,-7.872658,-3.6044238,4.755746,2026
94a3f96a370086949c53,data/plantvillage/raw/color/Apple___Cedar_apple_rust/1798ac41-0f49-4007-9df5-7e41e3077e51___FREC_C.Rust 3656.JPG,rust,2,g0644,s_reliability,reliability_train,contrast,1318375483634786869,,0.8033906931239061,,,42,2,2,rust,0,-7.230919,-3.0451937,3.7414043,2026
f09118a611feb89de0bd,data/plantvillage/raw/color/Apple___Cedar_apple_rust/1798ac41-0f49-4007-9df5-7e41e3077e51___FREC_C.Rust 3656.JPG,rust,2,g0644,s_reliability,reliability_train,gaussian_blur,9099201816773614882,,,1.4675398725797972,,42,2,2,rust,0,-7.291468,-2.4723806,4.2434907,2026
58533a6fd140a3dc7294,data/plantvillage/raw/color/Apple___Cedar_apple_rust/1798ac41-0f49-4007-9df5-7e41e3077e51___FREC_C.Rust 3656.JPG,rust,2,g0644,s_reliability,reliability_train,gaussian_noise,3336024979858744170,,,,0.02638131231917399,42,2,2,rust,0,-8.136736,-3.3147528,4.5428824,2026
4dc43298194f9fe885c7,data/plantvillage/raw/color/Apple___Cedar_apple_rust/1a80b84d-1a5a-4e23-8deb-823ba928e29a___FREC_C.Rust 4431.JPG,rust,2,g0650,s_reliability,reliability_train,original,,,,,,42,2,2,rust,0,-5.0938745,-2.6398335,1.9751943,2026
dbfbe4202029fe1ff990,data/plantvillage/raw/color/Apple___Cedar_apple_rust/1a80b84d-1a5a-4e23-8deb-823ba928e29a___FREC_C.Rust 4431.JPG,rust,2,g0650,s_reliability,reliability_train,brightness,4151790188477237378,1.0312815168839042,,,,42,2,2,rust,0,-5.1274934,-2.6864774,2.0386949,2026
1cee6d941d672a95a6bf,data/plantvillage/raw/color/Apple___Cedar_apple_rust/1a80b84d-1a5a-4e23-8deb-823ba928e29a___FREC_C.Rust 4431.JPG,rust,2,g0650,s_reliability,reliability_train,contrast,685572254961373247,,1.1545144259150855,,,42,2,2,rust,0,-5.288524,-2.7383814,2.1484547,2026
f0f5bc0e7d16166383cd,data/plantvillage/raw/color/Apple___Cedar_apple_rust/1a80b84d-1a5a-4e23-8deb-823ba928e29a___FREC_C.Rust 4431.JPG,rust,2,g0650,s_reliability,reliability_train,gaussian_blur,2845418545905389320,,,1.3513388053264817,,42,2,2,rust,0,-6.65654,-2.1833436,3.2911692,2026
0d35a30308148cd19951,data/plantvillage/raw/color/Apple___Cedar_apple_rust/1a80b84d-1a5a-4e23-8deb-823ba928e29a___FREC_C.Rust 4431.JPG,rust,2,g0650,s_reliability,reliability_train,gaussian_noise,6555944550643006834,,,,0.016585976610855143,42,2,2,rust,0,-5.1374087,-2.5768037,1.9481474,2026
b258de6fafd2745aa5ae,data/plantvillage/raw/color/Apple___Cedar_apple_rust/20ef08f2-96ae-4148-942c-3d7708cd94d8___FREC_C.Rust 9830.JPG,rust,2,g0656,s_reliability,reliability_val,original,,,,,,42,2,2,rust,0,-3.7560627,-3.6864023,2.3646934,2026
36153de38b124267ff5c,data/plantvillage/raw/color/Apple___Cedar_apple_rust/20ef08f2-96ae-4148-942c-3d7708cd94d8___FREC_C.Rust 9830.JPG,rust,2,g0656,s_reliability,reliability_val,brightness,9124335070244331621,1.2766812122218627,,,,42,2,2,rust,0,-2.4945624,-3.4764063,1.6406577,2026
015a54781f1c902b6b24,data/plantvillage/raw/color/Apple___Cedar_apple_rust/20ef08f2-96ae-4148-942c-3d7708cd94d8___FREC_C.Rust 9830.JPG,rust,2,g0656,s_reliability,reliability_val,contrast,3970830922080656216,,1.2697293291587772,,,42,2,2,rust,0,-3.7114656,-3.788297,2.4990475,2026
4a683ff8b69cc645082f,data/plantvillage/raw/color/Apple___Cedar_apple_rust/20ef08f2-96ae-4148-942c-3d7708cd94d8___FREC_C.Rust 9830.JPG,rust,2,g0656,s_reliability,reliability_val,gaussian_blur,6849660152597244097,,,1.2231344431345645,,42,2,2,rust,0,-6.0839205,-3.3255706,4.151678,2026
23893790eb2833181cb2,data/plantvillage/raw/color/Apple___Cedar_apple_rust/20ef08f2-96ae-4148-942c-3d7708cd94d8___FREC_C.Rust 9830.JPG,rust,2,g0656,s_reliability,reliability_val,gaussian_noise,2797424583015850296,,,,0.022109122428859422,42,2,2,rust,0,-3.8302794,-3.4998596,2.1847243,2026
bd9014d7e7d247824ce1,data/plantvillage/raw/color/Apple___Cedar_apple_rust/2ac8d689-f30a-4eee-a856-86c92f8dcbd2___FREC_C.Rust 3952.JPG,rust,2,g0665,s_reliability,reliability_train,original,,,,,,42,2,2,rust,0,-4.780631,-0.9864604,0.78230476,2026
74fa9793319854eafc0c,data/plantvillage/raw/color/Apple___Cedar_apple_rust/2ac8d689-f30a-4eee-a856-86c92f8dcbd2___FREC_C.Rust 3952.JPG,rust,2,g0665,s_reliability,reliability_train,brightness,1238135166806893014,0.989149893912943,,,,42,2,2,rust,0,-4.7889347,-0.972694,0.7766162,2026
fb435eebd8933f722cd4,data/plantvillage/raw/color/Apple___Cedar_apple_rust/2ac8d689-f30a-4eee-a856-86c92f8dcbd2___FREC_C.Rust 3952.JPG,rust,2,g0665,s_reliability,reliability_train,contrast,184760996010872730,,0.703937269776144,,,42,2,2,rust,0,-4.535694,-0.62286747,0.43246698,2026
2cac71be2de2846899a0,data/plantvillage/raw/color/Apple___Cedar_apple_rust/2ac8d689-f30a-4eee-a856-86c92f8dcbd2___FREC_C.Rust 3952.JPG,rust,2,g0665,s_reliability,reliability_train,gaussian_blur,3843253825728318729,,,0.7363241462256889,,42,2,2,rust,0,-5.0770154,-1.7733144,1.8938001,2026
4368f037fe0e24554827,data/plantvillage/raw/color/Apple___Cedar_apple_rust/2ac8d689-f30a-4eee-a856-86c92f8dcbd2___FREC_C.Rust 3952.JPG,rust,2,g0665,s_reliability,reliability_train,gaussian_noise,8116286617875832282,,,,0.04043459276343103,42,2,2,rust,0,-5.1638007,-0.9945646,1.003544,2026
38d78660056d947d2710,data/plantvillage/raw/color/Apple___Cedar_apple_rust/2ddde539-6c5f-4d76-8611-14761bb240de___FREC_C.Rust 3564.JPG,rust,2,g0668,s_reliability,reliability_train,original,,,,,,42,2,2,rust,0,-6.4135256,-3.1149657,3.5464106,2026
88b726780faa118c9b83,data/plantvillage/raw/color/Apple___Cedar_apple_rust/2ddde539-6c5f-4d76-8611-14761bb240de___FREC_C.Rust 3564.JPG,rust,2,g0668,s_reliability,reliability_train,brightness,1020135457938338221,1.2881715134637752,,,,42,2,2,rust,0,-6.862567,-3.9332526,4.3293986,2026
ec8e0198de3839ca8f3a,data/plantvillage/raw/color/Apple___Cedar_apple_rust/2ddde539-6c5f-4d76-8611-14761bb240de___FREC_C.Rust 3564.JPG,rust,2,g0668,s_reliability,reliability_train,contrast,5462134332840369543,,1.2729881800861214,,,42,2,2,rust,0,-7.399255,-3.7815552,4.4808435,2026
2fb3eb9f378356eb5bca,data/plantvillage/raw/color/Apple___Cedar_apple_rust/2ddde539-6c5f-4d76-8611-14761bb240de___FREC_C.Rust 3564.JPG,rust,2,g0668,s_reliability,reliability_train,gaussian_blur,2069312328900770086,,,1.3671370114552313,,42,2,2,rust,0,-5.668525,-4.4768944,4.5995245,2026
05aa80cbd57b2fbb1a51,data/plantvillage/raw/color/Apple___Cedar_apple_rust/2ddde539-6c5f-4d76-8611-14761bb240de___FREC_C.Rust 3564.JPG,rust,2,g0668,s_reliability,reliability_train,gaussian_noise,6147289556569416892,,,,0.04948386996630143,42,2,2,rust,0,-7.256304,-2.6487749,3.3750088,2026
955a397437574af43d79,data/plantvillage/raw/color/Apple___Cedar_apple_rust/39c00da9-396e-4bd3-8e4a-f701c11d4fa7___FREC_C.Rust 3907.JPG,rust,2,g0675,s_reliability,reliability_train,original,,,,,,42,2,2,rust,0,-6.6652975,-3.261732,3.5174537,2026
71b8d1a085de9d611c32,data/plantvillage/raw/color/Apple___Cedar_apple_rust/39c00da9-396e-4bd3-8e4a-f701c11d4fa7___FREC_C.Rust 3907.JPG,rust,2,g0675,s_reliability,reliability_train,brightness,4009909030205098043,0.7010369604387269,,,,42,2,2,rust,0,-5.403496,-3.3036168,2.7433767,2026
d59fc1dc390533de57a8,data/plantvillage/raw/color/Apple___Cedar_apple_rust/39c00da9-396e-4bd3-8e4a-f701c11d4fa7___FREC_C.Rust 3907.JPG,rust,2,g0675,s_reliability,reliability_train,contrast,5307150963778230250,,0.8001508649492495,,,42,2,2,rust,0,-5.8237467,-3.3474553,3.100012,2026
93508dba867f557ec655,data/plantvillage/raw/color/Apple___Cedar_apple_rust/39c00da9-396e-4bd3-8e4a-f701c11d4fa7___FREC_C.Rust 3907.JPG,rust,2,g0675,s_reliability,reliability_train,gaussian_blur,5498740430969157243,,,0.6434891465882532,,42,2,2,rust,0,-6.641057,-3.2142127,3.6389468,2026
e19e4d9cb33852a413bd,data/plantvillage/raw/color/Apple___Cedar_apple_rust/39c00da9-396e-4bd3-8e4a-f701c11d4fa7___FREC_C.Rust 3907.JPG,rust,2,g0675,s_reliability,reliability_train,gaussian_noise,985384076233416482,,,,0.04341934138266282,42,2,2,rust,0,-6.934887,-3.0404036,3.395582,2026
b6d8bcee3358101f1be2,data/plantvillage/raw/color/Apple___Cedar_apple_rust/3ea747af-ed9d-44f1-a8b6-61503adf0a4b___FREC_C.Rust 4174.JPG,rust,2,g0683,s_reliability,reliability_train,original,,,,,,42,2,2,rust,0,-7.6409187,-2.1902082,3.440153,2026
1ac3523eae0f660f5423,data/plantvillage/raw/color/Apple___Cedar_apple_rust/3ea747af-ed9d-44f1-a8b6-61503adf0a4b___FREC_C.Rust 4174.JPG,rust,2,g0683,s_reliability,reliability_train,brightness,5796332649314055639,0.7530919511174957,,,,42,2,2,rust,0,-6.7929535,-2.1640046,2.9308915,2026
50d0d6707a95a0945f8a,data/plantvillage/raw/color/Apple___Cedar_apple_rust/3ea747af-ed9d-44f1-a8b6-61503adf0a4b___FREC_C.Rust 4174.JPG,rust,2,g0683,s_reliability,reliability_train,contrast,7350170877343711716,,0.8539875045771471,,,42,2,2,rust,0,-7.5211864,-2.2066712,3.3655212,2026
c96cc77fb5e3a10b8122,data/plantvillage/raw/color/Apple___Cedar_apple_rust/3ea747af-ed9d-44f1-a8b6-61503adf0a4b___FREC_C.Rust 4174.JPG,rust,2,g0683,s_reliability,reliability_train,gaussian_blur,6773538550597083909,,,0.9627317975344836,,42,2,2,rust,0,-7.909821,-1.9084471,3.8233054,2026
f0b4411bee95044ed27f,data/plantvillage/raw/color/Apple___Cedar_apple_rust/3ea747af-ed9d-44f1-a8b6-61503adf0a4b___FREC_C.Rust 4174.JPG,rust,2,g0683,s_reliability,reliability_train,gaussian_noise,7588793270451520677,,,,0.02385667522072981,42,2,2,rust,0,-7.539497,-2.0475824,3.3055487,2026
c79170af4ebbf222b1ce,data/plantvillage/raw/color/Apple___Cedar_apple_rust/3fb3806c-db88-491d-b9b0-191b3d5964cd___FREC_C.Rust 4130.JPG,rust,2,g0686,s_reliability,reliability_train,original,,,,,,42,2,2,rust,0,-6.084085,-3.2500494,3.792822,2026
26aaee46c87e9bb920d6,data/plantvillage/raw/color/Apple___Cedar_apple_rust/3fb3806c-db88-491d-b9b0-191b3d5964cd___FREC_C.Rust 4130.JPG,rust,2,g0686,s_reliability,reliability_train,brightness,7431893806541698746,0.8250988354201897,,,,42,2,2,rust,0,-5.5332503,-3.289746,3.3653362,2026
0068136486d070a8b4d6,data/plantvillage/raw/color/Apple___Cedar_apple_rust/3fb3806c-db88-491d-b9b0-191b3d5964cd___FREC_C.Rust 4130.JPG,rust,2,g0686,s_reliability,reliability_train,contrast,792529144098384997,,0.8833082305425937,,,42,2,2,rust,0,-5.8234625,-3.2618368,3.6212714,2026
0e81f2c7544873fc956b,data/plantvillage/raw/color/Apple___Cedar_apple_rust/3fb3806c-db88-491d-b9b0-191b3d5964cd___FREC_C.Rust 4130.JPG,rust,2,g0686,s_reliability,reliability_train,gaussian_blur,8076553071255020175,,,1.2355554482987996,,42,2,2,rust,0,-6.662899,-3.369004,4.916308,2026
62d8e2b214600c239891,data/plantvillage/raw/color/Apple___Cedar_apple_rust/3fb3806c-db88-491d-b9b0-191b3d5964cd___FREC_C.Rust 4130.JPG,rust,2,g0686,s_reliability,reliability_train,gaussian_noise,7718072336146035673,,,,0.03268883673356201,42,2,2,rust,0,-6.4825883,-3.0355234,3.7636557,2026
d2bf1fcc6ab287bc1032,data/plantvillage/raw/color/Apple___Cedar_apple_rust/46597071-9826-4f76-b853-083b76c5ef63___FREC_C.Rust 3666.JPG,rust,2,g0695,s_reliability,reliability_train,original,,,,,,42,2,2,rust,0,-7.301635,-1.2773652,2.5731149,2026
4c3fedeeae7d634f1a9e,data/plantvillage/raw/color/Apple___Cedar_apple_rust/46597071-9826-4f76-b853-083b76c5ef63___FREC_C.Rust 3666.JPG,rust,2,g0695,s_reliability,reliability_train,brightness,1337925766950769555,1.1435122948872163,,,,42,2,2,rust,0,-7.2848787,-1.3161311,2.6104693,2026
c5044542fee4ef54f8ea,data/plantvillage/raw/color/Apple___Cedar_apple_rust/46597071-9826-4f76-b853-083b76c5ef63___FREC_C.Rust 3666.JPG,rust,2,g0695,s_reliability,reliability_train,contrast,8461330052855152134,,1.1468566140490086,,,42,2,2,rust,0,-7.3782125,-1.1884642,2.6088984,2026
02f60af8a2950a421b26,data/plantvillage/raw/color/Apple___Cedar_apple_rust/46597071-9826-4f76-b853-083b76c5ef63___FREC_C.Rust 3666.JPG,rust,2,g0695,s_reliability,reliability_train,gaussian_blur,3416596038691601604,,,1.0983519791146024,,42,2,2,rust,0,-8.195819,-1.4981726,3.7778518,2026
ae6b457c0eb687d875c4,data/plantvillage/raw/color/Apple___Cedar_apple_rust/46597071-9826-4f76-b853-083b76c5ef63___FREC_C.Rust 3666.JPG,rust,2,g0695,s_reliability,reliability_train,gaussian_noise,5148620912703859591,,,,0.028291994824283365,42,2,2,rust,0,-7.5669518,-1.0851272,2.5280087,2026
7cd4df7fb3085ea1cdf0,data/plantvillage/raw/color/Apple___Cedar_apple_rust/46aef257-999e-4158-9107-c5f5c7c8016a___FREC_C.Rust 4147.JPG,rust,2,g0696,s_reliability,reliability_train,original,,,,,,42,2,2,rust,0,-7.0474243,-2.9838114,4.09463,2026
44e43a3cf0b73732c5cb,data/plantvillage/raw/color/Apple___Cedar_apple_rust/46aef257-999e-4158-9107-c5f5c7c8016a___FREC_C.Rust 4147.JPG,rust,2,g0696,s_reliability,reliability_train,brightness,5137468757470680855,1.1948746982907104,,,,42,2,2,rust,0,-7.440056,-3.0408049,4.311853,2026
1ea2f0e5203e28936f12,data/plantvillage/raw/color/Apple___Cedar_apple_rust/46aef257-999e-4158-9107-c5f5c7c8016a___FREC_C.Rust 4147.JPG,rust,2,g0696,s_reliability,reliability_train,contrast,2241558900996907608,,0.9329671031024535,,,42,2,2,rust,0,-6.953359,-2.8685596,3.987979,2026
da52c06dfa6af15ee2a5,data/plantvillage/raw/color/Apple___Cedar_apple_rust/46aef257-999e-4158-9107-c5f5c7c8016a___FREC_C.Rust 4147.JPG,rust,2,g0696,s_reliability,reliability_train,gaussian_blur,566362356177354878,,,0.913072685331281,,42,2,2,rust,0,-7.5421185,-2.396797,4.5446115,2026
d6ca6ca311e9669dde8d,data/plantvillage/raw/color/Apple___Cedar_apple_rust/46aef257-999e-4158-9107-c5f5c7c8016a___FREC_C.Rust 4147.JPG,rust,2,g0696,s_reliability,reliability_train,gaussian_noise,6805322405155384251,,,,0.03563328607658932,42,2,2,rust,0,-7.6367946,-2.5497577,3.9277415,2026
2ad173b281e7eabbed86,data/plantvillage/raw/color/Apple___Cedar_apple_rust/46b6b57e-9c90-4de7-9fb1-b8b674d51f38___FREC_C.Rust 9857.JPG,rust,2,g0697,s_reliability,reliability_train,original,,,,,,42,2,2,rust,0,-3.5218396,-2.1777554,1.5564597,2026
9640e6d0d551c087d801,data/plantvillage/raw/color/Apple___Cedar_apple_rust/46b6b57e-9c90-4de7-9fb1-b8b674d51f38___FREC_C.Rust 9857.JPG,rust,2,g0697,s_reliability,reliability_train,brightness,8511084443329139375,1.073898456567421,,,,42,2,2,rust,0,-3.5720816,-2.0438378,1.4925406,2026
87d37241e17bc96d9bbd,data/plantvillage/raw/color/Apple___Cedar_apple_rust/46b6b57e-9c90-4de7-9fb1-b8b674d51f38___FREC_C.Rust 9857.JPG,rust,2,g0697,s_reliability,reliability_train,contrast,8822205634636923575,,1.1512190215785898,,,42,2,2,rust,0,-3.7140558,-1.9596937,1.4859058,2026
536073cb4505656e188a,data/plantvillage/raw/color/Apple___Cedar_apple_rust/46b6b57e-9c90-4de7-9fb1-b8b674d51f38___FREC_C.Rust 9857.JPG,rust,2,g0697,s_reliability,reliability_train,gaussian_blur,83810707950683667,,,1.3814703955123093,,42,2,2,rust,0,-4.5385413,-3.5760841,3.9228592,2026
523ec573545b31e0e37d,data/plantvillage/raw/color/Apple___Cedar_apple_rust/46b6b57e-9c90-4de7-9fb1-b8b674d51f38___FREC_C.Rust 9857.JPG,rust,2,g0697,s_reliability,reliability_train,gaussian_noise,8620575844703776009,,,,0.04418578447851751,42,2,2,rust,0,-3.9792197,-1.783527,1.2771385,2026
514ac5d9076bb6883e3b,data/plantvillage/raw/color/Apple___Cedar_apple_rust/492e83ef-7407-42f1-a0e2-e272cf1cdbc1___FREC_C.Rust 0024.JPG,rust,2,g0698,s_reliability,reliability_train,original,,,,,,42,2,2,rust,0,-4.015774,-3.859722,3.104155,2026
ac6f0c6bed22a4dfa02a,data/plantvillage/raw/color/Apple___Cedar_apple_rust/492e83ef-7407-42f1-a0e2-e272cf1cdbc1___FREC_C.Rust 0024.JPG,rust,2,g0698,s_reliability,reliability_train,brightness,2126045519001692173,0.8428181346940617,,,,42,2,2,rust,0,-3.7338402,-3.770965,2.7435176,2026
16a1a2e27f193f4a37a0,data/plantvillage/raw/color/Apple___Cedar_apple_rust/492e83ef-7407-42f1-a0e2-e272cf1cdbc1___FREC_C.Rust 0024.JPG,rust,2,g0698,s_reliability,reliability_train,contrast,8496635156704690713,,1.0094857543706728,,,42,2,2,rust,0,-3.9725475,-3.9082057,3.1154664,2026
78b7f170942d0d7f596c,data/plantvillage/raw/color/Apple___Cedar_apple_rust/492e83ef-7407-42f1-a0e2-e272cf1cdbc1___FREC_C.Rust 0024.JPG,rust,2,g0698,s_reliability,reliability_train,gaussian_blur,8289778620581039100,,,0.7874468902819679,,42,2,2,rust,0,-4.8921685,-3.8249936,3.5382328,2026
a39bcaf91263770fddc7,data/plantvillage/raw/color/Apple___Cedar_apple_rust/492e83ef-7407-42f1-a0e2-e272cf1cdbc1___FREC_C.Rust 0024.JPG,rust,2,g0698,s_reliability,reliability_train,gaussian_noise,3234987640418141572,,,,0.03985475976524317,42,2,2,rust,0,-4.172421,-3.8108032,3.0406597,2026
9b90c07db3a6acc2ec8f,data/plantvillage/raw/color/Apple___Cedar_apple_rust/5271addc-c445-4af1-ba68-318c7b509e1f___FREC_C.Rust 3585.JPG,rust,2,g0710,s_reliability,reliability_train,original,,,,,,42,2,2,rust,0,-5.688879,-3.3720405,3.0969002,2026
1ffa9dfbc5d946282df0,data/plantvillage/raw/color/Apple___Cedar_apple_rust/5271addc-c445-4af1-ba68-318c7b509e1f___FREC_C.Rust 3585.JPG,rust,2,g0710,s_reliability,reliability_train,brightness,7019451541191187919,1.0785999092159924,,,,42,2,2,rust,0,-5.8598366,-3.4163783,3.2618778,2026
7e88bf4bc1ee634570cd,data/plantvillage/raw/color/Apple___Cedar_apple_rust/5271addc-c445-4af1-ba68-318c7b509e1f___FREC_C.Rust 3585.JPG,rust,2,g0710,s_reliability,reliability_train,contrast,2215830927264308898,,0.8474535758640687,,,42,2,2,rust,0,-4.8294787,-3.3891833,2.6229134,2026
c30a7573a6cb31800e50,data/plantvillage/raw/color/Apple___Cedar_apple_rust/5271addc-c445-4af1-ba68-318c7b509e1f___FREC_C.Rust 3585.JPG,rust,2,g0710,s_reliability,reliability_train,gaussian_blur,309852247994690599,,,0.5564056751461881,,42,2,2,rust,0,-5.5213556,-3.4922302,3.1928964,2026
071aff0c8195e483940d,data/plantvillage/raw/color/Apple___Cedar_apple_rust/5271addc-c445-4af1-ba68-318c7b509e1f___FREC_C.Rust 3585.JPG,rust,2,g0710,s_reliability,reliability_train,gaussian_noise,3770604975239205164,,,,0.01721242049801944,42,2,2,rust,0,-5.834525,-3.2917364,3.1501555,2026
cbb7086744867e71ef93,data/plantvillage/raw/color/Apple___Cedar_apple_rust/5c2677da-56e7-47bc-bc21-31a1db9ff5bf___FREC_C.Rust 9799.JPG,rust,2,g0721,s_reliability,reliability_val,original,,,,,,42,2,2,rust,0,-5.3659306,-2.7981484,2.9892383,2026
2b0e7fd37129b8555d12,data/plantvillage/raw/color/Apple___Cedar_apple_rust/5c2677da-56e7-47bc-bc21-31a1db9ff5bf___FREC_C.Rust 9799.JPG,rust,2,g0721,s_reliability,reliability_val,brightness,5138983943787726491,0.7011443462651283,,,,42,2,2,rust,0,-4.429723,-2.9793797,2.4569068,2026
ee1c109f1c4be45160df,data/plantvillage/raw/color/Apple___Cedar_apple_rust/5c2677da-56e7-47bc-bc21-31a1db9ff5bf___FREC_C.Rust 9799.JPG,rust,2,g0721,s_reliability,reliability_val,contrast,994375847245664912,,0.824502228252872,,,42,2,2,rust,0,-4.795489,-3.0794246,2.788489,2026
baa8f0da132b50267838,data/plantvillage/raw/color/Apple___Cedar_apple_rust/5c2677da-56e7-47bc-bc21-31a1db9ff5bf___FREC_C.Rust 9799.JPG,rust,2,g0721,s_reliability,reliability_val,gaussian_blur,2799743701510070896,,,0.9254830552418009,,42,2,2,rust,0,-5.3193655,-2.9093692,3.3744411,2026
023f77a1e6a0478a8df0,data/plantvillage/raw/color/Apple___Cedar_apple_rust/5c2677da-56e7-47bc-bc21-31a1db9ff5bf___FREC_C.Rust 9799.JPG,rust,2,g0721,s_reliability,reliability_val,gaussian_noise,279683693414116392,,,,0.04674422207254973,42,2,2,rust,0,-5.610031,-1.4357249,1.6729575,2026
067aca20bce3cb890bd9,data/plantvillage/raw/color/Apple___Cedar_apple_rust/60ecab05-90df-45d5-8a50-edb8635aac87___FREC_C.Rust 4155.JPG,rust,2,g0727,s_reliability,reliability_val,original,,,,,,42,2,2,rust,0,-5.313594,-1.6969471,1.6720077,2026
1809c11f55bdefdc82e8,data/plantvillage/raw/color/Apple___Cedar_apple_rust/60ecab05-90df-45d5-8a50-edb8635aac87___FREC_C.Rust 4155.JPG,rust,2,g0727,s_reliability,reliability_val,brightness,1593361610085464932,0.9174721845178622,,,,42,2,2,rust,0,-5.171843,-1.7556695,1.6337795,2026
a93390134b4249f616a6,data/plantvillage/raw/color/Apple___Cedar_apple_rust/60ecab05-90df-45d5-8a50-edb8635aac87___FREC_C.Rust 4155.JPG,rust,2,g0727,s_reliability,reliability_val,contrast,5827455798737791278,,1.1614805993596526,,,42,2,2,rust,0,-5.0965853,-1.7377088,1.5219047,2026
c4e8e14e48ac9c5923f8,data/plantvillage/raw/color/Apple___Cedar_apple_rust/60ecab05-90df-45d5-8a50-edb8635aac87___FREC_C.Rust 4155.JPG,rust,2,g0727,s_reliability,reliability_val,gaussian_blur,8136810440169511556,,,1.3640488980859797,,42,2,2,rust,0,-6.5835557,-0.8925038,2.3650038,2026
6e9feee1577e26284ad7,data/plantvillage/raw/color/Apple___Cedar_apple_rust/60ecab05-90df-45d5-8a50-edb8635aac87___FREC_C.Rust 4155.JPG,rust,2,g0727,s_reliability,reliability_val,gaussian_noise,8899418907647209012,,,,0.02613358045191555,42,2,2,rust,0,-5.4503245,-1.3235158,1.3932809,2026
7817ca09e61512791265,data/plantvillage/raw/color/Apple___Cedar_apple_rust/6fe0e179-4491-4257-a1d3-9cff9e9e2d27___FREC_C.Rust 0225.JPG,rust,2,g0736,s_reliability,reliability_train,original,,,,,,42,2,2,rust,0,-7.2896,-4.0125155,5.04195,2026
4328dadd0ec89cad7e35,data/plantvillage/raw/color/Apple___Cedar_apple_rust/6fe0e179-4491-4257-a1d3-9cff9e9e2d27___FREC_C.Rust 0225.JPG,rust,2,g0736,s_reliability,reliability_train,brightness,7484009663020817417,0.7098236029385009,,,,42,2,2,rust,0,-7.1588497,-3.6890125,4.6392026,2026
27646b156eb1c5c1de17,data/plantvillage/raw/color/Apple___Cedar_apple_rust/6fe0e179-4491-4257-a1d3-9cff9e9e2d27___FREC_C.Rust 0225.JPG,rust,2,g0736,s_reliability,reliability_train,contrast,8630229796243865280,,0.8926053672513127,,,42,2,2,rust,0,-7.1648817,-4.012515,4.975318,2026
df9bab680a85a5e33de9,data/plantvillage/raw/color/Apple___Cedar_apple_rust/6fe0e179-4491-4257-a1d3-9cff9e9e2d27___FREC_C.Rust 0225.JPG,rust,2,g0736,s_reliability,reliability_train,gaussian_blur,4283207749994627192,,,0.9094220561271835,,42,2,2,rust,0,-8.163845,-3.1369226,5.1663256,2026
6eab29d757ecea57f4b4,data/plantvillage/raw/color/Apple___Cedar_apple_rust/6fe0e179-4491-4257-a1d3-9cff9e9e2d27___FREC_C.Rust 0225.JPG,rust,2,g0736,s_reliability,reliability_train,gaussian_noise,80237578520402496,,,,0.03124859378785745,42,2,2,rust,0,-7.4100027,-3.9383,4.976218,2026
55b9f2c31aa16823c5f7,data/plantvillage/raw/color/Apple___Cedar_apple_rust/7e32ce27-bc89-4fca-9f49-c50de91210d1___FREC_C.Rust 4425.JPG,rust,2,g0751,s_reliability,reliability_train,original,,,,,,42,2,2,rust,0,-3.0472424,-3.8981206,1.2832634,2026
6f418f05bb366ce502c6,data/plantvillage/raw/color/Apple___Cedar_apple_rust/7e32ce27-bc89-4fca-9f49-c50de91210d1___FREC_C.Rust 4425.JPG,rust,2,g0751,s_reliability,reliability_train,brightness,2430587164417958302,1.2005577785604635,,,,42,2,2,rust,0,-2.2795637,-3.4964144,0.5785422,2026
7e224821116e30c8715e,data/plantvillage/raw/color/Apple___Cedar_apple_rust/7e32ce27-bc89-4fca-9f49-c50de91210d1___FREC_C.Rust 4425.JPG,rust,2,g0751,s_reliability,reliability_train,contrast,4114779885996814619,,0.8938333396774873,,,42,2,2,rust,0,-2.657631,-4.020095,1.1125242,2026
e68b45f721a955c377b1,data/plantvillage/raw/color/Apple___Cedar_apple_rust/7e32ce27-bc89-4fca-9f49-c50de91210d1___FREC_C.Rust 4425.JPG,rust,2,g0751,s_reliability,reliability_train,gaussian_blur,1870417247122737198,,,1.1986475654281548,,42,2,2,rust,0,-4.7119026,-4.135638,3.1279802,2026
44c1694692ae83e47358,data/plantvillage/raw/color/Apple___Cedar_apple_rust/7e32ce27-bc89-4fca-9f49-c50de91210d1___FREC_C.Rust 4425.JPG,rust,2,g0751,s_reliability,reliability_train,gaussian_noise,4319594287269559260,,,,0.040225870692063154,42,2,2,rust,0,-3.807578,-3.9065087,1.7269208,2026
02707a6e4ec0082928d0,data/plantvillage/raw/color/Apple___Cedar_apple_rust/811b2953-8508-4327-944e-8d999211790c___FREC_C.Rust 3891.JPG,rust,2,g0755,s_reliability,reliability_val,original,,,,,,42,2,2,rust,0,-7.3219995,-1.2811881,2.905328,2026
6c5b7f95607c933addb2,data/plantvillage/raw/color/Apple___Cedar_apple_rust/811b2953-8508-4327-944e-8d999211790c___FREC_C.Rust 3891.JPG,rust,2,g0755,s_reliability,reliability_val,brightness,8413511154358053143,0.8226938735388784,,,,42,2,2,rust,0,-7.3585496,-1.0174309,2.7514894,2026
f810b59a44a3705ee576,data/plantvillage/raw/color/Apple___Cedar_apple_rust/811b2953-8508-4327-944e-8d999211790c___FREC_C.Rust 3891.JPG,rust,2,g0755,s_reliability,reliability_val,contrast,4431399651871326821,,0.9151942846961665,,,42,2,2,rust,0,-7.16625,-1.2870499,2.8302524,2026
4829b19c383d7b150f98,data/plantvillage/raw/color/Apple___Cedar_apple_rust/811b2953-8508-4327-944e-8d999211790c___FREC_C.Rust 3891.JPG,rust,2,g0755,s_reliability,reliability_val,gaussian_blur,6924794671750878573,,,0.7463202200650834,,42,2,2,rust,0,-7.5343366,-1.6034672,3.4707215,2026
1500949125428804c0ec,data/plantvillage/raw/color/Apple___Cedar_apple_rust/811b2953-8508-4327-944e-8d999211790c___FREC_C.Rust 3891.JPG,rust,2,g0755,s_reliability,reliability_val,gaussian_noise,310417430109168794,,,,0.04754179273872836,42,2,2,rust,0,-8.035889,-0.7848672,2.7421904,2026
5308ad15510eb7281b38,data/plantvillage/raw/color/Apple___Cedar_apple_rust/821d427b-7aff-475c-8d76-6c984e09463f___FREC_C.Rust 3760.JPG,rust,2,g0756,s_reliability,reliability_train,original,,,,,,42,2,2,rust,0,-9.174446,-2.5389268,5.088498,2026
850c0542f6a32912237c,data/plantvillage/raw/color/Apple___Cedar_apple_rust/821d427b-7aff-475c-8d76-6c984e09463f___FREC_C.Rust 3760.JPG,rust,2,g0756,s_reliability,reliability_train,brightness,4571325911189360225,0.8986348725646557,,,,42,2,2,rust,0,-9.312889,-2.5792916,5.228501,2026
05c20be8e9783ef8062d,data/plantvillage/raw/color/Apple___Cedar_apple_rust/821d427b-7aff-475c-8d76-6c984e09463f___FREC_C.Rust 3760.JPG,rust,2,g0756,s_reliability,reliability_train,contrast,6315890675842632630,,0.8049394608395405,,,42,2,2,rust,0,-8.79875,-2.6640198,4.971726,2026
87dd8888f2bc2d2565d2,data/plantvillage/raw/color/Apple___Cedar_apple_rust/821d427b-7aff-475c-8d76-6c984e09463f___FREC_C.Rust 3760.JPG,rust,2,g0756,s_reliability,reliability_train,gaussian_blur,6269459348649831633,,,0.9627826221466274,,42,2,2,rust,0,-9.661324,-3.4291232,6.2871566,2026
15d2a99a0ddcf1f7184a,data/plantvillage/raw/color/Apple___Cedar_apple_rust/821d427b-7aff-475c-8d76-6c984e09463f___FREC_C.Rust 3760.JPG,rust,2,g0756,s_reliability,reliability_train,gaussian_noise,1988108616313388441,,,,0.03516768717535089,42,2,2,rust,0,-9.525184,-2.3381922,5.01859,2026
77487b8a441ccda21ebf,data/plantvillage/raw/color/Apple___Cedar_apple_rust/8306d4f0-6a4f-4f02-86ca-72b1a950f420___FREC_C.Rust 0175.JPG,rust,2,g0758,s_reliability,reliability_train,original,,,,,,42,2,2,rust,0,-9.026454,-0.75398797,3.401369,2026
89f548c1a7dc096e343d,data/plantvillage/raw/color/Apple___Cedar_apple_rust/8306d4f0-6a4f-4f02-86ca-72b1a950f420___FREC_C.Rust 0175.JPG,rust,2,g0758,s_reliability,reliability_train,brightness,5147374854449316070,1.0095680995525007,,,,42,2,2,rust,0,-8.993901,-0.7510534,3.378141,2026
27100d3822373e445789,data/plantvillage/raw/color/Apple___Cedar_apple_rust/8306d4f0-6a4f-4f02-86ca-72b1a950f420___FREC_C.Rust 0175.JPG,rust,2,g0758,s_reliability,reliability_train,contrast,2570736879708741500,,1.1526010994676266,,,42,2,2,rust,0,-9.171064,-0.6663586,3.44521,2026
a1d8e8161edf4c53b921,data/plantvillage/raw/color/Apple___Cedar_apple_rust/8306d4f0-6a4f-4f02-86ca-72b1a950f420___FREC_C.Rust 0175.JPG,rust,2,g0758,s_reliability,reliability_train,gaussian_blur,8013552049083527331,,,1.2427570322180364,,42,2,2,rust,0,-9.490156,-0.96927696,4.025244,2026
5fb5ae88776e394586a8,data/plantvillage/raw/color/Apple___Cedar_apple_rust/8306d4f0-6a4f-4f02-86ca-72b1a950f420___FREC_C.Rust 0175.JPG,rust,2,g0758,s_reliability,reliability_train,gaussian_noise,7616654997170151072,,,,0.019245665068357565,42,2,2,rust,0,-8.903492,-0.68905365,3.2454526,2026
c676d4e64fa881add5e0,data/plantvillage/raw/color/Apple___Cedar_apple_rust/84eda310-5cbd-4de7-949d-471213cd0016___FREC_C.Rust 3679.JPG,rust,2,g0761,s_reliability,reliability_val,original,,,,,,42,2,2,rust,0,-6.0336866,-2.9768586,3.2041175,2026
a7958281d9fdcba8559e,data/plantvillage/raw/color/Apple___Cedar_apple_rust/84eda310-5cbd-4de7-949d-471213cd0016___FREC_C.Rust 3679.JPG,rust,2,g0761,s_reliability,reliability_val,brightness,7950491604340802063,1.190574104535753,,,,42,2,2,rust,0,-5.856345,-2.973868,3.1577227,2026
c28a568fbd1fb0d0d4d6,data/plantvillage/raw/color/Apple___Cedar_apple_rust/84eda310-5cbd-4de7-949d-471213cd0016___FREC_C.Rust 3679.JPG,rust,2,g0761,s_reliability,reliability_val,contrast,1433596285438689991,,1.276847192561266,,,42,2,2,rust,0,-5.5962777,-2.708144,2.7884634,2026
1a30f90fb8726b548636,data/plantvillage/raw/color/Apple___Cedar_apple_rust/84eda310-5cbd-4de7-949d-471213cd0016___FREC_C.Rust 3679.JPG,rust,2,g0761,s_reliability,reliability_val,gaussian_blur,5570773396651003154,,,1.2715570801533482,,42,2,2,rust,0,-4.933507,-4.5000415,4.112376,2026
8820d77e862e5803911a,data/plantvillage/raw/color/Apple___Cedar_apple_rust/84eda310-5cbd-4de7-949d-471213cd0016___FREC_C.Rust 3679.JPG,rust,2,g0761,s_reliability,reliability_val,gaussian_noise,2493634191022538598,,,,0.02496793269844013,42,2,2,rust,0,-6.3310194,-3.0051222,3.315964,2026
d499cdc98c0b9b55a11d,data/plantvillage/raw/color/Apple___Cedar_apple_rust/85eb91f6-f8f0-438e-afbc-ca12551ee404___FREC_C.Rust 9884.JPG,rust,2,g0765,s_reliability,reliability_train,original,,,,,,42,2,2,rust,0,-5.8287425,-0.44435054,1.3691459,2026
3388e3ea0a2130bac8a9,data/plantvillage/raw/color/Apple___Cedar_apple_rust/85eb91f6-f8f0-438e-afbc-ca12551ee404___FREC_C.Rust 9884.JPG,rust,2,g0765,s_reliability,reliability_train,brightness,1442249255194107030,0.7051589650746101,,,,42,2,2,rust,0,-4.8843102,-0.4217186,0.753563,2026
520b1412859bbe893e25,data/plantvillage/raw/color/Apple___Cedar_apple_rust/85eb91f6-f8f0-438e-afbc-ca12551ee404___FREC_C.Rust 9884.JPG,rust,2,g0765,s_reliability,reliability_train,contrast,9176075915898749191,,1.0007417453024892,,,42,2,2,rust,0,-5.840619,-0.4227746,1.3529292,2026
5ff53f0542d080a3056c,data/plantvillage/raw/color/Apple___Cedar_apple_rust/85eb91f6-f8f0-438e-afbc-ca12551ee404___FREC_C.Rust 9884.JPG,rust,2,g0765,s_reliability,reliability_train,gaussian_blur,5172479580084188353,,,0.879265055608439,,42,2,2,rust,0,-5.845827,-0.4521957,1.6382481,2026
9af597f482b4a4f39ad7,data/plantvillage/raw/color/Apple___Cedar_apple_rust/85eb91f6-f8f0-438e-afbc-ca12551ee404___FREC_C.Rust 9884.JPG,rust,2,g0765,s_reliability,reliability_train,gaussian_noise,1810193869183814344,,,,0.01609551314255245,42,2,2,rust,0,-6.2502193,-0.46230286,1.6056498,2026
aa3027417bb2008e7192,data/plantvillage/raw/color/Apple___Cedar_apple_rust/90355db8-e997-4ab6-a1a3-14aca5e55395___FREC_C.Rust 9907.JPG,rust,2,g0775,s_reliability,reliability_train,original,,,,,,42,2,2,rust,0,-6.9339933,-2.2588136,3.2966204,2026
14011799621273083b16,data/plantvillage/raw/color/Apple___Cedar_apple_rust/90355db8-e997-4ab6-a1a3-14aca5e55395___FREC_C.Rust 9907.JPG,rust,2,g0775,s_reliability,reliability_train,brightness,552426571636723990,1.0169131472625543,,,,42,2,2,rust,0,-7.0227475,-2.2840817,3.3739054,2026
4e7a151de114d13abb45,data/plantvillage/raw/color/Apple___Cedar_apple_rust/90355db8-e997-4ab6-a1a3-14aca5e55395___FREC_C.Rust 9907.JPG,rust,2,g0775,s_reliability,reliability_train,contrast,101779611579132440,,1.1231196780181123,,,42,2,2,rust,0,-7.249173,-2.124274,3.40553,2026
fbc64bd729f18d1befc6,data/plantvillage/raw/color/Apple___Cedar_apple_rust/90355db8-e997-4ab6-a1a3-14aca5e55395___FREC_C.Rust 9907.JPG,rust,2,g0775,s_reliability,reliability_train,gaussian_blur,5958601656001334143,,,1.3850258816916048,,42,2,2,rust,0,-8.478714,-2.5117152,4.754732,2026
4c7f99de24fcb3492d06,data/plantvillage/raw/color/Apple___Cedar_apple_rust/90355db8-e997-4ab6-a1a3-14aca5e55395___FREC_C.Rust 9907.JPG,rust,2,g0775,s_reliability,reliability_train,gaussian_noise,8223344445241317036,,,,0.020035055894807967,42,2,2,rust,0,-6.9971766,-2.17283,3.2674758,2026
d1f39ddd465c5c88f1df,data/plantvillage/raw/color/Apple___Cedar_apple_rust/915ea730-231d-408d-baea-d2554d47bfa9___FREC_C.Rust 9809.JPG,rust,2,g0778,s_reliability,reliability_val,original,,,,,,42,2,2,rust,0,-1.7730603,-5.112948,2.5341976,2026
a384b078e030622ef99c,data/plantvillage/raw/color/Apple___Cedar_apple_rust/915ea730-231d-408d-baea-d2554d47bfa9___FREC_C.Rust 9809.JPG,rust,2,g0778,s_reliability,reliability_val,brightness,5769037785546392290,0.9815502999928569,,,,42,2,2,rust,0,-1.6738446,-5.129406,2.486029,2026
a2717ce6216c0d0bc78b,data/plantvillage/raw/color/Apple___Cedar_apple_rust/915ea730-231d-408d-baea-d2554d47bfa9___FREC_C.Rust 9809.JPG,rust,2,g0778,s_reliability,reliability_val,contrast,9004944793679134404,,1.1704595484736244,,,42,2,2,rust,0,-2.0140002,-4.9880886,2.585486,2026
d84e235a1ff8f13b215d,data/plantvillage/raw/color/Apple___Cedar_apple_rust/915ea730-231d-408d-baea-d2554d47bfa9___FREC_C.Rust 9809.JPG,rust,2,g0778,s_reliability,reliability_val,gaussian_blur,7259423414601357949,,,1.4358619719995676,,42,2,2,rust,0,-3.6427085,-4.2242093,3.8119032,2026
d02adbf819313b55da6e,data/plantvillage/raw/color/Apple___Cedar_apple_rust/915ea730-231d-408d-baea-d2554d47bfa9___FREC_C.Rust 9809.JPG,rust,2,g0778,s_reliability,reliability_val,gaussian_noise,8524397353610226078,,,,0.017333941134882576,42,2,2,rust,0,-1.9775661,-5.007631,2.5627747,2026
7bf1154fa879f73f3b47,data/plantvillage/raw/color/Apple___Cedar_apple_rust/a3141843-3628-45c2-ac01-5b1726744c6d___FREC_C.Rust 9906.JPG,rust,2,g0803,s_reliability,reliability_train,original,,,,,,42,2,2,rust,0,-6.337678,-3.730623,3.9117386,2026
7004d69e0a38fdaf83f0,data/plantvillage/raw/color/Apple___Cedar_apple_rust/a3141843-3628-45c2-ac01-5b1726744c6d___FREC_C.Rust 9906.JPG,rust,2,g0803,s_reliability,reliability_train,brightness,7450606089193021449,0.9048082832396815,,,,42,2,2,rust,0,-6.176989,-3.697521,3.7656648,2026
e8df68ce90f0d6a8e499,data/plantvillage/raw/color/Apple___Cedar_apple_rust/a3141843-3628-45c2-ac01-5b1726744c6d___FREC_C.Rust 9906.JPG,rust,2,g0803,s_reliability,reliability_train,contrast,187480724502104230,,0.960093577718652,,,42,2,2,rust,0,-6.2373257,-3.8093936,3.8993788,2026
7ce713f3ad184c704811,data/plantvillage/raw/color/Apple___Cedar_apple_rust/a3141843-3628-45c2-ac01-5b1726744c6d___FREC_C.Rust 9906.JPG,rust,2,g0803,s_reliability,reliability_train,gaussian_blur,6178287862976250641,,,1.1011449848489359,,42,2,2,rust,0,-6.729483,-3.624872,4.568598,2026
3dc17de8356008d86bc1,data/plantvillage/raw/color/Apple___Cedar_apple_rust/a3141843-3628-45c2-ac01-5b1726744c6d___FREC_C.Rust 9906.JPG,rust,2,g0803,s_reliability,reliability_train,gaussian_noise,9203003124582668123,,,,0.04118220738388171,42,2,2,rust,0,-6.4527545,-3.487572,3.6737564,2026
d37105afe9dadf03f390,data/plantvillage/raw/color/Apple___Cedar_apple_rust/aa87fd23-a302-4e4e-80e7-18a261b17fd5___FREC_C.Rust 9989.JPG,rust,2,g0813,s_reliability,reliability_train,original,,,,,,42,2,2,rust,0,-4.1183195,-3.3805885,2.5821886,2026
2f9ca682d4107d094a0f,data/plantvillage/raw/color/Apple___Cedar_apple_rust/aa87fd23-a302-4e4e-80e7-18a261b17fd5___FREC_C.Rust 9989.JPG,rust,2,g0813,s_reliability,reliability_train,brightness,82267198864212221,0.8258375736843577,,,,42,2,2,rust,0,-2.7704747,-3.0757802,1.6646516,2026
6e907d39491194a71ac0,data/plantvillage/raw/color/Apple___Cedar_apple_rust/aa87fd23-a302-4e4e-80e7-18a261b17fd5___FREC_C.Rust 9989.JPG,rust,2,g0813,s_reliability,reliability_train,contrast,5798490796671382180,,1.0920539724194747,,,42,2,2,rust,0,-4.5006647,-3.553623,2.8615134,2026
f7cab32f1482d922d2da,data/plantvillage/raw/color/Apple___Cedar_apple_rust/aa87fd23-a302-4e4e-80e7-18a261b17fd5___FREC_C.Rust 9989.JPG,rust,2,g0813,s_reliability,reliability_train,gaussian_blur,1048876132620834761,,,0.7936200510517845,,42,2,2,rust,0,-5.0333433,-3.213923,3.18795,2026
395c9edbda21111f4b60,data/plantvillage/raw/color/Apple___Cedar_apple_rust/aa87fd23-a302-4e4e-80e7-18a261b17fd5___FREC_C.Rust 9989.JPG,rust,2,g0813,s_reliability,reliability_train,gaussian_noise,1800373840716008310,,,,0.02972264655298997,42,2,2,rust,0,-4.43264,-3.4111676,2.5698762,2026
e232787d324b58c64010,data/plantvillage/raw/color/Apple___Cedar_apple_rust/accd43fa-2496-47ad-a24b-81da9e5f82b7___FREC_C.Rust 3783.JPG,rust,2,g0814,s_reliability,reliability_train,original,,,,,,42,2,2,rust,0,-7.795791,-2.4125931,3.8807664,2026
c9d412161b1bc9af6bba,data/plantvillage/raw/color/Apple___Cedar_apple_rust/accd43fa-2496-47ad-a24b-81da9e5f82b7___FREC_C.Rust 3783.JPG,rust,2,g0814,s_reliability,reliability_train,brightness,906340392256149931,1.1527875532408818,,,,42,2,2,rust,0,-7.971077,-2.2816923,3.902998,2026
8e1d09254df25363073e,data/plantvillage/raw/color/Apple___Cedar_apple_rust/accd43fa-2496-47ad-a24b-81da9e5f82b7___FREC_C.Rust 3783.JPG,rust,2,g0814,s_reliability,reliability_train,contrast,6050918715673612325,,1.0821570343424054,,,42,2,2,rust,0,-7.892388,-2.3684537,3.893687,2026
760f7687e4c708128ef4,data/plantvillage/raw/color/Apple___Cedar_apple_rust/accd43fa-2496-47ad-a24b-81da9e5f82b7___FREC_C.Rust 3783.JPG,rust,2,g0814,s_reliability,reliability_train,gaussian_blur,7927949944710410326,,,0.765674780039618,,42,2,2,rust,0,-7.7935266,-2.4066057,4.1075454,2026
d821978340014f8babf4,data/plantvillage/raw/color/Apple___Cedar_apple_rust/accd43fa-2496-47ad-a24b-81da9e5f82b7___FREC_C.Rust 3783.JPG,rust,2,g0814,s_reliability,reliability_train,gaussian_noise,6368285214847312548,,,,0.016278916760112373,42,2,2,rust,0,-7.787097,-2.3124042,3.8222234,2026
35784643823531f336ff,data/plantvillage/raw/color/Apple___Cedar_apple_rust/b845075b-dbb8-4b69-bec2-36e99cee7f3c___FREC_C.Rust 4038.JPG,rust,2,g0828,s_reliability,reliability_train,original,,,,,,42,2,2,rust,0,-7.9805965,-3.5413787,5.2260466,2026
88d2eb9a9f42a18cd709,data/plantvillage/raw/color/Apple___Cedar_apple_rust/b845075b-dbb8-4b69-bec2-36e99cee7f3c___FREC_C.Rust 4038.JPG,rust,2,g0828,s_reliability,reliability_train,brightness,1090406170028346716,1.0510340340399598,,,,42,2,2,rust,0,-8.189242,-3.5037692,5.330708,2026
45389b3c754b975dc55e,data/plantvillage/raw/color/Apple___Cedar_apple_rust/b845075b-dbb8-4b69-bec2-36e99cee7f3c___FREC_C.Rust 4038.JPG,rust,2,g0828,s_reliability,reliability_train,contrast,7133610805197222692,,1.2780173384621643,,,42,2,2,rust,0,-8.342489,-3.361933,5.286953,2026
9563e6bf995f020e3c5a,data/plantvillage/raw/color/Apple___Cedar_apple_rust/b845075b-dbb8-4b69-bec2-36e99cee7f3c___FREC_C.Rust 4038.JPG,rust,2,g0828,s_reliability,reliability_train,gaussian_blur,544661040290220997,,,1.4804563128207024,,42,2,2,rust,0,-7.720726,-3.456359,5.5534916,2026
9091a043c22b3edb3d7c,data/plantvillage/raw/color/Apple___Cedar_apple_rust/b845075b-dbb8-4b69-bec2-36e99cee7f3c___FREC_C.Rust 4038.JPG,rust,2,g0828,s_reliability,reliability_train,gaussian_noise,1745863728614384863,,,,0.014707349575587374,42,2,2,rust,0,-7.969781,-3.5054066,5.1614475,2026
9cc4107f28f9440fc3e5,data/plantvillage/raw/color/Apple___Cedar_apple_rust/bc863aa7-2cb6-44f1-b060-4cd78237d7a3___FREC_C.Rust 3566.JPG,rust,2,g0830,s_reliability,reliability_train,original,,,,,,42,2,2,rust,0,-6.4980655,-3.8508933,4.509697,2026
069e8d7bbeb87fcbf8b2,data/plantvillage/raw/color/Apple___Cedar_apple_rust/bc863aa7-2cb6-44f1-b060-4cd78237d7a3___FREC_C.Rust 3566.JPG,rust,2,g0830,s_reliability,reliability_train,brightness,8134238084174898513,1.0294763179684363,,,,42,2,2,rust,0,-6.525811,-3.8360002,4.5215554,2026
8c66005f570568d1185e,data/plantvillage/raw/color/Apple___Cedar_apple_rust/bc863aa7-2cb6-44f1-b060-4cd78237d7a3___FREC_C.Rust 3566.JPG,rust,2,g0830,s_reliability,reliability_train,contrast,8432127738526481102,,1.0484064605837733,,,42,2,2,rust,0,-6.567717,-3.820097,4.5355525,2026
23bdd209a2e300fd9cd5,data/plantvillage/raw/color/Apple___Cedar_apple_rust/bc863aa7-2cb6-44f1-b060-4cd78237d7a3___FREC_C.Rust 3566.JPG,rust,2,g0830,s_reliability,reliability_train,gaussian_blur,6177360913783607964,,,0.7974941136548254,,42,2,2,rust,0,-6.5603223,-3.8913987,4.52569,2026
f5a7b91235260f0e685e,data/plantvillage/raw/color/Apple___Cedar_apple_rust/bc863aa7-2cb6-44f1-b060-4cd78237d7a3___FREC_C.Rust 3566.JPG,rust,2,g0830,s_reliability,reliability_train,gaussian_noise,5425032049999789967,,,,0.0461251578800445,42,2,2,rust,0,-6.3190956,-3.6382637,4.1049604,2026
644ea291016f58a6a4eb,data/plantvillage/raw/color/Apple___Cedar_apple_rust/bdf1ac66-9dd3-4590-8e49-ee0e754a69f5___FREC_C.Rust 0151.JPG,rust,2,g0833,s_reliability,reliability_train,original,,,,,,42,2,2,rust,0,-2.2996702,-5.418984,2.802732,2026
b0a99dc7db9831b9e3a0,data/plantvillage/raw/color/Apple___Cedar_apple_rust/bdf1ac66-9dd3-4590-8e49-ee0e754a69f5___FREC_C.Rust 0151.JPG,rust,2,g0833,s_reliability,reliability_train,brightness,6196786289342281574,1.1250315116020295,,,,42,2,2,rust,0,-2.6783817,-5.362296,3.070054,2026
37b51602b6c5685cfe52,data/plantvillage/raw/color/Apple___Cedar_apple_rust/bdf1ac66-9dd3-4590-8e49-ee0e754a69f5___FREC_C.Rust 0151.JPG,rust,2,g0833,s_reliability,reliability_train,contrast,8617549758970782364,,0.7903405755173256,,,42,2,2,rust,0,-1.7436469,-5.355927,2.3486717,2026
c36da4fcbc7b79974bf8,data/plantvillage/raw/color/Apple___Cedar_apple_rust/bdf1ac66-9dd3-4590-8e49-ee0e754a69f5___FREC_C.Rust 0151.JPG,rust,2,g0833,s_reliability,reliability_train,gaussian_blur,5539067188749523077,,,0.7935174547976985,,42,2,2,rust,0,-3.461231,-5.0105805,3.5073655,2026
5954a6615aec1d92fb2b,data/plantvillage/raw/color/Apple___Cedar_apple_rust/bdf1ac66-9dd3-4590-8e49-ee0e754a69f5___FREC_C.Rust 0151.JPG,rust,2,g0833,s_reliability,reliability_train,gaussian_noise,4701687454296742644,,,,0.016221153478867156,42,2,2,rust,0,-2.439027,-5.294227,2.744326,2026
4662fac0078fe7e84659,data/plantvillage/raw/color/Apple___Cedar_apple_rust/cf570118-397c-434d-b158-d3539dd12786___FREC_C.Rust 0122.JPG,rust,2,g0843,s_reliability,reliability_val,original,,,,,,42,2,2,rust,0,-4.688127,-4.439413,3.9843073,2026
39e61cbe09319bb66661,data/plantvillage/raw/color/Apple___Cedar_apple_rust/cf570118-397c-434d-b158-d3539dd12786___FREC_C.Rust 0122.JPG,rust,2,g0843,s_reliability,reliability_val,brightness,1378894876777736659,1.1679513928338796,,,,42,2,2,rust,0,-4.854771,-4.584013,4.284551,2026
46a17363e59ec5d1037f,data/plantvillage/raw/color/Apple___Cedar_apple_rust/cf570118-397c-434d-b158-d3539dd12786___FREC_C.Rust 0122.JPG,rust,2,g0843,s_reliability,reliability_val,contrast,9106545737430875721,,0.9491229321877808,,,42,2,2,rust,0,-4.5590696,-4.40753,3.8703449,2026
af7a2340f3ab7c1e8636,data/plantvillage/raw/color/Apple___Cedar_apple_rust/cf570118-397c-434d-b158-d3539dd12786___FREC_C.Rust 0122.JPG,rust,2,g0843,s_reliability,reliability_val,gaussian_blur,8159872688678795898,,,1.4359353769057228,,42,2,2,rust,0,-6.4671726,-4.453193,5.549938,2026
ec228d0f51b152900927,data/plantvillage/raw/color/Apple___Cedar_apple_rust/cf570118-397c-434d-b158-d3539dd12786___FREC_C.Rust 0122.JPG,rust,2,g0843,s_reliability,reliability_val,gaussian_noise,4823440291541468695,,,,0.017536299128040344,42,2,2,rust,0,-4.5059867,-4.3947215,3.8815386,2026
4ec96fd6d3530a54f89b,data/plantvillage/raw/color/Apple___Cedar_apple_rust/d4165e95-f43c-41e5-a177-cc5ad823b5b0___FREC_C.Rust 3781.JPG,rust,2,g0847,s_reliability,reliability_train,original,,,,,,42,2,2,rust,0,-5.981007,-4.171513,4.028448,2026
ed16244e52dd63419640,data/plantvillage/raw/color/Apple___Cedar_apple_rust/d4165e95-f43c-41e5-a177-cc5ad823b5b0___FREC_C.Rust 3781.JPG,rust,2,g0847,s_reliability,reliability_train,brightness,2812886913110774107,1.0594983998120449,,,,42,2,2,rust,0,-6.1606083,-4.182457,4.1228027,2026
a79710a649deef373c18,data/plantvillage/raw/color/Apple___Cedar_apple_rust/d4165e95-f43c-41e5-a177-cc5ad823b5b0___FREC_C.Rust 3781.JPG,rust,2,g0847,s_reliability,reliability_train,contrast,8105763865469694600,,0.9103577861521502,,,42,2,2,rust,0,-5.595354,-4.1974025,3.849879,2026
01ce2383ea2a288f710f,data/plantvillage/raw/color/Apple___Cedar_apple_rust/d4165e95-f43c-41e5-a177-cc5ad823b5b0___FREC_C.Rust 3781.JPG,rust,2,g0847,s_reliability,reliability_train,gaussian_blur,2781817794429901011,,,0.9561824256005196,,42,2,2,rust,0,-7.625327,-5.2272377,5.9272666,2026
ff9b72025dbca0bd23e0,data/plantvillage/raw/color/Apple___Cedar_apple_rust/d4165e95-f43c-41e5-a177-cc5ad823b5b0___FREC_C.Rust 3781.JPG,rust,2,g0847,s_reliability,reliability_train,gaussian_noise,1864751599235785267,,,,0.03942412185122823,42,2,2,rust,0,-6.0618105,-3.972408,4.0006895,2026
774307c81aa949210129,data/plantvillage/raw/color/Apple___Cedar_apple_rust/d5d4f65c-aeca-4965-82d4-05d179dfa92e___FREC_C.Rust 4382.JPG,rust,2,g0854,s_reliability,reliability_train,original,,,,,,42,2,2,rust,0,-11.658661,-3.2932947,7.2300625,2026
a7cbf04b4f7872de2efd,data/plantvillage/raw/color/Apple___Cedar_apple_rust/d5d4f65c-aeca-4965-82d4-05d179dfa92e___FREC_C.Rust 4382.JPG,rust,2,g0854,s_reliability,reliability_train,brightness,5228058838443218376,1.159068460742076,,,,42,2,2,rust,0,-11.463099,-3.3954546,7.1487675,2026
d40dad8af6109e8252e6,data/plantvillage/raw/color/Apple___Cedar_apple_rust/d5d4f65c-aeca-4965-82d4-05d179dfa92e___FREC_C.Rust 4382.JPG,rust,2,g0854,s_reliability,reliability_train,contrast,6499726770976737767,,0.8023099300842029,,,42,2,2,rust,0,-11.038781,-3.5184429,7.0375967,2026
cc15aa8864ed826e1a93,data/plantvillage/raw/color/Apple___Cedar_apple_rust/d5d4f65c-aeca-4965-82d4-05d179dfa92e___FREC_C.Rust 4382.JPG,rust,2,g0854,s_reliability,reliability_train,gaussian_blur,8661937231550398832,,,1.4243011410338715,,42,2,2,rust,0,-8.559715,-3.0127132,6.050627,2026
5e963e53e4f7d9efa36d,data/plantvillage/raw/color/Apple___Cedar_apple_rust/d5d4f65c-aeca-4965-82d4-05d179dfa92e___FREC_C.Rust 4382.JPG,rust,2,g0854,s_reliability,reliability_train,gaussian_noise,996644173778780245,,,,0.019822340965881355,42,2,2,rust,0,-11.615137,-3.3376894,7.210259,2026
8797163a9a0d350ce3ef,data/plantvillage/raw/color/Apple___Cedar_apple_rust/daf0438c-72e3-49af-b23a-50b0d136b18c___FREC_C.Rust 0182.JPG,rust,2,g0861,s_reliability,reliability_val,original,,,,,,42,2,2,rust,0,-9.51734,-3.2995284,5.6464777,2026
9c5804c6cad28688429c,data/plantvillage/raw/color/Apple___Cedar_apple_rust/daf0438c-72e3-49af-b23a-50b0d136b18c___FREC_C.Rust 0182.JPG,rust,2,g0861,s_reliability,reliability_val,brightness,1425838237790717880,1.2670335901597736,,,,42,2,2,rust,0,-9.49805,-3.0621572,5.503188,2026
f7545743bcd1212f6761,data/plantvillage/raw/color/Apple___Cedar_apple_rust/daf0438c-72e3-49af-b23a-50b0d136b18c___FREC_C.Rust 0182.JPG,rust,2,g0861,s_reliability,reliability_val,contrast,2462413109651594171,,0.9125861130982781,,,42,2,2,rust,0,-9.341959,-3.320833,5.5239577,2026
5d706a7ff57859c43547,data/plantvillage/raw/color/Apple___Cedar_apple_rust/daf0438c-72e3-49af-b23a-50b0d136b18c___FREC_C.Rust 0182.JPG,rust,2,g0861,s_reliability,reliability_val,gaussian_blur,1355869235764231436,,,0.8697897563332558,,42,2,2,rust,0,-10.640416,-2.784559,5.958765,2026
11331419f654883f668f,data/plantvillage/raw/color/Apple___Cedar_apple_rust/daf0438c-72e3-49af-b23a-50b0d136b18c___FREC_C.Rust 0182.JPG,rust,2,g0861,s_reliability,reliability_val,gaussian_noise,7161035447507481200,,,,0.04686179716402235,42,2,2,rust,0,-8.999833,-3.0550532,5.0254188,2026
80f743ad2dda2768539f,data/plantvillage/raw/color/Apple___Cedar_apple_rust/dec47754-abfe-496b-a310-47d1fbb077ba___FREC_C.Rust 9910.JPG,rust,2,g0866,s_reliability,reliability_train,original,,,,,,42,2,2,rust,0,-7.302246,-4.9736524,5.5536065,2026
0f80069a1b20c214a386,data/plantvillage/raw/color/Apple___Cedar_apple_rust/dec47754-abfe-496b-a310-47d1fbb077ba___FREC_C.Rust 9910.JPG,rust,2,g0866,s_reliability,reliability_train,brightness,948832587490085302,0.8205481392979064,,,,42,2,2,rust,0,-7.4826303,-4.6073723,5.272158,2026
be762bc5b526740fa562,data/plantvillage/raw/color/Apple___Cedar_apple_rust/dec47754-abfe-496b-a310-47d1fbb077ba___FREC_C.Rust 9910.JPG,rust,2,g0866,s_reliability,reliability_train,contrast,7961901314396850005,,1.1010892196392483,,,42,2,2,rust,0,-7.4350805,-4.9672513,5.6579375,2026
bd00eabee5c07fe3e39c,data/plantvillage/raw/color/Apple___Cedar_apple_rust/dec47754-abfe-496b-a310-47d1fbb077ba___FREC_C.Rust 9910.JPG,rust,2,g0866,s_reliability,reliability_train,gaussian_blur,8980791636999470889,,,1.0780710885420195,,42,2,2,rust,0,-8.861187,-4.234845,6.452811,2026
538220dacea3782b5f4b,data/plantvillage/raw/color/Apple___Cedar_apple_rust/dec47754-abfe-496b-a310-47d1fbb077ba___FREC_C.Rust 9910.JPG,rust,2,g0866,s_reliability,reliability_train,gaussian_noise,4346221023584565088,,,,0.03234143375343872,42,2,2,rust,0,-7.3247857,-4.9439597,5.5074053,2026
a68972ea977d6177ca94,data/plantvillage/raw/color/Apple___Cedar_apple_rust/e908463e-59ee-4eac-b1c9-4a79850030bc___FREC_C.Rust 9980.JPG,rust,2,g0875,s_reliability,reliability_train,original,,,,,,42,2,2,rust,0,-6.846433,-3.224611,4.0510917,2026
41f16234b1e118a6e727,data/plantvillage/raw/color/Apple___Cedar_apple_rust/e908463e-59ee-4eac-b1c9-4a79850030bc___FREC_C.Rust 9980.JPG,rust,2,g0875,s_reliability,reliability_train,brightness,3526184186210788977,1.1918894311060484,,,,42,2,2,rust,0,-7.195218,-3.0918598,4.2156286,2026
f15e19966fb00abef363,data/plantvillage/raw/color/Apple___Cedar_apple_rust/e908463e-59ee-4eac-b1c9-4a79850030bc___FREC_C.Rust 9980.JPG,rust,2,g0875,s_reliability,reliability_train,contrast,2201312444660759378,,1.1259248375331392,,,42,2,2,rust,0,-7.106113,-3.143533,4.1674633,2026
eed1b8844cd73a712500,data/plantvillage/raw/color/Apple___Cedar_apple_rust/e908463e-59ee-4eac-b1c9-4a79850030bc___FREC_C.Rust 9980.JPG,rust,2,g0875,s_reliability,reliability_train,gaussian_blur,117068228257642595,,,1.3228552752452691,,42,2,2,rust,0,-7.036194,-3.1049008,4.8348713,2026
08474c4223b95850002e,data/plantvillage/raw/color/Apple___Cedar_apple_rust/e908463e-59ee-4eac-b1c9-4a79850030bc___FREC_C.Rust 9980.JPG,rust,2,g0875,s_reliability,reliability_train,gaussian_noise,8492218321219190869,,,,0.024733535057592897,42,2,2,rust,0,-6.919407,-3.1876578,4.067424,2026
f70accca824b299cc54f,data/plantvillage/raw/color/Apple___Cedar_apple_rust/ea119d19-1b3a-4767-af1d-e8b148a3bb8d___FREC_C.Rust 3579.JPG,rust,2,g0877,s_reliability,reliability_train,original,,,,,,42,2,2,rust,0,-5.1461954,-3.8583272,3.8700933,2026
7a071fa095ad99c9a7b6,data/plantvillage/raw/color/Apple___Cedar_apple_rust/ea119d19-1b3a-4767-af1d-e8b148a3bb8d___FREC_C.Rust 3579.JPG,rust,2,g0877,s_reliability,reliability_train,brightness,2235240887641846699,1.2024353744237941,,,,42,2,2,rust,0,-5.37563,-4.007043,4.145015,2026
9949327d2b8e8a0b717f,data/plantvillage/raw/color/Apple___Cedar_apple_rust/ea119d19-1b3a-4767-af1d-e8b148a3bb8d___FREC_C.Rust 3579.JPG,rust,2,g0877,s_reliability,reliability_train,contrast,5525228852948363036,,0.9777801668128185,,,42,2,2,rust,0,-5.008932,-3.8642757,3.81444,2026
79c8f5afeaa718695e7b,data/plantvillage/raw/color/Apple___Cedar_apple_rust/ea119d19-1b3a-4767-af1d-e8b148a3bb8d___FREC_C.Rust 3579.JPG,rust,2,g0877,s_reliability,reliability_train,gaussian_blur,2015734038617239061,,,0.7084315424560071,,42,2,2,rust,0,-5.9968348,-4.1152167,4.5995564,2026
ad4e55321f177bf9b2e4,data/plantvillage/raw/color/Apple___Cedar_apple_rust/ea119d19-1b3a-4767-af1d-e8b148a3bb8d___FREC_C.Rust 3579.JPG,rust,2,g0877,s_reliability,reliability_train,gaussian_noise,4954053557424571503,,,,0.03633844306437724,42,2,2,rust,0,-5.2036724,-3.8871238,3.905808,2026
fbca6840d08e36acfa82,data/plantvillage/raw/color/Apple___Cedar_apple_rust/fb11d069-d664-4666-ab51-3a7a4284e495___FREC_C.Rust 3791.JPG,rust,2,g0891,s_reliability,reliability_train,original,,,,,,42,2,2,rust,0,-10.688919,-2.6429489,5.9973793,2026
0888295ea335cf51e639,data/plantvillage/raw/color/Apple___Cedar_apple_rust/fb11d069-d664-4666-ab51-3a7a4284e495___FREC_C.Rust 3791.JPG,rust,2,g0891,s_reliability,reliability_train,brightness,6209508732971710872,0.8787643332360255,,,,42,2,2,rust,0,-9.893386,-2.630893,5.4815693,2026
ff0552094a9ff460cea0,data/plantvillage/raw/color/Apple___Cedar_apple_rust/fb11d069-d664-4666-ab51-3a7a4284e495___FREC_C.Rust 3791.JPG,rust,2,g0891,s_reliability,reliability_train,contrast,257330656671559490,,0.986695040369126,,,42,2,2,rust,0,-10.646792,-2.6617146,5.9794273,2026
9f14a7631866cf87e8b1,data/plantvillage/raw/color/Apple___Cedar_apple_rust/fb11d069-d664-4666-ab51-3a7a4284e495___FREC_C.Rust 3791.JPG,rust,2,g0891,s_reliability,reliability_train,gaussian_blur,861749423836179184,,,0.5468075855903947,,42,2,2,rust,0,-10.803211,-2.8158786,6.2232137,2026
2cdba96ec17c973dd2f1,data/plantvillage/raw/color/Apple___Cedar_apple_rust/fb11d069-d664-4666-ab51-3a7a4284e495___FREC_C.Rust 3791.JPG,rust,2,g0891,s_reliability,reliability_train,gaussian_noise,497788015022879864,,,,0.039953065618991215,42,2,2,rust,0,-11.250706,-2.3208594,6.074882,2026
f2514aac440283194a92,data/plantvillage/raw/color/Apple___Cedar_apple_rust/fb27b16c-4ac1-45e9-abd2-487a1a528fb0___FREC_C.Rust 0206.JPG,rust,2,g0892,s_reliability,reliability_train,original,,,,,,42,2,2,rust,0,-6.357155,-2.7907302,3.5189915,2026
d0db2335dfb61fc68e6a,data/plantvillage/raw/color/Apple___Cedar_apple_rust/fb27b16c-4ac1-45e9-abd2-487a1a528fb0___FREC_C.Rust 0206.JPG,rust,2,g0892,s_reliability,reliability_train,brightness,3423751316080397408,1.0662850942313584,,,,42,2,2,rust,0,-6.192907,-2.8895974,3.5178752,2026
b50f182af6638682f2db,data/plantvillage/raw/color/Apple___Cedar_apple_rust/fb27b16c-4ac1-45e9-abd2-487a1a528fb0___FREC_C.Rust 0206.JPG,rust,2,g0892,s_reliability,reliability_train,contrast,4280662381803263069,,0.9484551323625496,,,42,2,2,rust,0,-6.412319,-2.7891786,3.5308816,2026
c83e5c98daf98defe755,data/plantvillage/raw/color/Apple___Cedar_apple_rust/fb27b16c-4ac1-45e9-abd2-487a1a528fb0___FREC_C.Rust 0206.JPG,rust,2,g0892,s_reliability,reliability_train,gaussian_blur,7070732174747777669,,,1.1720872643193783,,42,2,2,rust,0,-8.001608,-2.377504,4.2819076,2026
2b3640b591db0e708f96,data/plantvillage/raw/color/Apple___Cedar_apple_rust/fb27b16c-4ac1-45e9-abd2-487a1a528fb0___FREC_C.Rust 0206.JPG,rust,2,g0892,s_reliability,reliability_train,gaussian_noise,507270042419111419,,,,0.03689697345252181,42,2,2,rust,0,-6.3627834,-2.762186,3.4691536,2026
7d05daf75ba5c8af6c00,data/plantvillage/raw/color/Apple___healthy/0055dd26-23a7-4415-ac61-e0b44ebfaf80___RS_HL 5672.JPG,healthy,0,g0902,s_reliability,reliability_train,original,,,,,,42,0,0,healthy,0,6.851697,-2.826887,-6.41085,2026
94702fbcbe75b88bf3a4,data/plantvillage/raw/color/Apple___healthy/0055dd26-23a7-4415-ac61-e0b44ebfaf80___RS_HL 5672.JPG,healthy,0,g0902,s_reliability,reliability_train,brightness,4139346865164680343,0.9763047627157291,,,,42,0,0,healthy,0,6.85532,-2.8125336,-6.4232335,2026
60b12b355090f3026cf5,data/plantvillage/raw/color/Apple___healthy/0055dd26-23a7-4415-ac61-e0b44ebfaf80___RS_HL 5672.JPG,healthy,0,g0902,s_reliability,reliability_train,contrast,6583772138139478395,,1.067718486542573,,,42,0,0,healthy,0,6.9364557,-2.8105114,-6.4578357,2026
d2789fce6f32fbb8008f,data/plantvillage/raw/color/Apple___healthy/0055dd26-23a7-4415-ac61-e0b44ebfaf80___RS_HL 5672.JPG,healthy,0,g0902,s_reliability,reliability_train,gaussian_blur,4995190514623194908,,,0.7314481130989041,,42,0,0,healthy,0,4.6013727,-2.7931702,-4.4949064,2026
c82b4a79e664db6991ce,data/plantvillage/raw/color/Apple___healthy/0055dd26-23a7-4415-ac61-e0b44ebfaf80___RS_HL 5672.JPG,healthy,0,g0902,s_reliability,reliability_train,gaussian_noise,8848216592247912740,,,,0.04536432047955693,42,0,0,healthy,0,7.0263553,-2.891212,-6.488994,2026
f65a32a4d1a0c6e47bf5,data/plantvillage/raw/color/Apple___healthy/00a6039c-e425-4f7d-81b1-d6b0e668517e___RS_HL 7669.JPG,healthy,0,g0905,s_reliability,reliability_train,original,,,,,,42,0,0,healthy,0,4.600118,-3.1309927,-3.9599004,2026
177f3540ad492f9f8869,data/plantvillage/raw/color/Apple___healthy/00a6039c-e425-4f7d-81b1-d6b0e668517e___RS_HL 7669.JPG,healthy,0,g0905,s_reliability,reliability_train,brightness,7852058500523715241,1.0592268752864844,,,,42,0,0,healthy,0,4.500471,-3.0815709,-3.9008305,2026
ad5503eceff1aaad51e1,data/plantvillage/raw/color/Apple___healthy/00a6039c-e425-4f7d-81b1-d6b0e668517e___RS_HL 7669.JPG,healthy,0,g0905,s_reliability,reliability_train,contrast,1913125161741092753,,1.027333889175043,,,42,0,0,healthy,0,4.613566,-3.1099803,-3.987289,2026
38974b93cdd9aa9a44e0,data/plantvillage/raw/color/Apple___healthy/00a6039c-e425-4f7d-81b1-d6b0e668517e___RS_HL 7669.JPG,healthy,0,g0905,s_reliability,reliability_train,gaussian_blur,2006925093068003395,,,1.2185110477368228,,42,0,0,healthy,0,2.525279,-2.5697746,-2.7160523,2026
a1c74f39ba660559efd7,data/plantvillage/raw/color/Apple___healthy/00a6039c-e425-4f7d-81b1-d6b0e668517e___RS_HL 7669.JPG,healthy,0,g0905,s_reliability,reliability_train,gaussian_noise,5462501542574840487,,,,0.03036313109543845,42,0,0,healthy,0,4.4254785,-2.788361,-4.1524057,2026
db94fc9e54a8c66566cd,data/plantvillage/raw/color/Apple___healthy/011d02f3-5c3c-4484-a384-b1a0a0dbdec1___RS_HL 7544.JPG,healthy,0,g0908,s_reliability,reliability_train,original,,,,,,42,0,0,healthy,0,7.1009383,-2.841802,-6.4500284,2026
af3acec9493a0b29c4a0,data/plantvillage/raw/color/Apple___healthy/011d02f3-5c3c-4484-a384-b1a0a0dbdec1___RS_HL 7544.JPG,healthy,0,g0908,s_reliability,reliability_train,brightness,575555392864931441,1.1430863516797491,,,,42,0,0,healthy,0,7.2240105,-2.9313505,-6.4644156,2026
4c941f18c58f356b2758,data/plantvillage/raw/color/Apple___healthy/011d02f3-5c3c-4484-a384-b1a0a0dbdec1___RS_HL 7544.JPG,healthy,0,g0908,s_reliability,reliability_train,contrast,7285267900512274951,,0.8167603030275792,,,42,0,0,healthy,0,7.061183,-3.019406,-6.2621727,2026
e9387e46d5f0b2199761,data/plantvillage/raw/color/Apple___healthy/011d02f3-5c3c-4484-a384-b1a0a0dbdec1___RS_HL 7544.JPG,healthy,0,g0908,s_reliability,reliability_train,gaussian_blur,5713311435882343068,,,0.8634567437598143,,42,0,0,healthy,0,4.781619,-3.2892504,-4.010858,2026
59216bda00158e6b3573,data/plantvillage/raw/color/Apple___healthy/011d02f3-5c3c-4484-a384-b1a0a0dbdec1___RS_HL 7544.JPG,healthy,0,g0908,s_reliability,reliability_train,gaussian_noise,4623413030590410063,,,,0.029147924004270014,42,0,0,healthy,0,6.810308,-2.5651217,-6.4765615,2026
c13a68210f060b3dddcc,data/plantvillage/raw/color/Apple___healthy/01efa999-757d-487e-8250-27c7854c0ca8___RS_HL 7515.JPG,healthy,0,g0914,s_reliability,reliability_val,original,,,,,,42,0,0,healthy,0,4.8278804,-3.3293924,-3.984578,2026
6c779758df0d3118e864,data/plantvillage/raw/color/Apple___healthy/01efa999-757d-487e-8250-27c7854c0ca8___RS_HL 7515.JPG,healthy,0,g0914,s_reliability,reliability_val,brightness,601811205655920670,0.8506806301400225,,,,42,0,0,healthy,0,4.976345,-3.2451928,-4.18134,2026
e5822c0c44c786255de4,data/plantvillage/raw/color/Apple___healthy/01efa999-757d-487e-8250-27c7854c0ca8___RS_HL 7515.JPG,healthy,0,g0914,s_reliability,reliability_val,contrast,284746080218699580,,1.07765809576286,,,42,0,0,healthy,0,4.856907,-3.2578588,-4.070576,2026
13cf2a9915ee84d62e6c,data/plantvillage/raw/color/Apple___healthy/01efa999-757d-487e-8250-27c7854c0ca8___RS_HL 7515.JPG,healthy,0,g0914,s_reliability,reliability_val,gaussian_blur,5630806577886973307,,,0.6475453563904344,,42,0,0,healthy,0,3.4870136,-3.402609,-2.504335,2026
55a429f336526fd64b3e,data/plantvillage/raw/color/Apple___healthy/01efa999-757d-487e-8250-27c7854c0ca8___RS_HL 7515.JPG,healthy,0,g0914,s_reliability,reliability_val,gaussian_noise,1983603717199459036,,,,0.01949014864919707,42,0,0,healthy,0,4.859733,-3.2380426,-4.0738735,2026
bfe80f4adb0b370fdcdb,data/plantvillage/raw/color/Apple___healthy/022b515d-41fd-448e-abac-e8722c32d864___RS_HL 8131.JPG,healthy,0,g0915,s_reliability,reliability_train,original,,,,,,42,0,0,healthy,0,5.4610405,-4.170641,-5.1241884,2026
c3c74f2911e4482f1b7c,data/plantvillage/raw/color/Apple___healthy/022b515d-41fd-448e-abac-e8722c32d864___RS_HL 8131.JPG,healthy,0,g0915,s_reliability,reliability_train,brightness,7479945192056616469,1.0310567943097604,,,,42,0,0,healthy,0,5.4215083,-4.118696,-5.1574507,2026
b11368a12d6571172135,data/plantvillage/raw/color/Apple___healthy/022b515d-41fd-448e-abac-e8722c32d864___RS_HL 8131.JPG,healthy,0,g0915,s_reliability,reliability_train,contrast,8838590380683059883,,1.1867428415938635,,,42,0,0,healthy,0,5.889167,-4.043111,-5.3097315,2026
ab567e52df11d60853ee,data/plantvillage/raw/color/Apple___healthy/022b515d-41fd-448e-abac-e8722c32d864___RS_HL 8131.JPG,healthy,0,g0915,s_reliability,reliability_train,gaussian_blur,6423717366425227661,,,0.5010979502967126,,42,0,0,healthy,0,4.364323,-4.2606125,-3.9472914,2026
fdc5f4cf04f206a13986,data/plantvillage/raw/color/Apple___healthy/022b515d-41fd-448e-abac-e8722c32d864___RS_HL 8131.JPG,healthy,0,g0915,s_reliability,reliability_train,gaussian_noise,1390631790711647557,,,,0.04170336483356274,42,0,0,healthy,0,5.567117,-3.9911532,-5.381746,2026
a91d08d364655483ee41,data/plantvillage/raw/color/Apple___healthy/03d420e7-42a1-41d8-9600-16d577043c64___RS_HL 5738.JPG,healthy,0,g0929,s_reliability,reliability_train,original,,,,,,42,0,0,healthy,0,3.4406133,-1.0151792,-3.9616644,2026
810004eff317d03b7883,data/plantvillage/raw/color/Apple___healthy/03d420e7-42a1-41d8-9600-16d577043c64___RS_HL 5738.JPG,healthy,0,g0929,s_reliability,reliability_train,brightness,6883941651987569795,0.7563994957535219,,,,42,0,0,healthy,0,3.5332422,-0.8898839,-4.2005854,2026
12a9ec83478f6ed630ec,data/plantvillage/raw/color/Apple___healthy/03d420e7-42a1-41d8-9600-16d577043c64___RS_HL 5738.JPG,healthy,0,g0929,s_reliability,reliability_train,contrast,2063987167879479830,,0.9290191900827786,,,42,0,0,healthy,0,3.5182018,-1.0793539,-3.9931479,2026
59a8e0a1feeb81e3e3fa,data/plantvillage/raw/color/Apple___healthy/03d420e7-42a1-41d8-9600-16d577043c64___RS_HL 5738.JPG,healthy,0,g0929,s_reliability,reliability_train,gaussian_blur,8664445297226123994,,,0.9975373738085934,,42,0,0,healthy,0,1.9714767,-1.566276,-2.2995021,2026
70b86062c4786eac45c0,data/plantvillage/raw/color/Apple___healthy/03d420e7-42a1-41d8-9600-16d577043c64___RS_HL 5738.JPG,healthy,0,g0929,s_reliability,reliability_train,gaussian_noise,6255277105659187288,,,,0.028471898762006134,42,0,0,healthy,0,3.4597971,-0.79125476,-4.108667,2026
ef7e323d6d04680046fe,data/plantvillage/raw/color/Apple___healthy/04032305-5ca9-4110-b517-461f13c95f18___RS_HL 7446.JPG,healthy,0,g0932,s_reliability,reliability_train,original,,,,,,42,0,0,healthy,0,4.8379903,-2.8596416,-3.8769822,2026
fdc7fae24e32bc640603,data/plantvillage/raw/color/Apple___healthy/04032305-5ca9-4110-b517-461f13c95f18___RS_HL 7446.JPG,healthy,0,g0932,s_reliability,reliability_train,brightness,7666110683212313390,0.8871011957293111,,,,42,0,0,healthy,0,4.5890183,-2.616149,-3.8914535,2026
180d2f9f28c2f62a8335,data/plantvillage/raw/color/Apple___healthy/04032305-5ca9-4110-b517-461f13c95f18___RS_HL 7446.JPG,healthy,0,g0932,s_reliability,reliability_train,contrast,1834613534800128342,,0.7774424022024107,,,42,0,0,healthy,0,3.9075627,-2.3988264,-3.6570833,2026
30a53f57606fd3d665b5,data/plantvillage/raw/color/Apple___healthy/04032305-5ca9-4110-b517-461f13c95f18___RS_HL 7446.JPG,healthy,0,g0932,s_reliability,reliability_train,gaussian_blur,2224495679724899072,,,1.3360605410396136,,42,0,0,healthy,0,0.61299706,-3.0265882,-0.12724793,2026
c78e36d79278bfe0444e,data/plantvillage/raw/color/Apple___healthy/04032305-5ca9-4110-b517-461f13c95f18___RS_HL 7446.JPG,healthy,0,g0932,s_reliability,reliability_train,gaussian_noise,4599159516839155128,,,,0.035285763592831615,42,0,0,healthy,0,4.7989254,-2.8281057,-3.8948712,2026
2b6686808bfc894d0d40,data/plantvillage/raw/color/Apple___healthy/04125537-801d-4e15-b66c-224b09b4e1a7___RS_HL 7457.JPG,healthy,0,g0933,s_reliability,reliability_val,original,,,,,,42,0,0,healthy,0,4.4624057,-3.5627916,-4.1142373,2026
334e9a59cc8c8ae69c22,data/plantvillage/raw/color/Apple___healthy/04125537-801d-4e15-b66c-224b09b4e1a7___RS_HL 7457.JPG,healthy,0,g0933,s_reliability,reliability_val,brightness,3258871348615193737,0.8239908390625025,,,,42,0,0,healthy,0,3.9509156,-3.238256,-4.0757575,2026
39e6863233b1bfc6d39b,data/plantvillage/raw/color/Apple___healthy/04125537-801d-4e15-b66c-224b09b4e1a7___RS_HL 7457.JPG,healthy,0,g0933,s_reliability,reliability_val,contrast,7356138542374867091,,0.9545927594454622,,,42,0,0,healthy,0,4.4093447,-3.531826,-4.1109114,2026
a6b56e358a806eaaffcd,data/plantvillage/raw/color/Apple___healthy/04125537-801d-4e15-b66c-224b09b4e1a7___RS_HL 7457.JPG,healthy,0,g0933,s_reliability,reliability_val,gaussian_blur,4776929837684864152,,,1.1291532233415675,,42,0,0,healthy,0,1.1252886,-3.1673136,-1.591165,2026
29ad255eba6b9f7f9f6c,data/plantvillage/raw/color/Apple___healthy/04125537-801d-4e15-b66c-224b09b4e1a7___RS_HL 7457.JPG,healthy,0,g0933,s_reliability,reliability_val,gaussian_noise,7612539723433308753,,,,0.034109454226663595,42,0,0,healthy,0,4.3669906,-3.3685243,-4.2237625,2026
9b0b61fd05cec54b8d20,data/plantvillage/raw/color/Apple___healthy/0580ddaa-0221-4adc-8b64-8ce1842f5f07___RS_HL 6242.JPG,healthy,0,g0941,s_reliability,reliability_train,original,,,,,,42,0,0,healthy,0,5.926434,-5.0675693,-3.460665,2026
d20e90ae8ca6e91f034b,data/plantvillage/raw/color/Apple___healthy/0580ddaa-0221-4adc-8b64-8ce1842f5f07___RS_HL 6242.JPG,healthy,0,g0941,s_reliability,reliability_train,brightness,3449859198837585335,1.2800315415388361,,,,42,0,0,healthy,0,6.004686,-5.1249948,-3.4594507,2026
60ead5f1e50776f7e545,data/plantvillage/raw/color/Apple___healthy/0580ddaa-0221-4adc-8b64-8ce1842f5f07___RS_HL 6242.JPG,healthy,0,g0941,s_reliability,reliability_train,contrast,7755844130057409304,,0.976349881094867,,,42,0,0,healthy,0,5.9094663,-5.05685,-3.464715,2026
c56451b0146ffd374e6a,data/plantvillage/raw/color/Apple___healthy/0580ddaa-0221-4adc-8b64-8ce1842f5f07___RS_HL 6242.JPG,healthy,0,g0941,s_reliability,reliability_train,gaussian_blur,2282693013779792201,,,1.400321032576496,,42,0,0,healthy,0,2.0017178,-3.7387583,-0.8988741,2026
b2266081f3a0c6de066b,data/plantvillage/raw/color/Apple___healthy/0580ddaa-0221-4adc-8b64-8ce1842f5f07___RS_HL 6242.JPG,healthy,0,g0941,s_reliability,reliability_train,gaussian_noise,7494292889965346901,,,,0.017827539611281633,42,0,0,healthy,0,6.2747526,-5.153151,-3.7003658,2026
b77c365b670e8de8c52c,data/plantvillage/raw/color/Apple___healthy/07778a5c-8037-425f-aa83-d10b1e1d5db4___RS_HL 7269.JPG,healthy,0,g0952,s_reliability,reliability_train,original,,,,,,42,0,0,healthy,0,0.21613808,0.1560482,-4.1599693,2026
7f18ccef2e2b83cccca8,data/plantvillage/raw/color/Apple___healthy/07778a5c-8037-425f-aa83-d10b1e1d5db4___RS_HL 7269.JPG,healthy,0,g0952,s_reliability,reliability_train,brightness,1194340646687988085,1.0951686054111325,,,,42,0,1,scab,1,-0.16048104,0.3080335,-4.0537143,2026
646e87705af38b5ba86e,data/plantvillage/raw/color/Apple___healthy/07778a5c-8037-425f-aa83-d10b1e1d5db4___RS_HL 7269.JPG,healthy,0,g0952,s_reliability,reliability_train,contrast,4919774421496717009,,0.7927199582791592,,,42,0,0,healthy,0,0.8537469,-0.096735805,-4.348238,2026
260dd9683abd3b41d190,data/plantvillage/raw/color/Apple___healthy/07778a5c-8037-425f-aa83-d10b1e1d5db4___RS_HL 7269.JPG,healthy,0,g0952,s_reliability,reliability_train,gaussian_blur,8944619961322973658,,,1.368812150044676,,42,0,1,scab,1,-3.1702213,0.28996927,-1.2669297,2026
035aa9680249c3ee00e6,data/plantvillage/raw/color/Apple___healthy/07778a5c-8037-425f-aa83-d10b1e1d5db4___RS_HL 7269.JPG,healthy,0,g0952,s_reliability,reliability_train,gaussian_noise,3452105523413241449,,,,0.045195606074271366,42,0,0,healthy,0,0.8677207,-0.06752203,-4.363506,2026
693411f759841f8e31e6,data/plantvillage/raw/color/Apple___healthy/07942abf-8326-4742-bcba-52ddba093974___RS_HL 5731.JPG,healthy,0,g0954,s_reliability,reliability_train,original,,,,,,42,0,0,healthy,0,5.62387,-2.378328,-5.475228,2026
a57a254c3fb3ccece27b,data/plantvillage/raw/color/Apple___healthy/07942abf-8326-4742-bcba-52ddba093974___RS_HL 5731.JPG,healthy,0,g0954,s_reliability,reliability_train,brightness,9102729903717149170,0.9779227401921844,,,,42,0,0,healthy,0,5.604304,-2.3401988,-5.478233,2026
e64a77651d37b745155b,data/plantvillage/raw/color/Apple___healthy/07942abf-8326-4742-bcba-52ddba093974___RS_HL 5731.JPG,healthy,0,g0954,s_reliability,reliability_train,contrast,1241721792693739349,,1.0348941400050762,,,42,0,0,healthy,0,5.8364153,-2.5009546,-5.528941,2026
285200b4a3df6a4f14e6,data/plantvillage/raw/color/Apple___healthy/07942abf-8326-4742-bcba-52ddba093974___RS_HL 5731.JPG,healthy,0,g0954,s_reliability,reliability_train,gaussian_blur,7440832551484615930,,,1.3697353370892666,,42,0,0,healthy,0,2.276961,-2.2513118,-2.4754953,2026
b25f40784a67b144223b,data/plantvillage/raw/color/Apple___healthy/07942abf-8326-4742-bcba-52ddba093974___RS_HL 5731.JPG,healthy,0,g0954,s_reliability,reliability_train,gaussian_noise,7747700612224713847,,,,0.025278394275542335,42,0,0,healthy,0,5.939129,-2.5978959,-5.5754166,2026
8ee01dc640b4f37d3a83,data/plantvillage/raw/color/Apple___healthy/09994dfa-4aab-4ada-9ef2-431d050e1e38___RS_HL 5658.JPG,healthy,0,g0963,s_reliability,reliability_train,original,,,,,,42,0,0,healthy,0,2.044609,-2.508934,-3.0337064,2026
aeee65275375cf4fb1eb,data/plantvillage/raw/color/Apple___healthy/09994dfa-4aab-4ada-9ef2-431d050e1e38___RS_HL 5658.JPG,healthy,0,g0963,s_reliability,reliability_train,brightness,6113020320476421427,1.023560186067027,,,,42,0,0,healthy,0,2.0309246,-2.5044897,-3.0364797,2026
6440791b29d0f1e6e2cf,data/plantvillage/raw/color/Apple___healthy/09994dfa-4aab-4ada-9ef2-431d050e1e38___RS_HL 5658.JPG,healthy,0,g0963,s_reliability,reliability_train,contrast,1691782843903414336,,1.1130693630927504,,,42,0,0,healthy,0,1.6493446,-2.4982133,-2.8994708,2026
9f346da730aa20c9861d,data/plantvillage/raw/color/Apple___healthy/09994dfa-4aab-4ada-9ef2-431d050e1e38___RS_HL 5658.JPG,healthy,0,g0963,s_reliability,reliability_train,gaussian_blur,6391323815067267361,,,0.6644317603381861,,42,0,0,healthy,0,-0.4497871,-2.0432804,-1.2234157,2026
39779ed01f6f3b25609e,data/plantvillage/raw/color/Apple___healthy/09994dfa-4aab-4ada-9ef2-431d050e1e38___RS_HL 5658.JPG,healthy,0,g0963,s_reliability,reliability_train,gaussian_noise,7368434670547825739,,,,0.018120559234648337,42,0,0,healthy,0,2.145747,-2.512954,-3.1028006,2026
85dcdb70e220f9672697,data/plantvillage/raw/color/Apple___healthy/0bc2127e-99b9-44ea-bb2b-4e1b0b0f7624___RS_HL 7777.JPG,healthy,0,g0975,s_reliability,reliability_train,original,,,,,,42,0,0,healthy,0,6.27787,-2.558445,-6.1616325,2026
66264bcffbc49ca338b8,data/plantvillage/raw/color/Apple___healthy/0bc2127e-99b9-44ea-bb2b-4e1b0b0f7624___RS_HL 7777.JPG,healthy,0,g0975,s_reliability,reliability_train,brightness,2901370777599706271,0.9564067892592473,,,,42,0,0,healthy,0,6.262155,-2.5536313,-6.148852,2026
03f17f71fa41004f6d74,data/plantvillage/raw/color/Apple___healthy/0bc2127e-99b9-44ea-bb2b-4e1b0b0f7624___RS_HL 7777.JPG,healthy,0,g0975,s_reliability,reliability_train,contrast,2839432213407041778,,0.9221943590308267,,,42,0,0,healthy,0,6.3914924,-2.6201553,-6.179827,2026
243d5adf9ec784796e25,data/plantvillage/raw/color/Apple___healthy/0bc2127e-99b9-44ea-bb2b-4e1b0b0f7624___RS_HL 7777.JPG,healthy,0,g0975,s_reliability,reliability_train,gaussian_blur,3028755555816570598,,,1.235458541983659,,42,0,0,healthy,0,1.9017563,-1.0340246,-3.1979756,2026
99b192b50473adaa85a0,data/plantvillage/raw/color/Apple___healthy/0bc2127e-99b9-44ea-bb2b-4e1b0b0f7624___RS_HL 7777.JPG,healthy,0,g0975,s_reliability,reliability_train,gaussian_noise,6935281982591155657,,,,0.017082542116114006,42,0,0,healthy,0,6.5660005,-2.5536716,-6.3574524,2026
e9132dd1bae0471dd2e8,data/plantvillage/raw/color/Apple___healthy/0c30f1f2-9eed-4861-bf66-eceae1b0b625___RS_HL 7430.JPG,healthy,0,g0978,s_reliability,reliability_train,original,,,,,,42,0,0,healthy,0,5.7207475,-4.0927725,-4.41226,2026
5593adca5ea4a06bb985,data/plantvillage/raw/color/Apple___healthy/0c30f1f2-9eed-4861-bf66-eceae1b0b625___RS_HL 7430.JPG,healthy,0,g0978,s_reliability,reliability_train,brightness,8383070066021798905,1.2864596041217244,,,,42,0,0,healthy,0,5.178659,-4.0145206,-3.9806585,2026
9f50eb8f36b05bfebb03,data/plantvillage/raw/color/Apple___healthy/0c30f1f2-9eed-4861-bf66-eceae1b0b625___RS_HL 7430.JPG,healthy,0,g0978,s_reliability,reliability_train,contrast,8564754348361732623,,1.0368871080058841,,,42,0,0,healthy,0,5.7762084,-4.1076713,-4.43658,2026
b844a617f5df68378bf1,data/plantvillage/raw/color/Apple___healthy/0c30f1f2-9eed-4861-bf66-eceae1b0b625___RS_HL 7430.JPG,healthy,0,g0978,s_reliability,reliability_train,gaussian_blur,145004992506160047,,,0.5717682766852547,,42,0,0,healthy,0,4.548275,-4.4126573,-3.20143,2026
c306d935be3eca6016a5,data/plantvillage/raw/color/Apple___healthy/0c30f1f2-9eed-4861-bf66-eceae1b0b625___RS_HL 7430.JPG,healthy,0,g0978,s_reliability,reliability_train,gaussian_noise,5205922633587006532,,,,0.011743978621714888,42,0,0,healthy,0,5.7150364,-4.0367646,-4.4484134,2026
2089e9b9e9b9ef1bb772,data/plantvillage/raw/color/Apple___healthy/0c83f4eb-4949-47c8-bf63-312d16e64913___RS_HL 7619.JPG,healthy,0,g0980,s_reliability,reliability_train,original,,,,,,42,0,0,healthy,0,3.2373652,-1.5117134,-4.3970165,2026
1a7d8d09b26071844a1a,data/plantvillage/raw/color/Apple___healthy/0c83f4eb-4949-47c8-bf63-312d16e64913___RS_HL 7619.JPG,healthy,0,g0980,s_reliability,reliability_train,brightness,6385323929611414960,0.7500574326181345,,,,42,0,0,healthy,0,3.5012822,-1.5216444,-4.60771,2026
8d2f4f39c9db4012746d,data/plantvillage/raw/color/Apple___healthy/0c83f4eb-4949-47c8-bf63-312d16e64913___RS_HL 7619.JPG,healthy,0,g0980,s_reliability,reliability_train,contrast,2316661434613999494,,1.2435543090685217,,,42,0,0,healthy,0,3.0233083,-1.0570452,-4.623355,2026
8b1056e5bcdf27e658dc,data/plantvillage/raw/color/Apple___healthy/0c83f4eb-4949-47c8-bf63-312d16e64913___RS_HL 7619.JPG,healthy,0,g0980,s_reliability,reliability_train,gaussian_blur,4678431679871518897,,,0.7721286703851169,,42,0,0,healthy,0,1.3163056,-1.8137137,-2.50381,2026
c75214ffc8fca78969fb,data/plantvillage/raw/color/Apple___healthy/0c83f4eb-4949-47c8-bf63-312d16e64913___RS_HL 7619.JPG,healthy,0,g0980,s_reliability,reliability_train,gaussian_noise,460062563761938281,,,,0.010284741669547608,42,0,0,healthy,0,3.2688458,-1.4917997,-4.43668,2026
96739ebe34c35aced410,data/plantvillage/raw/color/Apple___healthy/0da48999-25da-4373-8277-3718a8203d0a___RS_HL 8012.JPG,healthy,0,g0989,s_reliability,reliability_train,original,,,,,,42,0,0,healthy,0,4.133739,-1.7954988,-4.383418,2026
667b47ac1096c07b3f73,data/plantvillage/raw/color/Apple___healthy/0da48999-25da-4373-8277-3718a8203d0a___RS_HL 8012.JPG,healthy,0,g0989,s_reliability,reliability_train,brightness,6525105122060737064,0.7204248206258157,,,,42,0,0,healthy,0,4.101684,-1.5718116,-4.6076813,2026
3ab107625a6026608db7,data/plantvillage/raw/color/Apple___healthy/0da48999-25da-4373-8277-3718a8203d0a___RS_HL 8012.JPG,healthy,0,g0989,s_reliability,reliability_train,contrast,5780856424876593158,,0.9665007139109236,,,42,0,0,healthy,0,4.147548,-1.7784058,-4.4139013,2026
9599fa8efdb9f6284d56,data/plantvillage/raw/color/Apple___healthy/0da48999-25da-4373-8277-3718a8203d0a___RS_HL 8012.JPG,healthy,0,g0989,s_reliability,reliability_train,gaussian_blur,7242833113398972951,,,1.368879535597296,,42,0,0,healthy,0,1.1891167,-1.1260091,-2.2030807,2026
ef227a7ec3dfc6587745,data/plantvillage/raw/color/Apple___healthy/0da48999-25da-4373-8277-3718a8203d0a___RS_HL 8012.JPG,healthy,0,g0989,s_reliability,reliability_train,gaussian_noise,135914464852805593,,,,0.04227778367392513,42,0,0,healthy,0,4.1962104,-1.5396618,-4.527848,2026
10e781a742e2a86d499a,data/plantvillage/raw/color/Apple___healthy/0da8c59a-e54c-4408-ae3c-06d54608b20a___RS_HL 6236.JPG,healthy,0,g0990,s_reliability,reliability_train,original,,,,,,42,0,0,healthy,0,4.1836247,-4.52705,-2.6195936,2026
682ec67c2d3acc91c0ec,data/plantvillage/raw/color/Apple___healthy/0da8c59a-e54c-4408-ae3c-06d54608b20a___RS_HL 6236.JPG,healthy,0,g0990,s_reliability,reliability_train,brightness,3463723451146797913,0.9688515454274274,,,,42,0,0,healthy,0,4.125717,-4.53178,-2.579642,2026
b947381bc19265fba5e4,data/plantvillage/raw/color/Apple___healthy/0da8c59a-e54c-4408-ae3c-06d54608b20a___RS_HL 6236.JPG,healthy,0,g0990,s_reliability,reliability_train,contrast,2554177620913746991,,1.2290950028849772,,,42,0,0,healthy,0,4.6354775,-4.7026052,-2.757282,2026
3d5aef276b7b9dfd959b,data/plantvillage/raw/color/Apple___healthy/0da8c59a-e54c-4408-ae3c-06d54608b20a___RS_HL 6236.JPG,healthy,0,g0990,s_reliability,reliability_train,gaussian_blur,8198671289859897182,,,1.4572422662082245,,42,0,0,healthy,0,1.5630172,-4.1782503,-0.37264758,2026
fb55ebfa6ce5384c0ff8,data/plantvillage/raw/color/Apple___healthy/0da8c59a-e54c-4408-ae3c-06d54608b20a___RS_HL 6236.JPG,healthy,0,g0990,s_reliability,reliability_train,gaussian_noise,2342736260575298659,,,,0.030369966499131484,42,0,0,healthy,0,4.14735,-4.303697,-2.720085,2026
76d0b8170915b6e111e3,data/plantvillage/raw/color/Apple___healthy/0e3c0777-c214-4749-b8ae-4985274d2f9e___RS_HL 7984.JPG,healthy,0,g0992,s_reliability,reliability_train,original,,,,,,42,0,0,healthy,0,3.469982,-4.277274,-3.0587974,2026
c35ff7df6e5001c42db0,data/plantvillage/raw/color/Apple___healthy/0e3c0777-c214-4749-b8ae-4985274d2f9e___RS_HL 7984.JPG,healthy,0,g0992,s_reliability,reliability_train,brightness,5416953972895137372,0.9100510315049726,,,,42,0,0,healthy,0,3.6144218,-4.319679,-3.1610396,2026
121886a3544e265e019c,data/plantvillage/raw/color/Apple___healthy/0e3c0777-c214-4749-b8ae-4985274d2f9e___RS_HL 7984.JPG,healthy,0,g0992,s_reliability,reliability_train,contrast,6272676531601026167,,1.0787058929979338,,,42,0,0,healthy,0,3.4542227,-4.285237,-3.0071938,2026
ec6a553db93697c2a797,data/plantvillage/raw/color/Apple___healthy/0e3c0777-c214-4749-b8ae-4985274d2f9e___RS_HL 7984.JPG,healthy,0,g0992,s_reliability,reliability_train,gaussian_blur,8353612448748471167,,,0.5039484004354288,,42,0,0,healthy,0,2.7768824,-4.1700864,-2.474408,2026
054ee525aaca2ac1c0dd,data/plantvillage/raw/color/Apple___healthy/0e3c0777-c214-4749-b8ae-4985274d2f9e___RS_HL 7984.JPG,healthy,0,g0992,s_reliability,reliability_train,gaussian_noise,4297011698582326178,,,,0.04289619450586276,42,0,0,healthy,0,3.7353647,-4.2716312,-3.2587,2026
e83c39e2fd5f50a18999,data/plantvillage/raw/color/Apple___healthy/0ebf06b5-7471-42d7-b8d6-5a53127f90f3___RS_HL 8163.JPG,healthy,0,g0998,s_reliability,reliability_train,original,,,,,,42,0,0,healthy,0,5.6531396,-4.3243184,-4.116098,2026
8227899f57596012dd92,data/plantvillage/raw/color/Apple___healthy/0ebf06b5-7471-42d7-b8d6-5a53127f90f3___RS_HL 8163.JPG,healthy,0,g0998,s_reliability,reliability_train,brightness,5077043498394077755,1.1306360601382774,,,,42,0,0,healthy,0,5.551033,-4.3845997,-3.9981396,2026
cb282ac86c409406f815,data/plantvillage/raw/color/Apple___healthy/0ebf06b5-7471-42d7-b8d6-5a53127f90f3___RS_HL 8163.JPG,healthy,0,g0998,s_reliability,reliability_train,contrast,5314037544080975614,,1.2255896927375893,,,42,0,0,healthy,0,5.3472157,-4.1117644,-3.9952118,2026
12f50be2aa45422a5a7e,data/plantvillage/raw/color/Apple___healthy/0ebf06b5-7471-42d7-b8d6-5a53127f90f3___RS_HL 8163.JPG,healthy,0,g0998,s_reliability,reliability_train,gaussian_blur,6072977512561091917,,,0.8273754187313723,,42,0,0,healthy,0,3.1137094,-4.3435154,-1.9479045,2026
9dd478be1e37e7e18c16,data/plantvillage/raw/color/Apple___healthy/0ebf06b5-7471-42d7-b8d6-5a53127f90f3___RS_HL 8163.JPG,healthy,0,g0998,s_reliability,reliability_train,gaussian_noise,2499001778828851668,,,,0.0259316186575171,42,0,0,healthy,0,5.60424,-4.2655597,-4.0923395,2026
be567a9c2f22973fd873,data/plantvillage/raw/color/Apple___healthy/10f75d05-fa3e-4b14-b3d8-093292c218e6___RS_HL 7873.JPG,healthy,0,g1012,s_reliability,reliability_train,original,,,,,,42,0,0,healthy,0,3.3140428,-3.540064,-3.1169255,2026
36ea5ee718ea37369b61,data/plantvillage/raw/color/Apple___healthy/10f75d05-fa3e-4b14-b3d8-093292c218e6___RS_HL 7873.JPG,healthy,0,g1012,s_reliability,reliability_train,brightness,4447246356812993940,1.0716852721398338,,,,42,0,0,healthy,0,3.3089817,-3.552333,-3.0844176,2026
669809267f5eb244dc40,data/plantvillage/raw/color/Apple___healthy/10f75d05-fa3e-4b14-b3d8-093292c218e6___RS_HL 7873.JPG,healthy,0,g1012,s_reliability,reliability_train,contrast,7697356365623431003,,0.7303545967271267,,,42,0,0,healthy,0,3.188159,-3.504133,-3.0982041,2026
c2cdb1b74617d4a456af,data/plantvillage/raw/color/Apple___healthy/10f75d05-fa3e-4b14-b3d8-093292c218e6___RS_HL 7873.JPG,healthy,0,g1012,s_reliability,reliability_train,gaussian_blur,872841328728622432,,,1.4596118673875131,,42,0,0,healthy,0,0.1312384,-3.5206358,-0.098061934,2026
bc67f5120716122d110d,data/plantvillage/raw/color/Apple___healthy/10f75d05-fa3e-4b14-b3d8-093292c218e6___RS_HL 7873.JPG,healthy,0,g1012,s_reliability,reliability_train,gaussian_noise,4839982961941657383,,,,0.04691331931389009,42,0,0,healthy,0,3.7137663,-3.3848746,-3.5420358,2026
9d1510bc340e6806a5c0,data/plantvillage/raw/color/Apple___healthy/122d2ed7-efb5-4a82-a6f0-74e9524e83ff___RS_HL 5702.JPG,healthy,0,g1024,s_reliability,reliability_train,original,,,,,,42,0,0,healthy,0,5.8096766,-3.7351344,-4.6354284,2026
8a6d6a250f6199569dd0,data/plantvillage/raw/color/Apple___healthy/122d2ed7-efb5-4a82-a6f0-74e9524e83ff___RS_HL 5702.JPG,healthy,0,g1024,s_reliability,reliability_train,brightness,2938827979348571892,1.043194162018532,,,,42,0,0,healthy,0,6.0210557,-3.867722,-4.660444,2026
66657392bed323d43406,data/plantvillage/raw/color/Apple___healthy/122d2ed7-efb5-4a82-a6f0-74e9524e83ff___RS_HL 5702.JPG,healthy,0,g1024,s_reliability,reliability_train,contrast,238509718509373447,,1.2620037990049804,,,42,0,0,healthy,0,5.339772,-3.660659,-4.3608794,2026
301c188fb8f9a54cb530,data/plantvillage/raw/color/Apple___healthy/122d2ed7-efb5-4a82-a6f0-74e9524e83ff___RS_HL 5702.JPG,healthy,0,g1024,s_reliability,reliability_train,gaussian_blur,5687775257650993631,,,0.7403579322503967,,42,0,0,healthy,0,4.454568,-4.271706,-2.675754,2026
cb6da6f7ff0b58af9cd2,data/plantvillage/raw/color/Apple___healthy/122d2ed7-efb5-4a82-a6f0-74e9524e83ff___RS_HL 5702.JPG,healthy,0,g1024,s_reliability,reliability_train,gaussian_noise,9216522196797325313,,,,0.04892181296794958,42,0,0,healthy,0,6.2003465,-3.8172796,-4.905809,2026
47e5cebbc1bac1fdefb6,data/plantvillage/raw/color/Apple___healthy/1230a95a-5f08-4fd6-b6e9-44c0c7b1fe8c___RS_HL 8092.JPG,healthy,0,g1025,s_reliability,reliability_train,original,,,,,,42,0,0,healthy,0,3.543337,-0.95517194,-3.4987917,2026
e614ef5c8ae4be271078,data/plantvillage/raw/color/Apple___healthy/1230a95a-5f08-4fd6-b6e9-44c0c7b1fe8c___RS_HL 8092.JPG,healthy,0,g1025,s_reliability,reliability_train,brightness,7969770929928713769,1.153707329217389,,,,42,0,0,healthy,0,3.0773232,-0.41916186,-3.4278052,2026
e480e6af78b11cf91462,data/plantvillage/raw/color/Apple___healthy/1230a95a-5f08-4fd6-b6e9-44c0c7b1fe8c___RS_HL 8092.JPG,healthy,0,g1025,s_reliability,reliability_train,contrast,5029934732931458191,,1.0009603379502359,,,42,0,0,healthy,0,3.5610602,-0.97043437,-3.5090077,2026
1054e903db333d71e2f0,data/plantvillage/raw/color/Apple___healthy/1230a95a-5f08-4fd6-b6e9-44c0c7b1fe8c___RS_HL 8092.JPG,healthy,0,g1025,s_reliability,reliability_train,gaussian_blur,5771635819209898773,,,0.9340649123924728,,42,0,0,healthy,0,2.322037,-0.74208254,-2.5521967,2026
82378deebf6894530b08,data/plantvillage/raw/color/Apple___healthy/1230a95a-5f08-4fd6-b6e9-44c0c7b1fe8c___RS_HL 8092.JPG,healthy,0,g1025,s_reliability,reliability_train,gaussian_noise,4292452900353326736,,,,0.03394732618165814,42,0,0,healthy,0,2.8935618,-0.11040814,-3.6548696,2026
f812962aabb32723096d,data/plantvillage/raw/color/Apple___healthy/1331fd38-acdf-488f-a5db-8dfcecfa5690___RS_HL 7381.JPG,healthy,0,g1031,s_reliability,reliability_train,original,,,,,,42,0,0,healthy,0,4.824465,-2.596248,-5.214528,2026
16b15bd0d19678bb37d6,data/plantvillage/raw/color/Apple___healthy/1331fd38-acdf-488f-a5db-8dfcecfa5690___RS_HL 7381.JPG,healthy,0,g1031,s_reliability,reliability_train,brightness,5802731267368083257,1.1559346265050217,,,,42,0,0,healthy,0,4.715784,-2.748061,-5.074011,2026
65b4999529c6ba20a4bf,data/plantvillage/raw/color/Apple___healthy/1331fd38-acdf-488f-a5db-8dfcecfa5690___RS_HL 7381.JPG,healthy,0,g1031,s_reliability,reliability_train,contrast,7732907331130101933,,0.7444979028196742,,,42,0,0,healthy,0,3.6542435,-1.8394858,-5.015812,2026
a0649f9998a1fcebadfa,data/plantvillage/raw/color/Apple___healthy/1331fd38-acdf-488f-a5db-8dfcecfa5690___RS_HL 7381.JPG,healthy,0,g1031,s_reliability,reliability_train,gaussian_blur,6175199157573693001,,,0.9723052600989738,,42,0,0,healthy,0,1.7360457,-3.163555,-2.4416652,2026
286fe4b1920cabbeb92f,data/plantvillage/raw/color/Apple___healthy/1331fd38-acdf-488f-a5db-8dfcecfa5690___RS_HL 7381.JPG,healthy,0,g1031,s_reliability,reliability_train,gaussian_noise,3338775063657819850,,,,0.012165094554888425,42,0,0,healthy,0,4.914028,-2.5689878,-5.284737,2026
62e63bdebf731e7e331a,data/plantvillage/raw/color/Apple___healthy/1356ba06-a72d-480b-b9e5-7bc349d9e605___RS_HL 6208.JPG,healthy,0,g1033,s_reliability,reliability_train,original,,,,,,42,0,0,healthy,0,4.3806124,-4.4970117,-2.274061,2026
eb58f82dcefd41308c03,data/plantvillage/raw/color/Apple___healthy/1356ba06-a72d-480b-b9e5-7bc349d9e605___RS_HL 6208.JPG,healthy,0,g1033,s_reliability,reliability_train,brightness,6986502084615239859,0.8115458874588882,,,,42,0,0,healthy,0,4.610965,-4.7269645,-2.4450855,2026
772dd6104c5262610a44,data/plantvillage/raw/color/Apple___healthy/1356ba06-a72d-480b-b9e5-7bc349d9e605___RS_HL 6208.JPG,healthy,0,g1033,s_reliability,reliability_train,contrast,6481133085813165989,,1.2888533359696266,,,42,0,0,healthy,0,4.5217957,-4.522715,-2.2809427,2026
391348a390558ca4d74c,data/plantvillage/raw/color/Apple___healthy/1356ba06-a72d-480b-b9e5-7bc349d9e605___RS_HL 6208.JPG,healthy,0,g1033,s_reliability,reliability_train,gaussian_blur,8793894531593253634,,,0.7820252156286511,,42,0,0,healthy,0,4.014007,-4.219346,-1.9364479,2026
e047b3d57749464fbbc4,data/plantvillage/raw/color/Apple___healthy/1356ba06-a72d-480b-b9e5-7bc349d9e605___RS_HL 6208.JPG,healthy,0,g1033,s_reliability,reliability_train,gaussian_noise,8385275551437895769,,,,0.02413290534140625,42,0,0,healthy,0,4.2575064,-3.83236,-2.6330657,2026
018d5eb656f9e17cad74,data/plantvillage/raw/color/Apple___healthy/1495b096-6249-4f8c-b9e5-37e09fc21d1a___RS_HL 7716.JPG,healthy,0,g1051,s_reliability,reliability_val,original,,,,,,42,0,0,healthy,0,3.9175742,-1.6916845,-4.2845435,2026
27baa6e6efea3baab51a,data/plantvillage/raw/color/Apple___healthy/1495b096-6249-4f8c-b9e5-37e09fc21d1a___RS_HL 7716.JPG,healthy,0,g1051,s_reliability,reliability_val,brightness,396510406574863872,1.0904443549761929,,,,42,0,0,healthy,0,3.6081233,-1.4549747,-4.243557,2026
a9f53d21491b81aed698,data/plantvillage/raw/color/Apple___healthy/1495b096-6249-4f8c-b9e5-37e09fc21d1a___RS_HL 7716.JPG,healthy,0,g1051,s_reliability,reliability_val,contrast,8029274360114542402,,0.9449139296157019,,,42,0,0,healthy,0,3.9846168,-1.7438492,-4.2661753,2026
2ec619c76576d71abdc0,data/plantvillage/raw/color/Apple___healthy/1495b096-6249-4f8c-b9e5-37e09fc21d1a___RS_HL 7716.JPG,healthy,0,g1051,s_reliability,reliability_val,gaussian_blur,7653521717149890517,,,0.7217909267835522,,42,0,0,healthy,0,2.628841,-1.628985,-3.2318757,2026
87bcf16125e4fb384e74,data/plantvillage/raw/color/Apple___healthy/1495b096-6249-4f8c-b9e5-37e09fc21d1a___RS_HL 7716.JPG,healthy,0,g1051,s_reliability,reliability_val,gaussian_noise,9194818205269157942,,,,0.024338904835351567,42,0,0,healthy,0,3.9123688,-1.4953983,-4.4344826,2026
bb0d2e0badde8b89019f,data/plantvillage/raw/color/Apple___healthy/14c691eb-78de-417f-8832-93427151a6e1___RS_HL 8090.JPG,healthy,0,g1056,s_reliability,reliability_train,original,,,,,,42,0,0,healthy,0,6.235009,-2.36564,-5.9928913,2026
0109d3e5a4736bf3677a,data/plantvillage/raw/color/Apple___healthy/14c691eb-78de-417f-8832-93427151a6e1___RS_HL 8090.JPG,healthy,0,g1056,s_reliability,reliability_train,brightness,9166084220381054943,0.7413090203792538,,,,42,0,0,healthy,0,6.56562,-2.581857,-5.9554586,2026
0e4d31142c2b6c948937,data/plantvillage/raw/color/Apple___healthy/14c691eb-78de-417f-8832-93427151a6e1___RS_HL 8090.JPG,healthy,0,g1056,s_reliability,reliability_train,contrast,3033833379530759856,,1.2166633859813478,,,42,0,0,healthy,0,6.05077,-2.060717,-6.040338,2026
ccd4c0766ad3d415b3a3,data/plantvillage/raw/color/Apple___healthy/14c691eb-78de-417f-8832-93427151a6e1___RS_HL 8090.JPG,healthy,0,g1056,s_reliability,reliability_train,gaussian_blur,2101826231254733034,,,1.3918600044277938,,42,0,0,healthy,0,1.329408,-2.046762,-1.9709063,2026
52b83c46a9963907e7e0,data/plantvillage/raw/color/Apple___healthy/14c691eb-78de-417f-8832-93427151a6e1___RS_HL 8090.JPG,healthy,0,g1056,s_reliability,reliability_train,gaussian_noise,9132172287452114096,,,,0.04289604568187124,42,0,0,healthy,0,6.365926,-2.065803,-6.2011094,2026
09eb3180d443be4959a2,data/plantvillage/raw/color/Apple___healthy/15b10e4e-2d9b-463e-85c0-d66ba29c5b49___RS_HL 7506.JPG,healthy,0,g1063,s_reliability,reliability_train,original,,,,,,42,0,0,healthy,0,6.322132,-4.3065205,-4.600867,2026
7324306d89c5b2d66d63,data/plantvillage/raw/color/Apple___healthy/15b10e4e-2d9b-463e-85c0-d66ba29c5b49___RS_HL 7506.JPG,healthy,0,g1063,s_reliability,reliability_train,brightness,2974158510047394103,0.9595241085418778,,,,42,0,0,healthy,0,6.5309606,-4.40332,-4.642546,2026
a2abb2dcb77dd46bac25,data/plantvillage/raw/color/Apple___healthy/15b10e4e-2d9b-463e-85c0-d66ba29c5b49___RS_HL 7506.JPG,healthy,0,g1063,s_reliability,reliability_train,contrast,7263054087269268006,,1.0834826011134757,,,42,0,0,healthy,0,6.2185516,-4.1025014,-4.702541,2026
77c4873f6a48fa426248,data/plantvillage/raw/color/Apple___healthy/15b10e4e-2d9b-463e-85c0-d66ba29c5b49___RS_HL 7506.JPG,healthy,0,g1063,s_reliability,reliability_train,gaussian_blur,1119026184543957616,,,1.3240433031468317,,42,0,0,healthy,0,4.0172005,-4.8731713,-2.1053412,2026
8e2e83b686162e071d06,data/plantvillage/raw/color/Apple___healthy/15b10e4e-2d9b-463e-85c0-d66ba29c5b49___RS_HL 7506.JPG,healthy,0,g1063,s_reliability,reliability_train,gaussian_noise,8754041797465708706,,,,0.02799796610460241,42,0,0,healthy,0,6.147009,-4.064166,-4.6967664,2026
3cd052e3ad85c62dd9bc,data/plantvillage/raw/color/Apple___healthy/1652d645-fb1b-4529-acbe-17093566cd2a___RS_HL 8074.JPG,healthy,0,g1067,s_reliability,reliability_train,original,,,,,,42,0,0,healthy,0,7.09327,-3.8354833,-4.9111238,2026
40766999c1979e94de86,data/plantvillage/raw/color/Apple___healthy/1652d645-fb1b-4529-acbe-17093566cd2a___RS_HL 8074.JPG,healthy,0,g1067,s_reliability,reliability_train,brightness,9153067409815295511,1.1556105243876882,,,,42,0,0,healthy,0,7.2453403,-3.856135,-4.985827,2026
b69129421ba776ec404c,data/plantvillage/raw/color/Apple___healthy/1652d645-fb1b-4529-acbe-17093566cd2a___RS_HL 8074.JPG,healthy,0,g1067,s_reliability,reliability_train,contrast,3497282943307542029,,1.257474758116894,,,42,0,0,healthy,0,7.7601867,-4.032474,-5.265435,2026
e2bba33c6eacf92d4672,data/plantvillage/raw/color/Apple___healthy/1652d645-fb1b-4529-acbe-17093566cd2a___RS_HL 8074.JPG,healthy,0,g1067,s_reliability,reliability_train,gaussian_blur,1433323759921915091,,,0.6509888921491682,,42,0,0,healthy,0,5.883783,-3.742619,-3.843311,2026
1aa0efffc0115317247e,data/plantvillage/raw/color/Apple___healthy/1652d645-fb1b-4529-acbe-17093566cd2a___RS_HL 8074.JPG,healthy,0,g1067,s_reliability,reliability_train,gaussian_noise,3427476922210258537,,,,0.04849010802412237,42,0,0,healthy,0,6.762966,-3.409997,-5.0060163,2026
e106e03f52792593d380,data/plantvillage/raw/color/Apple___healthy/179ad6a1-385b-42a2-8232-538664869673___RS_HL 5771.JPG,healthy,0,g1077,s_reliability,reliability_train,original,,,,,,42,0,0,healthy,0,3.1758955,-1.1047962,-4.657741,2026
c51b99e56356e54395c0,data/plantvillage/raw/color/Apple___healthy/179ad6a1-385b-42a2-8232-538664869673___RS_HL 5771.JPG,healthy,0,g1077,s_reliability,reliability_train,brightness,3534641606915364662,0.9029736938702044,,,,42,0,0,healthy,0,3.049585,-1.145836,-4.5697236,2026
c214f2067bd4b8fce7ed,data/plantvillage/raw/color/Apple___healthy/179ad6a1-385b-42a2-8232-538664869673___RS_HL 5771.JPG,healthy,0,g1077,s_reliability,reliability_train,contrast,5131365503402358426,,0.9824263041091272,,,42,0,0,healthy,0,3.1200793,-1.0610026,-4.662051,2026
d58300a5619a5475dfc5,data/plantvillage/raw/color/Apple___healthy/179ad6a1-385b-42a2-8232-538664869673___RS_HL 5771.JPG,healthy,0,g1077,s_reliability,reliability_train,gaussian_blur,2878890300387471427,,,1.3512638202898053,,42,0,0,healthy,0,1.4429849,-2.4532683,-1.635486,2026
e935a45fdbd9ccbaa348,data/plantvillage/raw/color/Apple___healthy/179ad6a1-385b-42a2-8232-538664869673___RS_HL 5771.JPG,healthy,0,g1077,s_reliability,reliability_train,gaussian_noise,673138685774792993,,,,0.012874457838294728,42,0,0,healthy,0,3.2874725,-1.1560992,-4.691517,2026
a2a6d8eb4c7f77121659,data/plantvillage/raw/color/Apple___healthy/18121688-72a8-414a-8e36-43060cdebb22___RS_HL 5747.JPG,healthy,0,g1080,s_reliability,reliability_train,original,,,,,,42,0,0,healthy,0,3.5640428,-0.5795369,-4.7043276,2026
865bff506ba2d96a27bf,data/plantvillage/raw/color/Apple___healthy/18121688-72a8-414a-8e36-43060cdebb22___RS_HL 5747.JPG,healthy,0,g1080,s_reliability,reliability_train,brightness,8463666508196201446,1.1150387569074476,,,,42,0,0,healthy,0,3.6512973,-0.55221665,-4.7466955,2026
1e2182d97687181bdef4,data/plantvillage/raw/color/Apple___healthy/18121688-72a8-414a-8e36-43060cdebb22___RS_HL 5747.JPG,healthy,0,g1080,s_reliability,reliability_train,contrast,3962048760547650750,,1.0784239179188073,,,42,0,0,healthy,0,3.6384027,-0.5643266,-4.785949,2026
b4cf5bbb47e8b8f550b8,data/plantvillage/raw/color/Apple___healthy/18121688-72a8-414a-8e36-43060cdebb22___RS_HL 5747.JPG,healthy,0,g1080,s_reliability,reliability_train,gaussian_blur,5144661240655074962,,,1.4035107091060302,,42,0,1,scab,1,-0.5007207,-0.42782527,-1.7824702,2026
d6b39e617461e80d25bb,data/plantvillage/raw/color/Apple___healthy/18121688-72a8-414a-8e36-43060cdebb22___RS_HL 5747.JPG,healthy,0,g1080,s_reliability,reliability_train,gaussian_noise,1500826867988002890,,,,0.03083867113937458,42,0,0,healthy,0,3.625333,-0.5247462,-4.757441,2026
ae0554edb36e808cdba9,data/plantvillage/raw/color/Apple___healthy/1a593b62-fe23-462c-bf68-50f53f357609___RS_HL 6322.JPG,healthy,0,g1094,s_reliability,reliability_train,original,,,,,,42,0,0,healthy,0,4.6562147,-3.4655364,-4.065654,2026
c699898113ca74d31791,data/plantvillage/raw/color/Apple___healthy/1a593b62-fe23-462c-bf68-50f53f357609___RS_HL 6322.JPG,healthy,0,g1094,s_reliability,reliability_train,brightness,1999645260109827687,1.2335801787479665,,,,42,0,0,healthy,0,4.7368603,-3.266451,-4.414195,2026
f22ae12217a9b45f220c,data/plantvillage/raw/color/Apple___healthy/1a593b62-fe23-462c-bf68-50f53f357609___RS_HL 6322.JPG,healthy,0,g1094,s_reliability,reliability_train,contrast,3510455206850691700,,0.8141257599227557,,,42,0,0,healthy,0,5.0587096,-3.5786896,-4.2808933,2026
dfa75e3e5a38f7ef6fe3,data/plantvillage/raw/color/Apple___healthy/1a593b62-fe23-462c-bf68-50f53f357609___RS_HL 6322.JPG,healthy,0,g1094,s_reliability,reliability_train,gaussian_blur,3344415478676814952,,,0.5113511976570917,,42,0,0,healthy,0,4.0359316,-3.4550257,-3.4841685,2026
3d45066575953477b26d,data/plantvillage/raw/color/Apple___healthy/1a593b62-fe23-462c-bf68-50f53f357609___RS_HL 6322.JPG,healthy,0,g1094,s_reliability,reliability_train,gaussian_noise,3706690162733778449,,,,0.044035474284053557,42,0,0,healthy,0,5.3642406,-3.393252,-4.566195,2026
2161e44ff00bd17602cc,data/plantvillage/raw/color/Apple___healthy/1b22388a-cf05-4795-892f-a5b6f35304d5___RS_HL 8141.JPG,healthy,0,g1100,s_reliability,reliability_train,original,,,,,,42,0,0,healthy,0,4.1206985,-2.526525,-4.6438146,2026
0785143174db77f4c196,data/plantvillage/raw/color/Apple___healthy/1b22388a-cf05-4795-892f-a5b6f35304d5___RS_HL 8141.JPG,healthy,0,g1100,s_reliability,reliability_train,brightness,568136254542047844,1.155872236855798,,,,42,0,0,healthy,0,4.449736,-2.7544315,-4.6917143,2026
dfbedf1bf0c3d4642594,data/plantvillage/raw/color/Apple___healthy/1b22388a-cf05-4795-892f-a5b6f35304d5___RS_HL 8141.JPG,healthy,0,g1100,s_reliability,reliability_train,contrast,6905694599089691616,,0.890054299760684,,,42,0,0,healthy,0,4.0480804,-2.5455043,-4.621998,2026
32cdc687fc7c145868f1,data/plantvillage/raw/color/Apple___healthy/1b22388a-cf05-4795-892f-a5b6f35304d5___RS_HL 8141.JPG,healthy,0,g1100,s_reliability,reliability_train,gaussian_blur,5806219764760882667,,,0.9792612847564385,,42,0,0,healthy,0,1.8998348,-2.4688177,-2.6187701,2026
5d81bb837e9278f9c1e8,data/plantvillage/raw/color/Apple___healthy/1b22388a-cf05-4795-892f-a5b6f35304d5___RS_HL 8141.JPG,healthy,0,g1100,s_reliability,reliability_train,gaussian_noise,7418734637831421320,,,,0.01797974503199401,42,0,0,healthy,0,4.128066,-2.513738,-4.6630106,2026
8669e8e8576edccca5b4,data/plantvillage/raw/color/Apple___healthy/1c116208-4ef8-4b42-ba20-92c3b9ca957c___RS_HL 5885.JPG,healthy,0,g1104,s_reliability,reliability_train,original,,,,,,42,0,1,scab,1,0.044344403,0.9819581,-4.5143623,2026
bbd6f1146e1fc77be060,data/plantvillage/raw/color/Apple___healthy/1c116208-4ef8-4b42-ba20-92c3b9ca957c___RS_HL 5885.JPG,healthy,0,g1104,s_reliability,reliability_train,brightness,6495807245440273286,0.8593783051780137,,,,42,0,1,scab,1,-0.031130176,0.97903377,-4.4855504,2026
a5c209877b8ca9fe9c06,data/plantvillage/raw/color/Apple___healthy/1c116208-4ef8-4b42-ba20-92c3b9ca957c___RS_HL 5885.JPG,healthy,0,g1104,s_reliability,reliability_train,contrast,4654271140799438621,,0.7233774146746228,,,42,0,1,scab,1,-0.15113181,0.9415997,-4.3884544,2026
4a27f27ebfb618490f93,data/plantvillage/raw/color/Apple___healthy/1c116208-4ef8-4b42-ba20-92c3b9ca957c___RS_HL 5885.JPG,healthy,0,g1104,s_reliability,reliability_train,gaussian_blur,5408544262108719522,,,0.5381351739562734,,42,0,1,scab,1,-0.26824203,0.6729305,-3.97814,2026
d51725eac882de9d8aad,data/plantvillage/raw/color/Apple___healthy/1c116208-4ef8-4b42-ba20-92c3b9ca957c___RS_HL 5885.JPG,healthy,0,g1104,s_reliability,reliability_train,gaussian_noise,4709415435389179203,,,,0.015050596346572544,42,0,1,scab,1,-0.058142066,1.0646341,-4.532274,2026
9f3f61b3d8e38611c165,data/plantvillage/raw/color/Apple___healthy/1c45cf6f-2e2e-4091-9bc9-24463f9fcf90___RS_HL 5733.JPG,healthy,0,g1108,s_reliability,reliability_train,original,,,,,,42,0,0,healthy,0,4.1812124,-0.7796144,-5.337099,2026
7d02f6b0dbe345a74310,data/plantvillage/raw/color/Apple___healthy/1c45cf6f-2e2e-4091-9bc9-24463f9fcf90___RS_HL 5733.JPG,healthy,0,g1108,s_reliability,reliability_train,brightness,5620111138511013140,0.7731527847860452,,,,42,0,0,healthy,0,4.5406365,-0.73034495,-5.9142923,2026
af7a07c549a253be5ac9,data/plantvillage/raw/color/Apple___healthy/1c45cf6f-2e2e-4091-9bc9-24463f9fcf90___RS_HL 5733.JPG,healthy,0,g1108,s_reliability,reliability_train,contrast,8830666717852621285,,1.0587237257813613,,,42,0,0,healthy,0,4.316905,-0.7681429,-5.4012866,2026
a8e240e44f6ad4d964b8,data/plantvillage/raw/color/Apple___healthy/1c45cf6f-2e2e-4091-9bc9-24463f9fcf90___RS_HL 5733.JPG,healthy,0,g1108,s_reliability,reliability_train,gaussian_blur,8152857369453585995,,,1.042640141967674,,42,0,0,healthy,0,2.3175952,-1.2556642,-3.4138312,2026
d6bd153ba0a3ade8eba1,data/plantvillage/raw/color/Apple___healthy/1c45cf6f-2e2e-4091-9bc9-24463f9fcf90___RS_HL 5733.JPG,healthy,0,g1108,s_reliability,reliability_train,gaussian_noise,6116045547133970906,,,,0.03665765630211135,42,0,0,healthy,0,4.6688824,-0.37505537,-6.415871,2026
157a3d555dd6cfdc2236,data/plantvillage/raw/color/Apple___healthy/1c85fc77-1843-4a85-8f21-107385d5873c___RS_HL 7272.JPG,healthy,0,g1110,s_reliability,reliability_train,original,,,,,,42,0,1,scab,1,-0.36062464,1.2928635,-3.6096523,2026
6940ec415b9b061cc1d3,data/plantvillage/raw/color/Apple___healthy/1c85fc77-1843-4a85-8f21-107385d5873c___RS_HL 7272.JPG,healthy,0,g1110,s_reliability,reliability_train,brightness,4294730564163025835,1.031584809573137,,,,42,0,1,scab,1,-0.33128917,1.2845056,-3.594018,2026
32c18b5de8a514a56e61,data/plantvillage/raw/color/Apple___healthy/1c85fc77-1843-4a85-8f21-107385d5873c___RS_HL 7272.JPG,healthy,0,g1110,s_reliability,reliability_train,contrast,1393159699036129623,,0.8399310922472432,,,42,0,1,scab,1,-0.33694208,1.1351619,-3.6013174,2026
2a01ea7bbd8b24fd6e5b,data/plantvillage/raw/color/Apple___healthy/1c85fc77-1843-4a85-8f21-107385d5873c___RS_HL 7272.JPG,healthy,0,g1110,s_reliability,reliability_train,gaussian_blur,1347480020617367121,,,1.2785851395389056,,42,0,1,scab,1,-2.6827397,0.58783764,-1.150167,2026
9869574af68ce31b8edd,data/plantvillage/raw/color/Apple___healthy/1c85fc77-1843-4a85-8f21-107385d5873c___RS_HL 7272.JPG,healthy,0,g1110,s_reliability,reliability_train,gaussian_noise,7456851502446832112,,,,0.04699401220942534,42,0,1,scab,1,-0.1372677,1.3813304,-3.6888702,2026
6c154c6dc928e325a133,data/plantvillage/raw/color/Apple___healthy/1cb890ab-c267-467f-abbc-be9023cb55ff___RS_HL 5667.JPG,healthy,0,g1111,s_reliability,reliability_train,original,,,,,,42,0,0,healthy,0,6.1768436,-3.1724784,-5.626973,2026
25222937bf0143c53ab0,data/plantvillage/raw/color/Apple___healthy/1cb890ab-c267-467f-abbc-be9023cb55ff___RS_HL 5667.JPG,healthy,0,g1111,s_reliability,reliability_train,brightness,7112320536838714225,0.797303977007569,,,,42,0,0,healthy,0,5.8204937,-3.123124,-5.4383154,2026
37ddd291e9e719144580,data/plantvillage/raw/color/Apple___healthy/1cb890ab-c267-467f-abbc-be9023cb55ff___RS_HL 5667.JPG,healthy,0,g1111,s_reliability,reliability_train,contrast,7636074378519711440,,0.9421568396889541,,,42,0,0,healthy,0,5.8387737,-3.0501828,-5.5055423,2026
a2a37c858c427132da5a,data/plantvillage/raw/color/Apple___healthy/1cb890ab-c267-467f-abbc-be9023cb55ff___RS_HL 5667.JPG,healthy,0,g1111,s_reliability,reliability_train,gaussian_blur,8199953716105621140,,,0.6116349130541104,,42,0,0,healthy,0,4.7607355,-3.5670276,-3.8742394,2026
b4c2e714c8f7a025fc5a,data/plantvillage/raw/color/Apple___healthy/1cb890ab-c267-467f-abbc-be9023cb55ff___RS_HL 5667.JPG,healthy,0,g1111,s_reliability,reliability_train,gaussian_noise,6193619288903157722,,,,0.021020981938081235,42,0,0,healthy,0,6.298508,-3.2999601,-5.6059747,2026
f70f4815a211e963fecc,data/plantvillage/raw/color/Apple___healthy/1cbe6aef-57d4-4f2a-b8fb-0375db7084d3___RS_HL 7356.JPG,healthy,0,g1112,s_reliability,reliability_train,original,,,,,,42,0,0,healthy,0,6.6028166,-2.1475685,-6.363951,2026
d721442375ff2e0ebc67,data/plantvillage/raw/color/Apple___healthy/1cbe6aef-57d4-4f2a-b8fb-0375db7084d3___RS_HL 7356.JPG,healthy,0,g1112,s_reliability,reliability_train,brightness,238320996780123349,1.0924935497637864,,,,42,0,0,healthy,0,6.436619,-2.199817,-6.1922865,2026
bbd1cdc4d86c23facee7,data/plantvillage/raw/color/Apple___healthy/1cbe6aef-57d4-4f2a-b8fb-0375db7084d3___RS_HL 7356.JPG,healthy,0,g1112,s_reliability,reliability_train,contrast,970506892587934714,,0.9332716006839801,,,42,0,0,healthy,0,6.564846,-2.113317,-6.369231,2026
a044b9b4a3a08fe73c0e,data/plantvillage/raw/color/Apple___healthy/1cbe6aef-57d4-4f2a-b8fb-0375db7084d3___RS_HL 7356.JPG,healthy,0,g1112,s_reliability,reliability_train,gaussian_blur,6126748381065847242,,,1.0027208336058093,,42,0,0,healthy,0,2.034582,-1.1126328,-3.4021485,2026
5e0c129bd8bf2b7a4730,data/plantvillage/raw/color/Apple___healthy/1cbe6aef-57d4-4f2a-b8fb-0375db7084d3___RS_HL 7356.JPG,healthy,0,g1112,s_reliability,reliability_train,gaussian_noise,4550518272296311462,,,,0.048506479516436905,42,0,0,healthy,0,6.92893,-2.2697475,-6.6994953,2026
f4801097ac3e5f58e5d2,data/plantvillage/raw/color/Apple___healthy/1ceda3e6-3df1-4a82-a5f5-6c62dbd8ccc3___RS_HL 8072.JPG,healthy,0,g1114,s_reliability,reliability_train,original,,,,,,42,0,0,healthy,0,4.191648,-2.3246634,-4.1507764,2026
eff437419e6fcb268a85,data/plantvillage/raw/color/Apple___healthy/1ceda3e6-3df1-4a82-a5f5-6c62dbd8ccc3___RS_HL 8072.JPG,healthy,0,g1114,s_reliability,reliability_train,brightness,3367718719605480727,1.240772554593552,,,,42,0,0,healthy,0,3.7309432,-1.9980801,-4.170148,2026
93e0c05787d468308783,data/plantvillage/raw/color/Apple___healthy/1ceda3e6-3df1-4a82-a5f5-6c62dbd8ccc3___RS_HL 8072.JPG,healthy,0,g1114,s_reliability,reliability_train,contrast,3373271597181132169,,0.9519976540840622,,,42,0,0,healthy,0,4.087836,-2.345607,-4.045335,2026
d092fd44b8444e0c9a7a,data/plantvillage/raw/color/Apple___healthy/1ceda3e6-3df1-4a82-a5f5-6c62dbd8ccc3___RS_HL 8072.JPG,healthy,0,g1114,s_reliability,reliability_train,gaussian_blur,8779257229037674226,,,0.5992549767146857,,42,0,0,healthy,0,4.375458,-3.226754,-3.209508,2026
e1c6a8442f6ff5a7edee,data/plantvillage/raw/color/Apple___healthy/1ceda3e6-3df1-4a82-a5f5-6c62dbd8ccc3___RS_HL 8072.JPG,healthy,0,g1114,s_reliability,reliability_train,gaussian_noise,6025980671617824871,,,,0.0492662064018963,42,0,0,healthy,0,4.222721,-1.9042078,-4.6119432,2026
82552214e4521d3f6838,data/plantvillage/raw/color/Apple___healthy/1d68db41-8cec-49d7-b702-d16e36348f6e___RS_HL 6300.JPG,healthy,0,g1118,s_reliability,reliability_val,original,,,,,,42,0,0,healthy,0,5.416681,-3.8126135,-3.5074587,2026
00b4fcbaaa9e5295c6ea,data/plantvillage/raw/color/Apple___healthy/1d68db41-8cec-49d7-b702-d16e36348f6e___RS_HL 6300.JPG,healthy,0,g1118,s_reliability,reliability_val,brightness,5849248661417699786,1.0982232363096371,,,,42,0,0,healthy,0,5.475355,-3.6672096,-3.6555355,2026
a1b1da44319018068b3b,data/plantvillage/raw/color/Apple___healthy/1d68db41-8cec-49d7-b702-d16e36348f6e___RS_HL 6300.JPG,healthy,0,g1118,s_reliability,reliability_val,contrast,1893569585529247977,,0.7936747046537878,,,42,0,0,healthy,0,5.541989,-3.6089356,-3.829783,2026
231908d38cbaa7e860ad,data/plantvillage/raw/color/Apple___healthy/1d68db41-8cec-49d7-b702-d16e36348f6e___RS_HL 6300.JPG,healthy,0,g1118,s_reliability,reliability_val,gaussian_blur,8553281958147754143,,,1.2814867132490426,,42,0,0,healthy,0,2.676117,-3.7684898,-1.5667833,2026
d1949d6317e07bc6f33d,data/plantvillage/raw/color/Apple___healthy/1d68db41-8cec-49d7-b702-d16e36348f6e___RS_HL 6300.JPG,healthy,0,g1118,s_reliability,reliability_val,gaussian_noise,8306909104525436921,,,,0.04719391580660118,42,0,0,healthy,0,6.016457,-3.6298678,-4.090757,2026
96f5545d5d70ffdfc193,data/plantvillage/raw/color/Apple___healthy/1d74d65a-039c-41d6-a459-13f946971ca1___RS_HL 7582.JPG,healthy,0,g1119,s_reliability,reliability_train,original,,,,,,42,0,0,healthy,0,4.0846167,-0.24541603,-5.2392983,2026
5f4407009b82f8c0abad,data/plantvillage/raw/color/Apple___healthy/1d74d65a-039c-41d6-a459-13f946971ca1___RS_HL 7582.JPG,healthy,0,g1119,s_reliability,reliability_train,brightness,163421668408231101,1.2464531265291021,,,,42,0,0,healthy,0,3.377181,0.43935475,-5.010758,2026
eb25865a9c9ea8566aee,data/plantvillage/raw/color/Apple___healthy/1d74d65a-039c-41d6-a459-13f946971ca1___RS_HL 7582.JPG,healthy,0,g1119,s_reliability,reliability_train,contrast,7057112084755721258,,0.9400550503696743,,,42,0,0,healthy,0,4.0185475,-0.2033861,-5.231476,2026
eaeb0c04e18d75d7949e,data/plantvillage/raw/color/Apple___healthy/1d74d65a-039c-41d6-a459-13f946971ca1___RS_HL 7582.JPG,healthy,0,g1119,s_reliability,reliability_train,gaussian_blur,8397594708204091010,,,0.7206251386941573,,42,0,0,healthy,0,2.7065406,-0.11120361,-3.8412824,2026
18c072c16db3a59cc0f3,data/plantvillage/raw/color/Apple___healthy/1d74d65a-039c-41d6-a459-13f946971ca1___RS_HL 7582.JPG,healthy,0,g1119,s_reliability,reliability_train,gaussian_noise,3798035314171016734,,,,0.01873907364908475,42,0,0,healthy,0,4.026286,-0.18452093,-5.2301226,2026
9681bb924683ecd1962c,data/plantvillage/raw/color/Apple___healthy/1dabd7f0-68f4-4d1b-b026-e314457de638___RS_HL 8153.JPG,healthy,0,g1123,s_reliability,reliability_train,original,,,,,,42,0,0,healthy,0,5.9269366,-3.2987237,-4.8576994,2026
52bf8235c04c610115ad,data/plantvillage/raw/color/Apple___healthy/1dabd7f0-68f4-4d1b-b026-e314457de638___RS_HL 8153.JPG,healthy,0,g1123,s_reliability,reliability_train,brightness,8873111328839190977,0.7363254904065859,,,,42,0,0,healthy,0,5.7772737,-3.0690105,-5.1085806,2026
f0dc1bed3c08c7a1b3ad,data/plantvillage/raw/color/Apple___healthy/1dabd7f0-68f4-4d1b-b026-e314457de638___RS_HL 8153.JPG,healthy,0,g1123,s_reliability,reliability_train,contrast,8736784554669895319,,1.068754619659971,,,42,0,0,healthy,0,5.8761168,-3.2230506,-4.8898005,2026
160f0ca2a6d5d46fe4cf,data/plantvillage/raw/color/Apple___healthy/1dabd7f0-68f4-4d1b-b026-e314457de638___RS_HL 8153.JPG,healthy,0,g1123,s_reliability,reliability_train,gaussian_blur,4348674916691926079,,,1.0692411745418924,,42,0,0,healthy,0,2.5138333,-2.5093606,-2.8426983,2026
17bb5a4966c9199db28a,data/plantvillage/raw/color/Apple___healthy/1dabd7f0-68f4-4d1b-b026-e314457de638___RS_HL 8153.JPG,healthy,0,g1123,s_reliability,reliability_train,gaussian_noise,5569148932075721880,,,,0.018371999465744374,42,0,0,healthy,0,5.8315005,-3.2851593,-4.760744,2026
8c146bef60aaeb9e8034,data/plantvillage/raw/color/Apple___healthy/1dbfc9d3-f568-4e19-a83c-8fa408cfea3a___RS_HL 5909.JPG,healthy,0,g1125,s_reliability,reliability_train,original,,,,,,42,0,0,healthy,0,5.548081,-3.2043283,-4.0336356,2026
00537846be91f1077e11,data/plantvillage/raw/color/Apple___healthy/1dbfc9d3-f568-4e19-a83c-8fa408cfea3a___RS_HL 5909.JPG,healthy,0,g1125,s_reliability,reliability_train,brightness,4356571342298382717,0.8234930401291752,,,,42,0,0,healthy,0,5.793898,-3.1431468,-4.3382497,2026
56b60da1b6d8d420d6e3,data/plantvillage/raw/color/Apple___healthy/1dbfc9d3-f568-4e19-a83c-8fa408cfea3a___RS_HL 5909.JPG,healthy,0,g1125,s_reliability,reliability_train,contrast,439479980554065404,,1.0782333753333924,,,42,0,0,healthy,0,5.771512,-3.3152282,-4.1198215,2026
378f80294333e7fc127f,data/plantvillage/raw/color/Apple___healthy/1dbfc9d3-f568-4e19-a83c-8fa408cfea3a___RS_HL 5909.JPG,healthy,0,g1125,s_reliability,reliability_train,gaussian_blur,5283398278544233388,,,0.7635704825602222,,42,0,0,healthy,0,4.387291,-3.3980446,-2.9389844,2026
7dd19b47a15b8fa0c4e4,data/plantvillage/raw/color/Apple___healthy/1dbfc9d3-f568-4e19-a83c-8fa408cfea3a___RS_HL 5909.JPG,healthy,0,g1125,s_reliability,reliability_train,gaussian_noise,5525314597172192866,,,,0.011531899395586978,42,0,0,healthy,0,5.7916965,-3.2823217,-4.1813602,2026
262a480f15db7e1104db,data/plantvillage/raw/color/Apple___healthy/1f2ffb52-a697-43fc-a0d0-609d30e33bfe___RS_HL 6010.JPG,healthy,0,g1132,s_reliability,reliability_train,original,,,,,,42,0,0,healthy,0,4.249809,-1.5524215,-5.01542,2026
6163db33d456afc8af27,data/plantvillage/raw/color/Apple___healthy/1f2ffb52-a697-43fc-a0d0-609d30e33bfe___RS_HL 6010.JPG,healthy,0,g1132,s_reliability,reliability_train,brightness,528428871723047619,1.225542496448155,,,,42,0,0,healthy,0,4.4753675,-1.4854103,-5.160386,2026
61396eca6f01848eb400,data/plantvillage/raw/color/Apple___healthy/1f2ffb52-a697-43fc-a0d0-609d30e33bfe___RS_HL 6010.JPG,healthy,0,g1132,s_reliability,reliability_train,contrast,5980064327281058260,,1.1003722090953836,,,42,0,0,healthy,0,4.444057,-1.5282912,-5.0794115,2026
60ac7c1f200fda8a9171,data/plantvillage/raw/color/Apple___healthy/1f2ffb52-a697-43fc-a0d0-609d30e33bfe___RS_HL 6010.JPG,healthy,0,g1132,s_reliability,reliability_train,gaussian_blur,3315468645818729605,,,0.8602826100629007,,42,0,0,healthy,0,2.084277,-1.0716641,-3.435124,2026
4181487cf36e36f5415f,data/plantvillage/raw/color/Apple___healthy/1f2ffb52-a697-43fc-a0d0-609d30e33bfe___RS_HL 6010.JPG,healthy,0,g1132,s_reliability,reliability_train,gaussian_noise,5841862549901847164,,,,0.027932268041791795,42,0,0,healthy,0,4.649481,-1.5145886,-5.173909,2026
9a597881514d51e50c38,data/plantvillage/raw/color/Apple___healthy/1fd5cde9-dc78-4b8d-a82c-ab9a29880894___RS_HL 7918.JPG,healthy,0,g1134,s_reliability,reliability_train,original,,,,,,42,0,0,healthy,0,5.940884,-3.420943,-5.021808,2026
c9a968feb44d1b95a180,data/plantvillage/raw/color/Apple___healthy/1fd5cde9-dc78-4b8d-a82c-ab9a29880894___RS_HL 7918.JPG,healthy,0,g1134,s_reliability,reliability_train,brightness,8703251662309893388,0.7647895147899797,,,,42,0,0,healthy,0,5.886863,-3.6633315,-4.872167,2026
44d86347c49ec18dd90c,data/plantvillage/raw/color/Apple___healthy/1fd5cde9-dc78-4b8d-a82c-ab9a29880894___RS_HL 7918.JPG,healthy,0,g1134,s_reliability,reliability_train,contrast,6365845276400517002,,0.953828999154807,,,42,0,0,healthy,0,5.928663,-3.4705563,-4.9976807,2026
0a60de7bc7da97c8e57e,data/plantvillage/raw/color/Apple___healthy/1fd5cde9-dc78-4b8d-a82c-ab9a29880894___RS_HL 7918.JPG,healthy,0,g1134,s_reliability,reliability_train,gaussian_blur,776014238362833983,,,0.8834484448318197,,42,0,0,healthy,0,4.3071556,-3.4873705,-3.1604416,2026
7e86a4c68e993e4a5d75,data/plantvillage/raw/color/Apple___healthy/1fd5cde9-dc78-4b8d-a82c-ab9a29880894___RS_HL 7918.JPG,healthy,0,g1134,s_reliability,reliability_train,gaussian_noise,3687871056954501735,,,,0.017561833466362524,42,0,0,healthy,0,5.9468393,-3.3542485,-5.058587,2026
d0a79f5eb03a7364dac2,data/plantvillage/raw/color/Apple___healthy/1ff38f29-401d-4ec7-a99a-c4d3ccf42efc___RS_HL 7498.JPG,healthy,0,g1136,s_reliability,reliability_train,original,,,,,,42,0,0,healthy,0,3.6208854,-2.9008367,-3.3909497,2026
f2686078d12e0219b7fa,data/plantvillage/raw/color/Apple___healthy/1ff38f29-401d-4ec7-a99a-c4d3ccf42efc___RS_HL 7498.JPG,healthy,0,g1136,s_reliability,reliability_train,brightness,8826274851838208204,0.7891357516670366,,,,42,0,0,healthy,0,3.2739685,-2.859399,-3.1644304,2026
11df79d1b579aabb57ac,data/plantvillage/raw/color/Apple___healthy/1ff38f29-401d-4ec7-a99a-c4d3ccf42efc___RS_HL 7498.JPG,healthy,0,g1136,s_reliability,reliability_train,contrast,943603156798058787,,0.8450123345624065,,,42,0,0,healthy,0,3.4089437,-2.9267247,-3.2192135,2026
9e67ab909ca57118d931,data/plantvillage/raw/color/Apple___healthy/1ff38f29-401d-4ec7-a99a-c4d3ccf42efc___RS_HL 7498.JPG,healthy,0,g1136,s_reliability,reliability_train,gaussian_blur,1784384384435148292,,,0.709692155333637,,42,0,0,healthy,0,2.4401717,-3.4455385,-1.9202518,2026
dbe9a3959377a4cde5c5,data/plantvillage/raw/color/Apple___healthy/1ff38f29-401d-4ec7-a99a-c4d3ccf42efc___RS_HL 7498.JPG,healthy,0,g1136,s_reliability,reliability_train,gaussian_noise,5460010999050138840,,,,0.04025867831854805,42,0,0,healthy,0,3.526304,-2.7560441,-3.3779671,2026
7c3d10cf7f4bcc98361a,data/plantvillage/raw/color/Apple___healthy/203d4b1b-d358-43d5-bd7f-273e68993961___RS_HL 7590.JPG,healthy,0,g1139,s_reliability,reliability_train,original,,,,,,42,0,0,healthy,0,6.217794,-2.9745686,-5.509854,2026
5acc74d82210ac220f75,data/plantvillage/raw/color/Apple___healthy/203d4b1b-d358-43d5-bd7f-273e68993961___RS_HL 7590.JPG,healthy,0,g1139,s_reliability,reliability_train,brightness,959095761037775261,0.9428906274967438,,,,42,0,0,healthy,0,6.387752,-3.0118418,-5.5404754,2026
0bff02e69c7384c93e3a,data/plantvillage/raw/color/Apple___healthy/203d4b1b-d358-43d5-bd7f-273e68993961___RS_HL 7590.JPG,healthy,0,g1139,s_reliability,reliability_train,contrast,1166794372659869891,,1.284551354859481,,,42,0,0,healthy,0,6.7184668,-3.227481,-5.5452204,2026
02ba35f16b35583494de,data/plantvillage/raw/color/Apple___healthy/203d4b1b-d358-43d5-bd7f-273e68993961___RS_HL 7590.JPG,healthy,0,g1139,s_reliability,reliability_train,gaussian_blur,6697348260861316416,,,0.601277343172196,,42,0,0,healthy,0,4.7865686,-2.5928257,-4.2116,2026
766c49112ee480bde7e4,data/plantvillage/raw/color/Apple___healthy/203d4b1b-d358-43d5-bd7f-273e68993961___RS_HL 7590.JPG,healthy,0,g1139,s_reliability,reliability_train,gaussian_noise,8206994065168040366,,,,0.03181039799238533,42,0,0,healthy,0,6.3367677,-2.906524,-5.62462,2026
89f2498d3252a187b3dd,data/plantvillage/raw/color/Apple___healthy/211f5e77-fdc9-4d96-9395-bb3647678c43___RS_HL 7364.JPG,healthy,0,g1148,s_reliability,reliability_val,original,,,,,,42,0,0,healthy,0,6.1936584,-1.1021773,-6.8326235,2026
47623a4661ccdc596e86,data/plantvillage/raw/color/Apple___healthy/211f5e77-fdc9-4d96-9395-bb3647678c43___RS_HL 7364.JPG,healthy,0,g1148,s_reliability,reliability_val,brightness,2782639239993187153,1.018039739360362,,,,42,0,0,healthy,0,6.115759,-1.0285758,-6.836974,2026
e573d7991d45cd885229,data/plantvillage/raw/color/Apple___healthy/211f5e77-fdc9-4d96-9395-bb3647678c43___RS_HL 7364.JPG,healthy,0,g1148,s_reliability,reliability_val,contrast,2166957090546328049,,0.7756020586569952,,,42,0,0,healthy,0,5.328818,-0.6239253,-6.7439647,2026
d071f0987ba96fb48aba,data/plantvillage/raw/color/Apple___healthy/211f5e77-fdc9-4d96-9395-bb3647678c43___RS_HL 7364.JPG,healthy,0,g1148,s_reliability,reliability_val,gaussian_blur,2929304390770881429,,,1.1845999031286776,,42,0,0,healthy,0,2.5402076,-0.39252535,-4.235275,2026
1bcb49f929b7573d7303,data/plantvillage/raw/color/Apple___healthy/211f5e77-fdc9-4d96-9395-bb3647678c43___RS_HL 7364.JPG,healthy,0,g1148,s_reliability,reliability_val,gaussian_noise,633127215477805685,,,,0.0386612680557092,42,0,0,healthy,0,6.5229506,-1.3177642,-6.79924,2026
a8ad9b367c2093c3b120,data/plantvillage/raw/color/Apple___healthy/21c10a73-ebeb-4a16-898b-8b39d9d6eca2___RS_HL 6315.JPG,healthy,0,g1151,s_reliability,reliability_train,original,,,,,,42,0,0,healthy,0,5.182724,-5.096715,-2.2831178,2026
7a09a5e128eb9f6dc9b3,data/plantvillage/raw/color/Apple___healthy/21c10a73-ebeb-4a16-898b-8b39d9d6eca2___RS_HL 6315.JPG,healthy,0,g1151,s_reliability,reliability_train,brightness,3993087102242033058,0.9752695640278488,,,,42,0,0,healthy,0,5.2148924,-5.094924,-2.3200712,2026
3ff643f80e9ffa035e5f,data/plantvillage/raw/color/Apple___healthy/21c10a73-ebeb-4a16-898b-8b39d9d6eca2___RS_HL 6315.JPG,healthy,0,g1151,s_reliability,reliability_train,contrast,4535592247346526373,,1.1928980530710795,,,42,0,0,healthy,0,5.4527884,-5.1352572,-2.3184505,2026
b1c8db1ec86e8e263c69,data/plantvillage/raw/color/Apple___healthy/21c10a73-ebeb-4a16-898b-8b39d9d6eca2___RS_HL 6315.JPG,healthy,0,g1151,s_reliability,reliability_train,gaussian_blur,5490556698797330675,,,1.388390087229791,,42,0,0,healthy,0,1.6275997,-4.2916512,-0.122575745,2026
c82f36610403a85c4c29,data/plantvillage/raw/color/Apple___healthy/21c10a73-ebeb-4a16-898b-8b39d9d6eca2___RS_HL 6315.JPG,healthy,0,g1151,s_reliability,reliability_train,gaussian_noise,2453488615168786282,,,,0.011632409911192099,42,0,0,healthy,0,5.1937532,-5.1440325,-2.25799,2026
81aac50fa9ace5ff5a14,data/plantvillage/raw/color/Apple___healthy/228c3cfc-c511-4f1d-80ef-eb6a9e89cc0b___RS_HL 7383.JPG,healthy,0,g1159,s_reliability,reliability_train,original,,,,,,42,0,0,healthy,0,4.269572,-1.7720021,-5.3196297,2026
717a9dd06c32da98b226,data/plantvillage/raw/color/Apple___healthy/228c3cfc-c511-4f1d-80ef-eb6a9e89cc0b___RS_HL 7383.JPG,healthy,0,g1159,s_reliability,reliability_train,brightness,9137980323340339630,0.8536663730106395,,,,42,0,0,healthy,0,3.309266,-1.0930396,-5.2070208,2026
536d8c2dc93a57e91de1,data/plantvillage/raw/color/Apple___healthy/228c3cfc-c511-4f1d-80ef-eb6a9e89cc0b___RS_HL 7383.JPG,healthy,0,g1159,s_reliability,reliability_train,contrast,8007016313987593434,,0.7622884469240911,,,42,0,0,healthy,0,2.9719296,-1.0299604,-4.9777203,2026
9e86875f87ffdc97b621,data/plantvillage/raw/color/Apple___healthy/228c3cfc-c511-4f1d-80ef-eb6a9e89cc0b___RS_HL 7383.JPG,healthy,0,g1159,s_reliability,reliability_train,gaussian_blur,5609601696647475444,,,1.1790396030526444,,42,0,0,healthy,0,0.21503018,-1.5604101,-1.9354357,2026
a1b836ee0279a0435a19,data/plantvillage/raw/color/Apple___healthy/228c3cfc-c511-4f1d-80ef-eb6a9e89cc0b___RS_HL 7383.JPG,healthy,0,g1159,s_reliability,reliability_train,gaussian_noise,8487728801327329727,,,,0.012758610075484081,42,0,0,healthy,0,4.3142753,-1.7614855,-5.3665037,2026
16a01480827311ffb709,data/plantvillage/raw/color/Apple___healthy/2301f2bb-7972-4fb8-8be6-246ce55ca3b6___RS_HL 6100.JPG,healthy,0,g1163,s_reliability,reliability_train,original,,,,,,42,0,0,healthy,0,4.3853703,-3.4327302,-3.4312804,2026
311de7a6ee03155b2c4d,data/plantvillage/raw/color/Apple___healthy/2301f2bb-7972-4fb8-8be6-246ce55ca3b6___RS_HL 6100.JPG,healthy,0,g1163,s_reliability,reliability_train,brightness,76027223445369394,1.0771799237009827,,,,42,0,0,healthy,0,4.427111,-3.3615918,-3.5505166,2026
97cb839221c1e0eabb05,data/plantvillage/raw/color/Apple___healthy/2301f2bb-7972-4fb8-8be6-246ce55ca3b6___RS_HL 6100.JPG,healthy,0,g1163,s_reliability,reliability_train,contrast,6548141675550409790,,0.9285307233389793,,,42,0,0,healthy,0,4.045195,-3.300134,-3.2832966,2026
a369237943adc001d602,data/plantvillage/raw/color/Apple___healthy/2301f2bb-7972-4fb8-8be6-246ce55ca3b6___RS_HL 6100.JPG,healthy,0,g1163,s_reliability,reliability_train,gaussian_blur,7907017279750617537,,,1.2508880845356893,,42,0,0,healthy,0,2.389504,-3.5207162,-1.4658139,2026
68fe31fccdd964d6dd1d,data/plantvillage/raw/color/Apple___healthy/2301f2bb-7972-4fb8-8be6-246ce55ca3b6___RS_HL 6100.JPG,healthy,0,g1163,s_reliability,reliability_train,gaussian_noise,7456730383265734579,,,,0.02803734263823042,42,0,0,healthy,0,4.6175694,-3.307011,-3.7353861,2026
fa8ea0f79fe84a81d28f,data/plantvillage/raw/color/Apple___healthy/2796f6e4-6b9f-4b3b-9f96-a6788b2e0f02___RS_HL 5712.JPG,healthy,0,g1201,s_reliability,reliability_val,original,,,,,,42,0,0,healthy,0,4.377489,-0.9356265,-5.550261,2026
f83c848dd03fd5f8f3a2,data/plantvillage/raw/color/Apple___healthy/2796f6e4-6b9f-4b3b-9f96-a6788b2e0f02___RS_HL 5712.JPG,healthy,0,g1201,s_reliability,reliability_val,brightness,2703450303364386543,0.8448855246310926,,,,42,0,0,healthy,0,4.105213,-0.7060213,-5.4591575,2026
505af74ae473dd6ed5d7,data/plantvillage/raw/color/Apple___healthy/2796f6e4-6b9f-4b3b-9f96-a6788b2e0f02___RS_HL 5712.JPG,healthy,0,g1201,s_reliability,reliability_val,contrast,5293813540211085888,,1.2445486248283602,,,42,0,0,healthy,0,4.2193136,-0.58489484,-5.576665,2026
d6188183a0c18ff8f2d6,data/plantvillage/raw/color/Apple___healthy/2796f6e4-6b9f-4b3b-9f96-a6788b2e0f02___RS_HL 5712.JPG,healthy,0,g1201,s_reliability,reliability_val,gaussian_blur,6590916720935184446,,,0.8858399823825662,,42,0,0,healthy,0,1.4515665,-0.47732663,-3.3640838,2026
bd730580cff6b64c4304,data/plantvillage/raw/color/Apple___healthy/2796f6e4-6b9f-4b3b-9f96-a6788b2e0f02___RS_HL 5712.JPG,healthy,0,g1201,s_reliability,reliability_val,gaussian_noise,3493732540545642347,,,,0.030721999110033177,42,0,0,healthy,0,4.2245803,-0.6896219,-5.567497,2026
d7a2518b46844b14ed20,data/plantvillage/raw/color/Apple___healthy/27d5e1e8-d30f-4514-bafe-f600ad03a871___RS_HL 7648.JPG,healthy,0,g1204,s_reliability,reliability_train,original,,,,,,42,0,0,healthy,0,3.2860112,0.13086583,-5.769689,2026
e564ec8fe69ff50c589e,data/plantvillage/raw/color/Apple___healthy/27d5e1e8-d30f-4514-bafe-f600ad03a871___RS_HL 7648.JPG,healthy,0,g1204,s_reliability,reliability_train,brightness,7102113803878605584,1.1397125907601304,,,,42,0,0,healthy,0,3.1154854,0.44643044,-5.896906,2026
5182a3a34c05fab0b321,data/plantvillage/raw/color/Apple___healthy/27d5e1e8-d30f-4514-bafe-f600ad03a871___RS_HL 7648.JPG,healthy,0,g1204,s_reliability,reliability_train,contrast,7943949962473329255,,0.9836740623519302,,,42,0,0,healthy,0,3.358871,0.08747083,-5.778953,2026
059fefe54ead6688754c,data/plantvillage/raw/color/Apple___healthy/27d5e1e8-d30f-4514-bafe-f600ad03a871___RS_HL 7648.JPG,healthy,0,g1204,s_reliability,reliability_train,gaussian_blur,680007006083722432,,,0.6440171068447839,,42,0,0,healthy,0,2.7503457,0.16618243,-4.8196287,2026
b4e4486718875d87366f,data/plantvillage/raw/color/Apple___healthy/27d5e1e8-d30f-4514-bafe-f600ad03a871___RS_HL 7648.JPG,healthy,0,g1204,s_reliability,reliability_train,gaussian_noise,2066858010042444566,,,,0.047861557320770055,42,0,0,healthy,0,3.2560594,0.698181,-6.238407,2026
d444757ef21ce1e7f2d5,data/plantvillage/raw/color/Apple___healthy/28c298e3-0846-4372-a9ab-562f2ce7cf9d___RS_HL 5846.JPG,healthy,0,g1210,s_reliability,reliability_train,original,,,,,,42,0,0,healthy,0,5.3566165,-3.133753,-4.931824,2026
70faeea38cabad4e31c4,data/plantvillage/raw/color/Apple___healthy/28c298e3-0846-4372-a9ab-562f2ce7cf9d___RS_HL 5846.JPG,healthy,0,g1210,s_reliability,reliability_train,brightness,1223279542847626272,0.878939258915332,,,,42,0,0,healthy,0,5.29239,-3.065194,-4.943835,2026
47651c5719b82700a5e7,data/plantvillage/raw/color/Apple___healthy/28c298e3-0846-4372-a9ab-562f2ce7cf9d___RS_HL 5846.JPG,healthy,0,g1210,s_reliability,reliability_train,contrast,4235668580041845940,,1.0322994674885648,,,42,0,0,healthy,0,5.3762784,-3.1491127,-4.93475,2026
ea37ffd8259d17d78444,data/plantvillage/raw/color/Apple___healthy/28c298e3-0846-4372-a9ab-562f2ce7cf9d___RS_HL 5846.JPG,healthy,0,g1210,s_reliability,reliability_train,gaussian_blur,5545591305046163391,,,1.196413273273337,,42,0,0,healthy,0,1.8512305,-2.4886224,-1.9533994,2026
6d0c52c47146bbeea1c4,data/plantvillage/raw/color/Apple___healthy/28c298e3-0846-4372-a9ab-562f2ce7cf9d___RS_HL 5846.JPG,healthy,0,g1210,s_reliability,reliability_train,gaussian_noise,6050820436884934051,,,,0.01843872761517385,42,0,0,healthy,0,5.5560603,-3.2061143,-5.011128,2026
bef06bdb5d7027819189,data/plantvillage/raw/color/Apple___healthy/2a53473e-0c50-43d5-933c-a62576fb5f52___RS_HL 7664.JPG,healthy,0,g1216,s_reliability,reliability_train,original,,,,,,42,0,0,healthy,0,-0.0950555,-0.4080227,-3.1972206,2026
8578ce117d050afe23bd,data/plantvillage/raw/color/Apple___healthy/2a53473e-0c50-43d5-933c-a62576fb5f52___RS_HL 7664.JPG,healthy,0,g1216,s_reliability,reliability_train,brightness,5668057314473260917,1.2980462932839956,,,,42,0,0,healthy,0,0.19151115,-0.65030223,-3.1835506,2026
7d4c7d06111e0dd0a5f2,data/plantvillage/raw/color/Apple___healthy/2a53473e-0c50-43d5-933c-a62576fb5f52___RS_HL 7664.JPG,healthy,0,g1216,s_reliability,reliability_train,contrast,2405074277635272609,,0.8578963291079704,,,42,0,0,healthy,0,0.09597164,-0.41633093,-3.3376815,2026
e0e0276eb48a4e50d3cf,data/plantvillage/raw/color/Apple___healthy/2a53473e-0c50-43d5-933c-a62576fb5f52___RS_HL 7664.JPG,healthy,0,g1216,s_reliability,reliability_train,gaussian_blur,6062485407802971273,,,0.7087041649565587,,42,0,0,healthy,0,-0.8588742,-1.2325629,-1.989859,2026
8ff84e2f02f118cbbdff,data/plantvillage/raw/color/Apple___healthy/2a53473e-0c50-43d5-933c-a62576fb5f52___RS_HL 7664.JPG,healthy,0,g1216,s_reliability,reliability_train,gaussian_noise,7770358262010007427,,,,0.02004401114473751,42,0,0,healthy,0,-0.16829316,-0.21455704,-3.3465328,2026
152ffc339e0640233e9a,data/plantvillage/raw/color/Apple___healthy/2dc5f050-21dd-4b81-a1cb-ef2a9f72f134___RS_HL 5694.JPG,healthy,0,g1240,s_reliability,reliability_val,original,,,,,,42,0,0,healthy,0,5.8872013,-4.1113043,-4.25901,2026
0f6247ea108a14b51b80,data/plantvillage/raw/color/Apple___healthy/2dc5f050-21dd-4b81-a1cb-ef2a9f72f134___RS_HL 5694.JPG,healthy,0,g1240,s_reliability,reliability_val,brightness,694770860081988947,1.233261147462942,,,,42,0,0,healthy,0,6.429719,-4.2864695,-4.5120344,2026
42c32e885a9a1024a9f4,data/plantvillage/raw/color/Apple___healthy/2dc5f050-21dd-4b81-a1cb-ef2a9f72f134___RS_HL 5694.JPG,healthy,0,g1240,s_reliability,reliability_val,contrast,8626105305965798003,,0.7538463841078897,,,42,0,0,healthy,0,4.697273,-3.5072303,-3.964903,2026
2f6d52a072746f3e6595,data/plantvillage/raw/color/Apple___healthy/2dc5f050-21dd-4b81-a1cb-ef2a9f72f134___RS_HL 5694.JPG,healthy,0,g1240,s_reliability,reliability_val,gaussian_blur,5498471434286506849,,,0.8219007305820413,,42,0,0,healthy,0,3.8477294,-3.7531078,-2.837589,2026
5646528a5dace2522682,data/plantvillage/raw/color/Apple___healthy/2dc5f050-21dd-4b81-a1cb-ef2a9f72f134___RS_HL 5694.JPG,healthy,0,g1240,s_reliability,reliability_val,gaussian_noise,8847279957385132366,,,,0.027637180189510356,42,0,0,healthy,0,6.474824,-4.1955047,-4.6575623,2026
3ff2ab78330179b0753c,data/plantvillage/raw/color/Apple___healthy/30fb7843-8e70-407e-b361-aa54a7473c32___RS_HL 6143.JPG,healthy,0,g1251,s_reliability,reliability_train,original,,,,,,42,0,0,healthy,0,2.9825587,-2.1339555,-4.118409,2026
d2f80edf9f7f843cf707,data/plantvillage/raw/color/Apple___healthy/30fb7843-8e70-407e-b361-aa54a7473c32___RS_HL 6143.JPG,healthy,0,g1251,s_reliability,reliability_train,brightness,6507908731194418276,0.9098364377586844,,,,42,0,0,healthy,0,3.0432591,-2.1158187,-4.114462,2026
149e50b88fd0f5c9d22c,data/plantvillage/raw/color/Apple___healthy/30fb7843-8e70-407e-b361-aa54a7473c32___RS_HL 6143.JPG,healthy,0,g1251,s_reliability,reliability_train,contrast,991042964031982809,,1.032751462844221,,,42,0,0,healthy,0,2.9485004,-2.137077,-4.105413,2026
d884b7f904ad4f00076e,data/plantvillage/raw/color/Apple___healthy/30fb7843-8e70-407e-b361-aa54a7473c32___RS_HL 6143.JPG,healthy,0,g1251,s_reliability,reliability_train,gaussian_blur,1441693133027942644,,,0.5809966487254026,,42,0,0,healthy,0,2.1815302,-2.4866335,-3.2623136,2026
232144a2e397d0a0cb9d,data/plantvillage/raw/color/Apple___healthy/30fb7843-8e70-407e-b361-aa54a7473c32___RS_HL 6143.JPG,healthy,0,g1251,s_reliability,reliability_train,gaussian_noise,2873700154259373639,,,,0.026332181940528165,42,0,0,healthy,0,2.9064112,-2.1467652,-4.222908,2026
ad42fb02b428a54cc4d6,data/plantvillage/raw/color/Apple___healthy/313b7055-4346-4b7c-99fb-ada974f60486___RS_HL 6275.JPG,healthy,0,g1254,s_reliability,reliability_train,original,,,,,,42,0,0,healthy,0,2.714665,-3.430348,-2.683458,2026
b1228c7915ecb0b79669,data/plantvillage/raw/color/Apple___healthy/313b7055-4346-4b7c-99fb-ada974f60486___RS_HL 6275.JPG,healthy,0,g1254,s_reliability,reliability_train,brightness,4031633071217821672,1.2087550102926083,,,,42,0,0,healthy,0,2.5358162,-3.2132611,-2.7250843,2026
de82771f7d14c4528138,data/plantvillage/raw/color/Apple___healthy/313b7055-4346-4b7c-99fb-ada974f60486___RS_HL 6275.JPG,healthy,0,g1254,s_reliability,reliability_train,contrast,4934718698620681324,,0.7533532153559923,,,42,0,0,healthy,0,2.7948065,-3.543635,-2.708561,2026
f4b314467f9d3ff81fbb,data/plantvillage/raw/color/Apple___healthy/313b7055-4346-4b7c-99fb-ada974f60486___RS_HL 6275.JPG,healthy,0,g1254,s_reliability,reliability_train,gaussian_blur,2456963900554160061,,,0.9100716448261054,,42,0,0,healthy,0,-0.34398735,-3.3743503,-0.4271307,2026
281d1e531455e38e9d41,data/plantvillage/raw/color/Apple___healthy/313b7055-4346-4b7c-99fb-ada974f60486___RS_HL 6275.JPG,healthy,0,g1254,s_reliability,reliability_train,gaussian_noise,8553030769888312299,,,,0.03271852517803604,42,0,0,healthy,0,2.710925,-3.3326054,-2.8700495,2026
ee258a6e7d3790e15ecd,data/plantvillage/raw/color/Apple___healthy/3643fe1d-9523-47cf-9952-7e2ecb027338___RS_HL 5704.JPG,healthy,0,g1282,s_reliability,reliability_train,original,,,,,,42,0,0,healthy,0,5.9356656,-3.619745,-4.842833,2026
58bbb7ffec5b9ca66023,data/plantvillage/raw/color/Apple___healthy/3643fe1d-9523-47cf-9952-7e2ecb027338___RS_HL 5704.JPG,healthy,0,g1282,s_reliability,reliability_train,brightness,1436337365820781634,0.8705415468968665,,,,42,0,0,healthy,0,5.5750885,-3.500171,-4.679694,2026
b8d42feab3667ff305dd,data/plantvillage/raw/color/Apple___healthy/3643fe1d-9523-47cf-9952-7e2ecb027338___RS_HL 5704.JPG,healthy,0,g1282,s_reliability,reliability_train,contrast,4773320806585448449,,0.7255484270766305,,,42,0,0,healthy,0,4.4318447,-2.9170249,-4.4350653,2026
d44a3b04569f3627f90d,data/plantvillage/raw/color/Apple___healthy/3643fe1d-9523-47cf-9952-7e2ecb027338___RS_HL 5704.JPG,healthy,0,g1282,s_reliability,reliability_train,gaussian_blur,4287354328929027991,,,0.8281395841463869,,42,0,0,healthy,0,2.9257174,-3.1741235,-2.8139358,2026
dc139087ac78a1de7414,data/plantvillage/raw/color/Apple___healthy/3643fe1d-9523-47cf-9952-7e2ecb027338___RS_HL 5704.JPG,healthy,0,g1282,s_reliability,reliability_train,gaussian_noise,7704275642160923243,,,,0.016056267644541024,42,0,0,healthy,0,6.0276747,-3.5851681,-4.99615,2026
7c921884d6e47fdf225d,data/plantvillage/raw/color/Apple___healthy/36ab2af7-aff6-4578-99ef-4cf5b6527a9c___RS_HL 7689.JPG,healthy,0,g1286,s_reliability,reliability_train,original,,,,,,42,0,0,healthy,0,3.5396812,-3.2106206,-2.6660755,2026
c3e67c75aee434abb2be,data/plantvillage/raw/color/Apple___healthy/36ab2af7-aff6-4578-99ef-4cf5b6527a9c___RS_HL 7689.JPG,healthy,0,g1286,s_reliability,reliability_train,brightness,7186526567955080485,1.1970913008838115,,,,42,0,0,healthy,0,3.695666,-3.2441013,-2.5967422,2026
a8d83ca4584c19285f80,data/plantvillage/raw/color/Apple___healthy/36ab2af7-aff6-4578-99ef-4cf5b6527a9c___RS_HL 7689.JPG,healthy,0,g1286,s_reliability,reliability_train,contrast,6021678748950535272,,0.8432978163325778,,,42,0,0,healthy,0,3.3056042,-3.1074817,-2.623827,2026
c430d409bd62006fde1d,data/plantvillage/raw/color/Apple___healthy/36ab2af7-aff6-4578-99ef-4cf5b6527a9c___RS_HL 7689.JPG,healthy,0,g1286,s_reliability,reliability_train,gaussian_blur,689318212354321737,,,0.7998971471739549,,42,0,0,healthy,0,3.056315,-3.3578598,-1.8457959,2026
9c1cfff6b34b342b9eab,data/plantvillage/raw/color/Apple___healthy/36ab2af7-aff6-4578-99ef-4cf5b6527a9c___RS_HL 7689.JPG,healthy,0,g1286,s_reliability,reliability_train,gaussian_noise,7061587563433493357,,,,0.03455730713067512,42,0,0,healthy,0,3.2451832,-3.099325,-2.8807151,2026
900a9c4a974c532cff81,data/plantvillage/raw/color/Apple___healthy/37fcfaf7-88f4-4735-99a2-8df576e0f248___RS_HL 8108.JPG,healthy,0,g1297,s_reliability,reliability_train,original,,,,,,42,0,0,healthy,0,6.472631,-3.1888773,-5.6354427,2026
3fe55ba6993aa2607a6d,data/plantvillage/raw/color/Apple___healthy/37fcfaf7-88f4-4735-99a2-8df576e0f248___RS_HL 8108.JPG,healthy,0,g1297,s_reliability,reliability_train,brightness,3515002184077075230,0.8216530920192194,,,,42,0,0,healthy,0,6.56801,-3.2574472,-5.520153,2026
b22959965104423b19d7,data/plantvillage/raw/color/Apple___healthy/37fcfaf7-88f4-4735-99a2-8df576e0f248___RS_HL 8108.JPG,healthy,0,g1297,s_reliability,reliability_train,contrast,9175911473063027850,,1.0860498519177133,,,42,0,0,healthy,0,6.4881945,-3.0797296,-5.707806,2026
c002964e4d1c396c804d,data/plantvillage/raw/color/Apple___healthy/37fcfaf7-88f4-4735-99a2-8df576e0f248___RS_HL 8108.JPG,healthy,0,g1297,s_reliability,reliability_train,gaussian_blur,7679682485343962950,,,0.9295032693955191,,42,0,0,healthy,0,3.2115462,-3.137771,-2.9922855,2026
4403398904233c48e03a,data/plantvillage/raw/color/Apple___healthy/37fcfaf7-88f4-4735-99a2-8df576e0f248___RS_HL 8108.JPG,healthy,0,g1297,s_reliability,reliability_train,gaussian_noise,3629497641022287971,,,,0.04745415628632231,42,0,0,healthy,0,7.030413,-3.3023496,-6.1363297,2026
5fcc714c079aa0b23ecd,data/plantvillage/raw/color/Apple___healthy/39be15a0-4c7f-4a8e-9938-829bec85fd1c___RS_HL 6209.JPG,healthy,0,g1310,s_reliability,reliability_train,original,,,,,,42,0,0,healthy,0,3.1077418,-2.702534,-3.2153754,2026
400ce4ba628014a99828,data/plantvillage/raw/color/Apple___healthy/39be15a0-4c7f-4a8e-9938-829bec85fd1c___RS_HL 6209.JPG,healthy,0,g1310,s_reliability,reliability_train,brightness,6523549953377806711,0.862138712670931,,,,42,0,0,healthy,0,3.1422424,-2.8799872,-3.1739104,2026
b79a5739f102c6481510,data/plantvillage/raw/color/Apple___healthy/39be15a0-4c7f-4a8e-9938-829bec85fd1c___RS_HL 6209.JPG,healthy,0,g1310,s_reliability,reliability_train,contrast,2049057005806752270,,1.266953659292501,,,42,0,0,healthy,0,3.4821072,-2.7481008,-3.3387833,2026
d9b0af69c0e1868a9a5e,data/plantvillage/raw/color/Apple___healthy/39be15a0-4c7f-4a8e-9938-829bec85fd1c___RS_HL 6209.JPG,healthy,0,g1310,s_reliability,reliability_train,gaussian_blur,755465699465197521,,,1.162710359571595,,42,0,0,healthy,0,1.9872675,-2.4623454,-2.0517714,2026
0b35714bf14640267225,data/plantvillage/raw/color/Apple___healthy/39be15a0-4c7f-4a8e-9938-829bec85fd1c___RS_HL 6209.JPG,healthy,0,g1310,s_reliability,reliability_train,gaussian_noise,2966838873866014724,,,,0.014219410591589755,42,0,0,healthy,0,2.96862,-2.574614,-3.2434447,2026
12745e29cc596a5219f1,data/plantvillage/raw/color/Apple___healthy/3a544ee5-490e-4a41-b03b-cf1700362448___RS_HL 6200.JPG,healthy,0,g1314,s_reliability,reliability_train,original,,,,,,42,0,0,healthy,0,2.6486359,-2.861831,-2.0025575,2026
47d997bd4001dad4bde9,data/plantvillage/raw/color/Apple___healthy/3a544ee5-490e-4a41-b03b-cf1700362448___RS_HL 6200.JPG,healthy,0,g1314,s_reliability,reliability_train,brightness,7656307530927493294,0.906342180305821,,,,42,0,0,healthy,0,2.7627475,-2.6928706,-2.1357036,2026
9a87f1374883734598b3,data/plantvillage/raw/color/Apple___healthy/3a544ee5-490e-4a41-b03b-cf1700362448___RS_HL 6200.JPG,healthy,0,g1314,s_reliability,reliability_train,contrast,3764337428900349033,,0.7287337957059071,,,42,0,0,healthy,0,2.8312283,-2.4931266,-2.245627,2026
d842f687911ae0ba2d15,data/plantvillage/raw/color/Apple___healthy/3a544ee5-490e-4a41-b03b-cf1700362448___RS_HL 6200.JPG,healthy,0,g1314,s_reliability,reliability_train,gaussian_blur,8471188090023890342,,,0.7423535465299786,,42,0,0,healthy,0,2.1730392,-2.3334835,-1.9021037,2026
8ff3b889789ba79bc314,data/plantvillage/raw/color/Apple___healthy/3a544ee5-490e-4a41-b03b-cf1700362448___RS_HL 6200.JPG,healthy,0,g1314,s_reliability,reliability_train,gaussian_noise,6628089321901661762,,,,0.03676815654237636,42,0,0,healthy,0,3.64883,-2.918537,-2.6210897,2026
3a71d2770cd4bd7d2c5b,data/plantvillage/raw/color/Apple___healthy/3a5916ba-0db8-4aff-a282-26f33b056832___RS_HL 8125.JPG,healthy,0,g1315,s_reliability,reliability_train,original,,,,,,42,0,0,healthy,0,3.600911,-2.380511,-4.0436754,2026
13029cf02e0dba54bb4d,data/plantvillage/raw/color/Apple___healthy/3a5916ba-0db8-4aff-a282-26f33b056832___RS_HL 8125.JPG,healthy,0,g1315,s_reliability,reliability_train,brightness,205854520266735257,1.279090068208498,,,,42,0,0,healthy,0,3.3418775,-2.2078311,-4.037724,2026
65d8262102aaf0159db9,data/plantvillage/raw/color/Apple___healthy/3a5916ba-0db8-4aff-a282-26f33b056832___RS_HL 8125.JPG,healthy,0,g1315,s_reliability,reliability_train,contrast,7035875611162113097,,1.249376386288609,,,42,0,0,healthy,0,3.0358386,-2.0347753,-4.0042896,2026
110c45cd586cb554f17d,data/plantvillage/raw/color/Apple___healthy/3a5916ba-0db8-4aff-a282-26f33b056832___RS_HL 8125.JPG,healthy,0,g1315,s_reliability,reliability_train,gaussian_blur,1637446910467651912,,,1.2894823943395255,,42,0,0,healthy,0,1.5891615,-2.192973,-1.8755176,2026
956776813a4099b08f40,data/plantvillage/raw/color/Apple___healthy/3a5916ba-0db8-4aff-a282-26f33b056832___RS_HL 8125.JPG,healthy,0,g1315,s_reliability,reliability_train,gaussian_noise,8025661049749262528,,,,0.038070744084805756,42,0,0,healthy,0,3.1897068,-1.6712432,-4.32549,2026
409fd3a82f1c67494fa5,data/plantvillage/raw/color/Apple___healthy/3a6789e3-2dd3-4513-b21d-be34f521c4a1___RS_HL 8031.JPG,healthy,0,g1316,s_reliability,reliability_train,original,,,,,,42,0,0,healthy,0,5.2508526,-3.0894616,-4.6491027,2026
df57ac91be5ec1924065,data/plantvillage/raw/color/Apple___healthy/3a6789e3-2dd3-4513-b21d-be34f521c4a1___RS_HL 8031.JPG,healthy,0,g1316,s_reliability,reliability_train,brightness,1241995756142752907,0.9988561310253641,,,,42,0,0,healthy,0,5.2421355,-3.07745,-4.652647,2026
139fcb1e47c8ab889cae,data/plantvillage/raw/color/Apple___healthy/3a6789e3-2dd3-4513-b21d-be34f521c4a1___RS_HL 8031.JPG,healthy,0,g1316,s_reliability,reliability_train,contrast,8681369329633621756,,1.113046524466427,,,42,0,0,healthy,0,5.301134,-3.020467,-4.744235,2026
cc89c9609e38f34adcb9,data/plantvillage/raw/color/Apple___healthy/3a6789e3-2dd3-4513-b21d-be34f521c4a1___RS_HL 8031.JPG,healthy,0,g1316,s_reliability,reliability_train,gaussian_blur,8865796838953423729,,,0.5131841379519082,,42,0,0,healthy,0,4.789877,-3.3289099,-3.9880147,2026
bce6a67fe71b76737b14,data/plantvillage/raw/color/Apple___healthy/3a6789e3-2dd3-4513-b21d-be34f521c4a1___RS_HL 8031.JPG,healthy,0,g1316,s_reliability,reliability_train,gaussian_noise,5128861664652352332,,,,0.015792008214607904,42,0,0,healthy,0,5.363602,-3.1903994,-4.657062,2026
eceb237f3cdb70d04392,data/plantvillage/raw/color/Apple___healthy/3c3127c8-58c3-43ab-9b6f-75c641db96ce___RS_HL 7282.JPG,healthy,0,g1334,s_reliability,reliability_train,original,,,,,,42,0,0,healthy,0,2.0842586,1.0777051,-5.115926,2026
ef0842702f85e3a047b6,data/plantvillage/raw/color/Apple___healthy/3c3127c8-58c3-43ab-9b6f-75c641db96ce___RS_HL 7282.JPG,healthy,0,g1334,s_reliability,reliability_train,brightness,6258809867054233409,0.8974405563435552,,,,42,0,0,healthy,0,2.044582,1.1189528,-5.1400537,2026
b281c6d4e1ebeb9e63e7,data/plantvillage/raw/color/Apple___healthy/3c3127c8-58c3-43ab-9b6f-75c641db96ce___RS_HL 7282.JPG,healthy,0,g1334,s_reliability,reliability_train,contrast,5248597774520752667,,1.2275643350806273,,,42,0,0,healthy,0,2.0074205,1.1719449,-5.1897,2026
5b2e8db1dbfefc66973e,data/plantvillage/raw/color/Apple___healthy/3c3127c8-58c3-43ab-9b6f-75c641db96ce___RS_HL 7282.JPG,healthy,0,g1334,s_reliability,reliability_train,gaussian_blur,7890006717637967904,,,1.292698201375426,,42,0,1,scab,1,-0.9085546,-0.40622085,-1.6676586,2026
da0ee4227545abce19b1,data/plantvillage/raw/color/Apple___healthy/3c3127c8-58c3-43ab-9b6f-75c641db96ce___RS_HL 7282.JPG,healthy,0,g1334,s_reliability,reliability_train,gaussian_noise,7349564608696765774,,,,0.018578379357722902,42,0,0,healthy,0,2.141575,1.0621915,-5.1684837,2026
4b959e144a03990f295a,data/plantvillage/raw/color/Apple___healthy/3e19a6c4-e5d8-4649-b403-7a8fd36b88e2___RS_HL 7533.JPG,healthy,0,g1344,s_reliability,reliability_train,original,,,,,,42,0,0,healthy,0,6.7244105,-3.4848964,-5.6285577,2026
3540c76da0b23dc47b51,data/plantvillage/raw/color/Apple___healthy/3e19a6c4-e5d8-4649-b403-7a8fd36b88e2___RS_HL 7533.JPG,healthy,0,g1344,s_reliability,reliability_train,brightness,8815151147530038372,1.224243250174725,,,,42,0,0,healthy,0,7.1257,-3.6175208,-5.847417,2026
90f9243419aca1f2640a,data/plantvillage/raw/color/Apple___healthy/3e19a6c4-e5d8-4649-b403-7a8fd36b88e2___RS_HL 7533.JPG,healthy,0,g1344,s_reliability,reliability_train,contrast,496357760210893130,,0.7997251049670722,,,42,0,0,healthy,0,6.5801945,-3.676911,-5.358399,2026
0a5333e36e9c370bf53b,data/plantvillage/raw/color/Apple___healthy/3e19a6c4-e5d8-4649-b403-7a8fd36b88e2___RS_HL 7533.JPG,healthy,0,g1344,s_reliability,reliability_train,gaussian_blur,2533080944321075860,,,0.9570526412036207,,42,0,0,healthy,0,4.0795364,-3.538171,-3.273367,2026
930b26e812d529332429,data/plantvillage/raw/color/Apple___healthy/3e19a6c4-e5d8-4649-b403-7a8fd36b88e2___RS_HL 7533.JPG,healthy,0,g1344,s_reliability,reliability_train,gaussian_noise,2032042606409621447,,,,0.03168695160351392,42,0,0,healthy,0,6.6386886,-3.398602,-5.610675,2026
c8967c910104ab7ae249,data/plantvillage/raw/color/Apple___healthy/3ecbb982-2844-4662-ad65-9a94fee38fa3___RS_HL 8060.JPG,healthy,0,g1348,s_reliability,reliability_train,original,,,,,,42,0,0,healthy,0,4.697696,-2.5513341,-5.085685,2026
2cae71e1311aba5b29da,data/plantvillage/raw/color/Apple___healthy/3ecbb982-2844-4662-ad65-9a94fee38fa3___RS_HL 8060.JPG,healthy,0,g1348,s_reliability,reliability_train,brightness,6261818532068539173,1.0546127199629467,,,,42,0,0,healthy,0,4.750413,-2.671571,-5.0051694,2026
b7bd44196d406749ebf8,data/plantvillage/raw/color/Apple___healthy/3ecbb982-2844-4662-ad65-9a94fee38fa3___RS_HL 8060.JPG,healthy,0,g1348,s_reliability,reliability_train,contrast,7344028221641242476,,0.8145703592746425,,,42,0,0,healthy,0,4.4994774,-2.4181807,-4.9930744,2026
62b59c921393b6b77278,data/plantvillage/raw/color/Apple___healthy/3ecbb982-2844-4662-ad65-9a94fee38fa3___RS_HL 8060.JPG,healthy,0,g1348,s_reliability,reliability_train,gaussian_blur,2468952683676613073,,,0.8033459185713173,,42,0,0,healthy,0,2.28208,-3.0234134,-2.9317265,2026
e323e9fcc8512398561c,data/plantvillage/raw/color/Apple___healthy/3ecbb982-2844-4662-ad65-9a94fee38fa3___RS_HL 8060.JPG,healthy,0,g1348,s_reliability,reliability_train,gaussian_noise,912712397371915938,,,,0.0194837463655053,42,0,0,healthy,0,4.7447996,-2.6042724,-5.115127,2026
75d69d1b8e44b73fdd6a,data/plantvillage/raw/color/Apple___healthy/3ee00792-0430-445e-8c25-970607d2759d___RS_HL 7810.JPG,healthy,0,g1350,s_reliability,reliability_train,original,,,,,,42,0,0,healthy,0,5.273217,-0.9276429,-6.449477,2026
b8e6505cf23ba298dcb7,data/plantvillage/raw/color/Apple___healthy/3ee00792-0430-445e-8c25-970607d2759d___RS_HL 7810.JPG,healthy,0,g1350,s_reliability,reliability_train,brightness,3978865019950285422,0.7205131658037681,,,,42,0,0,healthy,0,5.3538013,-0.8875287,-6.5829973,2026
94f9ff49d9d6d0ad4655,data/plantvillage/raw/color/Apple___healthy/3ee00792-0430-445e-8c25-970607d2759d___RS_HL 7810.JPG,healthy,0,g1350,s_reliability,reliability_train,contrast,2697017036946214052,,0.7305777888574931,,,42,0,0,healthy,0,4.8069434,-0.8734899,-6.2098413,2026
572b7d8684df43eb663c,data/plantvillage/raw/color/Apple___healthy/3ee00792-0430-445e-8c25-970607d2759d___RS_HL 7810.JPG,healthy,0,g1350,s_reliability,reliability_train,gaussian_blur,6088947642697741781,,,1.3645398607941799,,42,0,0,healthy,0,1.8164337,0.0077493954,-4.147236,2026
92dc9f70602b6f88e157,data/plantvillage/raw/color/Apple___healthy/3ee00792-0430-445e-8c25-970607d2759d___RS_HL 7810.JPG,healthy,0,g1350,s_reliability,reliability_train,gaussian_noise,4928243922050948077,,,,0.021994690401382806,42,0,0,healthy,0,5.352668,-1.0298171,-6.3846364,2026
07b1fccc206ce62410f2,data/plantvillage/raw/color/Apple___healthy/3fdbd8fe-f026-4fef-b02d-b451fb60cb86___RS_HL 7353.JPG,healthy,0,g1355,s_reliability,reliability_train,original,,,,,,42,0,0,healthy,0,3.3274698,-0.33951867,-5.6757293,2026
be5f73113069ead09d54,data/plantvillage/raw/color/Apple___healthy/3fdbd8fe-f026-4fef-b02d-b451fb60cb86___RS_HL 7353.JPG,healthy,0,g1355,s_reliability,reliability_train,brightness,6450791447265683093,1.2539589195692333,,,,42,0,0,healthy,0,3.9186769,-0.80606514,-5.723482,2026
75130cf9278e68fe47b7,data/plantvillage/raw/color/Apple___healthy/3fdbd8fe-f026-4fef-b02d-b451fb60cb86___RS_HL 7353.JPG,healthy,0,g1355,s_reliability,reliability_train,contrast,7553668962718951215,,1.0923227598578475,,,42,0,0,healthy,0,3.4545934,-0.36349055,-5.79042,2026
655f1683723a32f5b1b8,data/plantvillage/raw/color/Apple___healthy/3fdbd8fe-f026-4fef-b02d-b451fb60cb86___RS_HL 7353.JPG,healthy,0,g1355,s_reliability,reliability_train,gaussian_blur,2460142792813140522,,,0.6096785773741586,,42,0,0,healthy,0,2.2258277,-0.77200824,-4.327104,2026
fbcca6ac72089fb1c1aa,data/plantvillage/raw/color/Apple___healthy/3fdbd8fe-f026-4fef-b02d-b451fb60cb86___RS_HL 7353.JPG,healthy,0,g1355,s_reliability,reliability_train,gaussian_noise,2191585714661714038,,,,0.042177608453317826,42,0,0,healthy,0,3.6915288,-0.7001907,-5.6053367,2026
53eaf42a1219d088b379,data/plantvillage/raw/color/Apple___healthy/405ca310-f708-4815-b121-5bb315d98f6f___RS_HL 6122.JPG,healthy,0,g1360,s_reliability,reliability_train,original,,,,,,42,0,0,healthy,0,4.989173,-3.5088859,-4.1792946,2026
afe5304d6acc9ff6b308,data/plantvillage/raw/color/Apple___healthy/405ca310-f708-4815-b121-5bb315d98f6f___RS_HL 6122.JPG,healthy,0,g1360,s_reliability,reliability_train,brightness,1039800509337618418,1.0648198303083638,,,,42,0,0,healthy,0,4.9973564,-3.4694178,-4.198923,2026
107f16fd0a8acab821c6,data/plantvillage/raw/color/Apple___healthy/405ca310-f708-4815-b121-5bb315d98f6f___RS_HL 6122.JPG,healthy,0,g1360,s_reliability,reliability_train,contrast,1459617272680474982,,0.9035059486996793,,,42,0,0,healthy,0,4.6456823,-3.4609888,-4.0402236,2026
a87ead22d5c58d3a29d2,data/plantvillage/raw/color/Apple___healthy/405ca310-f708-4815-b121-5bb315d98f6f___RS_HL 6122.JPG,healthy,0,g1360,s_reliability,reliability_train,gaussian_blur,3519049683091209609,,,0.7196036779490695,,42,0,0,healthy,0,2.981437,-3.235201,-2.9136975,2026
9f4adfb8cef68b1b4e36,data/plantvillage/raw/color/Apple___healthy/405ca310-f708-4815-b121-5bb315d98f6f___RS_HL 6122.JPG,healthy,0,g1360,s_reliability,reliability_train,gaussian_noise,1475290202179802283,,,,0.012314371975360738,42,0,0,healthy,0,5.055514,-3.4752042,-4.238841,2026
badd7e6a89a9fb00a7af,data/plantvillage/raw/color/Apple___healthy/42fdd9ce-6860-4862-8717-4f147884c7d6___RS_HL 5739.JPG,healthy,0,g1371,s_reliability,reliability_val,original,,,,,,42,0,0,healthy,0,3.8620362,-0.84836614,-5.3246484,2026
58360bf71ca9c7a35c14,data/plantvillage/raw/color/Apple___healthy/42fdd9ce-6860-4862-8717-4f147884c7d6___RS_HL 5739.JPG,healthy,0,g1371,s_reliability,reliability_val,brightness,6236508226364944581,1.0008078788225458,,,,42,0,0,healthy,0,3.8620362,-0.84836614,-5.3246484,2026
ce67132b1071c9c747b5,data/plantvillage/raw/color/Apple___healthy/42fdd9ce-6860-4862-8717-4f147884c7d6___RS_HL 5739.JPG,healthy,0,g1371,s_reliability,reliability_val,contrast,5929414054936513595,,1.0589715909137976,,,42,0,0,healthy,0,4.223626,-1.1000806,-5.3748503,2026
b9fcfaa7401d7d6339b0,data/plantvillage/raw/color/Apple___healthy/42fdd9ce-6860-4862-8717-4f147884c7d6___RS_HL 5739.JPG,healthy,0,g1371,s_reliability,reliability_val,gaussian_blur,8167123783358559771,,,1.3567383638777089,,42,0,0,healthy,0,1.1509321,-1.3850468,-2.2675283,2026
6d440ee96d87b310cc1e,data/plantvillage/raw/color/Apple___healthy/42fdd9ce-6860-4862-8717-4f147884c7d6___RS_HL 5739.JPG,healthy,0,g1371,s_reliability,reliability_val,gaussian_noise,3790065866006675726,,,,0.013532369936064633,42,0,0,healthy,0,3.9944773,-0.8611774,-5.3936095,2026
383b557624f40bf3b168,data/plantvillage/raw/color/Apple___healthy/47c9915d-7fb5-4426-a1b8-5928c3b20666___RS_HL 7565.JPG,healthy,0,g1399,s_reliability,reliability_train,original,,,,,,42,0,0,healthy,0,4.923359,-3.8754554,-3.652805,2026
900c46302ee197dedd5f,data/plantvillage/raw/color/Apple___healthy/47c9915d-7fb5-4426-a1b8-5928c3b20666___RS_HL 7565.JPG,healthy,0,g1399,s_reliability,reliability_train,brightness,3458179382525340230,0.8768280760596563,,,,42,0,0,healthy,0,4.8959093,-3.9686012,-3.5477953,2026
e42208311ce93a1ab5b0,data/plantvillage/raw/color/Apple___healthy/47c9915d-7fb5-4426-a1b8-5928c3b20666___RS_HL 7565.JPG,healthy,0,g1399,s_reliability,reliability_train,contrast,4792116895924824997,,1.2968273833813166,,,42,0,0,healthy,0,5.010492,-3.4673166,-3.9117453,2026
8a2d27cfc8eefb680ae0,data/plantvillage/raw/color/Apple___healthy/47c9915d-7fb5-4426-a1b8-5928c3b20666___RS_HL 7565.JPG,healthy,0,g1399,s_reliability,reliability_train,gaussian_blur,2398796723348435533,,,0.7610477701779235,,42,0,0,healthy,0,3.5827036,-3.6568842,-2.4566643,2026
4118685767a39f4308c8,data/plantvillage/raw/color/Apple___healthy/47c9915d-7fb5-4426-a1b8-5928c3b20666___RS_HL 7565.JPG,healthy,0,g1399,s_reliability,reliability_train,gaussian_noise,6826190666832784370,,,,0.018806707301706235,42,0,0,healthy,0,4.9680552,-3.8855586,-3.6911483,2026
6f4ea95168506bb53b15,data/plantvillage/raw/color/Apple___healthy/48ff38b5-5af1-44e5-9d94-ee9a32715aba___RS_HL 6109.JPG,healthy,0,g1405,s_reliability,reliability_train,original,,,,,,42,0,0,healthy,0,7.6657405,-3.9457712,-5.4663405,2026
ef0b081f8f0dc27bdead,data/plantvillage/raw/color/Apple___healthy/48ff38b5-5af1-44e5-9d94-ee9a32715aba___RS_HL 6109.JPG,healthy,0,g1405,s_reliability,reliability_train,brightness,8265568081454588576,0.8748784983346176,,,,42,0,0,healthy,0,7.690951,-3.9067647,-5.5198007,2026
cef6b0f522e99ab6937e,data/plantvillage/raw/color/Apple___healthy/48ff38b5-5af1-44e5-9d94-ee9a32715aba___RS_HL 6109.JPG,healthy,0,g1405,s_reliability,reliability_train,contrast,7639465631479528904,,1.1937847371430166,,,42,0,0,healthy,0,7.832713,-4.0122585,-5.51618,2026
6be7d1e001d066dc8d97,data/plantvillage/raw/color/Apple___healthy/48ff38b5-5af1-44e5-9d94-ee9a32715aba___RS_HL 6109.JPG,healthy,0,g1405,s_reliability,reliability_train,gaussian_blur,8245089935101121542,,,1.0490862675960422,,42,0,0,healthy,0,4.5412064,-3.7956822,-2.926548,2026
8a90030e94288d41b9aa,data/plantvillage/raw/color/Apple___healthy/48ff38b5-5af1-44e5-9d94-ee9a32715aba___RS_HL 6109.JPG,healthy,0,g1405,s_reliability,reliability_train,gaussian_noise,7754948854122344681,,,,0.040074627492996145,42,0,0,healthy,0,7.723648,-3.6723228,-5.832151,2026
abdae9e442a7760befcd,data/plantvillage/raw/color/Apple___healthy/491f5957-ed75-4198-b988-4f0c834cd4ec___RS_HL 6043.JPG,healthy,0,g1406,s_reliability,reliability_train,original,,,,,,42,0,0,healthy,0,6.461124,-5.5437493,-3.6248975,2026
14873ea6bddf0c017790,data/plantvillage/raw/color/Apple___healthy/491f5957-ed75-4198-b988-4f0c834cd4ec___RS_HL 6043.JPG,healthy,0,g1406,s_reliability,reliability_train,brightness,8712182422052623379,0.749331904213608,,,,42,0,0,healthy,0,6.4632964,-5.4569225,-3.6575282,2026
b10351bd64183aac6028,data/plantvillage/raw/color/Apple___healthy/491f5957-ed75-4198-b988-4f0c834cd4ec___RS_HL 6043.JPG,healthy,0,g1406,s_reliability,reliability_train,contrast,973035005138600045,,1.016263078111101,,,42,0,0,healthy,0,6.4449058,-5.5510235,-3.6139007,2026
c1880091262475cbdc95,data/plantvillage/raw/color/Apple___healthy/491f5957-ed75-4198-b988-4f0c834cd4ec___RS_HL 6043.JPG,healthy,0,g1406,s_reliability,reliability_train,gaussian_blur,786433876287483055,,,0.5755903064464003,,42,0,0,healthy,0,5.265538,-5.3778934,-2.5851295,2026
2c5207664a6b77c9e869,data/plantvillage/raw/color/Apple___healthy/491f5957-ed75-4198-b988-4f0c834cd4ec___RS_HL 6043.JPG,healthy,0,g1406,s_reliability,reliability_train,gaussian_noise,1838935000179726131,,,,0.03435577916383729,42,0,0,healthy,0,6.3925366,-5.293032,-3.8683088,2026
b654ff402e57aefa750b,data/plantvillage/raw/color/Apple___healthy/49cc68a3-a1df-47c2-99d5-c2cb3a4c0227___RS_HL 7854.JPG,healthy,0,g1410,s_reliability,reliability_train,original,,,,,,42,0,0,healthy,0,4.166814,-1.4308571,-5.2218533,2026
347884eb867a831784fe,data/plantvillage/raw/color/Apple___healthy/49cc68a3-a1df-47c2-99d5-c2cb3a4c0227___RS_HL 7854.JPG,healthy,0,g1410,s_reliability,reliability_train,brightness,6551864916529704329,1.1746838285936612,,,,42,0,0,healthy,0,4.3606744,-1.5947803,-5.1304107,2026
bf3c6bed49b3e5fb6453,data/plantvillage/raw/color/Apple___healthy/49cc68a3-a1df-47c2-99d5-c2cb3a4c0227___RS_HL 7854.JPG,healthy,0,g1410,s_reliability,reliability_train,contrast,826129369475956326,,0.8772023655068188,,,42,0,0,healthy,0,3.9384954,-1.3356616,-5.136369,2026
668cbd5f00c194569f21,data/plantvillage/raw/color/Apple___healthy/49cc68a3-a1df-47c2-99d5-c2cb3a4c0227___RS_HL 7854.JPG,healthy,0,g1410,s_reliability,reliability_train,gaussian_blur,8931555925963929645,,,1.0791082339134248,,42,0,0,healthy,0,0.98468477,-1.0070577,-2.8930895,2026
a9a3695cfc952cf10b6b,data/plantvillage/raw/color/Apple___healthy/49cc68a3-a1df-47c2-99d5-c2cb3a4c0227___RS_HL 7854.JPG,healthy,0,g1410,s_reliability,reliability_train,gaussian_noise,8358645326937114705,,,,0.019871033849552834,42,0,0,healthy,0,4.390676,-1.5551473,-5.243908,2026
5e4949b0e988a7b4f924,data/plantvillage/raw/color/Apple___healthy/49d18ffd-bfd4-435d-bffb-fe66ec0e3af6___RS_HL 5647.JPG,healthy,0,g1411,s_reliability,reliability_train,original,,,,,,42,0,0,healthy,0,5.1747036,-2.1627843,-5.236391,2026
f550299b32333210cfb1,data/plantvillage/raw/color/Apple___healthy/49d18ffd-bfd4-435d-bffb-fe66ec0e3af6___RS_HL 5647.JPG,healthy,0,g1411,s_reliability,reliability_train,brightness,38995610282541778,1.2569655608313366,,,,42,0,0,healthy,0,5.41257,-2.3977377,-5.295786,2026
06cc6310c262acf850b1,data/plantvillage/raw/color/Apple___healthy/49d18ffd-bfd4-435d-bffb-fe66ec0e3af6___RS_HL 5647.JPG,healthy,0,g1411,s_reliability,reliability_train,contrast,2206902783178441924,,1.2489931559982672,,,42,0,0,healthy,0,4.59913,-2.050238,-5.115884,2026
ebcbfbb69763f4cf4af6,data/plantvillage/raw/color/Apple___healthy/49d18ffd-bfd4-435d-bffb-fe66ec0e3af6___RS_HL 5647.JPG,healthy,0,g1411,s_reliability,reliability_train,gaussian_blur,89483872878067575,,,1.2713781969409033,,42,0,0,healthy,0,1.5188595,-1.8781035,-2.1945689,2026
141b0ae20644d2e4c73f,data/plantvillage/raw/color/Apple___healthy/49d18ffd-bfd4-435d-bffb-fe66ec0e3af6___RS_HL 5647.JPG,healthy,0,g1411,s_reliability,reliability_train,gaussian_noise,4607686504422074694,,,,0.029359664991704934,42,0,0,healthy,0,5.558094,-2.2191777,-5.427063,2026
f0360e754a59adc11eaf,data/plantvillage/raw/color/Apple___healthy/4c7d424b-d418-4b72-84a9-2a639eabb5ec___RS_HL 5734.JPG,healthy,0,g1432,s_reliability,reliability_train,original,,,,,,42,0,0,healthy,0,6.897857,-2.1679683,-6.2070518,2026
4b6ee945897151a15594,data/plantvillage/raw/color/Apple___healthy/4c7d424b-d418-4b72-84a9-2a639eabb5ec___RS_HL 5734.JPG,healthy,0,g1432,s_reliability,reliability_train,brightness,6097414055730541397,0.7618365613552616,,,,42,0,0,healthy,0,6.788856,-2.176767,-6.202844,2026
23b14c08683f10dacee4,data/plantvillage/raw/color/Apple___healthy/4c7d424b-d418-4b72-84a9-2a639eabb5ec___RS_HL 5734.JPG,healthy,0,g1432,s_reliability,reliability_train,contrast,6576857618568072840,,0.7820240262505029,,,42,0,0,healthy,0,6.3514843,-1.8833159,-6.1334376,2026
8aedb5b2882d21656530,data/plantvillage/raw/color/Apple___healthy/4c7d424b-d418-4b72-84a9-2a639eabb5ec___RS_HL 5734.JPG,healthy,0,g1432,s_reliability,reliability_train,gaussian_blur,8676902910120535653,,,0.7158830374556387,,42,0,0,healthy,0,5.772404,-2.9801028,-4.651325,2026
efaa2e4bde452d0bf96d,data/plantvillage/raw/color/Apple___healthy/4c7d424b-d418-4b72-84a9-2a639eabb5ec___RS_HL 5734.JPG,healthy,0,g1432,s_reliability,reliability_train,gaussian_noise,8049166399150233634,,,,0.04564838132841404,42,0,0,healthy,0,7.17192,-2.3875244,-6.2466235,2026
9a40c191d201013da7c4,data/plantvillage/raw/color/Apple___healthy/4c7e1a5a-fc48-43a8-959d-c7c8ad6462b9___RS_HL 7561.JPG,healthy,0,g1433,s_reliability,reliability_train,original,,,,,,42,0,0,healthy,0,2.5295584,-0.40193614,-4.825423,2026
a99b8f779266087c19fb,data/plantvillage/raw/color/Apple___healthy/4c7e1a5a-fc48-43a8-959d-c7c8ad6462b9___RS_HL 7561.JPG,healthy,0,g1433,s_reliability,reliability_train,brightness,899148586515125989,0.8870756119306357,,,,42,0,0,healthy,0,2.3875246,-0.24975263,-4.837617,2026
990ae312dd5fd0bd570a,data/plantvillage/raw/color/Apple___healthy/4c7e1a5a-fc48-43a8-959d-c7c8ad6462b9___RS_HL 7561.JPG,healthy,0,g1433,s_reliability,reliability_train,contrast,2668759872662818711,,1.1098759500625826,,,42,0,0,healthy,0,2.5367057,-0.36350322,-4.8922224,2026
844c5a734730b6d423fd,data/plantvillage/raw/color/Apple___healthy/4c7e1a5a-fc48-43a8-959d-c7c8ad6462b9___RS_HL 7561.JPG,healthy,0,g1433,s_reliability,reliability_train,gaussian_blur,6121903965305092752,,,1.3064505511801876,,42,0,1,scab,1,-0.79196656,-0.041447535,-1.9193627,2026
73e4bbd1605d605b941c,data/plantvillage/raw/color/Apple___healthy/4c7e1a5a-fc48-43a8-959d-c7c8ad6462b9___RS_HL 7561.JPG,healthy,0,g1433,s_reliability,reliability_train,gaussian_noise,937509096791775372,,,,0.039946421581772244,42,0,0,healthy,0,2.75719,-0.31080884,-5.047394,2026
6e11c63e79a2debedd53,data/plantvillage/raw/color/Apple___healthy/4cf06978-a0b5-43a0-8da3-fda45eee2e1c___RS_HL 5777.JPG,healthy,0,g1437,s_reliability,reliability_train,original,,,,,,42,0,0,healthy,0,6.1532545,-3.065302,-4.9784465,2026
a0fd7dd2a3a226110975,data/plantvillage/raw/color/Apple___healthy/4cf06978-a0b5-43a0-8da3-fda45eee2e1c___RS_HL 5777.JPG,healthy,0,g1437,s_reliability,reliability_train,brightness,5270724279091708818,0.8159364425948474,,,,42,0,0,healthy,0,5.8565884,-2.9335124,-4.8896217,2026
2f5409ad90cb9801b5bf,data/plantvillage/raw/color/Apple___healthy/4cf06978-a0b5-43a0-8da3-fda45eee2e1c___RS_HL 5777.JPG,healthy,0,g1437,s_reliability,reliability_train,contrast,5623552690521448384,,0.7439587782307833,,,42,0,0,healthy,0,4.783772,-2.3321996,-4.5316305,2026
4a031748798a1929560b,data/plantvillage/raw/color/Apple___healthy/4cf06978-a0b5-43a0-8da3-fda45eee2e1c___RS_HL 5777.JPG,healthy,0,g1437,s_reliability,reliability_train,gaussian_blur,6379474819202474013,,,1.0881912169353511,,42,0,0,healthy,0,3.86616,-3.3366547,-2.9696617,2026
cf15b007de996116134b,data/plantvillage/raw/color/Apple___healthy/4cf06978-a0b5-43a0-8da3-fda45eee2e1c___RS_HL 5777.JPG,healthy,0,g1437,s_reliability,reliability_train,gaussian_noise,8755860516129494549,,,,0.019971439971688817,42,0,0,healthy,0,6.227837,-2.9961677,-5.0563626,2026
bc2a2f7b218092fbd7a3,data/plantvillage/raw/color/Apple___healthy/4e817ac6-818a-431f-af6d-e44477f9b649___RS_HL 7616.JPG,healthy,0,g1447,s_reliability,reliability_val,original,,,,,,42,0,0,healthy,0,4.277854,-2.9337718,-4.4178495,2026
5f7092c1be0ee43fb570,data/plantvillage/raw/color/Apple___healthy/4e817ac6-818a-431f-af6d-e44477f9b649___RS_HL 7616.JPG,healthy,0,g1447,s_reliability,reliability_val,brightness,8272766428416713486,0.7076234249463137,,,,42,0,0,healthy,0,4.2607913,-2.4819162,-4.784012,2026
03afb10be3128cbf4f7e,data/plantvillage/raw/color/Apple___healthy/4e817ac6-818a-431f-af6d-e44477f9b649___RS_HL 7616.JPG,healthy,0,g1447,s_reliability,reliability_val,contrast,8691162153853494799,,0.861478383678493,,,42,0,0,healthy,0,4.297846,-3.03243,-4.3514776,2026
fc9a32755227c3357992,data/plantvillage/raw/color/Apple___healthy/4e817ac6-818a-431f-af6d-e44477f9b649___RS_HL 7616.JPG,healthy,0,g1447,s_reliability,reliability_val,gaussian_blur,504532771044227479,,,0.5855702785021818,,42,0,0,healthy,0,2.68746,-2.756025,-3.2222636,2026
56d71cd45b5f64fb1d01,data/plantvillage/raw/color/Apple___healthy/4e817ac6-818a-431f-af6d-e44477f9b649___RS_HL 7616.JPG,healthy,0,g1447,s_reliability,reliability_val,gaussian_noise,7501607120797526877,,,,0.02531252212843504,42,0,0,healthy,0,4.368594,-2.953342,-4.575834,2026
0e324bf68a07276848fa,data/plantvillage/raw/color/Apple___healthy/4ffc00fe-a8ce-4103-9fab-30165684d8c5___RS_HL 7490.JPG,healthy,0,g1457,s_reliability,reliability_val,original,,,,,,42,0,0,healthy,0,3.8268676,-3.169254,-3.4812317,2026
bef78ef5a7748eae8e39,data/plantvillage/raw/color/Apple___healthy/4ffc00fe-a8ce-4103-9fab-30165684d8c5___RS_HL 7490.JPG,healthy,0,g1457,s_reliability,reliability_val,brightness,8965277051811695334,1.0886976116934013,,,,42,0,0,healthy,0,3.6819491,-3.1802166,-3.3709302,2026
431f604de6cf6e529871,data/plantvillage/raw/color/Apple___healthy/4ffc00fe-a8ce-4103-9fab-30165684d8c5___RS_HL 7490.JPG,healthy,0,g1457,s_reliability,reliability_val,contrast,1554522888076616006,,0.7178376150358542,,,42,0,0,healthy,0,4.0663085,-3.2658832,-3.4930873,2026
f252a155e5f9d6753293,data/plantvillage/raw/color/Apple___healthy/4ffc00fe-a8ce-4103-9fab-30165684d8c5___RS_HL 7490.JPG,healthy,0,g1457,s_reliability,reliability_val,gaussian_blur,2748145623421535822,,,1.4060595249914383,,42,0,0,healthy,0,0.4272174,-3.1849287,-0.8831961,2026
fba00b91318e4d11e6ec,data/plantvillage/raw/color/Apple___healthy/4ffc00fe-a8ce-4103-9fab-30165684d8c5___RS_HL 7490.JPG,healthy,0,g1457,s_reliability,reliability_val,gaussian_noise,462896590816366934,,,,0.047153158880600045,42,0,0,healthy,0,3.8293006,-2.659146,-3.823519,2026
dfcab7d2bce2d550ceb8,data/plantvillage/raw/color/Apple___healthy/51ad3661-ed25-4c8f-9f90-44f8f0f042e0___RS_HL 7645.JPG,healthy,0,g1466,s_reliability,reliability_train,original,,,,,,42,0,0,healthy,0,3.028819,-3.8106441,-2.0249467,2026
2ebdb1b0a95e4d05981f,data/plantvillage/raw/color/Apple___healthy/51ad3661-ed25-4c8f-9f90-44f8f0f042e0___RS_HL 7645.JPG,healthy,0,g1466,s_reliability,reliability_train,brightness,3165673064858696729,0.7414182785335581,,,,42,0,0,healthy,0,3.5624192,-3.9167624,-2.434263,2026
04d32120dae8932b7c69,data/plantvillage/raw/color/Apple___healthy/51ad3661-ed25-4c8f-9f90-44f8f0f042e0___RS_HL 7645.JPG,healthy,0,g1466,s_reliability,reliability_train,contrast,6057929921280189513,,1.2016337042170917,,,42,0,0,healthy,0,2.9112382,-3.666311,-2.0965967,2026
7c86c156417d27dd503f,data/plantvillage/raw/color/Apple___healthy/51ad3661-ed25-4c8f-9f90-44f8f0f042e0___RS_HL 7645.JPG,healthy,0,g1466,s_reliability,reliability_train,gaussian_blur,7638337203520799418,,,0.6834166568232849,,42,0,0,healthy,0,2.1670463,-3.754455,-1.2105938,2026
0e5c05b282ac6140cb8f,data/plantvillage/raw/color/Apple___healthy/51ad3661-ed25-4c8f-9f90-44f8f0f042e0___RS_HL 7645.JPG,healthy,0,g1466,s_reliability,reliability_train,gaussian_noise,2766239035338017498,,,,0.015578864432342798,42,0,0,healthy,0,3.0858803,-3.7603936,-2.1288838,2026
756be669e872a4cc5396,data/plantvillage/raw/color/Apple___healthy/5348c7f1-02d4-40ae-989e-1537043644cf___RS_HL 7657.JPG,healthy,0,g1478,s_reliability,reliability_train,original,,,,,,42,0,0,healthy,0,3.9744825,-1.0999833,-4.115011,2026
ea2d705b1fc32261d708,data/plantvillage/raw/color/Apple___healthy/5348c7f1-02d4-40ae-989e-1537043644cf___RS_HL 7657.JPG,healthy,0,g1478,s_reliability,reliability_train,brightness,6359110260529476195,1.045731529517582,,,,42,0,0,healthy,0,3.9684043,-1.0176383,-4.136718,2026
bd7d2d1f71f8c2d2130d,data/plantvillage/raw/color/Apple___healthy/5348c7f1-02d4-40ae-989e-1537043644cf___RS_HL 7657.JPG,healthy,0,g1478,s_reliability,reliability_train,contrast,217541770573802525,,1.1981669504262342,,,42,0,0,healthy,0,3.88782,-0.58937275,-4.301869,2026
3c69ba83f2977a54460c,data/plantvillage/raw/color/Apple___healthy/5348c7f1-02d4-40ae-989e-1537043644cf___RS_HL 7657.JPG,healthy,0,g1478,s_reliability,reliability_train,gaussian_blur,1988877725652765000,,,0.9819114453820889,,42,0,0,healthy,0,2.560507,-1.3647617,-2.919952,2026
981b42c0e6b2086884fa,data/plantvillage/raw/color/Apple___healthy/5348c7f1-02d4-40ae-989e-1537043644cf___RS_HL 7657.JPG,healthy,0,g1478,s_reliability,reliability_train,gaussian_noise,494349574615025371,,,,0.039080262380177526,42,0,0,healthy,0,4.127571,-0.7386585,-4.423641,2026
a002885e72727396b4a9,data/plantvillage/raw/color/Apple___healthy/53ad897b-864f-414f-84e7-0ea0ce53fa1d___RS_HL 7273.JPG,healthy,0,g1481,s_reliability,reliability_train,original,,,,,,42,0,0,healthy,0,1.9286484,-0.42828494,-3.518552,2026
8790cb443f20892a6166,data/plantvillage/raw/color/Apple___healthy/53ad897b-864f-414f-84e7-0ea0ce53fa1d___RS_HL 7273.JPG,healthy,0,g1481,s_reliability,reliability_train,brightness,1113252340624148348,0.8871686025162454,,,,42,0,0,healthy,0,1.8007212,-0.42776462,-3.4907854,2026
5e8a6c60781418b186cc,data/plantvillage/raw/color/Apple___healthy/53ad897b-864f-414f-84e7-0ea0ce53fa1d___RS_HL 7273.JPG,healthy,0,g1481,s_reliability,reliability_train,contrast,2596376182190596817,,1.2257803369253724,,,42,0,0,healthy,0,1.9912838,-0.37883312,-3.3583694,2026
060d0e85ce4b2a0826e4,data/plantvillage/raw/color/Apple___healthy/53ad897b-864f-414f-84e7-0ea0ce53fa1d___RS_HL 7273.JPG,healthy,0,g1481,s_reliability,reliability_train,gaussian_blur,8157573867186126205,,,0.9771442367444192,,42,0,0,healthy,0,0.6016867,-0.9227789,-1.6746963,2026
2c94898b655221f6f32b,data/plantvillage/raw/color/Apple___healthy/53ad897b-864f-414f-84e7-0ea0ce53fa1d___RS_HL 7273.JPG,healthy,0,g1481,s_reliability,reliability_train,gaussian_noise,610073413191036128,,,,0.04537245464377365,42,0,0,healthy,0,1.8086951,-0.2129138,-3.545183,2026
2bd656c7dc901c1122f9,data/plantvillage/raw/color/Apple___healthy/53d09cc6-89ef-4180-a823-31c5f6566656___RS_HL 6070.JPG,healthy,0,g1483,s_reliability,reliability_val,original,,,,,,42,0,0,healthy,0,6.5770397,-3.2210565,-5.494639,2026
16898e28ec1b96a206ed,data/plantvillage/raw/color/Apple___healthy/53d09cc6-89ef-4180-a823-31c5f6566656___RS_HL 6070.JPG,healthy,0,g1483,s_reliability,reliability_val,brightness,2238701526703798451,0.9671397929189355,,,,42,0,0,healthy,0,6.544133,-3.201394,-5.4831157,2026
f82dc967932655c1299a,data/plantvillage/raw/color/Apple___healthy/53d09cc6-89ef-4180-a823-31c5f6566656___RS_HL 6070.JPG,healthy,0,g1483,s_reliability,reliability_val,contrast,9131374616145801325,,0.8754488242035272,,,42,0,0,healthy,0,6.005456,-3.0352535,-5.2802463,2026
1d3c836d40f0c57ba72f,data/plantvillage/raw/color/Apple___healthy/53d09cc6-89ef-4180-a823-31c5f6566656___RS_HL 6070.JPG,healthy,0,g1483,s_reliability,reliability_val,gaussian_blur,7887380826148214169,,,0.6645919905507529,,42,0,0,healthy,0,5.4450197,-3.2046025,-4.5703344,2026
e617bf1827d6b439e722,data/plantvillage/raw/color/Apple___healthy/53d09cc6-89ef-4180-a823-31c5f6566656___RS_HL 6070.JPG,healthy,0,g1483,s_reliability,reliability_val,gaussian_noise,5120092060712034611,,,,0.026919448147694647,42,0,0,healthy,0,6.492252,-2.8779013,-5.741504,2026
ce007dea7325d47b5b61,data/plantvillage/raw/color/Apple___healthy/54c9c89e-7cb7-4c1e-8bbe-f33ca90df541___RS_HL 7766.JPG,healthy,0,g1484,s_reliability,reliability_train,original,,,,,,42,0,0,healthy,0,5.645472,-2.4836428,-5.4739413,2026
0f9a861f97ffb55ba710,data/plantvillage/raw/color/Apple___healthy/54c9c89e-7cb7-4c1e-8bbe-f33ca90df541___RS_HL 7766.JPG,healthy,0,g1484,s_reliability,reliability_train,brightness,3068897504643314368,1.0400154455227972,,,,42,0,0,healthy,0,5.6402802,-2.5025966,-5.446063,2026
d20258b401334e7dab6b,data/plantvillage/raw/color/Apple___healthy/54c9c89e-7cb7-4c1e-8bbe-f33ca90df541___RS_HL 7766.JPG,healthy,0,g1484,s_reliability,reliability_train,contrast,7704007147832224455,,1.0186487552692074,,,42,0,0,healthy,0,5.6102886,-2.4571083,-5.4808836,2026
74d4e3efc9297bc0b4f8,data/plantvillage/raw/color/Apple___healthy/54c9c89e-7cb7-4c1e-8bbe-f33ca90df541___RS_HL 7766.JPG,healthy,0,g1484,s_reliability,reliability_train,gaussian_blur,4755359280625894804,,,1.2583801313193592,,42,0,0,healthy,0,1.3616612,-2.3064907,-2.3342922,2026
f7272e9beb2446c3621c,data/plantvillage/raw/color/Apple___healthy/54c9c89e-7cb7-4c1e-8bbe-f33ca90df541___RS_HL 7766.JPG,healthy,0,g1484,s_reliability,reliability_train,gaussian_noise,4078785035294965766,,,,0.019052110458599177,42,0,0,healthy,0,5.6333985,-2.4907417,-5.5153685,2026
8996fdcb5eeb24d61c0c,data/plantvillage/raw/color/Apple___healthy/567114a3-0ce7-42e3-8245-ca6f3e27cf43___RS_HL 8001.JPG,healthy,0,g1497,s_reliability,reliability_train,original,,,,,,42,0,0,healthy,0,4.958383,-1.5201066,-5.3203125,2026
f351fc7adeaec1f6f825,data/plantvillage/raw/color/Apple___healthy/567114a3-0ce7-42e3-8245-ca6f3e27cf43___RS_HL 8001.JPG,healthy,0,g1497,s_reliability,reliability_train,brightness,8088162282007623705,0.959139249982941,,,,42,0,0,healthy,0,4.9526544,-1.4666933,-5.3655496,2026
0be561fb3617cd1a7b92,data/plantvillage/raw/color/Apple___healthy/567114a3-0ce7-42e3-8245-ca6f3e27cf43___RS_HL 8001.JPG,healthy,0,g1497,s_reliability,reliability_train,contrast,7609225866446402016,,1.2847478078294174,,,42,0,0,healthy,0,5.4563217,-1.8229092,-5.5731373,2026
386f9c5885ba630fd613,data/plantvillage/raw/color/Apple___healthy/567114a3-0ce7-42e3-8245-ca6f3e27cf43___RS_HL 8001.JPG,healthy,0,g1497,s_reliability,reliability_train,gaussian_blur,7098207904840036793,,,0.5574318204788808,,42,0,0,healthy,0,3.5081637,-1.898242,-4.0372243,2026
cb626a0279ec13d1d38e,data/plantvillage/raw/color/Apple___healthy/567114a3-0ce7-42e3-8245-ca6f3e27cf43___RS_HL 8001.JPG,healthy,0,g1497,s_reliability,reliability_train,gaussian_noise,6256359453476808949,,,,0.049611426268527214,42,0,0,healthy,0,4.8956356,-1.145268,-5.58759,2026
36d2bd585c3fe6175296,data/plantvillage/raw/color/Apple___healthy/56c024f5-844e-47d0-a936-d1617219125c___RS_HL 7776.JPG,healthy,0,g1501,s_reliability,reliability_train,original,,,,,,42,0,0,healthy,0,2.9136486,-3.1577365,-3.4580436,2026
7228529e3248c4e8c412,data/plantvillage/raw/color/Apple___healthy/56c024f5-844e-47d0-a936-d1617219125c___RS_HL 7776.JPG,healthy,0,g1501,s_reliability,reliability_train,brightness,541501397559995801,0.785766551518446,,,,42,0,0,healthy,0,3.1164997,-3.1925657,-3.5816488,2026
9ffd65a6036aeee6e247,data/plantvillage/raw/color/Apple___healthy/56c024f5-844e-47d0-a936-d1617219125c___RS_HL 7776.JPG,healthy,0,g1501,s_reliability,reliability_train,contrast,4600129455390426382,,1.1112737157049173,,,42,0,0,healthy,0,2.9091647,-3.0936437,-3.4943948,2026
54d063f6555234211171,data/plantvillage/raw/color/Apple___healthy/56c024f5-844e-47d0-a936-d1617219125c___RS_HL 7776.JPG,healthy,0,g1501,s_reliability,reliability_train,gaussian_blur,1718581694196434915,,,1.0265063996198442,,42,0,0,healthy,0,0.7415509,-3.6582234,-1.1276326,2026
452bf42617ae5e755c82,data/plantvillage/raw/color/Apple___healthy/56c024f5-844e-47d0-a936-d1617219125c___RS_HL 7776.JPG,healthy,0,g1501,s_reliability,reliability_train,gaussian_noise,1856449655640038766,,,,0.026434035084449338,42,0,0,healthy,0,2.9829962,-3.075847,-3.531951,2026
469b33f1abfea5c70f1b,data/plantvillage/raw/color/Apple___healthy/5820f6e9-8564-4b16-b548-4565567b07c0___RS_HL 7793.JPG,healthy,0,g1509,s_reliability,reliability_val,original,,,,,,42,0,0,healthy,0,5.3919005,-4.927663,-3.3889544,2026
b5a00f29046fbe978373,data/plantvillage/raw/color/Apple___healthy/5820f6e9-8564-4b16-b548-4565567b07c0___RS_HL 7793.JPG,healthy,0,g1509,s_reliability,reliability_val,brightness,1665453520450782447,0.819205475262164,,,,42,0,0,healthy,0,5.2872653,-4.716104,-3.5165684,2026
4c2ce6542dab16c00bd5,data/plantvillage/raw/color/Apple___healthy/5820f6e9-8564-4b16-b548-4565567b07c0___RS_HL 7793.JPG,healthy,0,g1509,s_reliability,reliability_val,contrast,9123031017387689301,,0.9425647822581287,,,42,0,0,healthy,0,5.330582,-4.9332666,-3.362294,2026
6e532070482dcf39bfb9,data/plantvillage/raw/color/Apple___healthy/5820f6e9-8564-4b16-b548-4565567b07c0___RS_HL 7793.JPG,healthy,0,g1509,s_reliability,reliability_val,gaussian_blur,2729061760565039708,,,1.0213164996446853,,42,0,0,healthy,0,1.5519538,-4.8737645,-0.75576967,2026
ada8c3210e7bb3a0b09c,data/plantvillage/raw/color/Apple___healthy/5820f6e9-8564-4b16-b548-4565567b07c0___RS_HL 7793.JPG,healthy,0,g1509,s_reliability,reliability_val,gaussian_noise,3656273056936406663,,,,0.031881224960282006,42,0,0,healthy,0,5.4202294,-4.7708993,-3.5057611,2026
d2bdfa398990bdc70fd0,data/plantvillage/raw/color/Apple___healthy/58bebbd8-1cfa-486b-86b3-64cf33697320___RS_HL 7651.JPG,healthy,0,g1512,s_reliability,reliability_val,original,,,,,,42,0,0,healthy,0,1.682262,-1.5709054,-3.341796,2026
2c76eea49e4b2d8b6982,data/plantvillage/raw/color/Apple___healthy/58bebbd8-1cfa-486b-86b3-64cf33697320___RS_HL 7651.JPG,healthy,0,g1512,s_reliability,reliability_val,brightness,8318462555587832718,1.1105480448004454,,,,42,0,0,healthy,0,1.6438892,-1.6262542,-3.2763133,2026
d6518df1d3439fa1e613,data/plantvillage/raw/color/Apple___healthy/58bebbd8-1cfa-486b-86b3-64cf33697320___RS_HL 7651.JPG,healthy,0,g1512,s_reliability,reliability_val,contrast,3219539688727839685,,1.2878230273667106,,,42,0,0,healthy,0,1.4416323,-1.3728724,-3.463895,2026
3b1d621caa12f185636b,data/plantvillage/raw/color/Apple___healthy/58bebbd8-1cfa-486b-86b3-64cf33697320___RS_HL 7651.JPG,healthy,0,g1512,s_reliability,reliability_val,gaussian_blur,3777490093566635183,,,0.9456380543459444,,42,0,0,healthy,0,-0.119423606,-0.78659594,-2.1548376,2026
11c2ab662ffd2b470083,data/plantvillage/raw/color/Apple___healthy/58bebbd8-1cfa-486b-86b3-64cf33697320___RS_HL 7651.JPG,healthy,0,g1512,s_reliability,reliability_val,gaussian_noise,9025296508272137029,,,,0.025173568652256263,42,0,0,healthy,0,2.0068834,-1.672851,-3.4343786,2026
938c47438d4e5a6da2c3,data/plantvillage/raw/color/Apple___healthy/5915bea7-aecc-4247-acfe-6e115e7c9836___RS_HL 7703.JPG,healthy,0,g1514,s_reliability,reliability_train,original,,,,,,42,0,0,healthy,0,3.737223,-2.499378,-3.8148353,2026
b37fc6c9b843ec00cf68,data/plantvillage/raw/color/Apple___healthy/5915bea7-aecc-4247-acfe-6e115e7c9836___RS_HL 7703.JPG,healthy,0,g1514,s_reliability,reliability_train,brightness,4813658850703206446,0.8153170901584577,,,,42,0,0,healthy,0,3.7134976,-2.5721262,-3.7262433,2026
d5fc3ac7eb6d01ba5e00,data/plantvillage/raw/color/Apple___healthy/5915bea7-aecc-4247-acfe-6e115e7c9836___RS_HL 7703.JPG,healthy,0,g1514,s_reliability,reliability_train,contrast,5539601601508599669,,1.2101504546396042,,,42,0,0,healthy,0,3.6906838,-2.2840614,-3.8753214,2026
04aa4b7fca5f1db74ee6,data/plantvillage/raw/color/Apple___healthy/5915bea7-aecc-4247-acfe-6e115e7c9836___RS_HL 7703.JPG,healthy,0,g1514,s_reliability,reliability_train,gaussian_blur,1956446068504089844,,,0.8704087350923484,,42,0,0,healthy,0,1.8482511,-2.439399,-2.331026,2026
2191a8413de50c092e9d,data/plantvillage/raw/color/Apple___healthy/5915bea7-aecc-4247-acfe-6e115e7c9836___RS_HL 7703.JPG,healthy,0,g1514,s_reliability,reliability_train,gaussian_noise,878659319579690382,,,,0.04813666508467836,42,0,0,healthy,0,3.539823,-2.1530592,-4.1051855,2026
ff5ac91f5185a82379cc,data/plantvillage/raw/color/Apple___healthy/5a92a89d-a10e-423c-aed8-8505e04e15dc___RS_HL 7836.JPG,healthy,0,g1522,s_reliability,reliability_train,original,,,,,,42,0,0,healthy,0,4.857106,-0.4310797,-6.1958528,2026
e4d3f4288f4797f83ded,data/plantvillage/raw/color/Apple___healthy/5a92a89d-a10e-423c-aed8-8505e04e15dc___RS_HL 7836.JPG,healthy,0,g1522,s_reliability,reliability_train,brightness,1520830202213271353,0.7105541686127609,,,,42,0,0,healthy,0,4.502451,-0.1609913,-6.131327,2026
6f8352c8293a653d9e72,data/plantvillage/raw/color/Apple___healthy/5a92a89d-a10e-423c-aed8-8505e04e15dc___RS_HL 7836.JPG,healthy,0,g1522,s_reliability,reliability_train,contrast,7202220593507275012,,1.2666514892497158,,,42,0,0,healthy,0,5.002146,-0.46908543,-6.160789,2026
2a6f91c403a4687e197a,data/plantvillage/raw/color/Apple___healthy/5a92a89d-a10e-423c-aed8-8505e04e15dc___RS_HL 7836.JPG,healthy,0,g1522,s_reliability,reliability_train,gaussian_blur,7586075286391560238,,,1.2198522228633966,,42,0,0,healthy,0,1.6224594,-0.6088595,-3.4959779,2026
78d55e166b505600b09d,data/plantvillage/raw/color/Apple___healthy/5a92a89d-a10e-423c-aed8-8505e04e15dc___RS_HL 7836.JPG,healthy,0,g1522,s_reliability,reliability_train,gaussian_noise,2237914848724011583,,,,0.026075836441134287,42,0,0,healthy,0,4.8691993,-0.36703777,-6.27555,2026
054c81d313b2df8743af,data/plantvillage/raw/color/Apple___healthy/5dba053d-d3b0-49b9-babc-4f1e8e7d3f59___RS_HL 6235.JPG,healthy,0,g1542,s_reliability,reliability_train,original,,,,,,42,0,0,healthy,0,5.9756746,-4.9514503,-3.7763948,2026
619b4b2bdefe6ccc496c,data/plantvillage/raw/color/Apple___healthy/5dba053d-d3b0-49b9-babc-4f1e8e7d3f59___RS_HL 6235.JPG,healthy,0,g1542,s_reliability,reliability_train,brightness,9180746232764080045,1.2735993753733963,,,,42,0,0,healthy,0,6.129351,-4.8328114,-3.9530041,2026
dae7a85ea32643a9c717,data/plantvillage/raw/color/Apple___healthy/5dba053d-d3b0-49b9-babc-4f1e8e7d3f59___RS_HL 6235.JPG,healthy,0,g1542,s_reliability,reliability_train,contrast,702612241584296332,,1.2713012610038763,,,42,0,0,healthy,0,6.279085,-4.9711633,-3.9639735,2026
7cd4245acce590c3f16c,data/plantvillage/raw/color/Apple___healthy/5dba053d-d3b0-49b9-babc-4f1e8e7d3f59___RS_HL 6235.JPG,healthy,0,g1542,s_reliability,reliability_train,gaussian_blur,6759611384020336553,,,1.4829724354902942,,42,0,0,healthy,0,1.2248175,-4.3335567,-1.0182947,2026
d37cb5c853d26e00a5c7,data/plantvillage/raw/color/Apple___healthy/5dba053d-d3b0-49b9-babc-4f1e8e7d3f59___RS_HL 6235.JPG,healthy,0,g1542,s_reliability,reliability_train,gaussian_noise,6557061088614018559,,,,0.022804024882217944,42,0,0,healthy,0,5.735862,-4.6898603,-3.8880215,2026
f956f09b68034332ea2a,data/plantvillage/raw/color/Apple___healthy/5ded9dac-20e0-4e68-a202-43c6723c335d___RS_HL 6186.JPG,healthy,0,g1544,s_reliability,reliability_train,original,,,,,,42,0,0,healthy,0,3.302475,-3.6119149,-2.3069072,2026
4e17249a1e92c4066c6a,data/plantvillage/raw/color/Apple___healthy/5ded9dac-20e0-4e68-a202-43c6723c335d___RS_HL 6186.JPG,healthy,0,g1544,s_reliability,reliability_train,brightness,6698776600177037617,0.8143449480241347,,,,42,0,0,healthy,0,3.3054721,-3.4365206,-2.4087715,2026
4aa4fc2aad7c79e521f7,data/plantvillage/raw/color/Apple___healthy/5ded9dac-20e0-4e68-a202-43c6723c335d___RS_HL 6186.JPG,healthy,0,g1544,s_reliability,reliability_train,contrast,4555699789360588498,,1.0861282301536361,,,42,0,0,healthy,0,3.361038,-3.6085005,-2.3229198,2026
e2e76ecf5afe85c680cf,data/plantvillage/raw/color/Apple___healthy/5ded9dac-20e0-4e68-a202-43c6723c335d___RS_HL 6186.JPG,healthy,0,g1544,s_reliability,reliability_train,gaussian_blur,5398747873461211392,,,0.8078967758601332,,42,0,0,healthy,0,3.0000725,-3.9335215,-1.4797782,2026
9386b3d69127f5b9a329,data/plantvillage/raw/color/Apple___healthy/5ded9dac-20e0-4e68-a202-43c6723c335d___RS_HL 6186.JPG,healthy,0,g1544,s_reliability,reliability_train,gaussian_noise,8453326461897653036,,,,0.016840170508898,42,0,0,healthy,0,3.298894,-3.3904068,-2.4096837,2026
c4ad5cf92a746b9a48cc,data/plantvillage/raw/color/Apple___healthy/5fc41ba8-baf5-47ce-b6e5-3741dd3b154f___RS_HL 5965.JPG,healthy,0,g1555,s_reliability,reliability_val,original,,,,,,42,0,0,healthy,0,6.3827233,-3.7944098,-4.7520256,2026
fd70d338c13b10c8b791,data/plantvillage/raw/color/Apple___healthy/5fc41ba8-baf5-47ce-b6e5-3741dd3b154f___RS_HL 5965.JPG,healthy,0,g1555,s_reliability,reliability_val,brightness,3848770044722356946,1.10300745867071,,,,42,0,0,healthy,0,6.410887,-3.7460778,-4.7840786,2026
1a340752d27e12a56021,data/plantvillage/raw/color/Apple___healthy/5fc41ba8-baf5-47ce-b6e5-3741dd3b154f___RS_HL 5965.JPG,healthy,0,g1555,s_reliability,reliability_val,contrast,6169332320879995814,,0.8130174467925076,,,42,0,0,healthy,0,6.2105594,-3.7241907,-4.7223096,2026
1656140c4f50cbbd15e0,data/plantvillage/raw/color/Apple___healthy/5fc41ba8-baf5-47ce-b6e5-3741dd3b154f___RS_HL 5965.JPG,healthy,0,g1555,s_reliability,reliability_val,gaussian_blur,6246565240410994486,,,1.357733801647408,,42,0,0,healthy,0,0.029768996,-2.9840112,-0.19358152,2026
3bbecbcac8cd70e02279,data/plantvillage/raw/color/Apple___healthy/5fc41ba8-baf5-47ce-b6e5-3741dd3b154f___RS_HL 5965.JPG,healthy,0,g1555,s_reliability,reliability_val,gaussian_noise,1205591697574462902,,,,0.04527162978220524,42,0,0,healthy,0,6.557232,-3.8780124,-4.7955523,2026
2ff76cc02d31b6d26983,data/plantvillage/raw/color/Apple___healthy/60a20878-4945-491b-adff-ca8829824261___RS_HL 5847.JPG,healthy,0,g1565,s_reliability,reliability_train,original,,,,,,42,0,0,healthy,0,6.5975204,-2.1618366,-6.919515,2026
19dda0a523fdf8a26ccb,data/plantvillage/raw/color/Apple___healthy/60a20878-4945-491b-adff-ca8829824261___RS_HL 5847.JPG,healthy,0,g1565,s_reliability,reliability_train,brightness,9046161888782899406,1.0170575221227374,,,,42,0,0,healthy,0,6.5931416,-2.1489687,-6.9158483,2026
bcc373c4699b9e4d7f3c,data/plantvillage/raw/color/Apple___healthy/60a20878-4945-491b-adff-ca8829824261___RS_HL 5847.JPG,healthy,0,g1565,s_reliability,reliability_train,contrast,3744931820277286163,,1.0882339357678585,,,42,0,0,healthy,0,6.692371,-2.1666598,-6.941989,2026
6ec1dcebc5cff60e2330,data/plantvillage/raw/color/Apple___healthy/60a20878-4945-491b-adff-ca8829824261___RS_HL 5847.JPG,healthy,0,g1565,s_reliability,reliability_train,gaussian_blur,1496450909663397664,,,0.9015543741573525,,42,0,0,healthy,0,3.119683,-2.052724,-4.696457,2026
8f0375e6fad2f280571a,data/plantvillage/raw/color/Apple___healthy/60a20878-4945-491b-adff-ca8829824261___RS_HL 5847.JPG,healthy,0,g1565,s_reliability,reliability_train,gaussian_noise,8009160448469391274,,,,0.03592810216359713,42,0,0,healthy,0,6.496777,-1.7426815,-7.3253894,2026
23f8d4797274059e8237,data/plantvillage/raw/color/Apple___healthy/61697828-b645-4f07-844a-dc9902713d3e___RS_HL 7363.JPG,healthy,0,g1569,s_reliability,reliability_train,original,,,,,,42,0,0,healthy,0,6.2407174,-1.4406468,-7.261237,2026
3b30f5d3d82cd3ff45bb,data/plantvillage/raw/color/Apple___healthy/61697828-b645-4f07-844a-dc9902713d3e___RS_HL 7363.JPG,healthy,0,g1569,s_reliability,reliability_train,brightness,4553213890440796,0.7127740746881823,,,,42,0,0,healthy,0,5.2120256,-1.1065774,-6.706899,2026
4524708380c141fed925,data/plantvillage/raw/color/Apple___healthy/61697828-b645-4f07-844a-dc9902713d3e___RS_HL 7363.JPG,healthy,0,g1569,s_reliability,reliability_train,contrast,6118654058088136555,,0.846232134548017,,,42,0,0,healthy,0,5.6998744,-1.2771515,-7.027824,2026
3d6cd6bc29e6b46e168e,data/plantvillage/raw/color/Apple___healthy/61697828-b645-4f07-844a-dc9902713d3e___RS_HL 7363.JPG,healthy,0,g1569,s_reliability,reliability_train,gaussian_blur,4507931789681029809,,,1.0979952126676378,,42,0,0,healthy,0,2.7284763,-1.1836354,-4.29481,2026
22b3007fa78dec978867,data/plantvillage/raw/color/Apple___healthy/61697828-b645-4f07-844a-dc9902713d3e___RS_HL 7363.JPG,healthy,0,g1569,s_reliability,reliability_train,gaussian_noise,8508861503649342078,,,,0.011897293378685765,42,0,0,healthy,0,6.168713,-1.3021468,-7.3191504,2026
c49d1d4eec350382346e,data/plantvillage/raw/color/Apple___healthy/62c6270f-9667-492e-be5b-ee599927718a___RS_HL 7671.JPG,healthy,0,g1578,s_reliability,reliability_train,original,,,,,,42,0,0,healthy,0,5.8224134,-4.069327,-4.586804,2026
e9cad67a53b689980929,data/plantvillage/raw/color/Apple___healthy/62c6270f-9667-492e-be5b-ee599927718a___RS_HL 7671.JPG,healthy,0,g1578,s_reliability,reliability_train,brightness,3206698903280183814,1.245658470833784,,,,42,0,0,healthy,0,6.0856557,-4.2201605,-4.5210347,2026
8e09095f1ea394ce1d6c,data/plantvillage/raw/color/Apple___healthy/62c6270f-9667-492e-be5b-ee599927718a___RS_HL 7671.JPG,healthy,0,g1578,s_reliability,reliability_train,contrast,311215401289934020,,1.1893121180558888,,,42,0,0,healthy,0,6.0959744,-3.9381394,-4.8847704,2026
3d6cabd1965c61f4ba93,data/plantvillage/raw/color/Apple___healthy/62c6270f-9667-492e-be5b-ee599927718a___RS_HL 7671.JPG,healthy,0,g1578,s_reliability,reliability_train,gaussian_blur,6778085851040425589,,,0.5240264129173925,,42,0,0,healthy,0,4.68473,-4.217888,-3.423851,2026
ef0c2c66442614a48177,data/plantvillage/raw/color/Apple___healthy/62c6270f-9667-492e-be5b-ee599927718a___RS_HL 7671.JPG,healthy,0,g1578,s_reliability,reliability_train,gaussian_noise,7145615940980829406,,,,0.03255935120826167,42,0,0,healthy,0,5.803203,-3.7679112,-4.8549547,2026
4cee15cc085844ed827d,data/plantvillage/raw/color/Apple___healthy/62e8755e-c7c8-4eb9-b937-4dd4f1e14723___RS_HL 7339.JPG,healthy,0,g1580,s_reliability,reliability_train,original,,,,,,42,0,0,healthy,0,2.5769928,-1.3219948,-4.1556387,2026
acbd83199f2449fa3685,data/plantvillage/raw/color/Apple___healthy/62e8755e-c7c8-4eb9-b937-4dd4f1e14723___RS_HL 7339.JPG,healthy,0,g1580,s_reliability,reliability_train,brightness,4474030306595499517,0.8232739501173341,,,,42,0,0,healthy,0,2.1055343,-1.1474484,-3.992936,2026
251de5703dc1540228c9,data/plantvillage/raw/color/Apple___healthy/62e8755e-c7c8-4eb9-b937-4dd4f1e14723___RS_HL 7339.JPG,healthy,0,g1580,s_reliability,reliability_train,contrast,1785614443469663418,,1.2044977120316895,,,42,0,0,healthy,0,2.3335578,-1.3647612,-4.086548,2026
0ffc42a93aeb55d70c4a,data/plantvillage/raw/color/Apple___healthy/62e8755e-c7c8-4eb9-b937-4dd4f1e14723___RS_HL 7339.JPG,healthy,0,g1580,s_reliability,reliability_train,gaussian_blur,3187969662926004872,,,1.3302162597939335,,42,0,0,healthy,0,-0.32390803,-1.3618153,-1.5599197,2026
90789847eb6006f8bd6b,data/plantvillage/raw/color/Apple___healthy/62e8755e-c7c8-4eb9-b937-4dd4f1e14723___RS_HL 7339.JPG,healthy,0,g1580,s_reliability,reliability_train,gaussian_noise,2583743789454976824,,,,0.014228341233709751,42,0,0,healthy,0,2.5588212,-1.3184127,-4.135144,2026
5705d8f7a99cc4f30577,data/plantvillage/raw/color/Apple___healthy/643e172f-02bf-4021-9587-6cfd21c8a344___RS_HL 6053.JPG,healthy,0,g1586,s_reliability,reliability_train,original,,,,,,42,0,0,healthy,0,4.794486,-3.5306234,-3.8843434,2026
7d29655d52d5290a7502,data/plantvillage/raw/color/Apple___healthy/643e172f-02bf-4021-9587-6cfd21c8a344___RS_HL 6053.JPG,healthy,0,g1586,s_reliability,reliability_train,brightness,4027836987365189007,0.9665707600829745,,,,42,0,0,healthy,0,4.800635,-3.5328927,-3.8797057,2026
e697b07c76b3ee510a65,data/plantvillage/raw/color/Apple___healthy/643e172f-02bf-4021-9587-6cfd21c8a344___RS_HL 6053.JPG,healthy,0,g1586,s_reliability,reliability_train,contrast,4480820476796363203,,0.7843017752131747,,,42,0,0,healthy,0,4.3670025,-3.3590662,-3.6907582,2026
121e7c2bdcd578b7c174,data/plantvillage/raw/color/Apple___healthy/643e172f-02bf-4021-9587-6cfd21c8a344___RS_HL 6053.JPG,healthy,0,g1586,s_reliability,reliability_train,gaussian_blur,879020309806117943,,,1.1066442153148397,,42,0,0,healthy,0,3.0853114,-3.5215495,-2.0651855,2026
056c24f0b793a27728cf,data/plantvillage/raw/color/Apple___healthy/643e172f-02bf-4021-9587-6cfd21c8a344___RS_HL 6053.JPG,healthy,0,g1586,s_reliability,reliability_train,gaussian_noise,1742599745733844233,,,,0.0340727072399673,42,0,0,healthy,0,4.6982865,-3.1259973,-3.9721556,2026
d50ce1f515dc67c06d93,data/plantvillage/raw/color/Apple___healthy/65a6866e-a6ea-46d5-a8ca-413f98cd8b7a___RS_HL 5817.JPG,healthy,0,g1591,s_reliability,reliability_train,original,,,,,,42,0,0,healthy,0,4.5813427,-2.806914,-4.9071245,2026
1950a4a8f36b62454194,data/plantvillage/raw/color/Apple___healthy/65a6866e-a6ea-46d5-a8ca-413f98cd8b7a___RS_HL 5817.JPG,healthy,0,g1591,s_reliability,reliability_train,brightness,983194984890588393,0.9465294319501985,,,,42,0,0,healthy,0,4.3999324,-2.7124639,-4.8440685,2026
c612d4ece9858e73f831,data/plantvillage/raw/color/Apple___healthy/65a6866e-a6ea-46d5-a8ca-413f98cd8b7a___RS_HL 5817.JPG,healthy,0,g1591,s_reliability,reliability_train,contrast,7734915965148239532,,0.812220154377498,,,42,0,0,healthy,0,4.0187583,-2.3794825,-4.9484224,2026
f2d5c9c4593efe0082ca,data/plantvillage/raw/color/Apple___healthy/65a6866e-a6ea-46d5-a8ca-413f98cd8b7a___RS_HL 5817.JPG,healthy,0,g1591,s_reliability,reliability_train,gaussian_blur,7351807212792895188,,,1.4036627690165902,,42,0,0,healthy,0,1.3381206,-3.215878,-1.3224661,2026
f96c152e64dbeb31e81b,data/plantvillage/raw/color/Apple___healthy/65a6866e-a6ea-46d5-a8ca-413f98cd8b7a___RS_HL 5817.JPG,healthy,0,g1591,s_reliability,reliability_train,gaussian_noise,1802616994174151263,,,,0.015917843262082468,42,0,0,healthy,0,4.651571,-2.7178864,-5.0397625,2026
8280201ccfa571f3c75f,data/plantvillage/raw/color/Apple___healthy/682b3d72-607f-404f-b9e8-48acc1574f41___RS_HL 7419.JPG,healthy,0,g1604,s_reliability,reliability_val,original,,,,,,42,0,0,healthy,0,3.9920907,-3.4429493,-4.167772,2026
31b0ed1cfaae953027e1,data/plantvillage/raw/color/Apple___healthy/682b3d72-607f-404f-b9e8-48acc1574f41___RS_HL 7419.JPG,healthy,0,g1604,s_reliability,reliability_val,brightness,3042372791019992581,1.2285266294556647,,,,42,0,0,healthy,0,4.4103966,-3.9252853,-3.9866388,2026
493798e82e94ea95a3f0,data/plantvillage/raw/color/Apple___healthy/682b3d72-607f-404f-b9e8-48acc1574f41___RS_HL 7419.JPG,healthy,0,g1604,s_reliability,reliability_val,contrast,5457156303165301251,,1.0038784156727072,,,42,0,0,healthy,0,4.0889554,-3.483912,-4.1975355,2026
0eb905bcff918e081ab1,data/plantvillage/raw/color/Apple___healthy/682b3d72-607f-404f-b9e8-48acc1574f41___RS_HL 7419.JPG,healthy,0,g1604,s_reliability,reliability_val,gaussian_blur,8273758236353462374,,,0.8389809067335718,,42,0,0,healthy,0,2.189935,-2.9308953,-2.8187327,2026
26542484c30b2bb9d8b2,data/plantvillage/raw/color/Apple___healthy/682b3d72-607f-404f-b9e8-48acc1574f41___RS_HL 7419.JPG,healthy,0,g1604,s_reliability,reliability_val,gaussian_noise,4486354613231312511,,,,0.01878348383651072,42,0,0,healthy,0,4.223646,-3.7030783,-4.098273,2026
fee2aaa8b11fa594f92c,data/plantvillage/raw/color/Apple___healthy/688b1671-7399-46a1-b93e-53b11cf210f7___RS_HL 7842.JPG,healthy,0,g1608,s_reliability,reliability_train,original,,,,,,42,0,0,healthy,0,4.2172346,-3.5316849,-3.805534,2026
d01c406f4322d49de387,data/plantvillage/raw/color/Apple___healthy/688b1671-7399-46a1-b93e-53b11cf210f7___RS_HL 7842.JPG,healthy,0,g1608,s_reliability,reliability_train,brightness,2676501946423293547,1.2236224507668134,,,,42,0,0,healthy,0,4.2048187,-2.9740143,-4.1092033,2026
d04883df8f4af14b1a23,data/plantvillage/raw/color/Apple___healthy/688b1671-7399-46a1-b93e-53b11cf210f7___RS_HL 7842.JPG,healthy,0,g1608,s_reliability,reliability_train,contrast,635364943235897498,,0.8023841006687206,,,42,0,0,healthy,0,4.080931,-3.4068527,-3.8153033,2026
23d520f215f2441092ef,data/plantvillage/raw/color/Apple___healthy/688b1671-7399-46a1-b93e-53b11cf210f7___RS_HL 7842.JPG,healthy,0,g1608,s_reliability,reliability_train,gaussian_blur,3547875458991845162,,,0.8340288240771796,,42,0,0,healthy,0,0.9926677,-3.2558353,-1.7059406,2026
d1a93b268d4ca16100e3,data/plantvillage/raw/color/Apple___healthy/688b1671-7399-46a1-b93e-53b11cf210f7___RS_HL 7842.JPG,healthy,0,g1608,s_reliability,reliability_train,gaussian_noise,2901055583425020879,,,,0.03235823905491634,42,0,0,healthy,0,4.2382913,-3.573607,-3.800457,2026
c8f4b75f4a1a13f606e4,data/plantvillage/raw/color/Apple___healthy/6b11324f-6b70-40d7-9cd2-f7d36b0c69cd___RS_HL 7431.JPG,healthy,0,g1624,s_reliability,reliability_train,original,,,,,,42,0,0,healthy,0,3.7938182,-2.0394962,-3.9655554,2026
a318574085db3bda0606,data/plantvillage/raw/color/Apple___healthy/6b11324f-6b70-40d7-9cd2-f7d36b0c69cd___RS_HL 7431.JPG,healthy,0,g1624,s_reliability,reliability_train,brightness,3868479921522050785,0.947207896660402,,,,42,0,0,healthy,0,3.7428906,-1.9710708,-4.019424,2026
f86d4cf6748724983edb,data/plantvillage/raw/color/Apple___healthy/6b11324f-6b70-40d7-9cd2-f7d36b0c69cd___RS_HL 7431.JPG,healthy,0,g1624,s_reliability,reliability_train,contrast,858441112036798557,,0.8741820402882413,,,42,0,0,healthy,0,3.2599113,-1.3558637,-4.0782213,2026
40d58ec51a076a6b5611,data/plantvillage/raw/color/Apple___healthy/6b11324f-6b70-40d7-9cd2-f7d36b0c69cd___RS_HL 7431.JPG,healthy,0,g1624,s_reliability,reliability_train,gaussian_blur,4454891848424644955,,,0.5717394462692422,,42,0,0,healthy,0,2.6415038,-2.244502,-2.9999218,2026
f756ef0483e0fb8dcfe0,data/plantvillage/raw/color/Apple___healthy/6b11324f-6b70-40d7-9cd2-f7d36b0c69cd___RS_HL 7431.JPG,healthy,0,g1624,s_reliability,reliability_train,gaussian_noise,6571650671872303284,,,,0.021041112580680386,42,0,0,healthy,0,3.920264,-1.9970216,-4.0232525,2026
6c6b86b430b397df3ae8,data/plantvillage/raw/color/Apple___healthy/6dd6bf2b-b606-46fd-af76-6c9166c7d626___RS_HL 7276.JPG,healthy,0,g1630,s_reliability,reliability_train,original,,,,,,42,0,0,healthy,0,2.0142446,0.52364504,-4.723476,2026
30d2a739863c3c07dd31,data/plantvillage/raw/color/Apple___healthy/6dd6bf2b-b606-46fd-af76-6c9166c7d626___RS_HL 7276.JPG,healthy,0,g1630,s_reliability,reliability_train,brightness,7121332562574220602,0.9255306096609139,,,,42,0,0,healthy,0,1.8874488,0.5083891,-4.6488748,2026
46a9fed817f082bbdefb,data/plantvillage/raw/color/Apple___healthy/6dd6bf2b-b606-46fd-af76-6c9166c7d626___RS_HL 7276.JPG,healthy,0,g1630,s_reliability,reliability_train,contrast,8719202720325631914,,0.9397585220552213,,,42,0,0,healthy,0,1.9768478,0.4560939,-4.6746635,2026
2106e7b76e2cddae2c40,data/plantvillage/raw/color/Apple___healthy/6dd6bf2b-b606-46fd-af76-6c9166c7d626___RS_HL 7276.JPG,healthy,0,g1630,s_reliability,reliability_train,gaussian_blur,2129392217765690931,,,0.6750079551887821,,42,0,0,healthy,0,0.6169616,-0.0088041555,-3.1378827,2026
5e5cbdb026e2e0bb2f20,data/plantvillage/raw/color/Apple___healthy/6dd6bf2b-b606-46fd-af76-6c9166c7d626___RS_HL 7276.JPG,healthy,0,g1630,s_reliability,reliability_train,gaussian_noise,3965098531213667549,,,,0.032511991364121744,42,0,0,healthy,0,2.0487313,0.7592075,-4.871348,2026
62637f3e874bba88e8b8,data/plantvillage/raw/color/Apple___healthy/7007d57a-a05a-41b5-a80f-9fe33debaf1a___RS_HL 7354.JPG,healthy,0,g1639,s_reliability,reliability_train,original,,,,,,42,0,0,healthy,0,5.6645994,-2.9616158,-5.0880566,2026
5552cc9a0ab4a9519c21,data/plantvillage/raw/color/Apple___healthy/7007d57a-a05a-41b5-a80f-9fe33debaf1a___RS_HL 7354.JPG,healthy,0,g1639,s_reliability,reliability_train,brightness,2071621706127865055,1.215981187750525,,,,42,0,0,healthy,0,5.586043,-3.2304394,-4.794326,2026
a23db5daf89d8b333b30,data/plantvillage/raw/color/Apple___healthy/7007d57a-a05a-41b5-a80f-9fe33debaf1a___RS_HL 7354.JPG,healthy,0,g1639,s_reliability,reliability_train,contrast,8861365151044404140,,0.9904059655569724,,,42,0,0,healthy,0,5.5960813,-2.9266894,-5.063422,2026
a0be6866ea8af0b90e2d,data/plantvillage/raw/color/Apple___healthy/7007d57a-a05a-41b5-a80f-9fe33debaf1a___RS_HL 7354.JPG,healthy,0,g1639,s_reliability,reliability_train,gaussian_blur,2887271617519179745,,,1.1152802214830588,,42,0,0,healthy,0,2.0442152,-2.387955,-2.4056041,2026
e10ba82cd3ebdf87a0b3,data/plantvillage/raw/color/Apple___healthy/7007d57a-a05a-41b5-a80f-9fe33debaf1a___RS_HL 7354.JPG,healthy,0,g1639,s_reliability,reliability_train,gaussian_noise,3878149075681198178,,,,0.02916067136295307,42,0,0,healthy,0,5.8238254,-3.0100746,-5.1804194,2026
7dfab821c1213630343d,data/plantvillage/raw/color/Apple___healthy/70491e38-2a9e-4fb7-9ab5-dfa49d46b202___RS_HL 7758.JPG,healthy,0,g1640,s_reliability,reliability_train,original,,,,,,42,0,0,healthy,0,5.5030556,-3.503619,-4.5995283,2026
2a265d5cdf76b91132a9,data/plantvillage/raw/color/Apple___healthy/70491e38-2a9e-4fb7-9ab5-dfa49d46b202___RS_HL 7758.JPG,healthy,0,g1640,s_reliability,reliability_train,brightness,8787338008446775969,0.9260242709492961,,,,42,0,0,healthy,0,5.255291,-3.361687,-4.576769,2026
d14e3124e25be18b90a2,data/plantvillage/raw/color/Apple___healthy/70491e38-2a9e-4fb7-9ab5-dfa49d46b202___RS_HL 7758.JPG,healthy,0,g1640,s_reliability,reliability_train,contrast,3617451204796488155,,1.0359099625955137,,,42,0,0,healthy,0,5.525423,-3.4512508,-4.646613,2026
c5d8ceef5466db6213c4,data/plantvillage/raw/color/Apple___healthy/70491e38-2a9e-4fb7-9ab5-dfa49d46b202___RS_HL 7758.JPG,healthy,0,g1640,s_reliability,reliability_train,gaussian_blur,4638972763124595631,,,0.6834035612170918,,42,0,0,healthy,0,3.3787982,-3.2104228,-2.9990377,2026
d9867d0deabf61d6bbaa,data/plantvillage/raw/color/Apple___healthy/70491e38-2a9e-4fb7-9ab5-dfa49d46b202___RS_HL 7758.JPG,healthy,0,g1640,s_reliability,reliability_train,gaussian_noise,4501340090217783592,,,,0.020263412973000577,42,0,0,healthy,0,5.5271397,-3.397566,-4.715567,2026
db76304e141648d6bb0f,data/plantvillage/raw/color/Apple___healthy/74bda678-63b6-44fb-8e8f-259788239618___RS_HL 5830.JPG,healthy,0,g1666,s_reliability,reliability_val,original,,,,,,42,0,0,healthy,0,3.8843803,0.00386961,-5.7696853,2026
25599d7bd9bd9252ad55,data/plantvillage/raw/color/Apple___healthy/74bda678-63b6-44fb-8e8f-259788239618___RS_HL 5830.JPG,healthy,0,g1666,s_reliability,reliability_val,brightness,8354729676495637886,1.207860540290557,,,,42,0,0,healthy,0,4.0090237,-0.14778456,-5.742598,2026
1e8ac5cf52c3d3498b67,data/plantvillage/raw/color/Apple___healthy/74bda678-63b6-44fb-8e8f-259788239618___RS_HL 5830.JPG,healthy,0,g1666,s_reliability,reliability_val,contrast,7522526750397469942,,0.8785054656281108,,,42,0,0,healthy,0,3.9824903,-0.16335498,-5.7488966,2026
6cf4101d8888838bd75c,data/plantvillage/raw/color/Apple___healthy/74bda678-63b6-44fb-8e8f-259788239618___RS_HL 5830.JPG,healthy,0,g1666,s_reliability,reliability_val,gaussian_blur,2164098246229587426,,,0.7293104970803048,,42,0,0,healthy,0,2.7222667,-1.0661114,-4.1490355,2026
6fe2dd462393deb9b7dc,data/plantvillage/raw/color/Apple___healthy/74bda678-63b6-44fb-8e8f-259788239618___RS_HL 5830.JPG,healthy,0,g1666,s_reliability,reliability_val,gaussian_noise,5234303615009274950,,,,0.04604918583585833,42,0,0,healthy,0,4.511538,0.058348298,-6.24027,2026
bfc3c3347abccaa0eb40,data/plantvillage/raw/color/Apple___healthy/7671e6ca-f9a9-4657-a96a-1bcf0df3abe7___RS_HL 6231.JPG,healthy,0,g1683,s_reliability,reliability_train,original,,,,,,42,0,0,healthy,0,4.7069826,-2.3820891,-4.2933164,2026
40a22dd7529c975fdc29,data/plantvillage/raw/color/Apple___healthy/7671e6ca-f9a9-4657-a96a-1bcf0df3abe7___RS_HL 6231.JPG,healthy,0,g1683,s_reliability,reliability_train,brightness,2568053198855927744,1.06684715511878,,,,42,0,0,healthy,0,4.834413,-2.387229,-4.352566,2026
67e7c638f3e23db0a7b7,data/plantvillage/raw/color/Apple___healthy/7671e6ca-f9a9-4657-a96a-1bcf0df3abe7___RS_HL 6231.JPG,healthy,0,g1683,s_reliability,reliability_train,contrast,6087336636125829222,,0.8965795062677628,,,42,0,0,healthy,0,4.438121,-2.2025332,-4.3046675,2026
0dad5db4b05ad8de7ffb,data/plantvillage/raw/color/Apple___healthy/7671e6ca-f9a9-4657-a96a-1bcf0df3abe7___RS_HL 6231.JPG,healthy,0,g1683,s_reliability,reliability_train,gaussian_blur,2241253917325606941,,,0.5571744632299291,,42,0,0,healthy,0,4.426003,-2.1667118,-3.9303696,2026
41f98bf85b9cf03036f5,data/plantvillage/raw/color/Apple___healthy/7671e6ca-f9a9-4657-a96a-1bcf0df3abe7___RS_HL 6231.JPG,healthy,0,g1683,s_reliability,reliability_train,gaussian_noise,5941119765925625453,,,,0.03920457942774523,42,0,0,healthy,0,4.4235363,-1.9173061,-4.3590026,2026
66bab726da9a4c70b642,data/plantvillage/raw/color/Apple___healthy/77273304-be77-4b74-a4ed-cd42826f4635___RS_HL 8178.JPG,healthy,0,g1689,s_reliability,reliability_train,original,,,,,,42,0,0,healthy,0,3.5134935,-3.3704855,-3.4063575,2026
56350bfe255c9866cc9b,data/plantvillage/raw/color/Apple___healthy/77273304-be77-4b74-a4ed-cd42826f4635___RS_HL 8178.JPG,healthy,0,g1689,s_reliability,reliability_train,brightness,925772265463839786,0.8789070931289287,,,,42,0,0,healthy,0,3.2009988,-3.121209,-3.3458176,2026
956427552dc5c5856662,data/plantvillage/raw/color/Apple___healthy/77273304-be77-4b74-a4ed-cd42826f4635___RS_HL 8178.JPG,healthy,0,g1689,s_reliability,reliability_train,contrast,5668153979025068303,,0.8086133881916739,,,42,0,0,healthy,0,2.806802,-2.9779875,-3.1186357,2026
a8a803a3519dca51b3e6,data/plantvillage/raw/color/Apple___healthy/77273304-be77-4b74-a4ed-cd42826f4635___RS_HL 8178.JPG,healthy,0,g1689,s_reliability,reliability_train,gaussian_blur,1824845727553203789,,,0.966528495953287,,42,0,0,healthy,0,1.1421627,-3.6919878,-1.1241623,2026
bdaf035f59b1ca00dbf5,data/plantvillage/raw/color/Apple___healthy/77273304-be77-4b74-a4ed-cd42826f4635___RS_HL 8178.JPG,healthy,0,g1689,s_reliability,reliability_train,gaussian_noise,721288192030575115,,,,0.027337485524234505,42,0,0,healthy,0,4.048174,-3.4957979,-3.6840372,2026
be341a1d2f52c5bbb3a2,data/plantvillage/raw/color/Apple___healthy/772e7314-c24e-4126-aa12-224b27098319___RS_HL 5663.JPG,healthy,0,g1690,s_reliability,reliability_train,original,,,,,,42,0,0,healthy,0,4.6986957,-0.9750242,-6.8219504,2026
25a0e74764d512b36044,data/plantvillage/raw/color/Apple___healthy/772e7314-c24e-4126-aa12-224b27098319___RS_HL 5663.JPG,healthy,0,g1690,s_reliability,reliability_train,brightness,6525611451130918285,1.2739090785046931,,,,42,0,0,healthy,0,4.919947,-1.3446659,-6.7199097,2026
497cd4fca83db3274031,data/plantvillage/raw/color/Apple___healthy/772e7314-c24e-4126-aa12-224b27098319___RS_HL 5663.JPG,healthy,0,g1690,s_reliability,reliability_train,contrast,6541153134783984717,,0.9159047233775282,,,42,0,0,healthy,0,4.4293594,-0.8499984,-6.730151,2026
54bbb9d2481014bf7007,data/plantvillage/raw/color/Apple___healthy/772e7314-c24e-4126-aa12-224b27098319___RS_HL 5663.JPG,healthy,0,g1690,s_reliability,reliability_train,gaussian_blur,1053296519042487790,,,0.6803326294852688,,42,0,0,healthy,0,3.6728492,-1.4905308,-5.2140126,2026
1ec12cd43eceab816d2d,data/plantvillage/raw/color/Apple___healthy/772e7314-c24e-4126-aa12-224b27098319___RS_HL 5663.JPG,healthy,0,g1690,s_reliability,reliability_train,gaussian_noise,8641491889984266806,,,,0.026246528427929947,42,0,0,healthy,0,5.264228,-1.1987823,-7.070967,2026
acf2add78aa95fcb4789,data/plantvillage/raw/color/Apple___healthy/777d6fd1-feb3-4dac-afa7-79b507d48ffa___RS_HL 5859.JPG,healthy,0,g1692,s_reliability,reliability_train,original,,,,,,42,0,0,healthy,0,4.1188884,-1.5952559,-5.2751393,2026
036e9327bb71a85d2704,data/plantvillage/raw/color/Apple___healthy/777d6fd1-feb3-4dac-afa7-79b507d48ffa___RS_HL 5859.JPG,healthy,0,g1692,s_reliability,reliability_train,brightness,510693475742337781,0.9988266236926207,,,,42,0,0,healthy,0,4.168735,-1.6201874,-5.280157,2026
48ba290ab0c1b0720c8c,data/plantvillage/raw/color/Apple___healthy/777d6fd1-feb3-4dac-afa7-79b507d48ffa___RS_HL 5859.JPG,healthy,0,g1692,s_reliability,reliability_train,contrast,7229913262090452369,,1.0155887063914888,,,42,0,0,healthy,0,4.239868,-1.6669381,-5.2946744,2026
724b7709a4c8d2857cfd,data/plantvillage/raw/color/Apple___healthy/777d6fd1-feb3-4dac-afa7-79b507d48ffa___RS_HL 5859.JPG,healthy,0,g1692,s_reliability,reliability_train,gaussian_blur,1065079050517430028,,,0.6128414056768683,,42,0,0,healthy,0,2.53973,-1.6078739,-3.986022,2026
9c31736c3d3776292b0a,data/plantvillage/raw/color/Apple___healthy/777d6fd1-feb3-4dac-afa7-79b507d48ffa___RS_HL 5859.JPG,healthy,0,g1692,s_reliability,reliability_train,gaussian_noise,6202070551490669704,,,,0.03831151589816529,42,0,0,healthy,0,4.4124255,-1.637293,-5.429479,2026
f5dfb6ff4ac84392e939,data/plantvillage/raw/color/Apple___healthy/77dcceb4-6a47-42b6-837a-0b60999cd2d1___RS_HL 7471.JPG,healthy,0,g1698,s_reliability,reliability_train,original,,,,,,42,0,0,healthy,0,4.290704,-1.9313167,-4.816476,2026
1e12493cc372f36ee5c9,data/plantvillage/raw/color/Apple___healthy/77dcceb4-6a47-42b6-837a-0b60999cd2d1___RS_HL 7471.JPG,healthy,0,g1698,s_reliability,reliability_train,brightness,1970191286625249840,1.1072611014568954,,,,42,0,0,healthy,0,4.5739093,-2.1176124,-4.8000207,2026
7042567355dd393e5edc,data/plantvillage/raw/color/Apple___healthy/77dcceb4-6a47-42b6-837a-0b60999cd2d1___RS_HL 7471.JPG,healthy,0,g1698,s_reliability,reliability_train,contrast,7203960130090820988,,1.1945294529388388,,,42,0,0,healthy,0,3.7994113,-1.8328454,-4.573701,2026
e727b38dca4ec2cbafcc,data/plantvillage/raw/color/Apple___healthy/77dcceb4-6a47-42b6-837a-0b60999cd2d1___RS_HL 7471.JPG,healthy,0,g1698,s_reliability,reliability_train,gaussian_blur,3269117759306177396,,,1.149139426924851,,42,0,0,healthy,0,0.012736051,-1.5486112,-2.0172503,2026
4f72d7145d4e20122118,data/plantvillage/raw/color/Apple___healthy/77dcceb4-6a47-42b6-837a-0b60999cd2d1___RS_HL 7471.JPG,healthy,0,g1698,s_reliability,reliability_train,gaussian_noise,2868177552483715581,,,,0.035047558001354236,42,0,0,healthy,0,4.262482,-1.7607948,-4.9335575,2026
b7562aaa635bccb621b5,data/plantvillage/raw/color/Apple___healthy/7a5ad785-c05e-49bd-b1e0-4d9405bedfb5___RS_HL 7804.JPG,healthy,0,g1712,s_reliability,reliability_train,original,,,,,,42,0,0,healthy,0,3.430978,-2.3484583,-3.645467,2026
2c5313ff155ecf26238f,data/plantvillage/raw/color/Apple___healthy/7a5ad785-c05e-49bd-b1e0-4d9405bedfb5___RS_HL 7804.JPG,healthy,0,g1712,s_reliability,reliability_train,brightness,1604897318618125669,1.1220735716507304,,,,42,0,0,healthy,0,3.8075104,-2.6643496,-3.6721132,2026
339b645169bf594abf4e,data/plantvillage/raw/color/Apple___healthy/7a5ad785-c05e-49bd-b1e0-4d9405bedfb5___RS_HL 7804.JPG,healthy,0,g1712,s_reliability,reliability_train,contrast,8397058424270068818,,0.8098436377224171,,,42,0,0,healthy,0,2.7715268,-2.1329427,-3.3377604,2026
7f7e582bca0d3f030262,data/plantvillage/raw/color/Apple___healthy/7a5ad785-c05e-49bd-b1e0-4d9405bedfb5___RS_HL 7804.JPG,healthy,0,g1712,s_reliability,reliability_train,gaussian_blur,9219420852774414020,,,0.5290412297267945,,42,0,0,healthy,0,2.88717,-2.7902725,-2.8001578,2026
c1ddd21cfa764084aca3,data/plantvillage/raw/color/Apple___healthy/7a5ad785-c05e-49bd-b1e0-4d9405bedfb5___RS_HL 7804.JPG,healthy,0,g1712,s_reliability,reliability_train,gaussian_noise,6280340153829253972,,,,0.04609581619717097,42,0,0,healthy,0,3.3164403,-1.5126911,-4.0823007,2026
5cb2b78374c622dcf48c,data/plantvillage/raw/color/Apple___healthy/7c388477-2953-4b3d-8f22-7f9eed5fff5c___RS_HL 7527.JPG,healthy,0,g1725,s_reliability,reliability_train,original,,,,,,42,0,0,healthy,0,4.834142,-1.5281829,-5.3358693,2026
147cd5de1bf9b287a210,data/plantvillage/raw/color/Apple___healthy/7c388477-2953-4b3d-8f22-7f9eed5fff5c___RS_HL 7527.JPG,healthy,0,g1725,s_reliability,reliability_train,brightness,3223485374606188688,1.2041985876420518,,,,42,0,0,healthy,0,4.657728,-0.97891545,-5.537702,2026
d6dc56ba293941b21aa4,data/plantvillage/raw/color/Apple___healthy/7c388477-2953-4b3d-8f22-7f9eed5fff5c___RS_HL 7527.JPG,healthy,0,g1725,s_reliability,reliability_train,contrast,5571053278352681525,,0.7757712870291704,,,42,0,0,healthy,0,5.3649826,-2.42117,-4.993499,2026
2a8cbada13c42f5a90b1,data/plantvillage/raw/color/Apple___healthy/7c388477-2953-4b3d-8f22-7f9eed5fff5c___RS_HL 7527.JPG,healthy,0,g1725,s_reliability,reliability_train,gaussian_blur,6667656703383072614,,,1.09603715371721,,42,0,0,healthy,0,2.033751,-2.3749437,-2.5381503,2026
ce53806a886069f06217,data/plantvillage/raw/color/Apple___healthy/7c388477-2953-4b3d-8f22-7f9eed5fff5c___RS_HL 7527.JPG,healthy,0,g1725,s_reliability,reliability_train,gaussian_noise,7822252749604465707,,,,0.03575452947350419,42,0,0,healthy,0,4.554877,-1.062379,-5.442612,2026
440f1eb228743354fed7,data/plantvillage/raw/color/Apple___healthy/7ea27d6d-f7a0-44b3-b6a2-f24455deb48b___RS_HL 7589.JPG,healthy,0,g1736,s_reliability,reliability_val,original,,,,,,42,0,0,healthy,0,5.5596657,-4.3431273,-4.2507615,2026
2734ca607fd70455034e,data/plantvillage/raw/color/Apple___healthy/7ea27d6d-f7a0-44b3-b6a2-f24455deb48b___RS_HL 7589.JPG,healthy,0,g1736,s_reliability,reliability_val,brightness,8461396108859844478,0.7365126531468182,,,,42,0,0,healthy,0,5.759873,-4.2033014,-4.394507,2026
cef48b3577dc5e0a01e3,data/plantvillage/raw/color/Apple___healthy/7ea27d6d-f7a0-44b3-b6a2-f24455deb48b___RS_HL 7589.JPG,healthy,0,g1736,s_reliability,reliability_val,contrast,6570767950816044419,,1.082659119312884,,,42,0,0,healthy,0,5.7425246,-4.344352,-4.3960156,2026
52e59b9f60ced82ea9ef,data/plantvillage/raw/color/Apple___healthy/7ea27d6d-f7a0-44b3-b6a2-f24455deb48b___RS_HL 7589.JPG,healthy,0,g1736,s_reliability,reliability_val,gaussian_blur,4189166333204638915,,,1.1444246746815927,,42,0,0,healthy,0,3.4460328,-3.685374,-2.3154666,2026
7eaa49ccf8707e04d511,data/plantvillage/raw/color/Apple___healthy/7ea27d6d-f7a0-44b3-b6a2-f24455deb48b___RS_HL 7589.JPG,healthy,0,g1736,s_reliability,reliability_val,gaussian_noise,6693634688655919635,,,,0.01225544827394252,42,0,0,healthy,0,5.483955,-4.2626147,-4.2333584,2026
63e62dc16eadcb09efc5,data/plantvillage/raw/color/Apple___healthy/7f447118-8a9c-4e77-8333-d411d1124c7f___RS_HL 5849.JPG,healthy,0,g1739,s_reliability,reliability_train,original,,,,,,42,0,0,healthy,0,6.119117,-2.5426595,-5.306886,2026
237119d24042859fe750,data/plantvillage/raw/color/Apple___healthy/7f447118-8a9c-4e77-8333-d411d1124c7f___RS_HL 5849.JPG,healthy,0,g1739,s_reliability,reliability_train,brightness,4559969354747361765,1.176140409009688,,,,42,0,0,healthy,0,6.2227316,-2.8861477,-5.0854607,2026
3329ae88688f86e4b74e,data/plantvillage/raw/color/Apple___healthy/7f447118-8a9c-4e77-8333-d411d1124c7f___RS_HL 5849.JPG,healthy,0,g1739,s_reliability,reliability_train,contrast,857716227801718330,,1.2739113638626567,,,42,0,0,healthy,0,5.932643,-2.9233506,-4.825392,2026
153abe96744be0a2c687,data/plantvillage/raw/color/Apple___healthy/7f447118-8a9c-4e77-8333-d411d1124c7f___RS_HL 5849.JPG,healthy,0,g1739,s_reliability,reliability_train,gaussian_blur,8558102354260090045,,,1.4402705044855328,,42,0,0,healthy,0,2.1787531,-2.2486105,-2.000799,2026
792e8258089cc2d943c2,data/plantvillage/raw/color/Apple___healthy/7f447118-8a9c-4e77-8333-d411d1124c7f___RS_HL 5849.JPG,healthy,0,g1739,s_reliability,reliability_train,gaussian_noise,2061329993026902096,,,,0.012156087108141055,42,0,0,healthy,0,6.189083,-2.53008,-5.3815017,2026
f4b11ececbaf6bcb1f76,data/plantvillage/raw/color/Apple___healthy/8042447f-f615-4683-b8fc-267e746a4744___RS_HL 7820.JPG,healthy,0,g1747,s_reliability,reliability_train,original,,,,,,42,0,0,healthy,0,6.22697,-3.765281,-5.1890755,2026
9c76ff17793cfb104d46,data/plantvillage/raw/color/Apple___healthy/8042447f-f615-4683-b8fc-267e746a4744___RS_HL 7820.JPG,healthy,0,g1747,s_reliability,reliability_train,brightness,3362727343854424021,0.9969025343491731,,,,42,0,0,healthy,0,6.2487283,-3.766382,-5.2009954,2026
e33aac1c56cf74274508,data/plantvillage/raw/color/Apple___healthy/8042447f-f615-4683-b8fc-267e746a4744___RS_HL 7820.JPG,healthy,0,g1747,s_reliability,reliability_train,contrast,5474877740709770939,,1.2475215145269782,,,42,0,0,healthy,0,6.1113358,-3.5283499,-5.2991047,2026
dc14f276323d1eea2803,data/plantvillage/raw/color/Apple___healthy/8042447f-f615-4683-b8fc-267e746a4744___RS_HL 7820.JPG,healthy,0,g1747,s_reliability,reliability_train,gaussian_blur,4121906129337101089,,,0.8879106841293843,,42,0,0,healthy,0,3.6933534,-3.8677917,-2.9590697,2026
00c10df868720e5baf01,data/plantvillage/raw/color/Apple___healthy/8042447f-f615-4683-b8fc-267e746a4744___RS_HL 7820.JPG,healthy,0,g1747,s_reliability,reliability_train,gaussian_noise,7265155174349985714,,,,0.030500196357401768,42,0,0,healthy,0,6.3353143,-3.709081,-5.3310003,2026
b45398e12bf0ddf3ad0a,data/plantvillage/raw/color/Apple___healthy/81bf7931-e6d7-4f6d-aae5-9de7d0c4ae33___RS_HL 7893.JPG,healthy,0,g1757,s_reliability,reliability_val,original,,,,,,42,0,0,healthy,0,2.2943802,-0.7320346,-4.0999994,2026
985310a493f033f2a1f9,data/plantvillage/raw/color/Apple___healthy/81bf7931-e6d7-4f6d-aae5-9de7d0c4ae33___RS_HL 7893.JPG,healthy,0,g1757,s_reliability,reliability_val,brightness,4501925940684797647,0.7394327246360354,,,,42,0,0,healthy,0,2.5952725,-0.5600136,-4.3512526,2026
4e30bde41aea52007cd6,data/plantvillage/raw/color/Apple___healthy/81bf7931-e6d7-4f6d-aae5-9de7d0c4ae33___RS_HL 7893.JPG,healthy,0,g1757,s_reliability,reliability_val,contrast,4732947288737176290,,0.7364563645374665,,,42,0,0,healthy,0,2.0398626,-0.7055655,-3.9573786,2026
62f3c7f5c735308ecf7c,data/plantvillage/raw/color/Apple___healthy/81bf7931-e6d7-4f6d-aae5-9de7d0c4ae33___RS_HL 7893.JPG,healthy,0,g1757,s_reliability,reliability_val,gaussian_blur,5235676522751155221,,,0.8153389941494824,,42,0,0,healthy,0,0.96330965,-0.28958404,-2.7913435,2026
dfc904c7d802fb1f1be9,data/plantvillage/raw/color/Apple___healthy/81bf7931-e6d7-4f6d-aae5-9de7d0c4ae33___RS_HL 7893.JPG,healthy,0,g1757,s_reliability,reliability_val,gaussian_noise,4096262201804750935,,,,0.04713442708140202,42,0,0,healthy,0,3.1020372,-0.7451395,-4.533223,2026
d67f1170a29c33532acb,data/plantvillage/raw/color/Apple___healthy/8201f21f-cd54-4ff6-9fc7-f3e97b0a8b42___RS_HL 8077.JPG,healthy,0,g1759,s_reliability,reliability_train,original,,,,,,42,0,0,healthy,0,4.4668927,-2.8412592,-4.510319,2026
c76bf23f3cefdcfaf5ae,data/plantvillage/raw/color/Apple___healthy/8201f21f-cd54-4ff6-9fc7-f3e97b0a8b42___RS_HL 8077.JPG,healthy,0,g1759,s_reliability,reliability_train,brightness,7085768647861312085,1.078993010580627,,,,42,0,0,healthy,0,4.460357,-2.7991586,-4.584602,2026
9ab15db4c23df754cb1e,data/plantvillage/raw/color/Apple___healthy/8201f21f-cd54-4ff6-9fc7-f3e97b0a8b42___RS_HL 8077.JPG,healthy,0,g1759,s_reliability,reliability_train,contrast,6726328180983986845,,1.130735223542589,,,42,0,0,healthy,0,4.5283866,-2.7562606,-4.65165,2026
b22e7f1746830c05a354,data/plantvillage/raw/color/Apple___healthy/8201f21f-cd54-4ff6-9fc7-f3e97b0a8b42___RS_HL 8077.JPG,healthy,0,g1759,s_reliability,reliability_train,gaussian_blur,8895324890442009947,,,1.245501110710363,,42,0,0,healthy,0,1.9432482,-2.5037026,-1.989003,2026
4567728fac1a0827da8d,data/plantvillage/raw/color/Apple___healthy/8201f21f-cd54-4ff6-9fc7-f3e97b0a8b42___RS_HL 8077.JPG,healthy,0,g1759,s_reliability,reliability_train,gaussian_noise,4120115303559709157,,,,0.02215336252473238,42,0,0,healthy,0,4.4626555,-2.7286265,-4.600524,2026
065c1f38138fde6d43c9,data/plantvillage/raw/color/Apple___healthy/826bd506-04f2-424d-89da-7fe6ad6926b2___RS_HL 5757.JPG,healthy,0,g1760,s_reliability,reliability_train,original,,,,,,42,0,0,healthy,0,6.5762587,-2.8333821,-6.321897,2026
9fc824e93065e9fc60a2,data/plantvillage/raw/color/Apple___healthy/826bd506-04f2-424d-89da-7fe6ad6926b2___RS_HL 5757.JPG,healthy,0,g1760,s_reliability,reliability_train,brightness,372664427268121784,0.9674453486671806,,,,42,0,0,healthy,0,6.546787,-2.854513,-6.3001595,2026
d1a1233527572ac0c136,data/plantvillage/raw/color/Apple___healthy/826bd506-04f2-424d-89da-7fe6ad6926b2___RS_HL 5757.JPG,healthy,0,g1760,s_reliability,reliability_train,contrast,8462381416327046229,,0.9342141410845698,,,42,0,0,healthy,0,6.304562,-2.7098799,-6.2340508,2026
23f7c908257ed95e06e5,data/plantvillage/raw/color/Apple___healthy/826bd506-04f2-424d-89da-7fe6ad6926b2___RS_HL 5757.JPG,healthy,0,g1760,s_reliability,reliability_train,gaussian_blur,2572962370864418561,,,1.037227323707203,,42,0,0,healthy,0,3.0605578,-3.1484363,-3.1713428,2026
631ddcd13b4858aa4327,data/plantvillage/raw/color/Apple___healthy/826bd506-04f2-424d-89da-7fe6ad6926b2___RS_HL 5757.JPG,healthy,0,g1760,s_reliability,reliability_train,gaussian_noise,3719151614268812614,,,,0.026555975047038792,42,0,0,healthy,0,6.583949,-2.7883523,-6.3997407,2026
1acdc4d3daaa2f0fd911,data/plantvillage/raw/color/Apple___healthy/828a6b50-e2fb-4e63-a595-556aa41d43a7___RS_HL 6250.JPG,healthy,0,g1761,s_reliability,reliability_train,original,,,,,,42,0,0,healthy,0,3.4483712,-3.3606474,-3.189815,2026
64d1febd3d52988e418b,data/plantvillage/raw/color/Apple___healthy/828a6b50-e2fb-4e63-a595-556aa41d43a7___RS_HL 6250.JPG,healthy,0,g1761,s_reliability,reliability_train,brightness,6447087462197887357,1.1535229743885125,,,,42,0,0,healthy,0,3.7077608,-3.3736265,-3.4201643,2026
363b515a09bd74262c80,data/plantvillage/raw/color/Apple___healthy/828a6b50-e2fb-4e63-a595-556aa41d43a7___RS_HL 6250.JPG,healthy,0,g1761,s_reliability,reliability_train,contrast,8233069009094032829,,1.2321900676634696,,,42,0,0,healthy,0,3.9045038,-3.4475174,-3.3878071,2026
5ddcfa31b3dec617a381,data/plantvillage/raw/color/Apple___healthy/828a6b50-e2fb-4e63-a595-556aa41d43a7___RS_HL 6250.JPG,healthy,0,g1761,s_reliability,reliability_train,gaussian_blur,3358344525796942655,,,1.197074391911462,,42,0,0,healthy,0,0.58112663,-3.34811,-0.1452509,2026
6ee02d8be19ec62a3042,data/plantvillage/raw/color/Apple___healthy/828a6b50-e2fb-4e63-a595-556aa41d43a7___RS_HL 6250.JPG,healthy,0,g1761,s_reliability,reliability_train,gaussian_noise,749017393570377023,,,,0.03622863941987599,42,0,0,healthy,0,4.1123347,-3.7094808,-3.534347,2026
68149d675946fb39667b,data/plantvillage/raw/color/Apple___healthy/84ed8ffd-a47f-4b52-befa-938a10012a4c___RS_HL 6135.JPG,healthy,0,g1776,s_reliability,reliability_train,original,,,,,,42,0,0,healthy,0,6.671229,-3.8070834,-4.3301673,2026
39a2ebbc4a609d4b85ee,data/plantvillage/raw/color/Apple___healthy/84ed8ffd-a47f-4b52-befa-938a10012a4c___RS_HL 6135.JPG,healthy,0,g1776,s_reliability,reliability_train,brightness,6789558132708485257,1.0194409321933724,,,,42,0,0,healthy,0,6.613992,-3.770157,-4.3018613,2026
ca33a7a6199217aed259,data/plantvillage/raw/color/Apple___healthy/84ed8ffd-a47f-4b52-befa-938a10012a4c___RS_HL 6135.JPG,healthy,0,g1776,s_reliability,reliability_train,contrast,2432412430996057878,,1.109186187765761,,,42,0,0,healthy,0,6.8377824,-3.829382,-4.3975434,2026
7d5bd965c70edfa0e8b1,data/plantvillage/raw/color/Apple___healthy/84ed8ffd-a47f-4b52-befa-938a10012a4c___RS_HL 6135.JPG,healthy,0,g1776,s_reliability,reliability_train,gaussian_blur,8659387467588441063,,,0.6815151337459453,,42,0,0,healthy,0,5.469208,-3.8904397,-3.5885627,2026
ecbaa4da22adfeaa9f18,data/plantvillage/raw/color/Apple___healthy/84ed8ffd-a47f-4b52-befa-938a10012a4c___RS_HL 6135.JPG,healthy,0,g1776,s_reliability,reliability_train,gaussian_noise,3271724345642598775,,,,0.019432566205927954,42,0,0,healthy,0,6.816914,-3.8739865,-4.3672366,2026
4b432d0c4f048cec0e92,data/plantvillage/raw/color/Apple___healthy/8558ed98-6e99-4d7e-98e1-9437bd4d2382___RS_HL 5766.JPG,healthy,0,g1779,s_reliability,reliability_train,original,,,,,,42,0,0,healthy,0,6.2516127,-2.6645248,-5.9139743,2026
3a67c29eee0df6529dc1,data/plantvillage/raw/color/Apple___healthy/8558ed98-6e99-4d7e-98e1-9437bd4d2382___RS_HL 5766.JPG,healthy,0,g1779,s_reliability,reliability_train,brightness,9107260815472995184,0.9625635639498918,,,,42,0,0,healthy,0,6.2744646,-2.6970766,-5.8915105,2026
b1410ecb735b9cccd629,data/plantvillage/raw/color/Apple___healthy/8558ed98-6e99-4d7e-98e1-9437bd4d2382___RS_HL 5766.JPG,healthy,0,g1779,s_reliability,reliability_train,contrast,3162719292621830988,,0.8033790223104266,,,42,0,0,healthy,0,5.2488236,-2.267974,-5.6186895,2026
96163f328ffe124b62ee,data/plantvillage/raw/color/Apple___healthy/8558ed98-6e99-4d7e-98e1-9437bd4d2382___RS_HL 5766.JPG,healthy,0,g1779,s_reliability,reliability_train,gaussian_blur,751654310768418450,,,0.9407708163587952,,42,0,0,healthy,0,2.9159193,-2.3467872,-3.1155405,2026
741862ff4ee566cb6315,data/plantvillage/raw/color/Apple___healthy/8558ed98-6e99-4d7e-98e1-9437bd4d2382___RS_HL 5766.JPG,healthy,0,g1779,s_reliability,reliability_train,gaussian_noise,3028278714416323596,,,,0.04434332719948029,42,0,0,healthy,0,7.1329865,-3.1241853,-6.116289,2026
68e11d49bb9b7ae12460,data/plantvillage/raw/color/Apple___healthy/8656f9ff-3a95-4350-af32-82ed2fbff533___RS_HL 7976.JPG,healthy,0,g1784,s_reliability,reliability_val,original,,,,,,42,0,0,healthy,0,6.1191707,-3.4073665,-4.829455,2026
244e6deb1d998084f35b,data/plantvillage/raw/color/Apple___healthy/8656f9ff-3a95-4350-af32-82ed2fbff533___RS_HL 7976.JPG,healthy,0,g1784,s_reliability,reliability_val,brightness,4633566739156206685,0.7622302636247528,,,,42,0,0,healthy,0,6.198374,-3.7524278,-4.5190644,2026
1f627b72779558aba772,data/plantvillage/raw/color/Apple___healthy/8656f9ff-3a95-4350-af32-82ed2fbff533___RS_HL 7976.JPG,healthy,0,g1784,s_reliability,reliability_val,contrast,7771063872522735287,,1.297576369500566,,,42,0,0,healthy,0,5.8333163,-3.0485709,-4.7248096,2026
2373a528133bf3565f4f,data/plantvillage/raw/color/Apple___healthy/8656f9ff-3a95-4350-af32-82ed2fbff533___RS_HL 7976.JPG,healthy,0,g1784,s_reliability,reliability_val,gaussian_blur,4253427391049967742,,,0.9525676749753236,,42,0,0,healthy,0,4.0041666,-3.398061,-3.2975707,2026
8d16046ef028fac1d0c7,data/plantvillage/raw/color/Apple___healthy/8656f9ff-3a95-4350-af32-82ed2fbff533___RS_HL 7976.JPG,healthy,0,g1784,s_reliability,reliability_val,gaussian_noise,8413667823310744120,,,,0.04857651827824165,42,0,0,healthy,0,6.4437523,-3.556622,-4.933201,2026
af3245e748b52fc93ca5,data/plantvillage/raw/color/Apple___healthy/8673df90-01fb-4dde-9510-6743bfefb367___RS_HL 6069.JPG,healthy,0,g1785,s_reliability,reliability_train,original,,,,,,42,0,0,healthy,0,5.5142136,-1.7503045,-6.4955,2026
ddfe4f36da5c63b5d0ba,data/plantvillage/raw/color/Apple___healthy/8673df90-01fb-4dde-9510-6743bfefb367___RS_HL 6069.JPG,healthy,0,g1785,s_reliability,reliability_train,brightness,6667953114870525311,0.9753758064350833,,,,42,0,0,healthy,0,5.595641,-1.7827053,-6.5282216,2026
120d4eaed8d5668a9af2,data/plantvillage/raw/color/Apple___healthy/8673df90-01fb-4dde-9510-6743bfefb367___RS_HL 6069.JPG,healthy,0,g1785,s_reliability,reliability_train,contrast,902036892705712262,,1.0945233205271678,,,42,0,0,healthy,0,5.619336,-1.6714966,-6.589176,2026
f0acc875c5f1034a81b3,data/plantvillage/raw/color/Apple___healthy/8673df90-01fb-4dde-9510-6743bfefb367___RS_HL 6069.JPG,healthy,0,g1785,s_reliability,reliability_train,gaussian_blur,7591684160204380553,,,0.7163080692355139,,42,0,0,healthy,0,3.507455,-1.4610473,-4.883629,2026
fc550ed727c2db594f15,data/plantvillage/raw/color/Apple___healthy/8673df90-01fb-4dde-9510-6743bfefb367___RS_HL 6069.JPG,healthy,0,g1785,s_reliability,reliability_train,gaussian_noise,3366347545393325150,,,,0.024452389991861695,42,0,0,healthy,0,5.763907,-1.8174781,-6.5600157,2026
e79078cac943fba8c14e,data/plantvillage/raw/color/Apple___healthy/86f3c6c0-3038-45dc-9307-3f548f20b74b___RS_HL 6318.JPG,healthy,0,g1789,s_reliability,reliability_train,original,,,,,,42,0,0,healthy,0,5.269777,-2.772693,-5.530223,2026
a0e5c4bbb10cd746b898,data/plantvillage/raw/color/Apple___healthy/86f3c6c0-3038-45dc-9307-3f548f20b74b___RS_HL 6318.JPG,healthy,0,g1789,s_reliability,reliability_train,brightness,5148021623721417787,0.7850546205110411,,,,42,0,0,healthy,0,5.099209,-2.8920398,-5.3729615,2026
4f9921e09fdfda601c7a,data/plantvillage/raw/color/Apple___healthy/86f3c6c0-3038-45dc-9307-3f548f20b74b___RS_HL 6318.JPG,healthy,0,g1789,s_reliability,reliability_train,contrast,6461414002697797000,,0.95376406124335,,,42,0,0,healthy,0,5.19657,-2.8000224,-5.472053,2026
1156c36d374ddce48e2e,data/plantvillage/raw/color/Apple___healthy/86f3c6c0-3038-45dc-9307-3f548f20b74b___RS_HL 6318.JPG,healthy,0,g1789,s_reliability,reliability_train,gaussian_blur,4529780705366286719,,,1.0803503941376245,,42,0,0,healthy,0,3.2206073,-3.5750139,-3.082494,2026
b009b1b35a5785b7457d,data/plantvillage/raw/color/Apple___healthy/86f3c6c0-3038-45dc-9307-3f548f20b74b___RS_HL 6318.JPG,healthy,0,g1789,s_reliability,reliability_train,gaussian_noise,359762338404851851,,,,0.021391652476119447,42,0,0,healthy,0,5.1329355,-2.8040164,-5.4397373,2026
86a545077a7e88bebbb5,data/plantvillage/raw/color/Apple___healthy/86f6b322-e7af-4d91-b0c3-c5c6d6336fa5___RS_HL 7422.JPG,healthy,0,g1790,s_reliability,reliability_train,original,,,,,,42,0,0,healthy,0,3.208094,-1.3624601,-4.720379,2026
2dabdcf932ef0a22e341,data/plantvillage/raw/color/Apple___healthy/86f6b322-e7af-4d91-b0c3-c5c6d6336fa5___RS_HL 7422.JPG,healthy,0,g1790,s_reliability,reliability_train,brightness,8141228903556820872,1.0130736088636854,,,,42,0,0,healthy,0,3.289708,-1.4316422,-4.707647,2026
3965f13a20a0e959d090,data/plantvillage/raw/color/Apple___healthy/86f6b322-e7af-4d91-b0c3-c5c6d6336fa5___RS_HL 7422.JPG,healthy,0,g1790,s_reliability,reliability_train,contrast,1548104415308583315,,1.1247396348202927,,,42,0,0,healthy,0,3.7146504,-1.7588869,-4.6799145,2026
086f0dbcba416764ee2b,data/plantvillage/raw/color/Apple___healthy/86f6b322-e7af-4d91-b0c3-c5c6d6336fa5___RS_HL 7422.JPG,healthy,0,g1790,s_reliability,reliability_train,gaussian_blur,7281526616654057826,,,1.3001826810648027,,42,0,0,healthy,0,-0.42440766,-2.4105537,-1.0761815,2026
36d7e0c6ff9a3b1bdca2,data/plantvillage/raw/color/Apple___healthy/86f6b322-e7af-4d91-b0c3-c5c6d6336fa5___RS_HL 7422.JPG,healthy,0,g1790,s_reliability,reliability_train,gaussian_noise,8828919648632029212,,,,0.018740848399034456,42,0,0,healthy,0,3.5042589,-1.5747545,-4.72203,2026
c3a6a15d00c68f6cca6a,data/plantvillage/raw/color/Apple___healthy/8704d8b7-1368-441a-bad0-9f05b1cb6e7b___RS_HL 7623.JPG,healthy,0,g1791,s_reliability,reliability_val,original,,,,,,42,0,0,healthy,0,4.204374,-1.8353906,-4.1743646,2026
9ed4cb81fb5b6ed3e120,data/plantvillage/raw/color/Apple___healthy/8704d8b7-1368-441a-bad0-9f05b1cb6e7b___RS_HL 7623.JPG,healthy,0,g1791,s_reliability,reliability_val,brightness,3883854136351593654,1.065333919005868,,,,42,0,0,healthy,0,4.201477,-1.92156,-4.1687026,2026
470c55417d080ab46d96,data/plantvillage/raw/color/Apple___healthy/8704d8b7-1368-441a-bad0-9f05b1cb6e7b___RS_HL 7623.JPG,healthy,0,g1791,s_reliability,reliability_val,contrast,7301530891217453076,,0.8808088279097759,,,42,0,0,healthy,0,4.2495775,-1.8721074,-4.083807,2026
d7324b8c8042830f4287,data/plantvillage/raw/color/Apple___healthy/8704d8b7-1368-441a-bad0-9f05b1cb6e7b___RS_HL 7623.JPG,healthy,0,g1791,s_reliability,reliability_val,gaussian_blur,4235451986328628444,,,0.5429217876798199,,42,0,0,healthy,0,3.1792226,-1.6774676,-3.506241,2026
92425fb5608c2084a689,data/plantvillage/raw/color/Apple___healthy/8704d8b7-1368-441a-bad0-9f05b1cb6e7b___RS_HL 7623.JPG,healthy,0,g1791,s_reliability,reliability_val,gaussian_noise,5677361784830102227,,,,0.02150736608902042,42,0,0,healthy,0,4.1862946,-1.5712874,-4.2695427,2026
7400dff5ef9a7f66d163,data/plantvillage/raw/color/Apple___healthy/885dd825-a34b-4149-bbb0-445fa62a4e64___RS_HL 7814.JPG,healthy,0,g1802,s_reliability,reliability_train,original,,,,,,42,0,0,healthy,0,5.139731,-2.0060964,-5.6165977,2026
693f7f6e67ec9dce60b6,data/plantvillage/raw/color/Apple___healthy/885dd825-a34b-4149-bbb0-445fa62a4e64___RS_HL 7814.JPG,healthy,0,g1802,s_reliability,reliability_train,brightness,34677126861473775,0.7504540095930385,,,,42,0,0,healthy,0,4.8522367,-1.5989033,-5.6495504,2026
99881143d74c22924744,data/plantvillage/raw/color/Apple___healthy/885dd825-a34b-4149-bbb0-445fa62a4e64___RS_HL 7814.JPG,healthy,0,g1802,s_reliability,reliability_train,contrast,984631177354158694,,0.9278464728653344,,,42,0,0,healthy,0,5.015316,-1.9304411,-5.5443234,2026
4ac9ca2509cca1c02911,data/plantvillage/raw/color/Apple___healthy/885dd825-a34b-4149-bbb0-445fa62a4e64___RS_HL 7814.JPG,healthy,0,g1802,s_reliability,reliability_train,gaussian_blur,5247933437956969322,,,0.8953332416091414,,42,0,0,healthy,0,3.5231583,-2.5289667,-3.9457357,2026
3392956cad40d597b10a,data/plantvillage/raw/color/Apple___healthy/885dd825-a34b-4149-bbb0-445fa62a4e64___RS_HL 7814.JPG,healthy,0,g1802,s_reliability,reliability_train,gaussian_noise,6682533094146373233,,,,0.04652627312773085,42,0,0,healthy,0,4.512688,-1.4082226,-5.404234,2026
3d7ed42f5a8542776a0d,data/plantvillage/raw/color/Apple___healthy/8912707b-6c5d-4744-ad9c-b5d3564a0850___RS_HL 7796.JPG,healthy,0,g1807,s_reliability,reliability_val,original,,,,,,42,0,0,healthy,0,7.683744,-3.6899695,-5.9361525,2026
62b518ff7a94f7b6fd42,data/plantvillage/raw/color/Apple___healthy/8912707b-6c5d-4744-ad9c-b5d3564a0850___RS_HL 7796.JPG,healthy,0,g1807,s_reliability,reliability_val,brightness,7130888762320695273,1.2348134446896983,,,,42,0,0,healthy,0,7.9451127,-3.8170097,-5.8888063,2026
daea35dd46b3b36d6e5d,data/plantvillage/raw/color/Apple___healthy/8912707b-6c5d-4744-ad9c-b5d3564a0850___RS_HL 7796.JPG,healthy,0,g1807,s_reliability,reliability_val,contrast,4719910304779180215,,1.1892975089031341,,,42,0,0,healthy,0,7.8233457,-3.6065834,-6.0603924,2026
4f638b76bacd7f4e7f7b,data/plantvillage/raw/color/Apple___healthy/8912707b-6c5d-4744-ad9c-b5d3564a0850___RS_HL 7796.JPG,healthy,0,g1807,s_reliability,reliability_val,gaussian_blur,3186208604189555252,,,0.9074197641595325,,42,0,0,healthy,0,4.6475368,-3.9221509,-3.7177067,2026
c2472e7e2bb80014469f,data/plantvillage/raw/color/Apple___healthy/8912707b-6c5d-4744-ad9c-b5d3564a0850___RS_HL 7796.JPG,healthy,0,g1807,s_reliability,reliability_val,gaussian_noise,4675258558360528356,,,,0.0485142048537672,42,0,0,healthy,0,7.657396,-3.46351,-6.167614,2026
3a6b451ee4f530544d50,data/plantvillage/raw/color/Apple___healthy/892258ae-052d-4df5-8a8c-27924cd64a85___RS_HL 7497.JPG,healthy,0,g1808,s_reliability,reliability_val,original,,,,,,42,0,0,healthy,0,4.3925653,-3.5004458,-3.8581498,2026
b0c2798088ed2c0f1468,data/plantvillage/raw/color/Apple___healthy/892258ae-052d-4df5-8a8c-27924cd64a85___RS_HL 7497.JPG,healthy,0,g1808,s_reliability,reliability_val,brightness,7303247685771727578,0.9834856550751165,,,,42,0,0,healthy,0,4.421298,-3.4981818,-3.8820243,2026
f6def0f0c4e2575aa7c8,data/plantvillage/raw/color/Apple___healthy/892258ae-052d-4df5-8a8c-27924cd64a85___RS_HL 7497.JPG,healthy,0,g1808,s_reliability,reliability_val,contrast,2892688360631126188,,1.2042238295766676,,,42,0,0,healthy,0,4.2520003,-3.1792364,-3.9322987,2026
68035f250c8989084f27,data/plantvillage/raw/color/Apple___healthy/892258ae-052d-4df5-8a8c-27924cd64a85___RS_HL 7497.JPG,healthy,0,g1808,s_reliability,reliability_val,gaussian_blur,622758977296360700,,,1.3089859489485023,,42,0,0,healthy,0,0.7151047,-3.2199461,-0.9076682,2026
00962256507fcaddc245,data/plantvillage/raw/color/Apple___healthy/892258ae-052d-4df5-8a8c-27924cd64a85___RS_HL 7497.JPG,healthy,0,g1808,s_reliability,reliability_val,gaussian_noise,5548768327862041194,,,,0.04975152743914649,42,0,0,healthy,0,4.306238,-3.179858,-3.9332337,2026
4ca91804853892650711,data/plantvillage/raw/color/Apple___healthy/8c43ceb4-000b-441b-887f-ef495da381e2___RS_HL 7864.JPG,healthy,0,g1829,s_reliability,reliability_val,original,,,,,,42,0,0,healthy,0,5.759616,-3.2476234,-5.0975103,2026
37bba836c6876675e118,data/plantvillage/raw/color/Apple___healthy/8c43ceb4-000b-441b-887f-ef495da381e2___RS_HL 7864.JPG,healthy,0,g1829,s_reliability,reliability_val,brightness,442893380542778377,0.8629403878975311,,,,42,0,0,healthy,0,5.743398,-3.183165,-5.163507,2026
20b98e33c562dd86777d,data/plantvillage/raw/color/Apple___healthy/8c43ceb4-000b-441b-887f-ef495da381e2___RS_HL 7864.JPG,healthy,0,g1829,s_reliability,reliability_val,contrast,7888005134756588594,,0.9781323221178957,,,42,0,0,healthy,0,5.8102036,-3.2609966,-5.123777,2026
07748c9cc884ccb23eac,data/plantvillage/raw/color/Apple___healthy/8c43ceb4-000b-441b-887f-ef495da381e2___RS_HL 7864.JPG,healthy,0,g1829,s_reliability,reliability_val,gaussian_blur,1116685487271137563,,,1.2113876816808438,,42,0,0,healthy,0,3.9734592,-3.8436425,-2.8261468,2026
5bb96c91a99b2a92401d,data/plantvillage/raw/color/Apple___healthy/8c43ceb4-000b-441b-887f-ef495da381e2___RS_HL 7864.JPG,healthy,0,g1829,s_reliability,reliability_val,gaussian_noise,199534835537334105,,,,0.014543631143245608,42,0,0,healthy,0,5.850968,-3.262781,-5.153866,2026
fcdafc863dd38fbae726,data/plantvillage/raw/color/Apple___healthy/8cf66a75-d71b-4808-a251-c929ecfa80bc___RS_HL 7514.JPG,healthy,0,g1840,s_reliability,reliability_train,original,,,,,,42,0,0,healthy,0,1.7333407,-1.5490971,-3.7391686,2026
9aa7a977add521faffb0,data/plantvillage/raw/color/Apple___healthy/8cf66a75-d71b-4808-a251-c929ecfa80bc___RS_HL 7514.JPG,healthy,0,g1840,s_reliability,reliability_train,brightness,6489493224659641893,0.8174475188153751,,,,42,0,0,healthy,0,1.8353447,-1.547297,-3.790586,2026
fef33c9b69941bf12fa9,data/plantvillage/raw/color/Apple___healthy/8cf66a75-d71b-4808-a251-c929ecfa80bc___RS_HL 7514.JPG,healthy,0,g1840,s_reliability,reliability_train,contrast,8084697104747952663,,1.2160175593597182,,,42,0,0,healthy,0,1.6816576,-1.3054925,-4.045302,2026
70c736878b021f7f5ec5,data/plantvillage/raw/color/Apple___healthy/8cf66a75-d71b-4808-a251-c929ecfa80bc___RS_HL 7514.JPG,healthy,0,g1840,s_reliability,reliability_train,gaussian_blur,6724611363939190832,,,0.8678140774399431,,42,0,0,healthy,0,-0.4811442,-1.7488418,-1.7595097,2026
c311141687b1df38d48e,data/plantvillage/raw/color/Apple___healthy/8cf66a75-d71b-4808-a251-c929ecfa80bc___RS_HL 7514.JPG,healthy,0,g1840,s_reliability,reliability_train,gaussian_noise,1452234681306433947,,,,0.01428067747790672,42,0,0,healthy,0,1.6070327,-1.5154921,-3.7123694,2026
93b06982dec7ee7a4958,data/plantvillage/raw/color/Apple___healthy/8fdd8420-f139-40e5-8121-b76d43dcee32___RS_HL 6075.JPG,healthy,0,g1856,s_reliability,reliability_val,original,,,,,,42,0,0,healthy,0,4.179081,-1.8178576,-4.356576,2026
11f547064181e5a6caaf,data/plantvillage/raw/color/Apple___healthy/8fdd8420-f139-40e5-8121-b76d43dcee32___RS_HL 6075.JPG,healthy,0,g1856,s_reliability,reliability_val,brightness,8566681897718023584,0.9274165110801023,,,,42,0,0,healthy,0,4.218929,-1.8391508,-4.369858,2026
0ec7414422ab5ddde371,data/plantvillage/raw/color/Apple___healthy/8fdd8420-f139-40e5-8121-b76d43dcee32___RS_HL 6075.JPG,healthy,0,g1856,s_reliability,reliability_val,contrast,4290346760852546943,,1.2394271042685445,,,42,0,0,healthy,0,4.1805396,-1.8195511,-4.3868265,2026
253648562e707cb287c8,data/plantvillage/raw/color/Apple___healthy/8fdd8420-f139-40e5-8121-b76d43dcee32___RS_HL 6075.JPG,healthy,0,g1856,s_reliability,reliability_val,gaussian_blur,10885151449650607,,,0.8450482488202264,,42,0,0,healthy,0,2.8158073,-1.3507175,-3.5590978,2026
efb1491ce88d76978ba6,data/plantvillage/raw/color/Apple___healthy/8fdd8420-f139-40e5-8121-b76d43dcee32___RS_HL 6075.JPG,healthy,0,g1856,s_reliability,reliability_val,gaussian_noise,5259447045530092303,,,,0.03415213510974358,42,0,0,healthy,0,4.1731644,-1.2531682,-4.8719845,2026
4bfb57c449ea67756377,data/plantvillage/raw/color/Apple___healthy/9130029f-854a-4099-bc98-74170edfb660___RS_HL 7448.JPG,healthy,0,g1859,s_reliability,reliability_train,original,,,,,,42,0,0,healthy,0,6.349291,-2.0020242,-6.25044,2026
b61f851e934811cd4a0b,data/plantvillage/raw/color/Apple___healthy/9130029f-854a-4099-bc98-74170edfb660___RS_HL 7448.JPG,healthy,0,g1859,s_reliability,reliability_train,brightness,617713328224103008,0.8549854666638101,,,,42,0,0,healthy,0,5.8092346,-1.8462493,-6.1273494,2026
3950b0139152ffefd9e4,data/plantvillage/raw/color/Apple___healthy/9130029f-854a-4099-bc98-74170edfb660___RS_HL 7448.JPG,healthy,0,g1859,s_reliability,reliability_train,contrast,8689270853568759360,,1.051596257041171,,,42,0,0,healthy,0,6.361264,-2.016645,-6.236156,2026
8a02a7f8d48b4856c2b4,data/plantvillage/raw/color/Apple___healthy/9130029f-854a-4099-bc98-74170edfb660___RS_HL 7448.JPG,healthy,0,g1859,s_reliability,reliability_train,gaussian_blur,5749991674468305054,,,0.7839065504247535,,42,0,0,healthy,0,4.1009703,-1.89268,-4.5420375,2026
35e29cbf6419d3569bfe,data/plantvillage/raw/color/Apple___healthy/9130029f-854a-4099-bc98-74170edfb660___RS_HL 7448.JPG,healthy,0,g1859,s_reliability,reliability_train,gaussian_noise,8764464257606327540,,,,0.03859201533689564,42,0,0,healthy,0,6.3208866,-2.0266163,-6.326037,2026
b4ca87d6484853d67011,data/plantvillage/raw/color/Apple___healthy/91a935c4-659c-4344-8355-eba55d673af5___RS_HL 8189.JPG,healthy,0,g1861,s_reliability,reliability_train,original,,,,,,42,0,0,healthy,0,5.449091,-2.1581097,-5.7996826,2026
2c130a032f99d1a7b8f4,data/plantvillage/raw/color/Apple___healthy/91a935c4-659c-4344-8355-eba55d673af5___RS_HL 8189.JPG,healthy,0,g1861,s_reliability,reliability_train,brightness,5530928034500348235,1.0456029175113304,,,,42,0,0,healthy,0,5.4331017,-2.131726,-5.78139,2026
af23f2690b8ec9e38cae,data/plantvillage/raw/color/Apple___healthy/91a935c4-659c-4344-8355-eba55d673af5___RS_HL 8189.JPG,healthy,0,g1861,s_reliability,reliability_train,contrast,1104704807331207625,,1.289500365041885,,,42,0,0,healthy,0,5.4530206,-1.9874133,-5.7716193,2026
3f482874b0543ea22553,data/plantvillage/raw/color/Apple___healthy/91a935c4-659c-4344-8355-eba55d673af5___RS_HL 8189.JPG,healthy,0,g1861,s_reliability,reliability_train,gaussian_blur,6667787468902733789,,,1.00340904948645,,42,0,0,healthy,0,3.011552,-3.302353,-2.9953666,2026
f6e93ee2c2fb59f92352,data/plantvillage/raw/color/Apple___healthy/91a935c4-659c-4344-8355-eba55d673af5___RS_HL 8189.JPG,healthy,0,g1861,s_reliability,reliability_train,gaussian_noise,2008701485633389838,,,,0.04129425701703683,42,0,0,healthy,0,5.6540737,-2.0185328,-6.1486597,2026
5dd61ab350a3837cb4b4,data/plantvillage/raw/color/Apple___healthy/936c7bd1-5902-499b-b03b-bcf1f9434a06___RS_HL 7785.JPG,healthy,0,g1870,s_reliability,reliability_train,original,,,,,,42,0,0,healthy,0,3.6682627,-2.381166,-4.252805,2026
c60a91994fe0523d1f15,data/plantvillage/raw/color/Apple___healthy/936c7bd1-5902-499b-b03b-bcf1f9434a06___RS_HL 7785.JPG,healthy,0,g1870,s_reliability,reliability_train,brightness,8290317845572749897,0.7946847881990368,,,,42,0,0,healthy,0,3.5089405,-2.234384,-4.272589,2026
5c001a39cf7b2c89e341,data/plantvillage/raw/color/Apple___healthy/936c7bd1-5902-499b-b03b-bcf1f9434a06___RS_HL 7785.JPG,healthy,0,g1870,s_reliability,reliability_train,contrast,5542107705714447855,,1.0622136911697584,,,42,0,0,healthy,0,3.7483287,-2.2679665,-4.4055233,2026
00bd2d474990f3b22f4d,data/plantvillage/raw/color/Apple___healthy/936c7bd1-5902-499b-b03b-bcf1f9434a06___RS_HL 7785.JPG,healthy,0,g1870,s_reliability,reliability_train,gaussian_blur,1861333911468434456,,,1.3208661959931902,,42,0,0,healthy,0,0.090250954,-2.3622444,-1.3847629,2026
2dbf95177c51463dd308,data/plantvillage/raw/color/Apple___healthy/936c7bd1-5902-499b-b03b-bcf1f9434a06___RS_HL 7785.JPG,healthy,0,g1870,s_reliability,reliability_train,gaussian_noise,644953203520733456,,,,0.045246863850923115,42,0,0,healthy,0,3.7358797,-2.0910254,-4.5105796,2026
400e1abd86b6a0dbf61c,data/plantvillage/raw/color/Apple___healthy/946b311a-cb67-46d4-8c8b-0d91ebd456f3___RS_HL 5809.JPG,healthy,0,g1872,s_reliability,reliability_train,original,,,,,,42,0,0,healthy,0,4.929549,-1.1128033,-6.30713,2026
3fe7fc88e9cc9943fdae,data/plantvillage/raw/color/Apple___healthy/946b311a-cb67-46d4-8c8b-0d91ebd456f3___RS_HL 5809.JPG,healthy,0,g1872,s_reliability,reliability_train,brightness,4346519377275891308,1.232812310963028,,,,42,0,0,healthy,0,5.7541065,-1.740071,-6.37546,2026
86da7a19f704b88ad8d0,data/plantvillage/raw/color/Apple___healthy/946b311a-cb67-46d4-8c8b-0d91ebd456f3___RS_HL 5809.JPG,healthy,0,g1872,s_reliability,reliability_train,contrast,7728313644811592890,,1.028516772330181,,,42,0,0,healthy,0,5.22167,-1.2548274,-6.377902,2026
dcf86ab9f78301867ffb,data/plantvillage/raw/color/Apple___healthy/946b311a-cb67-46d4-8c8b-0d91ebd456f3___RS_HL 5809.JPG,healthy,0,g1872,s_reliability,reliability_train,gaussian_blur,5610280750097587833,,,0.6114910902925653,,42,0,0,healthy,0,3.0384398,-0.9134577,-4.929225,2026
2b726bea9e0699444e04,data/plantvillage/raw/color/Apple___healthy/946b311a-cb67-46d4-8c8b-0d91ebd456f3___RS_HL 5809.JPG,healthy,0,g1872,s_reliability,reliability_train,gaussian_noise,3786769626696775123,,,,0.013625310784070619,42,0,0,healthy,0,5.04499,-1.1553164,-6.364669,2026
bc239e573b6980cecc91,data/plantvillage/raw/color/Apple___healthy/94b7e2c6-9081-4546-b411-c89c0dd219e7___RS_HL 7416.JPG,healthy,0,g1874,s_reliability,reliability_train,original,,,,,,42,0,0,healthy,0,3.4559627,-1.7584525,-4.1799984,2026
0cf118a015a1f9d9624a,data/plantvillage/raw/color/Apple___healthy/94b7e2c6-9081-4546-b411-c89c0dd219e7___RS_HL 7416.JPG,healthy,0,g1874,s_reliability,reliability_train,brightness,4734594347736574873,1.0977409699277767,,,,42,0,0,healthy,0,3.538708,-1.8528544,-4.1413527,2026
32de8a852cd8ae4670f4,data/plantvillage/raw/color/Apple___healthy/94b7e2c6-9081-4546-b411-c89c0dd219e7___RS_HL 7416.JPG,healthy,0,g1874,s_reliability,reliability_train,contrast,6452505134031584570,,1.2433911477794837,,,42,0,0,healthy,0,2.9706645,-1.7041839,-4.15749,2026
d5599b77014a902e4592,data/plantvillage/raw/color/Apple___healthy/94b7e2c6-9081-4546-b411-c89c0dd219e7___RS_HL 7416.JPG,healthy,0,g1874,s_reliability,reliability_train,gaussian_blur,5270241956883880584,,,1.1314968742684097,,42,0,0,healthy,0,0.8270231,-0.8197302,-1.7581818,2026
5a3988cfe7501d2282ef,data/plantvillage/raw/color/Apple___healthy/94b7e2c6-9081-4546-b411-c89c0dd219e7___RS_HL 7416.JPG,healthy,0,g1874,s_reliability,reliability_train,gaussian_noise,4806708810469444199,,,,0.03404450891632789,42,0,0,healthy,0,3.3176274,-1.3702451,-4.5470767,2026
d182cec77d3c9abc19a8,data/plantvillage/raw/color/Apple___healthy/957a4a41-e0d8-4dc3-8ed8-43f8c2ac3684___RS_HL 8157.JPG,healthy,0,g1883,s_reliability,reliability_train,original,,,,,,42,0,0,healthy,0,3.524537,-2.885298,-3.1983309,2026
5db5cd2d4c57859f3a84,data/plantvillage/raw/color/Apple___healthy/957a4a41-e0d8-4dc3-8ed8-43f8c2ac3684___RS_HL 8157.JPG,healthy,0,g1883,s_reliability,reliability_train,brightness,4145684413329137229,1.2732888263376538,,,,42,0,0,healthy,0,3.7058554,-3.2711475,-2.9596498,2026
513eee761cf54a79df5a,data/plantvillage/raw/color/Apple___healthy/957a4a41-e0d8-4dc3-8ed8-43f8c2ac3684___RS_HL 8157.JPG,healthy,0,g1883,s_reliability,reliability_train,contrast,688955310915382849,,1.2666986957519664,,,42,0,0,healthy,0,3.4385936,-2.7001517,-3.255198,2026
6f9c2e69d4a2a79289a4,data/plantvillage/raw/color/Apple___healthy/957a4a41-e0d8-4dc3-8ed8-43f8c2ac3684___RS_HL 8157.JPG,healthy,0,g1883,s_reliability,reliability_train,gaussian_blur,8739409851346600077,,,0.5315553801564492,,42,0,0,healthy,0,2.224021,-3.0547316,-2.0000794,2026
971ec63ad2917a28977e,data/plantvillage/raw/color/Apple___healthy/957a4a41-e0d8-4dc3-8ed8-43f8c2ac3684___RS_HL 8157.JPG,healthy,0,g1883,s_reliability,reliability_train,gaussian_noise,5006608506346652390,,,,0.0373135348669873,42,0,0,healthy,0,3.6904266,-2.7527897,-3.4754434,2026
8c5fe013853ff6fe5827,data/plantvillage/raw/color/Apple___healthy/96fa4629-851e-4706-b397-f27c6f6f272c___RS_HL 7913.JPG,healthy,0,g1892,s_reliability,reliability_train,original,,,,,,42,0,0,healthy,0,4.132848,-2.9966006,-3.4396615,2026
53593506e01bee537a0e,data/plantvillage/raw/color/Apple___healthy/96fa4629-851e-4706-b397-f27c6f6f272c___RS_HL 7913.JPG,healthy,0,g1892,s_reliability,reliability_train,brightness,7281533706131126736,0.9915051043339931,,,,42,0,0,healthy,0,4.1283064,-3.0097246,-3.4373076,2026
04cd0b89e8802a45a7b8,data/plantvillage/raw/color/Apple___healthy/96fa4629-851e-4706-b397-f27c6f6f272c___RS_HL 7913.JPG,healthy,0,g1892,s_reliability,reliability_train,contrast,6591352456539894812,,1.0399685700557613,,,42,0,0,healthy,0,4.144042,-2.9557245,-3.4734912,2026
fbeffeee9b8fd58d0e07,data/plantvillage/raw/color/Apple___healthy/96fa4629-851e-4706-b397-f27c6f6f272c___RS_HL 7913.JPG,healthy,0,g1892,s_reliability,reliability_train,gaussian_blur,4583409225173665560,,,0.7091106964667288,,42,0,0,healthy,0,2.838237,-3.28739,-2.1286047,2026
f6b2419272e0a0fcca0f,data/plantvillage/raw/color/Apple___healthy/96fa4629-851e-4706-b397-f27c6f6f272c___RS_HL 7913.JPG,healthy,0,g1892,s_reliability,reliability_train,gaussian_noise,6149644228982855019,,,,0.032407327076602974,42,0,0,healthy,0,4.103718,-2.9599166,-3.4775743,2026
176d5876f43a45d60f82,data/plantvillage/raw/color/Apple___healthy/9871fd63-1ee8-436a-a1b3-c6104350400b___RS_HL 5693.JPG,healthy,0,g1896,s_reliability,reliability_train,original,,,,,,42,0,0,healthy,0,4.5758595,-3.949239,-3.2454302,2026
f421921206f0c40ca75b,data/plantvillage/raw/color/Apple___healthy/9871fd63-1ee8-436a-a1b3-c6104350400b___RS_HL 5693.JPG,healthy,0,g1896,s_reliability,reliability_train,brightness,6049913073971642523,1.1633303858295767,,,,42,0,0,healthy,0,4.406598,-3.9362733,-3.1538117,2026
a5d6f416766ba390a185,data/plantvillage/raw/color/Apple___healthy/9871fd63-1ee8-436a-a1b3-c6104350400b___RS_HL 5693.JPG,healthy,0,g1896,s_reliability,reliability_train,contrast,9109514323232307943,,0.8680564693499646,,,42,0,0,healthy,0,4.123843,-3.5561097,-3.276839,2026
06d651c2da68c1edbb4c,data/plantvillage/raw/color/Apple___healthy/9871fd63-1ee8-436a-a1b3-c6104350400b___RS_HL 5693.JPG,healthy,0,g1896,s_reliability,reliability_train,gaussian_blur,94850985751576519,,,1.1140438806594561,,42,0,0,healthy,0,1.967035,-4.400913,-0.3303293,2026
d20df9f8cb6f38ffa43e,data/plantvillage/raw/color/Apple___healthy/9871fd63-1ee8-436a-a1b3-c6104350400b___RS_HL 5693.JPG,healthy,0,g1896,s_reliability,reliability_train,gaussian_noise,7888199902558858820,,,,0.01929535255542668,42,0,0,healthy,0,4.850651,-4.0320144,-3.369617,2026
58690268d85904ea3a7f,data/plantvillage/raw/color/Apple___healthy/98f456da-9871-48b8-b74a-a251dcfd1f9e___RS_HL 6123.JPG,healthy,0,g1899,s_reliability,reliability_val,original,,,,,,42,0,0,healthy,0,3.7941864,-2.9114387,-3.0752494,2026
c2fbda2e93918d893270,data/plantvillage/raw/color/Apple___healthy/98f456da-9871-48b8-b74a-a251dcfd1f9e___RS_HL 6123.JPG,healthy,0,g1899,s_reliability,reliability_val,brightness,2375881174345535529,1.065177003067107,,,,42,0,0,healthy,0,3.9136527,-2.953703,-3.1076326,2026
cd487db4699923359e8e,data/plantvillage/raw/color/Apple___healthy/98f456da-9871-48b8-b74a-a251dcfd1f9e___RS_HL 6123.JPG,healthy,0,g1899,s_reliability,reliability_val,contrast,4746089702696105851,,0.7010768674849032,,,42,0,0,healthy,0,4.0493402,-2.930929,-3.3355966,2026
9038e63133d1ab2dabf5,data/plantvillage/raw/color/Apple___healthy/98f456da-9871-48b8-b74a-a251dcfd1f9e___RS_HL 6123.JPG,healthy,0,g1899,s_reliability,reliability_val,gaussian_blur,3975648159843501024,,,0.990481898380084,,42,0,0,healthy,0,1.0168008,-1.930605,-1.2946508,2026
d28a322e50e58705e10e,data/plantvillage/raw/color/Apple___healthy/98f456da-9871-48b8-b74a-a251dcfd1f9e___RS_HL 6123.JPG,healthy,0,g1899,s_reliability,reliability_val,gaussian_noise,5443168342623259513,,,,0.04492118749895274,42,0,0,healthy,0,4.375345,-2.7858522,-3.5512447,2026
f06221a3c35855908993,data/plantvillage/raw/color/Apple___healthy/990838f4-b976-45bb-859d-95de901acc8c___RS_HL 7365.JPG,healthy,0,g1900,s_reliability,reliability_train,original,,,,,,42,0,0,healthy,0,6.2788024,-0.7249715,-7.3004427,2026
ace79f23f8f5a6baac86,data/plantvillage/raw/color/Apple___healthy/990838f4-b976-45bb-859d-95de901acc8c___RS_HL 7365.JPG,healthy,0,g1900,s_reliability,reliability_train,brightness,2825269867955978274,0.8559336114236955,,,,42,0,0,healthy,0,5.9372773,-0.38386646,-7.2809143,2026
df35a5cb8b07ddaf9795,data/plantvillage/raw/color/Apple___healthy/990838f4-b976-45bb-859d-95de901acc8c___RS_HL 7365.JPG,healthy,0,g1900,s_reliability,reliability_train,contrast,1394262844960427002,,1.2021487143899199,,,42,0,0,healthy,0,6.2867174,-0.79118973,-7.194505,2026
297697cf3c805f0e0694,data/plantvillage/raw/color/Apple___healthy/990838f4-b976-45bb-859d-95de901acc8c___RS_HL 7365.JPG,healthy,0,g1900,s_reliability,reliability_train,gaussian_blur,5688232788058480434,,,0.8224795107806221,,42,0,0,healthy,0,4.2289333,-0.9283363,-5.2201176,2026
35e4b404f136e6c782ee,data/plantvillage/raw/color/Apple___healthy/990838f4-b976-45bb-859d-95de901acc8c___RS_HL 7365.JPG,healthy,0,g1900,s_reliability,reliability_train,gaussian_noise,8110887724248917447,,,,0.03560458140728037,42,0,0,healthy,0,6.4134827,-0.76185507,-7.330844,2026
62fbac19daa0f0b41dba,data/plantvillage/raw/color/Apple___healthy/9ae0c2e4-ff70-4be7-a231-65d4c2acd8ee___RS_HL 7476.JPG,healthy,0,g1912,s_reliability,reliability_train,original,,,,,,42,0,0,healthy,0,3.9320908,-3.983772,-2.9117951,2026
26f7f750d956be1e11c4,data/plantvillage/raw/color/Apple___healthy/9ae0c2e4-ff70-4be7-a231-65d4c2acd8ee___RS_HL 7476.JPG,healthy,0,g1912,s_reliability,reliability_train,brightness,1957392015398206129,1.2053108793343164,,,,42,0,0,healthy,0,3.4933205,-3.5750654,-2.7651026,2026
b7aaf7657ef02f9516cb,data/plantvillage/raw/color/Apple___healthy/9ae0c2e4-ff70-4be7-a231-65d4c2acd8ee___RS_HL 7476.JPG,healthy,0,g1912,s_reliability,reliability_train,contrast,4533524086223755762,,0.9123918244022174,,,42,0,0,healthy,0,4.1726294,-4.3107076,-2.9014611,2026
47a6f7c622ecc0aa4e61,data/plantvillage/raw/color/Apple___healthy/9ae0c2e4-ff70-4be7-a231-65d4c2acd8ee___RS_HL 7476.JPG,healthy,0,g1912,s_reliability,reliability_train,gaussian_blur,2209691604365263776,,,0.9317948613434373,,42,0,0,healthy,0,2.835961,-4.1724887,-1.170804,2026
962b5ebfafc42b024339,data/plantvillage/raw/color/Apple___healthy/9ae0c2e4-ff70-4be7-a231-65d4c2acd8ee___RS_HL 7476.JPG,healthy,0,g1912,s_reliability,reliability_train,gaussian_noise,8970161104145363465,,,,0.031093844717937448,42,0,0,healthy,0,3.5886323,-3.4646459,-2.958433,2026
ce166dd54dd358ace9fd,data/plantvillage/raw/color/Apple___healthy/9d135274-b26e-4925-8215-13c928b56b81___RS_HL 7583.JPG,healthy,0,g1919,s_reliability,reliability_train,original,,,,,,42,0,0,healthy,0,5.43109,-2.6513293,-4.9942036,2026
4e6232b173db47a3b284,data/plantvillage/raw/color/Apple___healthy/9d135274-b26e-4925-8215-13c928b56b81___RS_HL 7583.JPG,healthy,0,g1919,s_reliability,reliability_train,brightness,2496828560817089328,0.9289551454714737,,,,42,0,0,healthy,0,5.490816,-2.727936,-4.996955,2026
f734e210431fb8e8a1fb,data/plantvillage/raw/color/Apple___healthy/9d135274-b26e-4925-8215-13c928b56b81___RS_HL 7583.JPG,healthy,0,g1919,s_reliability,reliability_train,contrast,7455392386517940213,,0.8822189345032996,,,42,0,0,healthy,0,5.4703503,-2.8489442,-4.9389377,2026
17439244a9448b8d652d,data/plantvillage/raw/color/Apple___healthy/9d135274-b26e-4925-8215-13c928b56b81___RS_HL 7583.JPG,healthy,0,g1919,s_reliability,reliability_train,gaussian_blur,2655500414527947852,,,1.4692445853578215,,42,0,0,healthy,0,3.3270001,-2.2569895,-2.367504,2026
674b2592c059a226af92,data/plantvillage/raw/color/Apple___healthy/9d135274-b26e-4925-8215-13c928b56b81___RS_HL 7583.JPG,healthy,0,g1919,s_reliability,reliability_train,gaussian_noise,7264646315966373933,,,,0.047480674929105175,42,0,0,healthy,0,5.405002,-2.3215592,-5.200024,2026
3ebe330997c9e5e06d97,data/plantvillage/raw/color/Apple___healthy/9d72b93c-59d4-41ec-b346-954a1e8e57bb___RS_HL 6284.JPG,healthy,0,g1923,s_reliability,reliability_train,original,,,,,,42,0,0,healthy,0,4.2605104,-0.8275358,-5.435652,2026
5c7b54e2830e6086c036,data/plantvillage/raw/color/Apple___healthy/9d72b93c-59d4-41ec-b346-954a1e8e57bb___RS_HL 6284.JPG,healthy,0,g1923,s_reliability,reliability_train,brightness,5410603710412675424,0.9731675997741046,,,,42,0,0,healthy,0,4.242268,-0.83087623,-5.432036,2026
6fbaa3a19923dafbc359,data/plantvillage/raw/color/Apple___healthy/9d72b93c-59d4-41ec-b346-954a1e8e57bb___RS_HL 6284.JPG,healthy,0,g1923,s_reliability,reliability_train,contrast,476341538980532251,,0.7100883873466084,,,42,0,0,healthy,0,4.036075,-0.44996428,-5.5339456,2026
455aa0e486bf5616d78d,data/plantvillage/raw/color/Apple___healthy/9d72b93c-59d4-41ec-b346-954a1e8e57bb___RS_HL 6284.JPG,healthy,0,g1923,s_reliability,reliability_train,gaussian_blur,962401696441103433,,,1.1696123256116482,,42,0,0,healthy,0,0.119712815,-0.21435736,-2.5317554,2026
5a194652e896f0ceb4e6,data/plantvillage/raw/color/Apple___healthy/9d72b93c-59d4-41ec-b346-954a1e8e57bb___RS_HL 6284.JPG,healthy,0,g1923,s_reliability,reliability_train,gaussian_noise,8927862717784226049,,,,0.016696836448092073,42,0,0,healthy,0,4.4612226,-0.8243662,-5.556722,2026
43f2a5936f0b69a27e39,data/plantvillage/raw/color/Apple___healthy/9dba8abe-f50e-45fe-aa32-17dd4445189b___RS_HL 7489.JPG,healthy,0,g1926,s_reliability,reliability_val,original,,,,,,42,0,0,healthy,0,2.602697,0.23257916,-5.657007,2026
69ad8d9e3c67da633c57,data/plantvillage/raw/color/Apple___healthy/9dba8abe-f50e-45fe-aa32-17dd4445189b___RS_HL 7489.JPG,healthy,0,g1926,s_reliability,reliability_val,brightness,3490148310667869488,1.0640459043962534,,,,42,0,0,healthy,0,2.4371455,0.40384653,-5.674502,2026
dfc694bf178d1fafa492,data/plantvillage/raw/color/Apple___healthy/9dba8abe-f50e-45fe-aa32-17dd4445189b___RS_HL 7489.JPG,healthy,0,g1926,s_reliability,reliability_val,contrast,4717053552065967909,,1.1516539296688726,,,42,0,0,healthy,0,2.5567756,0.54022175,-5.8310075,2026
da923c515a4476b91419,data/plantvillage/raw/color/Apple___healthy/9dba8abe-f50e-45fe-aa32-17dd4445189b___RS_HL 7489.JPG,healthy,0,g1926,s_reliability,reliability_val,gaussian_blur,7220956373241524960,,,1.218154582305878,,42,0,0,healthy,0,0.8627099,-0.70446223,-2.8264456,2026
8928d39c9ac4e0914fe7,data/plantvillage/raw/color/Apple___healthy/9dba8abe-f50e-45fe-aa32-17dd4445189b___RS_HL 7489.JPG,healthy,0,g1926,s_reliability,reliability_val,gaussian_noise,708718347463870207,,,,0.029588679405449916,42,0,0,healthy,0,2.6842659,0.4730536,-5.8238153,2026
7f2827e026bf8a7740a1,data/plantvillage/raw/color/Apple___healthy/9ec4f654-e45e-4910-8b1f-8b9825cefbd1___RS_HL 8173.JPG,healthy,0,g1931,s_reliability,reliability_train,original,,,,,,42,0,0,healthy,0,4.3367343,-2.5662053,-5.014299,2026
3aecc8ab0feb1400a943,data/plantvillage/raw/color/Apple___healthy/9ec4f654-e45e-4910-8b1f-8b9825cefbd1___RS_HL 8173.JPG,healthy,0,g1931,s_reliability,reliability_train,brightness,5889509873856454709,1.1941101513855408,,,,42,0,0,healthy,0,4.020819,-2.2967877,-5.0066433,2026
48dfb3c23aa126687935,data/plantvillage/raw/color/Apple___healthy/9ec4f654-e45e-4910-8b1f-8b9825cefbd1___RS_HL 8173.JPG,healthy,0,g1931,s_reliability,reliability_train,contrast,1169175704921809747,,1.0776320349437893,,,42,0,0,healthy,0,4.3862214,-2.4530072,-5.100817,2026
a90e80a99dafe5477e05,data/plantvillage/raw/color/Apple___healthy/9ec4f654-e45e-4910-8b1f-8b9825cefbd1___RS_HL 8173.JPG,healthy,0,g1931,s_reliability,reliability_train,gaussian_blur,5614500218162616196,,,1.2204465478440092,,42,0,0,healthy,0,1.6728243,-1.8853713,-3.5453851,2026
ce74537ef6254adac9d7,data/plantvillage/raw/color/Apple___healthy/9ec4f654-e45e-4910-8b1f-8b9825cefbd1___RS_HL 8173.JPG,healthy,0,g1931,s_reliability,reliability_train,gaussian_noise,7721875719979419660,,,,0.026390747379426635,42,0,0,healthy,0,4.3117447,-2.300866,-5.1728573,2026
6ad20d15631a9520ed6e,data/plantvillage/raw/color/Apple___healthy/9ee2b5e6-46cf-400f-a82f-660a2ac05157___RS_HL 5643.JPG,healthy,0,g1933,s_reliability,reliability_train,original,,,,,,42,0,0,healthy,0,5.77921,-2.0622666,-5.904611,2026
0421dc65b012419aa65d,data/plantvillage/raw/color/Apple___healthy/9ee2b5e6-46cf-400f-a82f-660a2ac05157___RS_HL 5643.JPG,healthy,0,g1933,s_reliability,reliability_train,brightness,6844261724214958249,0.735598146778062,,,,42,0,0,healthy,0,5.5357466,-2.0489604,-5.7699003,2026
98dd13e79f54e070a3ad,data/plantvillage/raw/color/Apple___healthy/9ee2b5e6-46cf-400f-a82f-660a2ac05157___RS_HL 5643.JPG,healthy,0,g1933,s_reliability,reliability_train,contrast,1464826971361628951,,0.9320385533748609,,,42,0,0,healthy,0,5.687403,-2.0587094,-5.8414693,2026
63fbebf200c76f83fbec,data/plantvillage/raw/color/Apple___healthy/9ee2b5e6-46cf-400f-a82f-660a2ac05157___RS_HL 5643.JPG,healthy,0,g1933,s_reliability,reliability_train,gaussian_blur,5487144235537111549,,,1.4529892953848034,,42,0,0,healthy,0,2.6474576,-1.9620113,-2.7197986,2026
db63c826e2b8f85d9fb8,data/plantvillage/raw/color/Apple___healthy/9ee2b5e6-46cf-400f-a82f-660a2ac05157___RS_HL 5643.JPG,healthy,0,g1933,s_reliability,reliability_train,gaussian_noise,1259086190682439627,,,,0.01975947765504236,42,0,0,healthy,0,5.9037194,-2.0711708,-5.999844,2026
268953a3588e3dffd298,data/plantvillage/raw/color/Apple___healthy/9f6f67e7-5369-4642-9594-a29fba331a5c___RS_HL 5907.JPG,healthy,0,g1936,s_reliability,reliability_train,original,,,,,,42,0,0,healthy,0,4.386931,-3.4295714,-3.4730632,2026
97af82316d8388c0efde,data/plantvillage/raw/color/Apple___healthy/9f6f67e7-5369-4642-9594-a29fba331a5c___RS_HL 5907.JPG,healthy,0,g1936,s_reliability,reliability_train,brightness,1525063315300645881,0.7178000443873906,,,,42,0,0,healthy,0,4.2912173,-3.4738398,-3.5578656,2026
f6ccac1436002dcfdb43,data/plantvillage/raw/color/Apple___healthy/9f6f67e7-5369-4642-9594-a29fba331a5c___RS_HL 5907.JPG,healthy,0,g1936,s_reliability,reliability_train,contrast,7723155209668242984,,1.247457665498863,,,42,0,0,healthy,0,4.3169885,-3.5747683,-3.2862263,2026
d0c86ccf68d7d87a5eff,data/plantvillage/raw/color/Apple___healthy/9f6f67e7-5369-4642-9594-a29fba331a5c___RS_HL 5907.JPG,healthy,0,g1936,s_reliability,reliability_train,gaussian_blur,7733449514054732309,,,1.2319199901595452,,42,0,0,healthy,0,2.3020484,-3.8080359,-0.98380035,2026
b9c1cc520590e71575b7,data/plantvillage/raw/color/Apple___healthy/9f6f67e7-5369-4642-9594-a29fba331a5c___RS_HL 5907.JPG,healthy,0,g1936,s_reliability,reliability_train,gaussian_noise,8735681164023291135,,,,0.02063931400322449,42,0,0,healthy,0,4.290529,-3.2286794,-3.5895567,2026
d95428f39b5f96bf3083,data/plantvillage/raw/color/Apple___healthy/9fe1ea92-d106-4bc5-a0da-072a67c3260b___RS_HL 7828.JPG,healthy,0,g1940,s_reliability,reliability_train,original,,,,,,42,0,0,healthy,0,4.2767577,-2.297744,-4.780218,2026
e052452f37a32f44b0b7,data/plantvillage/raw/color/Apple___healthy/9fe1ea92-d106-4bc5-a0da-072a67c3260b___RS_HL 7828.JPG,healthy,0,g1940,s_reliability,reliability_train,brightness,7537652849366290316,1.2549368799159533,,,,42,0,0,healthy,0,4.8788595,-2.5004873,-4.9307294,2026
fe3d598357e537725911,data/plantvillage/raw/color/Apple___healthy/9fe1ea92-d106-4bc5-a0da-072a67c3260b___RS_HL 7828.JPG,healthy,0,g1940,s_reliability,reliability_train,contrast,4453287939242804643,,0.7876709072994226,,,42,0,0,healthy,0,2.8810942,-1.9400826,-4.2331934,2026
bf4c3e382fdd3ca1fc96,data/plantvillage/raw/color/Apple___healthy/9fe1ea92-d106-4bc5-a0da-072a67c3260b___RS_HL 7828.JPG,healthy,0,g1940,s_reliability,reliability_train,gaussian_blur,1185428530719799766,,,1.001869554949702,,42,0,0,healthy,0,1.2685556,-1.6706294,-2.8151891,2026
115ab7fbaa39d97dd130,data/plantvillage/raw/color/Apple___healthy/9fe1ea92-d106-4bc5-a0da-072a67c3260b___RS_HL 7828.JPG,healthy,0,g1940,s_reliability,reliability_train,gaussian_noise,3009397494064730673,,,,0.020046633580939298,42,0,0,healthy,0,4.4983125,-2.267246,-4.931017,2026
291e75e2681e0a00ff12,data/plantvillage/raw/color/Apple___healthy/a09b0571-6876-487c-bf88-bb378dd4f0cc___RS_HL 8057.JPG,healthy,0,g1946,s_reliability,reliability_train,original,,,,,,42,0,0,healthy,0,4.8950086,-4.267754,-3.3068995,2026
1dc12b0acf02e6ff4b4e,data/plantvillage/raw/color/Apple___healthy/a09b0571-6876-487c-bf88-bb378dd4f0cc___RS_HL 8057.JPG,healthy,0,g1946,s_reliability,reliability_train,brightness,2019809555721059264,0.76739901303399,,,,42,0,0,healthy,0,5.291596,-4.4488153,-3.5473197,2026
c712ad8b2086ae2090a3,data/plantvillage/raw/color/Apple___healthy/a09b0571-6876-487c-bf88-bb378dd4f0cc___RS_HL 8057.JPG,healthy,0,g1946,s_reliability,reliability_train,contrast,6514965221761357719,,0.7858207579393416,,,42,0,0,healthy,0,4.6403003,-4.208315,-3.2267761,2026
a4f57ecf7fae8a037bca,data/plantvillage/raw/color/Apple___healthy/a09b0571-6876-487c-bf88-bb378dd4f0cc___RS_HL 8057.JPG,healthy,0,g1946,s_reliability,reliability_train,gaussian_blur,1173719677833698608,,,1.1174517018710808,,42,0,0,healthy,0,2.6131358,-4.3787475,-1.3905783,2026
3ed9d9fa5664a650e28a,data/plantvillage/raw/color/Apple___healthy/a09b0571-6876-487c-bf88-bb378dd4f0cc___RS_HL 8057.JPG,healthy,0,g1946,s_reliability,reliability_train,gaussian_noise,5631761365092704992,,,,0.040952880366396806,42,0,0,healthy,0,5.197164,-4.180719,-3.6632328,2026
1f2067988d37126fd56c,data/plantvillage/raw/color/Apple___healthy/a117c853-363a-443a-b489-323fb4239f07___RS_HL 5697.JPG,healthy,0,g1950,s_reliability,reliability_train,original,,,,,,42,0,0,healthy,0,6.1708007,-5.07077,-3.5513868,2026
165de95daddfac3f5fc7,data/plantvillage/raw/color/Apple___healthy/a117c853-363a-443a-b489-323fb4239f07___RS_HL 5697.JPG,healthy,0,g1950,s_reliability,reliability_train,brightness,200198696414775433,1.2585435631650108,,,,42,0,0,healthy,0,6.3672357,-5.48144,-3.39549,2026
8aa65913a022724a4697,data/plantvillage/raw/color/Apple___healthy/a117c853-363a-443a-b489-323fb4239f07___RS_HL 5697.JPG,healthy,0,g1950,s_reliability,reliability_train,contrast,7557549151658895338,,1.145875503296426,,,42,0,0,healthy,0,6.4191155,-5.303523,-3.534207,2026
564a311cf4d6d7b63a8f,data/plantvillage/raw/color/Apple___healthy/a117c853-363a-443a-b489-323fb4239f07___RS_HL 5697.JPG,healthy,0,g1950,s_reliability,reliability_train,gaussian_blur,592185314910367776,,,1.1433295691966534,,42,0,0,healthy,0,3.023517,-5.380743,-0.55860454,2026
b0924808ea34da86caf6,data/plantvillage/raw/color/Apple___healthy/a117c853-363a-443a-b489-323fb4239f07___RS_HL 5697.JPG,healthy,0,g1950,s_reliability,reliability_train,gaussian_noise,3857529363920070534,,,,0.010502513698274454,42,0,0,healthy,0,6.2716885,-5.107003,-3.5980449,2026
3b0c84c008c713ea7e7c,data/plantvillage/raw/color/Apple___healthy/a1630d3e-2f30-455e-b259-d92b7b332588___RS_HL 5768.JPG,healthy,0,g1952,s_reliability,reliability_train,original,,,,,,42,0,0,healthy,0,3.206676,-1.2105852,-5.015271,2026
824702add8fc93b309c7,data/plantvillage/raw/color/Apple___healthy/a1630d3e-2f30-455e-b259-d92b7b332588___RS_HL 5768.JPG,healthy,0,g1952,s_reliability,reliability_train,brightness,7323973441651217455,1.037976151727697,,,,42,0,0,healthy,0,3.1497152,-1.1790797,-5.015167,2026
7458964da5c2aa8f6ee8,data/plantvillage/raw/color/Apple___healthy/a1630d3e-2f30-455e-b259-d92b7b332588___RS_HL 5768.JPG,healthy,0,g1952,s_reliability,reliability_train,contrast,1916090955602599114,,0.9016428344573691,,,42,0,0,healthy,0,2.6814265,-0.9887516,-4.733656,2026
a7614ce60b9edb3b2ad5,data/plantvillage/raw/color/Apple___healthy/a1630d3e-2f30-455e-b259-d92b7b332588___RS_HL 5768.JPG,healthy,0,g1952,s_reliability,reliability_train,gaussian_blur,508180416453821016,,,1.4510213468179836,,42,0,0,healthy,0,1.2700864,-1.6629187,-2.5110471,2026
c67f9a23a17b447831c2,data/plantvillage/raw/color/Apple___healthy/a1630d3e-2f30-455e-b259-d92b7b332588___RS_HL 5768.JPG,healthy,0,g1952,s_reliability,reliability_train,gaussian_noise,5086208195814214850,,,,0.043669520019979154,42,0,0,healthy,0,3.5141113,-1.4057966,-5.044514,2026
c0fc222e691930d7f756,data/plantvillage/raw/color/Apple___healthy/a1867bda-d965-4389-8a19-ed13c82df5f6___RS_HL 7655.JPG,healthy,0,g1956,s_reliability,reliability_train,original,,,,,,42,0,0,healthy,0,3.4805467,-0.25880748,-4.579066,2026
3862022265e6d1181e4e,data/plantvillage/raw/color/Apple___healthy/a1867bda-d965-4389-8a19-ed13c82df5f6___RS_HL 7655.JPG,healthy,0,g1956,s_reliability,reliability_train,brightness,1067742482402185797,1.1766983730129448,,,,42,0,0,healthy,0,3.2163396,-0.056157857,-4.1898746,2026
2d63883e0c49477bed84,data/plantvillage/raw/color/Apple___healthy/a1867bda-d965-4389-8a19-ed13c82df5f6___RS_HL 7655.JPG,healthy,0,g1956,s_reliability,reliability_train,contrast,3086120819903391749,,0.8926281147413446,,,42,0,0,healthy,0,3.4998345,-0.30412382,-4.6628222,2026
0de1065b5cc61ef1d2e5,data/plantvillage/raw/color/Apple___healthy/a1867bda-d965-4389-8a19-ed13c82df5f6___RS_HL 7655.JPG,healthy,0,g1956,s_reliability,reliability_train,gaussian_blur,8811861850106089010,,,0.714795155014272,,42,0,0,healthy,0,2.4934638,-0.18952046,-3.9878557,2026
ad28f21930f8830eef7c,data/plantvillage/raw/color/Apple___healthy/a1867bda-d965-4389-8a19-ed13c82df5f6___RS_HL 7655.JPG,healthy,0,g1956,s_reliability,reliability_train,gaussian_noise,1750480815429188158,,,,0.015685421179192995,42,0,0,healthy,0,3.513881,-0.18699263,-4.6992764,2026
83069301cdf56a80ab10,data/plantvillage/raw/color/Apple___healthy/a30bee25-14fb-43d2-9ab2-b179c920839c___RS_HL 5778.JPG,healthy,0,g1962,s_reliability,reliability_train,original,,,,,,42,0,0,healthy,0,4.5903215,-1.1463988,-5.9246345,2026
6c1690f0b39ac3935ffe,data/plantvillage/raw/color/Apple___healthy/a30bee25-14fb-43d2-9ab2-b179c920839c___RS_HL 5778.JPG,healthy,0,g1962,s_reliability,reliability_train,brightness,7956716195833132514,1.1469676709956917,,,,42,0,0,healthy,0,5.215816,-1.5611255,-5.976351,2026
750aa69031df88357c52,data/plantvillage/raw/color/Apple___healthy/a30bee25-14fb-43d2-9ab2-b179c920839c___RS_HL 5778.JPG,healthy,0,g1962,s_reliability,reliability_train,contrast,446752020952832803,,0.7102759170505923,,,42,0,0,healthy,0,3.220001,-0.5376072,-5.5632744,2026
b123de8073cb284b74c8,data/plantvillage/raw/color/Apple___healthy/a30bee25-14fb-43d2-9ab2-b179c920839c___RS_HL 5778.JPG,healthy,0,g1962,s_reliability,reliability_train,gaussian_blur,5154750465720268183,,,0.7976636148402988,,42,0,0,healthy,0,2.8873107,-1.7548689,-4.295686,2026
08f4771b5c0d883f91cc,data/plantvillage/raw/color/Apple___healthy/a30bee25-14fb-43d2-9ab2-b179c920839c___RS_HL 5778.JPG,healthy,0,g1962,s_reliability,reliability_train,gaussian_noise,5941214265869941181,,,,0.04950729295885943,42,0,0,healthy,0,4.857639,-1.2937309,-6.053568,2026
f70c2b05fada9f715e68,data/plantvillage/raw/color/Apple___healthy/a3d2fcfa-645e-419e-91a5-ab626f5fab6c___RS_HL 5930.JPG,healthy,0,g1967,s_reliability,reliability_train,original,,,,,,42,0,0,healthy,0,1.1788208,-3.72464,-0.9136802,2026
bd325086f7cc09dfef3a,data/plantvillage/raw/color/Apple___healthy/a3d2fcfa-645e-419e-91a5-ab626f5fab6c___RS_HL 5930.JPG,healthy,0,g1967,s_reliability,reliability_train,brightness,5075507837146037700,1.1602725828286666,,,,42,0,0,healthy,0,0.9469802,-3.609446,-0.8238743,2026
a7069b41b7581c9f6c13,data/plantvillage/raw/color/Apple___healthy/a3d2fcfa-645e-419e-91a5-ab626f5fab6c___RS_HL 5930.JPG,healthy,0,g1967,s_reliability,reliability_train,contrast,3074414387165632344,,1.0553895232743908,,,42,0,0,healthy,0,1.1905997,-3.8087473,-0.8588207,2026
3df0eca651c7ef846159,data/plantvillage/raw/color/Apple___healthy/a3d2fcfa-645e-419e-91a5-ab626f5fab6c___RS_HL 5930.JPG,healthy,0,g1967,s_reliability,reliability_train,gaussian_blur,4397072969192598289,,,0.6811640583382815,,42,0,0,healthy,0,0.5585702,-3.8377116,-0.43151137,2026
5f7129e272aca36b0407,data/plantvillage/raw/color/Apple___healthy/a3d2fcfa-645e-419e-91a5-ab626f5fab6c___RS_HL 5930.JPG,healthy,0,g1967,s_reliability,reliability_train,gaussian_noise,4729869661707367205,,,,0.033304702432114336,42,0,0,healthy,0,1.6783454,-3.8629286,-1.3110782,2026
2cdd6a826d45fb07dec0,data/plantvillage/raw/color/Apple___healthy/a4c37f29-8f5a-4a06-b6c4-367d523d452a___RS_HL 7374.JPG,healthy,0,g1974,s_reliability,reliability_val,original,,,,,,42,0,0,healthy,0,2.6399245,-1.531265,-3.7597873,2026
5a959739cb1c2d14358c,data/plantvillage/raw/color/Apple___healthy/a4c37f29-8f5a-4a06-b6c4-367d523d452a___RS_HL 7374.JPG,healthy,0,g1974,s_reliability,reliability_val,brightness,7898961004063620482,0.7349515465280065,,,,42,0,0,healthy,0,1.2021803,-0.53838366,-3.415626,2026
64e2c3865e60c6fb17e8,data/plantvillage/raw/color/Apple___healthy/a4c37f29-8f5a-4a06-b6c4-367d523d452a___RS_HL 7374.JPG,healthy,0,g1974,s_reliability,reliability_val,contrast,7556187443793209943,,1.2494489160017606,,,42,0,0,healthy,0,1.6409323,-1.2056638,-3.5682526,2026
3402bc8abd6cfcd98497,data/plantvillage/raw/color/Apple___healthy/a4c37f29-8f5a-4a06-b6c4-367d523d452a___RS_HL 7374.JPG,healthy,0,g1974,s_reliability,reliability_val,gaussian_blur,1091700716879289725,,,0.7303080351563106,,42,0,0,healthy,0,1.2906309,-1.8650473,-2.4771652,2026
2ab4ef8ffe3212a47d4c,data/plantvillage/raw/color/Apple___healthy/a4c37f29-8f5a-4a06-b6c4-367d523d452a___RS_HL 7374.JPG,healthy,0,g1974,s_reliability,reliability_val,gaussian_noise,486533051707874144,,,,0.0417766127975099,42,0,0,healthy,0,2.385474,-1.3103795,-3.9945838,2026
070c93342984907550b5,data/plantvillage/raw/color/Apple___healthy/a5121b4f-be3e-4911-9d15-2678a0ccf66d___RS_HL 7751.JPG,healthy,0,g1978,s_reliability,reliability_train,original,,,,,,42,0,0,healthy,0,5.4644685,-3.5404367,-4.495931,2026
3e2f91f593215cb74dbd,data/plantvillage/raw/color/Apple___healthy/a5121b4f-be3e-4911-9d15-2678a0ccf66d___RS_HL 7751.JPG,healthy,0,g1978,s_reliability,reliability_train,brightness,7992976223824075641,1.2663086675174542,,,,42,0,0,healthy,0,5.669316,-3.273735,-4.779219,2026
ca44bd998478676c0bbb,data/plantvillage/raw/color/Apple___healthy/a5121b4f-be3e-4911-9d15-2678a0ccf66d___RS_HL 7751.JPG,healthy,0,g1978,s_reliability,reliability_train,contrast,1753327160021163720,,0.7735294452513153,,,42,0,0,healthy,0,5.038137,-3.3543127,-4.4041085,2026
c2e35077939544fb09bc,data/plantvillage/raw/color/Apple___healthy/a5121b4f-be3e-4911-9d15-2678a0ccf66d___RS_HL 7751.JPG,healthy,0,g1978,s_reliability,reliability_train,gaussian_blur,165241369601886178,,,1.0345128096220702,,42,0,0,healthy,0,1.9829013,-3.566707,-1.715544,2026
77bab7017ae61cd9a00e,data/plantvillage/raw/color/Apple___healthy/a5121b4f-be3e-4911-9d15-2678a0ccf66d___RS_HL 7751.JPG,healthy,0,g1978,s_reliability,reliability_train,gaussian_noise,8566740453195156263,,,,0.02610663587989611,42,0,0,healthy,0,5.500237,-3.4181945,-4.631503,2026
f4bab3c8d15a189a3bf0,data/plantvillage/raw/color/Apple___healthy/a88f01ad-8550-49f1-9757-e9e9649d81b2___RS_HL 7360.JPG,healthy,0,g1993,s_reliability,reliability_val,original,,,,,,42,0,0,healthy,0,4.453017,-1.5391778,-5.2015076,2026
515db098cd592ec1f181,data/plantvillage/raw/color/Apple___healthy/a88f01ad-8550-49f1-9757-e9e9649d81b2___RS_HL 7360.JPG,healthy,0,g1993,s_reliability,reliability_val,brightness,7500708774172815379,0.8118947388103231,,,,42,0,0,healthy,0,4.046651,-1.0102345,-5.3328075,2026
b40a33c9771842e3a4aa,data/plantvillage/raw/color/Apple___healthy/a88f01ad-8550-49f1-9757-e9e9649d81b2___RS_HL 7360.JPG,healthy,0,g1993,s_reliability,reliability_val,contrast,535255375431193790,,0.7241075819315624,,,42,0,0,healthy,0,3.7370107,-0.9772657,-5.099714,2026
80e98451433a526bdcbd,data/plantvillage/raw/color/Apple___healthy/a88f01ad-8550-49f1-9757-e9e9649d81b2___RS_HL 7360.JPG,healthy,0,g1993,s_reliability,reliability_val,gaussian_blur,6433988538793917785,,,1.2908847358483613,,42,0,0,healthy,0,0.5419112,-1.4440641,-1.7002376,2026
cbd404a40a2932fb959b,data/plantvillage/raw/color/Apple___healthy/a88f01ad-8550-49f1-9757-e9e9649d81b2___RS_HL 7360.JPG,healthy,0,g1993,s_reliability,reliability_val,gaussian_noise,3927204207686837137,,,,0.041024757851550686,42,0,0,healthy,0,4.930574,-1.6362158,-5.499686,2026
1253f252c744319318e6,data/plantvillage/raw/color/Apple___healthy/ab56c266-3b13-43f0-9856-587367a3b45a___RS_HL 5770.JPG,healthy,0,g2006,s_reliability,reliability_train,original,,,,,,42,0,0,healthy,0,3.090117,-1.3553805,-4.7568893,2026
b55f533d2a63b55cb278,data/plantvillage/raw/color/Apple___healthy/ab56c266-3b13-43f0-9856-587367a3b45a___RS_HL 5770.JPG,healthy,0,g2006,s_reliability,reliability_train,brightness,451514512543377409,0.8839924642081585,,,,42,0,0,healthy,0,3.1199236,-1.3630959,-4.7305436,2026
305dd07a673f4728150a,data/plantvillage/raw/color/Apple___healthy/ab56c266-3b13-43f0-9856-587367a3b45a___RS_HL 5770.JPG,healthy,0,g2006,s_reliability,reliability_train,contrast,4388648076040762014,,0.7673279338694884,,,42,0,0,healthy,0,2.5193367,-1.4258236,-4.2987857,2026
c1bf9cd022bb8ab89e90,data/plantvillage/raw/color/Apple___healthy/ab56c266-3b13-43f0-9856-587367a3b45a___RS_HL 5770.JPG,healthy,0,g2006,s_reliability,reliability_train,gaussian_blur,6465789348957909642,,,1.2830599820721533,,42,0,0,healthy,0,-0.7787749,-1.2952789,-1.2107923,2026
302e7c28b0aa7f646b30,data/plantvillage/raw/color/Apple___healthy/ab56c266-3b13-43f0-9856-587367a3b45a___RS_HL 5770.JPG,healthy,0,g2006,s_reliability,reliability_train,gaussian_noise,6118476766142093037,,,,0.04407345886675848,42,0,0,healthy,0,3.510219,-1.0415062,-5.4427567,2026
e3852d02097ebb4eeb3f,data/plantvillage/raw/color/Apple___healthy/ac41e650-367c-4a74-b26e-0a983bc1223b___RS_HL 7743.JPG,healthy,0,g2012,s_reliability,reliability_train,original,,,,,,42,0,0,healthy,0,2.8700209,-1.0702369,-4.0666823,2026
06766d3e861eca137d90,data/plantvillage/raw/color/Apple___healthy/ac41e650-367c-4a74-b26e-0a983bc1223b___RS_HL 7743.JPG,healthy,0,g2012,s_reliability,reliability_train,brightness,7713814557536224564,0.8882149151885678,,,,42,0,0,healthy,0,2.7895045,-1.0976146,-3.9534125,2026
795b0b5c48f9c3fc09f3,data/plantvillage/raw/color/Apple___healthy/ac41e650-367c-4a74-b26e-0a983bc1223b___RS_HL 7743.JPG,healthy,0,g2012,s_reliability,reliability_train,contrast,1966902615970420452,,1.2620992901688532,,,42,0,0,healthy,0,2.9890506,-0.7824074,-4.249139,2026
a53a94443e04257797bb,data/plantvillage/raw/color/Apple___healthy/ac41e650-367c-4a74-b26e-0a983bc1223b___RS_HL 7743.JPG,healthy,0,g2012,s_reliability,reliability_train,gaussian_blur,1798259220780833073,,,1.4576806590925004,,42,0,0,healthy,0,-0.24639563,-0.5388046,-1.1934924,2026
45f91dbcb93bb88f834a,data/plantvillage/raw/color/Apple___healthy/ac41e650-367c-4a74-b26e-0a983bc1223b___RS_HL 7743.JPG,healthy,0,g2012,s_reliability,reliability_train,gaussian_noise,4685519702170125109,,,,0.04708561648270997,42,0,0,healthy,0,2.3114812,-0.3707163,-4.065893,2026
09e66af59f86feadcd5e,data/plantvillage/raw/color/Apple___healthy/ac9eef55-7ba7-4663-913a-6c68fc5b3376___RS_HL 5696.JPG,healthy,0,g2016,s_reliability,reliability_train,original,,,,,,42,0,0,healthy,0,7.2962,-4.598083,-5.1601653,2026
6cebc39202a0a858fd55,data/plantvillage/raw/color/Apple___healthy/ac9eef55-7ba7-4663-913a-6c68fc5b3376___RS_HL 5696.JPG,healthy,0,g2016,s_reliability,reliability_train,brightness,2181875437142406949,1.2644341940202617,,,,42,0,0,healthy,0,7.83602,-4.7184405,-5.3763146,2026
22f461519d51c81c70fd,data/plantvillage/raw/color/Apple___healthy/ac9eef55-7ba7-4663-913a-6c68fc5b3376___RS_HL 5696.JPG,healthy,0,g2016,s_reliability,reliability_train,contrast,420369281112985065,,0.9077061235780632,,,42,0,0,healthy,0,6.607344,-4.2515745,-5.022592,2026
6c1dc2383775c56450c0,data/plantvillage/raw/color/Apple___healthy/ac9eef55-7ba7-4663-913a-6c68fc5b3376___RS_HL 5696.JPG,healthy,0,g2016,s_reliability,reliability_train,gaussian_blur,4388417118540763769,,,0.9508285800921739,,42,0,0,healthy,0,3.4501603,-3.9645445,-2.8805556,2026
7bd36e10b885987b970e,data/plantvillage/raw/color/Apple___healthy/ac9eef55-7ba7-4663-913a-6c68fc5b3376___RS_HL 5696.JPG,healthy,0,g2016,s_reliability,reliability_train,gaussian_noise,6983981520002202230,,,,0.026404415395693534,42,0,0,healthy,0,7.8053174,-4.79119,-5.3181925,2026
744902081ddfac40a186,data/plantvillage/raw/color/Apple___healthy/af413561-59ca-4d3a-9e7d-34711b946db4___RS_HL 6298.JPG,healthy,0,g2032,s_reliability,reliability_train,original,,,,,,42,0,0,healthy,0,4.5638595,-5.165775,-2.8644109,2026
2d4533a774fd4a1f2f27,data/plantvillage/raw/color/Apple___healthy/af413561-59ca-4d3a-9e7d-34711b946db4___RS_HL 6298.JPG,healthy,0,g2032,s_reliability,reliability_train,brightness,8199595439608167233,0.9889335125215225,,,,42,0,0,healthy,0,4.516762,-5.1841297,-2.8174877,2026
16e63094ee7862347562,data/plantvillage/raw/color/Apple___healthy/af413561-59ca-4d3a-9e7d-34711b946db4___RS_HL 6298.JPG,healthy,0,g2032,s_reliability,reliability_train,contrast,5730671122905601923,,1.1627440952004102,,,42,0,0,healthy,0,4.7502694,-5.1634474,-2.964314,2026
68e54cfa3e13d69ab905,data/plantvillage/raw/color/Apple___healthy/af413561-59ca-4d3a-9e7d-34711b946db4___RS_HL 6298.JPG,healthy,0,g2032,s_reliability,reliability_train,gaussian_blur,8320925033306606058,,,0.5903022859214198,,42,0,0,healthy,0,3.057419,-5.004576,-1.6974874,2026
b15427e5ed9955de0c3b,data/plantvillage/raw/color/Apple___healthy/af413561-59ca-4d3a-9e7d-34711b946db4___RS_HL 6298.JPG,healthy,0,g2032,s_reliability,reliability_train,gaussian_noise,1363805099464080102,,,,0.027320267348527723,42,0,0,healthy,0,4.6006756,-5.136597,-2.8686347,2026
63893e739ea2c66c11c4,data/plantvillage/raw/color/Apple___healthy/b0178b88-d413-498c-a6de-1d7cef560d3a___RS_HL 7925.JPG,healthy,0,g2036,s_reliability,reliability_train,original,,,,,,42,0,0,healthy,0,5.471378,-2.5874925,-5.1196823,2026
054b4dad6c2b9a9b861b,data/plantvillage/raw/color/Apple___healthy/b0178b88-d413-498c-a6de-1d7cef560d3a___RS_HL 7925.JPG,healthy,0,g2036,s_reliability,reliability_train,brightness,5492418601785591051,1.040595192750638,,,,42,0,0,healthy,0,5.6148105,-2.690622,-5.1140633,2026
bc210691884254ad33b6,data/plantvillage/raw/color/Apple___healthy/b0178b88-d413-498c-a6de-1d7cef560d3a___RS_HL 7925.JPG,healthy,0,g2036,s_reliability,reliability_train,contrast,2604726697876932199,,1.286382156053878,,,42,0,0,healthy,0,5.735743,-2.7907774,-5.2169433,2026
55b95e030db525278e14,data/plantvillage/raw/color/Apple___healthy/b0178b88-d413-498c-a6de-1d7cef560d3a___RS_HL 7925.JPG,healthy,0,g2036,s_reliability,reliability_train,gaussian_blur,3885239844635962475,,,1.0599791249609647,,42,0,0,healthy,0,3.3099818,-2.6789298,-3.0477355,2026
0d4ab6824ad10676e67c,data/plantvillage/raw/color/Apple___healthy/b0178b88-d413-498c-a6de-1d7cef560d3a___RS_HL 7925.JPG,healthy,0,g2036,s_reliability,reliability_train,gaussian_noise,7736519202645945334,,,,0.046990988000148524,42,0,0,healthy,0,5.6832137,-2.7988493,-5.165157,2026
c014d9de167931d8920f,data/plantvillage/raw/color/Apple___healthy/b228e0e9-6082-4f02-a31e-11077fff799a___RS_HL 8143.JPG,healthy,0,g2048,s_reliability,reliability_train,original,,,,,,42,0,0,healthy,0,3.8097703,-4.0750637,-3.0557294,2026
17ceda6fec27cd197ba3,data/plantvillage/raw/color/Apple___healthy/b228e0e9-6082-4f02-a31e-11077fff799a___RS_HL 8143.JPG,healthy,0,g2048,s_reliability,reliability_train,brightness,7637982741032775424,1.1705180812361504,,,,42,0,0,healthy,0,3.8356333,-4.1064672,-2.9804797,2026
847f420aee99fed89484,data/plantvillage/raw/color/Apple___healthy/b228e0e9-6082-4f02-a31e-11077fff799a___RS_HL 8143.JPG,healthy,0,g2048,s_reliability,reliability_train,contrast,2006005395170838457,,1.196111763122233,,,42,0,0,healthy,0,3.863191,-3.832322,-3.2988343,2026
82f6efda7e07ecc824e0,data/plantvillage/raw/color/Apple___healthy/b228e0e9-6082-4f02-a31e-11077fff799a___RS_HL 8143.JPG,healthy,0,g2048,s_reliability,reliability_train,gaussian_blur,1781274265058439557,,,0.9401300438385838,,42,0,0,healthy,0,1.7097111,-4.3065476,-1.0405004,2026
0def429112ec7e6e4d00,data/plantvillage/raw/color/Apple___healthy/b228e0e9-6082-4f02-a31e-11077fff799a___RS_HL 8143.JPG,healthy,0,g2048,s_reliability,reliability_train,gaussian_noise,3322207022313814604,,,,0.04985034398722949,42,0,0,healthy,0,4.010616,-3.3988316,-3.6828213,2026
8cfcec343a400fc28a96,data/plantvillage/raw/color/Apple___healthy/b31c759a-547a-46de-937f-56714107db63___RS_HL 5857.JPG,healthy,0,g2052,s_reliability,reliability_train,original,,,,,,42,0,0,healthy,0,5.5586414,-1.6950805,-6.133006,2026
9b516bdcb4c6e4d4c135,data/plantvillage/raw/color/Apple___healthy/b31c759a-547a-46de-937f-56714107db63___RS_HL 5857.JPG,healthy,0,g2052,s_reliability,reliability_train,brightness,4776868927905034655,1.073415129158139,,,,42,0,0,healthy,0,5.665918,-1.7259443,-6.1916313,2026
677e40d0e3c206a175f0,data/plantvillage/raw/color/Apple___healthy/b31c759a-547a-46de-937f-56714107db63___RS_HL 5857.JPG,healthy,0,g2052,s_reliability,reliability_train,contrast,7493919670663009087,,1.105498708664748,,,42,0,0,healthy,0,5.7181716,-1.7443835,-6.259392,2026
99a0275708a18491dae4,data/plantvillage/raw/color/Apple___healthy/b31c759a-547a-46de-937f-56714107db63___RS_HL 5857.JPG,healthy,0,g2052,s_reliability,reliability_train,gaussian_blur,5389729614572656442,,,0.7087394573119055,,42,0,0,healthy,0,4.7930164,-1.981921,-4.910834,2026
f71e3a9ecb82b3352db7,data/plantvillage/raw/color/Apple___healthy/b31c759a-547a-46de-937f-56714107db63___RS_HL 5857.JPG,healthy,0,g2052,s_reliability,reliability_train,gaussian_noise,1649962379641599326,,,,0.026142903337634048,42,0,0,healthy,0,5.7642174,-1.726924,-6.2047477,2026
160f9bb94b09e1efcc97,data/plantvillage/raw/color/Apple___healthy/b3731461-8db1-42f5-9976-5f3b8b72935b___RS_HL 5973.JPG,healthy,0,g2056,s_reliability,reliability_val,original,,,,,,42,0,0,healthy,0,3.1562188,-5.265993,-1.7540395,2026
8885ae1dc8102ed621f9,data/plantvillage/raw/color/Apple___healthy/b3731461-8db1-42f5-9976-5f3b8b72935b___RS_HL 5973.JPG,healthy,0,g2056,s_reliability,reliability_val,brightness,4714727046780064339,0.7875658312668739,,,,42,0,0,healthy,0,3.6549003,-5.0424514,-2.1549318,2026
2c60a57a15112d0ba617,data/plantvillage/raw/color/Apple___healthy/b3731461-8db1-42f5-9976-5f3b8b72935b___RS_HL 5973.JPG,healthy,0,g2056,s_reliability,reliability_val,contrast,6385588251591397663,,1.2822563415305734,,,42,0,0,healthy,0,3.5523865,-5.4055924,-1.8375962,2026
4a34568047a560e04c9a,data/plantvillage/raw/color/Apple___healthy/b3731461-8db1-42f5-9976-5f3b8b72935b___RS_HL 5973.JPG,healthy,0,g2056,s_reliability,reliability_val,gaussian_blur,3419429777540369926,,,1.3460412565313944,,42,0,2,rust,1,-0.3379523,-5.4623847,1.5570296,2026
8af7a48f8fcb1014a457,data/plantvillage/raw/color/Apple___healthy/b3731461-8db1-42f5-9976-5f3b8b72935b___RS_HL 5973.JPG,healthy,0,g2056,s_reliability,reliability_val,gaussian_noise,4009949446650723733,,,,0.04752258620926362,42,0,0,healthy,0,3.8961966,-4.985714,-2.4115334,2026
73628dbb90eead517cb4,data/plantvillage/raw/color/Apple___healthy/b3a6e935-5855-48b2-905a-e3d6e1806e94___RS_HL 5688.JPG,healthy,0,g2058,s_reliability,reliability_train,original,,,,,,42,0,0,healthy,0,6.331119,-1.3161465,-7.36514,2026
3534e484cccdf0d7cd34,data/plantvillage/raw/color/Apple___healthy/b3a6e935-5855-48b2-905a-e3d6e1806e94___RS_HL 5688.JPG,healthy,0,g2058,s_reliability,reliability_train,brightness,1557578092205089252,0.8328826552240327,,,,42,0,0,healthy,0,6.12978,-1.2486813,-7.317149,2026
2aa38fbb21c9e5417f44,data/plantvillage/raw/color/Apple___healthy/b3a6e935-5855-48b2-905a-e3d6e1806e94___RS_HL 5688.JPG,healthy,0,g2058,s_reliability,reliability_train,contrast,4365394970387706490,,1.26964990020902,,,42,0,0,healthy,0,5.934932,-1.132701,-6.8324485,2026
ed5b28457cd2f8e393ae,data/plantvillage/raw/color/Apple___healthy/b3a6e935-5855-48b2-905a-e3d6e1806e94___RS_HL 5688.JPG,healthy,0,g2058,s_reliability,reliability_train,gaussian_blur,9135699124895660896,,,1.4844609674448979,,42,0,0,healthy,0,2.9237597,-1.1073163,-4.7917624,2026
8f2c6cbb34c8b9e68573,data/plantvillage/raw/color/Apple___healthy/b3a6e935-5855-48b2-905a-e3d6e1806e94___RS_HL 5688.JPG,healthy,0,g2058,s_reliability,reliability_train,gaussian_noise,1845308470184377975,,,,0.019697229979750715,42,0,0,healthy,0,6.4547806,-1.2470204,-7.479697,2026
794b44ebb2444282ec0c,data/plantvillage/raw/color/Apple___healthy/b681e485-e0a6-489f-b9c9-c67d67e70801___RS_HL 5874.JPG,healthy,0,g2065,s_reliability,reliability_train,original,,,,,,42,0,0,healthy,0,4.415231,-1.0493686,-5.8003716,2026
5cf2009b309a19fe4628,data/plantvillage/raw/color/Apple___healthy/b681e485-e0a6-489f-b9c9-c67d67e70801___RS_HL 5874.JPG,healthy,0,g2065,s_reliability,reliability_train,brightness,1680582776402040823,0.9833869774273425,,,,42,0,0,healthy,0,4.3802013,-1.0593914,-5.7562513,2026
c733ee7a80bb9ac34ca0,data/plantvillage/raw/color/Apple___healthy/b681e485-e0a6-489f-b9c9-c67d67e70801___RS_HL 5874.JPG,healthy,0,g2065,s_reliability,reliability_train,contrast,5902776104711382083,,1.0231692700704949,,,42,0,0,healthy,0,4.467303,-1.0695943,-5.8197894,2026
31e633bacad86a375cba,data/plantvillage/raw/color/Apple___healthy/b681e485-e0a6-489f-b9c9-c67d67e70801___RS_HL 5874.JPG,healthy,0,g2065,s_reliability,reliability_train,gaussian_blur,4708892453808620805,,,1.0526122812565537,,42,0,0,healthy,0,1.2680871,-1.1123184,-3.2235696,2026
d2c4d3ce026cbf30a268,data/plantvillage/raw/color/Apple___healthy/b681e485-e0a6-489f-b9c9-c67d67e70801___RS_HL 5874.JPG,healthy,0,g2065,s_reliability,reliability_train,gaussian_noise,1162522399652330452,,,,0.0246761782972328,42,0,0,healthy,0,4.457054,-1.09635,-5.859819,2026
cfab5c96afc0dab85cf0,data/plantvillage/raw/color/Apple___healthy/b68238fa-2e01-43b2-bf8c-0e9d38848b02___RS_HL 6289.JPG,healthy,0,g2066,s_reliability,reliability_val,original,,,,,,42,0,0,healthy,0,4.3968773,-3.3813517,-3.3560228,2026
68be8c726f9f5a718049,data/plantvillage/raw/color/Apple___healthy/b68238fa-2e01-43b2-bf8c-0e9d38848b02___RS_HL 6289.JPG,healthy,0,g2066,s_reliability,reliability_val,brightness,8457567747609506247,0.782399998924246,,,,42,0,0,healthy,0,4.19077,-3.486388,-3.2170188,2026
68fee5889423ffdae47c,data/plantvillage/raw/color/Apple___healthy/b68238fa-2e01-43b2-bf8c-0e9d38848b02___RS_HL 6289.JPG,healthy,0,g2066,s_reliability,reliability_val,contrast,8774000798985531735,,1.0603544629313357,,,42,0,0,healthy,0,4.4271502,-3.3369224,-3.3861074,2026
6abec8924216e97e4be1,data/plantvillage/raw/color/Apple___healthy/b68238fa-2e01-43b2-bf8c-0e9d38848b02___RS_HL 6289.JPG,healthy,0,g2066,s_reliability,reliability_val,gaussian_blur,7869332010863974810,,,0.7342636898935917,,42,0,0,healthy,0,2.8951945,-3.5441778,-2.1341076,2026
473b56d5d14684bc027a,data/plantvillage/raw/color/Apple___healthy/b68238fa-2e01-43b2-bf8c-0e9d38848b02___RS_HL 6289.JPG,healthy,0,g2066,s_reliability,reliability_val,gaussian_noise,2482522779772872238,,,,0.03583691907425137,42,0,0,healthy,0,4.8679013,-3.2675529,-3.855049,2026
2502e2067afee52a04c0,data/plantvillage/raw/color/Apple___healthy/b776b468-ee06-4871-98da-3998ead30369___RS_HL 7438.JPG,healthy,0,g2070,s_reliability,reliability_train,original,,,,,,42,0,0,healthy,0,4.142346,-3.9613192,-3.4590573,2026
feb9cab263530de1b591,data/plantvillage/raw/color/Apple___healthy/b776b468-ee06-4871-98da-3998ead30369___RS_HL 7438.JPG,healthy,0,g2070,s_reliability,reliability_train,brightness,2365677643134394711,1.0750175719115558,,,,42,0,0,healthy,0,4.421371,-4.1182446,-3.5269616,2026
ce2d1faf72e93b46c967,data/plantvillage/raw/color/Apple___healthy/b776b468-ee06-4871-98da-3998ead30369___RS_HL 7438.JPG,healthy,0,g2070,s_reliability,reliability_train,contrast,9116424773941449745,,1.1582506044210392,,,42,0,0,healthy,0,3.8604348,-3.8926358,-3.3170533,2026
3b2b5d0c03a4ba870436,data/plantvillage/raw/color/Apple___healthy/b776b468-ee06-4871-98da-3998ead30369___RS_HL 7438.JPG,healthy,0,g2070,s_reliability,reliability_train,gaussian_blur,4214952760034534401,,,1.145537661875724,,42,0,0,healthy,0,0.1400779,-3.283619,-0.6695855,2026
43d21f64228f02b6a398,data/plantvillage/raw/color/Apple___healthy/b776b468-ee06-4871-98da-3998ead30369___RS_HL 7438.JPG,healthy,0,g2070,s_reliability,reliability_train,gaussian_noise,8988735410193991802,,,,0.04292261798365551,42,0,0,healthy,0,4.4143085,-4.1218505,-3.547133,2026
914929a7b6e6dc1da420,data/plantvillage/raw/color/Apple___healthy/b85dfb75-f620-427c-9108-02547560a2b4___RS_HL 5913.JPG,healthy,0,g2076,s_reliability,reliability_train,original,,,,,,42,0,0,healthy,0,4.18524,-3.514088,-2.687881,2026
e58e134fcc430ee89ec7,data/plantvillage/raw/color/Apple___healthy/b85dfb75-f620-427c-9108-02547560a2b4___RS_HL 5913.JPG,healthy,0,g2076,s_reliability,reliability_train,brightness,8793225143273527977,0.8240762318657053,,,,42,0,0,healthy,0,4.4470954,-3.2800016,-3.075612,2026
0f91858be88370d9de90,data/plantvillage/raw/color/Apple___healthy/b85dfb75-f620-427c-9108-02547560a2b4___RS_HL 5913.JPG,healthy,0,g2076,s_reliability,reliability_train,contrast,6265584697138144249,,1.0196394665234805,,,42,0,0,healthy,0,4.0670605,-3.539124,-2.5924785,2026
06ad2989bdd028d57844,data/plantvillage/raw/color/Apple___healthy/b85dfb75-f620-427c-9108-02547560a2b4___RS_HL 5913.JPG,healthy,0,g2076,s_reliability,reliability_train,gaussian_blur,8792802007609175368,,,1.0849505554052472,,42,0,0,healthy,0,2.5318398,-3.4052956,-1.1655523,2026
48434e8f2d35659598af,data/plantvillage/raw/color/Apple___healthy/b85dfb75-f620-427c-9108-02547560a2b4___RS_HL 5913.JPG,healthy,0,g2076,s_reliability,reliability_train,gaussian_noise,5061046377607003889,,,,0.042060955853097264,42,0,0,healthy,0,4.184219,-3.4144986,-2.7795327,2026
04d2b4a60c21f8d6ec2c,data/plantvillage/raw/color/Apple___healthy/ba04fd9d-8914-4513-bc3a-2b8c3998fe83___RS_HL 7256.JPG,healthy,0,g2087,s_reliability,reliability_train,original,,,,,,42,0,0,healthy,0,2.7133436,-1.1279312,-3.8016481,2026
dc36a0b7a3a467c0e987,data/plantvillage/raw/color/Apple___healthy/ba04fd9d-8914-4513-bc3a-2b8c3998fe83___RS_HL 7256.JPG,healthy,0,g2087,s_reliability,reliability_train,brightness,1797921920118738268,0.9750794405813554,,,,42,0,0,healthy,0,2.6349423,-1.1573496,-3.7246227,2026
148bc3c742bfa25ec639,data/plantvillage/raw/color/Apple___healthy/ba04fd9d-8914-4513-bc3a-2b8c3998fe83___RS_HL 7256.JPG,healthy,0,g2087,s_reliability,reliability_train,contrast,438113381768895326,,1.0730466078895762,,,42,0,0,healthy,0,2.7606878,-1.1273757,-3.8470976,2026
361f095e4ca4bd4d69af,data/plantvillage/raw/color/Apple___healthy/ba04fd9d-8914-4513-bc3a-2b8c3998fe83___RS_HL 7256.JPG,healthy,0,g2087,s_reliability,reliability_train,gaussian_blur,4751290530091350662,,,1.0119356399405826,,42,0,0,healthy,0,0.47757795,-1.4041085,-0.88935393,2026
96b69ecb0c23fd6313ff,data/plantvillage/raw/color/Apple___healthy/ba04fd9d-8914-4513-bc3a-2b8c3998fe83___RS_HL 7256.JPG,healthy,0,g2087,s_reliability,reliability_train,gaussian_noise,1742269739191165336,,,,0.029219425287541373,42,0,0,healthy,0,2.7380075,-1.181557,-3.7533715,2026
7721a2f5d01660e128ba,data/plantvillage/raw/color/Apple___healthy/ba78848a-d307-4ba9-bb8e-34de742de684___RS_HL 7266.JPG,healthy,0,g2093,s_reliability,reliability_train,original,,,,,,42,0,0,healthy,0,3.137931,-1.2083105,-4.3433266,2026
9612d51fc0b1da50df6d,data/plantvillage/raw/color/Apple___healthy/ba78848a-d307-4ba9-bb8e-34de742de684___RS_HL 7266.JPG,healthy,0,g2093,s_reliability,reliability_train,brightness,180513268911619436,1.2057437902938726,,,,42,0,0,healthy,0,3.0821953,-1.0464036,-4.353561,2026
e8ce493e638642d12931,data/plantvillage/raw/color/Apple___healthy/ba78848a-d307-4ba9-bb8e-34de742de684___RS_HL 7266.JPG,healthy,0,g2093,s_reliability,reliability_train,contrast,6656166065330326980,,0.7337856621956077,,,42,0,0,healthy,0,2.730991,-1.3529809,-4.0014424,2026
d1fc300c3500dfaf4322,data/plantvillage/raw/color/Apple___healthy/ba78848a-d307-4ba9-bb8e-34de742de684___RS_HL 7266.JPG,healthy,0,g2093,s_reliability,reliability_train,gaussian_blur,6324544314400759133,,,0.9060317365141395,,42,0,0,healthy,0,0.9192709,-1.1508689,-2.4518456,2026
920f573ac66cba575dd7,data/plantvillage/raw/color/Apple___healthy/ba78848a-d307-4ba9-bb8e-34de742de684___RS_HL 7266.JPG,healthy,0,g2093,s_reliability,reliability_train,gaussian_noise,8329810117937817382,,,,0.01784257470756679,42,0,0,healthy,0,3.1828034,-1.2140906,-4.339725,2026
cf5548f25743edc0cbcb,data/plantvillage/raw/color/Apple___healthy/bc0818a9-ad35-4d9d-93c7-20a9901c0781___RS_HL 8098.JPG,healthy,0,g2101,s_reliability,reliability_val,original,,,,,,42,0,0,healthy,0,6.718379,-4.5054073,-4.7683973,2026
c5da03b69c50479a35a8,data/plantvillage/raw/color/Apple___healthy/bc0818a9-ad35-4d9d-93c7-20a9901c0781___RS_HL 8098.JPG,healthy,0,g2101,s_reliability,reliability_val,brightness,8799735336434726382,1.1911884074886696,,,,42,0,0,healthy,0,6.601306,-4.4059796,-4.708382,2026
22263a5e23990c1da4b5,data/plantvillage/raw/color/Apple___healthy/bc0818a9-ad35-4d9d-93c7-20a9901c0781___RS_HL 8098.JPG,healthy,0,g2101,s_reliability,reliability_val,contrast,8902078070277646931,,1.0630424896404822,,,42,0,0,healthy,0,6.747064,-4.42742,-4.8490677,2026
a3544a52fd98140addcd,data/plantvillage/raw/color/Apple___healthy/bc0818a9-ad35-4d9d-93c7-20a9901c0781___RS_HL 8098.JPG,healthy,0,g2101,s_reliability,reliability_val,gaussian_blur,5838627005906542724,,,1.4980776906589175,,42,0,0,healthy,0,2.4090703,-4.9562416,-0.90887034,2026
f49f3d9cdcaee007e3e1,data/plantvillage/raw/color/Apple___healthy/bc0818a9-ad35-4d9d-93c7-20a9901c0781___RS_HL 8098.JPG,healthy,0,g2101,s_reliability,reliability_val,gaussian_noise,6057847952184625287,,,,0.021363723166747527,42,0,0,healthy,0,7.169082,-4.569387,-5.022722,2026
fb2efa36c811ccac5edb,data/plantvillage/raw/color/Apple___healthy/bd802f98-838a-4703-b38d-5db77ddac1b8___RS_HL 8154.JPG,healthy,0,g2109,s_reliability,reliability_train,original,,,,,,42,0,0,healthy,0,6.4981737,-3.9564967,-4.7838106,2026
7f53cd330d2ea1fe791d,data/plantvillage/raw/color/Apple___healthy/bd802f98-838a-4703-b38d-5db77ddac1b8___RS_HL 8154.JPG,healthy,0,g2109,s_reliability,reliability_train,brightness,9127502360244515742,1.0745386500691125,,,,42,0,0,healthy,0,6.4298577,-3.8039892,-4.8716564,2026
95fe9696745ad8eed9ca,data/plantvillage/raw/color/Apple___healthy/bd802f98-838a-4703-b38d-5db77ddac1b8___RS_HL 8154.JPG,healthy,0,g2109,s_reliability,reliability_train,contrast,2071369085903572210,,0.7312516795632684,,,42,0,0,healthy,0,5.4751844,-3.6971142,-4.3658323,2026
21aa9884eacc2caefb52,data/plantvillage/raw/color/Apple___healthy/bd802f98-838a-4703-b38d-5db77ddac1b8___RS_HL 8154.JPG,healthy,0,g2109,s_reliability,reliability_train,gaussian_blur,4730092531262903168,,,1.370288419602689,,42,0,0,healthy,0,2.8541083,-3.6389427,-1.7692292,2026
97bbe061f5b08f600ae9,data/plantvillage/raw/color/Apple___healthy/bd802f98-838a-4703-b38d-5db77ddac1b8___RS_HL 8154.JPG,healthy,0,g2109,s_reliability,reliability_train,gaussian_noise,901818618789934454,,,,0.039976350567291326,42,0,0,healthy,0,6.519286,-4.0284157,-4.885889,2026
63022531ff9fa6fc0d45,data/plantvillage/raw/color/Apple___healthy/bd9222f6-b97a-4e5b-ac0f-ff320f5f7180___RS_HL 7630.JPG,healthy,0,g2113,s_reliability,reliability_val,original,,,,,,42,0,0,healthy,0,4.746129,-1.2472662,-5.5240593,2026
390bd4462123782ef427,data/plantvillage/raw/color/Apple___healthy/bd9222f6-b97a-4e5b-ac0f-ff320f5f7180___RS_HL 7630.JPG,healthy,0,g2113,s_reliability,reliability_val,brightness,172015498134347704,1.175835998070807,,,,42,0,0,healthy,0,4.6842628,-1.2113189,-5.5723963,2026
f0854de0092f6d905a02,data/plantvillage/raw/color/Apple___healthy/bd9222f6-b97a-4e5b-ac0f-ff320f5f7180___RS_HL 7630.JPG,healthy,0,g2113,s_reliability,reliability_val,contrast,1577609515580477337,,0.7522504153515164,,,42,0,0,healthy,0,4.5547147,-1.4461124,-5.1938295,2026
db77dd87a49dcc26424e,data/plantvillage/raw/color/Apple___healthy/bd9222f6-b97a-4e5b-ac0f-ff320f5f7180___RS_HL 7630.JPG,healthy,0,g2113,s_reliability,reliability_val,gaussian_blur,4790145554200165788,,,1.0741143929785053,,42,0,0,healthy,0,2.8912,-1.3862029,-3.9786525,2026
245a46211af3d8cc0fa3,data/plantvillage/raw/color/Apple___healthy/bd9222f6-b97a-4e5b-ac0f-ff320f5f7180___RS_HL 7630.JPG,healthy,0,g2113,s_reliability,reliability_val,gaussian_noise,3926349062987368425,,,,0.013728333983041923,42,0,0,healthy,0,4.7017703,-1.2260212,-5.5076513,2026
8221998e3131b7c66a72,data/plantvillage/raw/color/Apple___healthy/be0f61c7-6307-4492-8a2c-50987ca6890e___RS_HL 7403.JPG,healthy,0,g2118,s_reliability,reliability_train,original,,,,,,42,0,0,healthy,0,4.793153,-3.0524595,-4.070259,2026
2e21325ce3d08a600010,data/plantvillage/raw/color/Apple___healthy/be0f61c7-6307-4492-8a2c-50987ca6890e___RS_HL 7403.JPG,healthy,0,g2118,s_reliability,reliability_train,brightness,9121134459745642125,1.2434822609539822,,,,42,0,0,healthy,0,4.9374557,-3.390385,-3.8236647,2026
7b79c93fc6b10ba34a80,data/plantvillage/raw/color/Apple___healthy/be0f61c7-6307-4492-8a2c-50987ca6890e___RS_HL 7403.JPG,healthy,0,g2118,s_reliability,reliability_train,contrast,2399888761978609597,,0.8268785206328331,,,42,0,0,healthy,0,3.9654458,-2.4849932,-4.00072,2026
20b720a3564367538a11,data/plantvillage/raw/color/Apple___healthy/be0f61c7-6307-4492-8a2c-50987ca6890e___RS_HL 7403.JPG,healthy,0,g2118,s_reliability,reliability_train,gaussian_blur,1348339869800633035,,,1.459088779663769,,42,0,0,healthy,0,0.7504453,-3.31734,-0.30429584,2026
def40ccdb802d9030596,data/plantvillage/raw/color/Apple___healthy/be0f61c7-6307-4492-8a2c-50987ca6890e___RS_HL 7403.JPG,healthy,0,g2118,s_reliability,reliability_train,gaussian_noise,6399073601265097094,,,,0.017409783859069407,42,0,0,healthy,0,4.8410916,-3.163324,-3.988906,2026
86e3dc387cc38132ee5e,data/plantvillage/raw/color/Apple___healthy/bf26ad48-1ebb-4186-a52c-e249dc19317e___RS_HL 8195.JPG,healthy,0,g2126,s_reliability,reliability_train,original,,,,,,42,0,0,healthy,0,5.523682,-4.2660046,-4.4985323,2026
096673625b34be9bafa8,data/plantvillage/raw/color/Apple___healthy/bf26ad48-1ebb-4186-a52c-e249dc19317e___RS_HL 8195.JPG,healthy,0,g2126,s_reliability,reliability_train,brightness,8227145813088676731,0.976378392652633,,,,42,0,0,healthy,0,5.479067,-4.2465916,-4.495753,2026
3146ebb62de44e56e0f9,data/plantvillage/raw/color/Apple___healthy/bf26ad48-1ebb-4186-a52c-e249dc19317e___RS_HL 8195.JPG,healthy,0,g2126,s_reliability,reliability_train,contrast,2056087432683652734,,1.0382942568963212,,,42,0,0,healthy,0,5.606081,-4.264181,-4.5239367,2026
a9f65182625141ed8ddf,data/plantvillage/raw/color/Apple___healthy/bf26ad48-1ebb-4186-a52c-e249dc19317e___RS_HL 8195.JPG,healthy,0,g2126,s_reliability,reliability_train,gaussian_blur,370705917543667655,,,0.6733940116910309,,42,0,0,healthy,0,4.890009,-5.0139422,-3.2156572,2026
a678a9c3a9d5feb9ad65,data/plantvillage/raw/color/Apple___healthy/bf26ad48-1ebb-4186-a52c-e249dc19317e___RS_HL 8195.JPG,healthy,0,g2126,s_reliability,reliability_train,gaussian_noise,2746301745903897519,,,,0.027721141446319215,42,0,0,healthy,0,5.48429,-4.0037603,-4.728921,2026
888b52343da7f4711815,data/plantvillage/raw/color/Apple___healthy/c0045dfa-da87-423c-a78c-07eb2fd456f3___RS_HL 7764.JPG,healthy,0,g2135,s_reliability,reliability_train,original,,,,,,42,0,0,healthy,0,6.284249,-2.4882452,-5.434416,2026
096e12326ba1358ab7bc,data/plantvillage/raw/color/Apple___healthy/c0045dfa-da87-423c-a78c-07eb2fd456f3___RS_HL 7764.JPG,healthy,0,g2135,s_reliability,reliability_train,brightness,1532155772140127187,0.7931166418417321,,,,42,0,0,healthy,0,5.9894185,-2.5409262,-5.2056246,2026
f58852c48802d7043b39,data/plantvillage/raw/color/Apple___healthy/c0045dfa-da87-423c-a78c-07eb2fd456f3___RS_HL 7764.JPG,healthy,0,g2135,s_reliability,reliability_train,contrast,775863984280875838,,0.9335391385990268,,,42,0,0,healthy,0,6.299908,-2.5656266,-5.379999,2026
4963d9da05435f66c46e,data/plantvillage/raw/color/Apple___healthy/c0045dfa-da87-423c-a78c-07eb2fd456f3___RS_HL 7764.JPG,healthy,0,g2135,s_reliability,reliability_train,gaussian_blur,7247662756099903798,,,0.926635856422753,,42,0,0,healthy,0,3.3204565,-2.4623318,-2.972288,2026
6e5e47b091aad1e7a036,data/plantvillage/raw/color/Apple___healthy/c0045dfa-da87-423c-a78c-07eb2fd456f3___RS_HL 7764.JPG,healthy,0,g2135,s_reliability,reliability_train,gaussian_noise,5304108229709561733,,,,0.013365112575058654,42,0,0,healthy,0,6.3212643,-2.5012305,-5.462549,2026
2bb6537ddc619451a37d,data/plantvillage/raw/color/Apple___healthy/c07b5a20-2ebb-44b8-8a17-f8ce3890de91___RS_HL 7638.JPG,healthy,0,g2139,s_reliability,reliability_val,original,,,,,,42,0,0,healthy,0,3.8085046,-1.2428358,-3.6784234,2026
f1b6e0934442c95160a6,data/plantvillage/raw/color/Apple___healthy/c07b5a20-2ebb-44b8-8a17-f8ce3890de91___RS_HL 7638.JPG,healthy,0,g2139,s_reliability,reliability_val,brightness,4136809796246448102,1.1644180034227662,,,,42,0,0,healthy,0,3.5330403,-0.97452307,-3.5290933,2026
066b0d32ec838be62e22,data/plantvillage/raw/color/Apple___healthy/c07b5a20-2ebb-44b8-8a17-f8ce3890de91___RS_HL 7638.JPG,healthy,0,g2139,s_reliability,reliability_val,contrast,6682999832582545643,,0.9094378625301304,,,42,0,0,healthy,0,3.8568273,-1.2979953,-3.7162914,2026
7a3f6527b2d2ee39723a,data/plantvillage/raw/color/Apple___healthy/c07b5a20-2ebb-44b8-8a17-f8ce3890de91___RS_HL 7638.JPG,healthy,0,g2139,s_reliability,reliability_val,gaussian_blur,3732462432036423482,,,0.5425326936863613,,42,0,0,healthy,0,3.0110028,-1.20635,-3.1275263,2026
1423e1eff43e520c37a1,data/plantvillage/raw/color/Apple___healthy/c07b5a20-2ebb-44b8-8a17-f8ce3890de91___RS_HL 7638.JPG,healthy,0,g2139,s_reliability,reliability_val,gaussian_noise,8446512876443846145,,,,0.019923722101704684,42,0,0,healthy,0,3.80494,-1.0325348,-3.8473446,2026
7e758aef47a2c0d2ea82,data/plantvillage/raw/color/Apple___healthy/c08ff541-b426-4e5b-8630-98b5246b7d20___RS_HL 5642.JPG,healthy,0,g2140,s_reliability,reliability_val,original,,,,,,42,0,0,healthy,0,6.3262725,-2.762961,-5.336916,2026
59eab770ef4c82f5bb5e,data/plantvillage/raw/color/Apple___healthy/c08ff541-b426-4e5b-8630-98b5246b7d20___RS_HL 5642.JPG,healthy,0,g2140,s_reliability,reliability_val,brightness,7901447760014914251,0.8321592187134841,,,,42,0,0,healthy,0,6.368305,-2.845391,-5.2877293,2026
340c40ac5a402d0b0b14,data/plantvillage/raw/color/Apple___healthy/c08ff541-b426-4e5b-8630-98b5246b7d20___RS_HL 5642.JPG,healthy,0,g2140,s_reliability,reliability_val,contrast,7040978899187286917,,0.8991585219142556,,,42,0,0,healthy,0,5.9191704,-2.5182765,-5.234327,2026
58d462692c51c595ac13,data/plantvillage/raw/color/Apple___healthy/c08ff541-b426-4e5b-8630-98b5246b7d20___RS_HL 5642.JPG,healthy,0,g2140,s_reliability,reliability_val,gaussian_blur,1129685229107744488,,,1.1421320484811093,,42,0,0,healthy,0,3.4901257,-2.561597,-2.5394075,2026
308dce40c23b2e5b7069,data/plantvillage/raw/color/Apple___healthy/c08ff541-b426-4e5b-8630-98b5246b7d20___RS_HL 5642.JPG,healthy,0,g2140,s_reliability,reliability_val,gaussian_noise,3658720964194921241,,,,0.033149885763990604,42,0,0,healthy,0,6.2743864,-2.7177973,-5.349206,2026
76a8543645381c52d935,data/plantvillage/raw/color/Apple___healthy/c09a02e7-f47a-4dea-b648-eaad0d9f3df1___RS_HL 6037.JPG,healthy,0,g2141,s_reliability,reliability_train,original,,,,,,42,0,0,healthy,0,4.6842995,-5.073632,-2.4135356,2026
6a2f501c947e679f4f20,data/plantvillage/raw/color/Apple___healthy/c09a02e7-f47a-4dea-b648-eaad0d9f3df1___RS_HL 6037.JPG,healthy,0,g2141,s_reliability,reliability_train,brightness,7318574128096411402,1.1855160279488623,,,,42,0,0,healthy,0,4.9341183,-5.281755,-2.5022447,2026
946fa4518aa9f2d5dc6a,data/plantvillage/raw/color/Apple___healthy/c09a02e7-f47a-4dea-b648-eaad0d9f3df1___RS_HL 6037.JPG,healthy,0,g2141,s_reliability,reliability_train,contrast,3111374834762598035,,0.9047617592988995,,,42,0,0,healthy,0,4.4370956,-4.9604383,-2.3674836,2026
ee652b1447143f8f85e8,data/plantvillage/raw/color/Apple___healthy/c09a02e7-f47a-4dea-b648-eaad0d9f3df1___RS_HL 6037.JPG,healthy,0,g2141,s_reliability,reliability_train,gaussian_blur,7061840616175433430,,,1.1269335419549655,,42,0,0,healthy,0,2.588901,-4.3928742,-0.9568766,2026
2d5b2821ad6017de922b,data/plantvillage/raw/color/Apple___healthy/c09a02e7-f47a-4dea-b648-eaad0d9f3df1___RS_HL 6037.JPG,healthy,0,g2141,s_reliability,reliability_train,gaussian_noise,4482699771422407971,,,,0.025298880006848164,42,0,0,healthy,0,4.725438,-4.8875155,-2.5509632,2026
3ac461c53350246cd845,data/plantvillage/raw/color/Apple___healthy/c1b8e085-537b-4a2d-890f-76f0dabb4757___RS_HL 7928.JPG,healthy,0,g2144,s_reliability,reliability_train,original,,,,,,42,0,0,healthy,0,3.927791,-2.6635654,-4.638547,2026
f579f873ef99dce65c51,data/plantvillage/raw/color/Apple___healthy/c1b8e085-537b-4a2d-890f-76f0dabb4757___RS_HL 7928.JPG,healthy,0,g2144,s_reliability,reliability_train,brightness,1677776963707918586,1.2760265259765902,,,,42,0,0,healthy,0,4.1025805,-2.9125292,-4.5112915,2026
421293c9aad272f74b0a,data/plantvillage/raw/color/Apple___healthy/c1b8e085-537b-4a2d-890f-76f0dabb4757___RS_HL 7928.JPG,healthy,0,g2144,s_reliability,reliability_train,contrast,5161992963489675810,,1.1510633574445606,,,42,0,0,healthy,0,3.7729654,-2.5375297,-4.5634127,2026
0183e5521c14f5926f7d,data/plantvillage/raw/color/Apple___healthy/c1b8e085-537b-4a2d-890f-76f0dabb4757___RS_HL 7928.JPG,healthy,0,g2144,s_reliability,reliability_train,gaussian_blur,8152934542376510886,,,0.8090933183456908,,42,0,0,healthy,0,2.0266583,-3.075352,-2.570553,2026
9b658006bd18434f5565,data/plantvillage/raw/color/Apple___healthy/c1b8e085-537b-4a2d-890f-76f0dabb4757___RS_HL 7928.JPG,healthy,0,g2144,s_reliability,reliability_train,gaussian_noise,5007149080097467802,,,,0.044034355099742205,42,0,0,healthy,0,4.309361,-2.6972904,-4.8323483,2026
e69efec21c669a324563,data/plantvillage/raw/color/Apple___healthy/c25d42b9-915a-442d-bdae-d1405e76b8a8___RS_HL 6179.JPG,healthy,0,g2149,s_reliability,reliability_train,original,,,,,,42,0,0,healthy,0,4.8444004,-5.422922,-2.2982342,2026
58d6150421542ba6bff2,data/plantvillage/raw/color/Apple___healthy/c25d42b9-915a-442d-bdae-d1405e76b8a8___RS_HL 6179.JPG,healthy,0,g2149,s_reliability,reliability_train,brightness,4975643983549160138,0.7828723129237003,,,,42,0,0,healthy,0,4.8622723,-5.12948,-2.5535226,2026
c3b2b05adad34ae3e9cd,data/plantvillage/raw/color/Apple___healthy/c25d42b9-915a-442d-bdae-d1405e76b8a8___RS_HL 6179.JPG,healthy,0,g2149,s_reliability,reliability_train,contrast,1845452395850228451,,1.0076742398983352,,,42,0,0,healthy,0,4.8146114,-5.4226384,-2.3013566,2026
24b542153842a1d5398b,data/plantvillage/raw/color/Apple___healthy/c25d42b9-915a-442d-bdae-d1405e76b8a8___RS_HL 6179.JPG,healthy,0,g2149,s_reliability,reliability_train,gaussian_blur,5608949054174404126,,,1.2117603423095487,,42,0,0,healthy,0,2.5017993,-4.5736566,-0.31460148,2026
b9681b88dc47bb44bd33,data/plantvillage/raw/color/Apple___healthy/c25d42b9-915a-442d-bdae-d1405e76b8a8___RS_HL 6179.JPG,healthy,0,g2149,s_reliability,reliability_train,gaussian_noise,2363685273175047632,,,,0.01793314336763409,42,0,0,healthy,0,4.715883,-5.3076024,-2.291329,2026
e1c97c5e292b2a6dbbde,data/plantvillage/raw/color/Apple___healthy/c2aa2c88-d07b-4df4-80c7-1ba703254844___RS_HL 5727.JPG,healthy,0,g2151,s_reliability,reliability_train,original,,,,,,42,0,0,healthy,0,6.741172,-1.6477269,-6.355468,2026
1a6cfda8efeb2f5bb136,data/plantvillage/raw/color/Apple___healthy/c2aa2c88-d07b-4df4-80c7-1ba703254844___RS_HL 5727.JPG,healthy,0,g2151,s_reliability,reliability_train,brightness,6201872872046183563,1.273212599505423,,,,42,0,0,healthy,0,6.830504,-1.6743809,-6.367538,2026
1815407a8b8f1ac9b00d,data/plantvillage/raw/color/Apple___healthy/c2aa2c88-d07b-4df4-80c7-1ba703254844___RS_HL 5727.JPG,healthy,0,g2151,s_reliability,reliability_train,contrast,3181043192243917182,,1.2471065682876934,,,42,0,0,healthy,0,6.137001,-1.5480269,-5.985848,2026
cbbe1180db7338481052,data/plantvillage/raw/color/Apple___healthy/c2aa2c88-d07b-4df4-80c7-1ba703254844___RS_HL 5727.JPG,healthy,0,g2151,s_reliability,reliability_train,gaussian_blur,2564162601311862432,,,1.316633947873317,,42,0,0,healthy,0,2.7338495,-1.0997471,-3.6045458,2026
40422b4f368270506cc2,data/plantvillage/raw/color/Apple___healthy/c2aa2c88-d07b-4df4-80c7-1ba703254844___RS_HL 5727.JPG,healthy,0,g2151,s_reliability,reliability_train,gaussian_noise,6784817004498070987,,,,0.048790632152740106,42,0,0,healthy,0,6.9732037,-1.5457264,-6.714419,2026
75b0869adf8aae41dd63,data/plantvillage/raw/color/Apple___healthy/c3d84f64-28b0-4ea7-a45a-ea564a9b801e___RS_HL 5648.JPG,healthy,0,g2158,s_reliability,reliability_train,original,,,,,,42,0,0,healthy,0,4.581418,-2.0343323,-4.8385396,2026
35ac56fb741a094f2716,data/plantvillage/raw/color/Apple___healthy/c3d84f64-28b0-4ea7-a45a-ea564a9b801e___RS_HL 5648.JPG,healthy,0,g2158,s_reliability,reliability_train,brightness,7994818079403712818,1.2575528817467188,,,,42,0,0,healthy,0,4.4568725,-2.1717978,-4.5672936,2026
64402d869636aaa4a088,data/plantvillage/raw/color/Apple___healthy/c3d84f64-28b0-4ea7-a45a-ea564a9b801e___RS_HL 5648.JPG,healthy,0,g2158,s_reliability,reliability_train,contrast,1212969349029424454,,1.205650426023518,,,42,0,0,healthy,0,4.3343067,-2.01983,-4.7425694,2026
df5ed01dcdacf76e3125,data/plantvillage/raw/color/Apple___healthy/c3d84f64-28b0-4ea7-a45a-ea564a9b801e___RS_HL 5648.JPG,healthy,0,g2158,s_reliability,reliability_train,gaussian_blur,5136720669961115547,,,1.1422573694045977,,42,0,0,healthy,0,1.4867417,-2.0640347,-2.389858,2026
56e905d1a2dc46828ec1,data/plantvillage/raw/color/Apple___healthy/c3d84f64-28b0-4ea7-a45a-ea564a9b801e___RS_HL 5648.JPG,healthy,0,g2158,s_reliability,reliability_train,gaussian_noise,7852498339695922455,,,,0.04366808621332278,42,0,0,healthy,0,4.72798,-1.9751563,-4.9205327,2026
457d1a37e95138172a1d,data/plantvillage/raw/color/Apple___healthy/c6086c14-d6e9-4c87-8bfe-1275b959bcf7___RS_HL 7369.JPG,healthy,0,g2172,s_reliability,reliability_train,original,,,,,,42,0,0,healthy,0,4.7118545,-3.4414718,-3.4675648,2026
ede64b1785f2d8d8ba4b,data/plantvillage/raw/color/Apple___healthy/c6086c14-d6e9-4c87-8bfe-1275b959bcf7___RS_HL 7369.JPG,healthy,0,g2172,s_reliability,reliability_train,brightness,5394427658917039094,0.9354401784262952,,,,42,0,0,healthy,0,4.369266,-3.2134209,-3.4791994,2026
e054ff9e13f3bb0bc32a,data/plantvillage/raw/color/Apple___healthy/c6086c14-d6e9-4c87-8bfe-1275b959bcf7___RS_HL 7369.JPG,healthy,0,g2172,s_reliability,reliability_train,contrast,7789996325212330467,,0.7916179709294502,,,42,0,0,healthy,0,3.3826556,-2.6527724,-3.289709,2026
b7a34ce31c963501f0ae,data/plantvillage/raw/color/Apple___healthy/c6086c14-d6e9-4c87-8bfe-1275b959bcf7___RS_HL 7369.JPG,healthy,0,g2172,s_reliability,reliability_train,gaussian_blur,8629583409565100548,,,1.2716252582297112,,42,0,0,healthy,0,0.18115027,-3.2139084,-0.0020467378,2026
b0ca338f7c89770cae29,data/plantvillage/raw/color/Apple___healthy/c6086c14-d6e9-4c87-8bfe-1275b959bcf7___RS_HL 7369.JPG,healthy,0,g2172,s_reliability,reliability_train,gaussian_noise,2254907848757832646,,,,0.011241313295914832,42,0,0,healthy,0,4.7852397,-3.4808826,-3.4937372,2026
a9679fcd52c3ba748012,data/plantvillage/raw/color/Apple___healthy/c73cded7-83a5-4c2f-8f38-0b225165822c___RS_HL 5826.JPG,healthy,0,g2179,s_reliability,reliability_train,original,,,,,,42,0,0,healthy,0,4.8532553,-0.3345824,-6.850232,2026
e8abc3fecbb4b1d1ea38,data/plantvillage/raw/color/Apple___healthy/c73cded7-83a5-4c2f-8f38-0b225165822c___RS_HL 5826.JPG,healthy,0,g2179,s_reliability,reliability_train,brightness,6113367042011943218,1.215894431776288,,,,42,0,0,healthy,0,5.2659307,-0.45177907,-6.9176474,2026
a584311c6b1f3e8cb2ef,data/plantvillage/raw/color/Apple___healthy/c73cded7-83a5-4c2f-8f38-0b225165822c___RS_HL 5826.JPG,healthy,0,g2179,s_reliability,reliability_train,contrast,3791320965133240713,,0.9556493379130255,,,42,0,0,healthy,0,4.750338,-0.35382655,-6.772477,2026
a59e6807e7f43a94b241,data/plantvillage/raw/color/Apple___healthy/c73cded7-83a5-4c2f-8f38-0b225165822c___RS_HL 5826.JPG,healthy,0,g2179,s_reliability,reliability_train,gaussian_blur,7382405189823223510,,,1.042292375793967,,42,0,0,healthy,0,1.8459148,-1.0850358,-3.9457722,2026
ac3c5b8a37c97c04a0a3,data/plantvillage/raw/color/Apple___healthy/c73cded7-83a5-4c2f-8f38-0b225165822c___RS_HL 5826.JPG,healthy,0,g2179,s_reliability,reliability_train,gaussian_noise,119254409845564898,,,,0.04006657299981804,42,0,0,healthy,0,4.6791577,-0.072321534,-7.0206833,2026
d8d013fe8824113a8843,data/plantvillage/raw/color/Apple___healthy/c866af3f-3279-42b7-8e3d-f4f1a84f733b___RS_HL 5883.JPG,healthy,0,g2184,s_reliability,reliability_train,original,,,,,,42,0,0,healthy,0,3.5529597,0.38314253,-5.951135,2026
3146e51c9588f5387b83,data/plantvillage/raw/color/Apple___healthy/c866af3f-3279-42b7-8e3d-f4f1a84f733b___RS_HL 5883.JPG,healthy,0,g2184,s_reliability,reliability_train,brightness,330768210966878635,0.8890688501277324,,,,42,0,0,healthy,0,3.4702194,0.44850895,-5.9336224,2026
028fd09ceb969a90d691,data/plantvillage/raw/color/Apple___healthy/c866af3f-3279-42b7-8e3d-f4f1a84f733b___RS_HL 5883.JPG,healthy,0,g2184,s_reliability,reliability_train,contrast,5028767337899419748,,0.8100007568238327,,,42,0,0,healthy,0,3.311341,0.5123024,-5.9023447,2026
1d5dbb1003cb4af040b8,data/plantvillage/raw/color/Apple___healthy/c866af3f-3279-42b7-8e3d-f4f1a84f733b___RS_HL 5883.JPG,healthy,0,g2184,s_reliability,reliability_train,gaussian_blur,2920656181605310539,,,1.006898562633301,,42,0,0,healthy,0,0.8245164,0.17174667,-3.456615,2026
ba4708c1b17a170c183d,data/plantvillage/raw/color/Apple___healthy/c866af3f-3279-42b7-8e3d-f4f1a84f733b___RS_HL 5883.JPG,healthy,0,g2184,s_reliability,reliability_train,gaussian_noise,1152016542204788266,,,,0.04851951592932933,42,0,0,healthy,0,3.4835732,0.91113895,-6.309953,2026
8a4505126d63ec85f759,data/plantvillage/raw/color/Apple___healthy/c93d7101-89bf-48d9-bcb2-3957da7131ff___RS_HL 8035.JPG,healthy,0,g2194,s_reliability,reliability_train,original,,,,,,42,0,0,healthy,0,7.065581,-3.0731337,-5.481302,2026
7ceb163ba4d4d5c781b7,data/plantvillage/raw/color/Apple___healthy/c93d7101-89bf-48d9-bcb2-3957da7131ff___RS_HL 8035.JPG,healthy,0,g2194,s_reliability,reliability_train,brightness,5558281756690160530,1.2342082225566018,,,,42,0,0,healthy,0,6.598627,-2.4575896,-5.429072,2026
cc9dc915bd10b312bd21,data/plantvillage/raw/color/Apple___healthy/c93d7101-89bf-48d9-bcb2-3957da7131ff___RS_HL 8035.JPG,healthy,0,g2194,s_reliability,reliability_train,contrast,1727359253534302747,,1.1531299635432988,,,42,0,0,healthy,0,7.055097,-2.952932,-5.487022,2026
1b253d31926640ac3ca3,data/plantvillage/raw/color/Apple___healthy/c93d7101-89bf-48d9-bcb2-3957da7131ff___RS_HL 8035.JPG,healthy,0,g2194,s_reliability,reliability_train,gaussian_blur,6823915968152106117,,,1.105232134183948,,42,0,0,healthy,0,3.510523,-3.4051988,-2.4233592,2026
1b5ffcc52a4b37788c3d,data/plantvillage/raw/color/Apple___healthy/c93d7101-89bf-48d9-bcb2-3957da7131ff___RS_HL 8035.JPG,healthy,0,g2194,s_reliability,reliability_train,gaussian_noise,6750806713100144370,,,,0.047024848288745466,42,0,0,healthy,0,7.1796575,-3.125686,-5.554591,2026
82ed3d908665f2e1dc62,data/plantvillage/raw/color/Apple___healthy/c9ea6277-0581-43dd-91d6-3fddfdf447be___RS_HL 7412.JPG,healthy,0,g2201,s_reliability,reliability_train,original,,,,,,42,0,0,healthy,0,5.1893864,-3.5190146,-4.9037004,2026
822c0094bef49ad08600,data/plantvillage/raw/color/Apple___healthy/c9ea6277-0581-43dd-91d6-3fddfdf447be___RS_HL 7412.JPG,healthy,0,g2201,s_reliability,reliability_train,brightness,1124035242754723277,0.8019236110275227,,,,42,0,0,healthy,0,5.0040154,-3.1115427,-5.1775928,2026
94c2782dd6d8123420e6,data/plantvillage/raw/color/Apple___healthy/c9ea6277-0581-43dd-91d6-3fddfdf447be___RS_HL 7412.JPG,healthy,0,g2201,s_reliability,reliability_train,contrast,2955705320888015645,,1.2402788890882799,,,42,0,0,healthy,0,5.0815225,-3.668225,-4.746687,2026
39e79f2f41950698819a,data/plantvillage/raw/color/Apple___healthy/c9ea6277-0581-43dd-91d6-3fddfdf447be___RS_HL 7412.JPG,healthy,0,g2201,s_reliability,reliability_train,gaussian_blur,4061784450760376337,,,1.2924075736535614,,42,0,0,healthy,0,1.1137311,-2.688179,-1.8656015,2026
f9ec2d35b0aa7dd62e70,data/plantvillage/raw/color/Apple___healthy/c9ea6277-0581-43dd-91d6-3fddfdf447be___RS_HL 7412.JPG,healthy,0,g2201,s_reliability,reliability_train,gaussian_noise,3925436085287329716,,,,0.04505315712271693,42,0,0,healthy,0,5.126631,-3.711029,-4.6561527,2026
8500a0cf656fe4b1fed3,data/plantvillage/raw/color/Apple___healthy/ca1cb6e7-c72f-4c06-b7c8-b370b48a74c6___RS_HL 5691.JPG,healthy,0,g2205,s_reliability,reliability_train,original,,,,,,42,0,0,healthy,0,5.17232,0.68339705,-7.6422663,2026
967900037b163b43e812,data/plantvillage/raw/color/Apple___healthy/ca1cb6e7-c72f-4c06-b7c8-b370b48a74c6___RS_HL 5691.JPG,healthy,0,g2205,s_reliability,reliability_train,brightness,64681054543535096,1.001574255859222,,,,42,0,0,healthy,0,5.17232,0.68339705,-7.6422663,2026
83b1045b83dca0a99383,data/plantvillage/raw/color/Apple___healthy/ca1cb6e7-c72f-4c06-b7c8-b370b48a74c6___RS_HL 5691.JPG,healthy,0,g2205,s_reliability,reliability_train,contrast,5758528568764750168,,0.7633893097679888,,,42,0,0,healthy,0,4.853402,0.627835,-7.483975,2026
eee0a6bc0885f2422383,data/plantvillage/raw/color/Apple___healthy/ca1cb6e7-c72f-4c06-b7c8-b370b48a74c6___RS_HL 5691.JPG,healthy,0,g2205,s_reliability,reliability_train,gaussian_blur,6625218194976635370,,,0.904363199516303,,42,0,0,healthy,0,2.2677839,0.84194416,-5.512304,2026
596b5eac10966d1b10a7,data/plantvillage/raw/color/Apple___healthy/ca1cb6e7-c72f-4c06-b7c8-b370b48a74c6___RS_HL 5691.JPG,healthy,0,g2205,s_reliability,reliability_train,gaussian_noise,6547022880932985936,,,,0.023021299768056377,42,0,0,healthy,0,5.264358,0.9287507,-7.9899435,2026
bebca8e78ed688ce6e11,data/plantvillage/raw/color/Apple___healthy/ca4458ac-56ef-41f3-b7a9-6084846069fd___RS_HL 6072.JPG,healthy,0,g2206,s_reliability,reliability_train,original,,,,,,42,0,0,healthy,0,1.5083302,-2.901535,-2.1584334,2026
a70d299b7492ea987647,data/plantvillage/raw/color/Apple___healthy/ca4458ac-56ef-41f3-b7a9-6084846069fd___RS_HL 6072.JPG,healthy,0,g2206,s_reliability,reliability_train,brightness,5264637720931447667,1.0428163542857307,,,,42,0,0,healthy,0,1.4986293,-2.9185817,-2.1448755,2026
a3cb9cc297a5198d4314,data/plantvillage/raw/color/Apple___healthy/ca4458ac-56ef-41f3-b7a9-6084846069fd___RS_HL 6072.JPG,healthy,0,g2206,s_reliability,reliability_train,contrast,5567781488950657950,,1.0330599578339454,,,42,0,0,healthy,0,1.5367196,-2.8846505,-2.1970367,2026
fcfb03ff1f10602f4529,data/plantvillage/raw/color/Apple___healthy/ca4458ac-56ef-41f3-b7a9-6084846069fd___RS_HL 6072.JPG,healthy,0,g2206,s_reliability,reliability_train,gaussian_blur,8320185244374521532,,,0.5419395901439416,,42,0,0,healthy,0,1.1459988,-2.775398,-1.8694583,2026
42d33cd20760f08f4231,data/plantvillage/raw/color/Apple___healthy/ca4458ac-56ef-41f3-b7a9-6084846069fd___RS_HL 6072.JPG,healthy,0,g2206,s_reliability,reliability_train,gaussian_noise,6758029274646793271,,,,0.038366033395993086,42,0,0,healthy,0,1.7277974,-2.7116454,-2.4929018,2026
2c8e862b7a76a72c7d9a,data/plantvillage/raw/color/Apple___healthy/ca66c694-e8cb-47df-84af-b4c46de1fd3e___RS_HL 7862.JPG,healthy,0,g2207,s_reliability,reliability_train,original,,,,,,42,0,0,healthy,0,4.050768,-1.3066957,-5.158745,2026
25311328ae267eaff434,data/plantvillage/raw/color/Apple___healthy/ca66c694-e8cb-47df-84af-b4c46de1fd3e___RS_HL 7862.JPG,healthy,0,g2207,s_reliability,reliability_train,brightness,466335382305044982,0.9759496994748276,,,,42,0,0,healthy,0,4.0234804,-1.2642932,-5.1866374,2026
790c75a443f9cf6af08c,data/plantvillage/raw/color/Apple___healthy/ca66c694-e8cb-47df-84af-b4c46de1fd3e___RS_HL 7862.JPG,healthy,0,g2207,s_reliability,reliability_train,contrast,7668705425055595804,,0.8728316710111689,,,42,0,0,healthy,0,3.9479983,-1.3557683,-5.144745,2026
fc98debdff75f77a1270,data/plantvillage/raw/color/Apple___healthy/ca66c694-e8cb-47df-84af-b4c46de1fd3e___RS_HL 7862.JPG,healthy,0,g2207,s_reliability,reliability_train,gaussian_blur,4102053552798075551,,,0.7664091708947995,,42,0,0,healthy,0,3.1839197,-1.6719972,-4.076468,2026
29392ad67b2e1afaaba2,data/plantvillage/raw/color/Apple___healthy/ca66c694-e8cb-47df-84af-b4c46de1fd3e___RS_HL 7862.JPG,healthy,0,g2207,s_reliability,reliability_train,gaussian_noise,2561215519920667653,,,,0.016396574973629334,42,0,0,healthy,0,3.9092467,-1.1319832,-5.065285,2026
026ae6bb37c3a7c491ff,data/plantvillage/raw/color/Apple___healthy/ce955079-4dde-4b96-9240-5348dbb3c774___RS_HL 7760.JPG,healthy,0,g2227,s_reliability,reliability_train,original,,,,,,42,0,0,healthy,0,5.1229835,-3.014177,-5.2523227,2026
53cd8cb3f6e383bfd265,data/plantvillage/raw/color/Apple___healthy/ce955079-4dde-4b96-9240-5348dbb3c774___RS_HL 7760.JPG,healthy,0,g2227,s_reliability,reliability_train,brightness,1542284079762645356,0.8204426885087397,,,,42,0,0,healthy,0,4.8363166,-2.96108,-5.138554,2026
a1b7603737810ee4898a,data/plantvillage/raw/color/Apple___healthy/ce955079-4dde-4b96-9240-5348dbb3c774___RS_HL 7760.JPG,healthy,0,g2227,s_reliability,reliability_train,contrast,7018544803103880387,,0.7474248611541382,,,42,0,0,healthy,0,3.8389392,-2.4727657,-4.7096167,2026
edb4b76e7149a9d7a29d,data/plantvillage/raw/color/Apple___healthy/ce955079-4dde-4b96-9240-5348dbb3c774___RS_HL 7760.JPG,healthy,0,g2227,s_reliability,reliability_train,gaussian_blur,8795465109502907689,,,0.9078707653865126,,42,0,0,healthy,0,2.1388392,-3.101405,-2.840527,2026
caedc674c1a54d23b8ef,data/plantvillage/raw/color/Apple___healthy/ce955079-4dde-4b96-9240-5348dbb3c774___RS_HL 7760.JPG,healthy,0,g2227,s_reliability,reliability_train,gaussian_noise,6794807253845001703,,,,0.028518212000563203,42,0,0,healthy,0,5.084042,-2.976596,-5.238659,2026
c31a6cfbc0906d1d9c63,data/plantvillage/raw/color/Apple___healthy/ceead707-a3f7-4ac7-801e-113399dcf68a___RS_HL 7254.JPG,healthy,0,g2231,s_reliability,reliability_train,original,,,,,,42,0,0,healthy,0,2.347652,-0.8934986,-3.47503,2026
c5ce2bae713f9fb0eae5,data/plantvillage/raw/color/Apple___healthy/ceead707-a3f7-4ac7-801e-113399dcf68a___RS_HL 7254.JPG,healthy,0,g2231,s_reliability,reliability_train,brightness,5310635950468506830,1.2125850553548485,,,,42,0,0,healthy,0,2.9273427,-1.107184,-3.7734075,2026
836fcd3974f32a14d979,data/plantvillage/raw/color/Apple___healthy/ceead707-a3f7-4ac7-801e-113399dcf68a___RS_HL 7254.JPG,healthy,0,g2231,s_reliability,reliability_train,contrast,8453389600264170856,,1.2282785937120335,,,42,0,0,healthy,0,2.5651968,-1.2689313,-3.5053406,2026
d91e84bedb8d68823a3f,data/plantvillage/raw/color/Apple___healthy/ceead707-a3f7-4ac7-801e-113399dcf68a___RS_HL 7254.JPG,healthy,0,g2231,s_reliability,reliability_train,gaussian_blur,8141292800331339798,,,1.2618486595911564,,42,0,0,healthy,0,0.24334006,-0.9767192,-0.59557235,2026
0a5bb8376d428fbd973b,data/plantvillage/raw/color/Apple___healthy/ceead707-a3f7-4ac7-801e-113399dcf68a___RS_HL 7254.JPG,healthy,0,g2231,s_reliability,reliability_train,gaussian_noise,1437456683084059539,,,,0.016770878553564152,42,0,0,healthy,0,2.480804,-0.92754537,-3.5454736,2026
07d023b11083c959c28a,data/plantvillage/raw/color/Apple___healthy/d2fc2f4e-9094-4e38-bc7a-f40c5c059280___RS_HL 8170.JPG,healthy,0,g2255,s_reliability,reliability_train,original,,,,,,42,0,0,healthy,0,3.4995399,-0.66053504,-5.706592,2026
f647ec36803b0188365c,data/plantvillage/raw/color/Apple___healthy/d2fc2f4e-9094-4e38-bc7a-f40c5c059280___RS_HL 8170.JPG,healthy,0,g2255,s_reliability,reliability_train,brightness,6468456812140489579,1.1322657762255826,,,,42,0,0,healthy,0,3.6715505,-0.88026625,-5.652573,2026
68263bee62a01ab0344b,data/plantvillage/raw/color/Apple___healthy/d2fc2f4e-9094-4e38-bc7a-f40c5c059280___RS_HL 8170.JPG,healthy,0,g2255,s_reliability,reliability_train,contrast,1346612767160249970,,0.7335255042392433,,,42,0,0,healthy,0,2.8099794,-0.45432496,-5.3119993,2026
eaa6a11f933239e30b8b,data/plantvillage/raw/color/Apple___healthy/d2fc2f4e-9094-4e38-bc7a-f40c5c059280___RS_HL 8170.JPG,healthy,0,g2255,s_reliability,reliability_train,gaussian_blur,4626427805772643900,,,0.864117616238262,,42,0,0,healthy,0,1.5370266,-1.3530179,-3.179531,2026
1c69c05045c5295e52b0,data/plantvillage/raw/color/Apple___healthy/d2fc2f4e-9094-4e38-bc7a-f40c5c059280___RS_HL 8170.JPG,healthy,0,g2255,s_reliability,reliability_train,gaussian_noise,4832447173228070878,,,,0.015262237558385237,42,0,0,healthy,0,3.605024,-0.70936334,-5.7026772,2026
933697676eef75f2dea5,data/plantvillage/raw/color/Apple___healthy/d321145e-6ab0-4ad2-8109-f34ee4389149___RS_HL 7848.JPG,healthy,0,g2257,s_reliability,reliability_val,original,,,,,,42,0,0,healthy,0,6.0655704,-2.5653985,-5.707995,2026
85d8e884694090ae82db,data/plantvillage/raw/color/Apple___healthy/d321145e-6ab0-4ad2-8109-f34ee4389149___RS_HL 7848.JPG,healthy,0,g2257,s_reliability,reliability_val,brightness,7240918213609358812,1.1989368870284907,,,,42,0,0,healthy,0,6.0283666,-2.3673654,-5.7862344,2026
1b2a607c1808e9dd3b62,data/plantvillage/raw/color/Apple___healthy/d321145e-6ab0-4ad2-8109-f34ee4389149___RS_HL 7848.JPG,healthy,0,g2257,s_reliability,reliability_val,contrast,1554124224010787712,,0.8517547009289641,,,42,0,0,healthy,0,5.130381,-1.9531101,-5.564403,2026
f45581caa5461bae0ba4,data/plantvillage/raw/color/Apple___healthy/d321145e-6ab0-4ad2-8109-f34ee4389149___RS_HL 7848.JPG,healthy,0,g2257,s_reliability,reliability_val,gaussian_blur,2447524551001015328,,,0.5169470114245289,,42,0,0,healthy,0,5.442595,-3.168616,-4.528185,2026
2c3d181c4a1c7148b784,data/plantvillage/raw/color/Apple___healthy/d321145e-6ab0-4ad2-8109-f34ee4389149___RS_HL 7848.JPG,healthy,0,g2257,s_reliability,reliability_val,gaussian_noise,8354090274434472574,,,,0.02834789039347236,42,0,0,healthy,0,6.1543226,-2.5744536,-5.7404246,2026
aca4dfdcf5a10586f76b,data/plantvillage/raw/color/Apple___healthy/d3780b4b-4bf7-484a-ab4a-2c2f0894f930___RS_HL 7681.JPG,healthy,0,g2262,s_reliability,reliability_train,original,,,,,,42,0,0,healthy,0,3.9981163,-4.761658,-2.6056147,2026
ee25016d28a8aba2e13a,data/plantvillage/raw/color/Apple___healthy/d3780b4b-4bf7-484a-ab4a-2c2f0894f930___RS_HL 7681.JPG,healthy,0,g2262,s_reliability,reliability_train,brightness,7985091599855404209,0.7534664862685114,,,,42,0,0,healthy,0,4.3772125,-4.62054,-2.9066267,2026
071adc5de8dfb1e561e3,data/plantvillage/raw/color/Apple___healthy/d3780b4b-4bf7-484a-ab4a-2c2f0894f930___RS_HL 7681.JPG,healthy,0,g2262,s_reliability,reliability_train,contrast,1053766888687025902,,1.028712888849292,,,42,0,0,healthy,0,4.003877,-4.75341,-2.6164446,2026
c4ec50aa8930bf69bec4,data/plantvillage/raw/color/Apple___healthy/d3780b4b-4bf7-484a-ab4a-2c2f0894f930___RS_HL 7681.JPG,healthy,0,g2262,s_reliability,reliability_train,gaussian_blur,25533960688011505,,,1.1468409048329589,,42,0,0,healthy,0,3.1743803,-4.783941,-1.4429536,2026
1c850543ab4e2ecc4f0b,data/plantvillage/raw/color/Apple___healthy/d3780b4b-4bf7-484a-ab4a-2c2f0894f930___RS_HL 7681.JPG,healthy,0,g2262,s_reliability,reliability_train,gaussian_noise,7114091361769678981,,,,0.025364090548107496,42,0,0,healthy,0,3.8761485,-4.087978,-2.9721382,2026
ed91d747d6981c6f5e37,data/plantvillage/raw/color/Apple___healthy/d3f4f38e-212e-451f-9a8f-26a6ea5e3877___RS_HL 5924.JPG,healthy,0,g2266,s_reliability,reliability_val,original,,,,,,42,0,0,healthy,0,2.9171326,-3.7513244,-1.3991053,2026
96da1f2193c767ed06ec,data/plantvillage/raw/color/Apple___healthy/d3f4f38e-212e-451f-9a8f-26a6ea5e3877___RS_HL 5924.JPG,healthy,0,g2266,s_reliability,reliability_val,brightness,2981637758456907665,0.9253968463171397,,,,42,0,0,healthy,0,3.411986,-3.967887,-1.6190639,2026
f61fa378ea1e293e0e61,data/plantvillage/raw/color/Apple___healthy/d3f4f38e-212e-451f-9a8f-26a6ea5e3877___RS_HL 5924.JPG,healthy,0,g2266,s_reliability,reliability_val,contrast,2558785740828479110,,0.9478839864961279,,,42,0,0,healthy,0,2.944099,-3.7048132,-1.464206,2026
c7f7a40c0f59dc7684ba,data/plantvillage/raw/color/Apple___healthy/d3f4f38e-212e-451f-9a8f-26a6ea5e3877___RS_HL 5924.JPG,healthy,0,g2266,s_reliability,reliability_val,gaussian_blur,2191862666935754441,,,1.399781896157981,,42,0,2,rust,1,0.3631872,-4.556018,0.97551394,2026
8df82b9f69aaa064abc1,data/plantvillage/raw/color/Apple___healthy/d3f4f38e-212e-451f-9a8f-26a6ea5e3877___RS_HL 5924.JPG,healthy,0,g2266,s_reliability,reliability_val,gaussian_noise,5448603449935727185,,,,0.02899310854153478,42,0,0,healthy,0,2.9813426,-3.6752615,-1.5730778,2026
767c95c8c8d4a210d9d2,data/plantvillage/raw/color/Apple___healthy/d4008303-6d94-458e-b0f4-61044cc427ae___RS_HL 7709.JPG,healthy,0,g2267,s_reliability,reliability_train,original,,,,,,42,0,0,healthy,0,4.2350864,-3.162201,-3.9971714,2026
53cec4484c176d8aca3c,data/plantvillage/raw/color/Apple___healthy/d4008303-6d94-458e-b0f4-61044cc427ae___RS_HL 7709.JPG,healthy,0,g2267,s_reliability,reliability_train,brightness,2334795289973209140,1.154159976352562,,,,42,0,0,healthy,0,4.0598946,-2.9993556,-4.0215316,2026
2a7fa4fc64510ec769bc,data/plantvillage/raw/color/Apple___healthy/d4008303-6d94-458e-b0f4-61044cc427ae___RS_HL 7709.JPG,healthy,0,g2267,s_reliability,reliability_train,contrast,1261241023615781527,,0.9862975612478377,,,42,0,0,healthy,0,4.2071805,-3.1018238,-4.0209956,2026
45f72deb9d2d01cddb45,data/plantvillage/raw/color/Apple___healthy/d4008303-6d94-458e-b0f4-61044cc427ae___RS_HL 7709.JPG,healthy,0,g2267,s_reliability,reliability_train,gaussian_blur,256010252319876584,,,1.3404890207405364,,42,0,0,healthy,0,0.2724211,-3.4753737,-0.33781263,2026
de76ef27c4a4f83ab311,data/plantvillage/raw/color/Apple___healthy/d4008303-6d94-458e-b0f4-61044cc427ae___RS_HL 7709.JPG,healthy,0,g2267,s_reliability,reliability_train,gaussian_noise,9006962048028483303,,,,0.02405633632397878,42,0,0,healthy,0,4.2385116,-2.8191526,-4.228776,2026
5161e84446db0f27569e,data/plantvillage/raw/color/Apple___healthy/d454a4da-a867-45f8-962e-465946df58c9___RS_HL 5876.JPG,healthy,0,g2271,s_reliability,reliability_train,original,,,,,,42,0,0,healthy,0,4.0969973,-2.1343195,-4.096181,2026
8cc6201e1cc11c9fd627,data/plantvillage/raw/color/Apple___healthy/d454a4da-a867-45f8-962e-465946df58c9___RS_HL 5876.JPG,healthy,0,g2271,s_reliability,reliability_train,brightness,6169021669804944118,1.0560692784008823,,,,42,0,0,healthy,0,4.2198067,-2.208084,-4.1226745,2026
f4719df0f0833e36b15c,data/plantvillage/raw/color/Apple___healthy/d454a4da-a867-45f8-962e-465946df58c9___RS_HL 5876.JPG,healthy,0,g2271,s_reliability,reliability_train,contrast,8725784492066914337,,1.2018445464132816,,,42,0,0,healthy,0,4.169985,-2.300303,-3.9943645,2026
ecefd23826dbc9bc649c,data/plantvillage/raw/color/Apple___healthy/d454a4da-a867-45f8-962e-465946df58c9___RS_HL 5876.JPG,healthy,0,g2271,s_reliability,reliability_train,gaussian_blur,5463419465575760699,,,1.1671908757698994,,42,0,0,healthy,0,2.3587227,-3.1210394,-1.6399125,2026
e118c0129303c2c3912d,data/plantvillage/raw/color/Apple___healthy/d454a4da-a867-45f8-962e-465946df58c9___RS_HL 5876.JPG,healthy,0,g2271,s_reliability,reliability_train,gaussian_noise,4446408235600930143,,,,0.0380692766300087,42,0,0,healthy,0,3.9491332,-2.0331552,-4.0870547,2026
eb2ca9adc084c6accf8f,data/plantvillage/raw/color/Apple___healthy/d496c802-e976-49b5-af09-b698fcf991f7___RS_HL 7429.JPG,healthy,0,g2273,s_reliability,reliability_val,original,,,,,,42,0,0,healthy,0,5.0644016,-3.1734495,-4.864927,2026
03599b048706c2c186ac,data/plantvillage/raw/color/Apple___healthy/d496c802-e976-49b5-af09-b698fcf991f7___RS_HL 7429.JPG,healthy,0,g2273,s_reliability,reliability_val,brightness,7233176357989027782,0.8556027472715627,,,,42,0,0,healthy,0,4.3244786,-2.6413581,-4.797317,2026
656a6d88319a230d79aa,data/plantvillage/raw/color/Apple___healthy/d496c802-e976-49b5-af09-b698fcf991f7___RS_HL 7429.JPG,healthy,0,g2273,s_reliability,reliability_val,contrast,8497454864755871324,,1.0974075273681088,,,42,0,0,healthy,0,5.0190334,-3.0818534,-4.91519,2026
54f3e9dfb62345dad257,data/plantvillage/raw/color/Apple___healthy/d496c802-e976-49b5-af09-b698fcf991f7___RS_HL 7429.JPG,healthy,0,g2273,s_reliability,reliability_val,gaussian_blur,8062780642358526487,,,1.441907036184698,,42,0,0,healthy,0,0.45497596,-2.9571795,-1.2413846,2026
ab63f21390b750139e52,data/plantvillage/raw/color/Apple___healthy/d496c802-e976-49b5-af09-b698fcf991f7___RS_HL 7429.JPG,healthy,0,g2273,s_reliability,reliability_val,gaussian_noise,4029612547774427263,,,,0.011969409890368831,42,0,0,healthy,0,5.102365,-3.205412,-4.867089,2026
5fdff54fac67560e58df,data/plantvillage/raw/color/Apple___healthy/d4ddb36a-e4cf-41be-b3f6-16c584e62b9a___RS_HL 7994.JPG,healthy,0,g2274,s_reliability,reliability_train,original,,,,,,42,0,0,healthy,0,6.7091384,-3.892231,-5.0885224,2026
8ae81da9a217bf1a3c43,data/plantvillage/raw/color/Apple___healthy/d4ddb36a-e4cf-41be-b3f6-16c584e62b9a___RS_HL 7994.JPG,healthy,0,g2274,s_reliability,reliability_train,brightness,1732076417330915879,0.8750190131705179,,,,42,0,0,healthy,0,7.035799,-4.0798817,-5.1437087,2026
f6792bdabee8949fd423,data/plantvillage/raw/color/Apple___healthy/d4ddb36a-e4cf-41be-b3f6-16c584e62b9a___RS_HL 7994.JPG,healthy,0,g2274,s_reliability,reliability_train,contrast,1286096844891523655,,0.7520257236420421,,,42,0,0,healthy,0,6.6975555,-4.1273704,-4.903055,2026
a4344ec450c0ccb982ad,data/plantvillage/raw/color/Apple___healthy/d4ddb36a-e4cf-41be-b3f6-16c584e62b9a___RS_HL 7994.JPG,healthy,0,g2274,s_reliability,reliability_train,gaussian_blur,3953322693364382018,,,0.6194079817586239,,42,0,0,healthy,0,5.4863777,-3.6624444,-4.0273385,2026
34739ed811d9d08b6136,data/plantvillage/raw/color/Apple___healthy/d4ddb36a-e4cf-41be-b3f6-16c584e62b9a___RS_HL 7994.JPG,healthy,0,g2274,s_reliability,reliability_train,gaussian_noise,1469503581617424041,,,,0.03590786486430634,42,0,0,healthy,0,6.796825,-3.8505669,-5.143222,2026
cea895e3fbda16797c81,data/plantvillage/raw/color/Apple___healthy/d54ab4d3-cd8b-4485-81b5-a38273f5fe1f___RS_HL 6076.JPG,healthy,0,g2277,s_reliability,reliability_train,original,,,,,,42,0,0,healthy,0,3.0960484,-1.8646532,-3.8898647,2026
ece7163799d50e1acc7e,data/plantvillage/raw/color/Apple___healthy/d54ab4d3-cd8b-4485-81b5-a38273f5fe1f___RS_HL 6076.JPG,healthy,0,g2277,s_reliability,reliability_train,brightness,277414334100087495,1.1195462649971049,,,,42,0,0,healthy,0,3.087659,-1.7019242,-4.003369,2026
610cbedfacac2eac8ccc,data/plantvillage/raw/color/Apple___healthy/d54ab4d3-cd8b-4485-81b5-a38273f5fe1f___RS_HL 6076.JPG,healthy,0,g2277,s_reliability,reliability_train,contrast,1373571178732355401,,1.172178381164237,,,42,0,0,healthy,0,3.1466272,-1.9521097,-3.8264825,2026
652cfe8879107cd9e8a8,data/plantvillage/raw/color/Apple___healthy/d54ab4d3-cd8b-4485-81b5-a38273f5fe1f___RS_HL 6076.JPG,healthy,0,g2277,s_reliability,reliability_train,gaussian_blur,7271150436489529694,,,1.2415344528171643,,42,0,0,healthy,0,1.3638251,-2.1278112,-2.1098561,2026
9d87814a89246d22d3c9,data/plantvillage/raw/color/Apple___healthy/d54ab4d3-cd8b-4485-81b5-a38273f5fe1f___RS_HL 6076.JPG,healthy,0,g2277,s_reliability,reliability_train,gaussian_noise,6724538409071446176,,,,0.03134786606637666,42,0,0,healthy,0,3.355776,-1.6456612,-4.2257886,2026
1eec212f0de5b5e7d342,data/plantvillage/raw/color/Apple___healthy/d5c866b2-7eb2-421a-a42a-906308cbffb2___RS_HL 6116.JPG,healthy,0,g2283,s_reliability,reliability_train,original,,,,,,42,0,0,healthy,0,6.4554257,-3.1284058,-4.778399,2026
30883619a64ca57e1558,data/plantvillage/raw/color/Apple___healthy/d5c866b2-7eb2-421a-a42a-906308cbffb2___RS_HL 6116.JPG,healthy,0,g2283,s_reliability,reliability_train,brightness,5395906820683111891,1.2292669258953648,,,,42,0,0,healthy,0,6.5480423,-2.6931303,-5.1991343,2026
68d98e218fabb28f1002,data/plantvillage/raw/color/Apple___healthy/d5c866b2-7eb2-421a-a42a-906308cbffb2___RS_HL 6116.JPG,healthy,0,g2283,s_reliability,reliability_train,contrast,7559018705915090576,,0.834532657962628,,,42,0,0,healthy,0,5.91758,-2.691758,-4.7892227,2026
91fe6a08cae52df43ad4,data/plantvillage/raw/color/Apple___healthy/d5c866b2-7eb2-421a-a42a-906308cbffb2___RS_HL 6116.JPG,healthy,0,g2283,s_reliability,reliability_train,gaussian_blur,7999294828995705845,,,0.5730446638810166,,42,0,0,healthy,0,5.4433117,-2.7910838,-4.133039,2026
c110ec6bf782e5c0868c,data/plantvillage/raw/color/Apple___healthy/d5c866b2-7eb2-421a-a42a-906308cbffb2___RS_HL 6116.JPG,healthy,0,g2283,s_reliability,reliability_train,gaussian_noise,7486434704773484841,,,,0.014240370723260613,42,0,0,healthy,0,6.9390435,-3.0711877,-5.131247,2026
131a11168ef31ece78f6,data/plantvillage/raw/color/Apple___healthy/d6035c7f-f163-4c6b-ba51-d61d10ca1fed___RS_HL 8109.JPG,healthy,0,g2286,s_reliability,reliability_train,original,,,,,,42,0,0,healthy,0,5.3742976,-3.4368324,-4.9114895,2026
ff1d443bfaa5255176a4,data/plantvillage/raw/color/Apple___healthy/d6035c7f-f163-4c6b-ba51-d61d10ca1fed___RS_HL 8109.JPG,healthy,0,g2286,s_reliability,reliability_train,brightness,8842583361182006729,1.2002268772188331,,,,42,0,0,healthy,0,5.2260017,-3.7538853,-4.621316,2026
5ef4d8cda538519468ba,data/plantvillage/raw/color/Apple___healthy/d6035c7f-f163-4c6b-ba51-d61d10ca1fed___RS_HL 8109.JPG,healthy,0,g2286,s_reliability,reliability_train,contrast,5266377005358006665,,1.1634604366493946,,,42,0,0,healthy,0,5.500865,-3.4848788,-4.8855753,2026
568576291a651a034290,data/plantvillage/raw/color/Apple___healthy/d6035c7f-f163-4c6b-ba51-d61d10ca1fed___RS_HL 8109.JPG,healthy,0,g2286,s_reliability,reliability_train,gaussian_blur,4954905237798247040,,,0.9670207484951963,,42,0,0,healthy,0,1.4876848,-2.8566165,-2.4194412,2026
256edd39532a64be1ee9,data/plantvillage/raw/color/Apple___healthy/d6035c7f-f163-4c6b-ba51-d61d10ca1fed___RS_HL 8109.JPG,healthy,0,g2286,s_reliability,reliability_train,gaussian_noise,4215733763111044919,,,,0.04661140562633441,42,0,0,healthy,0,5.6164427,-3.2614038,-5.2389174,2026
2b0a8a71170a7ce3c29c,data/plantvillage/raw/color/Apple___healthy/d6318793-dacc-4b58-bb19-043324042180___RS_HL 7246.JPG,healthy,0,g2288,s_reliability,reliability_train,original,,,,,,42,0,0,healthy,0,2.9608705,-0.9689794,-4.3206687,2026
13a1f7579fa2007a6692,data/plantvillage/raw/color/Apple___healthy/d6318793-dacc-4b58-bb19-043324042180___RS_HL 7246.JPG,healthy,0,g2288,s_reliability,reliability_train,brightness,7648705746289747354,1.1356218106827443,,,,42,0,0,healthy,0,3.0838215,-0.99454695,-4.1903777,2026
2146545895b8eb683501,data/plantvillage/raw/color/Apple___healthy/d6318793-dacc-4b58-bb19-043324042180___RS_HL 7246.JPG,healthy,0,g2288,s_reliability,reliability_train,contrast,7009159958867341444,,1.1714167012657704,,,42,0,0,healthy,0,3.2651246,-1.1084334,-4.376212,2026
51ccd83c497d4142d68d,data/plantvillage/raw/color/Apple___healthy/d6318793-dacc-4b58-bb19-043324042180___RS_HL 7246.JPG,healthy,0,g2288,s_reliability,reliability_train,gaussian_blur,248302630640730181,,,1.1084157086756088,,42,0,0,healthy,0,0.73425037,-1.5209371,-1.7023416,2026
10c25bf98bb1313097e9,data/plantvillage/raw/color/Apple___healthy/d6318793-dacc-4b58-bb19-043324042180___RS_HL 7246.JPG,healthy,0,g2288,s_reliability,reliability_train,gaussian_noise,6033303987218542802,,,,0.042636497605105045,42,0,0,healthy,0,3.288853,-1.0403684,-4.4480124,2026
18df7de59f5bd8ba8bfc,data/plantvillage/raw/color/Apple___healthy/d7308460-64d2-4e9e-aa0d-5b4f62d378ef___RS_HL 5802.JPG,healthy,0,g2296,s_reliability,reliability_train,original,,,,,,42,0,0,healthy,0,2.305431,0.3171809,-4.6297297,2026
fa08e0711e52321948b9,data/plantvillage/raw/color/Apple___healthy/d7308460-64d2-4e9e-aa0d-5b4f62d378ef___RS_HL 5802.JPG,healthy,0,g2296,s_reliability,reliability_train,brightness,8524866080257295766,1.046598002987117,,,,42,0,0,healthy,0,2.2964797,0.27597585,-4.607526,2026
c6715e7b7dfdfd8a2fa0,data/plantvillage/raw/color/Apple___healthy/d7308460-64d2-4e9e-aa0d-5b4f62d378ef___RS_HL 5802.JPG,healthy,0,g2296,s_reliability,reliability_train,contrast,4011456816077714262,,1.242576856809603,,,42,0,0,healthy,0,1.9597375,0.34688684,-4.4219356,2026
87d3d3cdd43115518c48,data/plantvillage/raw/color/Apple___healthy/d7308460-64d2-4e9e-aa0d-5b4f62d378ef___RS_HL 5802.JPG,healthy,0,g2296,s_reliability,reliability_train,gaussian_blur,2041487503672951103,,,1.3126718309375303,,42,0,1,scab,1,-0.19824065,-0.028254835,-2.1850836,2026
cd4a77afe7488693cbcd,data/plantvillage/raw/color/Apple___healthy/d7308460-64d2-4e9e-aa0d-5b4f62d378ef___RS_HL 5802.JPG,healthy,0,g2296,s_reliability,reliability_train,gaussian_noise,1579598555606233489,,,,0.03967527321575154,42,0,0,healthy,0,2.3725007,0.8551514,-5.147116,2026
08d99a8a65804fa40236,data/plantvillage/raw/color/Apple___healthy/d81744f3-b4a1-4343-b956-7975fe630b83___RS_HL 7343.JPG,healthy,0,g2304,s_reliability,reliability_val,original,,,,,,42,0,0,healthy,0,6.628223,-1.7571317,-7.0847883,2026
9422e86a40fd38d9cad5,data/plantvillage/raw/color/Apple___healthy/d81744f3-b4a1-4343-b956-7975fe630b83___RS_HL 7343.JPG,healthy,0,g2304,s_reliability,reliability_val,brightness,9004112187373193623,1.1037005761421859,,,,42,0,0,healthy,0,6.720009,-1.9412667,-7.062435,2026
d69192a381aa4e257bb7,data/plantvillage/raw/color/Apple___healthy/d81744f3-b4a1-4343-b956-7975fe630b83___RS_HL 7343.JPG,healthy,0,g2304,s_reliability,reliability_val,contrast,3861685303634954882,,1.1134869050190488,,,42,0,0,healthy,0,6.797153,-2.1492734,-6.9270954,2026
6f64b24348c41fd49b8a,data/plantvillage/raw/color/Apple___healthy/d81744f3-b4a1-4343-b956-7975fe630b83___RS_HL 7343.JPG,healthy,0,g2304,s_reliability,reliability_val,gaussian_blur,6912349265821558802,,,1.349358860511282,,42,0,0,healthy,0,3.697097,-1.8577987,-3.8404887,2026
63d5ec2357e17a412a1d,data/plantvillage/raw/color/Apple___healthy/d81744f3-b4a1-4343-b956-7975fe630b83___RS_HL 7343.JPG,healthy,0,g2304,s_reliability,reliability_val,gaussian_noise,6148788528084716072,,,,0.03345287305268495,42,0,0,healthy,0,6.3685484,-1.4877131,-7.095929,2026
6073654a7206fed4f0c8,data/plantvillage/raw/color/Apple___healthy/d8bd2900-b811-43a1-9ed7-05aa5f3f2649___RS_HL 7794.JPG,healthy,0,g2313,s_reliability,reliability_train,original,,,,,,42,0,0,healthy,0,4.3268137,0.8385827,-7.3537273,2026
fd5070a4c978386899fd,data/plantvillage/raw/color/Apple___healthy/d8bd2900-b811-43a1-9ed7-05aa5f3f2649___RS_HL 7794.JPG,healthy,0,g2313,s_reliability,reliability_train,brightness,2038823277207537573,1.1652760629470338,,,,42,0,0,healthy,0,4.8585134,0.41846296,-7.332621,2026
132bfb4e97115a540f3e,data/plantvillage/raw/color/Apple___healthy/d8bd2900-b811-43a1-9ed7-05aa5f3f2649___RS_HL 7794.JPG,healthy,0,g2313,s_reliability,reliability_train,contrast,7861661551736495634,,1.1538694757391381,,,42,0,0,healthy,0,5.2828536,0.1097642,-7.4150615,2026
745dbb053407275bacba,data/plantvillage/raw/color/Apple___healthy/d8bd2900-b811-43a1-9ed7-05aa5f3f2649___RS_HL 7794.JPG,healthy,0,g2313,s_reliability,reliability_train,gaussian_blur,6441778940470655527,,,1.1226646053846414,,42,0,0,healthy,0,1.0650557,0.9146449,-3.7862074,2026
c61a691055ef6fd441b7,data/plantvillage/raw/color/Apple___healthy/d8bd2900-b811-43a1-9ed7-05aa5f3f2649___RS_HL 7794.JPG,healthy,0,g2313,s_reliability,reliability_train,gaussian_noise,3300770267999615839,,,,0.03400326548708795,42,0,0,healthy,0,4.6776075,0.69960946,-7.4878993,2026
439b92a876a05b9b4f73,data/plantvillage/raw/color/Apple___healthy/d96d3f24-2fb9-4650-8cd4-c58e1a42f18f___RS_HL 8176.JPG,healthy,0,g2318,s_reliability,reliability_train,original,,,,,,42,0,0,healthy,0,3.3374906,-4.2738833,-2.3848069,2026
aedf2e07f7e580b8f2bd,data/plantvillage/raw/color/Apple___healthy/d96d3f24-2fb9-4650-8cd4-c58e1a42f18f___RS_HL 8176.JPG,healthy,0,g2318,s_reliability,reliability_train,brightness,7744779308757660452,1.0048979651984828,,,,42,0,0,healthy,0,3.338857,-4.276374,-2.3835793,2026
6eb0bcc82c15cee6c93d,data/plantvillage/raw/color/Apple___healthy/d96d3f24-2fb9-4650-8cd4-c58e1a42f18f___RS_HL 8176.JPG,healthy,0,g2318,s_reliability,reliability_train,contrast,1657587835123405271,,0.8184445738267544,,,42,0,0,healthy,0,3.188545,-4.3997283,-2.226362,2026
5590acbb05077c372d43,data/plantvillage/raw/color/Apple___healthy/d96d3f24-2fb9-4650-8cd4-c58e1a42f18f___RS_HL 8176.JPG,healthy,0,g2318,s_reliability,reliability_train,gaussian_blur,9026712436030653576,,,0.8891894882774578,,42,0,0,healthy,0,1.7902209,-4.209763,-1.2156769,2026
6aada0db894b0cea2fdb,data/plantvillage/raw/color/Apple___healthy/d96d3f24-2fb9-4650-8cd4-c58e1a42f18f___RS_HL 8176.JPG,healthy,0,g2318,s_reliability,reliability_train,gaussian_noise,6966292812315976134,,,,0.01957338574471624,42,0,0,healthy,0,3.2626064,-4.1196337,-2.4310958,2026
01883960dd2ce32f09f0,data/plantvillage/raw/color/Apple___healthy/d9de1954-e451-48e5-ad8b-5aeca90fe7ea___RS_HL 6034.JPG,healthy,0,g2323,s_reliability,reliability_val,original,,,,,,42,0,0,healthy,0,6.1412077,-4.1225266,-3.776989,2026
d0983b4ed13acb94a192,data/plantvillage/raw/color/Apple___healthy/d9de1954-e451-48e5-ad8b-5aeca90fe7ea___RS_HL 6034.JPG,healthy,0,g2323,s_reliability,reliability_val,brightness,3605095274535287239,1.0394195066730658,,,,42,0,0,healthy,0,6.0762486,-4.0510373,-3.7954168,2026
ac59a60488cfa892f9a0,data/plantvillage/raw/color/Apple___healthy/d9de1954-e451-48e5-ad8b-5aeca90fe7ea___RS_HL 6034.JPG,healthy,0,g2323,s_reliability,reliability_val,contrast,5900172534603771464,,1.0675909070244702,,,42,0,0,healthy,0,6.5124187,-4.26035,-3.9044604,2026
c42e61fff8b13988736d,data/plantvillage/raw/color/Apple___healthy/d9de1954-e451-48e5-ad8b-5aeca90fe7ea___RS_HL 6034.JPG,healthy,0,g2323,s_reliability,reliability_val,gaussian_blur,3658211877732491549,,,0.674066298949335,,42,0,0,healthy,0,4.7188845,-3.8617802,-2.7806656,2026
96c2fb52cd627a5b9c55,data/plantvillage/raw/color/Apple___healthy/d9de1954-e451-48e5-ad8b-5aeca90fe7ea___RS_HL 6034.JPG,healthy,0,g2323,s_reliability,reliability_val,gaussian_noise,7207545269186030805,,,,0.03164639869802263,42,0,0,healthy,0,6.6911964,-4.2734246,-4.1149206,2026
d1d0f12b43e165a12bff,data/plantvillage/raw/color/Apple___healthy/daf045c7-3756-4753-922e-8f36a84a3422___RS_HL 5719.JPG,healthy,0,g2331,s_reliability,reliability_train,original,,,,,,42,0,0,healthy,0,5.534795,-3.474642,-4.6724415,2026
edba718d4672c18c86e9,data/plantvillage/raw/color/Apple___healthy/daf045c7-3756-4753-922e-8f36a84a3422___RS_HL 5719.JPG,healthy,0,g2331,s_reliability,reliability_train,brightness,8563477167527768014,0.9525289631266214,,,,42,0,0,healthy,0,5.464076,-3.398977,-4.6775775,2026
4c99cb41935918e04c50,data/plantvillage/raw/color/Apple___healthy/daf045c7-3756-4753-922e-8f36a84a3422___RS_HL 5719.JPG,healthy,0,g2331,s_reliability,reliability_train,contrast,1169757139853859877,,0.9251180499134537,,,42,0,0,healthy,0,5.5111766,-3.4657123,-4.673732,2026
dbcb9c27136085b79983,data/plantvillage/raw/color/Apple___healthy/daf045c7-3756-4753-922e-8f36a84a3422___RS_HL 5719.JPG,healthy,0,g2331,s_reliability,reliability_train,gaussian_blur,2748432240967746165,,,0.9432371544366331,,42,0,0,healthy,0,2.8726237,-3.8275657,-2.1654396,2026
5ddbec8d2589543ba0ae,data/plantvillage/raw/color/Apple___healthy/daf045c7-3756-4753-922e-8f36a84a3422___RS_HL 5719.JPG,healthy,0,g2331,s_reliability,reliability_train,gaussian_noise,5382544457837294005,,,,0.021679024351924397,42,0,0,healthy,0,5.6243906,-3.3812377,-4.800232,2026
42ad250f8b8545d03cde,data/plantvillage/raw/color/Apple___healthy/db172d76-ff08-4bd5-bd0b-6231f432434a___RS_HL 5725.JPG,healthy,0,g2332,s_reliability,reliability_val,original,,,,,,42,0,0,healthy,0,6.9116197,-3.6096714,-5.3090725,2026
dde152f9afa58222311b,data/plantvillage/raw/color/Apple___healthy/db172d76-ff08-4bd5-bd0b-6231f432434a___RS_HL 5725.JPG,healthy,0,g2332,s_reliability,reliability_val,brightness,1224071924973507316,0.7850897309130984,,,,42,0,0,healthy,0,6.8768134,-3.6361928,-5.305466,2026
394bb5e4b5cbb982fe67,data/plantvillage/raw/color/Apple___healthy/db172d76-ff08-4bd5-bd0b-6231f432434a___RS_HL 5725.JPG,healthy,0,g2332,s_reliability,reliability_val,contrast,8276019118343007048,,0.8728620669679714,,,42,0,0,healthy,0,6.4258914,-3.3643255,-5.1975794,2026
cfdc07dc26c50ad58e46,data/plantvillage/raw/color/Apple___healthy/db172d76-ff08-4bd5-bd0b-6231f432434a___RS_HL 5725.JPG,healthy,0,g2332,s_reliability,reliability_val,gaussian_blur,4398695001896037844,,,0.6917472417611569,,42,0,0,healthy,0,5.282559,-4.340867,-3.3756514,2026
a28ec450e4a8c2474cef,data/plantvillage/raw/color/Apple___healthy/db172d76-ff08-4bd5-bd0b-6231f432434a___RS_HL 5725.JPG,healthy,0,g2332,s_reliability,reliability_val,gaussian_noise,7956334839601318110,,,,0.04095610621882344,42,0,0,healthy,0,7.114123,-3.7140627,-5.4920692,2026
5ac87e15e7865518bee5,data/plantvillage/raw/color/Apple___healthy/dbea92a9-9473-4cb1-b181-341789de0681___RS_HL 5708.JPG,healthy,0,g2339,s_reliability,reliability_val,original,,,,,,42,0,0,healthy,0,5.840933,-0.97338706,-6.5891433,2026
7f07b41579f7cc8031c4,data/plantvillage/raw/color/Apple___healthy/dbea92a9-9473-4cb1-b181-341789de0681___RS_HL 5708.JPG,healthy,0,g2339,s_reliability,reliability_val,brightness,7211727296233039454,1.2504587993292233,,,,42,0,0,healthy,0,6.3697014,-1.3747123,-6.680241,2026
6d0acaffa8de1caa0885,data/plantvillage/raw/color/Apple___healthy/dbea92a9-9473-4cb1-b181-341789de0681___RS_HL 5708.JPG,healthy,0,g2339,s_reliability,reliability_val,contrast,569883126522957043,,1.0065395683475136,,,42,0,0,healthy,0,5.9181595,-1.0373256,-6.608753,2026
0867b611bfa17084fb0d,data/plantvillage/raw/color/Apple___healthy/dbea92a9-9473-4cb1-b181-341789de0681___RS_HL 5708.JPG,healthy,0,g2339,s_reliability,reliability_val,gaussian_blur,4265510153686431550,,,0.844091133165631,,42,0,0,healthy,0,4.2649207,-1.6795574,-4.9615917,2026
001b104c8c1335157533,data/plantvillage/raw/color/Apple___healthy/dbea92a9-9473-4cb1-b181-341789de0681___RS_HL 5708.JPG,healthy,0,g2339,s_reliability,reliability_val,gaussian_noise,5519265153189941254,,,,0.020425639698175797,42,0,0,healthy,0,6.2422237,-1.2632004,-6.6472936,2026
080c489b7b9427ffbaf7,data/plantvillage/raw/color/Apple___healthy/dd2b6b6b-2278-4f52-8009-2d57037ab3f2___RS_HL 5670.JPG,healthy,0,g2344,s_reliability,reliability_val,original,,,,,,42,0,0,healthy,0,5.0794888,-1.7148434,-5.651925,2026
abedea82ff8845a8a8d1,data/plantvillage/raw/color/Apple___healthy/dd2b6b6b-2278-4f52-8009-2d57037ab3f2___RS_HL 5670.JPG,healthy,0,g2344,s_reliability,reliability_val,brightness,276067225677315937,1.0275503986538892,,,,42,0,0,healthy,0,5.177022,-1.7729286,-5.67216,2026
d05cde561283d5ad406f,data/plantvillage/raw/color/Apple___healthy/dd2b6b6b-2278-4f52-8009-2d57037ab3f2___RS_HL 5670.JPG,healthy,0,g2344,s_reliability,reliability_val,contrast,4442499829749962785,,1.1017855974263677,,,42,0,0,healthy,0,5.319993,-1.7657473,-5.6937213,2026
38de00481e9876a45a87,data/plantvillage/raw/color/Apple___healthy/dd2b6b6b-2278-4f52-8009-2d57037ab3f2___RS_HL 5670.JPG,healthy,0,g2344,s_reliability,reliability_val,gaussian_blur,7872596634293296655,,,1.1738503140243601,,42,0,0,healthy,0,0.2641244,-1.2056507,-2.5039203,2026
c018c00e42e4d9f7061f,data/plantvillage/raw/color/Apple___healthy/dd2b6b6b-2278-4f52-8009-2d57037ab3f2___RS_HL 5670.JPG,healthy,0,g2344,s_reliability,reliability_val,gaussian_noise,3148483517658350696,,,,0.01433534980532035,42,0,0,healthy,0,5.133068,-1.7476085,-5.684481,2026
3fa1b3342df3aab77ae2,data/plantvillage/raw/color/Apple___healthy/de864ffe-aea2-4c80-bd60-adfc8787be7f___RS_HL 5985.JPG,healthy,0,g2352,s_reliability,reliability_train,original,,,,,,42,0,0,healthy,0,4.5358405,-3.3382509,-3.3234127,2026
63be8cbf9dd8ee037fa8,data/plantvillage/raw/color/Apple___healthy/de864ffe-aea2-4c80-bd60-adfc8787be7f___RS_HL 5985.JPG,healthy,0,g2352,s_reliability,reliability_train,brightness,3280634071097645731,1.2532488947885627,,,,42,0,0,healthy,0,4.709327,-3.410304,-3.4768004,2026
079487e9fde8602ad5c1,data/plantvillage/raw/color/Apple___healthy/de864ffe-aea2-4c80-bd60-adfc8787be7f___RS_HL 5985.JPG,healthy,0,g2352,s_reliability,reliability_train,contrast,2410135613963281607,,1.0698788521297633,,,42,0,0,healthy,0,4.962711,-3.5941448,-3.4235368,2026
ee33eec1312a5ea7781c,data/plantvillage/raw/color/Apple___healthy/de864ffe-aea2-4c80-bd60-adfc8787be7f___RS_HL 5985.JPG,healthy,0,g2352,s_reliability,reliability_train,gaussian_blur,6182952535856395009,,,1.399507853184382,,42,0,0,healthy,0,2.9865603,-2.3884864,-2.0424063,2026
479f826e00392f414605,data/plantvillage/raw/color/Apple___healthy/de864ffe-aea2-4c80-bd60-adfc8787be7f___RS_HL 5985.JPG,healthy,0,g2352,s_reliability,reliability_train,gaussian_noise,5947883231809346496,,,,0.03173082402316855,42,0,0,healthy,0,5.019395,-3.328142,-3.6872387,2026
0b0ab695e3de6e17d541,data/plantvillage/raw/color/Apple___healthy/df6bce5a-1d1b-49f6-a9cb-8f262701b335___RS_HL 8164.JPG,healthy,0,g2359,s_reliability,reliability_train,original,,,,,,42,0,0,healthy,0,4.6304574,-2.873902,-4.8299603,2026
7b2fb5c36cec4b73235b,data/plantvillage/raw/color/Apple___healthy/df6bce5a-1d1b-49f6-a9cb-8f262701b335___RS_HL 8164.JPG,healthy,0,g2359,s_reliability,reliability_train,brightness,794567065637632670,1.2249106416297735,,,,42,0,0,healthy,0,4.5212674,-2.959974,-4.6324415,2026
8bc8ba20dfb684a6090a,data/plantvillage/raw/color/Apple___healthy/df6bce5a-1d1b-49f6-a9cb-8f262701b335___RS_HL 8164.JPG,healthy,0,g2359,s_reliability,reliability_train,contrast,7656278800243067735,,0.774462822634062,,,42,0,0,healthy,0,3.5395992,-2.264903,-4.5195603,2026
56a524717cb0c5c5aa2f,data/plantvillage/raw/color/Apple___healthy/df6bce5a-1d1b-49f6-a9cb-8f262701b335___RS_HL 8164.JPG,healthy,0,g2359,s_reliability,reliability_train,gaussian_blur,2908832196600831251,,,1.0478816471967214,,42,0,0,healthy,0,2.935877,-3.4444647,-2.348433,2026
c31b0f7b3e9525dd45db,data/plantvillage/raw/color/Apple___healthy/df6bce5a-1d1b-49f6-a9cb-8f262701b335___RS_HL 8164.JPG,healthy,0,g2359,s_reliability,reliability_train,gaussian_noise,6805855932290882774,,,,0.020730821037254946,42,0,0,healthy,0,4.871872,-2.9531372,-4.9617414,2026
312f980ebbf67c9960d0,data/plantvillage/raw/color/Apple___healthy/e0b3b9e7-70ab-4cd5-ba2f-2924568dc837___RS_HL 7774.JPG,healthy,0,g2364,s_reliability,reliability_val,original,,,,,,42,0,0,healthy,0,4.487653,-3.8066304,-3.6205769,2026
2fb045879d0e06260e89,data/plantvillage/raw/color/Apple___healthy/e0b3b9e7-70ab-4cd5-ba2f-2924568dc837___RS_HL 7774.JPG,healthy,0,g2364,s_reliability,reliability_val,brightness,6409045471138692313,0.7639359618958512,,,,42,0,0,healthy,0,4.1014323,-3.5330687,-3.6264489,2026
6b7d0328191aae9d1a3e,data/plantvillage/raw/color/Apple___healthy/e0b3b9e7-70ab-4cd5-ba2f-2924568dc837___RS_HL 7774.JPG,healthy,0,g2364,s_reliability,reliability_val,contrast,6919427159941534164,,1.2556611312130987,,,42,0,0,healthy,0,4.575632,-3.7272923,-3.6801043,2026
b3902522ede81c8e6cf5,data/plantvillage/raw/color/Apple___healthy/e0b3b9e7-70ab-4cd5-ba2f-2924568dc837___RS_HL 7774.JPG,healthy,0,g2364,s_reliability,reliability_val,gaussian_blur,2281212045899336191,,,0.8762323050823887,,42,0,0,healthy,0,1.5328192,-3.5966928,-1.1665746,2026
68ea251c04eb51e98852,data/plantvillage/raw/color/Apple___healthy/e0b3b9e7-70ab-4cd5-ba2f-2924568dc837___RS_HL 7774.JPG,healthy,0,g2364,s_reliability,reliability_val,gaussian_noise,4537798966437301818,,,,0.021659652920268856,42,0,0,healthy,0,4.5702014,-3.8116858,-3.6695988,2026
f56f9f61b376988d230e,data/plantvillage/raw/color/Apple___healthy/e1feed76-9ae7-449b-8c58-aebd806c680b___RS_HL 8034.JPG,healthy,0,g2372,s_reliability,reliability_val,original,,,,,,42,0,0,healthy,0,6.4614806,-4.094091,-4.464172,2026
5dc99f989d826a963d99,data/plantvillage/raw/color/Apple___healthy/e1feed76-9ae7-449b-8c58-aebd806c680b___RS_HL 8034.JPG,healthy,0,g2372,s_reliability,reliability_val,brightness,3437059477423252326,0.8741282388826677,,,,42,0,0,healthy,0,6.5797534,-4.1767216,-4.450223,2026
4bef6c7e151a8521eaac,data/plantvillage/raw/color/Apple___healthy/e1feed76-9ae7-449b-8c58-aebd806c680b___RS_HL 8034.JPG,healthy,0,g2372,s_reliability,reliability_val,contrast,8307589071805161610,,1.0391306442315829,,,42,0,0,healthy,0,6.562289,-4.0683603,-4.5341063,2026
32a3bfcfdef9580d5fa5,data/plantvillage/raw/color/Apple___healthy/e1feed76-9ae7-449b-8c58-aebd806c680b___RS_HL 8034.JPG,healthy,0,g2372,s_reliability,reliability_val,gaussian_blur,40780067124341004,,,1.1478786634130587,,42,0,0,healthy,0,3.917242,-3.9888418,-1.8631272,2026
091e2af838ab78a22514,data/plantvillage/raw/color/Apple___healthy/e1feed76-9ae7-449b-8c58-aebd806c680b___RS_HL 8034.JPG,healthy,0,g2372,s_reliability,reliability_val,gaussian_noise,2085402653019739294,,,,0.04129636555156211,42,0,0,healthy,0,6.3663445,-3.8078222,-4.5990467,2026
ab59c919e33e5803c6c1,data/plantvillage/raw/color/Apple___healthy/e2af3daf-392f-4661-baf0-f4d4522a07f9___RS_HL 5652.JPG,healthy,0,g2377,s_reliability,reliability_train,original,,,,,,42,0,0,healthy,0,6.2778063,-3.125971,-5.28516,2026
5a91408745bf1d6a58ca,data/plantvillage/raw/color/Apple___healthy/e2af3daf-392f-4661-baf0-f4d4522a07f9___RS_HL 5652.JPG,healthy,0,g2377,s_reliability,reliability_train,brightness,637520245979288044,1.2041042689561747,,,,42,0,0,healthy,0,6.50765,-3.5734367,-5.1678543,2026
2e2adc5611d1c661c8e0,data/plantvillage/raw/color/Apple___healthy/e2af3daf-392f-4661-baf0-f4d4522a07f9___RS_HL 5652.JPG,healthy,0,g2377,s_reliability,reliability_train,contrast,2208956903874893206,,0.8560015984870688,,,42,0,0,healthy,0,5.506756,-2.7699206,-5.144416,2026
f100042f655636fe6356,data/plantvillage/raw/color/Apple___healthy/e2af3daf-392f-4661-baf0-f4d4522a07f9___RS_HL 5652.JPG,healthy,0,g2377,s_reliability,reliability_train,gaussian_blur,9046048332791084724,,,1.1949125304174495,,42,0,0,healthy,0,2.7181702,-3.1612818,-2.481638,2026
b86200b5a6a1473eea7f,data/plantvillage/raw/color/Apple___healthy/e2af3daf-392f-4661-baf0-f4d4522a07f9___RS_HL 5652.JPG,healthy,0,g2377,s_reliability,reliability_train,gaussian_noise,2939720112553386036,,,,0.027601985023514276,42,0,0,healthy,0,6.5041304,-3.1292245,-5.463294,2026
f73f48e82baae6939838,data/plantvillage/raw/color/Apple___healthy/e35729f0-09b8-4cd4-a04c-30c9b49095c5___RS_HL 6068.JPG,healthy,0,g2383,s_reliability,reliability_val,original,,,,,,42,0,0,healthy,0,4.10426,-1.6778382,-5.1385694,2026
65a1fa44ab59e14ff994,data/plantvillage/raw/color/Apple___healthy/e35729f0-09b8-4cd4-a04c-30c9b49095c5___RS_HL 6068.JPG,healthy,0,g2383,s_reliability,reliability_val,brightness,4871005172967506498,0.8597980501814668,,,,42,0,0,healthy,0,3.9508517,-1.4104452,-5.2339993,2026
de2ba9de0558fd1d21fd,data/plantvillage/raw/color/Apple___healthy/e35729f0-09b8-4cd4-a04c-30c9b49095c5___RS_HL 6068.JPG,healthy,0,g2383,s_reliability,reliability_val,contrast,557838891321900251,,1.221451508108217,,,42,0,0,healthy,0,4.3182716,-1.7156919,-5.2081375,2026
984d964862761fad2f1b,data/plantvillage/raw/color/Apple___healthy/e35729f0-09b8-4cd4-a04c-30c9b49095c5___RS_HL 6068.JPG,healthy,0,g2383,s_reliability,reliability_val,gaussian_blur,8386591308596525897,,,0.9287016739944087,,42,0,0,healthy,0,1.9906883,-0.90738493,-3.6311467,2026
544b532285b6d77f50f1,data/plantvillage/raw/color/Apple___healthy/e35729f0-09b8-4cd4-a04c-30c9b49095c5___RS_HL 6068.JPG,healthy,0,g2383,s_reliability,reliability_val,gaussian_noise,6931575106889941300,,,,0.01496183117057977,42,0,0,healthy,0,3.9725652,-1.4667522,-5.1723366,2026
9a8447ee119f2b333744,data/plantvillage/raw/color/Apple___healthy/e3a3c4f3-12b0-49f2-a14c-c73cdc542e74___RS_HL 7773.JPG,healthy,0,g2385,s_reliability,reliability_train,original,,,,,,42,0,0,healthy,0,6.2092595,-4.1003804,-4.843001,2026
243608fa71be7671ce4d,data/plantvillage/raw/color/Apple___healthy/e3a3c4f3-12b0-49f2-a14c-c73cdc542e74___RS_HL 7773.JPG,healthy,0,g2385,s_reliability,reliability_train,brightness,8765644846104192836,0.9483932409831941,,,,42,0,0,healthy,0,5.9373965,-3.803689,-4.830998,2026
dc068efde9249bda3b28,data/plantvillage/raw/color/Apple___healthy/e3a3c4f3-12b0-49f2-a14c-c73cdc542e74___RS_HL 7773.JPG,healthy,0,g2385,s_reliability,reliability_train,contrast,4321238648934197324,,0.7868175279193127,,,42,0,0,healthy,0,4.558635,-3.0577142,-4.30937,2026
3e3fddc181a76d0868c5,data/plantvillage/raw/color/Apple___healthy/e3a3c4f3-12b0-49f2-a14c-c73cdc542e74___RS_HL 7773.JPG,healthy,0,g2385,s_reliability,reliability_train,gaussian_blur,821418727478224306,,,1.0213201974220436,,42,0,0,healthy,0,2.8024673,-4.1266103,-1.953639,2026
ad082ee92e82e9c0e692,data/plantvillage/raw/color/Apple___healthy/e3a3c4f3-12b0-49f2-a14c-c73cdc542e74___RS_HL 7773.JPG,healthy,0,g2385,s_reliability,reliability_train,gaussian_noise,7829581099148334965,,,,0.04994961900141689,42,0,0,healthy,0,6.051368,-3.891897,-4.8103685,2026
ad71fa5fc99b218fb829,data/plantvillage/raw/color/Apple___healthy/e439a002-e035-401e-a1aa-77f99fbd65ad___RS_HL 5880.JPG,healthy,0,g2388,s_reliability,reliability_train,original,,,,,,42,0,0,healthy,0,5.316794,-2.324154,-5.382233,2026
1ff92af6677eb23603c8,data/plantvillage/raw/color/Apple___healthy/e439a002-e035-401e-a1aa-77f99fbd65ad___RS_HL 5880.JPG,healthy,0,g2388,s_reliability,reliability_train,brightness,7655105049204806237,1.0621173450095691,,,,42,0,0,healthy,0,5.4126873,-2.3729131,-5.4321394,2026
8b8d2013aaa33fe5b9da,data/plantvillage/raw/color/Apple___healthy/e439a002-e035-401e-a1aa-77f99fbd65ad___RS_HL 5880.JPG,healthy,0,g2388,s_reliability,reliability_train,contrast,4700191796877293195,,1.098077158995059,,,42,0,0,healthy,0,5.454807,-2.305313,-5.4232683,2026
8101793579f031281f78,data/plantvillage/raw/color/Apple___healthy/e439a002-e035-401e-a1aa-77f99fbd65ad___RS_HL 5880.JPG,healthy,0,g2388,s_reliability,reliability_train,gaussian_blur,7978337411395859216,,,0.7685825884603593,,42,0,0,healthy,0,3.417425,-2.7000475,-3.339444,2026
a46ccbbef02077235b06,data/plantvillage/raw/color/Apple___healthy/e439a002-e035-401e-a1aa-77f99fbd65ad___RS_HL 5880.JPG,healthy,0,g2388,s_reliability,reliability_train,gaussian_noise,5132115574989054888,,,,0.03944596408462634,42,0,0,healthy,0,5.4307737,-2.1390991,-5.60844,2026
d9cde09b6b5f98910644,data/plantvillage/raw/color/Apple___healthy/e77cdcd7-1279-4cd1-87db-9d80721311b4___RS_HL 6283.JPG,healthy,0,g2400,s_reliability,reliability_train,original,,,,,,42,0,0,healthy,0,4.702078,-1.8406751,-4.8243184,2026
9992e3bd61bcd5ea270a,data/plantvillage/raw/color/Apple___healthy/e77cdcd7-1279-4cd1-87db-9d80721311b4___RS_HL 6283.JPG,healthy,0,g2400,s_reliability,reliability_train,brightness,7426497857790609556,0.9935470453992199,,,,42,0,0,healthy,0,4.70446,-1.8384882,-4.825691,2026
b002340ef51a384ef40b,data/plantvillage/raw/color/Apple___healthy/e77cdcd7-1279-4cd1-87db-9d80721311b4___RS_HL 6283.JPG,healthy,0,g2400,s_reliability,reliability_train,contrast,2026327184808896427,,0.9120226441671961,,,42,0,0,healthy,0,4.735262,-1.7916461,-4.89073,2026
9d3123ce2f558da5daeb,data/plantvillage/raw/color/Apple___healthy/e77cdcd7-1279-4cd1-87db-9d80721311b4___RS_HL 6283.JPG,healthy,0,g2400,s_reliability,reliability_train,gaussian_blur,6515263330407215617,,,1.4057476432720757,,42,0,0,healthy,0,1.2516991,-1.3846012,-1.5803727,2026
fc493541b81042665a35,data/plantvillage/raw/color/Apple___healthy/e77cdcd7-1279-4cd1-87db-9d80721311b4___RS_HL 6283.JPG,healthy,0,g2400,s_reliability,reliability_train,gaussian_noise,2588827690534518184,,,,0.030054364329632557,42,0,0,healthy,0,5.0891147,-1.8815063,-5.082411,2026
82e3edee1f974ddeb94f,data/plantvillage/raw/color/Apple___healthy/ec1bf8ec-0876-4971-8df1-20f766ac3df2___RS_HL 7666.JPG,healthy,0,g2419,s_reliability,reliability_train,original,,,,,,42,0,0,healthy,0,5.378127,-4.5886664,-3.2261384,2026
b8fc31d7921a4dfcff21,data/plantvillage/raw/color/Apple___healthy/ec1bf8ec-0876-4971-8df1-20f766ac3df2___RS_HL 7666.JPG,healthy,0,g2419,s_reliability,reliability_train,brightness,7987676030128040555,0.7232400951716734,,,,42,0,0,healthy,0,5.512711,-4.600811,-3.3926945,2026
83551d4124c8c697c1e0,data/plantvillage/raw/color/Apple___healthy/ec1bf8ec-0876-4971-8df1-20f766ac3df2___RS_HL 7666.JPG,healthy,0,g2419,s_reliability,reliability_train,contrast,2138164516656095664,,1.1133322391087632,,,42,0,0,healthy,0,5.3775263,-4.515117,-3.295153,2026
a43eba5c0e9c8c26b4f5,data/plantvillage/raw/color/Apple___healthy/ec1bf8ec-0876-4971-8df1-20f766ac3df2___RS_HL 7666.JPG,healthy,0,g2419,s_reliability,reliability_train,gaussian_blur,5367513207900929481,,,0.7248557110803534,,42,0,0,healthy,0,4.4118776,-4.942648,-2.1669745,2026
9e3e5422e53150e9ab4d,data/plantvillage/raw/color/Apple___healthy/ec1bf8ec-0876-4971-8df1-20f766ac3df2___RS_HL 7666.JPG,healthy,0,g2419,s_reliability,reliability_train,gaussian_noise,1226910309115464239,,,,0.04406484922225197,42,0,0,healthy,0,5.718334,-4.523928,-3.5330307,2026
2f7067a14824266c5e69,data/plantvillage/raw/color/Apple___healthy/ec274680-0ee1-49d4-af42-48c6fe0da457___RS_HL 7306.JPG,healthy,0,g2420,s_reliability,reliability_train,original,,,,,,42,0,0,healthy,0,2.2388403,-0.903475,-3.9541602,2026
d53132868237dc8afe0a,data/plantvillage/raw/color/Apple___healthy/ec274680-0ee1-49d4-af42-48c6fe0da457___RS_HL 7306.JPG,healthy,0,g2420,s_reliability,reliability_train,brightness,220986536118334634,1.009654630957668,,,,42,0,0,healthy,0,2.1949391,-0.86945575,-3.9423804,2026
e21592b57a7f19db61b0,data/plantvillage/raw/color/Apple___healthy/ec274680-0ee1-49d4-af42-48c6fe0da457___RS_HL 7306.JPG,healthy,0,g2420,s_reliability,reliability_train,contrast,6785935810447135055,,0.8639104145653292,,,42,0,0,healthy,0,2.127006,-0.93551487,-3.9129977,2026
c78476111655c9bb9e89,data/plantvillage/raw/color/Apple___healthy/ec274680-0ee1-49d4-af42-48c6fe0da457___RS_HL 7306.JPG,healthy,0,g2420,s_reliability,reliability_train,gaussian_blur,7268134423667907472,,,1.3768951025406602,,42,0,2,rust,1,-0.5092191,-1.590132,-0.33438972,2026
9f15e7b7745af46d8e0d,data/plantvillage/raw/color/Apple___healthy/ec274680-0ee1-49d4-af42-48c6fe0da457___RS_HL 7306.JPG,healthy,0,g2420,s_reliability,reliability_train,gaussian_noise,4344170387121762335,,,,0.01616656549964738,42,0,0,healthy,0,2.09917,-0.7643618,-3.9158134,2026
163167e37c1363418f3c,data/plantvillage/raw/color/Apple___healthy/eee67012-27f6-45d5-9365-2561429f046d___RS_HL 8165.JPG,healthy,0,g2436,s_reliability,reliability_train,original,,,,,,42,0,0,healthy,0,5.066625,-3.8623755,-4.302325,2026
f9a8f88086948147c271,data/plantvillage/raw/color/Apple___healthy/eee67012-27f6-45d5-9365-2561429f046d___RS_HL 8165.JPG,healthy,0,g2436,s_reliability,reliability_train,brightness,189989805852965463,1.068439672138619,,,,42,0,0,healthy,0,5.07454,-3.8296454,-4.343419,2026
f6b8af70c1eb39b60c7c,data/plantvillage/raw/color/Apple___healthy/eee67012-27f6-45d5-9365-2561429f046d___RS_HL 8165.JPG,healthy,0,g2436,s_reliability,reliability_train,contrast,534311089720446306,,1.263352725092657,,,42,0,0,healthy,0,4.6786776,-3.3795748,-4.542128,2026
dd411aa05dd0b657f037,data/plantvillage/raw/color/Apple___healthy/eee67012-27f6-45d5-9365-2561429f046d___RS_HL 8165.JPG,healthy,0,g2436,s_reliability,reliability_train,gaussian_blur,4274762601827120558,,,1.4434227530095836,,42,0,0,healthy,0,1.3369882,-3.7835634,-1.5554963,2026
2032db191f12b7a3a829,data/plantvillage/raw/color/Apple___healthy/eee67012-27f6-45d5-9365-2561429f046d___RS_HL 8165.JPG,healthy,0,g2436,s_reliability,reliability_train,gaussian_noise,2598192555491167103,,,,0.046549208374066044,42,0,0,healthy,0,4.900535,-3.6103375,-4.4458737,2026
35278c0e087aa823dd29,data/plantvillage/raw/color/Apple___healthy/ef39563c-7897-48be-b7d5-5371b873b110___RS_HL 8024.JPG,healthy,0,g2438,s_reliability,reliability_val,original,,,,,,42,0,0,healthy,0,4.231713,-2.2596538,-4.5541573,2026
47f50cd51f77db714263,data/plantvillage/raw/color/Apple___healthy/ef39563c-7897-48be-b7d5-5371b873b110___RS_HL 8024.JPG,healthy,0,g2438,s_reliability,reliability_val,brightness,6996244170949694370,1.186370300567663,,,,42,0,0,healthy,0,4.2781253,-2.4080887,-4.42371,2026
4c565435ba3cc3d3be69,data/plantvillage/raw/color/Apple___healthy/ef39563c-7897-48be-b7d5-5371b873b110___RS_HL 8024.JPG,healthy,0,g2438,s_reliability,reliability_val,contrast,4793249237452021803,,0.9817384756322116,,,42,0,0,healthy,0,4.253116,-2.2969043,-4.5377755,2026
48a305f45e59c50eb37d,data/plantvillage/raw/color/Apple___healthy/ef39563c-7897-48be-b7d5-5371b873b110___RS_HL 8024.JPG,healthy,0,g2438,s_reliability,reliability_val,gaussian_blur,4831093218402465585,,,1.2584016794590065,,42,0,0,healthy,0,1.489715,-2.7013113,-1.5029452,2026
e727516d1da757a0f2ef,data/plantvillage/raw/color/Apple___healthy/ef39563c-7897-48be-b7d5-5371b873b110___RS_HL 8024.JPG,healthy,0,g2438,s_reliability,reliability_val,gaussian_noise,3071857031181834642,,,,0.04896427249067124,42,0,0,healthy,0,4.413603,-2.1487916,-4.676739,2026
3d0baec620e1306b676c,data/plantvillage/raw/color/Apple___healthy/efcddd81-0718-4555-ac8f-f417cc6e6280___RS_HL 7912.JPG,healthy,0,g2439,s_reliability,reliability_val,original,,,,,,42,0,0,healthy,0,4.0925307,-2.573452,-4.3133945,2026
b8ebbba300c25019be63,data/plantvillage/raw/color/Apple___healthy/efcddd81-0718-4555-ac8f-f417cc6e6280___RS_HL 7912.JPG,healthy,0,g2439,s_reliability,reliability_val,brightness,7854603801949128663,0.743618820567704,,,,42,0,0,healthy,0,3.90068,-2.2342615,-4.459328,2026
874f78b1f244a0a656af,data/plantvillage/raw/color/Apple___healthy/efcddd81-0718-4555-ac8f-f417cc6e6280___RS_HL 7912.JPG,healthy,0,g2439,s_reliability,reliability_val,contrast,7934016994424957136,,0.7415606752913227,,,42,0,0,healthy,0,3.8984327,-2.5884848,-4.236281,2026
4ce8219078b47cd777e0,data/plantvillage/raw/color/Apple___healthy/efcddd81-0718-4555-ac8f-f417cc6e6280___RS_HL 7912.JPG,healthy,0,g2439,s_reliability,reliability_val,gaussian_blur,7294735830650431388,,,1.1468904668765312,,42,0,0,healthy,0,0.88565654,-2.0452101,-2.0378346,2026
de8aa343bfd839b79b1c,data/plantvillage/raw/color/Apple___healthy/efcddd81-0718-4555-ac8f-f417cc6e6280___RS_HL 7912.JPG,healthy,0,g2439,s_reliability,reliability_val,gaussian_noise,7513541387298594557,,,,0.028420163673314076,42,0,0,healthy,0,4.2478704,-2.6235054,-4.3422236,2026
c6d3600b6e372acf78fd,data/plantvillage/raw/color/Apple___healthy/eff8a4a7-8aa4-4549-ae15-035f85c15486___RS_HL 7783.JPG,healthy,0,g2440,s_reliability,reliability_train,original,,,,,,42,0,0,healthy,0,2.3486729,-1.2515074,-4.178507,2026
ed8f4d9b7b26db40710b,data/plantvillage/raw/color/Apple___healthy/eff8a4a7-8aa4-4549-ae15-035f85c15486___RS_HL 7783.JPG,healthy,0,g2440,s_reliability,reliability_train,brightness,1185236010484503773,1.0912750771363318,,,,42,0,0,healthy,0,2.3488548,-1.2541889,-4.173705,2026
b8e71f90ea4f32906330,data/plantvillage/raw/color/Apple___healthy/eff8a4a7-8aa4-4549-ae15-035f85c15486___RS_HL 7783.JPG,healthy,0,g2440,s_reliability,reliability_train,contrast,5337894444943874936,,1.242942048516233,,,42,0,0,healthy,0,2.5657341,-1.0751631,-4.3991313,2026
3bd4a907c732f81844f0,data/plantvillage/raw/color/Apple___healthy/eff8a4a7-8aa4-4549-ae15-035f85c15486___RS_HL 7783.JPG,healthy,0,g2440,s_reliability,reliability_train,gaussian_blur,1473788484786346713,,,0.8525524366150462,,42,0,0,healthy,0,0.70649314,-2.3769574,-1.7014943,2026
be13077b0ee25048bd8b,data/plantvillage/raw/color/Apple___healthy/eff8a4a7-8aa4-4549-ae15-035f85c15486___RS_HL 7783.JPG,healthy,0,g2440,s_reliability,reliability_train,gaussian_noise,4971897119437211173,,,,0.0321732861311922,42,0,0,healthy,0,2.3730972,-1.1509887,-4.1869884,2026
332c7f761a5653e24b9b,data/plantvillage/raw/color/Apple___healthy/f09b090f-bff1-4fc9-87ad-1b9e05373698___RS_HL 6035.JPG,healthy,0,g2445,s_reliability,reliability_train,original,,,,,,42,0,0,healthy,0,5.9187584,-3.822993,-4.5660815,2026
de3baf72c24d789c710d,data/plantvillage/raw/color/Apple___healthy/f09b090f-bff1-4fc9-87ad-1b9e05373698___RS_HL 6035.JPG,healthy,0,g2445,s_reliability,reliability_train,brightness,6629415940413032221,0.8687543084874427,,,,42,0,0,healthy,0,5.7852235,-3.7300727,-4.5598364,2026
a154aa58afad13d62c27,data/plantvillage/raw/color/Apple___healthy/f09b090f-bff1-4fc9-87ad-1b9e05373698___RS_HL 6035.JPG,healthy,0,g2445,s_reliability,reliability_train,contrast,299656887961082649,,0.9101281854402783,,,42,0,0,healthy,0,5.5518713,-3.6575818,-4.4221015,2026
69bb329ef1677345ef1a,data/plantvillage/raw/color/Apple___healthy/f09b090f-bff1-4fc9-87ad-1b9e05373698___RS_HL 6035.JPG,healthy,0,g2445,s_reliability,reliability_train,gaussian_blur,563026878617219762,,,0.6744464049803709,,42,0,0,healthy,0,5.1322803,-3.7744255,-3.8481114,2026
a029ea39f8a84956ba38,data/plantvillage/raw/color/Apple___healthy/f09b090f-bff1-4fc9-87ad-1b9e05373698___RS_HL 6035.JPG,healthy,0,g2445,s_reliability,reliability_train,gaussian_noise,2961949401640761309,,,,0.04863045640361331,42,0,0,healthy,0,6.9205256,-3.9399016,-5.204136,2026
8bff3cd9296e4e01daac,data/plantvillage/raw/color/Apple___healthy/f2314f38-fd6f-4bee-b26e-ad095508beab___RS_HL 6145.JPG,healthy,0,g2457,s_reliability,reliability_train,original,,,,,,42,0,0,healthy,0,5.491369,-4.050171,-4.274023,2026
bb8fa3cefd6185562ced,data/plantvillage/raw/color/Apple___healthy/f2314f38-fd6f-4bee-b26e-ad095508beab___RS_HL 6145.JPG,healthy,0,g2457,s_reliability,reliability_train,brightness,772336415437396276,1.2026354080548864,,,,42,0,0,healthy,0,5.5354342,-4.2707944,-4.206928,2026
502dcf59e966f129e8bf,data/plantvillage/raw/color/Apple___healthy/f2314f38-fd6f-4bee-b26e-ad095508beab___RS_HL 6145.JPG,healthy,0,g2457,s_reliability,reliability_train,contrast,8719398754418026940,,0.8257442833067278,,,42,0,0,healthy,0,5.31139,-3.7913184,-4.2387314,2026
a5558ffb356e4286c4d6,data/plantvillage/raw/color/Apple___healthy/f2314f38-fd6f-4bee-b26e-ad095508beab___RS_HL 6145.JPG,healthy,0,g2457,s_reliability,reliability_train,gaussian_blur,3926122223616629411,,,1.3290190566180653,,42,0,0,healthy,0,2.1949923,-3.3470426,-1.5729394,2026
61d078f58cfc5e322e71,data/plantvillage/raw/color/Apple___healthy/f2314f38-fd6f-4bee-b26e-ad095508beab___RS_HL 6145.JPG,healthy,0,g2457,s_reliability,reliability_train,gaussian_noise,5838671658641665255,,,,0.04862741767670341,42,0,0,healthy,0,5.3450685,-3.354046,-4.5026283,2026
ed1882a9047c0b33a37f,data/plantvillage/raw/color/Apple___healthy/f7416f1d-cd65-4f2e-be3e-ca701e693df5___RS_HL 7920.JPG,healthy,0,g2484,s_reliability,reliability_val,original,,,,,,42,0,0,healthy,0,5.337038,-3.0872164,-4.9112844,2026
78815c9e054e2556747b,data/plantvillage/raw/color/Apple___healthy/f7416f1d-cd65-4f2e-be3e-ca701e693df5___RS_HL 7920.JPG,healthy,0,g2484,s_reliability,reliability_val,brightness,4359477458417931357,1.2317189105631696,,,,42,0,0,healthy,0,5.4876375,-3.2801428,-4.7973237,2026
8276751faf9dae30f8bf,data/plantvillage/raw/color/Apple___healthy/f7416f1d-cd65-4f2e-be3e-ca701e693df5___RS_HL 7920.JPG,healthy,0,g2484,s_reliability,reliability_val,contrast,8423463805504921224,,1.1676215226305835,,,42,0,0,healthy,0,5.296002,-2.9654737,-4.946165,2026
2cbae7bbc37d20304bbb,data/plantvillage/raw/color/Apple___healthy/f7416f1d-cd65-4f2e-be3e-ca701e693df5___RS_HL 7920.JPG,healthy,0,g2484,s_reliability,reliability_val,gaussian_blur,6373553025923913498,,,0.9149248819933326,,42,0,0,healthy,0,3.5867052,-3.580682,-3.1103854,2026
141114689251e2cf9ac7,data/plantvillage/raw/color/Apple___healthy/f7416f1d-cd65-4f2e-be3e-ca701e693df5___RS_HL 7920.JPG,healthy,0,g2484,s_reliability,reliability_val,gaussian_noise,6260467427647153001,,,,0.04196347914618679,42,0,0,healthy,0,5.152591,-2.361225,-5.274101,2026
9a269c88d59f4e9ed8cc,data/plantvillage/raw/color/Apple___healthy/f7b5ebd2-2471-4a99-9944-e25696aa5fa8___RS_HL 6233.JPG,healthy,0,g2490,s_reliability,reliability_train,original,,,,,,42,0,0,healthy,0,4.5434375,-2.4860585,-4.452201,2026
4c88a13d7ba783cbfaf5,data/plantvillage/raw/color/Apple___healthy/f7b5ebd2-2471-4a99-9944-e25696aa5fa8___RS_HL 6233.JPG,healthy,0,g2490,s_reliability,reliability_train,brightness,2063959800542382168,1.1924852835128938,,,,42,0,0,healthy,0,4.7198687,-2.5016418,-4.577602,2026
26b222c7999039468023,data/plantvillage/raw/color/Apple___healthy/f7b5ebd2-2471-4a99-9944-e25696aa5fa8___RS_HL 6233.JPG,healthy,0,g2490,s_reliability,reliability_train,contrast,5912840315589991832,,0.8539736699788918,,,42,0,0,healthy,0,4.4488783,-2.4368384,-4.354461,2026
2f7853ab39fa4821685f,data/plantvillage/raw/color/Apple___healthy/f7b5ebd2-2471-4a99-9944-e25696aa5fa8___RS_HL 6233.JPG,healthy,0,g2490,s_reliability,reliability_train,gaussian_blur,5573519119509403411,,,1.00902254399286,,42,0,0,healthy,0,2.1424243,-2.9608247,-2.0185354,2026
674f4a34948b656124d5,data/plantvillage/raw/color/Apple___healthy/f7b5ebd2-2471-4a99-9944-e25696aa5fa8___RS_HL 6233.JPG,healthy,0,g2490,s_reliability,reliability_train,gaussian_noise,5350448562760456341,,,,0.01610316395366882,42,0,0,healthy,0,4.5316043,-2.3828003,-4.5335474,2026
76e8804528121f2c63cb,data/plantvillage/raw/color/Apple___healthy/f867a4ff-fe32-4bc4-9fee-9403c5ade149___RS_HL 5752.JPG,healthy,0,g2496,s_reliability,reliability_train,original,,,,,,42,0,0,healthy,0,7.0728836,-1.6052068,-6.990508,2026
ab43e26904c2e928affa,data/plantvillage/raw/color/Apple___healthy/f867a4ff-fe32-4bc4-9fee-9403c5ade149___RS_HL 5752.JPG,healthy,0,g2496,s_reliability,reliability_train,brightness,9143008897961289878,1.2072127780198731,,,,42,0,0,healthy,0,7.522815,-1.8238676,-7.1224413,2026
381bfe31bff2c2c07021,data/plantvillage/raw/color/Apple___healthy/f867a4ff-fe32-4bc4-9fee-9403c5ade149___RS_HL 5752.JPG,healthy,0,g2496,s_reliability,reliability_train,contrast,5455176447635669463,,0.8298298151866623,,,42,0,0,healthy,0,5.6702247,-0.7871798,-6.6448245,2026
24a0b88e7a29d256f63f,data/plantvillage/raw/color/Apple___healthy/f867a4ff-fe32-4bc4-9fee-9403c5ade149___RS_HL 5752.JPG,healthy,0,g2496,s_reliability,reliability_train,gaussian_blur,8001894094008250401,,,0.6313287372008985,,42,0,0,healthy,0,5.876465,-2.1887977,-5.2380943,2026
3f8cac1ea0f8cd258d62,data/plantvillage/raw/color/Apple___healthy/f867a4ff-fe32-4bc4-9fee-9403c5ade149___RS_HL 5752.JPG,healthy,0,g2496,s_reliability,reliability_train,gaussian_noise,8522186780292781365,,,,0.047388256724811624,42,0,0,healthy,0,7.6583295,-1.8214746,-7.2084374,2026
b81756566c995bfd299e,data/plantvillage/raw/color/Apple___healthy/f995325a-1135-4bde-89a6-121b0fde8c6c___RS_HL 5891.JPG,healthy,0,g2505,s_reliability,reliability_train,original,,,,,,42,0,0,healthy,0,4.5408974,-3.1670983,-3.131226,2026
f0caf322df69c14a45e9,data/plantvillage/raw/color/Apple___healthy/f995325a-1135-4bde-89a6-121b0fde8c6c___RS_HL 5891.JPG,healthy,0,g2505,s_reliability,reliability_train,brightness,6869346574417228529,1.0368738183476585,,,,42,0,0,healthy,0,4.5444236,-3.0547297,-3.2081165,2026
912b77cc5a9029152e7a,data/plantvillage/raw/color/Apple___healthy/f995325a-1135-4bde-89a6-121b0fde8c6c___RS_HL 5891.JPG,healthy,0,g2505,s_reliability,reliability_train,contrast,6656211639019693140,,0.8143105419399964,,,42,0,0,healthy,0,4.758903,-3.2464237,-3.2585354,2026
73d652b6f4d8d638a707,data/plantvillage/raw/color/Apple___healthy/f995325a-1135-4bde-89a6-121b0fde8c6c___RS_HL 5891.JPG,healthy,0,g2505,s_reliability,reliability_train,gaussian_blur,7092296445892592735,,,1.322986619444158,,42,0,0,healthy,0,1.4736853,-3.2354968,-0.5186503,2026
b8c9536cb4ef73c73c31,data/plantvillage/raw/color/Apple___healthy/f995325a-1135-4bde-89a6-121b0fde8c6c___RS_HL 5891.JPG,healthy,0,g2505,s_reliability,reliability_train,gaussian_noise,4977405919153055644,,,,0.029070997488886745,42,0,0,healthy,0,4.4760427,-2.9359257,-3.2640738,2026
37b546ae9733e98e9737,data/plantvillage/raw/color/Apple___healthy/fb723b31-aac6-4412-aa97-efcab9cc99a4___RS_HL 8101.JPG,healthy,0,g2514,s_reliability,reliability_val,original,,,,,,42,0,0,healthy,0,5.98007,-2.4703398,-5.7740207,2026
0be2fd30fcfe33f81022,data/plantvillage/raw/color/Apple___healthy/fb723b31-aac6-4412-aa97-efcab9cc99a4___RS_HL 8101.JPG,healthy,0,g2514,s_reliability,reliability_val,brightness,536713051145895983,0.9679341342254071,,,,42,0,0,healthy,0,6.01053,-2.513658,-5.753183,2026
e4c09c8a99bc0af630c3,data/plantvillage/raw/color/Apple___healthy/fb723b31-aac6-4412-aa97-efcab9cc99a4___RS_HL 8101.JPG,healthy,0,g2514,s_reliability,reliability_val,contrast,4246211401210950196,,1.198930036425837,,,42,0,0,healthy,0,5.8805947,-2.1797836,-5.9003057,2026
b67f35cf14e553324c78,data/plantvillage/raw/color/Apple___healthy/fb723b31-aac6-4412-aa97-efcab9cc99a4___RS_HL 8101.JPG,healthy,0,g2514,s_reliability,reliability_val,gaussian_blur,7766005488903383831,,,0.9026216687339459,,42,0,0,healthy,0,4.4399037,-2.5249298,-3.5519624,2026
f7e8db2bf9eb238bb41b,data/plantvillage/raw/color/Apple___healthy/fb723b31-aac6-4412-aa97-efcab9cc99a4___RS_HL 8101.JPG,healthy,0,g2514,s_reliability,reliability_val,gaussian_noise,3342293063549930586,,,,0.01348866729981351,42,0,0,healthy,0,5.9539857,-2.4237115,-5.804407,2026
2bf80fd6ef56b5427da0,data/plantvillage/raw/color/Apple___healthy/fda25357-1076-4707-83e7-d409448a11a8___RS_HL 6221.JPG,healthy,0,g2523,s_reliability,reliability_train,original,,,,,,42,0,0,healthy,0,3.101063,-2.8318913,-3.8907182,2026
9a05a527035f648fc883,data/plantvillage/raw/color/Apple___healthy/fda25357-1076-4707-83e7-d409448a11a8___RS_HL 6221.JPG,healthy,0,g2523,s_reliability,reliability_train,brightness,9200765848649428338,0.9418561754693296,,,,42,0,0,healthy,0,3.119215,-2.7991922,-3.9271262,2026
56049dbb318bcc31c17e,data/plantvillage/raw/color/Apple___healthy/fda25357-1076-4707-83e7-d409448a11a8___RS_HL 6221.JPG,healthy,0,g2523,s_reliability,reliability_train,contrast,578103468573148835,,1.2353042009556323,,,42,0,0,healthy,0,3.4415245,-2.8748012,-4.061999,2026
58588724e8fc5978ae42,data/plantvillage/raw/color/Apple___healthy/fda25357-1076-4707-83e7-d409448a11a8___RS_HL 6221.JPG,healthy,0,g2523,s_reliability,reliability_train,gaussian_blur,2567392647564852991,,,1.3818671641142535,,42,0,0,healthy,0,0.16754472,-2.3884246,-1.4090881,2026
c263e9a9dd54dd3cd8ef,data/plantvillage/raw/color/Apple___healthy/fda25357-1076-4707-83e7-d409448a11a8___RS_HL 6221.JPG,healthy,0,g2523,s_reliability,reliability_train,gaussian_noise,6122316175600551091,,,,0.020653769660684964,42,0,0,healthy,0,3.2715678,-2.4884155,-4.3007646,2026
46a0e6523f8e4ce96e3b,data/plantvillage/raw/color/Apple___healthy/fea00538-32c3-4876-8833-40652becc30c___RS_HL 5761.JPG,healthy,0,g2530,s_reliability,reliability_train,original,,,,,,42,0,0,healthy,0,5.069798,-1.1743029,-6.160396,2026
20f7088d126a64f10279,data/plantvillage/raw/color/Apple___healthy/fea00538-32c3-4876-8833-40652becc30c___RS_HL 5761.JPG,healthy,0,g2530,s_reliability,reliability_train,brightness,6767160455960747245,0.7464821509683723,,,,42,0,0,healthy,0,4.844152,-1.1703182,-5.9932384,2026
a0c172bb55ef9753188a,data/plantvillage/raw/color/Apple___healthy/fea00538-32c3-4876-8833-40652becc30c___RS_HL 5761.JPG,healthy,0,g2530,s_reliability,reliability_train,contrast,4490138560816570135,,1.257797578293228,,,42,0,0,healthy,0,4.845136,-1.1668255,-6.045885,2026
6d6ae32a1487adf0da4f,data/plantvillage/raw/color/Apple___healthy/fea00538-32c3-4876-8833-40652becc30c___RS_HL 5761.JPG,healthy,0,g2530,s_reliability,reliability_train,gaussian_blur,6877305992116323865,,,0.6475893085311231,,42,0,0,healthy,0,4.3743896,-1.9337397,-4.890027,2026
64e379dad716d4adb367,data/plantvillage/raw/color/Apple___healthy/fea00538-32c3-4876-8833-40652becc30c___RS_HL 5761.JPG,healthy,0,g2530,s_reliability,reliability_train,gaussian_noise,8155657922131587209,,,,0.03267752948600909,42,0,0,healthy,0,5.199607,-1.1735033,-6.299181,2026
2f6c75551512a2e79122,data/plantvillage/raw/color/Apple___healthy/feb2c7d8-0cfd-4eb1-86d0-78a893dd8943___RS_HL 7866.JPG,healthy,0,g2532,s_reliability,reliability_train,original,,,,,,42,0,0,healthy,0,3.202002,-2.9242458,-2.6499338,2026
ba1e784aa47f2fb490b0,data/plantvillage/raw/color/Apple___healthy/feb2c7d8-0cfd-4eb1-86d0-78a893dd8943___RS_HL 7866.JPG,healthy,0,g2532,s_reliability,reliability_train,brightness,3605648499600144422,0.9125195476159824,,,,42,0,0,healthy,0,3.1118414,-2.8381822,-2.6731346,2026
21a198066a72bfede767,data/plantvillage/raw/color/Apple___healthy/feb2c7d8-0cfd-4eb1-86d0-78a893dd8943___RS_HL 7866.JPG,healthy,0,g2532,s_reliability,reliability_train,contrast,1026391629416439833,,1.244608984816079,,,42,0,0,healthy,0,3.0693445,-2.5158224,-2.805384,2026
e745da20af62c3b1c444,data/plantvillage/raw/color/Apple___healthy/feb2c7d8-0cfd-4eb1-86d0-78a893dd8943___RS_HL 7866.JPG,healthy,0,g2532,s_reliability,reliability_train,gaussian_blur,6233031138160942446,,,0.8497843792015919,,42,0,0,healthy,0,2.0674446,-3.5623357,-1.43181,2026
d55d323d49bbd3e68bef,data/plantvillage/raw/color/Apple___healthy/feb2c7d8-0cfd-4eb1-86d0-78a893dd8943___RS_HL 7866.JPG,healthy,0,g2532,s_reliability,reliability_train,gaussian_noise,5346822554028665402,,,,0.03415050617465853,42,0,0,healthy,0,3.4703681,-2.7512848,-2.9315472,2026
cbaaec47dbe959c64b72,data/plantvillage/raw/color/Apple___healthy/ff89a869-8eb9-4a0a-9132-dc63e94421bd___RS_HL 7649.JPG,healthy,0,g2536,s_reliability,reliability_val,original,,,,,,42,0,0,healthy,0,3.507987,-2.8212106,-3.8584101,2026
69321030be90f32a3a37,data/plantvillage/raw/color/Apple___healthy/ff89a869-8eb9-4a0a-9132-dc63e94421bd___RS_HL 7649.JPG,healthy,0,g2536,s_reliability,reliability_val,brightness,6510888100655619039,0.8836478293313617,,,,42,0,0,healthy,0,3.5774093,-2.4879239,-4.0151644,2026
6a1f32477eec8e1a0980,data/plantvillage/raw/color/Apple___healthy/ff89a869-8eb9-4a0a-9132-dc63e94421bd___RS_HL 7649.JPG,healthy,0,g2536,s_reliability,reliability_val,contrast,1052450415211902463,,0.8505808027920276,,,42,0,0,healthy,0,3.542428,-2.7307212,-3.8002198,2026
74c4ba00793c1c7eba27,data/plantvillage/raw/color/Apple___healthy/ff89a869-8eb9-4a0a-9132-dc63e94421bd___RS_HL 7649.JPG,healthy,0,g2536,s_reliability,reliability_val,gaussian_blur,1733191470771762205,,,1.2394974851476,,42,0,0,healthy,0,2.1533942,-3.8883119,-1.8936914,2026
5804e7a3abb2b6af3795,data/plantvillage/raw/color/Apple___healthy/ff89a869-8eb9-4a0a-9132-dc63e94421bd___RS_HL 7649.JPG,healthy,0,g2536,s_reliability,reliability_val,gaussian_noise,8147000119447011947,,,,0.027752484908512537,42,0,0,healthy,0,2.993487,-2.3916414,-3.9163947,2026
