view_id,path,label,label_index,group_id,source_subset,reliability_split,view_type,rng_seed,brightness_factor,contrast_factor,blur_sigma,noise_sigma,view_generation_seed,true_label_index,predicted_label_index,predicted_label,failure_label,logit_healthy,logit_scab,logit_rust,classifier_seed
e82b4041f92bfbfe02a1,data/plantvillage/raw/color/Apple___Apple_scab/0208f4eb-45a4-4399-904e-989ac2c6257c___FREC_Scab 3037.JPG,scab,1,g0004,s_reliability,reliability_val,original,,,,,,42,1,1,scab,0,-2.4210043,2.0868537,-2.676739,42
abfce3452742e0bb553b,data/plantvillage/raw/color/Apple___Apple_scab/0208f4eb-45a4-4399-904e-989ac2c6257c___FREC_Scab 3037.JPG,scab,1,g0004,s_reliability,reliability_val,brightness,6908283064447679441,1.1793504680948104,,,,42,1,1,scab,0,-2.551938,1.9500159,-2.377645,42
b76843c2b1937bc45f5e,data/plantvillage/raw/color/Apple___Apple_scab/0208f4eb-45a4-4399-904e-989ac2c6257c___FREC_Scab 3037.JPG,scab,1,g0004,s_reliability,reliability_val,contrast,8410289356758025790,,0.7298645923472723,,,42,1,1,scab,0,-2.241197,2.075064,-2.8608847,42
5326fab19e655d4e1d1e,data/plantvillage/raw/color/Apple___Apple_scab/0208f4eb-45a4-4399-904e-989ac2c6257c___FREC_Scab 3037.JPG,scab,1,g0004,s_reliability,reliability_val,gaussian_blur,8798574810571978739,,,0.5273824071866586,,42,1,1,scab,0,-3.1357028,2.547545,-2.168499,42
920a14a6cd63e312714d,data/plantvillage/raw/color/Apple___Apple_scab/0208f4eb-45a4-4399-904e-989ac2c6257c___FREC_Scab 3037.JPG,scab,1,g0004,s_reliability,reliability_val,gaussian_noise,5484456605493108175,,,,0.04176175505975032,42,1,1,scab,0,-2.454952,2.1716373,-2.7877333,42
f9059ee858e4e6091117,data/plantvillage/raw/color/Apple___Apple_scab/0a6812de-7416-4ffe-aba9-307599a02c84___FREC_Scab 2973.JPG,scab,1,g0027,s_reliability,reliability_train,original,,,,,,42,1,1,scab,0,-1.6757658,3.0805192,-4.185545,42
8921dbd25ce2cd887770,data/plantvillage/raw/color/Apple___Apple_scab/0a6812de-7416-4ffe-aba9-307599a02c84___FREC_Scab 2973.JPG,scab,1,g0027,s_reliability,reliability_train,brightness,1546519058571228282,0.8458247584252849,,,,42,1,1,scab,0,-1.7683903,3.1037073,-4.2216682,42
dd1936cc31b7c01a5580,data/plantvillage/raw/color/Apple___Apple_scab/0a6812de-7416-4ffe-aba9-307599a02c84___FREC_Scab 2973.JPG,scab,1,g0027,s_reliability,reliability_train,contrast,6940329539270945462,,0.7037644931654706,,,42,1,1,scab,0,-1.472878,3.0390065,-4.326126,42
22c5793a96f848738e97,data/plantvillage/raw/color/Apple___Apple_scab/0a6812de-7416-4ffe-aba9-307599a02c84___FREC_Scab 2973.JPG,scab,1,g0027,s_reliability,reliability_train,gaussian_blur,1020127645595330592,,,1.3326727186366814,,42,1,1,scab,0,-2.946525,2.77871,-2.0631495,42
c870114afe69fb44fcee,data/plantvillage/raw/color/Apple___Apple_scab/0a6812de-7416-4ffe-aba9-307599a02c84___FREC_Scab 2973.JPG,scab,1,g0027,s_reliability,reliability_train,gaussian_noise,785015087459478231,,,,0.011129077692304415,42,1,1,scab,0,-1.6831576,3.1150312,-4.2089076,42
69e547e67256d2ac12c7,data/plantvillage/raw/color/Apple___Apple_scab/0c620ec5-11cf-4120-94ab-1311e99df147___FREC_Scab 3131.JPG,scab,1,g0032,s_reliability,reliability_train,original,,,,,,42,1,1,scab,0,-4.8035088,2.724419,-1.5609522,42
c6914b2c500df94dfa31,data/plantvillage/raw/color/Apple___Apple_scab/0c620ec5-11cf-4120-94ab-1311e99df147___FREC_Scab 3131.JPG,scab,1,g0032,s_reliability,reliability_train,brightness,4636249828621321541,1.063803023087749,,,,42,1,1,scab,0,-4.821737,2.6854858,-1.5565398,42
f79da236da0d5f4ff5ea,data/plantvillage/raw/color/Apple___Apple_scab/0c620ec5-11cf-4120-94ab-1311e99df147___FREC_Scab 3131.JPG,scab,1,g0032,s_reliability,reliability_train,contrast,3028538600489368977,,1.0058846883829369,,,42,1,1,scab,0,-4.8140364,2.7272034,-1.5530506,42
9d850dee2d17a8528139,data/plantvillage/raw/color/Apple___Apple_scab/0c620ec5-11cf-4120-94ab-1311e99df147___FREC_Scab 3131.JPG,scab,1,g0032,s_reliability,reliability_train,gaussian_blur,2609906190578003273,,,1.026796718311274,,42,1,1,scab,0,-4.806015,1.7265421,-0.1843997,42
794275008f1e10458387,data/plantvillage/raw/color/Apple___Apple_scab/0c620ec5-11cf-4120-94ab-1311e99df147___FREC_Scab 3131.JPG,scab,1,g0032,s_reliability,reliability_train,gaussian_noise,1679844197850481810,,,,0.04644688780590372,42,1,1,scab,0,-4.975253,3.2635913,-2.0657303,42
d2f1c0d577a3e269716e,data/plantvillage/raw/color/Apple___Apple_scab/11c50257-617e-4a6a-a996-2b195af9ada4___FREC_Scab 3462.JPG,scab,1,g0041,s_reliability,reliability_train,original,,,,,,42,1,1,scab,0,-2.2761724,1.7372996,-2.218518,42
c242e1bc2387877c94b5,data/plantvillage/raw/color/Apple___Apple_scab/11c50257-617e-4a6a-a996-2b195af9ada4___FREC_Scab 3462.JPG,scab,1,g0041,s_reliability,reliability_train,brightness,4337691008349765406,0.9337323553230035,,,,42,1,1,scab,0,-2.1742482,1.7543325,-2.2557077,42
6a2031e032eb2924a8f5,data/plantvillage/raw/color/Apple___Apple_scab/11c50257-617e-4a6a-a996-2b195af9ada4___FREC_Scab 3462.JPG,scab,1,g0041,s_reliability,reliability_train,contrast,1026325778513535019,,1.2708887683558796,,,42,1,1,scab,0,-2.580298,1.9362674,-2.1934657,42
5f58877bd10599d6c90e,data/plantvillage/raw/color/Apple___Apple_scab/11c50257-617e-4a6a-a996-2b195af9ada4___FREC_Scab 3462.JPG,scab,1,g0041,s_reliability,reliability_train,gaussian_blur,7499307002881687508,,,0.9737598974317369,,42,1,1,scab,0,-2.3479872,1.3627431,-0.7912633,42
5ca9df65303567ab7eb6,data/plantvillage/raw/color/Apple___Apple_scab/11c50257-617e-4a6a-a996-2b195af9ada4___FREC_Scab 3462.JPG,scab,1,g0041,s_reliability,reliability_train,gaussian_noise,2090071120305378090,,,,0.044648636149432645,42,1,1,scab,0,-2.3726084,2.345025,-2.8630095,42
0d0da9015ef5acf49879,data/plantvillage/raw/color/Apple___Apple_scab/13b16e68-c82c-4de8-ab34-877ff352e821___FREC_Scab 3180.JPG,scab,1,g0046,s_reliability,reliability_train,original,,,,,,42,1,1,scab,0,-3.4798057,3.5973196,-2.45544,42
a35c13ec378b2246e2a3,data/plantvillage/raw/color/Apple___Apple_scab/13b16e68-c82c-4de8-ab34-877ff352e821___FREC_Scab 3180.JPG,scab,1,g0046,s_reliability,reliability_train,brightness,2889455949951384779,0.7239281011146501,,,,42,1,1,scab,0,-3.16776,3.5238109,-2.679813,42
de8c89b1ac312a08d431,data/plantvillage/raw/color/Apple___Apple_scab/13b16e68-c82c-4de8-ab34-877ff352e821___FREC_Scab 3180.JPG,scab,1,g0046,s_reliability,reliability_train,contrast,7805922818096897774,,0.7886797183546324,,,42,1,1,scab,0,-3.5141878,3.6472878,-2.5490012,42
e622f0479557d5c5cf24,data/plantvillage/raw/color/Apple___Apple_scab/13b16e68-c82c-4de8-ab34-877ff352e821___FREC_Scab 3180.JPG,scab,1,g0046,s_reliability,reliability_train,gaussian_blur,6326229994460951550,,,0.514441604579071,,42,1,1,scab,0,-3.148384,3.3346908,-2.247619,42
1be76e09fbd383c4adf5,data/plantvillage/raw/color/Apple___Apple_scab/13b16e68-c82c-4de8-ab34-877ff352e821___FREC_Scab 3180.JPG,scab,1,g0046,s_reliability,reliability_train,gaussian_noise,3712111741161372378,,,,0.030230027126562968,42,1,1,scab,0,-3.4508157,3.9153688,-2.7638462,42
dcaf24090d2563d809f7,data/plantvillage/raw/color/Apple___Apple_scab/13f31401-f65a-4025-823a-4f2738e8bff9___FREC_Scab 3062.JPG,scab,1,g0047,s_reliability,reliability_train,original,,,,,,42,1,1,scab,0,-5.181789,3.9028637,-2.492511,42
cc247e36070c54820d4d,data/plantvillage/raw/color/Apple___Apple_scab/13f31401-f65a-4025-823a-4f2738e8bff9___FREC_Scab 3062.JPG,scab,1,g0047,s_reliability,reliability_train,brightness,7358291823705865844,1.084200882518326,,,,42,1,1,scab,0,-5.186378,3.8746712,-2.478467,42
f842e0c3b26983b3bffb,data/plantvillage/raw/color/Apple___Apple_scab/13f31401-f65a-4025-823a-4f2738e8bff9___FREC_Scab 3062.JPG,scab,1,g0047,s_reliability,reliability_train,contrast,1591787230686262185,,1.1833285560172486,,,42,1,1,scab,0,-5.2736726,4.0132046,-2.5846896,42
59a8ef6621f2d88093ce,data/plantvillage/raw/color/Apple___Apple_scab/13f31401-f65a-4025-823a-4f2738e8bff9___FREC_Scab 3062.JPG,scab,1,g0047,s_reliability,reliability_train,gaussian_blur,1723296798680775001,,,1.1661711539161113,,42,1,1,scab,0,-5.429523,2.9828503,-0.12590173,42
b292dd311910c34a69fe,data/plantvillage/raw/color/Apple___Apple_scab/13f31401-f65a-4025-823a-4f2738e8bff9___FREC_Scab 3062.JPG,scab,1,g0047,s_reliability,reliability_train,gaussian_noise,1654667627967588305,,,,0.035116231302800664,42,1,1,scab,0,-5.3396697,4.1431084,-2.7222729,42
bdc56fe80baf94dca7df,data/plantvillage/raw/color/Apple___Apple_scab/14c623e5-051c-42f6-9e4f-f7a93e6a723c___FREC_Scab 2965.JPG,scab,1,g0048,s_reliability,reliability_train,original,,,,,,42,1,1,scab,0,-0.9452359,1.5547448,-2.612444,42
5053fd255dfb5facd150,data/plantvillage/raw/color/Apple___Apple_scab/14c623e5-051c-42f6-9e4f-f7a93e6a723c___FREC_Scab 2965.JPG,scab,1,g0048,s_reliability,reliability_train,brightness,4630239206170767505,1.0456795991578818,,,,42,1,1,scab,0,-0.88381153,1.5896863,-2.6692524,42
7e887a5090813efafe5f,data/plantvillage/raw/color/Apple___Apple_scab/14c623e5-051c-42f6-9e4f-f7a93e6a723c___FREC_Scab 2965.JPG,scab,1,g0048,s_reliability,reliability_train,contrast,558485502299158454,,0.8748534900168363,,,42,1,1,scab,0,-0.7327846,1.273339,-2.7341478,42
37d1d8725ba0ed16856b,data/plantvillage/raw/color/Apple___Apple_scab/14c623e5-051c-42f6-9e4f-f7a93e6a723c___FREC_Scab 2965.JPG,scab,1,g0048,s_reliability,reliability_train,gaussian_blur,4120232308516210713,,,1.4408259752642092,,42,1,1,scab,0,-1.8632648,1.1051483,-1.0690347,42
463bced239a1243f8753,data/plantvillage/raw/color/Apple___Apple_scab/14c623e5-051c-42f6-9e4f-f7a93e6a723c___FREC_Scab 2965.JPG,scab,1,g0048,s_reliability,reliability_train,gaussian_noise,97628746860751840,,,,0.02632746345961373,42,1,1,scab,0,-1.5397755,2.018119,-2.582196,42
a8477905ecc5b7997a54,data/plantvillage/raw/color/Apple___Apple_scab/1c10ab31-02b9-4008-b66f-9b44d8a9d323___FREC_Scab 3084.JPG,scab,1,g0066,s_reliability,reliability_train,original,,,,,,42,1,1,scab,0,-4.226442,4.128648,-3.370678,42
8c9ccd5d3f37c27af8d9,data/plantvillage/raw/color/Apple___Apple_scab/1c10ab31-02b9-4008-b66f-9b44d8a9d323___FREC_Scab 3084.JPG,scab,1,g0066,s_reliability,reliability_train,brightness,5362457650330536426,1.1590748504923176,,,,42,1,1,scab,0,-4.248625,4.0831065,-3.1486814,42
0c16c89652ef6d3dc210,data/plantvillage/raw/color/Apple___Apple_scab/1c10ab31-02b9-4008-b66f-9b44d8a9d323___FREC_Scab 3084.JPG,scab,1,g0066,s_reliability,reliability_train,contrast,5830518780481244835,,1.299131641022409,,,42,1,1,scab,0,-4.046766,3.9803705,-3.3734925,42
e00f89a56180cce4314b,data/plantvillage/raw/color/Apple___Apple_scab/1c10ab31-02b9-4008-b66f-9b44d8a9d323___FREC_Scab 3084.JPG,scab,1,g0066,s_reliability,reliability_train,gaussian_blur,4211037320917365824,,,1.2283123573004415,,42,1,1,scab,0,-5.976676,3.4207625,-0.107590064,42
ed4e390695e19ea98447,data/plantvillage/raw/color/Apple___Apple_scab/1c10ab31-02b9-4008-b66f-9b44d8a9d323___FREC_Scab 3084.JPG,scab,1,g0066,s_reliability,reliability_train,gaussian_noise,28536753764983469,,,,0.013178008521353916,42,1,1,scab,0,-4.139689,4.109755,-3.4075983,42
50ce16c81915daaaf031,data/plantvillage/raw/color/Apple___Apple_scab/22c12d6a-3c17-45be-b53b-f17f1b3f5168___FREC_Scab 3206.JPG,scab,1,g0078,s_reliability,reliability_train,original,,,,,,42,1,1,scab,0,-3.559467,2.3169768,-1.4885921,42
19d9eb22c9ff1d48c3b7,data/plantvillage/raw/color/Apple___Apple_scab/22c12d6a-3c17-45be-b53b-f17f1b3f5168___FREC_Scab 3206.JPG,scab,1,g0078,s_reliability,reliability_train,brightness,1532948304423066913,0.9266184255347644,,,,42,1,1,scab,0,-3.3736808,2.2711396,-1.5756911,42
907ff8edeb717a742927,data/plantvillage/raw/color/Apple___Apple_scab/22c12d6a-3c17-45be-b53b-f17f1b3f5168___FREC_Scab 3206.JPG,scab,1,g0078,s_reliability,reliability_train,contrast,8807283158502326612,,0.7775325341695403,,,42,1,1,scab,0,-3.0573347,2.1602697,-1.7583259,42
edef5bfeca7c8475b94d,data/plantvillage/raw/color/Apple___Apple_scab/22c12d6a-3c17-45be-b53b-f17f1b3f5168___FREC_Scab 3206.JPG,scab,1,g0078,s_reliability,reliability_train,gaussian_blur,2967634764438202649,,,1.1429961335381194,,42,1,1,scab,0,-5.247884,2.8617935,-0.35932222,42
d99af2788bb372e0c3e7,data/plantvillage/raw/color/Apple___Apple_scab/22c12d6a-3c17-45be-b53b-f17f1b3f5168___FREC_Scab 3206.JPG,scab,1,g0078,s_reliability,reliability_train,gaussian_noise,5342899670048696378,,,,0.03783757950481225,42,1,1,scab,0,-3.5623915,3.0475488,-2.5718222,42
ff1ffe39400ab6c320bf,data/plantvillage/raw/color/Apple___Apple_scab/2a59761b-c91c-451c-8e13-d9dc3aff8d29___FREC_Scab 3503.JPG,scab,1,g0095,s_reliability,reliability_train,original,,,,,,42,1,1,scab,0,-2.7082288,1.4596146,-2.4671223,42
67988355bc8f36a0a14c,data/plantvillage/raw/color/Apple___Apple_scab/2a59761b-c91c-451c-8e13-d9dc3aff8d29___FREC_Scab 3503.JPG,scab,1,g0095,s_reliability,reliability_train,brightness,334249880778525987,1.1650466732545126,,,,42,1,1,scab,0,-2.9488933,1.6452582,-2.4875896,42
af1150b723761740f3b9,data/plantvillage/raw/color/Apple___Apple_scab/2a59761b-c91c-451c-8e13-d9dc3aff8d29___FREC_Scab 3503.JPG,scab,1,g0095,s_reliability,reliability_train,contrast,3764091203282728150,,0.9140957096024234,,,42,1,1,scab,0,-2.325601,1.2524995,-2.603381,42
c719cdd58ba4207506f4,data/plantvillage/raw/color/Apple___Apple_scab/2a59761b-c91c-451c-8e13-d9dc3aff8d29___FREC_Scab 3503.JPG,scab,1,g0095,s_reliability,reliability_train,gaussian_blur,4857585104024347912,,,1.1785910772923014,,42,1,1,scab,0,-2.9018767,1.8407339,-1.8146502,42
e769ff91a4100daf233f,data/plantvillage/raw/color/Apple___Apple_scab/2a59761b-c91c-451c-8e13-d9dc3aff8d29___FREC_Scab 3503.JPG,scab,1,g0095,s_reliability,reliability_train,gaussian_noise,1015248292984051624,,,,0.037704442615503035,42,1,1,scab,0,-2.6181,1.6076912,-2.7206724,42
cc37b6432318c9fe1e73,data/plantvillage/raw/color/Apple___Apple_scab/2c89ceaf-748c-4371-80d0-d01855f04a92___FREC_Scab 2962.JPG,scab,1,g0104,s_reliability,reliability_train,original,,,,,,42,1,1,scab,0,0.6074916,0.63903844,-4.5100183,42
31565c2faab98cddec96,data/plantvillage/raw/color/Apple___Apple_scab/2c89ceaf-748c-4371-80d0-d01855f04a92___FREC_Scab 2962.JPG,scab,1,g0104,s_reliability,reliability_train,brightness,2380743215482402535,1.2842809045978678,,,,42,1,0,healthy,1,0.96908015,0.5659867,-4.511742,42
867ea1eb75301ca1138c,data/plantvillage/raw/color/Apple___Apple_scab/2c89ceaf-748c-4371-80d0-d01855f04a92___FREC_Scab 2962.JPG,scab,1,g0104,s_reliability,reliability_train,contrast,5746543959768202582,,0.7538942004370455,,,42,1,0,healthy,1,0.6767363,0.41001254,-4.4734035,42
8d10f04bcd6081c340e1,data/plantvillage/raw/color/Apple___Apple_scab/2c89ceaf-748c-4371-80d0-d01855f04a92___FREC_Scab 2962.JPG,scab,1,g0104,s_reliability,reliability_train,gaussian_blur,4325223113134821138,,,0.8923431290727797,,42,1,1,scab,0,-0.81672055,1.1643509,-2.7453432,42
e8b1f40fb08638f21813,data/plantvillage/raw/color/Apple___Apple_scab/2c89ceaf-748c-4371-80d0-d01855f04a92___FREC_Scab 2962.JPG,scab,1,g0104,s_reliability,reliability_train,gaussian_noise,3458518636454498617,,,,0.03342573911381611,42,1,1,scab,0,0.5000098,0.9749948,-4.6201744,42
6caa009e36dc2a6c45db,data/plantvillage/raw/color/Apple___Apple_scab/2d5265d2-be99-4e9f-a085-d309cc01b751___FREC_Scab 3023.JPG,scab,1,g0107,s_reliability,reliability_train,original,,,,,,42,1,1,scab,0,-5.9200153,2.4488397,-1.3277562,42
fd0e60044843e571e3d7,data/plantvillage/raw/color/Apple___Apple_scab/2d5265d2-be99-4e9f-a085-d309cc01b751___FREC_Scab 3023.JPG,scab,1,g0107,s_reliability,reliability_train,brightness,1292272933011370827,1.0392779112425976,,,,42,1,1,scab,0,-5.9209027,2.3994875,-1.3090235,42
c510cd79c825de618501,data/plantvillage/raw/color/Apple___Apple_scab/2d5265d2-be99-4e9f-a085-d309cc01b751___FREC_Scab 3023.JPG,scab,1,g0107,s_reliability,reliability_train,contrast,2080540844017620776,,0.9505350387255889,,,42,1,1,scab,0,-5.819501,2.418368,-1.3785611,42
d45d718a24ccd6dc9b75,data/plantvillage/raw/color/Apple___Apple_scab/2d5265d2-be99-4e9f-a085-d309cc01b751___FREC_Scab 3023.JPG,scab,1,g0107,s_reliability,reliability_train,gaussian_blur,1887573512787708833,,,1.4884629163179852,,42,1,1,scab,0,-6.619344,2.1872828,1.135694,42
4327557b4ae544f989c7,data/plantvillage/raw/color/Apple___Apple_scab/2d5265d2-be99-4e9f-a085-d309cc01b751___FREC_Scab 3023.JPG,scab,1,g0107,s_reliability,reliability_train,gaussian_noise,6649852218771166952,,,,0.04818771161719534,42,1,1,scab,0,-5.3395133,2.6319666,-2.0300205,42
5a9eb6cacc6c527dbbaf,data/plantvillage/raw/color/Apple___Apple_scab/32550bbb-cdf1-4805-8167-27dc5a8e87d2___FREC_Scab 3195.JPG,scab,1,g0116,s_reliability,reliability_train,original,,,,,,42,1,1,scab,0,-6.0030446,3.803223,-1.7625104,42
e89be2711d10dbc1ffbe,data/plantvillage/raw/color/Apple___Apple_scab/32550bbb-cdf1-4805-8167-27dc5a8e87d2___FREC_Scab 3195.JPG,scab,1,g0116,s_reliability,reliability_train,brightness,834484230669674804,0.9888120098545399,,,,42,1,1,scab,0,-5.897481,3.7497225,-1.8120049,42
4283158453e4faf606e1,data/plantvillage/raw/color/Apple___Apple_scab/32550bbb-cdf1-4805-8167-27dc5a8e87d2___FREC_Scab 3195.JPG,scab,1,g0116,s_reliability,reliability_train,contrast,6989015332546850308,,1.1944661829437098,,,42,1,1,scab,0,-6.0247493,3.5908,-1.4640301,42
f7c870096dcf2b7c3968,data/plantvillage/raw/color/Apple___Apple_scab/32550bbb-cdf1-4805-8167-27dc5a8e87d2___FREC_Scab 3195.JPG,scab,1,g0116,s_reliability,reliability_train,gaussian_blur,1391596825486268387,,,1.0233515886035562,,42,1,1,scab,0,-6.7511454,3.3610256,0.029589884,42
d32115182513ae07e2b0,data/plantvillage/raw/color/Apple___Apple_scab/32550bbb-cdf1-4805-8167-27dc5a8e87d2___FREC_Scab 3195.JPG,scab,1,g0116,s_reliability,reliability_train,gaussian_noise,2419407410775920704,,,,0.03661826821401487,42,1,1,scab,0,-7.319884,5.1081085,-2.1750956,42
1437c629c37dce810afc,data/plantvillage/raw/color/Apple___Apple_scab/35fde58e-46ea-4d1b-9580-ead7a2d0cb3b___FREC_Scab 2952.JPG,scab,1,g0124,s_reliability,reliability_val,original,,,,,,42,1,1,scab,0,-3.8521838,2.7279434,-2.8094537,42
8eefd0045ee3b442631d,data/plantvillage/raw/color/Apple___Apple_scab/35fde58e-46ea-4d1b-9580-ead7a2d0cb3b___FREC_Scab 2952.JPG,scab,1,g0124,s_reliability,reliability_val,brightness,7891311271981007174,0.8977757691779741,,,,42,1,1,scab,0,-3.782006,2.8044028,-2.901968,42
1a0c1c5ac1cecb7b315d,data/plantvillage/raw/color/Apple___Apple_scab/35fde58e-46ea-4d1b-9580-ead7a2d0cb3b___FREC_Scab 2952.JPG,scab,1,g0124,s_reliability,reliability_val,contrast,2038160191488990176,,0.962403136653728,,,42,1,1,scab,0,-3.842773,2.747857,-2.8264322,42
6f9a8ea0eb2e7fb87645,data/plantvillage/raw/color/Apple___Apple_scab/35fde58e-46ea-4d1b-9580-ead7a2d0cb3b___FREC_Scab 2952.JPG,scab,1,g0124,s_reliability,reliability_val,gaussian_blur,3740807739607262657,,,1.299982330795682,,42,1,1,scab,0,-6.5827236,3.5830328,-0.3807959,42
0d37b88dc038a60370d2,data/plantvillage/raw/color/Apple___Apple_scab/35fde58e-46ea-4d1b-9580-ead7a2d0cb3b___FREC_Scab 2952.JPG,scab,1,g0124,s_reliability,reliability_val,gaussian_noise,260352746599100520,,,,0.025767104879528553,42,1,1,scab,0,-3.8372724,2.7202044,-2.8274827,42
84f81d7b6a39612a3d71,data/plantvillage/raw/color/Apple___Apple_scab/38e76f0a-63cb-460a-b0fa-f20e561dc2c0___FREC_Scab 3481.JPG,scab,1,g0130,s_reliability,reliability_train,original,,,,,,42,1,1,scab,0,-2.2238944,3.0106823,-2.5802944,42
a1dcb0ec1c58ffdb65ad,data/plantvillage/raw/color/Apple___Apple_scab/38e76f0a-63cb-460a-b0fa-f20e561dc2c0___FREC_Scab 3481.JPG,scab,1,g0130,s_reliability,reliability_train,brightness,7512758001603947922,1.2801800551117726,,,,42,1,1,scab,0,-2.7961538,3.2513716,-2.4241292,42
61344534660b2cd7b68f,data/plantvillage/raw/color/Apple___Apple_scab/38e76f0a-63cb-460a-b0fa-f20e561dc2c0___FREC_Scab 3481.JPG,scab,1,g0130,s_reliability,reliability_train,contrast,763661346657682044,,0.722231863223545,,,42,1,1,scab,0,-3.4753757,3.790953,-2.62441,42
f0d2ef4e19b60669c081,data/plantvillage/raw/color/Apple___Apple_scab/38e76f0a-63cb-460a-b0fa-f20e561dc2c0___FREC_Scab 3481.JPG,scab,1,g0130,s_reliability,reliability_train,gaussian_blur,4459098398558184123,,,0.5784896178546483,,42,1,1,scab,0,-2.1986225,2.8771043,-2.5243833,42
10fe8d3d14bcd7ee1d32,data/plantvillage/raw/color/Apple___Apple_scab/38e76f0a-63cb-460a-b0fa-f20e561dc2c0___FREC_Scab 3481.JPG,scab,1,g0130,s_reliability,reliability_train,gaussian_noise,2958419017905131303,,,,0.026433856015311,42,1,1,scab,0,-2.6082664,3.636026,-3.0598934,42
ff3594824f991434c7fb,data/plantvillage/raw/color/Apple___Apple_scab/3eb26abb-a392-4cc4-9be2-d5e4bb8f3660___FREC_Scab 2969.JPG,scab,1,g0136,s_reliability,reliability_train,original,,,,,,42,1,1,scab,0,-2.9846432,1.4879565,-2.7644424,42
979fc325d61333f90aca,data/plantvillage/raw/color/Apple___Apple_scab/3eb26abb-a392-4cc4-9be2-d5e4bb8f3660___FREC_Scab 2969.JPG,scab,1,g0136,s_reliability,reliability_train,brightness,8274773322054157933,1.0496119177272254,,,,42,1,1,scab,0,-2.9655166,1.401112,-2.7033792,42
dbc2675c6d26468242ac,data/plantvillage/raw/color/Apple___Apple_scab/3eb26abb-a392-4cc4-9be2-d5e4bb8f3660___FREC_Scab 2969.JPG,scab,1,g0136,s_reliability,reliability_train,contrast,475687732965154264,,1.0171611273741048,,,42,1,1,scab,0,-2.9985745,1.4970478,-2.764435,42
a2346bdcc808013143bd,data/plantvillage/raw/color/Apple___Apple_scab/3eb26abb-a392-4cc4-9be2-d5e4bb8f3660___FREC_Scab 2969.JPG,scab,1,g0136,s_reliability,reliability_train,gaussian_blur,7873626123940474812,,,0.9402903895749222,,42,1,1,scab,0,-3.720298,1.968565,-1.3887576,42
4c8dfcfb31876e1a8af0,data/plantvillage/raw/color/Apple___Apple_scab/3eb26abb-a392-4cc4-9be2-d5e4bb8f3660___FREC_Scab 2969.JPG,scab,1,g0136,s_reliability,reliability_train,gaussian_noise,770903754631161342,,,,0.02296303816701244,42,1,1,scab,0,-2.9080272,1.5031022,-2.8849576,42
3fc9319f9494c545e43b,data/plantvillage/raw/color/Apple___Apple_scab/40a5e87c-ee32-4d67-9b28-926e94638a1d___FREC_Scab 3251.JPG,scab,1,g0139,s_reliability,reliability_train,original,,,,,,42,1,1,scab,0,-3.044453,4.792809,-4.816456,42
391f4914ca5f720802b3,data/plantvillage/raw/color/Apple___Apple_scab/40a5e87c-ee32-4d67-9b28-926e94638a1d___FREC_Scab 3251.JPG,scab,1,g0139,s_reliability,reliability_train,brightness,2313804737758193891,0.904032863479238,,,,42,1,1,scab,0,-2.8492787,4.7863755,-4.958399,42
6f183d4b024d3ad184cd,data/plantvillage/raw/color/Apple___Apple_scab/40a5e87c-ee32-4d67-9b28-926e94638a1d___FREC_Scab 3251.JPG,scab,1,g0139,s_reliability,reliability_train,contrast,6528026773636805772,,0.9707928622298405,,,42,1,1,scab,0,-3.001693,4.797126,-4.8490615,42
4010d573f3476eb35628,data/plantvillage/raw/color/Apple___Apple_scab/40a5e87c-ee32-4d67-9b28-926e94638a1d___FREC_Scab 3251.JPG,scab,1,g0139,s_reliability,reliability_train,gaussian_blur,6434693982202084120,,,0.824486826590018,,42,1,1,scab,0,-3.1804752,4.14489,-3.1084645,42
3b32a9edca58fe16e57d,data/plantvillage/raw/color/Apple___Apple_scab/40a5e87c-ee32-4d67-9b28-926e94638a1d___FREC_Scab 3251.JPG,scab,1,g0139,s_reliability,reliability_train,gaussian_noise,4788557864535603375,,,,0.011461613401433013,42,1,1,scab,0,-3.0843549,4.8436136,-4.871895,42
51293376f25d3ba03b8e,data/plantvillage/raw/color/Apple___Apple_scab/43712608-0fa2-4be2-91a0-242aca469cb4___FREC_Scab 2985.JPG,scab,1,g0147,s_reliability,reliability_train,original,,,,,,42,1,1,scab,0,-4.8735037,3.333747,-1.720433,42
b40ca0463809aabdf5d3,data/plantvillage/raw/color/Apple___Apple_scab/43712608-0fa2-4be2-91a0-242aca469cb4___FREC_Scab 2985.JPG,scab,1,g0147,s_reliability,reliability_train,brightness,5625260010864859443,0.9879465759912205,,,,42,1,1,scab,0,-4.850367,3.3459907,-1.7437919,42
f6696350b1bc1bbe36d0,data/plantvillage/raw/color/Apple___Apple_scab/43712608-0fa2-4be2-91a0-242aca469cb4___FREC_Scab 2985.JPG,scab,1,g0147,s_reliability,reliability_train,contrast,222514903498793283,,0.961289768182689,,,42,1,1,scab,0,-4.857973,3.355198,-1.7501074,42
5f459a12bcbf627ea270,data/plantvillage/raw/color/Apple___Apple_scab/43712608-0fa2-4be2-91a0-242aca469cb4___FREC_Scab 2985.JPG,scab,1,g0147,s_reliability,reliability_train,gaussian_blur,7266482723580271566,,,0.5111016984097757,,42,1,1,scab,0,-6.116583,3.811225,-0.9403816,42
0c9a08800086f2dc4758,data/plantvillage/raw/color/Apple___Apple_scab/43712608-0fa2-4be2-91a0-242aca469cb4___FREC_Scab 2985.JPG,scab,1,g0147,s_reliability,reliability_train,gaussian_noise,1571319341414325066,,,,0.024629639630271004,42,1,1,scab,0,-4.6939545,3.3505437,-1.8455753,42
adc2b97afabfa05e913a,data/plantvillage/raw/color/Apple___Apple_scab/45512c84-e453-459c-b12f-1d08ce44001b___FREC_Scab 3072.JPG,scab,1,g0159,s_reliability,reliability_train,original,,,,,,42,1,0,healthy,1,2.224555,-0.4815408,-5.0113864,42
d4e9f995e28bdcdcc413,data/plantvillage/raw/color/Apple___Apple_scab/45512c84-e453-459c-b12f-1d08ce44001b___FREC_Scab 3072.JPG,scab,1,g0159,s_reliability,reliability_train,brightness,5653991356129424365,0.7319671295436548,,,,42,1,0,healthy,1,2.1940193,-0.2517687,-4.9561033,42
8c892005797adf669c33,data/plantvillage/raw/color/Apple___Apple_scab/45512c84-e453-459c-b12f-1d08ce44001b___FREC_Scab 3072.JPG,scab,1,g0159,s_reliability,reliability_train,contrast,1087245000167908400,,0.9986030841023361,,,42,1,0,healthy,1,2.2007096,-0.46968734,-5.0028067,42
05be2960c749dced457e,data/plantvillage/raw/color/Apple___Apple_scab/45512c84-e453-459c-b12f-1d08ce44001b___FREC_Scab 3072.JPG,scab,1,g0159,s_reliability,reliability_train,gaussian_blur,6476666595109492564,,,0.6421706992783448,,42,1,0,healthy,1,0.9428505,-0.47231662,-3.1532216,42
e3eb17d35a4fbf98d240,data/plantvillage/raw/color/Apple___Apple_scab/45512c84-e453-459c-b12f-1d08ce44001b___FREC_Scab 3072.JPG,scab,1,g0159,s_reliability,reliability_train,gaussian_noise,6180699814669754536,,,,0.047463218943106456,42,1,0,healthy,1,2.3347569,-0.49975538,-5.0443907,42
9c3d48d1b7a3addcd4c1,data/plantvillage/raw/color/Apple___Apple_scab/48dcb319-8b65-4bac-bba4-aa8ffa8abdd0___FREC_Scab 3519.JPG,scab,1,g0171,s_reliability,reliability_train,original,,,,,,42,1,1,scab,0,-1.1671041,2.3336794,-5.263242,42
a6a7bca35844a7b96077,data/plantvillage/raw/color/Apple___Apple_scab/48dcb319-8b65-4bac-bba4-aa8ffa8abdd0___FREC_Scab 3519.JPG,scab,1,g0171,s_reliability,reliability_train,brightness,315850699881969443,1.1323126322803667,,,,42,1,1,scab,0,-1.1785458,2.3448348,-5.204989,42
0fc6926d7147ae63e2e9,data/plantvillage/raw/color/Apple___Apple_scab/48dcb319-8b65-4bac-bba4-aa8ffa8abdd0___FREC_Scab 3519.JPG,scab,1,g0171,s_reliability,reliability_train,contrast,6407292228298737614,,1.057826123312905,,,42,1,1,scab,0,-1.1417327,2.4037337,-5.3497176,42
c7f02191c581ffd8f1c2,data/plantvillage/raw/color/Apple___Apple_scab/48dcb319-8b65-4bac-bba4-aa8ffa8abdd0___FREC_Scab 3519.JPG,scab,1,g0171,s_reliability,reliability_train,gaussian_blur,5852067725750458866,,,1.0041692231918855,,42,1,1,scab,0,-2.406554,2.9354334,-3.8130345,42
ad667f6d5fd430fc75ae,data/plantvillage/raw/color/Apple___Apple_scab/48dcb319-8b65-4bac-bba4-aa8ffa8abdd0___FREC_Scab 3519.JPG,scab,1,g0171,s_reliability,reliability_train,gaussian_noise,2660582020477628795,,,,0.04211451740373435,42,1,1,scab,0,-1.2437042,2.4696598,-5.3299227,42
e6d2496b9bc7bbe7c934,data/plantvillage/raw/color/Apple___Apple_scab/4940cd87-695e-4f4d-8a45-5490812447cc___FREC_Scab 3044.JPG,scab,1,g0173,s_reliability,reliability_train,original,,,,,,42,1,1,scab,0,-0.9019926,3.497023,-4.831684,42
02d44894cdb2a45ae2eb,data/plantvillage/raw/color/Apple___Apple_scab/4940cd87-695e-4f4d-8a45-5490812447cc___FREC_Scab 3044.JPG,scab,1,g0173,s_reliability,reliability_train,brightness,5061384866469226955,1.004696217332115,,,,42,1,1,scab,0,-0.90147066,3.49613,-4.8308034,42
4e60e9a6391b65024cfa,data/plantvillage/raw/color/Apple___Apple_scab/4940cd87-695e-4f4d-8a45-5490812447cc___FREC_Scab 3044.JPG,scab,1,g0173,s_reliability,reliability_train,contrast,191515383504249845,,1.0269216727903994,,,42,1,1,scab,0,-0.87549204,3.488642,-4.817095,42
a1ff140551fd09592eef,data/plantvillage/raw/color/Apple___Apple_scab/4940cd87-695e-4f4d-8a45-5490812447cc___FREC_Scab 3044.JPG,scab,1,g0173,s_reliability,reliability_train,gaussian_blur,95070497036913562,,,1.0312774043501682,,42,1,1,scab,0,-1.651111,3.0272777,-2.5252817,42
c356ae804f5466c2f19f,data/plantvillage/raw/color/Apple___Apple_scab/4940cd87-695e-4f4d-8a45-5490812447cc___FREC_Scab 3044.JPG,scab,1,g0173,s_reliability,reliability_train,gaussian_noise,8350126307817510253,,,,0.022990729295607172,42,1,1,scab,0,-0.97454846,3.6675808,-5.0348077,42
3e70ef9aab9bbc64708f,data/plantvillage/raw/color/Apple___Apple_scab/4bb38e05-1d5a-40c6-8638-10db134db682___FREC_Scab 3390.JPG,scab,1,g0181,s_reliability,reliability_train,original,,,,,,42,1,1,scab,0,-5.716191,5.167115,-3.253821,42
28d1a81f42723c38bf57,data/plantvillage/raw/color/Apple___Apple_scab/4bb38e05-1d5a-40c6-8638-10db134db682___FREC_Scab 3390.JPG,scab,1,g0181,s_reliability,reliability_train,brightness,3980641125599092220,1.248327570381468,,,,42,1,1,scab,0,-5.636114,5.167241,-3.3320367,42
57cc8add2cd45f138eb0,data/plantvillage/raw/color/Apple___Apple_scab/4bb38e05-1d5a-40c6-8638-10db134db682___FREC_Scab 3390.JPG,scab,1,g0181,s_reliability,reliability_train,contrast,8921008466687068200,,1.217904985814624,,,42,1,1,scab,0,-5.6247387,5.2677402,-3.4292033,42
3d3907588b0a300ab8c2,data/plantvillage/raw/color/Apple___Apple_scab/4bb38e05-1d5a-40c6-8638-10db134db682___FREC_Scab 3390.JPG,scab,1,g0181,s_reliability,reliability_train,gaussian_blur,1128589362374625567,,,0.5308441864328186,,42,1,1,scab,0,-6.4918394,5.1439404,-2.0959442,42
91f4d35ea9ba067b4fd4,data/plantvillage/raw/color/Apple___Apple_scab/4bb38e05-1d5a-40c6-8638-10db134db682___FREC_Scab 3390.JPG,scab,1,g0181,s_reliability,reliability_train,gaussian_noise,3104456263551083076,,,,0.023196428813188553,42,1,1,scab,0,-5.682769,5.164571,-3.2938044,42
812a1390d2ca3db68b26,data/plantvillage/raw/color/Apple___Apple_scab/4d3bcf15-cc49-4189-82e1-780efdf625a8___FREC_Scab 3254.JPG,scab,1,g0184,s_reliability,reliability_train,original,,,,,,42,1,1,scab,0,-2.5362537,3.0187724,-2.4642048,42
bedcb93328aeab23f185,data/plantvillage/raw/color/Apple___Apple_scab/4d3bcf15-cc49-4189-82e1-780efdf625a8___FREC_Scab 3254.JPG,scab,1,g0184,s_reliability,reliability_train,brightness,303663910959782898,1.0890401170830422,,,,42,1,1,scab,0,-2.6195168,3.108315,-2.4962428,42
893890a5612573e408de,data/plantvillage/raw/color/Apple___Apple_scab/4d3bcf15-cc49-4189-82e1-780efdf625a8___FREC_Scab 3254.JPG,scab,1,g0184,s_reliability,reliability_train,contrast,2152542750197229924,,0.8914518575507488,,,42,1,1,scab,0,-2.4187021,2.9766374,-2.4909182,42
1d520b7c7c25812879e2,data/plantvillage/raw/color/Apple___Apple_scab/4d3bcf15-cc49-4189-82e1-780efdf625a8___FREC_Scab 3254.JPG,scab,1,g0184,s_reliability,reliability_train,gaussian_blur,1386717997348285917,,,0.9669488287255866,,42,1,1,scab,0,-2.7413893,2.9191911,-1.574982,42
8474f43a1b7d0d11b2bb,data/plantvillage/raw/color/Apple___Apple_scab/4d3bcf15-cc49-4189-82e1-780efdf625a8___FREC_Scab 3254.JPG,scab,1,g0184,s_reliability,reliability_train,gaussian_noise,2673587236834822058,,,,0.026060647143491225,42,1,1,scab,0,-2.7086809,3.4045222,-2.8461735,42
618e28811a6b0681421a,data/plantvillage/raw/color/Apple___Apple_scab/51929389-451f-4c78-a66b-b644e82a33b6___FREC_Scab 3528.JPG,scab,1,g0191,s_reliability,reliability_train,original,,,,,,42,1,1,scab,0,-2.3698726,1.6125194,-2.8576455,42
e99d77ece3749273700f,data/plantvillage/raw/color/Apple___Apple_scab/51929389-451f-4c78-a66b-b644e82a33b6___FREC_Scab 3528.JPG,scab,1,g0191,s_reliability,reliability_train,brightness,4398362704767388234,0.9192182712514546,,,,42,1,1,scab,0,-2.670441,1.7947404,-2.8272407,42
2fdc93a0ca0d4406aa76,data/plantvillage/raw/color/Apple___Apple_scab/51929389-451f-4c78-a66b-b644e82a33b6___FREC_Scab 3528.JPG,scab,1,g0191,s_reliability,reliability_train,contrast,2203112900071374911,,1.2023645906084068,,,42,1,1,scab,0,-2.6898339,1.8899742,-2.918582,42
88366cd9d8f76d3ec84a,data/plantvillage/raw/color/Apple___Apple_scab/51929389-451f-4c78-a66b-b644e82a33b6___FREC_Scab 3528.JPG,scab,1,g0191,s_reliability,reliability_train,gaussian_blur,4158329901920184381,,,1.1761352645449188,,42,1,1,scab,0,-4.052428,1.5623482,-0.85223883,42
433b386aaf65d2046a8c,data/plantvillage/raw/color/Apple___Apple_scab/51929389-451f-4c78-a66b-b644e82a33b6___FREC_Scab 3528.JPG,scab,1,g0191,s_reliability,reliability_train,gaussian_noise,6800525090690705494,,,,0.023146649281191263,42,1,1,scab,0,-2.3786345,1.6896063,-2.9486134,42
1c531383f5a76e9b2f4e,data/plantvillage/raw/color/Apple___Apple_scab/52d5723a-b498-4759-89a1-a7d815689716___FREC_Scab 3034.JPG,scab,1,g0192,s_reliability,reliability_train,original,,,,,,42,1,1,scab,0,-3.0677881,3.4222884,-3.511681,42
fc9a6ff46105a52092d1,data/plantvillage/raw/color/Apple___Apple_scab/52d5723a-b498-4759-89a1-a7d815689716___FREC_Scab 3034.JPG,scab,1,g0192,s_reliability,reliability_train,brightness,622528440195816952,0.7340631525116548,,,,42,1,1,scab,0,-3.3723526,3.5700953,-3.3458736,42
9c90fc0c047a190c4244,data/plantvillage/raw/color/Apple___Apple_scab/52d5723a-b498-4759-89a1-a7d815689716___FREC_Scab 3034.JPG,scab,1,g0192,s_reliability,reliability_train,contrast,1880509566909888583,,0.9533051335182625,,,42,1,1,scab,0,-3.0976906,3.3662293,-3.4560187,42
fede71cfd86be7ff9ed7,data/plantvillage/raw/color/Apple___Apple_scab/52d5723a-b498-4759-89a1-a7d815689716___FREC_Scab 3034.JPG,scab,1,g0192,s_reliability,reliability_train,gaussian_blur,254008914887685602,,,1.3647796569965398,,42,1,1,scab,0,-3.3480368,2.4157243,-0.6940243,42
1b5271da5af6d8dcfbb7,data/plantvillage/raw/color/Apple___Apple_scab/52d5723a-b498-4759-89a1-a7d815689716___FREC_Scab 3034.JPG,scab,1,g0192,s_reliability,reliability_train,gaussian_noise,1698295839343420343,,,,0.016199261301363503,42,1,1,scab,0,-3.081996,3.4130592,-3.5633433,42
b1412b21a5855170cff5,data/plantvillage/raw/color/Apple___Apple_scab/537873ed-fc63-4df3-bb6a-a5bf4c742619___FREC_Scab 3505.JPG,scab,1,g0196,s_reliability,reliability_train,original,,,,,,42,1,1,scab,0,-5.474937,3.4382365,-2.2662601,42
54235eea4414241186f8,data/plantvillage/raw/color/Apple___Apple_scab/537873ed-fc63-4df3-bb6a-a5bf4c742619___FREC_Scab 3505.JPG,scab,1,g0196,s_reliability,reliability_train,brightness,4827566808374972934,1.1689312316662586,,,,42,1,1,scab,0,-5.743618,3.6558375,-2.285255,42
0f12e7fad1109bc3fb73,data/plantvillage/raw/color/Apple___Apple_scab/537873ed-fc63-4df3-bb6a-a5bf4c742619___FREC_Scab 3505.JPG,scab,1,g0196,s_reliability,reliability_train,contrast,2028427519791067371,,1.2937799370772112,,,42,1,1,scab,0,-5.7819567,3.833725,-2.4489205,42
f1fdabd3b65517903ac2,data/plantvillage/raw/color/Apple___Apple_scab/537873ed-fc63-4df3-bb6a-a5bf4c742619___FREC_Scab 3505.JPG,scab,1,g0196,s_reliability,reliability_train,gaussian_blur,6772506432898899466,,,0.7251326158807576,,42,1,1,scab,0,-5.490178,3.3089905,-1.4253365,42
897a60aec0fdbbce6016,data/plantvillage/raw/color/Apple___Apple_scab/537873ed-fc63-4df3-bb6a-a5bf4c742619___FREC_Scab 3505.JPG,scab,1,g0196,s_reliability,reliability_train,gaussian_noise,3736080959862683205,,,,0.030929076406615658,42,1,1,scab,0,-5.240515,3.4340575,-2.6042032,42
eb804ea4b5cb9738fddd,data/plantvillage/raw/color/Apple___Apple_scab/5eb564a6-cd74-4c90-95d9-611a6301369d___FREC_Scab 3099.JPG,scab,1,g0215,s_reliability,reliability_val,original,,,,,,42,1,1,scab,0,-1.1486921,3.093618,-5.238434,42
bc13b74395243e28c321,data/plantvillage/raw/color/Apple___Apple_scab/5eb564a6-cd74-4c90-95d9-611a6301369d___FREC_Scab 3099.JPG,scab,1,g0215,s_reliability,reliability_val,brightness,3205291794462614756,1.1957336589566414,,,,42,1,1,scab,0,-1.1394897,2.9617624,-5.071339,42
1265878ebe7aaee0b283,data/plantvillage/raw/color/Apple___Apple_scab/5eb564a6-cd74-4c90-95d9-611a6301369d___FREC_Scab 3099.JPG,scab,1,g0215,s_reliability,reliability_val,contrast,4661497152299683125,,0.7736384729048587,,,42,1,1,scab,0,-1.0454131,2.9260883,-5.126967,42
000c6066723b24e8ea91,data/plantvillage/raw/color/Apple___Apple_scab/5eb564a6-cd74-4c90-95d9-611a6301369d___FREC_Scab 3099.JPG,scab,1,g0215,s_reliability,reliability_val,gaussian_blur,8499203802068637771,,,1.3635992980978995,,42,1,1,scab,0,-4.9331665,3.846164,-1.6165963,42
8c13fc02aa7df5078b0b,data/plantvillage/raw/color/Apple___Apple_scab/5eb564a6-cd74-4c90-95d9-611a6301369d___FREC_Scab 3099.JPG,scab,1,g0215,s_reliability,reliability_val,gaussian_noise,1898078027518019942,,,,0.026962445566572887,42,1,1,scab,0,-1.1719892,3.173256,-5.2560744,42
e5f5ba8509b0f355fca0,data/plantvillage/raw/color/Apple___Apple_scab/60226bd7-db11-4d7e-ba29-a5136f6bebe0___FREC_Scab 3470.JPG,scab,1,g0218,s_reliability,reliability_train,original,,,,,,42,1,1,scab,0,-3.0538368,3.9563236,-3.7664447,42
19078d970f884483425a,data/plantvillage/raw/color/Apple___Apple_scab/60226bd7-db11-4d7e-ba29-a5136f6bebe0___FREC_Scab 3470.JPG,scab,1,g0218,s_reliability,reliability_train,brightness,8496782424577321959,0.8454752592765677,,,,42,1,1,scab,0,-3.033125,4.0568056,-3.7766464,42
9c952028c9dda9b964d2,data/plantvillage/raw/color/Apple___Apple_scab/60226bd7-db11-4d7e-ba29-a5136f6bebe0___FREC_Scab 3470.JPG,scab,1,g0218,s_reliability,reliability_train,contrast,2180145978110394669,,0.9135742189979649,,,42,1,1,scab,0,-3.0723877,3.9769197,-3.7561743,42
0a66a181eb704854ecff,data/plantvillage/raw/color/Apple___Apple_scab/60226bd7-db11-4d7e-ba29-a5136f6bebe0___FREC_Scab 3470.JPG,scab,1,g0218,s_reliability,reliability_train,gaussian_blur,6308648736248522766,,,1.341738126860692,,42,1,1,scab,0,0.26762593,1.9000025,-2.8128035,42
6a937867c9f151b2165d,data/plantvillage/raw/color/Apple___Apple_scab/60226bd7-db11-4d7e-ba29-a5136f6bebe0___FREC_Scab 3470.JPG,scab,1,g0218,s_reliability,reliability_train,gaussian_noise,6573095684920808455,,,,0.010026063362408704,42,1,1,scab,0,-2.9236085,3.9308498,-3.862744,42
80ebab1a0ab2dbc62018,data/plantvillage/raw/color/Apple___Apple_scab/60f3ba82-caf1-4cf7-998c-b0005458fa38___FREC_Scab 3226.JPG,scab,1,g0219,s_reliability,reliability_train,original,,,,,,42,1,1,scab,0,-5.8688817,4.3987417,-3.508694,42
e72ccdf86c230217ecf9,data/plantvillage/raw/color/Apple___Apple_scab/60f3ba82-caf1-4cf7-998c-b0005458fa38___FREC_Scab 3226.JPG,scab,1,g0219,s_reliability,reliability_train,brightness,1617582056988557503,0.7252677030182216,,,,42,1,1,scab,0,-5.744739,4.9425,-3.9818425,42
679d562e606cabeb4219,data/plantvillage/raw/color/Apple___Apple_scab/60f3ba82-caf1-4cf7-998c-b0005458fa38___FREC_Scab 3226.JPG,scab,1,g0219,s_reliability,reliability_train,contrast,6231376786905491520,,0.769037960708494,,,42,1,1,scab,0,-5.830968,4.655135,-3.7914155,42
a6893c3320239a2abef0,data/plantvillage/raw/color/Apple___Apple_scab/60f3ba82-caf1-4cf7-998c-b0005458fa38___FREC_Scab 3226.JPG,scab,1,g0219,s_reliability,reliability_train,gaussian_blur,8256010960060555237,,,1.129314368861564,,42,1,1,scab,0,-7.89221,4.127287,-0.61484236,42
79c32a781e31ade1231f,data/plantvillage/raw/color/Apple___Apple_scab/60f3ba82-caf1-4cf7-998c-b0005458fa38___FREC_Scab 3226.JPG,scab,1,g0219,s_reliability,reliability_train,gaussian_noise,8445538856220460277,,,,0.04542596068268893,42,1,1,scab,0,-5.60128,4.4888263,-3.913909,42
466aabb457fd0403d605,data/plantvillage/raw/color/Apple___Apple_scab/61373045-a7a5-4213-94fb-7d81638d5561___FREC_Scab 3430.JPG,scab,1,g0221,s_reliability,reliability_train,original,,,,,,42,1,1,scab,0,-1.6219969,1.2429875,-2.2240572,42
132ddd364784a95b187b,data/plantvillage/raw/color/Apple___Apple_scab/61373045-a7a5-4213-94fb-7d81638d5561___FREC_Scab 3430.JPG,scab,1,g0221,s_reliability,reliability_train,brightness,7521554373475899626,1.2097945773291288,,,,42,1,1,scab,0,-1.8666407,1.1265804,-2.119958,42
62458c3f1feb722ac6b5,data/plantvillage/raw/color/Apple___Apple_scab/61373045-a7a5-4213-94fb-7d81638d5561___FREC_Scab 3430.JPG,scab,1,g0221,s_reliability,reliability_train,contrast,1612576418680129856,,0.9400264643474721,,,42,1,1,scab,0,-1.6868752,1.268814,-2.2163527,42
b7c6d2681412598b3c6c,data/plantvillage/raw/color/Apple___Apple_scab/61373045-a7a5-4213-94fb-7d81638d5561___FREC_Scab 3430.JPG,scab,1,g0221,s_reliability,reliability_train,gaussian_blur,8700478756770745960,,,0.9808991006687942,,42,1,1,scab,0,-1.1243879,0.71823084,-1.4307605,42
c902fc4aaf4205818fc9,data/plantvillage/raw/color/Apple___Apple_scab/61373045-a7a5-4213-94fb-7d81638d5561___FREC_Scab 3430.JPG,scab,1,g0221,s_reliability,reliability_train,gaussian_noise,3616955282686372369,,,,0.02097296684851099,42,1,1,scab,0,-1.477012,1.4130989,-2.4796114,42
d683c5c461a10e6acdf3,data/plantvillage/raw/color/Apple___Apple_scab/623fb084-dbac-42fb-b636-7cfcb89ba9f6___FREC_Scab 3437.JPG,scab,1,g0224,s_reliability,reliability_train,original,,,,,,42,1,1,scab,0,-6.000484,3.6820917,-1.9310387,42
62d6ede0c0eae5eba924,data/plantvillage/raw/color/Apple___Apple_scab/623fb084-dbac-42fb-b636-7cfcb89ba9f6___FREC_Scab 3437.JPG,scab,1,g0224,s_reliability,reliability_train,brightness,2929485961519639587,0.7025502631974108,,,,42,1,1,scab,0,-5.5126724,3.732436,-2.1250043,42
d452383e9b11e53e1307,data/plantvillage/raw/color/Apple___Apple_scab/623fb084-dbac-42fb-b636-7cfcb89ba9f6___FREC_Scab 3437.JPG,scab,1,g0224,s_reliability,reliability_train,contrast,7841055924283030490,,1.2733049395231255,,,42,1,1,scab,0,-5.9759154,3.6824486,-1.9971467,42
acd0ea776bd6241d7701,data/plantvillage/raw/color/Apple___Apple_scab/623fb084-dbac-42fb-b636-7cfcb89ba9f6___FREC_Scab 3437.JPG,scab,1,g0224,s_reliability,reliability_train,gaussian_blur,4015754173079648170,,,1.3106190699878222,,42,1,1,scab,0,-2.3189154,1.9391093,-1.9642324,42
eb040a9c9047fcc22491,data/plantvillage/raw/color/Apple___Apple_scab/623fb084-dbac-42fb-b636-7cfcb89ba9f6___FREC_Scab 3437.JPG,scab,1,g0224,s_reliability,reliability_train,gaussian_noise,4984070843131209127,,,,0.04186245710778475,42,1,1,scab,0,-5.7346077,4.051513,-2.4492576,42
16c7269d9805eb2b6c28,data/plantvillage/raw/color/Apple___Apple_scab/63e1d796-f00e-4c24-9871-2eae6f9c9ced___FREC_Scab 3078.JPG,scab,1,g0230,s_reliability,reliability_train,original,,,,,,42,1,1,scab,0,-4.9357924,2.2107296,-1.4541641,42
a0a8e5eb846d79b190ee,data/plantvillage/raw/color/Apple___Apple_scab/63e1d796-f00e-4c24-9871-2eae6f9c9ced___FREC_Scab 3078.JPG,scab,1,g0230,s_reliability,reliability_train,brightness,651021721672551988,0.7952594793895952,,,,42,1,1,scab,0,-5.065319,2.2823956,-1.2627193,42
9ec79ffeb6ea2806ae48,data/plantvillage/raw/color/Apple___Apple_scab/63e1d796-f00e-4c24-9871-2eae6f9c9ced___FREC_Scab 3078.JPG,scab,1,g0230,s_reliability,reliability_train,contrast,877616976303108822,,1.1727370062528133,,,42,1,1,scab,0,-4.8419013,2.1867971,-1.5262529,42
ce1a134249756e88d7e6,data/plantvillage/raw/color/Apple___Apple_scab/63e1d796-f00e-4c24-9871-2eae6f9c9ced___FREC_Scab 3078.JPG,scab,1,g0230,s_reliability,reliability_train,gaussian_blur,423065927302513909,,,1.2798342243438636,,42,1,1,scab,0,-4.197934,1.259426,0.37505522,42
9ee5b82fc05fed652872,data/plantvillage/raw/color/Apple___Apple_scab/63e1d796-f00e-4c24-9871-2eae6f9c9ced___FREC_Scab 3078.JPG,scab,1,g0230,s_reliability,reliability_train,gaussian_noise,3176116166738960252,,,,0.027876471934458052,42,1,1,scab,0,-4.6849875,2.061903,-1.5864061,42
33553e8aea8dfceadaf0,data/plantvillage/raw/color/Apple___Apple_scab/663ad178-6346-4b89-8074-6655f1be1578___FREC_Scab 3500.JPG,scab,1,g0238,s_reliability,reliability_train,original,,,,,,42,1,1,scab,0,-7.3080244,4.5674777,-1.7232428,42
0c6c726e159621790580,data/plantvillage/raw/color/Apple___Apple_scab/663ad178-6346-4b89-8074-6655f1be1578___FREC_Scab 3500.JPG,scab,1,g0238,s_reliability,reliability_train,brightness,5531442572219884305,1.062465341445741,,,,42,1,1,scab,0,-7.4134593,4.6119323,-1.7194073,42
848468d0693f26769210,data/plantvillage/raw/color/Apple___Apple_scab/663ad178-6346-4b89-8074-6655f1be1578___FREC_Scab 3500.JPG,scab,1,g0238,s_reliability,reliability_train,contrast,7341513849243422424,,0.8967145413807569,,,42,1,1,scab,0,-6.921233,4.484131,-1.9873013,42
5f182ad335f7b35435ca,data/plantvillage/raw/color/Apple___Apple_scab/663ad178-6346-4b89-8074-6655f1be1578___FREC_Scab 3500.JPG,scab,1,g0238,s_reliability,reliability_train,gaussian_blur,5346926929235214822,,,1.4449789981235002,,42,1,1,scab,0,-5.080685,2.9872646,-0.7880907,42
d79fd6e779735df5a87a,data/plantvillage/raw/color/Apple___Apple_scab/663ad178-6346-4b89-8074-6655f1be1578___FREC_Scab 3500.JPG,scab,1,g0238,s_reliability,reliability_train,gaussian_noise,4006056403580943165,,,,0.0444995761628125,42,1,1,scab,0,-7.570519,5.240613,-2.3119667,42
892f90e7a64f7dc20627,data/plantvillage/raw/color/Apple___Apple_scab/6643566f-d980-4bdb-88d7-4d3ab3c771fa___FREC_Scab 3038.JPG,scab,1,g0239,s_reliability,reliability_train,original,,,,,,42,1,1,scab,0,-4.4929223,3.0294468,-1.760081,42
feffeafd84024560496b,data/plantvillage/raw/color/Apple___Apple_scab/6643566f-d980-4bdb-88d7-4d3ab3c771fa___FREC_Scab 3038.JPG,scab,1,g0239,s_reliability,reliability_train,brightness,8404593942256361612,0.766833734902625,,,,42,1,1,scab,0,-4.720386,3.5807772,-2.170172,42
ae9c1cd42c3ba9270535,data/plantvillage/raw/color/Apple___Apple_scab/6643566f-d980-4bdb-88d7-4d3ab3c771fa___FREC_Scab 3038.JPG,scab,1,g0239,s_reliability,reliability_train,contrast,1436399466966170753,,1.2834431526662844,,,42,1,1,scab,0,-4.80777,3.1937897,-1.6586441,42
da3d9d9a48c6d4a318d0,data/plantvillage/raw/color/Apple___Apple_scab/6643566f-d980-4bdb-88d7-4d3ab3c771fa___FREC_Scab 3038.JPG,scab,1,g0239,s_reliability,reliability_train,gaussian_blur,9060857898882006340,,,0.7139407766924388,,42,1,1,scab,0,-4.3694077,3.2803693,-1.724001,42
44c2f5795720cbc8c49d,data/plantvillage/raw/color/Apple___Apple_scab/6643566f-d980-4bdb-88d7-4d3ab3c771fa___FREC_Scab 3038.JPG,scab,1,g0239,s_reliability,reliability_train,gaussian_noise,1415595690723101196,,,,0.023650202479074376,42,1,1,scab,0,-4.54447,3.1378696,-1.8751978,42
de81a1af596f8c00251e,data/plantvillage/raw/color/Apple___Apple_scab/66fab3e4-d6e3-4a6d-aff0-4fe011ef8eb3___FREC_Scab 3153.JPG,scab,1,g0240,s_reliability,reliability_val,original,,,,,,42,1,1,scab,0,-6.1859207,4.064072,-1.6929533,42
c19880cf805977def6cb,data/plantvillage/raw/color/Apple___Apple_scab/66fab3e4-d6e3-4a6d-aff0-4fe011ef8eb3___FREC_Scab 3153.JPG,scab,1,g0240,s_reliability,reliability_val,brightness,7387841424495167205,1.2652739628829588,,,,42,1,1,scab,0,-5.834994,3.8683183,-1.8105499,42
a97c910918116e672a7d,data/plantvillage/raw/color/Apple___Apple_scab/66fab3e4-d6e3-4a6d-aff0-4fe011ef8eb3___FREC_Scab 3153.JPG,scab,1,g0240,s_reliability,reliability_val,contrast,6284561939902900866,,0.7223339224933566,,,42,1,1,scab,0,-5.3012195,4.0282655,-2.47418,42
953a8d6aa17e5f72f49c,data/plantvillage/raw/color/Apple___Apple_scab/66fab3e4-d6e3-4a6d-aff0-4fe011ef8eb3___FREC_Scab 3153.JPG,scab,1,g0240,s_reliability,reliability_val,gaussian_blur,8156864285975510504,,,0.8160255498389924,,42,1,1,scab,0,-5.651602,3.991028,-1.5312277,42
e1a96f017c3a7142156b,data/plantvillage/raw/color/Apple___Apple_scab/66fab3e4-d6e3-4a6d-aff0-4fe011ef8eb3___FREC_Scab 3153.JPG,scab,1,g0240,s_reliability,reliability_val,gaussian_noise,1578294014356913619,,,,0.015354182598727974,42,1,1,scab,0,-6.465729,4.330815,-1.7583063,42
d1c5f896e3b868c61837,data/plantvillage/raw/color/Apple___Apple_scab/67c7e9f9-19ca-4fb5-a2b1-8efdeed7b9e2___FREC_Scab 3397.JPG,scab,1,g0244,s_reliability,reliability_train,original,,,,,,42,1,1,scab,0,-7.7633877,3.0513465,1.0001006,42
8c8e7a3851bd67d38e3c,data/plantvillage/raw/color/Apple___Apple_scab/67c7e9f9-19ca-4fb5-a2b1-8efdeed7b9e2___FREC_Scab 3397.JPG,scab,1,g0244,s_reliability,reliability_train,brightness,1646881167271085999,1.069112412058353,,,,42,1,1,scab,0,-7.8425922,3.0688748,0.96281177,42
9a5528cb89fb38c0581b,data/plantvillage/raw/color/Apple___Apple_scab/67c7e9f9-19ca-4fb5-a2b1-8efdeed7b9e2___FREC_Scab 3397.JPG,scab,1,g0244,s_reliability,reliability_train,contrast,5144392295984696762,,1.2224187845382346,,,42,1,1,scab,0,-8.1766205,3.1047184,1.1964655,42
2a008b4270902104a89b,data/plantvillage/raw/color/Apple___Apple_scab/67c7e9f9-19ca-4fb5-a2b1-8efdeed7b9e2___FREC_Scab 3397.JPG,scab,1,g0244,s_reliability,reliability_train,gaussian_blur,5318482411642153416,,,1.4659431673432612,,42,1,1,scab,0,-7.7319403,2.5440016,2.5119932,42
10a68f54d4220c354041,data/plantvillage/raw/color/Apple___Apple_scab/67c7e9f9-19ca-4fb5-a2b1-8efdeed7b9e2___FREC_Scab 3397.JPG,scab,1,g0244,s_reliability,reliability_train,gaussian_noise,8020585154193051076,,,,0.026317530593913098,42,1,1,scab,0,-7.9598193,3.142649,0.97602063,42
341184f397d6ef1c92e6,data/plantvillage/raw/color/Apple___Apple_scab/6a006aa9-a9f2-4269-9fd9-7a879f01faf1___FREC_Scab 3117.JPG,scab,1,g0250,s_reliability,reliability_train,original,,,,,,42,1,1,scab,0,-5.9968143,3.0466282,-1.7898672,42
d37c6b44ea7764500095,data/plantvillage/raw/color/Apple___Apple_scab/6a006aa9-a9f2-4269-9fd9-7a879f01faf1___FREC_Scab 3117.JPG,scab,1,g0250,s_reliability,reliability_train,brightness,3944223664764724421,1.0304881802071089,,,,42,1,1,scab,0,-6.0274158,3.021329,-1.7619146,42
7b16c4e86a09f1b19fe5,data/plantvillage/raw/color/Apple___Apple_scab/6a006aa9-a9f2-4269-9fd9-7a879f01faf1___FREC_Scab 3117.JPG,scab,1,g0250,s_reliability,reliability_train,contrast,8763709460738093809,,1.2401074869332414,,,42,1,1,scab,0,-6.274292,3.2452617,-1.6070287,42
4792f9b6e4f3a6ac2cfc,data/plantvillage/raw/color/Apple___Apple_scab/6a006aa9-a9f2-4269-9fd9-7a879f01faf1___FREC_Scab 3117.JPG,scab,1,g0250,s_reliability,reliability_train,gaussian_blur,3380275719007634387,,,1.050618332047042,,42,1,1,scab,0,-5.1695085,2.840253,-1.1137446,42
3358bbc527afbe18b9da,data/plantvillage/raw/color/Apple___Apple_scab/6a006aa9-a9f2-4269-9fd9-7a879f01faf1___FREC_Scab 3117.JPG,scab,1,g0250,s_reliability,reliability_train,gaussian_noise,4430312275333913775,,,,0.012927396615342453,42,1,1,scab,0,-6.018222,3.0299652,-1.7941831,42
0f579748d9d3f4f6fbab,data/plantvillage/raw/color/Apple___Apple_scab/6b5e1187-9b7b-4b4c-912f-b2175619f35f___FREC_Scab 3121.JPG,scab,1,g0255,s_reliability,reliability_train,original,,,,,,42,1,1,scab,0,-6.536519,3.8685007,-0.7050245,42
62ccf1f1449c4a464de3,data/plantvillage/raw/color/Apple___Apple_scab/6b5e1187-9b7b-4b4c-912f-b2175619f35f___FREC_Scab 3121.JPG,scab,1,g0255,s_reliability,reliability_train,brightness,3555923660447715866,0.8290640794867432,,,,42,1,1,scab,0,-6.3258715,3.8927593,-0.8461654,42
8e1259806c7d21e0997e,data/plantvillage/raw/color/Apple___Apple_scab/6b5e1187-9b7b-4b4c-912f-b2175619f35f___FREC_Scab 3121.JPG,scab,1,g0255,s_reliability,reliability_train,contrast,7190483874321341939,,0.805632083057742,,,42,1,1,scab,0,-6.184698,3.6919107,-0.8928634,42
b8704f43a9c12228d5d2,data/plantvillage/raw/color/Apple___Apple_scab/6b5e1187-9b7b-4b4c-912f-b2175619f35f___FREC_Scab 3121.JPG,scab,1,g0255,s_reliability,reliability_train,gaussian_blur,8878382452324125086,,,0.9464187802356487,,42,1,1,scab,0,-6.7014027,3.5740154,0.01512263,42
2ffc456d7ae963e63018,data/plantvillage/raw/color/Apple___Apple_scab/6b5e1187-9b7b-4b4c-912f-b2175619f35f___FREC_Scab 3121.JPG,scab,1,g0255,s_reliability,reliability_train,gaussian_noise,1198613978728796660,,,,0.03559988416484856,42,1,1,scab,0,-7.018258,4.644066,-1.1892743,42
8ab01bd43e8b0ae07bfb,data/plantvillage/raw/color/Apple___Apple_scab/6b66d8dd-af9f-43b5-a43f-6e4c6d64bede___FREC_Scab 3248.JPG,scab,1,g0256,s_reliability,reliability_train,original,,,,,,42,1,1,scab,0,-2.3634636,4.7630677,-4.8042965,42
8b7d83d296a68cd79ba2,data/plantvillage/raw/color/Apple___Apple_scab/6b66d8dd-af9f-43b5-a43f-6e4c6d64bede___FREC_Scab 3248.JPG,scab,1,g0256,s_reliability,reliability_train,brightness,5383600139489336851,1.1255390597199812,,,,42,1,1,scab,0,-2.6227248,4.85125,-4.847147,42
cc907197d110db6eef47,data/plantvillage/raw/color/Apple___Apple_scab/6b66d8dd-af9f-43b5-a43f-6e4c6d64bede___FREC_Scab 3248.JPG,scab,1,g0256,s_reliability,reliability_train,contrast,1616489432133561999,,0.8795335395349284,,,42,1,1,scab,0,-2.1814835,4.577398,-4.7250667,42
8ba37938c2429f013121,data/plantvillage/raw/color/Apple___Apple_scab/6b66d8dd-af9f-43b5-a43f-6e4c6d64bede___FREC_Scab 3248.JPG,scab,1,g0256,s_reliability,reliability_train,gaussian_blur,3196758830836076126,,,1.111167159169351,,42,1,1,scab,0,-2.628573,3.1436582,-2.2253838,42
b0855553af38df534ac2,data/plantvillage/raw/color/Apple___Apple_scab/6b66d8dd-af9f-43b5-a43f-6e4c6d64bede___FREC_Scab 3248.JPG,scab,1,g0256,s_reliability,reliability_train,gaussian_noise,862921709563001275,,,,0.020695232750406523,42,1,1,scab,0,-2.4196982,4.821008,-4.8625526,42
f303f8dc7af6ac8c3aa6,data/plantvillage/raw/color/Apple___Apple_scab/6fb62aa7-c3d4-457a-b95d-a8b3102cccd8___FREC_Scab 3005.JPG,scab,1,g0269,s_reliability,reliability_train,original,,,,,,42,1,1,scab,0,-3.6220965,4.6012206,-3.864832,42
08f495c5c7b7d67f6cac,data/plantvillage/raw/color/Apple___Apple_scab/6fb62aa7-c3d4-457a-b95d-a8b3102cccd8___FREC_Scab 3005.JPG,scab,1,g0269,s_reliability,reliability_train,brightness,6486059515081264910,1.178299708474525,,,,42,1,1,scab,0,-3.9577866,4.741654,-3.7570977,42
c38414ce6ad8200d3a29,data/plantvillage/raw/color/Apple___Apple_scab/6fb62aa7-c3d4-457a-b95d-a8b3102cccd8___FREC_Scab 3005.JPG,scab,1,g0269,s_reliability,reliability_train,contrast,6953119212176336190,,1.0616477098285224,,,42,1,1,scab,0,-3.6934252,4.737986,-3.9038947,42
d415d636f4d03bfe8677,data/plantvillage/raw/color/Apple___Apple_scab/6fb62aa7-c3d4-457a-b95d-a8b3102cccd8___FREC_Scab 3005.JPG,scab,1,g0269,s_reliability,reliability_train,gaussian_blur,52680723438308863,,,1.4082724230657226,,42,1,1,scab,0,-2.6700723,3.0887864,-1.6836483,42
a7f5c04ef42cab70a537,data/plantvillage/raw/color/Apple___Apple_scab/6fb62aa7-c3d4-457a-b95d-a8b3102cccd8___FREC_Scab 3005.JPG,scab,1,g0269,s_reliability,reliability_train,gaussian_noise,3753785555469801204,,,,0.019333933799091426,42,1,1,scab,0,-3.6634123,4.688421,-3.9293303,42
2cd7ebf52f5424a45a33,data/plantvillage/raw/color/Apple___Apple_scab/72317b7f-8162-4454-b6db-c2e6e5455911___FREC_Scab 3088.JPG,scab,1,g0273,s_reliability,reliability_train,original,,,,,,42,1,1,scab,0,-2.8371823,4.0834265,-4.345209,42
15f2f850ca3942255120,data/plantvillage/raw/color/Apple___Apple_scab/72317b7f-8162-4454-b6db-c2e6e5455911___FREC_Scab 3088.JPG,scab,1,g0273,s_reliability,reliability_train,brightness,4259737954215672467,1.2136302349744992,,,,42,1,1,scab,0,-2.4810898,4.162422,-4.3946757,42
55a5a4be87448b9ada66,data/plantvillage/raw/color/Apple___Apple_scab/72317b7f-8162-4454-b6db-c2e6e5455911___FREC_Scab 3088.JPG,scab,1,g0273,s_reliability,reliability_train,contrast,2965175072119230189,,1.1062816995925917,,,42,1,1,scab,0,-2.784787,4.213085,-4.511512,42
fab9cb17190fb8d0bf90,data/plantvillage/raw/color/Apple___Apple_scab/72317b7f-8162-4454-b6db-c2e6e5455911___FREC_Scab 3088.JPG,scab,1,g0273,s_reliability,reliability_train,gaussian_blur,6101352737029410608,,,1.138812776291585,,42,1,1,scab,0,-4.1628566,2.9710581,-1.1047758,42
01c7412f9b6a7a8f2564,data/plantvillage/raw/color/Apple___Apple_scab/72317b7f-8162-4454-b6db-c2e6e5455911___FREC_Scab 3088.JPG,scab,1,g0273,s_reliability,reliability_train,gaussian_noise,7779828112337972570,,,,0.022564658059232384,42,1,1,scab,0,-2.6860492,4.0525446,-4.4435496,42
beb775de2c87d9bef274,data/plantvillage/raw/color/Apple___Apple_scab/76e50482-74b2-468f-8556-7669e1682f1e___FREC_Scab 3323.JPG,scab,1,g0284,s_reliability,reliability_train,original,,,,,,42,1,0,healthy,1,0.34701872,-0.07547113,-4.0975304,42
73420c587f8ca9bddce6,data/plantvillage/raw/color/Apple___Apple_scab/76e50482-74b2-468f-8556-7669e1682f1e___FREC_Scab 3323.JPG,scab,1,g0284,s_reliability,reliability_train,brightness,9001436806462123350,1.1482481951899617,,,,42,1,0,healthy,1,0.30569583,-0.12232071,-4.087557,42
b64cb2a74ec208b6517c,data/plantvillage/raw/color/Apple___Apple_scab/76e50482-74b2-468f-8556-7669e1682f1e___FREC_Scab 3323.JPG,scab,1,g0284,s_reliability,reliability_train,contrast,935706156177606957,,1.1352860440103645,,,42,1,0,healthy,1,0.331276,-0.0034008585,-4.212041,42
5f0020a1a2d3e9a3a846,data/plantvillage/raw/color/Apple___Apple_scab/76e50482-74b2-468f-8556-7669e1682f1e___FREC_Scab 3323.JPG,scab,1,g0284,s_reliability,reliability_train,gaussian_blur,3806873319062406691,,,0.7563178040613654,,42,1,1,scab,0,-1.2397535,0.10415968,-2.0435798,42
6e5d69e35ca198494028,data/plantvillage/raw/color/Apple___Apple_scab/76e50482-74b2-468f-8556-7669e1682f1e___FREC_Scab 3323.JPG,scab,1,g0284,s_reliability,reliability_train,gaussian_noise,2447145241581560903,,,,0.03226910685442227,42,1,0,healthy,1,0.5535135,-0.11519247,-4.2008677,42
54e4abc147c9a123a117,data/plantvillage/raw/color/Apple___Apple_scab/792c3972-8724-45b6-8ba0-eec0f675bc50___FREC_Scab 3120.JPG,scab,1,g0289,s_reliability,reliability_train,original,,,,,,42,1,1,scab,0,-6.226095,3.310876,-1.1176381,42
d46a63feb934aeb54fd6,data/plantvillage/raw/color/Apple___Apple_scab/792c3972-8724-45b6-8ba0-eec0f675bc50___FREC_Scab 3120.JPG,scab,1,g0289,s_reliability,reliability_train,brightness,4427444548928737312,1.0158115030816135,,,,42,1,1,scab,0,-6.2285266,3.3348136,-1.1532906,42
91eef8c8c4752aeb78e5,data/plantvillage/raw/color/Apple___Apple_scab/792c3972-8724-45b6-8ba0-eec0f675bc50___FREC_Scab 3120.JPG,scab,1,g0289,s_reliability,reliability_train,contrast,6318739556741432998,,1.063118615887179,,,42,1,1,scab,0,-6.211683,3.3585308,-1.0990885,42
860ec42b9439742689e0,data/plantvillage/raw/color/Apple___Apple_scab/792c3972-8724-45b6-8ba0-eec0f675bc50___FREC_Scab 3120.JPG,scab,1,g0289,s_reliability,reliability_train,gaussian_blur,8635417635505964497,,,1.3881483637684875,,42,1,1,scab,0,-5.864565,2.2735798,0.53168803,42
4ad5a2bcf6f20c3ad77d,data/plantvillage/raw/color/Apple___Apple_scab/792c3972-8724-45b6-8ba0-eec0f675bc50___FREC_Scab 3120.JPG,scab,1,g0289,s_reliability,reliability_train,gaussian_noise,8573718978139073643,,,,0.026043812134846286,42,1,1,scab,0,-6.376385,3.4765577,-1.240096,42
df71b004707330db4335,data/plantvillage/raw/color/Apple___Apple_scab/7bc2b2d5-b2b6-4ac2-9bbe-322ce8d7d9bb___FREC_Scab 2944.JPG,scab,1,g0295,s_reliability,reliability_train,original,,,,,,42,1,1,scab,0,-1.490396,1.6267818,-3.20255,42
a840b0cacd89788f7658,data/plantvillage/raw/color/Apple___Apple_scab/7bc2b2d5-b2b6-4ac2-9bbe-322ce8d7d9bb___FREC_Scab 2944.JPG,scab,1,g0295,s_reliability,reliability_train,brightness,7441911032222068817,1.175378777944538,,,,42,1,1,scab,0,-1.4830345,1.6218113,-3.1414409,42
e18d26c0a28d8f3eb7e8,data/plantvillage/raw/color/Apple___Apple_scab/7bc2b2d5-b2b6-4ac2-9bbe-322ce8d7d9bb___FREC_Scab 2944.JPG,scab,1,g0295,s_reliability,reliability_train,contrast,3218968026437738959,,0.9300177848589182,,,42,1,1,scab,0,-1.3472732,1.5733145,-3.2579973,42
2eea9476f2b04be26970,data/plantvillage/raw/color/Apple___Apple_scab/7bc2b2d5-b2b6-4ac2-9bbe-322ce8d7d9bb___FREC_Scab 2944.JPG,scab,1,g0295,s_reliability,reliability_train,gaussian_blur,974215969777534437,,,1.2233599779735231,,42,1,1,scab,0,-4.951722,2.264149,-0.4283903,42
fae104e2092b8f3d7c03,data/plantvillage/raw/color/Apple___Apple_scab/7bc2b2d5-b2b6-4ac2-9bbe-322ce8d7d9bb___FREC_Scab 2944.JPG,scab,1,g0295,s_reliability,reliability_train,gaussian_noise,7076022998597825792,,,,0.028212965435535746,42,1,1,scab,0,-1.1575512,1.4725962,-3.3600547,42
8992521411ace85b96f0,data/plantvillage/raw/color/Apple___Apple_scab/7bf25c0a-6594-4777-9a67-49a6487bb203___FREC_Scab 2993.JPG,scab,1,g0297,s_reliability,reliability_train,original,,,,,,42,1,1,scab,0,-3.2230186,3.7255404,-2.0125244,42
2979f1d06a6a038b0ca3,data/plantvillage/raw/color/Apple___Apple_scab/7bf25c0a-6594-4777-9a67-49a6487bb203___FREC_Scab 2993.JPG,scab,1,g0297,s_reliability,reliability_train,brightness,2277107555880666934,0.7992286175147714,,,,42,1,1,scab,0,-3.1210556,3.6108384,-1.9751015,42
06140ef2ac598a613b8c,data/plantvillage/raw/color/Apple___Apple_scab/7bf25c0a-6594-4777-9a67-49a6487bb203___FREC_Scab 2993.JPG,scab,1,g0297,s_reliability,reliability_train,contrast,1089263953608580493,,1.0589717004097428,,,42,1,1,scab,0,-3.2182393,3.7654252,-2.034915,42
122cb9eaa840d6e27d34,data/plantvillage/raw/color/Apple___Apple_scab/7bf25c0a-6594-4777-9a67-49a6487bb203___FREC_Scab 2993.JPG,scab,1,g0297,s_reliability,reliability_train,gaussian_blur,3379368754574520610,,,0.6631829932532647,,42,1,1,scab,0,-2.6335557,3.3662686,-1.7602435,42
00facb712a4c5d8e1361,data/plantvillage/raw/color/Apple___Apple_scab/7bf25c0a-6594-4777-9a67-49a6487bb203___FREC_Scab 2993.JPG,scab,1,g0297,s_reliability,reliability_train,gaussian_noise,2226125359114156089,,,,0.02667711235413267,42,1,1,scab,0,-3.1338263,3.8423843,-2.2482564,42
92a4b5482cd5153e3dde,data/plantvillage/raw/color/Apple___Apple_scab/7ceb532d-1a58-4a25-bbff-8dd04a117744___FREC_Scab 3422.JPG,scab,1,g0301,s_reliability,reliability_train,original,,,,,,42,1,1,scab,0,-5.040023,2.3800087,-0.7822716,42
abfc4e5907bd1f067d10,data/plantvillage/raw/color/Apple___Apple_scab/7ceb532d-1a58-4a25-bbff-8dd04a117744___FREC_Scab 3422.JPG,scab,1,g0301,s_reliability,reliability_train,brightness,4448870632164728681,0.9567654336762157,,,,42,1,1,scab,0,-4.6693306,2.3842309,-1.0268198,42
b4dd777e659cf45a2f10,data/plantvillage/raw/color/Apple___Apple_scab/7ceb532d-1a58-4a25-bbff-8dd04a117744___FREC_Scab 3422.JPG,scab,1,g0301,s_reliability,reliability_train,contrast,5562828008754951541,,0.9552919844284307,,,42,1,1,scab,0,-4.7834454,2.3426142,-0.93291396,42
fd6e6bcd48a1fc9d2a4c,data/plantvillage/raw/color/Apple___Apple_scab/7ceb532d-1a58-4a25-bbff-8dd04a117744___FREC_Scab 3422.JPG,scab,1,g0301,s_reliability,reliability_train,gaussian_blur,4669972028130864203,,,0.9292082645419151,,42,1,1,scab,0,-5.671788,1.4478949,1.010953,42
033508fd5da9b1c6cbd0,data/plantvillage/raw/color/Apple___Apple_scab/7ceb532d-1a58-4a25-bbff-8dd04a117744___FREC_Scab 3422.JPG,scab,1,g0301,s_reliability,reliability_train,gaussian_noise,3291277149889399802,,,,0.022560373892789906,42,1,1,scab,0,-5.0752525,2.2962534,-0.74072295,42
72831a0d027de109d890,data/plantvillage/raw/color/Apple___Apple_scab/7dbdcba3-395b-413e-bc22-cd0d0e11a1c9___FREC_Scab 3363.JPG,scab,1,g0302,s_reliability,reliability_val,original,,,,,,42,1,1,scab,0,-3.3562474,2.1398613,-2.3208067,42
22ed91e6b5fdae9706e8,data/plantvillage/raw/color/Apple___Apple_scab/7dbdcba3-395b-413e-bc22-cd0d0e11a1c9___FREC_Scab 3363.JPG,scab,1,g0302,s_reliability,reliability_val,brightness,9216146155834624863,0.919516893201685,,,,42,1,1,scab,0,-3.0910254,2.0856183,-2.470552,42
034d1bf4d9c3f563e00b,data/plantvillage/raw/color/Apple___Apple_scab/7dbdcba3-395b-413e-bc22-cd0d0e11a1c9___FREC_Scab 3363.JPG,scab,1,g0302,s_reliability,reliability_val,contrast,6451980865858598289,,1.0284734918803422,,,42,1,1,scab,0,-3.370708,2.1811829,-2.3217168,42
577aee707c2cb392178c,data/plantvillage/raw/color/Apple___Apple_scab/7dbdcba3-395b-413e-bc22-cd0d0e11a1c9___FREC_Scab 3363.JPG,scab,1,g0302,s_reliability,reliability_val,gaussian_blur,4425597830222659663,,,1.4108915891882101,,42,1,1,scab,0,-4.252058,1.1745204,-0.28638822,42
53d9d95752f14122d71d,data/plantvillage/raw/color/Apple___Apple_scab/7dbdcba3-395b-413e-bc22-cd0d0e11a1c9___FREC_Scab 3363.JPG,scab,1,g0302,s_reliability,reliability_val,gaussian_noise,2081672023430139435,,,,0.040225133260916764,42,1,1,scab,0,-3.5213645,2.6633632,-2.772822,42
10f1b2ad91f8bdd88963,data/plantvillage/raw/color/Apple___Apple_scab/89888e39-a951-4507-a9c4-193aead90f64___FREC_Scab 3160.JPG,scab,1,g0339,s_reliability,reliability_train,original,,,,,,42,1,1,scab,0,-2.3790965,1.1954966,-1.8341435,42
63b855f1dcc8ef2afd1f,data/plantvillage/raw/color/Apple___Apple_scab/89888e39-a951-4507-a9c4-193aead90f64___FREC_Scab 3160.JPG,scab,1,g0339,s_reliability,reliability_train,brightness,7999899811881368054,1.242118521306749,,,,42,1,1,scab,0,-2.688516,1.152216,-1.618848,42
6495a478ba5fc6b245b2,data/plantvillage/raw/color/Apple___Apple_scab/89888e39-a951-4507-a9c4-193aead90f64___FREC_Scab 3160.JPG,scab,1,g0339,s_reliability,reliability_train,contrast,103942717400153926,,0.9914238871260477,,,42,1,1,scab,0,-2.4229434,1.267512,-1.8697461,42
28c85cd36c1545a78334,data/plantvillage/raw/color/Apple___Apple_scab/89888e39-a951-4507-a9c4-193aead90f64___FREC_Scab 3160.JPG,scab,1,g0339,s_reliability,reliability_train,gaussian_blur,3239714277236538455,,,0.804029845258798,,42,1,1,scab,0,-2.5455317,0.8085382,-0.5611124,42
08dcf01df10b9969f4a6,data/plantvillage/raw/color/Apple___Apple_scab/89888e39-a951-4507-a9c4-193aead90f64___FREC_Scab 3160.JPG,scab,1,g0339,s_reliability,reliability_train,gaussian_noise,2240827342697216255,,,,0.017791419555193345,42,1,1,scab,0,-2.348818,1.4473007,-2.0492618,42
ad209ce369142e41650c,data/plantvillage/raw/color/Apple___Apple_scab/919f1400-c9b6-4343-9708-0e70deabb85d___FREC_Scab 2941.JPG,scab,1,g0357,s_reliability,reliability_train,original,,,,,,42,1,1,scab,0,-2.3761022,3.3266163,-3.9026458,42
b59f81256d062974d334,data/plantvillage/raw/color/Apple___Apple_scab/919f1400-c9b6-4343-9708-0e70deabb85d___FREC_Scab 2941.JPG,scab,1,g0357,s_reliability,reliability_train,brightness,7291232184966838105,0.9596275398208107,,,,42,1,1,scab,0,-2.4606535,3.4043915,-3.8913784,42
f8f9d2e9c9b9c77e724d,data/plantvillage/raw/color/Apple___Apple_scab/919f1400-c9b6-4343-9708-0e70deabb85d___FREC_Scab 2941.JPG,scab,1,g0357,s_reliability,reliability_train,contrast,4229481435769825965,,1.27100283917368,,,42,1,1,scab,0,-2.576279,3.3481019,-3.7174668,42
5517d859c1a51bf40c1b,data/plantvillage/raw/color/Apple___Apple_scab/919f1400-c9b6-4343-9708-0e70deabb85d___FREC_Scab 2941.JPG,scab,1,g0357,s_reliability,reliability_train,gaussian_blur,2459335558620762044,,,1.1404076218528503,,42,1,1,scab,0,-3.5958588,4.1516137,-2.4012935,42
a870978fa992b2a390bf,data/plantvillage/raw/color/Apple___Apple_scab/919f1400-c9b6-4343-9708-0e70deabb85d___FREC_Scab 2941.JPG,scab,1,g0357,s_reliability,reliability_train,gaussian_noise,4558413050314961557,,,,0.01660422802340984,42,1,1,scab,0,-2.553386,3.4231477,-3.89569,42
f343c0dca7d515c56e0f,data/plantvillage/raw/color/Apple___Apple_scab/96a26f9f-76b9-456a-b39f-d390ff20bc58___FREC_Scab 3257.JPG,scab,1,g0365,s_reliability,reliability_train,original,,,,,,42,1,1,scab,0,-1.182872,2.2921512,-2.9325802,42
c25b77fd3e31d6e3db30,data/plantvillage/raw/color/Apple___Apple_scab/96a26f9f-76b9-456a-b39f-d390ff20bc58___FREC_Scab 3257.JPG,scab,1,g0365,s_reliability,reliability_train,brightness,7653376811334616251,1.2709834489802296,,,,42,1,1,scab,0,-1.0011003,2.351042,-3.134111,42
328d9bab338cd2d3725b,data/plantvillage/raw/color/Apple___Apple_scab/96a26f9f-76b9-456a-b39f-d390ff20bc58___FREC_Scab 3257.JPG,scab,1,g0365,s_reliability,reliability_train,contrast,8744010153981327809,,1.0739582328674893,,,42,1,1,scab,0,-1.2112638,2.320814,-2.9449942,42
1ec7f6a5e503c52c7042,data/plantvillage/raw/color/Apple___Apple_scab/96a26f9f-76b9-456a-b39f-d390ff20bc58___FREC_Scab 3257.JPG,scab,1,g0365,s_reliability,reliability_train,gaussian_blur,3847857722964603062,,,0.5058644441117534,,42,1,1,scab,0,-1.0578501,2.036162,-2.6032283,42
7880152399cc7413e1c7,data/plantvillage/raw/color/Apple___Apple_scab/96a26f9f-76b9-456a-b39f-d390ff20bc58___FREC_Scab 3257.JPG,scab,1,g0365,s_reliability,reliability_train,gaussian_noise,5876893559867988121,,,,0.011128629955999881,42,1,1,scab,0,-1.2031667,2.2808983,-2.9080987,42
83bd16fc76897715e13a,data/plantvillage/raw/color/Apple___Apple_scab/98259104-a5dd-4751-88f2-27923a2317a3___FREC_Scab 3419.JPG,scab,1,g0371,s_reliability,reliability_val,original,,,,,,42,1,1,scab,0,-4.1492634,2.3609703,-1.7213597,42
e2ebe2210dea50740bec,data/plantvillage/raw/color/Apple___Apple_scab/98259104-a5dd-4751-88f2-27923a2317a3___FREC_Scab 3419.JPG,scab,1,g0371,s_reliability,reliability_val,brightness,2797364946854429153,0.9296092049596162,,,,42,1,1,scab,0,-3.8767643,2.352584,-1.884993,42
a2efd6b89137bbc6fdcf,data/plantvillage/raw/color/Apple___Apple_scab/98259104-a5dd-4751-88f2-27923a2317a3___FREC_Scab 3419.JPG,scab,1,g0371,s_reliability,reliability_val,contrast,1017633337604123648,,0.7759712371763897,,,42,1,1,scab,0,-3.9322205,2.3597715,-1.950998,42
eeca04c60aaf4255fc57,data/plantvillage/raw/color/Apple___Apple_scab/98259104-a5dd-4751-88f2-27923a2317a3___FREC_Scab 3419.JPG,scab,1,g0371,s_reliability,reliability_val,gaussian_blur,6487314559361869197,,,0.7347229887879989,,42,1,1,scab,0,-4.2039557,2.1487875,-0.8317598,42
3342e794853e97ad9df4,data/plantvillage/raw/color/Apple___Apple_scab/98259104-a5dd-4751-88f2-27923a2317a3___FREC_Scab 3419.JPG,scab,1,g0371,s_reliability,reliability_val,gaussian_noise,7089023240552477292,,,,0.011522791966816444,42,1,1,scab,0,-4.147095,2.3573053,-1.7856096,42
d379f8a4485183130f6f,data/plantvillage/raw/color/Apple___Apple_scab/9cbb6419-1670-45d5-a8ad-90cf9eaac971___FREC_Scab 3075.JPG,scab,1,g0383,s_reliability,reliability_train,original,,,,,,42,1,1,scab,0,-0.6378569,1.2224166,-3.8210223,42
6364f15d6b4e1241c1a9,data/plantvillage/raw/color/Apple___Apple_scab/9cbb6419-1670-45d5-a8ad-90cf9eaac971___FREC_Scab 3075.JPG,scab,1,g0383,s_reliability,reliability_train,brightness,1850951819499431885,1.166444388316924,,,,42,1,1,scab,0,-0.2838201,0.9478666,-3.840061,42
6e829af8dd925d24578e,data/plantvillage/raw/color/Apple___Apple_scab/9cbb6419-1670-45d5-a8ad-90cf9eaac971___FREC_Scab 3075.JPG,scab,1,g0383,s_reliability,reliability_train,contrast,218342791560945139,,0.7855965386199362,,,42,1,1,scab,0,-0.82149416,1.3638009,-3.675261,42
d4a568994bd026b8209f,data/plantvillage/raw/color/Apple___Apple_scab/9cbb6419-1670-45d5-a8ad-90cf9eaac971___FREC_Scab 3075.JPG,scab,1,g0383,s_reliability,reliability_train,gaussian_blur,5619970845224002902,,,0.6913559934988492,,42,1,1,scab,0,-1.6440845,0.9695923,-1.6204112,42
2d4db0c98d3bd791a0a5,data/plantvillage/raw/color/Apple___Apple_scab/9cbb6419-1670-45d5-a8ad-90cf9eaac971___FREC_Scab 3075.JPG,scab,1,g0383,s_reliability,reliability_train,gaussian_noise,8394577066369361894,,,,0.016390569548083968,42,1,1,scab,0,-0.7249706,1.2488176,-3.7733743,42
87f27855f5da6d219580,data/plantvillage/raw/color/Apple___Apple_scab/a038a218-4c69-4f5a-9887-80fac9888782___FREC_Scab 3008.JPG,scab,1,g0394,s_reliability,reliability_val,original,,,,,,42,1,1,scab,0,-5.7689495,4.7054424,-2.9167027,42
6e8da2411b9b640abf17,data/plantvillage/raw/color/Apple___Apple_scab/a038a218-4c69-4f5a-9887-80fac9888782___FREC_Scab 3008.JPG,scab,1,g0394,s_reliability,reliability_val,brightness,4465219466980065858,1.1910408515472002,,,,42,1,1,scab,0,-6.0408487,4.8444114,-2.7878554,42
bf46f5c507f2f981e828,data/plantvillage/raw/color/Apple___Apple_scab/a038a218-4c69-4f5a-9887-80fac9888782___FREC_Scab 3008.JPG,scab,1,g0394,s_reliability,reliability_val,contrast,8315305878688998997,,0.7239109972456986,,,42,1,1,scab,0,-5.078963,4.2515373,-3.2071106,42
457389355c53d10e01f5,data/plantvillage/raw/color/Apple___Apple_scab/a038a218-4c69-4f5a-9887-80fac9888782___FREC_Scab 3008.JPG,scab,1,g0394,s_reliability,reliability_val,gaussian_blur,5205811605053547889,,,0.9656886665401103,,42,1,1,scab,0,-4.77024,3.2858417,-1.6665738,42
5f7acb69c64d2c03b69b,data/plantvillage/raw/color/Apple___Apple_scab/a038a218-4c69-4f5a-9887-80fac9888782___FREC_Scab 3008.JPG,scab,1,g0394,s_reliability,reliability_val,gaussian_noise,2406714495365171957,,,,0.0218380832151159,42,1,1,scab,0,-5.684385,4.8836446,-3.2462227,42
2067a186969f2197601f,data/plantvillage/raw/color/Apple___Apple_scab/a5ed05d8-9815-41b7-b481-332e48cfde56___FREC_Scab 3415.JPG,scab,1,g0403,s_reliability,reliability_train,original,,,,,,42,1,1,scab,0,-5.541854,2.481655,-0.82954305,42
b6e9677c56d987026eb9,data/plantvillage/raw/color/Apple___Apple_scab/a5ed05d8-9815-41b7-b481-332e48cfde56___FREC_Scab 3415.JPG,scab,1,g0403,s_reliability,reliability_train,brightness,1704908280373140782,1.0020710454102604,,,,42,1,1,scab,0,-5.541854,2.481655,-0.82954305,42
f72e48e9cd8cdcb0b09b,data/plantvillage/raw/color/Apple___Apple_scab/a5ed05d8-9815-41b7-b481-332e48cfde56___FREC_Scab 3415.JPG,scab,1,g0403,s_reliability,reliability_train,contrast,8384157559531937856,,1.2182995442373656,,,42,1,1,scab,0,-6.3229494,2.524601,-0.28705743,42
f4c9b6d9a83010102556,data/plantvillage/raw/color/Apple___Apple_scab/a5ed05d8-9815-41b7-b481-332e48cfde56___FREC_Scab 3415.JPG,scab,1,g0403,s_reliability,reliability_train,gaussian_blur,8674457119490103003,,,0.9722693884644846,,42,1,1,scab,0,-6.6906505,3.6891427,-0.59952855,42
60fb7bcc2e00b319fceb,data/plantvillage/raw/color/Apple___Apple_scab/a5ed05d8-9815-41b7-b481-332e48cfde56___FREC_Scab 3415.JPG,scab,1,g0403,s_reliability,reliability_train,gaussian_noise,8845035162174302948,,,,0.010748986291998977,42,1,1,scab,0,-5.636033,2.4889815,-0.8180787,42
5f4c2abd6823888e0d5f,data/plantvillage/raw/color/Apple___Apple_scab/a72a9033-d2b9-4c64-93bc-7e5a1a0ea4ae___FREC_Scab 3284.JPG,scab,1,g0405,s_reliability,reliability_val,original,,,,,,42,1,1,scab,0,-5.014309,4.798077,-3.7572052,42
8df2f9ea4443e804d4cb,data/plantvillage/raw/color/Apple___Apple_scab/a72a9033-d2b9-4c64-93bc-7e5a1a0ea4ae___FREC_Scab 3284.JPG,scab,1,g0405,s_reliability,reliability_val,brightness,2377086299634206583,1.1782416269313285,,,,42,1,1,scab,0,-4.755319,4.6506133,-3.786015,42
b6176092af9e41213502,data/plantvillage/raw/color/Apple___Apple_scab/a72a9033-d2b9-4c64-93bc-7e5a1a0ea4ae___FREC_Scab 3284.JPG,scab,1,g0405,s_reliability,reliability_val,contrast,6922890226299703011,,1.2856323211344844,,,42,1,1,scab,0,-4.76826,4.6916637,-3.9257793,42
48e4ff044cc9ca97dcb0,data/plantvillage/raw/color/Apple___Apple_scab/a72a9033-d2b9-4c64-93bc-7e5a1a0ea4ae___FREC_Scab 3284.JPG,scab,1,g0405,s_reliability,reliability_val,gaussian_blur,7150571665743401991,,,1.2279062408114485,,42,1,1,scab,0,-7.2971244,5.0443444,-0.8673222,42
b41ea2069db620c19977,data/plantvillage/raw/color/Apple___Apple_scab/a72a9033-d2b9-4c64-93bc-7e5a1a0ea4ae___FREC_Scab 3284.JPG,scab,1,g0405,s_reliability,reliability_val,gaussian_noise,4712738225410308663,,,,0.01430492255727778,42,1,1,scab,0,-4.9633694,4.792534,-3.8014746,42
2b8ec2160d717dbbea09,data/plantvillage/raw/color/Apple___Apple_scab/a8037811-6ce4-4611-ace1-1b6492374135___FREC_Scab 3126.JPG,scab,1,g0407,s_reliability,reliability_train,original,,,,,,42,1,1,scab,0,-6.3613973,4.67321,-2.3364556,42
08ab068f72cf1788f3b6,data/plantvillage/raw/color/Apple___Apple_scab/a8037811-6ce4-4611-ace1-1b6492374135___FREC_Scab 3126.JPG,scab,1,g0407,s_reliability,reliability_train,brightness,2057116001210596951,1.2055235532815556,,,,42,1,1,scab,0,-7.2427526,5.225683,-2.1717548,42
b1e5e31859a0b7324bb1,data/plantvillage/raw/color/Apple___Apple_scab/a8037811-6ce4-4611-ace1-1b6492374135___FREC_Scab 3126.JPG,scab,1,g0407,s_reliability,reliability_train,contrast,2675926225371813669,,1.0028627952905367,,,42,1,1,scab,0,-6.2338605,4.6226745,-2.3829148,42
528ca022392114986c2e,data/plantvillage/raw/color/Apple___Apple_scab/a8037811-6ce4-4611-ace1-1b6492374135___FREC_Scab 3126.JPG,scab,1,g0407,s_reliability,reliability_train,gaussian_blur,2546380914940990811,,,1.2585899876256224,,42,1,1,scab,0,-5.140889,4.416339,-1.6648767,42
1fa97d8c8bed7d2c0e7c,data/plantvillage/raw/color/Apple___Apple_scab/a8037811-6ce4-4611-ace1-1b6492374135___FREC_Scab 3126.JPG,scab,1,g0407,s_reliability,reliability_train,gaussian_noise,5525242714913217209,,,,0.04103626006666803,42,1,1,scab,0,-7.179158,5.3058414,-2.2611177,42
0ec2021184e762ab4e5d,data/plantvillage/raw/color/Apple___Apple_scab/ab0ab3b2-0893-46c6-8f66-9469e8340b64___FREC_Scab 3368.JPG,scab,1,g0410,s_reliability,reliability_train,original,,,,,,42,1,1,scab,0,-2.5597699,1.7665579,-2.0364513,42
5ce4af3bc5ba4b23a751,data/plantvillage/raw/color/Apple___Apple_scab/ab0ab3b2-0893-46c6-8f66-9469e8340b64___FREC_Scab 3368.JPG,scab,1,g0410,s_reliability,reliability_train,brightness,4788969250749392695,1.1174911556575835,,,,42,1,1,scab,0,-2.502646,1.672454,-2.0236018,42
18f73e7c7bdceb4f7c69,data/plantvillage/raw/color/Apple___Apple_scab/ab0ab3b2-0893-46c6-8f66-9469e8340b64___FREC_Scab 3368.JPG,scab,1,g0410,s_reliability,reliability_train,contrast,5841407205970463613,,0.7708930557407264,,,42,1,1,scab,0,-2.0411935,1.862984,-2.6454246,42
ce0c04fe0d0f54152e9f,data/plantvillage/raw/color/Apple___Apple_scab/ab0ab3b2-0893-46c6-8f66-9469e8340b64___FREC_Scab 3368.JPG,scab,1,g0410,s_reliability,reliability_train,gaussian_blur,3754378124718127911,,,1.1192939848862193,,42,1,1,scab,0,-3.0949633,1.254312,-0.5071473,42
f4325fc0f9e2313fee11,data/plantvillage/raw/color/Apple___Apple_scab/ab0ab3b2-0893-46c6-8f66-9469e8340b64___FREC_Scab 3368.JPG,scab,1,g0410,s_reliability,reliability_train,gaussian_noise,1522000759448134004,,,,0.045664478224643534,42,1,1,scab,0,-2.4419339,2.1318524,-2.477843,42
8ecde4258b6d21e9a639,data/plantvillage/raw/color/Apple___Apple_scab/b0586996-77d5-4d02-8112-14eb67895bcf___FREC_Scab 3000.JPG,scab,1,g0431,s_reliability,reliability_train,original,,,,,,42,1,1,scab,0,-4.737057,1.9497267,-1.6042182,42
6660ea6193779d19aabd,data/plantvillage/raw/color/Apple___Apple_scab/b0586996-77d5-4d02-8112-14eb67895bcf___FREC_Scab 3000.JPG,scab,1,g0431,s_reliability,reliability_train,brightness,7952927110340610202,0.8005466958293288,,,,42,1,1,scab,0,-4.916172,1.9833529,-1.4944957,42
ff0aed4abe7651b72ce0,data/plantvillage/raw/color/Apple___Apple_scab/b0586996-77d5-4d02-8112-14eb67895bcf___FREC_Scab 3000.JPG,scab,1,g0431,s_reliability,reliability_train,contrast,1682118691116095476,,1.2686159429884376,,,42,1,1,scab,0,-4.914662,1.8209933,-1.3515567,42
79ab145fa7716ff591ba,data/plantvillage/raw/color/Apple___Apple_scab/b0586996-77d5-4d02-8112-14eb67895bcf___FREC_Scab 3000.JPG,scab,1,g0431,s_reliability,reliability_train,gaussian_blur,1768265474320354651,,,0.5156839472162262,,42,1,1,scab,0,-5.645227,2.1185222,-0.66885144,42
f65e2e9715887954d2ae,data/plantvillage/raw/color/Apple___Apple_scab/b0586996-77d5-4d02-8112-14eb67895bcf___FREC_Scab 3000.JPG,scab,1,g0431,s_reliability,reliability_train,gaussian_noise,6142001892156142873,,,,0.032026510434003515,42,1,1,scab,0,-4.939538,2.1151981,-1.7076589,42
3cce3a86f7812c80d3dc,data/plantvillage/raw/color/Apple___Apple_scab/b0613c0d-0e9d-4e47-9743-57f5da39a092___FREC_Scab 3311.JPG,scab,1,g0432,s_reliability,reliability_train,original,,,,,,42,1,1,scab,0,-1.528473,0.91180134,-2.758241,42
aecaeac03d0f0f89a7d0,data/plantvillage/raw/color/Apple___Apple_scab/b0613c0d-0e9d-4e47-9743-57f5da39a092___FREC_Scab 3311.JPG,scab,1,g0432,s_reliability,reliability_train,brightness,6172278537448813350,1.0997443321307243,,,,42,1,1,scab,0,-1.4847986,0.864597,-2.7317152,42
8b2e5884a5476c31d7a5,data/plantvillage/raw/color/Apple___Apple_scab/b0613c0d-0e9d-4e47-9743-57f5da39a092___FREC_Scab 3311.JPG,scab,1,g0432,s_reliability,reliability_train,contrast,1013514562999877203,,1.1473995946261688,,,42,1,1,scab,0,-1.650814,1.0347918,-2.8013237,42
f28680e6b7e83e17757e,data/plantvillage/raw/color/Apple___Apple_scab/b0613c0d-0e9d-4e47-9743-57f5da39a092___FREC_Scab 3311.JPG,scab,1,g0432,s_reliability,reliability_train,gaussian_blur,146687812428361123,,,1.3328799429403104,,42,1,1,scab,0,-4.571456,2.7772775,-0.59883326,42
8cacfd06f09d6f62e2cc,data/plantvillage/raw/color/Apple___Apple_scab/b0613c0d-0e9d-4e47-9743-57f5da39a092___FREC_Scab 3311.JPG,scab,1,g0432,s_reliability,reliability_train,gaussian_noise,5541221097288159030,,,,0.03636296554504123,42,1,1,scab,0,-1.2403368,0.76009995,-2.820321,42
139687ee362b5e9d21d9,data/plantvillage/raw/color/Apple___Apple_scab/b0744c40-7396-4efb-9d0e-d7b1f22a9dd4___FREC_Scab 3407.JPG,scab,1,g0433,s_reliability,reliability_train,original,,,,,,42,1,1,scab,0,-2.232097,0.26442146,-1.887988,42
86f4c74c6d89ffd37de5,data/plantvillage/raw/color/Apple___Apple_scab/b0744c40-7396-4efb-9d0e-d7b1f22a9dd4___FREC_Scab 3407.JPG,scab,1,g0433,s_reliability,reliability_train,brightness,1609017618644415397,1.2390458843753267,,,,42,1,1,scab,0,-2.8404636,0.59806854,-1.6963427,42
ba608d2e08bff74ea096,data/plantvillage/raw/color/Apple___Apple_scab/b0744c40-7396-4efb-9d0e-d7b1f22a9dd4___FREC_Scab 3407.JPG,scab,1,g0433,s_reliability,reliability_train,contrast,8122881908581990286,,0.8354148612602539,,,42,1,1,scab,0,-1.9060827,0.009482536,-1.9461752,42
3d88c6c3fe5e3d940e71,data/plantvillage/raw/color/Apple___Apple_scab/b0744c40-7396-4efb-9d0e-d7b1f22a9dd4___FREC_Scab 3407.JPG,scab,1,g0433,s_reliability,reliability_train,gaussian_blur,7940787263788009057,,,0.6832736244122987,,42,1,1,scab,0,-2.4045353,0.5524112,-1.5063266,42
41d4191673536562db86,data/plantvillage/raw/color/Apple___Apple_scab/b0744c40-7396-4efb-9d0e-d7b1f22a9dd4___FREC_Scab 3407.JPG,scab,1,g0433,s_reliability,reliability_train,gaussian_noise,9169424454154666307,,,,0.03610123226940445,42,1,1,scab,0,-1.9636694,0.27463192,-2.11822,42
e4677a6470409be9094d,data/plantvillage/raw/color/Apple___Apple_scab/b18d07ee-d2e2-4cc2-876c-e03e3839f3b6___FREC_Scab 3427.JPG,scab,1,g0436,s_reliability,reliability_val,original,,,,,,42,1,1,scab,0,-5.740094,2.9935803,-0.2189407,42
0e06b7e8eeb8be804408,data/plantvillage/raw/color/Apple___Apple_scab/b18d07ee-d2e2-4cc2-876c-e03e3839f3b6___FREC_Scab 3427.JPG,scab,1,g0436,s_reliability,reliability_val,brightness,5433962825758649428,0.9147716091463571,,,,42,1,1,scab,0,-5.4020286,3.0112054,-0.3355287,42
4f6ef275cbe5ea78577e,data/plantvillage/raw/color/Apple___Apple_scab/b18d07ee-d2e2-4cc2-876c-e03e3839f3b6___FREC_Scab 3427.JPG,scab,1,g0436,s_reliability,reliability_val,contrast,2668337899190834538,,0.7244912832023105,,,42,1,1,scab,0,-5.3846416,3.183359,-0.6006245,42
c3345aebf33e31d10db3,data/plantvillage/raw/color/Apple___Apple_scab/b18d07ee-d2e2-4cc2-876c-e03e3839f3b6___FREC_Scab 3427.JPG,scab,1,g0436,s_reliability,reliability_val,gaussian_blur,7790059197010771626,,,1.2970322295228995,,42,1,1,scab,0,-2.2025359,0.65095484,0.30173534,42
f030d5165dc9c9b789e6,data/plantvillage/raw/color/Apple___Apple_scab/b18d07ee-d2e2-4cc2-876c-e03e3839f3b6___FREC_Scab 3427.JPG,scab,1,g0436,s_reliability,reliability_val,gaussian_noise,4015773787956737214,,,,0.0350032266694089,42,1,1,scab,0,-6.4062557,3.8368013,-0.67378855,42
8d32cc37b2803feff689,data/plantvillage/raw/color/Apple___Apple_scab/b3b884bb-55ff-42dd-81d6-d8260acd4ad5___FREC_Scab 3281.JPG,scab,1,g0443,s_reliability,reliability_train,original,,,,,,42,1,1,scab,0,-5.821134,2.4872074,-0.59819394,42
2f685aeadd1f4cc3aa9d,data/plantvillage/raw/color/Apple___Apple_scab/b3b884bb-55ff-42dd-81d6-d8260acd4ad5___FREC_Scab 3281.JPG,scab,1,g0443,s_reliability,reliability_train,brightness,5461517828774389606,1.2234658644013359,,,,42,1,1,scab,0,-5.5497026,2.4154606,-0.69661033,42
8972082bf555d6870e7d,data/plantvillage/raw/color/Apple___Apple_scab/b3b884bb-55ff-42dd-81d6-d8260acd4ad5___FREC_Scab 3281.JPG,scab,1,g0443,s_reliability,reliability_train,contrast,6038178116403214232,,1.1273075715292218,,,42,1,1,scab,0,-5.7173324,2.5438182,-0.7322197,42
5ef049f1f821568b4db5,data/plantvillage/raw/color/Apple___Apple_scab/b3b884bb-55ff-42dd-81d6-d8260acd4ad5___FREC_Scab 3281.JPG,scab,1,g0443,s_reliability,reliability_train,gaussian_blur,5387607463794845550,,,1.269636251700902,,42,1,1,scab,0,-5.1217265,1.699161,0.86680084,42
4f5d965683ee4444c67e,data/plantvillage/raw/color/Apple___Apple_scab/b3b884bb-55ff-42dd-81d6-d8260acd4ad5___FREC_Scab 3281.JPG,scab,1,g0443,s_reliability,reliability_train,gaussian_noise,8786791336174513931,,,,0.018169393079627352,42,1,1,scab,0,-5.8231936,2.5308566,-0.6736878,42
3e88d4f799d766a05ec8,data/plantvillage/raw/color/Apple___Apple_scab/b8829a11-a69e-479f-977e-3890cd1d76b1___FREC_Scab 3144.JPG,scab,1,g0453,s_reliability,reliability_train,original,,,,,,42,1,1,scab,0,-4.287349,4.700972,-4.4347196,42
35ded7b75bcd34320625,data/plantvillage/raw/color/Apple___Apple_scab/b8829a11-a69e-479f-977e-3890cd1d76b1___FREC_Scab 3144.JPG,scab,1,g0453,s_reliability,reliability_train,brightness,9208391134091162618,1.2966174251468763,,,,42,1,1,scab,0,-4.7239428,5.0208592,-4.3478336,42
0f245bc4256ea8ef219d,data/plantvillage/raw/color/Apple___Apple_scab/b8829a11-a69e-479f-977e-3890cd1d76b1___FREC_Scab 3144.JPG,scab,1,g0453,s_reliability,reliability_train,contrast,3986822183545302436,,1.1339712179014942,,,42,1,1,scab,0,-4.3400135,4.7213807,-4.3528786,42
76297e4245fafe341dc4,data/plantvillage/raw/color/Apple___Apple_scab/b8829a11-a69e-479f-977e-3890cd1d76b1___FREC_Scab 3144.JPG,scab,1,g0453,s_reliability,reliability_train,gaussian_blur,3349524784584136445,,,0.9949320927284397,,42,1,1,scab,0,-3.3516548,3.7404318,-3.0949235,42
5abb3a191b9fe5be5133,data/plantvillage/raw/color/Apple___Apple_scab/b8829a11-a69e-479f-977e-3890cd1d76b1___FREC_Scab 3144.JPG,scab,1,g0453,s_reliability,reliability_train,gaussian_noise,2704871248453107028,,,,0.018723209323668968,42,1,1,scab,0,-4.341113,4.7661324,-4.504726,42
d47687613327a6e60ced,data/plantvillage/raw/color/Apple___Apple_scab/bb495423-1617-447c-95cd-52ebabee1a59___FREC_Scab 3199.JPG,scab,1,g0462,s_reliability,reliability_train,original,,,,,,42,1,1,scab,0,-8.230878,4.5487328,-0.98973566,42
dea535d0d61da33d4ac9,data/plantvillage/raw/color/Apple___Apple_scab/bb495423-1617-447c-95cd-52ebabee1a59___FREC_Scab 3199.JPG,scab,1,g0462,s_reliability,reliability_train,brightness,2018697273479206254,0.7929530153377916,,,,42,1,1,scab,0,-7.8230195,4.675165,-1.3805003,42
27e2628ff908e0929816,data/plantvillage/raw/color/Apple___Apple_scab/bb495423-1617-447c-95cd-52ebabee1a59___FREC_Scab 3199.JPG,scab,1,g0462,s_reliability,reliability_train,contrast,8412044584008800215,,1.1723301658138026,,,42,1,1,scab,0,-8.592598,4.5800824,-0.62595165,42
0b57f353d7c7067fd355,data/plantvillage/raw/color/Apple___Apple_scab/bb495423-1617-447c-95cd-52ebabee1a59___FREC_Scab 3199.JPG,scab,1,g0462,s_reliability,reliability_train,gaussian_blur,5705864144467659981,,,1.0477104495454186,,42,1,1,scab,0,-7.793021,3.8195016,-0.11800353,42
c0b7581d57c025349485,data/plantvillage/raw/color/Apple___Apple_scab/bb495423-1617-447c-95cd-52ebabee1a59___FREC_Scab 3199.JPG,scab,1,g0462,s_reliability,reliability_train,gaussian_noise,483512743947929753,,,,0.018217618647453283,42,1,1,scab,0,-8.34563,5.1197143,-1.6089674,42
059e63d71753c46c4329,data/plantvillage/raw/color/Apple___Apple_scab/bc93b0fd-568f-4969-9d2d-c94d5f340e7e___FREC_Scab 3357.JPG,scab,1,g0467,s_reliability,reliability_train,original,,,,,,42,1,1,scab,0,-7.094171,6.0682526,-1.9402487,42
1723553b51c052118452,data/plantvillage/raw/color/Apple___Apple_scab/bc93b0fd-568f-4969-9d2d-c94d5f340e7e___FREC_Scab 3357.JPG,scab,1,g0467,s_reliability,reliability_train,brightness,9048915088103010195,1.1710924533531353,,,,42,1,1,scab,0,-7.3409843,6.0509524,-1.756485,42
367deb4b825b6794c7ad,data/plantvillage/raw/color/Apple___Apple_scab/bc93b0fd-568f-4969-9d2d-c94d5f340e7e___FREC_Scab 3357.JPG,scab,1,g0467,s_reliability,reliability_train,contrast,5419950300952988657,,0.9205933367473454,,,42,1,1,scab,0,-6.939049,5.988744,-1.9795824,42
fee0763ee59d95e185b2,data/plantvillage/raw/color/Apple___Apple_scab/bc93b0fd-568f-4969-9d2d-c94d5f340e7e___FREC_Scab 3357.JPG,scab,1,g0467,s_reliability,reliability_train,gaussian_blur,3283230730986264959,,,0.9760748037583175,,42,1,1,scab,0,-8.131679,5.3670287,-0.07826337,42
ea41281b3e657f0a0a0e,data/plantvillage/raw/color/Apple___Apple_scab/bc93b0fd-568f-4969-9d2d-c94d5f340e7e___FREC_Scab 3357.JPG,scab,1,g0467,s_reliability,reliability_train,gaussian_noise,3335663107226196639,,,,0.04005313934494088,42,1,1,scab,0,-7.0453377,6.332198,-2.3705068,42
853d4fde46c548ef939b,data/plantvillage/raw/color/Apple___Apple_scab/bce3ba0b-a142-4b28-8cb3-eb6bb6a3b8a2___FREC_Scab 3142.JPG,scab,1,g0469,s_reliability,reliability_val,original,,,,,,42,1,1,scab,0,-4.289253,5.2586994,-4.5534787,42
a452968b3d44ba0eab49,data/plantvillage/raw/color/Apple___Apple_scab/bce3ba0b-a142-4b28-8cb3-eb6bb6a3b8a2___FREC_Scab 3142.JPG,scab,1,g0469,s_reliability,reliability_val,brightness,747806228863782219,0.8468123651134889,,,,42,1,1,scab,0,-4.294254,5.463432,-4.7998705,42
90bc4b04cd9196e1abeb,data/plantvillage/raw/color/Apple___Apple_scab/bce3ba0b-a142-4b28-8cb3-eb6bb6a3b8a2___FREC_Scab 3142.JPG,scab,1,g0469,s_reliability,reliability_val,contrast,2337357180637813691,,1.2466547931267542,,,42,1,1,scab,0,-4.6246147,5.3256087,-4.236803,42
6760318c5ba5b07c1d83,data/plantvillage/raw/color/Apple___Apple_scab/bce3ba0b-a142-4b28-8cb3-eb6bb6a3b8a2___FREC_Scab 3142.JPG,scab,1,g0469,s_reliability,reliability_val,gaussian_blur,4315696719489736644,,,0.9610238434612566,,42,1,1,scab,0,-4.194936,4.6733646,-3.2438338,42
a16e1eb59be0104f087c,data/plantvillage/raw/color/Apple___Apple_scab/bce3ba0b-a142-4b28-8cb3-eb6bb6a3b8a2___FREC_Scab 3142.JPG,scab,1,g0469,s_reliability,reliability_val,gaussian_noise,9172706799142511284,,,,0.023358334001009867,42,1,1,scab,0,-4.200375,5.2319922,-4.704561,42
5d1f93bd32ea557bca4f,data/plantvillage/raw/color/Apple___Apple_scab/be076652-b1bd-430c-a752-db525c1dfcfd___FREC_Scab 3367.JPG,scab,1,g0473,s_reliability,reliability_train,original,,,,,,42,1,1,scab,0,-1.0421487,1.8683652,-3.507428,42
2e470596efc5b03f414c,data/plantvillage/raw/color/Apple___Apple_scab/be076652-b1bd-430c-a752-db525c1dfcfd___FREC_Scab 3367.JPG,scab,1,g0473,s_reliability,reliability_train,brightness,468891839519133375,1.248345642282966,,,,42,1,1,scab,0,-1.617561,1.8090644,-3.1965446,42
809f2fe0a4c1c70649c0,data/plantvillage/raw/color/Apple___Apple_scab/be076652-b1bd-430c-a752-db525c1dfcfd___FREC_Scab 3367.JPG,scab,1,g0473,s_reliability,reliability_train,contrast,6026906208576622841,,1.1639772761704485,,,42,1,1,scab,0,-1.2820214,1.9937369,-3.4667983,42
9e42d05ce12e2e70736a,data/plantvillage/raw/color/Apple___Apple_scab/be076652-b1bd-430c-a752-db525c1dfcfd___FREC_Scab 3367.JPG,scab,1,g0473,s_reliability,reliability_train,gaussian_blur,140681850239679399,,,0.7143439654814951,,42,1,1,scab,0,-1.2627511,1.2648605,-2.3207955,42
1de364be7265b434f79c,data/plantvillage/raw/color/Apple___Apple_scab/be076652-b1bd-430c-a752-db525c1dfcfd___FREC_Scab 3367.JPG,scab,1,g0473,s_reliability,reliability_train,gaussian_noise,4873517827082130453,,,,0.01423058263930323,42,1,1,scab,0,-0.995244,1.8329648,-3.5822825,42
66c0e692df07aed6c5c9,data/plantvillage/raw/color/Apple___Apple_scab/be10c6a0-b99b-4c91-b78f-141a12beb70c___FREC_Scab 3106.JPG,scab,1,g0475,s_reliability,reliability_train,original,,,,,,42,1,1,scab,0,-3.853911,2.0493736,-2.2281146,42
a1e38ba685b57121b01f,data/plantvillage/raw/color/Apple___Apple_scab/be10c6a0-b99b-4c91-b78f-141a12beb70c___FREC_Scab 3106.JPG,scab,1,g0475,s_reliability,reliability_train,brightness,2093234416634640291,1.2577250415163055,,,,42,1,1,scab,0,-3.4085457,2.1918793,-2.4663014,42
20784a8f1e297b710d98,data/plantvillage/raw/color/Apple___Apple_scab/be10c6a0-b99b-4c91-b78f-141a12beb70c___FREC_Scab 3106.JPG,scab,1,g0475,s_reliability,reliability_train,contrast,8840685647281328029,,0.9901560648770938,,,42,1,1,scab,0,-3.8355238,2.0274892,-2.2217178,42
c26b5befad8ceb7ee73d,data/plantvillage/raw/color/Apple___Apple_scab/be10c6a0-b99b-4c91-b78f-141a12beb70c___FREC_Scab 3106.JPG,scab,1,g0475,s_reliability,reliability_train,gaussian_blur,7092477757485316286,,,1.0848046155918925,,42,1,1,scab,0,-3.988609,2.192014,-0.82332665,42
7730aba2086d387de00f,data/plantvillage/raw/color/Apple___Apple_scab/be10c6a0-b99b-4c91-b78f-141a12beb70c___FREC_Scab 3106.JPG,scab,1,g0475,s_reliability,reliability_train,gaussian_noise,7578189388239776933,,,,0.03779423464533834,42,1,1,scab,0,-3.842027,2.2987494,-2.4961245,42
3351b9203942682f23da,data/plantvillage/raw/color/Apple___Apple_scab/be23de1a-2db8-4d7f-8b5f-cee56829d49c___FREC_Scab 2991.JPG,scab,1,g0476,s_reliability,reliability_train,original,,,,,,42,1,1,scab,0,-0.5223544,3.0633836,-5.5811777,42
cec086741d779ec2b11d,data/plantvillage/raw/color/Apple___Apple_scab/be23de1a-2db8-4d7f-8b5f-cee56829d49c___FREC_Scab 2991.JPG,scab,1,g0476,s_reliability,reliability_train,brightness,3888022860625343638,0.8862820281585357,,,,42,1,1,scab,0,-0.37218976,3.1152039,-5.7158523,42
c74550f3cd4fc8360b3c,data/plantvillage/raw/color/Apple___Apple_scab/be23de1a-2db8-4d7f-8b5f-cee56829d49c___FREC_Scab 2991.JPG,scab,1,g0476,s_reliability,reliability_train,contrast,3191688678181321734,,0.7037424030307867,,,42,1,1,scab,0,-0.0841744,3.0343683,-5.562087,42
f0cbbb82c58c3fee1eb3,data/plantvillage/raw/color/Apple___Apple_scab/be23de1a-2db8-4d7f-8b5f-cee56829d49c___FREC_Scab 2991.JPG,scab,1,g0476,s_reliability,reliability_train,gaussian_blur,6705277102603589398,,,1.0118950879643958,,42,1,1,scab,0,-0.82951605,2.5574024,-2.9225283,42
799d3046bc88a8d5e49f,data/plantvillage/raw/color/Apple___Apple_scab/be23de1a-2db8-4d7f-8b5f-cee56829d49c___FREC_Scab 2991.JPG,scab,1,g0476,s_reliability,reliability_train,gaussian_noise,3329248524108113182,,,,0.021488392495137624,42,1,1,scab,0,-0.5842207,3.1438475,-5.7205787,42
d9ae98287bdf61a41fc5,data/plantvillage/raw/color/Apple___Apple_scab/bf99a731-b08d-47af-8d65-196bbb0ca2e3___FREC_Scab 3344.JPG,scab,1,g0479,s_reliability,reliability_train,original,,,,,,42,1,1,scab,0,-1.2949495,1.6766675,-3.506628,42
16d6e8474251715da3ba,data/plantvillage/raw/color/Apple___Apple_scab/bf99a731-b08d-47af-8d65-196bbb0ca2e3___FREC_Scab 3344.JPG,scab,1,g0479,s_reliability,reliability_train,brightness,7247022035251448141,1.010195864291732,,,,42,1,1,scab,0,-1.3379703,1.665258,-3.4697163,42
1a4eaec54afd4da91734,data/plantvillage/raw/color/Apple___Apple_scab/bf99a731-b08d-47af-8d65-196bbb0ca2e3___FREC_Scab 3344.JPG,scab,1,g0479,s_reliability,reliability_train,contrast,1027394011177331172,,0.9762227048062445,,,42,1,1,scab,0,-1.3276582,1.7109169,-3.528796,42
4354c6c4c0ddab4d68dd,data/plantvillage/raw/color/Apple___Apple_scab/bf99a731-b08d-47af-8d65-196bbb0ca2e3___FREC_Scab 3344.JPG,scab,1,g0479,s_reliability,reliability_train,gaussian_blur,4762830617287144849,,,0.834465169457021,,42,1,1,scab,0,-1.3647746,1.3884062,-2.4457679,42
366d4b1bd2b209676d7b,data/plantvillage/raw/color/Apple___Apple_scab/bf99a731-b08d-47af-8d65-196bbb0ca2e3___FREC_Scab 3344.JPG,scab,1,g0479,s_reliability,reliability_train,gaussian_noise,4571190116343811820,,,,0.04011952650728509,42,1,1,scab,0,-1.1480125,1.7692605,-3.611599,42
5841b87e6d8290612a1f,data/plantvillage/raw/color/Apple___Apple_scab/c2997bb6-d9ae-4ffc-bc3f-c85510480e13___FREC_Scab 3428.JPG,scab,1,g0487,s_reliability,reliability_val,original,,,,,,42,1,1,scab,0,-7.9942193,3.9271257,1.0142506,42
b0ec4ee4a6e790f69388,data/plantvillage/raw/color/Apple___Apple_scab/c2997bb6-d9ae-4ffc-bc3f-c85510480e13___FREC_Scab 3428.JPG,scab,1,g0487,s_reliability,reliability_val,brightness,3740842535001215476,0.9573102932016444,,,,42,1,1,scab,0,-7.8905935,3.9637182,0.9514727,42
831ea09bc6276f27f626,data/plantvillage/raw/color/Apple___Apple_scab/c2997bb6-d9ae-4ffc-bc3f-c85510480e13___FREC_Scab 3428.JPG,scab,1,g0487,s_reliability,reliability_val,contrast,8569842686658502853,,0.8506239025281936,,,42,1,1,scab,0,-7.731715,4.0175457,0.7593341,42
d54f0706b0f58c44ae6c,data/plantvillage/raw/color/Apple___Apple_scab/c2997bb6-d9ae-4ffc-bc3f-c85510480e13___FREC_Scab 3428.JPG,scab,1,g0487,s_reliability,reliability_val,gaussian_blur,3812326814757576050,,,0.848278808338864,,42,1,1,scab,0,-7.002733,3.5532165,0.74947625,42
3561dca5ef89914e5b01,data/plantvillage/raw/color/Apple___Apple_scab/c2997bb6-d9ae-4ffc-bc3f-c85510480e13___FREC_Scab 3428.JPG,scab,1,g0487,s_reliability,reliability_val,gaussian_noise,4982505654232093346,,,,0.03400362648292168,42,1,1,scab,0,-8.691734,4.831122,0.519726,42
ef30c62b55b0150215ec,data/plantvillage/raw/color/Apple___Apple_scab/c4175126-9e07-4465-9574-0229bb5b1f41___FREC_Scab 3304.JPG,scab,1,g0490,s_reliability,reliability_train,original,,,,,,42,1,1,scab,0,-0.9980403,1.9828949,-3.8398278,42
e89af94b595e30763322,data/plantvillage/raw/color/Apple___Apple_scab/c4175126-9e07-4465-9574-0229bb5b1f41___FREC_Scab 3304.JPG,scab,1,g0490,s_reliability,reliability_train,brightness,7522189799956156914,0.8411433357399132,,,,42,1,1,scab,0,-0.98166907,2.0308304,-3.8929539,42
42ec5ae44acdc6fa1da5,data/plantvillage/raw/color/Apple___Apple_scab/c4175126-9e07-4465-9574-0229bb5b1f41___FREC_Scab 3304.JPG,scab,1,g0490,s_reliability,reliability_train,contrast,8223941602958246239,,1.1535157496090807,,,42,1,1,scab,0,-1.1092782,1.980634,-3.627095,42
b03a770d51cdd05a6483,data/plantvillage/raw/color/Apple___Apple_scab/c4175126-9e07-4465-9574-0229bb5b1f41___FREC_Scab 3304.JPG,scab,1,g0490,s_reliability,reliability_train,gaussian_blur,375030629981587881,,,0.9939659642195849,,42,1,1,scab,0,-1.9597178,1.8215861,-2.1027076,42
f80faa0296cf4f6d483c,data/plantvillage/raw/color/Apple___Apple_scab/c4175126-9e07-4465-9574-0229bb5b1f41___FREC_Scab 3304.JPG,scab,1,g0490,s_reliability,reliability_train,gaussian_noise,5779355818197747484,,,,0.04004929382757796,42,1,1,scab,0,-1.306652,2.5298586,-4.2959046,42
6742d0442924ff0ebcdb,data/plantvillage/raw/color/Apple___Apple_scab/c777c2ac-ea64-4aad-a97a-90b35e2db603___FREC_Scab 3156.JPG,scab,1,g0500,s_reliability,reliability_train,original,,,,,,42,1,1,scab,0,-4.6847196,2.937625,-2.974327,42
9a4b70b0740d50177122,data/plantvillage/raw/color/Apple___Apple_scab/c777c2ac-ea64-4aad-a97a-90b35e2db603___FREC_Scab 3156.JPG,scab,1,g0500,s_reliability,reliability_train,brightness,2137346410651959993,1.0634317711991101,,,,42,1,1,scab,0,-4.916772,3.0150146,-2.8004708,42
c67f224b1524f16c2626,data/plantvillage/raw/color/Apple___Apple_scab/c777c2ac-ea64-4aad-a97a-90b35e2db603___FREC_Scab 3156.JPG,scab,1,g0500,s_reliability,reliability_train,contrast,7400380981698989765,,0.9963896612110242,,,42,1,1,scab,0,-4.687211,2.9194028,-2.9533143,42
a1257232f0ce2e6d6bc2,data/plantvillage/raw/color/Apple___Apple_scab/c777c2ac-ea64-4aad-a97a-90b35e2db603___FREC_Scab 3156.JPG,scab,1,g0500,s_reliability,reliability_train,gaussian_blur,7582638355374054887,,,0.986500435696399,,42,1,1,scab,0,-5.769236,3.0968392,-1.2134327,42
dac6798e391c810f3b98,data/plantvillage/raw/color/Apple___Apple_scab/c777c2ac-ea64-4aad-a97a-90b35e2db603___FREC_Scab 3156.JPG,scab,1,g0500,s_reliability,reliability_train,gaussian_noise,1017854345998313964,,,,0.03334271848216784,42,1,1,scab,0,-5.163594,3.292278,-2.8615546,42
c72cd95542ab8eb07e8a,data/plantvillage/raw/color/Apple___Apple_scab/c7dc7cfa-559a-4950-ba71-90d11dfe0b56___FREC_Scab 3381.JPG,scab,1,g0502,s_reliability,reliability_train,original,,,,,,42,1,1,scab,0,-6.3612022,3.9481103,0.01848327,42
10fb2ee153f34a8b1284,data/plantvillage/raw/color/Apple___Apple_scab/c7dc7cfa-559a-4950-ba71-90d11dfe0b56___FREC_Scab 3381.JPG,scab,1,g0502,s_reliability,reliability_train,brightness,5884625180256917090,0.999764874293922,,,,42,1,1,scab,0,-6.37661,3.9465475,0.029718768,42
39694c87df97ac32ded8,data/plantvillage/raw/color/Apple___Apple_scab/c7dc7cfa-559a-4950-ba71-90d11dfe0b56___FREC_Scab 3381.JPG,scab,1,g0502,s_reliability,reliability_train,contrast,2966477700098593653,,0.8574714276038727,,,42,1,1,scab,0,-5.7517915,3.791842,-0.20588776,42
3fb7260184d595deb817,data/plantvillage/raw/color/Apple___Apple_scab/c7dc7cfa-559a-4950-ba71-90d11dfe0b56___FREC_Scab 3381.JPG,scab,1,g0502,s_reliability,reliability_train,gaussian_blur,5123864192935306534,,,1.0887186343635415,,42,1,1,scab,0,-5.5428047,3.3798156,0.6226909,42
bf59159276e86d6b78f3,data/plantvillage/raw/color/Apple___Apple_scab/c7dc7cfa-559a-4950-ba71-90d11dfe0b56___FREC_Scab 3381.JPG,scab,1,g0502,s_reliability,reliability_train,gaussian_noise,5631895871204837372,,,,0.015897831330748353,42,1,1,scab,0,-6.267015,3.9457273,-0.10227702,42
32dc1c93cb51bfe6de7b,data/plantvillage/raw/color/Apple___Apple_scab/cbc265da-87e2-449e-8585-b744f9371772___FREC_Scab 3431.JPG,scab,1,g0509,s_reliability,reliability_val,original,,,,,,42,1,0,healthy,1,1.9255217,-0.34045812,-4.9495873,42
bab92c113e0358991a3f,data/plantvillage/raw/color/Apple___Apple_scab/cbc265da-87e2-449e-8585-b744f9371772___FREC_Scab 3431.JPG,scab,1,g0509,s_reliability,reliability_val,brightness,5056905971472319256,0.9474640265332708,,,,42,1,0,healthy,1,1.9753342,-0.32235622,-4.9690413,42
33e720b21626e021182d,data/plantvillage/raw/color/Apple___Apple_scab/cbc265da-87e2-449e-8585-b744f9371772___FREC_Scab 3431.JPG,scab,1,g0509,s_reliability,reliability_val,contrast,8736650102769787273,,1.0385878510684339,,,42,1,0,healthy,1,1.9150633,-0.35825056,-4.9345875,42
e12185e7e72637af1aed,data/plantvillage/raw/color/Apple___Apple_scab/cbc265da-87e2-449e-8585-b744f9371772___FREC_Scab 3431.JPG,scab,1,g0509,s_reliability,reliability_val,gaussian_blur,6257682876666823215,,,0.8877760899887279,,42,1,0,healthy,1,-0.0063791126,-0.28152803,-2.2784262,42
569788d1d095578d5a42,data/plantvillage/raw/color/Apple___Apple_scab/cbc265da-87e2-449e-8585-b744f9371772___FREC_Scab 3431.JPG,scab,1,g0509,s_reliability,reliability_val,gaussian_noise,4268026207331765419,,,,0.02074394352372387,42,1,0,healthy,1,1.9454536,-0.36772472,-4.9615736,42
cdc1fb3bfa3dc6bdda0f,data/plantvillage/raw/color/Apple___Apple_scab/cf1d9afc-3473-4c97-ae0b-6f2352d9d595___FREC_Scab 3457.JPG,scab,1,g0518,s_reliability,reliability_train,original,,,,,,42,1,1,scab,0,-4.1847906,2.2689555,-1.6994978,42
8afc9ed692ba1f2a2c53,data/plantvillage/raw/color/Apple___Apple_scab/cf1d9afc-3473-4c97-ae0b-6f2352d9d595___FREC_Scab 3457.JPG,scab,1,g0518,s_reliability,reliability_train,brightness,2857273047274505018,0.9037815160389845,,,,42,1,1,scab,0,-3.9515495,2.1231065,-1.7108071,42
da5c36f278d6c8f11cd1,data/plantvillage/raw/color/Apple___Apple_scab/cf1d9afc-3473-4c97-ae0b-6f2352d9d595___FREC_Scab 3457.JPG,scab,1,g0518,s_reliability,reliability_train,contrast,330354042832053660,,0.8453985510240615,,,42,1,1,scab,0,-3.7726333,2.013966,-1.7815938,42
25f6c9f1ade8828def6d,data/plantvillage/raw/color/Apple___Apple_scab/cf1d9afc-3473-4c97-ae0b-6f2352d9d595___FREC_Scab 3457.JPG,scab,1,g0518,s_reliability,reliability_train,gaussian_blur,550383241829639249,,,0.7308864152901393,,42,1,1,scab,0,-3.3509471,1.6939907,-1.2880775,42
89b8ae8b6153bf770201,data/plantvillage/raw/color/Apple___Apple_scab/cf1d9afc-3473-4c97-ae0b-6f2352d9d595___FREC_Scab 3457.JPG,scab,1,g0518,s_reliability,reliability_train,gaussian_noise,7901847186880501343,,,,0.04420665802349929,42,1,1,scab,0,-4.001691,2.5860384,-2.2771685,42
7b8df1c1f46af4c77f07,data/plantvillage/raw/color/Apple___Apple_scab/d01086a5-c14e-424a-8825-47343752c0a0___FREC_Scab 3170.JPG,scab,1,g0520,s_reliability,reliability_train,original,,,,,,42,1,1,scab,0,-0.80414975,-0.4237312,-2.6200142,42
bd74e5f5301e5e09fb75,data/plantvillage/raw/color/Apple___Apple_scab/d01086a5-c14e-424a-8825-47343752c0a0___FREC_Scab 3170.JPG,scab,1,g0520,s_reliability,reliability_train,brightness,8502099065992886462,0.9484360234679119,,,,42,1,1,scab,0,-0.8455035,-0.36570773,-2.6398177,42
b4f560854bba4ddd838a,data/plantvillage/raw/color/Apple___Apple_scab/d01086a5-c14e-424a-8825-47343752c0a0___FREC_Scab 3170.JPG,scab,1,g0520,s_reliability,reliability_train,contrast,213286171536016242,,0.7245806733016953,,,42,1,1,scab,0,-0.6754694,-0.324876,-2.7841997,42
ca7013030767e0301afd,data/plantvillage/raw/color/Apple___Apple_scab/d01086a5-c14e-424a-8825-47343752c0a0___FREC_Scab 3170.JPG,scab,1,g0520,s_reliability,reliability_train,gaussian_blur,5720066502349665738,,,1.48404884005111,,42,1,1,scab,0,-2.8115246,-0.03970323,-0.14737463,42
44d91a76d4fc0684c1df,data/plantvillage/raw/color/Apple___Apple_scab/d01086a5-c14e-424a-8825-47343752c0a0___FREC_Scab 3170.JPG,scab,1,g0520,s_reliability,reliability_train,gaussian_noise,2855381845705569474,,,,0.024636215337760954,42,1,1,scab,0,-0.80754584,-0.3978613,-2.6713352,42
988918179031e561fdc8,data/plantvillage/raw/color/Apple___Apple_scab/d1773f0b-f049-4bb1-b13f-d33b96078ab3___FREC_Scab 3046.JPG,scab,1,g0523,s_reliability,reliability_train,original,,,,,,42,1,1,scab,0,-2.3454263,2.3867362,-2.8125827,42
5ca86532b5780a079676,data/plantvillage/raw/color/Apple___Apple_scab/d1773f0b-f049-4bb1-b13f-d33b96078ab3___FREC_Scab 3046.JPG,scab,1,g0523,s_reliability,reliability_train,brightness,2469286591440447040,0.8515899808895702,,,,42,1,1,scab,0,-2.4425852,2.479616,-2.8210912,42
76774466615fbe76f265,data/plantvillage/raw/color/Apple___Apple_scab/d1773f0b-f049-4bb1-b13f-d33b96078ab3___FREC_Scab 3046.JPG,scab,1,g0523,s_reliability,reliability_train,contrast,8321708325944447172,,1.0500862328264504,,,42,1,1,scab,0,-2.326167,2.3600993,-2.825481,42
44889990e000ea18b07a,data/plantvillage/raw/color/Apple___Apple_scab/d1773f0b-f049-4bb1-b13f-d33b96078ab3___FREC_Scab 3046.JPG,scab,1,g0523,s_reliability,reliability_train,gaussian_blur,2352156083447313615,,,1.0601031621038663,,42,1,1,scab,0,-3.2648664,1.9973705,-0.5354684,42
3dcff4eec44cb2d47241,data/plantvillage/raw/color/Apple___Apple_scab/d1773f0b-f049-4bb1-b13f-d33b96078ab3___FREC_Scab 3046.JPG,scab,1,g0523,s_reliability,reliability_train,gaussian_noise,4269349820224831243,,,,0.03818404470856569,42,1,1,scab,0,-2.3558483,2.4503233,-2.7800057,42
886cb2cf9964aab16a45,data/plantvillage/raw/color/Apple___Apple_scab/d1a9a2ab-6d10-4c1a-87e1-349117b2700f___FREC_Scab 3389.JPG,scab,1,g0525,s_reliability,reliability_train,original,,,,,,42,1,1,scab,0,-4.4373045,2.4324155,-1.7374045,42
b8ee1954389c8f45ee3d,data/plantvillage/raw/color/Apple___Apple_scab/d1a9a2ab-6d10-4c1a-87e1-349117b2700f___FREC_Scab 3389.JPG,scab,1,g0525,s_reliability,reliability_train,brightness,6859583629659218250,1.0102304264421713,,,,42,1,1,scab,0,-4.451737,2.4326332,-1.7251767,42
c4b1baae25c25692d794,data/plantvillage/raw/color/Apple___Apple_scab/d1a9a2ab-6d10-4c1a-87e1-349117b2700f___FREC_Scab 3389.JPG,scab,1,g0525,s_reliability,reliability_train,contrast,4058140755306588739,,0.84776824179173,,,42,1,1,scab,0,-4.5213284,2.5113158,-1.735591,42
a82405ef2918c7e723b2,data/plantvillage/raw/color/Apple___Apple_scab/d1a9a2ab-6d10-4c1a-87e1-349117b2700f___FREC_Scab 3389.JPG,scab,1,g0525,s_reliability,reliability_train,gaussian_blur,237920301298847184,,,0.5030680657279644,,42,1,1,scab,0,-5.913632,2.8311582,-0.53644484,42
66f2f06fe1cba12024f8,data/plantvillage/raw/color/Apple___Apple_scab/d1a9a2ab-6d10-4c1a-87e1-349117b2700f___FREC_Scab 3389.JPG,scab,1,g0525,s_reliability,reliability_train,gaussian_noise,4624797352089108835,,,,0.04479208544282314,42,1,1,scab,0,-4.323061,2.3492045,-1.8602757,42
a8d2354771e3bd289c74,data/plantvillage/raw/color/Apple___Apple_scab/d652b023-0ade-4f34-a490-206a87489e5e___FREC_Scab 3066.JPG,scab,1,g0531,s_reliability,reliability_train,original,,,,,,42,1,1,scab,0,-1.090006,3.0205798,-4.8648567,42
324879e6faaeab72c880,data/plantvillage/raw/color/Apple___Apple_scab/d652b023-0ade-4f34-a490-206a87489e5e___FREC_Scab 3066.JPG,scab,1,g0531,s_reliability,reliability_train,brightness,5597494013240801283,1.0414048286357906,,,,42,1,1,scab,0,-0.96282876,2.8864691,-4.859862,42
3bd0ac5e2251bc56e097,data/plantvillage/raw/color/Apple___Apple_scab/d652b023-0ade-4f34-a490-206a87489e5e___FREC_Scab 3066.JPG,scab,1,g0531,s_reliability,reliability_train,contrast,3133614580395690043,,0.8893524524534726,,,42,1,1,scab,0,-1.090267,3.0740678,-4.8347306,42
1d67ac439b7d96dfd592,data/plantvillage/raw/color/Apple___Apple_scab/d652b023-0ade-4f34-a490-206a87489e5e___FREC_Scab 3066.JPG,scab,1,g0531,s_reliability,reliability_train,gaussian_blur,572315229745367715,,,1.3472340716242122,,42,1,1,scab,0,-4.6341615,4.122362,-1.2462404,42
846e37f1a5a3a263a8fd,data/plantvillage/raw/color/Apple___Apple_scab/d652b023-0ade-4f34-a490-206a87489e5e___FREC_Scab 3066.JPG,scab,1,g0531,s_reliability,reliability_train,gaussian_noise,3424756567415499738,,,,0.021886374376956723,42,1,1,scab,0,-0.94032943,2.951815,-4.867481,42
5f571d013ad854e2224b,data/plantvillage/raw/color/Apple___Apple_scab/d7bdef33-fa84-4240-a931-8a568d62cee7___FREC_Scab 2946.JPG,scab,1,g0537,s_reliability,reliability_train,original,,,,,,42,1,1,scab,0,-2.2555375,2.2713883,-3.2926173,42
5e104a28abeef63a776e,data/plantvillage/raw/color/Apple___Apple_scab/d7bdef33-fa84-4240-a931-8a568d62cee7___FREC_Scab 2946.JPG,scab,1,g0537,s_reliability,reliability_train,brightness,7158419645581057179,0.8425354968992491,,,,42,1,1,scab,0,-2.3897257,2.3228774,-3.2326288,42
3507ef3d32ed5cfc234f,data/plantvillage/raw/color/Apple___Apple_scab/d7bdef33-fa84-4240-a931-8a568d62cee7___FREC_Scab 2946.JPG,scab,1,g0537,s_reliability,reliability_train,contrast,6244254897948269876,,0.9420265901103791,,,42,1,1,scab,0,-2.287057,2.2463627,-3.233402,42
11862ddf348d883a40e4,data/plantvillage/raw/color/Apple___Apple_scab/d7bdef33-fa84-4240-a931-8a568d62cee7___FREC_Scab 2946.JPG,scab,1,g0537,s_reliability,reliability_train,gaussian_blur,492804959835642746,,,1.163943954783624,,42,1,1,scab,0,-5.4913163,3.6345608,-1.4347743,42
67a62a355b1990249f35,data/plantvillage/raw/color/Apple___Apple_scab/d7bdef33-fa84-4240-a931-8a568d62cee7___FREC_Scab 2946.JPG,scab,1,g0537,s_reliability,reliability_train,gaussian_noise,7666599896934791682,,,,0.026699175499341504,42,1,1,scab,0,-2.207166,2.2122052,-3.2650735,42
6591fa385ec9ee0af8e9,data/plantvillage/raw/color/Apple___Apple_scab/d842b34b-d2ab-48fc-9e78-ef586308c359___FREC_Scab 2982.JPG,scab,1,g0538,s_reliability,reliability_val,original,,,,,,42,1,1,scab,0,-4.8213687,2.998941,-1.9960592,42
673ae03eecc2fec8824a,data/plantvillage/raw/color/Apple___Apple_scab/d842b34b-d2ab-48fc-9e78-ef586308c359___FREC_Scab 2982.JPG,scab,1,g0538,s_reliability,reliability_val,brightness,6475410329276254374,1.2386595710160018,,,,42,1,1,scab,0,-4.8482957,2.93491,-1.8548564,42
f953f8664b2e7a49353e,data/plantvillage/raw/color/Apple___Apple_scab/d842b34b-d2ab-48fc-9e78-ef586308c359___FREC_Scab 2982.JPG,scab,1,g0538,s_reliability,reliability_val,contrast,7573344243119699838,,0.9496342738793756,,,42,1,1,scab,0,-4.8829346,2.9721472,-1.9111685,42
bcef58efb9e0c8b26341,data/plantvillage/raw/color/Apple___Apple_scab/d842b34b-d2ab-48fc-9e78-ef586308c359___FREC_Scab 2982.JPG,scab,1,g0538,s_reliability,reliability_val,gaussian_blur,1501443715593730015,,,0.688070553670463,,42,1,1,scab,0,-6.3545074,3.3721395,-0.37313312,42
6309c92ba9f24c1a2a97,data/plantvillage/raw/color/Apple___Apple_scab/d842b34b-d2ab-48fc-9e78-ef586308c359___FREC_Scab 2982.JPG,scab,1,g0538,s_reliability,reliability_val,gaussian_noise,3139644305872625251,,,,0.02300863665722456,42,1,1,scab,0,-4.810988,2.9362261,-1.9166636,42
c1d0767918ef71a90899,data/plantvillage/raw/color/Apple___Apple_scab/dd46079c-b12c-4687-9db9-5d45b7f0e510___FREC_Scab 3327.JPG,scab,1,g0550,s_reliability,reliability_train,original,,,,,,42,1,1,scab,0,-4.4477167,3.4031084,-3.706829,42
70e856b2831980064d49,data/plantvillage/raw/color/Apple___Apple_scab/dd46079c-b12c-4687-9db9-5d45b7f0e510___FREC_Scab 3327.JPG,scab,1,g0550,s_reliability,reliability_train,brightness,5861252806347199678,0.9797181765906576,,,,42,1,1,scab,0,-4.427671,3.383176,-3.7161965,42
943319f521a83edc5d37,data/plantvillage/raw/color/Apple___Apple_scab/dd46079c-b12c-4687-9db9-5d45b7f0e510___FREC_Scab 3327.JPG,scab,1,g0550,s_reliability,reliability_train,contrast,1127686415739088288,,1.1624992152187987,,,42,1,1,scab,0,-4.469068,3.4251842,-3.6498067,42
6e4bb643e5d72090450b,data/plantvillage/raw/color/Apple___Apple_scab/dd46079c-b12c-4687-9db9-5d45b7f0e510___FREC_Scab 3327.JPG,scab,1,g0550,s_reliability,reliability_train,gaussian_blur,2917617995530086526,,,1.165110493113656,,42,1,1,scab,0,-5.654924,2.9984438,-1.452837,42
efd2ee20d8f69294cf76,data/plantvillage/raw/color/Apple___Apple_scab/dd46079c-b12c-4687-9db9-5d45b7f0e510___FREC_Scab 3327.JPG,scab,1,g0550,s_reliability,reliability_train,gaussian_noise,1364489554595771140,,,,0.021269607549767713,42,1,1,scab,0,-4.422185,3.2911165,-3.6607242,42
5c33993c53fc66db6f13,data/plantvillage/raw/color/Apple___Apple_scab/e893d964-8a40-46f5-b8ae-0a0f0cd79296___FREC_Scab 3333.JPG,scab,1,g0568,s_reliability,reliability_val,original,,,,,,42,1,1,scab,0,-3.0447514,2.6910014,-2.9621809,42
387ece30905184e97166,data/plantvillage/raw/color/Apple___Apple_scab/e893d964-8a40-46f5-b8ae-0a0f0cd79296___FREC_Scab 3333.JPG,scab,1,g0568,s_reliability,reliability_val,brightness,3753158999226210491,0.9026298389834047,,,,42,1,1,scab,0,-2.702762,2.6389723,-3.1032305,42
0ec92242d27a4525a457,data/plantvillage/raw/color/Apple___Apple_scab/e893d964-8a40-46f5-b8ae-0a0f0cd79296___FREC_Scab 3333.JPG,scab,1,g0568,s_reliability,reliability_val,contrast,385536498699017954,,1.2844145736963428,,,42,1,1,scab,0,-3.3156354,2.6935303,-2.80291,42
91b0e9789105b6d0aa8f,data/plantvillage/raw/color/Apple___Apple_scab/e893d964-8a40-46f5-b8ae-0a0f0cd79296___FREC_Scab 3333.JPG,scab,1,g0568,s_reliability,reliability_val,gaussian_blur,255044416041926846,,,1.3541248027035802,,42,1,1,scab,0,-4.1050515,2.1227884,-1.1769357,42
b56aac6d64d4ccdf5273,data/plantvillage/raw/color/Apple___Apple_scab/e893d964-8a40-46f5-b8ae-0a0f0cd79296___FREC_Scab 3333.JPG,scab,1,g0568,s_reliability,reliability_val,gaussian_noise,7054832995050164649,,,,0.044092473053584484,42,1,1,scab,0,-3.842966,3.7422626,-3.3379161,42
73e75b9e832181c5b89e,data/plantvillage/raw/color/Apple___Apple_scab/eb3fa649-d717-4769-9f69-57f88c166455___FREC_Scab 3387.JPG,scab,1,g0573,s_reliability,reliability_train,original,,,,,,42,1,1,scab,0,-6.1350765,4.740749,-2.161776,42
8149d9a76e77efbad534,data/plantvillage/raw/color/Apple___Apple_scab/eb3fa649-d717-4769-9f69-57f88c166455___FREC_Scab 3387.JPG,scab,1,g0573,s_reliability,reliability_train,brightness,7713147906357457671,1.2443731347541667,,,,42,1,1,scab,0,-6.4198756,4.8229523,-1.9445909,42
67c8d8c30fe1c9905b2d,data/plantvillage/raw/color/Apple___Apple_scab/eb3fa649-d717-4769-9f69-57f88c166455___FREC_Scab 3387.JPG,scab,1,g0573,s_reliability,reliability_train,contrast,1486398488945109529,,0.8764697601137409,,,42,1,1,scab,0,-6.057626,4.677714,-2.1598527,42
2bce2d618a530182d3d8,data/plantvillage/raw/color/Apple___Apple_scab/eb3fa649-d717-4769-9f69-57f88c166455___FREC_Scab 3387.JPG,scab,1,g0573,s_reliability,reliability_train,gaussian_blur,8959491302900519379,,,1.1968419916713606,,42,1,1,scab,0,-4.8743463,3.4831624,-0.6492962,42
1fe9704088abba5f7973,data/plantvillage/raw/color/Apple___Apple_scab/eb3fa649-d717-4769-9f69-57f88c166455___FREC_Scab 3387.JPG,scab,1,g0573,s_reliability,reliability_train,gaussian_noise,7653178089826706944,,,,0.02865345925002616,42,1,1,scab,0,-5.8069515,4.6827383,-2.4397001,42
122f0d918acc691f7502,data/plantvillage/raw/color/Apple___Apple_scab/ecbac6b5-e07f-4a0d-a670-1d3b97f01104___FREC_Scab 3168.JPG,scab,1,g0575,s_reliability,reliability_val,original,,,,,,42,1,1,scab,0,-0.31129313,2.1547127,-4.6340585,42
6f46e8e2c37392690b06,data/plantvillage/raw/color/Apple___Apple_scab/ecbac6b5-e07f-4a0d-a670-1d3b97f01104___FREC_Scab 3168.JPG,scab,1,g0575,s_reliability,reliability_val,brightness,1543731639467553775,1.254174743747125,,,,42,1,1,scab,0,0.14657581,1.8568195,-4.8115845,42
7ce33b82759b527260c7,data/plantvillage/raw/color/Apple___Apple_scab/ecbac6b5-e07f-4a0d-a670-1d3b97f01104___FREC_Scab 3168.JPG,scab,1,g0575,s_reliability,reliability_val,contrast,6603908419641883736,,1.1884158202057113,,,42,1,1,scab,0,-0.98348975,2.1694212,-4.1739807,42
b5130c8c9de1d3542c38,data/plantvillage/raw/color/Apple___Apple_scab/ecbac6b5-e07f-4a0d-a670-1d3b97f01104___FREC_Scab 3168.JPG,scab,1,g0575,s_reliability,reliability_val,gaussian_blur,6446396528694608677,,,0.7677728859572462,,42,1,1,scab,0,-1.755589,2.0938914,-2.627524,42
d4666f1cd42aa73db296,data/plantvillage/raw/color/Apple___Apple_scab/ecbac6b5-e07f-4a0d-a670-1d3b97f01104___FREC_Scab 3168.JPG,scab,1,g0575,s_reliability,reliability_val,gaussian_noise,8759925016527069934,,,,0.04916576041551946,42,1,1,scab,0,-0.64706516,2.6155064,-4.5982895,42
2418a78007d300029b92,data/plantvillage/raw/color/Apple___Apple_scab/ef91867f-33c5-4063-9783-44fd47238fe0___FREC_Scab 2935.JPG,scab,1,g0585,s_reliability,reliability_train,original,,,,,,42,1,1,scab,0,-3.313884,3.8831167,-3.7548134,42
599024069b2586573d5b,data/plantvillage/raw/color/Apple___Apple_scab/ef91867f-33c5-4063-9783-44fd47238fe0___FREC_Scab 2935.JPG,scab,1,g0585,s_reliability,reliability_train,brightness,6444138359840684703,1.1794400730192205,,,,42,1,1,scab,0,-3.640313,3.966293,-3.570625,42
d19cc3c97c2169d5e45f,data/plantvillage/raw/color/Apple___Apple_scab/ef91867f-33c5-4063-9783-44fd47238fe0___FREC_Scab 2935.JPG,scab,1,g0585,s_reliability,reliability_train,contrast,1175385206217818908,,1.2755038469694244,,,42,1,1,scab,0,-3.8189938,3.9926786,-3.5680695,42
12d5119e71615bd99ec5,data/plantvillage/raw/color/Apple___Apple_scab/ef91867f-33c5-4063-9783-44fd47238fe0___FREC_Scab 2935.JPG,scab,1,g0585,s_reliability,reliability_train,gaussian_blur,2842376302690801281,,,0.651261967330521,,42,1,1,scab,0,-4.6132326,4.0097666,-2.5523431,42
72d5e1e51867b76c26f5,data/plantvillage/raw/color/Apple___Apple_scab/ef91867f-33c5-4063-9783-44fd47238fe0___FREC_Scab 2935.JPG,scab,1,g0585,s_reliability,reliability_train,gaussian_noise,7419713673798337500,,,,0.04560034722716899,42,1,1,scab,0,-2.994821,3.862949,-4.082101,42
64aeb2b617b0e562c19b,data/plantvillage/raw/color/Apple___Apple_scab/f1017472-d391-4a66-b9b2-d52916cd0c0b___FREC_Scab 3176.JPG,scab,1,g0590,s_reliability,reliability_val,original,,,,,,42,1,1,scab,0,-7.286105,2.6366704,0.76726514,42
b2fab5ca2d13ef5b1baa,data/plantvillage/raw/color/Apple___Apple_scab/f1017472-d391-4a66-b9b2-d52916cd0c0b___FREC_Scab 3176.JPG,scab,1,g0590,s_reliability,reliability_val,brightness,5630858660603823980,1.0414622245180447,,,,42,1,1,scab,0,-7.3405175,2.6805315,0.6936844,42
5224e1ea7b9c3a4e2c1f,data/plantvillage/raw/color/Apple___Apple_scab/f1017472-d391-4a66-b9b2-d52916cd0c0b___FREC_Scab 3176.JPG,scab,1,g0590,s_reliability,reliability_val,contrast,7172992260340678778,,0.8233353102936064,,,42,1,1,scab,0,-6.995423,2.5739672,0.5470095,42
f485c56d8551782d4d9b,data/plantvillage/raw/color/Apple___Apple_scab/f1017472-d391-4a66-b9b2-d52916cd0c0b___FREC_Scab 3176.JPG,scab,1,g0590,s_reliability,reliability_val,gaussian_blur,6805075950754817009,,,1.2177785201638696,,42,1,1,scab,0,-6.4901395,1.8355204,1.4503077,42
791db6950d79f2e85a38,data/plantvillage/raw/color/Apple___Apple_scab/f1017472-d391-4a66-b9b2-d52916cd0c0b___FREC_Scab 3176.JPG,scab,1,g0590,s_reliability,reliability_val,gaussian_noise,8352018724022728698,,,,0.016717405468441034,42,1,1,scab,0,-7.3213053,2.7690837,0.6446832,42
93150555a308e48aee71,data/plantvillage/raw/color/Apple___Apple_scab/f6946261-1a18-4306-ba87-ca25344d9bd2___FREC_Scab 3525.JPG,scab,1,g0605,s_reliability,reliability_train,original,,,,,,42,1,1,scab,0,-4.17282,2.6697981,-2.490475,42
42a1ba6f73950219642a,data/plantvillage/raw/color/Apple___Apple_scab/f6946261-1a18-4306-ba87-ca25344d9bd2___FREC_Scab 3525.JPG,scab,1,g0605,s_reliability,reliability_train,brightness,6627370076894715971,1.0017975583137781,,,,42,1,1,scab,0,-4.17282,2.6697981,-2.490475,42
ce44c4b94b151ba25c7d,data/plantvillage/raw/color/Apple___Apple_scab/f6946261-1a18-4306-ba87-ca25344d9bd2___FREC_Scab 3525.JPG,scab,1,g0605,s_reliability,reliability_train,contrast,1748279556759165573,,0.7160958151753125,,,42,1,1,scab,0,-4.2221475,2.767635,-2.50476,42
bc6a33552f329fabb7c8,data/plantvillage/raw/color/Apple___Apple_scab/f6946261-1a18-4306-ba87-ca25344d9bd2___FREC_Scab 3525.JPG,scab,1,g0605,s_reliability,reliability_train,gaussian_blur,1588680325918104514,,,0.9537026482177955,,42,1,1,scab,0,-5.1332,2.8732834,-1.1200911,42
6b934c86d40fbb0459df,data/plantvillage/raw/color/Apple___Apple_scab/f6946261-1a18-4306-ba87-ca25344d9bd2___FREC_Scab 3525.JPG,scab,1,g0605,s_reliability,reliability_train,gaussian_noise,3849306690414278351,,,,0.013259373000560726,42,1,1,scab,0,-4.0449843,2.7003262,-2.655292,42
2b666f55c8ffcd6265d5,data/plantvillage/raw/color/Apple___Apple_scab/f79c50ef-d89d-4371-b581-810b37eb2ac9___FREC_Scab 3255.JPG,scab,1,g0608,s_reliability,reliability_train,original,,,,,,42,1,1,scab,0,0.801627,2.2748203,-5.0244927,42
68f444cf0722ceaf23cd,data/plantvillage/raw/color/Apple___Apple_scab/f79c50ef-d89d-4371-b581-810b37eb2ac9___FREC_Scab 3255.JPG,scab,1,g0608,s_reliability,reliability_train,brightness,8098491813291552948,1.2583742492239751,,,,42,1,1,scab,0,0.77339196,2.5457063,-5.111993,42
cd7a5841f5162a44d1eb,data/plantvillage/raw/color/Apple___Apple_scab/f79c50ef-d89d-4371-b581-810b37eb2ac9___FREC_Scab 3255.JPG,scab,1,g0608,s_reliability,reliability_train,contrast,2213915565626642018,,1.0145615567795547,,,42,1,1,scab,0,0.7933703,2.2792218,-5.0230527,42
e10ee38d6d7a8a74801f,data/plantvillage/raw/color/Apple___Apple_scab/f79c50ef-d89d-4371-b581-810b37eb2ac9___FREC_Scab 3255.JPG,scab,1,g0608,s_reliability,reliability_train,gaussian_blur,3162757075224201942,,,0.8154674728986147,,42,1,1,scab,0,-1.091963,1.8724561,-2.2733984,42
ccc4ebde02c2702dfa89,data/plantvillage/raw/color/Apple___Apple_scab/f79c50ef-d89d-4371-b581-810b37eb2ac9___FREC_Scab 3255.JPG,scab,1,g0608,s_reliability,reliability_train,gaussian_noise,8947589151143526130,,,,0.037974849100380625,42,1,1,scab,0,0.7706425,2.3558948,-5.0799894,42
c2a05264d3b51ece5247,data/plantvillage/raw/color/Apple___Apple_scab/f8e48799-c566-4b86-b7c8-a0e290fb7f25___FREC_Scab 3167.JPG,scab,1,g0610,s_reliability,reliability_val,original,,,,,,42,1,1,scab,0,-2.6041281,2.396949,-3.5842211,42
80d52f0a32ff25276bbf,data/plantvillage/raw/color/Apple___Apple_scab/f8e48799-c566-4b86-b7c8-a0e290fb7f25___FREC_Scab 3167.JPG,scab,1,g0610,s_reliability,reliability_val,brightness,2027268176882337093,1.0482963606194429,,,,42,1,1,scab,0,-2.554834,2.3516858,-3.5561824,42
1818f2861dfac60a2dce,data/plantvillage/raw/color/Apple___Apple_scab/f8e48799-c566-4b86-b7c8-a0e290fb7f25___FREC_Scab 3167.JPG,scab,1,g0610,s_reliability,reliability_val,contrast,215948020774912392,,1.2414999504380098,,,42,1,1,scab,0,-2.7600083,2.2603855,-3.536685,42
7e020867200fac7a9dcc,data/plantvillage/raw/color/Apple___Apple_scab/f8e48799-c566-4b86-b7c8-a0e290fb7f25___FREC_Scab 3167.JPG,scab,1,g0610,s_reliability,reliability_val,gaussian_blur,397133824946024261,,,1.4626357251713367,,42,1,1,scab,0,-5.2173915,1.563935,0.3482701,42
8e5353c242fe11e22ffa,data/plantvillage/raw/color/Apple___Apple_scab/f8e48799-c566-4b86-b7c8-a0e290fb7f25___FREC_Scab 3167.JPG,scab,1,g0610,s_reliability,reliability_val,gaussian_noise,8351694498095530778,,,,0.032866448559335446,42,1,1,scab,0,-2.4596646,2.5243607,-3.7468784,42
3e5e189f6128a41d1e0e,data/plantvillage/raw/color/Apple___Apple_scab/f957b91b-878a-4f53-b8b5-a8bf7fa2c773___FREC_Scab 2970.JPG,scab,1,g0612,s_reliability,reliability_train,original,,,,,,42,1,1,scab,0,-6.567459,4.6267996,-2.5154953,42
dc2598ab00a89ac49481,data/plantvillage/raw/color/Apple___Apple_scab/f957b91b-878a-4f53-b8b5-a8bf7fa2c773___FREC_Scab 2970.JPG,scab,1,g0612,s_reliability,reliability_train,brightness,5196429564793562367,0.706452786815684,,,,42,1,1,scab,0,-6.044719,4.7274117,-3.0746524,42
f5972ee5716cb8b0e0ff,data/plantvillage/raw/color/Apple___Apple_scab/f957b91b-878a-4f53-b8b5-a8bf7fa2c773___FREC_Scab 2970.JPG,scab,1,g0612,s_reliability,reliability_train,contrast,4865361076093945809,,0.7827964693203014,,,42,1,1,scab,0,-6.1061873,4.5327177,-2.848412,42
6681acbdab633f0af9eb,data/plantvillage/raw/color/Apple___Apple_scab/f957b91b-878a-4f53-b8b5-a8bf7fa2c773___FREC_Scab 2970.JPG,scab,1,g0612,s_reliability,reliability_train,gaussian_blur,1362259776156612029,,,0.9276780726842528,,42,1,1,scab,0,-6.2939305,4.3328648,-1.7657129,42
5ec94ea329b6ce62120b,data/plantvillage/raw/color/Apple___Apple_scab/f957b91b-878a-4f53-b8b5-a8bf7fa2c773___FREC_Scab 2970.JPG,scab,1,g0612,s_reliability,reliability_train,gaussian_noise,5852954986544930736,,,,0.012866471223951948,42,1,1,scab,0,-6.573972,4.6345444,-2.5261056,42
ca73ba7aac2c6643ee86,data/plantvillage/raw/color/Apple___Apple_scab/f96cb3b3-172a-44d8-9720-d6a3ed87ced9___FREC_Scab 3036.JPG,scab,1,g0613,s_reliability,reliability_val,original,,,,,,42,1,1,scab,0,-1.7371548,0.5626773,-2.2035575,42
2a388b4361531d2f9c29,data/plantvillage/raw/color/Apple___Apple_scab/f96cb3b3-172a-44d8-9720-d6a3ed87ced9___FREC_Scab 3036.JPG,scab,1,g0613,s_reliability,reliability_val,brightness,5600182220831252059,0.919796449903395,,,,42,1,1,scab,0,-1.6499125,0.58509094,-2.2926683,42
0b35dd6c36d3b4544b67,data/plantvillage/raw/color/Apple___Apple_scab/f96cb3b3-172a-44d8-9720-d6a3ed87ced9___FREC_Scab 3036.JPG,scab,1,g0613,s_reliability,reliability_val,contrast,9220861174712794834,,0.813471261177711,,,42,1,1,scab,0,-1.5489565,0.57621163,-2.303602,42
fe0bbf40f7d72dbcdf7b,data/plantvillage/raw/color/Apple___Apple_scab/f96cb3b3-172a-44d8-9720-d6a3ed87ced9___FREC_Scab 3036.JPG,scab,1,g0613,s_reliability,reliability_val,gaussian_blur,3980415543050772309,,,0.5880560035560106,,42,1,1,scab,0,-3.4186203,1.1133431,-0.9154922,42
3892a1045baa6937cef9,data/plantvillage/raw/color/Apple___Apple_scab/f96cb3b3-172a-44d8-9720-d6a3ed87ced9___FREC_Scab 3036.JPG,scab,1,g0613,s_reliability,reliability_val,gaussian_noise,7237666879631241575,,,,0.02917382354822238,42,1,1,scab,0,-1.682765,0.468254,-2.1864705,42
389946c461602e7d060f,data/plantvillage/raw/color/Apple___Apple_scab/fd3ae59f-e06e-403b-b317-83ee68aa9ea7___FREC_Scab 3492.JPG,scab,1,g0623,s_reliability,reliability_val,original,,,,,,42,1,1,scab,0,-5.5378227,4.558385,-2.9604142,42
4f5300e07d59cff1d206,data/plantvillage/raw/color/Apple___Apple_scab/fd3ae59f-e06e-403b-b317-83ee68aa9ea7___FREC_Scab 3492.JPG,scab,1,g0623,s_reliability,reliability_val,brightness,1792165558375335002,1.1730170398157092,,,,42,1,1,scab,0,-5.68301,4.567485,-2.8168938,42
47cd6f97126b694ae506,data/plantvillage/raw/color/Apple___Apple_scab/fd3ae59f-e06e-403b-b317-83ee68aa9ea7___FREC_Scab 3492.JPG,scab,1,g0623,s_reliability,reliability_val,contrast,3933250318053425516,,0.8249534597766743,,,42,1,1,scab,0,-4.8135304,4.461544,-3.4289715,42
08f26ec7f67fb3ca4cc8,data/plantvillage/raw/color/Apple___Apple_scab/fd3ae59f-e06e-403b-b317-83ee68aa9ea7___FREC_Scab 3492.JPG,scab,1,g0623,s_reliability,reliability_val,gaussian_blur,8623014056725596686,,,1.3540064801785894,,42,1,1,scab,0,-3.4185433,3.7797759,-3.220571,42
507cf397142766c18354,data/plantvillage/raw/color/Apple___Apple_scab/fd3ae59f-e06e-403b-b317-83ee68aa9ea7___FREC_Scab 3492.JPG,scab,1,g0623,s_reliability,reliability_val,gaussian_noise,6863764245787202202,,,,0.02453294550260481,42,1,1,scab,0,-5.4551053,4.6015263,-3.2281168,42
b3ace40acffb61175705,data/plantvillage/raw/color/Apple___Apple_scab/fdc58f83-8a94-4f0c-aefe-c6f2b5028682___FREC_Scab 3014.JPG,scab,1,g0625,s_reliability,reliability_train,original,,,,,,42,1,1,scab,0,-1.3417875,1.9248376,-3.923482,42
3903d76153c2342d3e46,data/plantvillage/raw/color/Apple___Apple_scab/fdc58f83-8a94-4f0c-aefe-c6f2b5028682___FREC_Scab 3014.JPG,scab,1,g0625,s_reliability,reliability_train,brightness,2819122754036007500,1.2888177283805016,,,,42,1,1,scab,0,-1.5937883,2.61128,-3.983871,42
2005e82ffa2c536e8fc9,data/plantvillage/raw/color/Apple___Apple_scab/fdc58f83-8a94-4f0c-aefe-c6f2b5028682___FREC_Scab 3014.JPG,scab,1,g0625,s_reliability,reliability_train,contrast,6017720356093859444,,0.9214993737271999,,,42,1,1,scab,0,-1.2485042,1.7980736,-3.9062753,42
5e923e1e43469b04b813,data/plantvillage/raw/color/Apple___Apple_scab/fdc58f83-8a94-4f0c-aefe-c6f2b5028682___FREC_Scab 3014.JPG,scab,1,g0625,s_reliability,reliability_train,gaussian_blur,1054903621526194623,,,1.3937386016209228,,42,1,1,scab,0,-2.6080017,2.504439,-1.388815,42
224f7281189f31db8413,data/plantvillage/raw/color/Apple___Apple_scab/fdc58f83-8a94-4f0c-aefe-c6f2b5028682___FREC_Scab 3014.JPG,scab,1,g0625,s_reliability,reliability_train,gaussian_noise,1307676259049682585,,,,0.024330571546386355,42,1,1,scab,0,-1.3765094,1.8720008,-4.0011477,42
060b84f5c4f0f410d72e,data/plantvillage/raw/color/Apple___Cedar_apple_rust/0321e067-d13b-47d0-b3a6-76ba6f357d02___FREC_C.Rust 3667.JPG,rust,2,g0629,s_reliability,reliability_train,original,,,,,,42,2,2,rust,0,-4.607105,-1.4165055,2.0429115,42
eb236a76f3433f0ce95c,data/plantvillage/raw/color/Apple___Cedar_apple_rust/0321e067-d13b-47d0-b3a6-76ba6f357d02___FREC_C.Rust 3667.JPG,rust,2,g0629,s_reliability,reliability_train,brightness,2930566078747969199,0.9078652369814306,,,,42,2,2,rust,0,-4.456975,-1.2847914,1.9226811,42
c6828a900064e0103b5f,data/plantvillage/raw/color/Apple___Cedar_apple_rust/0321e067-d13b-47d0-b3a6-76ba6f357d02___FREC_C.Rust 3667.JPG,rust,2,g0629,s_reliability,reliability_train,contrast,7825497230561543446,,1.2445610624920342,,,42,2,2,rust,0,-4.8607154,-1.1467743,2.0134134,42
c8dc26234773dd1be9c3,data/plantvillage/raw/color/Apple___Cedar_apple_rust/0321e067-d13b-47d0-b3a6-76ba6f357d02___FREC_C.Rust 3667.JPG,rust,2,g0629,s_reliability,reliability_train,gaussian_blur,3670155337237332233,,,0.828898146505128,,42,2,2,rust,0,-4.7376137,-2.122454,3.2931848,42
b1f9e726cc72e7be730b,data/plantvillage/raw/color/Apple___Cedar_apple_rust/0321e067-d13b-47d0-b3a6-76ba6f357d02___FREC_C.Rust 3667.JPG,rust,2,g0629,s_reliability,reliability_train,gaussian_noise,640987408284812703,,,,0.02507700805598362,42,2,2,rust,0,-4.6378174,-1.2845215,1.9744004,42
3ef67aaa3339d96d759a,data/plantvillage/raw/color/Apple___Cedar_apple_rust/0a41c25a-f9a6-4c34-8e5c-7f89a6ac4c40___FREC_C.Rust 9807.JPG,rust,2,g0637,s_reliability,reliability_train,original,,,,,,42,2,2,rust,0,-3.4727578,-4.26871,3.4671068,42
baffa3d2ec42d3902405,data/plantvillage/raw/color/Apple___Cedar_apple_rust/0a41c25a-f9a6-4c34-8e5c-7f89a6ac4c40___FREC_C.Rust 9807.JPG,rust,2,g0637,s_reliability,reliability_train,brightness,1812195618699994847,1.2952664872030986,,,,42,2,2,rust,0,-3.1260965,-3.988625,2.9088573,42
10c29c7acc469fd1e901,data/plantvillage/raw/color/Apple___Cedar_apple_rust/0a41c25a-f9a6-4c34-8e5c-7f89a6ac4c40___FREC_C.Rust 9807.JPG,rust,2,g0637,s_reliability,reliability_train,contrast,7372088917114796014,,1.1148247081000575,,,42,2,2,rust,0,-3.7558887,-4.17646,3.581655,42
a4b6f043f5fcc3d9c3bc,data/plantvillage/raw/color/Apple___Cedar_apple_rust/0a41c25a-f9a6-4c34-8e5c-7f89a6ac4c40___FREC_C.Rust 9807.JPG,rust,2,g0637,s_reliability,reliability_train,gaussian_blur,1079481706563734145,,,1.0468225633420318,,42,2,2,rust,0,-3.88145,-3.7955925,3.494902,42
792ef1e916b3b00d6b3e,data/plantvillage/raw/color/Apple___Cedar_apple_rust/0a41c25a-f9a6-4c34-8e5c-7f89a6ac4c40___FREC_C.Rust 9807.JPG,rust,2,g0637,s_reliability,reliability_train,gaussian_noise,2384472542978734456,,,,0.018143204282544192,42,2,2,rust,0,-3.6236253,-4.3014107,3.560476,42
56af9daca135b8666520,data/plantvillage/raw/color/Apple___Cedar_apple_rust/1798ac41-0f49-4007-9df5-7e41e3077e51___FREC_C.Rust 3656.JPG,rust,2,g0644,s_reliability,reliability_train,original,,,,,,42,2,2,rust,0,-6.3860393,-2.7382882,4.0887356,42
13cdeefed3159361d2d9,data/plantvillage/raw/color/Apple___Cedar_apple_rust/1798ac41-0f49-4007-9df5-7e41e3077e51___FREC_C.Rust 3656.JPG,rust,2,g0644,s_reliability,reliability_train,brightness,328814377299560389,1.1467220802890763,,,,42,2,2,rust,0,-6.350831,-2.9290912,4.246721,42
94a3f96a370086949c53,data/plantvillage/raw/color/Apple___Cedar_apple_rust/1798ac41-0f49-4007-9df5-7e41e3077e51___FREC_C.Rust 3656.JPG,rust,2,g0644,s_reliability,reliability_train,contrast,1318375483634786869,,0.8033906931239061,,,42,2,2,rust,0,-5.925567,-2.4698875,3.5291479,42
f09118a611feb89de0bd,data/plantvillage/raw/color/Apple___Cedar_apple_rust/1798ac41-0f49-4007-9df5-7e41e3077e51___FREC_C.Rust 3656.JPG,rust,2,g0644,s_reliability,reliability_train,gaussian_blur,9099201816773614882,,,1.4675398725797972,,42,2,2,rust,0,-5.692312,-1.705041,3.6601114,42
58533a6fd140a3dc7294,data/plantvillage/raw/color/Apple___Cedar_apple_rust/1798ac41-0f49-4007-9df5-7e41e3077e51___FREC_C.Rust 3656.JPG,rust,2,g0644,s_reliability,reliability_train,gaussian_noise,3336024979858744170,,,,0.02638131231917399,42,2,2,rust,0,-6.567273,-2.692885,4.1044154,42
4dc43298194f9fe885c7,data/plantvillage/raw/color/Apple___Cedar_apple_rust/1a80b84d-1a5a-4e23-8deb-823ba928e29a___FREC_C.Rust 4431.JPG,rust,2,g0650,s_reliability,reliability_train,original,,,,,,42,2,2,rust,0,-4.229173,-1.8364298,1.9846858,42
dbfbe4202029fe1ff990,data/plantvillage/raw/color/Apple___Cedar_apple_rust/1a80b84d-1a5a-4e23-8deb-823ba928e29a___FREC_C.Rust 4431.JPG,rust,2,g0650,s_reliability,reliability_train,brightness,4151790188477237378,1.0312815168839042,,,,42,2,2,rust,0,-4.240588,-1.8626189,2.0537803,42
1cee6d941d672a95a6bf,data/plantvillage/raw/color/Apple___Cedar_apple_rust/1a80b84d-1a5a-4e23-8deb-823ba928e29a___FREC_C.Rust 4431.JPG,rust,2,g0650,s_reliability,reliability_train,contrast,685572254961373247,,1.1545144259150855,,,42,2,2,rust,0,-4.3471203,-1.8668,2.145077,42
f0f5bc0e7d16166383cd,data/plantvillage/raw/color/Apple___Cedar_apple_rust/1a80b84d-1a5a-4e23-8deb-823ba928e29a___FREC_C.Rust 4431.JPG,rust,2,g0650,s_reliability,reliability_train,gaussian_blur,2845418545905389320,,,1.3513388053264817,,42,2,2,rust,0,-5.5184517,-1.2611698,3.2747638,42
0d35a30308148cd19951,data/plantvillage/raw/color/Apple___Cedar_apple_rust/1a80b84d-1a5a-4e23-8deb-823ba928e29a___FREC_C.Rust 4431.JPG,rust,2,g0650,s_reliability,reliability_train,gaussian_noise,6555944550643006834,,,,0.016585976610855143,42,2,2,rust,0,-4.249258,-1.7739348,1.9657124,42
b258de6fafd2745aa5ae,data/plantvillage/raw/color/Apple___Cedar_apple_rust/20ef08f2-96ae-4148-942c-3d7708cd94d8___FREC_C.Rust 9830.JPG,rust,2,g0656,s_reliability,reliability_val,original,,,,,,42,2,2,rust,0,-3.0039935,-3.15061,2.353169,42
36153de38b124267ff5c,data/plantvillage/raw/color/Apple___Cedar_apple_rust/20ef08f2-96ae-4148-942c-3d7708cd94d8___FREC_C.Rust 9830.JPG,rust,2,g0656,s_reliability,reliability_val,brightness,9124335070244331621,1.2766812122218627,,,,42,2,2,rust,0,-1.8576709,-3.115494,1.5349729,42
015a54781f1c902b6b24,data/plantvillage/raw/color/Apple___Cedar_apple_rust/20ef08f2-96ae-4148-942c-3d7708cd94d8___FREC_C.Rust 9830.JPG,rust,2,g0656,s_reliability,reliability_val,contrast,3970830922080656216,,1.2697293291587772,,,42,2,2,rust,0,-2.9724708,-3.3253083,2.4730158,42
4a683ff8b69cc645082f,data/plantvillage/raw/color/Apple___Cedar_apple_rust/20ef08f2-96ae-4148-942c-3d7708cd94d8___FREC_C.Rust 9830.JPG,rust,2,g0656,s_reliability,reliability_val,gaussian_blur,6849660152597244097,,,1.2231344431345645,,42,2,2,rust,0,-4.670158,-2.7634454,3.9761844,42
23893790eb2833181cb2,data/plantvillage/raw/color/Apple___Cedar_apple_rust/20ef08f2-96ae-4148-942c-3d7708cd94d8___FREC_C.Rust 9830.JPG,rust,2,g0656,s_reliability,reliability_val,gaussian_noise,2797424583015850296,,,,0.022109122428859422,42,2,2,rust,0,-3.0748,-2.9799976,2.1906726,42
bd9014d7e7d247824ce1,data/plantvillage/raw/color/Apple___Cedar_apple_rust/2ac8d689-f30a-4eee-a856-86c92f8dcbd2___FREC_C.Rust 3952.JPG,rust,2,g0665,s_reliability,reliability_train,original,,,,,,42,2,2,rust,0,-4.3348613,-0.7669674,0.4302108,42
74fa9793319854eafc0c,data/plantvillage/raw/color/Apple___Cedar_apple_rust/2ac8d689-f30a-4eee-a856-86c92f8dcbd2___FREC_C.Rust 3952.JPG,rust,2,g0665,s_reliability,reliability_train,brightness,1238135166806893014,0.989149893912943,,,,42,2,2,rust,0,-4.3379736,-0.7652653,0.42744046,42
fb435eebd8933f722cd4,data/plantvillage/raw/color/Apple___Cedar_apple_rust/2ac8d689-f30a-4eee-a856-86c92f8dcbd2___FREC_C.Rust 3952.JPG,rust,2,g0665,s_reliability,reliability_train,contrast,184760996010872730,,0.703937269776144,,,42,2,2,rust,0,-4.2377815,-0.44742566,0.17296895,42
2cac71be2de2846899a0,data/plantvillage/raw/color/Apple___Cedar_apple_rust/2ac8d689-f30a-4eee-a856-86c92f8dcbd2___FREC_C.Rust 3952.JPG,rust,2,g0665,s_reliability,reliability_train,gaussian_blur,3843253825728318729,,,0.7363241462256889,,42,2,2,rust,0,-4.699942,-1.3013755,1.5480543,42
4368f037fe0e24554827,data/plantvillage/raw/color/Apple___Cedar_apple_rust/2ac8d689-f30a-4eee-a856-86c92f8dcbd2___FREC_C.Rust 3952.JPG,rust,2,g0665,s_reliability,reliability_train,gaussian_noise,8116286617875832282,,,,0.04043459276343103,42,2,2,rust,0,-4.6781898,-0.6133897,0.62869734,42
38d78660056d947d2710,data/plantvillage/raw/color/Apple___Cedar_apple_rust/2ddde539-6c5f-4d76-8611-14761bb240de___FREC_C.Rust 3564.JPG,rust,2,g0668,s_reliability,reliability_train,original,,,,,,42,2,2,rust,0,-5.020677,-2.6374376,3.1964629,42
88b726780faa118c9b83,data/plantvillage/raw/color/Apple___Cedar_apple_rust/2ddde539-6c5f-4d76-8611-14761bb240de___FREC_C.Rust 3564.JPG,rust,2,g0668,s_reliability,reliability_train,brightness,1020135457938338221,1.2881715134637752,,,,42,2,2,rust,0,-5.446761,-3.4044418,3.9375768,42
ec8e0198de3839ca8f3a,data/plantvillage/raw/color/Apple___Cedar_apple_rust/2ddde539-6c5f-4d76-8611-14761bb240de___FREC_C.Rust 3564.JPG,rust,2,g0668,s_reliability,reliability_train,contrast,5462134332840369543,,1.2729881800861214,,,42,2,2,rust,0,-5.9116354,-3.2115703,4.064965,42
2fb3eb9f378356eb5bca,data/plantvillage/raw/color/Apple___Cedar_apple_rust/2ddde539-6c5f-4d76-8611-14761bb240de___FREC_C.Rust 3564.JPG,rust,2,g0668,s_reliability,reliability_train,gaussian_blur,2069312328900770086,,,1.3671370114552313,,42,2,2,rust,0,-4.345464,-3.7183106,4.066189,42
05aa80cbd57b2fbb1a51,data/plantvillage/raw/color/Apple___Cedar_apple_rust/2ddde539-6c5f-4d76-8611-14761bb240de___FREC_C.Rust 3564.JPG,rust,2,g0668,s_reliability,reliability_train,gaussian_noise,6147289556569416892,,,,0.04948386996630143,42,2,2,rust,0,-5.7512136,-1.991263,2.9315224,42
955a397437574af43d79,data/plantvillage/raw/color/Apple___Cedar_apple_rust/39c00da9-396e-4bd3-8e4a-f701c11d4fa7___FREC_C.Rust 3907.JPG,rust,2,g0675,s_reliability,reliability_train,original,,,,,,42,2,2,rust,0,-5.3061595,-2.1773584,3.0952053,42
71b8d1a085de9d611c32,data/plantvillage/raw/color/Apple___Cedar_apple_rust/39c00da9-396e-4bd3-8e4a-f701c11d4fa7___FREC_C.Rust 3907.JPG,rust,2,g0675,s_reliability,reliability_train,brightness,4009909030205098043,0.7010369604387269,,,,42,2,2,rust,0,-4.216559,-2.2889562,2.3568778,42
d59fc1dc390533de57a8,data/plantvillage/raw/color/Apple___Cedar_apple_rust/39c00da9-396e-4bd3-8e4a-f701c11d4fa7___FREC_C.Rust 3907.JPG,rust,2,g0675,s_reliability,reliability_train,contrast,5307150963778230250,,0.8001508649492495,,,42,2,2,rust,0,-4.668225,-2.287743,2.6716263,42
93508dba867f557ec655,data/plantvillage/raw/color/Apple___Cedar_apple_rust/39c00da9-396e-4bd3-8e4a-f701c11d4fa7___FREC_C.Rust 3907.JPG,rust,2,g0675,s_reliability,reliability_train,gaussian_blur,5498740430969157243,,,0.6434891465882532,,42,2,2,rust,0,-5.3498735,-2.1638596,3.2418923,42
e19e4d9cb33852a413bd,data/plantvillage/raw/color/Apple___Cedar_apple_rust/39c00da9-396e-4bd3-8e4a-f701c11d4fa7___FREC_C.Rust 3907.JPG,rust,2,g0675,s_reliability,reliability_train,gaussian_noise,985384076233416482,,,,0.04341934138266282,42,2,2,rust,0,-5.473377,-1.9880654,2.978344,42
b6d8bcee3358101f1be2,data/plantvillage/raw/color/Apple___Cedar_apple_rust/3ea747af-ed9d-44f1-a8b6-61503adf0a4b___FREC_C.Rust 4174.JPG,rust,2,g0683,s_reliability,reliability_train,original,,,,,,42,2,2,rust,0,-6.486157,-1.5491796,2.9325047,42
1ac3523eae0f660f5423,data/plantvillage/raw/color/Apple___Cedar_apple_rust/3ea747af-ed9d-44f1-a8b6-61503adf0a4b___FREC_C.Rust 4174.JPG,rust,2,g0683,s_reliability,reliability_train,brightness,5796332649314055639,0.7530919511174957,,,,42,2,2,rust,0,-5.797882,-1.5647221,2.5218084,42
50d0d6707a95a0945f8a,data/plantvillage/raw/color/Apple___Cedar_apple_rust/3ea747af-ed9d-44f1-a8b6-61503adf0a4b___FREC_C.Rust 4174.JPG,rust,2,g0683,s_reliability,reliability_train,contrast,7350170877343711716,,0.8539875045771471,,,42,2,2,rust,0,-6.402122,-1.5814339,2.906002,42
c96cc77fb5e3a10b8122,data/plantvillage/raw/color/Apple___Cedar_apple_rust/3ea747af-ed9d-44f1-a8b6-61503adf0a4b___FREC_C.Rust 4174.JPG,rust,2,g0683,s_reliability,reliability_train,gaussian_blur,6773538550597083909,,,0.9627317975344836,,42,2,2,rust,0,-6.6735387,-1.2550462,3.2915711,42
f0b4411bee95044ed27f,data/plantvillage/raw/color/Apple___Cedar_apple_rust/3ea747af-ed9d-44f1-a8b6-61503adf0a4b___FREC_C.Rust 4174.JPG,rust,2,g0683,s_reliability,reliability_train,gaussian_noise,7588793270451520677,,,,0.02385667522072981,42,2,2,rust,0,-6.42854,-1.4538368,2.795546,42
c79170af4ebbf222b1ce,data/plantvillage/raw/color/Apple___Cedar_apple_rust/3fb3806c-db88-491d-b9b0-191b3d5964cd___FREC_C.Rust 4130.JPG,rust,2,g0686,s_reliability,reliability_train,original,,,,,,42,2,2,rust,0,-5.466546,-2.3646016,3.5822344,42
26aaee46c87e9bb920d6,data/plantvillage/raw/color/Apple___Cedar_apple_rust/3fb3806c-db88-491d-b9b0-191b3d5964cd___FREC_C.Rust 4130.JPG,rust,2,g0686,s_reliability,reliability_train,brightness,7431893806541698746,0.8250988354201897,,,,42,2,2,rust,0,-4.9659452,-2.4316776,3.2332368,42
0068136486d070a8b4d6,data/plantvillage/raw/color/Apple___Cedar_apple_rust/3fb3806c-db88-491d-b9b0-191b3d5964cd___FREC_C.Rust 4130.JPG,rust,2,g0686,s_reliability,reliability_train,contrast,792529144098384997,,0.8833082305425937,,,42,2,2,rust,0,-5.247411,-2.3855176,3.4277642,42
0e81f2c7544873fc956b,data/plantvillage/raw/color/Apple___Cedar_apple_rust/3fb3806c-db88-491d-b9b0-191b3d5964cd___FREC_C.Rust 4130.JPG,rust,2,g0686,s_reliability,reliability_train,gaussian_blur,8076553071255020175,,,1.2355554482987996,,42,2,2,rust,0,-5.6622667,-2.4675949,4.5389094,42
62d8e2b214600c239891,data/plantvillage/raw/color/Apple___Cedar_apple_rust/3fb3806c-db88-491d-b9b0-191b3d5964cd___FREC_C.Rust 4130.JPG,rust,2,g0686,s_reliability,reliability_train,gaussian_noise,7718072336146035673,,,,0.03268883673356201,42,2,2,rust,0,-5.7444544,-2.1882975,3.5492144,42
d2bf1fcc6ab287bc1032,data/plantvillage/raw/color/Apple___Cedar_apple_rust/46597071-9826-4f76-b853-083b76c5ef63___FREC_C.Rust 3666.JPG,rust,2,g0695,s_reliability,reliability_train,original,,,,,,42,2,2,rust,0,-5.914086,-0.6662085,2.4600625,42
4c3fedeeae7d634f1a9e,data/plantvillage/raw/color/Apple___Cedar_apple_rust/46597071-9826-4f76-b853-083b76c5ef63___FREC_C.Rust 3666.JPG,rust,2,g0695,s_reliability,reliability_train,brightness,1337925766950769555,1.1435122948872163,,,,42,2,2,rust,0,-5.8677025,-0.70050126,2.4927845,42
c5044542fee4ef54f8ea,data/plantvillage/raw/color/Apple___Cedar_apple_rust/46597071-9826-4f76-b853-083b76c5ef63___FREC_C.Rust 3666.JPG,rust,2,g0695,s_reliability,reliability_train,contrast,8461330052855152134,,1.1468566140490086,,,42,2,2,rust,0,-6.041782,-0.5706129,2.4640641,42
02f60af8a2950a421b26,data/plantvillage/raw/color/Apple___Cedar_apple_rust/46597071-9826-4f76-b853-083b76c5ef63___FREC_C.Rust 3666.JPG,rust,2,g0695,s_reliability,reliability_train,gaussian_blur,3416596038691601604,,,1.0983519791146024,,42,2,2,rust,0,-6.6635695,-0.72548354,3.7934144,42
ae6b457c0eb687d875c4,data/plantvillage/raw/color/Apple___Cedar_apple_rust/46597071-9826-4f76-b853-083b76c5ef63___FREC_C.Rust 3666.JPG,rust,2,g0695,s_reliability,reliability_train,gaussian_noise,5148620912703859591,,,,0.028291994824283365,42,2,2,rust,0,-6.1699815,-0.45035398,2.4492564,42
7cd4df7fb3085ea1cdf0,data/plantvillage/raw/color/Apple___Cedar_apple_rust/46aef257-999e-4158-9107-c5f5c7c8016a___FREC_C.Rust 4147.JPG,rust,2,g0696,s_reliability,reliability_train,original,,,,,,42,2,2,rust,0,-5.969945,-2.3245635,3.9089372,42
44e43a3cf0b73732c5cb,data/plantvillage/raw/color/Apple___Cedar_apple_rust/46aef257-999e-4158-9107-c5f5c7c8016a___FREC_C.Rust 4147.JPG,rust,2,g0696,s_reliability,reliability_train,brightness,5137468757470680855,1.1948746982907104,,,,42,2,2,rust,0,-6.29419,-2.3246562,4.095768,42
1ea2f0e5203e28936f12,data/plantvillage/raw/color/Apple___Cedar_apple_rust/46aef257-999e-4158-9107-c5f5c7c8016a___FREC_C.Rust 4147.JPG,rust,2,g0696,s_reliability,reliability_train,contrast,2241558900996907608,,0.9329671031024535,,,42,2,2,rust,0,-5.9268756,-2.2430542,3.8156765,42
da52c06dfa6af15ee2a5,data/plantvillage/raw/color/Apple___Cedar_apple_rust/46aef257-999e-4158-9107-c5f5c7c8016a___FREC_C.Rust 4147.JPG,rust,2,g0696,s_reliability,reliability_train,gaussian_blur,566362356177354878,,,0.913072685331281,,42,2,2,rust,0,-6.47838,-1.6417148,4.2245555,42
d6ca6ca311e9669dde8d,data/plantvillage/raw/color/Apple___Cedar_apple_rust/46aef257-999e-4158-9107-c5f5c7c8016a___FREC_C.Rust 4147.JPG,rust,2,g0696,s_reliability,reliability_train,gaussian_noise,6805322405155384251,,,,0.03563328607658932,42,2,2,rust,0,-6.605474,-1.8464116,3.7990222,42
2ad173b281e7eabbed86,data/plantvillage/raw/color/Apple___Cedar_apple_rust/46b6b57e-9c90-4de7-9fb1-b8b674d51f38___FREC_C.Rust 9857.JPG,rust,2,g0697,s_reliability,reliability_train,original,,,,,,42,2,2,rust,0,-3.210578,-1.7590655,1.6840621,42
9640e6d0d551c087d801,data/plantvillage/raw/color/Apple___Cedar_apple_rust/46b6b57e-9c90-4de7-9fb1-b8b674d51f38___FREC_C.Rust 9857.JPG,rust,2,g0697,s_reliability,reliability_train,brightness,8511084443329139375,1.073898456567421,,,,42,2,2,rust,0,-3.268688,-1.6461813,1.5964873,42
87d37241e17bc96d9bbd,data/plantvillage/raw/color/Apple___Cedar_apple_rust/46b6b57e-9c90-4de7-9fb1-b8b674d51f38___FREC_C.Rust 9857.JPG,rust,2,g0697,s_reliability,reliability_train,contrast,8822205634636923575,,1.1512190215785898,,,42,2,2,rust,0,-3.3752365,-1.5482222,1.602059,42
536073cb4505656e188a,data/plantvillage/raw/color/Apple___Cedar_apple_rust/46b6b57e-9c90-4de7-9fb1-b8b674d51f38___FREC_C.Rust 9857.JPG,rust,2,g0697,s_reliability,reliability_train,gaussian_blur,83810707950683667,,,1.3814703955123093,,42,2,2,rust,0,-3.6728609,-2.8111072,3.637292,42
523ec573545b31e0e37d,data/plantvillage/raw/color/Apple___Cedar_apple_rust/46b6b57e-9c90-4de7-9fb1-b8b674d51f38___FREC_C.Rust 9857.JPG,rust,2,g0697,s_reliability,reliability_train,gaussian_noise,8620575844703776009,,,,0.04418578447851751,42,2,2,rust,0,-3.6408927,-1.3008815,1.3677437,42
514ac5d9076bb6883e3b,data/plantvillage/raw/color/Apple___Cedar_apple_rust/492e83ef-7407-42f1-a0e2-e272cf1cdbc1___FREC_C.Rust 0024.JPG,rust,2,g0698,s_reliability,reliability_train,original,,,,,,42,2,2,rust,0,-3.178064,-3.11934,2.517765,42
ac6f0c6bed22a4dfa02a,data/plantvillage/raw/color/Apple___Cedar_apple_rust/492e83ef-7407-42f1-a0e2-e272cf1cdbc1___FREC_C.Rust 0024.JPG,rust,2,g0698,s_reliability,reliability_train,brightness,2126045519001692173,0.8428181346940617,,,,42,2,2,rust,0,-2.8611045,-3.0839317,2.1418939,42
16a1a2e27f193f4a37a0,data/plantvillage/raw/color/Apple___Cedar_apple_rust/492e83ef-7407-42f1-a0e2-e272cf1cdbc1___FREC_C.Rust 0024.JPG,rust,2,g0698,s_reliability,reliability_train,contrast,8496635156704690713,,1.0094857543706728,,,42,2,2,rust,0,-3.141446,-3.1755834,2.523455,42
78b7f170942d0d7f596c,data/plantvillage/raw/color/Apple___Cedar_apple_rust/492e83ef-7407-42f1-a0e2-e272cf1cdbc1___FREC_C.Rust 0024.JPG,rust,2,g0698,s_reliability,reliability_train,gaussian_blur,8289778620581039100,,,0.7874468902819679,,42,2,2,rust,0,-3.933511,-2.9131968,2.9875126,42
a39bcaf91263770fddc7,data/plantvillage/raw/color/Apple___Cedar_apple_rust/492e83ef-7407-42f1-a0e2-e272cf1cdbc1___FREC_C.Rust 0024.JPG,rust,2,g0698,s_reliability,reliability_train,gaussian_noise,3234987640418141572,,,,0.03985475976524317,42,2,2,rust,0,-3.3858404,-3.1316016,2.486133,42
9b90c07db3a6acc2ec8f,data/plantvillage/raw/color/Apple___Cedar_apple_rust/5271addc-c445-4af1-ba68-318c7b509e1f___FREC_C.Rust 3585.JPG,rust,2,g0710,s_reliability,reliability_train,original,,,,,,42,2,2,rust,0,-4.5528917,-2.6514864,3.2566562,42
1ffa9dfbc5d946282df0,data/plantvillage/raw/color/Apple___Cedar_apple_rust/5271addc-c445-4af1-ba68-318c7b509e1f___FREC_C.Rust 3585.JPG,rust,2,g0710,s_reliability,reliability_train,brightness,7019451541191187919,1.0785999092159924,,,,42,2,2,rust,0,-4.668842,-2.65239,3.4526153,42
7e88bf4bc1ee634570cd,data/plantvillage/raw/color/Apple___Cedar_apple_rust/5271addc-c445-4af1-ba68-318c7b509e1f___FREC_C.Rust 3585.JPG,rust,2,g0710,s_reliability,reliability_train,contrast,2215830927264308898,,0.8474535758640687,,,42,2,2,rust,0,-3.8672457,-2.750568,2.7175946,42
c30a7573a6cb31800e50,data/plantvillage/raw/color/Apple___Cedar_apple_rust/5271addc-c445-4af1-ba68-318c7b509e1f___FREC_C.Rust 3585.JPG,rust,2,g0710,s_reliability,reliability_train,gaussian_blur,309852247994690599,,,0.5564056751461881,,42,2,2,rust,0,-4.384645,-2.8338144,3.3245542,42
071aff0c8195e483940d,data/plantvillage/raw/color/Apple___Cedar_apple_rust/5271addc-c445-4af1-ba68-318c7b509e1f___FREC_C.Rust 3585.JPG,rust,2,g0710,s_reliability,reliability_train,gaussian_noise,3770604975239205164,,,,0.01721242049801944,42,2,2,rust,0,-4.6277018,-2.577484,3.3433037,42
cbb7086744867e71ef93,data/plantvillage/raw/color/Apple___Cedar_apple_rust/5c2677da-56e7-47bc-bc21-31a1db9ff5bf___FREC_C.Rust 9799.JPG,rust,2,g0721,s_reliability,reliability_val,original,,,,,,42,2,2,rust,0,-4.4125185,-2.0656726,2.8421586,42
2b0e7fd37129b8555d12,data/plantvillage/raw/color/Apple___Cedar_apple_rust/5c2677da-56e7-47bc-bc21-31a1db9ff5bf___FREC_C.Rust 9799.JPG,rust,2,g0721,s_reliability,reliability_val,brightness,5138983943787726491,0.7011443462651283,,,,42,2,2,rust,0,-3.55775,-2.2658346,2.3316388,42
ee1c109f1c4be45160df,data/plantvillage/raw/color/Apple___Cedar_apple_rust/5c2677da-56e7-47bc-bc21-31a1db9ff5bf___FREC_C.Rust 9799.JPG,rust,2,g0721,s_reliability,reliability_val,contrast,994375847245664912,,0.824502228252872,,,42,2,2,rust,0,-3.8783488,-2.331154,2.6373699,42
baa8f0da132b50267838,data/plantvillage/raw/color/Apple___Cedar_apple_rust/5c2677da-56e7-47bc-bc21-31a1db9ff5bf___FREC_C.Rust 9799.JPG,rust,2,g0721,s_reliability,reliability_val,gaussian_blur,2799743701510070896,,,0.9254830552418009,,42,2,2,rust,0,-4.442826,-2.1320097,3.2669437,42
023f77a1e6a0478a8df0,data/plantvillage/raw/color/Apple___Cedar_apple_rust/5c2677da-56e7-47bc-bc21-31a1db9ff5bf___FREC_C.Rust 9799.JPG,rust,2,g0721,s_reliability,reliability_val,gaussian_noise,279683693414116392,,,,0.04674422207254973,42,2,2,rust,0,-4.7754264,-0.7470794,1.5690523,42
067aca20bce3cb890bd9,data/plantvillage/raw/color/Apple___Cedar_apple_rust/60ecab05-90df-45d5-8a50-edb8635aac87___FREC_C.Rust 4155.JPG,rust,2,g0727,s_reliability,reliability_val,original,,,,,,42,2,2,rust,0,-4.418878,-1.0854646,1.5627117,42
1809c11f55bdefdc82e8,data/plantvillage/raw/color/Apple___Cedar_apple_rust/60ecab05-90df-45d5-8a50-edb8635aac87___FREC_C.Rust 4155.JPG,rust,2,g0727,s_reliability,reliability_val,brightness,1593361610085464932,0.9174721845178622,,,,42,2,2,rust,0,-4.2800922,-1.1371622,1.5473454,42
a93390134b4249f616a6,data/plantvillage/raw/color/Apple___Cedar_apple_rust/60ecab05-90df-45d5-8a50-edb8635aac87___FREC_C.Rust 4155.JPG,rust,2,g0727,s_reliability,reliability_val,contrast,5827455798737791278,,1.1614805993596526,,,42,2,2,rust,0,-4.2778616,-1.1733079,1.529853,42
c4e8e14e48ac9c5923f8,data/plantvillage/raw/color/Apple___Cedar_apple_rust/60ecab05-90df-45d5-8a50-edb8635aac87___FREC_C.Rust 4155.JPG,rust,2,g0727,s_reliability,reliability_val,gaussian_blur,8136810440169511556,,,1.3640488980859797,,42,2,2,rust,0,-5.2441945,-0.13197765,2.0697875,42
6e9feee1577e26284ad7,data/plantvillage/raw/color/Apple___Cedar_apple_rust/60ecab05-90df-45d5-8a50-edb8635aac87___FREC_C.Rust 4155.JPG,rust,2,g0727,s_reliability,reliability_val,gaussian_noise,8899418907647209012,,,,0.02613358045191555,42,2,2,rust,0,-4.57193,-0.74403745,1.3516054,42
7817ca09e61512791265,data/plantvillage/raw/color/Apple___Cedar_apple_rust/6fe0e179-4491-4257-a1d3-9cff9e9e2d27___FREC_C.Rust 0225.JPG,rust,2,g0736,s_reliability,reliability_train,original,,,,,,42,2,2,rust,0,-6.2148156,-2.971877,4.7199974,42
4328dadd0ec89cad7e35,data/plantvillage/raw/color/Apple___Cedar_apple_rust/6fe0e179-4491-4257-a1d3-9cff9e9e2d27___FREC_C.Rust 0225.JPG,rust,2,g0736,s_reliability,reliability_train,brightness,7484009663020817417,0.7098236029385009,,,,42,2,2,rust,0,-6.0845675,-2.7489665,4.4579573,42
27646b156eb1c5c1de17,data/plantvillage/raw/color/Apple___Cedar_apple_rust/6fe0e179-4491-4257-a1d3-9cff9e9e2d27___FREC_C.Rust 0225.JPG,rust,2,g0736,s_reliability,reliability_train,contrast,8630229796243865280,,0.8926053672513127,,,42,2,2,rust,0,-6.164008,-2.9893928,4.66788,42
df9bab680a85a5e33de9,data/plantvillage/raw/color/Apple___Cedar_apple_rust/6fe0e179-4491-4257-a1d3-9cff9e9e2d27___FREC_C.Rust 0225.JPG,rust,2,g0736,s_reliability,reliability_train,gaussian_blur,4283207749994627192,,,0.9094220561271835,,42,2,2,rust,0,-7.11923,-2.072727,5.0199327,42
6eab29d757ecea57f4b4,data/plantvillage/raw/color/Apple___Cedar_apple_rust/6fe0e179-4491-4257-a1d3-9cff9e9e2d27___FREC_C.Rust 0225.JPG,rust,2,g0736,s_reliability,reliability_train,gaussian_noise,80237578520402496,,,,0.03124859378785745,42,2,2,rust,0,-6.364102,-2.8954425,4.6697035,42
55b9f2c31aa16823c5f7,data/plantvillage/raw/color/Apple___Cedar_apple_rust/7e32ce27-bc89-4fca-9f49-c50de91210d1___FREC_C.Rust 4425.JPG,rust,2,g0751,s_reliability,reliability_train,original,,,,,,42,2,2,rust,0,-2.51918,-3.1522193,1.0171926,42
6f418f05bb366ce502c6,data/plantvillage/raw/color/Apple___Cedar_apple_rust/7e32ce27-bc89-4fca-9f49-c50de91210d1___FREC_C.Rust 4425.JPG,rust,2,g0751,s_reliability,reliability_train,brightness,2430587164417958302,1.2005577785604635,,,,42,2,2,rust,0,-1.854239,-2.910902,0.3664464,42
7e224821116e30c8715e,data/plantvillage/raw/color/Apple___Cedar_apple_rust/7e32ce27-bc89-4fca-9f49-c50de91210d1___FREC_C.Rust 4425.JPG,rust,2,g0751,s_reliability,reliability_train,contrast,4114779885996814619,,0.8938333396774873,,,42,2,2,rust,0,-2.2184103,-3.2885354,0.8331309,42
e68b45f721a955c377b1,data/plantvillage/raw/color/Apple___Cedar_apple_rust/7e32ce27-bc89-4fca-9f49-c50de91210d1___FREC_C.Rust 4425.JPG,rust,2,g0751,s_reliability,reliability_train,gaussian_blur,1870417247122737198,,,1.1986475654281548,,42,2,2,rust,0,-4.0624504,-3.1873543,2.675713,42
44c1694692ae83e47358,data/plantvillage/raw/color/Apple___Cedar_apple_rust/7e32ce27-bc89-4fca-9f49-c50de91210d1___FREC_C.Rust 4425.JPG,rust,2,g0751,s_reliability,reliability_train,gaussian_noise,4319594287269559260,,,,0.040225870692063154,42,2,2,rust,0,-3.0498793,-3.0906544,1.3902789,42
02707a6e4ec0082928d0,data/plantvillage/raw/color/Apple___Cedar_apple_rust/811b2953-8508-4327-944e-8d999211790c___FREC_C.Rust 3891.JPG,rust,2,g0755,s_reliability,reliability_val,original,,,,,,42,2,2,rust,0,-5.848486,-0.6297042,2.7364087,42
6c5b7f95607c933addb2,data/plantvillage/raw/color/Apple___Cedar_apple_rust/811b2953-8508-4327-944e-8d999211790c___FREC_C.Rust 3891.JPG,rust,2,g0755,s_reliability,reliability_val,brightness,8413511154358053143,0.8226938735388784,,,,42,2,2,rust,0,-5.9389825,-0.35184965,2.6712883,42
f810b59a44a3705ee576,data/plantvillage/raw/color/Apple___Cedar_apple_rust/811b2953-8508-4327-944e-8d999211790c___FREC_C.Rust 3891.JPG,rust,2,g0755,s_reliability,reliability_val,contrast,4431399651871326821,,0.9151942846961665,,,42,2,2,rust,0,-5.720071,-0.6442168,2.677692,42
4829b19c383d7b150f98,data/plantvillage/raw/color/Apple___Cedar_apple_rust/811b2953-8508-4327-944e-8d999211790c___FREC_C.Rust 3891.JPG,rust,2,g0755,s_reliability,reliability_val,gaussian_blur,6924794671750878573,,,0.7463202200650834,,42,2,2,rust,0,-5.764703,-0.89184517,3.2741704,42
1500949125428804c0ec,data/plantvillage/raw/color/Apple___Cedar_apple_rust/811b2953-8508-4327-944e-8d999211790c___FREC_C.Rust 3891.JPG,rust,2,g0755,s_reliability,reliability_val,gaussian_noise,310417430109168794,,,,0.04754179273872836,42,2,2,rust,0,-6.457705,-0.092814684,2.5677729,42
5308ad15510eb7281b38,data/plantvillage/raw/color/Apple___Cedar_apple_rust/821d427b-7aff-475c-8d76-6c984e09463f___FREC_C.Rust 3760.JPG,rust,2,g0756,s_reliability,reliability_train,original,,,,,,42,2,2,rust,0,-7.4855423,-1.6441077,4.90731,42
850c0542f6a32912237c,data/plantvillage/raw/color/Apple___Cedar_apple_rust/821d427b-7aff-475c-8d76-6c984e09463f___FREC_C.Rust 3760.JPG,rust,2,g0756,s_reliability,reliability_train,brightness,4571325911189360225,0.8986348725646557,,,,42,2,2,rust,0,-7.6079507,-1.7030873,5.071146,42
05c20be8e9783ef8062d,data/plantvillage/raw/color/Apple___Cedar_apple_rust/821d427b-7aff-475c-8d76-6c984e09463f___FREC_C.Rust 3760.JPG,rust,2,g0756,s_reliability,reliability_train,contrast,6315890675842632630,,0.8049394608395405,,,42,2,2,rust,0,-7.220109,-1.8544989,4.8078914,42
87dd8888f2bc2d2565d2,data/plantvillage/raw/color/Apple___Cedar_apple_rust/821d427b-7aff-475c-8d76-6c984e09463f___FREC_C.Rust 3760.JPG,rust,2,g0756,s_reliability,reliability_train,gaussian_blur,6269459348649831633,,,0.9627826221466274,,42,2,2,rust,0,-7.939135,-2.4169288,6.2420163,42
15d2a99a0ddcf1f7184a,data/plantvillage/raw/color/Apple___Cedar_apple_rust/821d427b-7aff-475c-8d76-6c984e09463f___FREC_C.Rust 3760.JPG,rust,2,g0756,s_reliability,reliability_train,gaussian_noise,1988108616313388441,,,,0.03516768717535089,42,2,2,rust,0,-7.761596,-1.4664227,4.8647823,42
77487b8a441ccda21ebf,data/plantvillage/raw/color/Apple___Cedar_apple_rust/8306d4f0-6a4f-4f02-86ca-72b1a950f420___FREC_C.Rust 0175.JPG,rust,2,g0758,s_reliability,reliability_train,original,,,,,,42,2,2,rust,0,-7.4573374,0.103361934,3.6696212,42
89f548c1a7dc096e343d,data/plantvillage/raw/color/Apple___Cedar_apple_rust/8306d4f0-6a4f-4f02-86ca-72b1a950f420___FREC_C.Rust 0175.JPG,rust,2,g0758,s_reliability,reliability_train,brightness,5147374854449316070,1.0095680995525007,,,,42,2,2,rust,0,-7.4404373,0.104637384,3.6533194,42
27100d3822373e445789,data/plantvillage/raw/color/Apple___Cedar_apple_rust/8306d4f0-6a4f-4f02-86ca-72b1a950f420___FREC_C.Rust 0175.JPG,rust,2,g0758,s_reliability,reliability_train,contrast,2570736879708741500,,1.1526010994676266,,,42,2,2,rust,0,-7.588293,0.17132685,3.7410305,42
a1d8e8161edf4c53b921,data/plantvillage/raw/color/Apple___Cedar_apple_rust/8306d4f0-6a4f-4f02-86ca-72b1a950f420___FREC_C.Rust 0175.JPG,rust,2,g0758,s_reliability,reliability_train,gaussian_blur,8013552049083527331,,,1.2427570322180364,,42,2,2,rust,0,-7.8993416,0.10912423,4.4280057,42
5fb5ae88776e394586a8,data/plantvillage/raw/color/Apple___Cedar_apple_rust/8306d4f0-6a4f-4f02-86ca-72b1a950f420___FREC_C.Rust 0175.JPG,rust,2,g0758,s_reliability,reliability_train,gaussian_noise,7616654997170151072,,,,0.019245665068357565,42,2,2,rust,0,-7.346172,0.16576026,3.5107791,42
c676d4e64fa881add5e0,data/plantvillage/raw/color/Apple___Cedar_apple_rust/84eda310-5cbd-4de7-949d-471213cd0016___FREC_C.Rust 3679.JPG,rust,2,g0761,s_reliability,reliability_val,original,,,,,,42,2,2,rust,0,-4.646889,-2.5291138,3.0061698,42
a7958281d9fdcba8559e,data/plantvillage/raw/color/Apple___Cedar_apple_rust/84eda310-5cbd-4de7-949d-471213cd0016___FREC_C.Rust 3679.JPG,rust,2,g0761,s_reliability,reliability_val,brightness,7950491604340802063,1.190574104535753,,,,42,2,2,rust,0,-4.5594225,-2.5005205,3.0054388,42
c28a568fbd1fb0d0d4d6,data/plantvillage/raw/color/Apple___Cedar_apple_rust/84eda310-5cbd-4de7-949d-471213cd0016___FREC_C.Rust 3679.JPG,rust,2,g0761,s_reliability,reliability_val,contrast,1433596285438689991,,1.276847192561266,,,42,2,2,rust,0,-4.3927956,-2.2698872,2.6097713,42
1a30f90fb8726b548636,data/plantvillage/raw/color/Apple___Cedar_apple_rust/84eda310-5cbd-4de7-949d-471213cd0016___FREC_C.Rust 3679.JPG,rust,2,g0761,s_reliability,reliability_val,gaussian_blur,5570773396651003154,,,1.2715570801533482,,42,2,2,rust,0,-3.6643941,-3.6720552,3.9292595,42
8820d77e862e5803911a,data/plantvillage/raw/color/Apple___Cedar_apple_rust/84eda310-5cbd-4de7-949d-471213cd0016___FREC_C.Rust 3679.JPG,rust,2,g0761,s_reliability,reliability_val,gaussian_noise,2493634191022538598,,,,0.02496793269844013,42,2,2,rust,0,-4.9189134,-2.557543,3.0983882,42
d499cdc98c0b9b55a11d,data/plantvillage/raw/color/Apple___Cedar_apple_rust/85eb91f6-f8f0-438e-afbc-ca12551ee404___FREC_C.Rust 9884.JPG,rust,2,g0765,s_reliability,reliability_train,original,,,,,,42,2,2,rust,0,-4.807893,0.910311,0.9638989,42
3388e3ea0a2130bac8a9,data/plantvillage/raw/color/Apple___Cedar_apple_rust/85eb91f6-f8f0-438e-afbc-ca12551ee404___FREC_C.Rust 9884.JPG,rust,2,g0765,s_reliability,reliability_train,brightness,1442249255194107030,0.7051589650746101,,,,42,2,1,scab,1,-3.9097145,0.76514214,0.37147778,42
520b1412859bbe893e25,data/plantvillage/raw/color/Apple___Cedar_apple_rust/85eb91f6-f8f0-438e-afbc-ca12551ee404___FREC_C.Rust 9884.JPG,rust,2,g0765,s_reliability,reliability_train,contrast,9176075915898749191,,1.0007417453024892,,,42,2,2,rust,0,-4.818367,0.9299571,0.94812465,42
5ff53f0542d080a3056c,data/plantvillage/raw/color/Apple___Cedar_apple_rust/85eb91f6-f8f0-438e-afbc-ca12551ee404___FREC_C.Rust 9884.JPG,rust,2,g0765,s_reliability,reliability_train,gaussian_blur,5172479580084188353,,,0.879265055608439,,42,2,2,rust,0,-4.7245345,0.86544174,1.4316127,42
9af597f482b4a4f39ad7,data/plantvillage/raw/color/Apple___Cedar_apple_rust/85eb91f6-f8f0-438e-afbc-ca12551ee404___FREC_C.Rust 9884.JPG,rust,2,g0765,s_reliability,reliability_train,gaussian_noise,1810193869183814344,,,,0.01609551314255245,42,2,2,rust,0,-5.1288476,0.89543474,1.209001,42
aa3027417bb2008e7192,data/plantvillage/raw/color/Apple___Cedar_apple_rust/90355db8-e997-4ab6-a1a3-14aca5e55395___FREC_C.Rust 9907.JPG,rust,2,g0775,s_reliability,reliability_train,original,,,,,,42,2,2,rust,0,-5.748709,-1.6589607,3.1520338,42
14011799621273083b16,data/plantvillage/raw/color/Apple___Cedar_apple_rust/90355db8-e997-4ab6-a1a3-14aca5e55395___FREC_C.Rust 9907.JPG,rust,2,g0775,s_reliability,reliability_train,brightness,552426571636723990,1.0169131472625543,,,,42,2,2,rust,0,-5.820498,-1.6799542,3.2231495,42
4e7a151de114d13abb45,data/plantvillage/raw/color/Apple___Cedar_apple_rust/90355db8-e997-4ab6-a1a3-14aca5e55395___FREC_C.Rust 9907.JPG,rust,2,g0775,s_reliability,reliability_train,contrast,101779611579132440,,1.1231196780181123,,,42,2,2,rust,0,-6.01245,-1.5369455,3.2674675,42
fbc64bd729f18d1befc6,data/plantvillage/raw/color/Apple___Cedar_apple_rust/90355db8-e997-4ab6-a1a3-14aca5e55395___FREC_C.Rust 9907.JPG,rust,2,g0775,s_reliability,reliability_train,gaussian_blur,5958601656001334143,,,1.3850258816916048,,42,2,2,rust,0,-7.1867857,-1.422879,4.788916,42
4c7f99de24fcb3492d06,data/plantvillage/raw/color/Apple___Cedar_apple_rust/90355db8-e997-4ab6-a1a3-14aca5e55395___FREC_C.Rust 9907.JPG,rust,2,g0775,s_reliability,reliability_train,gaussian_noise,8223344445241317036,,,,0.020035055894807967,42,2,2,rust,0,-5.8181267,-1.5857395,3.1193013,42
d1f39ddd465c5c88f1df,data/plantvillage/raw/color/Apple___Cedar_apple_rust/915ea730-231d-408d-baea-d2554d47bfa9___FREC_C.Rust 9809.JPG,rust,2,g0778,s_reliability,reliability_val,original,,,,,,42,2,2,rust,0,-1.5117556,-4.6206336,2.7691305,42
a384b078e030622ef99c,data/plantvillage/raw/color/Apple___Cedar_apple_rust/915ea730-231d-408d-baea-d2554d47bfa9___FREC_C.Rust 9809.JPG,rust,2,g0778,s_reliability,reliability_val,brightness,5769037785546392290,0.9815502999928569,,,,42,2,2,rust,0,-1.4135478,-4.652352,2.7293007,42
a2717ce6216c0d0bc78b,data/plantvillage/raw/color/Apple___Cedar_apple_rust/915ea730-231d-408d-baea-d2554d47bfa9___FREC_C.Rust 9809.JPG,rust,2,g0778,s_reliability,reliability_val,contrast,9004944793679134404,,1.1704595484736244,,,42,2,2,rust,0,-1.7425728,-4.4828715,2.8239634,42
d84e235a1ff8f13b215d,data/plantvillage/raw/color/Apple___Cedar_apple_rust/915ea730-231d-408d-baea-d2554d47bfa9___FREC_C.Rust 9809.JPG,rust,2,g0778,s_reliability,reliability_val,gaussian_blur,7259423414601357949,,,1.4358619719995676,,42,2,2,rust,0,-2.9055953,-3.3839436,3.692884,42
d02adbf819313b55da6e,data/plantvillage/raw/color/Apple___Cedar_apple_rust/915ea730-231d-408d-baea-d2554d47bfa9___FREC_C.Rust 9809.JPG,rust,2,g0778,s_reliability,reliability_val,gaussian_noise,8524397353610226078,,,,0.017333941134882576,42,2,2,rust,0,-1.7272869,-4.5224195,2.808103,42
7bf1154fa879f73f3b47,data/plantvillage/raw/color/Apple___Cedar_apple_rust/a3141843-3628-45c2-ac01-5b1726744c6d___FREC_C.Rust 9906.JPG,rust,2,g0803,s_reliability,reliability_train,original,,,,,,42,2,2,rust,0,-5.2688556,-2.9714506,3.7805927,42
7004d69e0a38fdaf83f0,data/plantvillage/raw/color/Apple___Cedar_apple_rust/a3141843-3628-45c2-ac01-5b1726744c6d___FREC_C.Rust 9906.JPG,rust,2,g0803,s_reliability,reliability_train,brightness,7450606089193021449,0.9048082832396815,,,,42,2,2,rust,0,-5.1036167,-2.9828534,3.638316,42
e8df68ce90f0d6a8e499,data/plantvillage/raw/color/Apple___Cedar_apple_rust/a3141843-3628-45c2-ac01-5b1726744c6d___FREC_C.Rust 9906.JPG,rust,2,g0803,s_reliability,reliability_train,contrast,187480724502104230,,0.960093577718652,,,42,2,2,rust,0,-5.1816206,-3.039471,3.7503693,42
7ce713f3ad184c704811,data/plantvillage/raw/color/Apple___Cedar_apple_rust/a3141843-3628-45c2-ac01-5b1726744c6d___FREC_C.Rust 9906.JPG,rust,2,g0803,s_reliability,reliability_train,gaussian_blur,6178287862976250641,,,1.1011449848489359,,42,2,2,rust,0,-5.6634526,-2.6779082,4.433636,42
3dc17de8356008d86bc1,data/plantvillage/raw/color/Apple___Cedar_apple_rust/a3141843-3628-45c2-ac01-5b1726744c6d___FREC_C.Rust 9906.JPG,rust,2,g0803,s_reliability,reliability_train,gaussian_noise,9203003124582668123,,,,0.04118220738388171,42,2,2,rust,0,-5.399854,-2.6643164,3.5294876,42
d37105afe9dadf03f390,data/plantvillage/raw/color/Apple___Cedar_apple_rust/aa87fd23-a302-4e4e-80e7-18a261b17fd5___FREC_C.Rust 9989.JPG,rust,2,g0813,s_reliability,reliability_train,original,,,,,,42,2,2,rust,0,-3.6848872,-2.7591858,2.5568895,42
2f9ca682d4107d094a0f,data/plantvillage/raw/color/Apple___Cedar_apple_rust/aa87fd23-a302-4e4e-80e7-18a261b17fd5___FREC_C.Rust 9989.JPG,rust,2,g0813,s_reliability,reliability_train,brightness,82267198864212221,0.8258375736843577,,,,42,2,2,rust,0,-2.547968,-2.4898117,1.5775107,42
6e907d39491194a71ac0,data/plantvillage/raw/color/Apple___Cedar_apple_rust/aa87fd23-a302-4e4e-80e7-18a261b17fd5___FREC_C.Rust 9989.JPG,rust,2,g0813,s_reliability,reliability_train,contrast,5798490796671382180,,1.0920539724194747,,,42,2,2,rust,0,-4.0263505,-2.940268,2.9074054,42
f7cab32f1482d922d2da,data/plantvillage/raw/color/Apple___Cedar_apple_rust/aa87fd23-a302-4e4e-80e7-18a261b17fd5___FREC_C.Rust 9989.JPG,rust,2,g0813,s_reliability,reliability_train,gaussian_blur,1048876132620834761,,,0.7936200510517845,,42,2,2,rust,0,-4.413375,-2.567893,3.138997,42
395c9edbda21111f4b60,data/plantvillage/raw/color/Apple___Cedar_apple_rust/aa87fd23-a302-4e4e-80e7-18a261b17fd5___FREC_C.Rust 9989.JPG,rust,2,g0813,s_reliability,reliability_train,gaussian_noise,1800373840716008310,,,,0.02972264655298997,42,2,2,rust,0,-4.0103536,-2.9050155,2.630585,42
e232787d324b58c64010,data/plantvillage/raw/color/Apple___Cedar_apple_rust/accd43fa-2496-47ad-a24b-81da9e5f82b7___FREC_C.Rust 3783.JPG,rust,2,g0814,s_reliability,reliability_train,original,,,,,,42,2,2,rust,0,-6.563014,-1.9968966,3.756135,42
c9d412161b1bc9af6bba,data/plantvillage/raw/color/Apple___Cedar_apple_rust/accd43fa-2496-47ad-a24b-81da9e5f82b7___FREC_C.Rust 3783.JPG,rust,2,g0814,s_reliability,reliability_train,brightness,906340392256149931,1.1527875532408818,,,,42,2,2,rust,0,-6.6996865,-1.841431,3.7668025,42
8e1d09254df25363073e,data/plantvillage/raw/color/Apple___Cedar_apple_rust/accd43fa-2496-47ad-a24b-81da9e5f82b7___FREC_C.Rust 3783.JPG,rust,2,g0814,s_reliability,reliability_train,contrast,6050918715673612325,,1.0821570343424054,,,42,2,2,rust,0,-6.6475277,-1.9294602,3.7538886,42
760f7687e4c708128ef4,data/plantvillage/raw/color/Apple___Cedar_apple_rust/accd43fa-2496-47ad-a24b-81da9e5f82b7___FREC_C.Rust 3783.JPG,rust,2,g0814,s_reliability,reliability_train,gaussian_blur,7927949944710410326,,,0.765674780039618,,42,2,2,rust,0,-6.4343295,-1.8988336,4.10724,42
d821978340014f8babf4,data/plantvillage/raw/color/Apple___Cedar_apple_rust/accd43fa-2496-47ad-a24b-81da9e5f82b7___FREC_C.Rust 3783.JPG,rust,2,g0814,s_reliability,reliability_train,gaussian_noise,6368285214847312548,,,,0.016278916760112373,42,2,2,rust,0,-6.57336,-1.9278497,3.699935,42
35784643823531f336ff,data/plantvillage/raw/color/Apple___Cedar_apple_rust/b845075b-dbb8-4b69-bec2-36e99cee7f3c___FREC_C.Rust 4038.JPG,rust,2,g0828,s_reliability,reliability_train,original,,,,,,42,2,2,rust,0,-6.7920594,-2.8870804,4.9817924,42
88d2eb9a9f42a18cd709,data/plantvillage/raw/color/Apple___Cedar_apple_rust/b845075b-dbb8-4b69-bec2-36e99cee7f3c___FREC_C.Rust 4038.JPG,rust,2,g0828,s_reliability,reliability_train,brightness,1090406170028346716,1.0510340340399598,,,,42,2,2,rust,0,-6.9694777,-2.8338616,5.0902467,42
45389b3c754b975dc55e,data/plantvillage/raw/color/Apple___Cedar_apple_rust/b845075b-dbb8-4b69-bec2-36e99cee7f3c___FREC_C.Rust 4038.JPG,rust,2,g0828,s_reliability,reliability_train,contrast,7133610805197222692,,1.2780173384621643,,,42,2,2,rust,0,-7.075866,-2.7832046,5.0219307,42
9563e6bf995f020e3c5a,data/plantvillage/raw/color/Apple___Cedar_apple_rust/b845075b-dbb8-4b69-bec2-36e99cee7f3c___FREC_C.Rust 4038.JPG,rust,2,g0828,s_reliability,reliability_train,gaussian_blur,544661040290220997,,,1.4804563128207024,,42,2,2,rust,0,-6.351921,-2.405667,5.0180597,42
9091a043c22b3edb3d7c,data/plantvillage/raw/color/Apple___Cedar_apple_rust/b845075b-dbb8-4b69-bec2-36e99cee7f3c___FREC_C.Rust 4038.JPG,rust,2,g0828,s_reliability,reliability_train,gaussian_noise,1745863728614384863,,,,0.014707349575587374,42,2,2,rust,0,-6.8002973,-2.8526974,4.925445,42
9cc4107f28f9440fc3e5,data/plantvillage/raw/color/Apple___Cedar_apple_rust/bc863aa7-2cb6-44f1-b060-4cd78237d7a3___FREC_C.Rust 3566.JPG,rust,2,g0830,s_reliability,reliability_train,original,,,,,,42,2,2,rust,0,-5.2962527,-3.423746,4.4602966,42
069e8d7bbeb87fcbf8b2,data/plantvillage/raw/color/Apple___Cedar_apple_rust/bc863aa7-2cb6-44f1-b060-4cd78237d7a3___FREC_C.Rust 3566.JPG,rust,2,g0830,s_reliability,reliability_train,brightness,8134238084174898513,1.0294763179684363,,,,42,2,2,rust,0,-5.309458,-3.4083817,4.4703174,42
8c66005f570568d1185e,data/plantvillage/raw/color/Apple___Cedar_apple_rust/bc863aa7-2cb6-44f1-b060-4cd78237d7a3___FREC_C.Rust 3566.JPG,rust,2,g0830,s_reliability,reliability_train,contrast,8432127738526481102,,1.0484064605837733,,,42,2,2,rust,0,-5.360459,-3.3906193,4.5098352,42
23bdd209a2e300fd9cd5,data/plantvillage/raw/color/Apple___Cedar_apple_rust/bc863aa7-2cb6-44f1-b060-4cd78237d7a3___FREC_C.Rust 3566.JPG,rust,2,g0830,s_reliability,reliability_train,gaussian_blur,6177360913783607964,,,0.7974941136548254,,42,2,2,rust,0,-5.2474403,-3.3970177,4.4684343,42
f5a7b91235260f0e685e,data/plantvillage/raw/color/Apple___Cedar_apple_rust/bc863aa7-2cb6-44f1-b060-4cd78237d7a3___FREC_C.Rust 3566.JPG,rust,2,g0830,s_reliability,reliability_train,gaussian_noise,5425032049999789967,,,,0.0461251578800445,42,2,2,rust,0,-5.2018275,-3.2522523,4.083204,42
644ea291016f58a6a4eb,data/plantvillage/raw/color/Apple___Cedar_apple_rust/bdf1ac66-9dd3-4590-8e49-ee0e754a69f5___FREC_C.Rust 0151.JPG,rust,2,g0833,s_reliability,reliability_train,original,,,,,,42,2,2,rust,0,-1.9145576,-4.658955,2.2735665,42
b0a99dc7db9831b9e3a0,data/plantvillage/raw/color/Apple___Cedar_apple_rust/bdf1ac66-9dd3-4590-8e49-ee0e754a69f5___FREC_C.Rust 0151.JPG,rust,2,g0833,s_reliability,reliability_train,brightness,6196786289342281574,1.1250315116020295,,,,42,2,2,rust,0,-2.2312489,-4.6191955,2.4681768,42
37b51602b6c5685cfe52,data/plantvillage/raw/color/Apple___Cedar_apple_rust/bdf1ac66-9dd3-4590-8e49-ee0e754a69f5___FREC_C.Rust 0151.JPG,rust,2,g0833,s_reliability,reliability_train,contrast,8617549758970782364,,0.7903405755173256,,,42,2,2,rust,0,-1.4678879,-4.63451,1.8690021,42
c36da4fcbc7b79974bf8,data/plantvillage/raw/color/Apple___Cedar_apple_rust/bdf1ac66-9dd3-4590-8e49-ee0e754a69f5___FREC_C.Rust 0151.JPG,rust,2,g0833,s_reliability,reliability_train,gaussian_blur,5539067188749523077,,,0.7935174547976985,,42,2,2,rust,0,-2.9437792,-4.1159163,3.032115,42
5954a6615aec1d92fb2b,data/plantvillage/raw/color/Apple___Cedar_apple_rust/bdf1ac66-9dd3-4590-8e49-ee0e754a69f5___FREC_C.Rust 0151.JPG,rust,2,g0833,s_reliability,reliability_train,gaussian_noise,4701687454296742644,,,,0.016221153478867156,42,2,2,rust,0,-2.0339673,-4.556581,2.2369494,42
4662fac0078fe7e84659,data/plantvillage/raw/color/Apple___Cedar_apple_rust/cf570118-397c-434d-b158-d3539dd12786___FREC_C.Rust 0122.JPG,rust,2,g0843,s_reliability,reliability_val,original,,,,,,42,2,2,rust,0,-4.0023775,-3.655633,3.3549163,42
39e61cbe09319bb66661,data/plantvillage/raw/color/Apple___Cedar_apple_rust/cf570118-397c-434d-b158-d3539dd12786___FREC_C.Rust 0122.JPG,rust,2,g0843,s_reliability,reliability_val,brightness,1378894876777736659,1.1679513928338796,,,,42,2,2,rust,0,-4.17281,-3.7652557,3.6298206,42
46a17363e59ec5d1037f,data/plantvillage/raw/color/Apple___Cedar_apple_rust/cf570118-397c-434d-b158-d3539dd12786___FREC_C.Rust 0122.JPG,rust,2,g0843,s_reliability,reliability_val,contrast,9106545737430875721,,0.9491229321877808,,,42,2,2,rust,0,-3.8789408,-3.6401572,3.250472,42
af7a2340f3ab7c1e8636,data/plantvillage/raw/color/Apple___Cedar_apple_rust/cf570118-397c-434d-b158-d3539dd12786___FREC_C.Rust 0122.JPG,rust,2,g0843,s_reliability,reliability_val,gaussian_blur,8159872688678795898,,,1.4359353769057228,,42,2,2,rust,0,-5.2784586,-3.4675312,4.774647,42
ec228d0f51b152900927,data/plantvillage/raw/color/Apple___Cedar_apple_rust/cf570118-397c-434d-b158-d3539dd12786___FREC_C.Rust 0122.JPG,rust,2,g0843,s_reliability,reliability_val,gaussian_noise,4823440291541468695,,,,0.017536299128040344,42,2,2,rust,0,-3.8420582,-3.6377137,3.25002,42
4ec96fd6d3530a54f89b,data/plantvillage/raw/color/Apple___Cedar_apple_rust/d4165e95-f43c-41e5-a177-cc5ad823b5b0___FREC_C.Rust 3781.JPG,rust,2,g0847,s_reliability,reliability_train,original,,,,,,42,2,2,rust,0,-5.081262,-3.0975664,3.7376487,42
ed16244e52dd63419640,data/plantvillage/raw/color/Apple___Cedar_apple_rust/d4165e95-f43c-41e5-a177-cc5ad823b5b0___FREC_C.Rust 3781.JPG,rust,2,g0847,s_reliability,reliability_train,brightness,2812886913110774107,1.0594983998120449,,,,42,2,2,rust,0,-5.2534184,-3.1115615,3.850637,42
a79710a649deef373c18,data/plantvillage/raw/color/Apple___Cedar_apple_rust/d4165e95-f43c-41e5-a177-cc5ad823b5b0___FREC_C.Rust 3781.JPG,rust,2,g0847,s_reliability,reliability_train,contrast,8105763865469694600,,0.9103577861521502,,,42,2,2,rust,0,-4.761187,-3.165569,3.5668943,42
01ce2383ea2a288f710f,data/plantvillage/raw/color/Apple___Cedar_apple_rust/d4165e95-f43c-41e5-a177-cc5ad823b5b0___FREC_C.Rust 3781.JPG,rust,2,g0847,s_reliability,reliability_train,gaussian_blur,2781817794429901011,,,0.9561824256005196,,42,2,2,rust,0,-6.407993,-3.9510837,5.7500706,42
ff9b72025dbca0bd23e0,data/plantvillage/raw/color/Apple___Cedar_apple_rust/d4165e95-f43c-41e5-a177-cc5ad823b5b0___FREC_C.Rust 3781.JPG,rust,2,g0847,s_reliability,reliability_train,gaussian_noise,1864751599235785267,,,,0.03942412185122823,42,2,2,rust,0,-5.1589456,-2.9049408,3.7213426,42
774307c81aa949210129,data/plantvillage/raw/color/Apple___Cedar_apple_rust/d5d4f65c-aeca-4965-82d4-05d179dfa92e___FREC_C.Rust 4382.JPG,rust,2,g0854,s_reliability,reliability_train,original,,,,,,42,2,2,rust,0,-9.91698,-1.9535943,6.6189766,42
a7cbf04b4f7872de2efd,data/plantvillage/raw/color/Apple___Cedar_apple_rust/d5d4f65c-aeca-4965-82d4-05d179dfa92e___FREC_C.Rust 4382.JPG,rust,2,g0854,s_reliability,reliability_train,brightness,5228058838443218376,1.159068460742076,,,,42,2,2,rust,0,-9.763813,-2.057647,6.50741,42
d40dad8af6109e8252e6,data/plantvillage/raw/color/Apple___Cedar_apple_rust/d5d4f65c-aeca-4965-82d4-05d179dfa92e___FREC_C.Rust 4382.JPG,rust,2,g0854,s_reliability,reliability_train,contrast,6499726770976737767,,0.8023099300842029,,,42,2,2,rust,0,-9.403943,-2.1816406,6.3982563,42
cc15aa8864ed826e1a93,data/plantvillage/raw/color/Apple___Cedar_apple_rust/d5d4f65c-aeca-4965-82d4-05d179dfa92e___FREC_C.Rust 4382.JPG,rust,2,g0854,s_reliability,reliability_train,gaussian_blur,8661937231550398832,,,1.4243011410338715,,42,2,2,rust,0,-6.8704996,-1.8918288,5.3103123,42
5e963e53e4f7d9efa36d,data/plantvillage/raw/color/Apple___Cedar_apple_rust/d5d4f65c-aeca-4965-82d4-05d179dfa92e___FREC_C.Rust 4382.JPG,rust,2,g0854,s_reliability,reliability_train,gaussian_noise,996644173778780245,,,,0.019822340965881355,42,2,2,rust,0,-9.863348,-1.985515,6.580486,42
8797163a9a0d350ce3ef,data/plantvillage/raw/color/Apple___Cedar_apple_rust/daf0438c-72e3-49af-b23a-50b0d136b18c___FREC_C.Rust 0182.JPG,rust,2,g0861,s_reliability,reliability_val,original,,,,,,42,2,2,rust,0,-8.048699,-2.1513977,5.5296454,42
9c5804c6cad28688429c,data/plantvillage/raw/color/Apple___Cedar_apple_rust/daf0438c-72e3-49af-b23a-50b0d136b18c___FREC_C.Rust 0182.JPG,rust,2,g0861,s_reliability,reliability_val,brightness,1425838237790717880,1.2670335901597736,,,,42,2,2,rust,0,-8.072748,-1.9446644,5.4582696,42
f7545743bcd1212f6761,data/plantvillage/raw/color/Apple___Cedar_apple_rust/daf0438c-72e3-49af-b23a-50b0d136b18c___FREC_C.Rust 0182.JPG,rust,2,g0861,s_reliability,reliability_val,contrast,2462413109651594171,,0.9125861130982781,,,42,2,2,rust,0,-7.9147964,-2.181354,5.400328,42
5d706a7ff57859c43547,data/plantvillage/raw/color/Apple___Cedar_apple_rust/daf0438c-72e3-49af-b23a-50b0d136b18c___FREC_C.Rust 0182.JPG,rust,2,g0861,s_reliability,reliability_val,gaussian_blur,1355869235764231436,,,0.8697897563332558,,42,2,2,rust,0,-9.054564,-1.5450553,5.9657326,42
11331419f654883f668f,data/plantvillage/raw/color/Apple___Cedar_apple_rust/daf0438c-72e3-49af-b23a-50b0d136b18c___FREC_C.Rust 0182.JPG,rust,2,g0861,s_reliability,reliability_val,gaussian_noise,7161035447507481200,,,,0.04686179716402235,42,2,2,rust,0,-7.596645,-2.0679383,4.958011,42
80f743ad2dda2768539f,data/plantvillage/raw/color/Apple___Cedar_apple_rust/dec47754-abfe-496b-a310-47d1fbb077ba___FREC_C.Rust 9910.JPG,rust,2,g0866,s_reliability,reliability_train,original,,,,,,42,2,2,rust,0,-5.890787,-4.0870895,5.040873,42
0f80069a1b20c214a386,data/plantvillage/raw/color/Apple___Cedar_apple_rust/dec47754-abfe-496b-a310-47d1fbb077ba___FREC_C.Rust 9910.JPG,rust,2,g0866,s_reliability,reliability_train,brightness,948832587490085302,0.8205481392979064,,,,42,2,2,rust,0,-5.9266014,-3.7976334,4.8613334,42
be762bc5b526740fa562,data/plantvillage/raw/color/Apple___Cedar_apple_rust/dec47754-abfe-496b-a310-47d1fbb077ba___FREC_C.Rust 9910.JPG,rust,2,g0866,s_reliability,reliability_train,contrast,7961901314396850005,,1.1010892196392483,,,42,2,2,rust,0,-6.0056357,-4.088549,5.135449,42
bd00eabee5c07fe3e39c,data/plantvillage/raw/color/Apple___Cedar_apple_rust/dec47754-abfe-496b-a310-47d1fbb077ba___FREC_C.Rust 9910.JPG,rust,2,g0866,s_reliability,reliability_train,gaussian_blur,8980791636999470889,,,1.0780710885420195,,42,2,2,rust,0,-7.2000113,-3.1399949,6.0905786,42
538220dacea3782b5f4b,data/plantvillage/raw/color/Apple___Cedar_apple_rust/dec47754-abfe-496b-a310-47d1fbb077ba___FREC_C.Rust 9910.JPG,rust,2,g0866,s_reliability,reliability_train,gaussian_noise,4346221023584565088,,,,0.03234143375343872,42,2,2,rust,0,-5.9055414,-4.1161165,4.981008,42
a68972ea977d6177ca94,data/plantvillage/raw/color/Apple___Cedar_apple_rust/e908463e-59ee-4eac-b1c9-4a79850030bc___FREC_C.Rust 9980.JPG,rust,2,g0875,s_reliability,reliability_train,original,,,,,,42,2,2,rust,0,-5.776848,-2.4276025,3.7610216,42
41f16234b1e118a6e727,data/plantvillage/raw/color/Apple___Cedar_apple_rust/e908463e-59ee-4eac-b1c9-4a79850030bc___FREC_C.Rust 9980.JPG,rust,2,g0875,s_reliability,reliability_train,brightness,3526184186210788977,1.1918894311060484,,,,42,2,2,rust,0,-6.0387707,-2.3272455,3.919974,42
f15e19966fb00abef363,data/plantvillage/raw/color/Apple___Cedar_apple_rust/e908463e-59ee-4eac-b1c9-4a79850030bc___FREC_C.Rust 9980.JPG,rust,2,g0875,s_reliability,reliability_train,contrast,2201312444660759378,,1.1259248375331392,,,42,2,2,rust,0,-5.9561067,-2.3644714,3.83598,42
eed1b8844cd73a712500,data/plantvillage/raw/color/Apple___Cedar_apple_rust/e908463e-59ee-4eac-b1c9-4a79850030bc___FREC_C.Rust 9980.JPG,rust,2,g0875,s_reliability,reliability_train,gaussian_blur,117068228257642595,,,1.3228552752452691,,42,2,2,rust,0,-5.6339827,-2.2019258,4.4580245,42
08474c4223b95850002e,data/plantvillage/raw/color/Apple___Cedar_apple_rust/e908463e-59ee-4eac-b1c9-4a79850030bc___FREC_C.Rust 9980.JPG,rust,2,g0875,s_reliability,reliability_train,gaussian_noise,8492218321219190869,,,,0.024733535057592897,42,2,2,rust,0,-5.8151197,-2.4326813,3.783426,42
f70accca824b299cc54f,data/plantvillage/raw/color/Apple___Cedar_apple_rust/ea119d19-1b3a-4767-af1d-e8b148a3bb8d___FREC_C.Rust 3579.JPG,rust,2,g0877,s_reliability,reliability_train,original,,,,,,42,2,2,rust,0,-3.7469985,-3.6130438,3.705958,42
7a071fa095ad99c9a7b6,data/plantvillage/raw/color/Apple___Cedar_apple_rust/ea119d19-1b3a-4767-af1d-e8b148a3bb8d___FREC_C.Rust 3579.JPG,rust,2,g0877,s_reliability,reliability_train,brightness,2235240887641846699,1.2024353744237941,,,,42,2,2,rust,0,-3.8991292,-3.7494836,3.9977036,42
9949327d2b8e8a0b717f,data/plantvillage/raw/color/Apple___Cedar_apple_rust/ea119d19-1b3a-4767-af1d-e8b148a3bb8d___FREC_C.Rust 3579.JPG,rust,2,g0877,s_reliability,reliability_train,contrast,5525228852948363036,,0.9777801668128185,,,42,2,2,rust,0,-3.6244202,-3.628033,3.6505594,42
79c8f5afeaa718695e7b,data/plantvillage/raw/color/Apple___Cedar_apple_rust/ea119d19-1b3a-4767-af1d-e8b148a3bb8d___FREC_C.Rust 3579.JPG,rust,2,g0877,s_reliability,reliability_train,gaussian_blur,2015734038617239061,,,0.7084315424560071,,42,2,2,rust,0,-4.3504853,-3.6961443,4.362453,42
ad4e55321f177bf9b2e4,data/plantvillage/raw/color/Apple___Cedar_apple_rust/ea119d19-1b3a-4767-af1d-e8b148a3bb8d___FREC_C.Rust 3579.JPG,rust,2,g0877,s_reliability,reliability_train,gaussian_noise,4954053557424571503,,,,0.03633844306437724,42,2,2,rust,0,-3.7751129,-3.662137,3.7476442,42
fbca6840d08e36acfa82,data/plantvillage/raw/color/Apple___Cedar_apple_rust/fb11d069-d664-4666-ab51-3a7a4284e495___FREC_C.Rust 3791.JPG,rust,2,g0891,s_reliability,reliability_train,original,,,,,,42,2,2,rust,0,-8.628007,-1.6222523,5.6852217,42
0888295ea335cf51e639,data/plantvillage/raw/color/Apple___Cedar_apple_rust/fb11d069-d664-4666-ab51-3a7a4284e495___FREC_C.Rust 3791.JPG,rust,2,g0891,s_reliability,reliability_train,brightness,6209508732971710872,0.8787643332360255,,,,42,2,2,rust,0,-7.9388027,-1.6240205,5.2348146,42
ff0552094a9ff460cea0,data/plantvillage/raw/color/Apple___Cedar_apple_rust/fb11d069-d664-4666-ab51-3a7a4284e495___FREC_C.Rust 3791.JPG,rust,2,g0891,s_reliability,reliability_train,contrast,257330656671559490,,0.986695040369126,,,42,2,2,rust,0,-8.595197,-1.6357093,5.6716433,42
9f14a7631866cf87e8b1,data/plantvillage/raw/color/Apple___Cedar_apple_rust/fb11d069-d664-4666-ab51-3a7a4284e495___FREC_C.Rust 3791.JPG,rust,2,g0891,s_reliability,reliability_train,gaussian_blur,861749423836179184,,,0.5468075855903947,,42,2,2,rust,0,-8.70713,-1.7192504,5.9645443,42
2cdba96ec17c973dd2f1,data/plantvillage/raw/color/Apple___Cedar_apple_rust/fb11d069-d664-4666-ab51-3a7a4284e495___FREC_C.Rust 3791.JPG,rust,2,g0891,s_reliability,reliability_train,gaussian_noise,497788015022879864,,,,0.039953065618991215,42,2,2,rust,0,-9.174028,-1.3256681,5.7610965,42
f2514aac440283194a92,data/plantvillage/raw/color/Apple___Cedar_apple_rust/fb27b16c-4ac1-45e9-abd2-487a1a528fb0___FREC_C.Rust 0206.JPG,rust,2,g0892,s_reliability,reliability_train,original,,,,,,42,2,2,rust,0,-5.535146,-2.0929952,3.055785,42
d0db2335dfb61fc68e6a,data/plantvillage/raw/color/Apple___Cedar_apple_rust/fb27b16c-4ac1-45e9-abd2-487a1a528fb0___FREC_C.Rust 0206.JPG,rust,2,g0892,s_reliability,reliability_train,brightness,3423751316080397408,1.0662850942313584,,,,42,2,2,rust,0,-5.410918,-2.1751156,3.0436716,42
b50f182af6638682f2db,data/plantvillage/raw/color/Apple___Cedar_apple_rust/fb27b16c-4ac1-45e9-abd2-487a1a528fb0___FREC_C.Rust 0206.JPG,rust,2,g0892,s_reliability,reliability_train,contrast,4280662381803263069,,0.9484551323625496,,,42,2,2,rust,0,-5.581864,-2.1061864,3.0960197,42
c83e5c98daf98defe755,data/plantvillage/raw/color/Apple___Cedar_apple_rust/fb27b16c-4ac1-45e9-abd2-487a1a528fb0___FREC_C.Rust 0206.JPG,rust,2,g0892,s_reliability,reliability_train,gaussian_blur,7070732174747777669,,,1.1720872643193783,,42,2,2,rust,0,-6.8137507,-1.5205578,4.22479,42
2b3640b591db0e708f96,data/plantvillage/raw/color/Apple___Cedar_apple_rust/fb27b16c-4ac1-45e9-abd2-487a1a528fb0___FREC_C.Rust 0206.JPG,rust,2,g0892,s_reliability,reliability_train,gaussian_noise,507270042419111419,,,,0.03689697345252181,42,2,2,rust,0,-5.5004897,-2.03159,2.979192,42
7d05daf75ba5c8af6c00,data/plantvillage/raw/color/Apple___healthy/0055dd26-23a7-4415-ac61-e0b44ebfaf80___RS_HL 5672.JPG,healthy,0,g0902,s_reliability,reliability_train,original,,,,,,42,0,0,healthy,0,5.6023035,-2.967252,-6.745161,42
94702fbcbe75b88bf3a4,data/plantvillage/raw/color/Apple___healthy/0055dd26-23a7-4415-ac61-e0b44ebfaf80___RS_HL 5672.JPG,healthy,0,g0902,s_reliability,reliability_train,brightness,4139346865164680343,0.9763047627157291,,,,42,0,0,healthy,0,5.6064725,-2.9576569,-6.7568965,42
60b12b355090f3026cf5,data/plantvillage/raw/color/Apple___healthy/0055dd26-23a7-4415-ac61-e0b44ebfaf80___RS_HL 5672.JPG,healthy,0,g0902,s_reliability,reliability_train,contrast,6583772138139478395,,1.067718486542573,,,42,0,0,healthy,0,5.7408805,-2.9946887,-6.7843366,42
d2789fce6f32fbb8008f,data/plantvillage/raw/color/Apple___healthy/0055dd26-23a7-4415-ac61-e0b44ebfaf80___RS_HL 5672.JPG,healthy,0,g0902,s_reliability,reliability_train,gaussian_blur,4995190514623194908,,,0.7314481130989041,,42,0,0,healthy,0,3.8505557,-2.569501,-4.771231,42
c82b4a79e664db6991ce,data/plantvillage/raw/color/Apple___healthy/0055dd26-23a7-4415-ac61-e0b44ebfaf80___RS_HL 5672.JPG,healthy,0,g0902,s_reliability,reliability_train,gaussian_noise,8848216592247912740,,,,0.04536432047955693,42,0,0,healthy,0,5.68094,-3.0453544,-6.808059,42
f65a32a4d1a0c6e47bf5,data/plantvillage/raw/color/Apple___healthy/00a6039c-e425-4f7d-81b1-d6b0e668517e___RS_HL 7669.JPG,healthy,0,g0905,s_reliability,reliability_train,original,,,,,,42,0,0,healthy,0,3.939225,-3.2763276,-4.3950567,42
177f3540ad492f9f8869,data/plantvillage/raw/color/Apple___healthy/00a6039c-e425-4f7d-81b1-d6b0e668517e___RS_HL 7669.JPG,healthy,0,g0905,s_reliability,reliability_train,brightness,7852058500523715241,1.0592268752864844,,,,42,0,0,healthy,0,3.866093,-3.224484,-4.3427844,42
ad5503eceff1aaad51e1,data/plantvillage/raw/color/Apple___healthy/00a6039c-e425-4f7d-81b1-d6b0e668517e___RS_HL 7669.JPG,healthy,0,g0905,s_reliability,reliability_train,contrast,1913125161741092753,,1.027333889175043,,,42,0,0,healthy,0,3.9430926,-3.2659454,-4.4123755,42
38974b93cdd9aa9a44e0,data/plantvillage/raw/color/Apple___healthy/00a6039c-e425-4f7d-81b1-d6b0e668517e___RS_HL 7669.JPG,healthy,0,g0905,s_reliability,reliability_train,gaussian_blur,2006925093068003395,,,1.2185110477368228,,42,0,0,healthy,0,2.2355158,-2.3254194,-2.9505076,42
a1c74f39ba660559efd7,data/plantvillage/raw/color/Apple___healthy/00a6039c-e425-4f7d-81b1-d6b0e668517e___RS_HL 7669.JPG,healthy,0,g0905,s_reliability,reliability_train,gaussian_noise,5462501542574840487,,,,0.03036313109543845,42,0,0,healthy,0,3.710364,-2.912288,-4.5283446,42
db94fc9e54a8c66566cd,data/plantvillage/raw/color/Apple___healthy/011d02f3-5c3c-4484-a384-b1a0a0dbdec1___RS_HL 7544.JPG,healthy,0,g0908,s_reliability,reliability_train,original,,,,,,42,0,0,healthy,0,6.2714505,-3.4469934,-6.480361,42
af3acec9493a0b29c4a0,data/plantvillage/raw/color/Apple___healthy/011d02f3-5c3c-4484-a384-b1a0a0dbdec1___RS_HL 7544.JPG,healthy,0,g0908,s_reliability,reliability_train,brightness,575555392864931441,1.1430863516797491,,,,42,0,0,healthy,0,6.3854074,-3.5413136,-6.550634,42
4c941f18c58f356b2758,data/plantvillage/raw/color/Apple___healthy/011d02f3-5c3c-4484-a384-b1a0a0dbdec1___RS_HL 7544.JPG,healthy,0,g0908,s_reliability,reliability_train,contrast,7285267900512274951,,0.8167603030275792,,,42,0,0,healthy,0,6.1945424,-3.510212,-6.2881565,42
e9387e46d5f0b2199761,data/plantvillage/raw/color/Apple___healthy/011d02f3-5c3c-4484-a384-b1a0a0dbdec1___RS_HL 7544.JPG,healthy,0,g0908,s_reliability,reliability_train,gaussian_blur,5713311435882343068,,,0.8634567437598143,,42,0,0,healthy,0,4.6510434,-3.2641377,-4.1139374,42
59216bda00158e6b3573,data/plantvillage/raw/color/Apple___healthy/011d02f3-5c3c-4484-a384-b1a0a0dbdec1___RS_HL 7544.JPG,healthy,0,g0908,s_reliability,reliability_train,gaussian_noise,4623413030590410063,,,,0.029147924004270014,42,0,0,healthy,0,5.994835,-3.1633744,-6.496445,42
c13a68210f060b3dddcc,data/plantvillage/raw/color/Apple___healthy/01efa999-757d-487e-8250-27c7854c0ca8___RS_HL 7515.JPG,healthy,0,g0914,s_reliability,reliability_val,original,,,,,,42,0,0,healthy,0,4.269331,-3.144457,-4.3105874,42
6c779758df0d3118e864,data/plantvillage/raw/color/Apple___healthy/01efa999-757d-487e-8250-27c7854c0ca8___RS_HL 7515.JPG,healthy,0,g0914,s_reliability,reliability_val,brightness,601811205655920670,0.8506806301400225,,,,42,0,0,healthy,0,4.3502054,-3.1183643,-4.4261255,42
e5822c0c44c786255de4,data/plantvillage/raw/color/Apple___healthy/01efa999-757d-487e-8250-27c7854c0ca8___RS_HL 7515.JPG,healthy,0,g0914,s_reliability,reliability_val,contrast,284746080218699580,,1.07765809576286,,,42,0,0,healthy,0,4.2874026,-3.115886,-4.4074197,42
13cf2a9915ee84d62e6c,data/plantvillage/raw/color/Apple___healthy/01efa999-757d-487e-8250-27c7854c0ca8___RS_HL 7515.JPG,healthy,0,g0914,s_reliability,reliability_val,gaussian_blur,5630806577886973307,,,0.6475453563904344,,42,0,0,healthy,0,3.1094387,-3.0086973,-2.5876915,42
55a429f336526fd64b3e,data/plantvillage/raw/color/Apple___healthy/01efa999-757d-487e-8250-27c7854c0ca8___RS_HL 7515.JPG,healthy,0,g0914,s_reliability,reliability_val,gaussian_noise,1983603717199459036,,,,0.01949014864919707,42,0,0,healthy,0,4.2806163,-3.0799725,-4.410376,42
bfe80f4adb0b370fdcdb,data/plantvillage/raw/color/Apple___healthy/022b515d-41fd-448e-abac-e8722c32d864___RS_HL 8131.JPG,healthy,0,g0915,s_reliability,reliability_train,original,,,,,,42,0,0,healthy,0,5.233431,-4.444005,-4.915641,42
c3c74f2911e4482f1b7c,data/plantvillage/raw/color/Apple___healthy/022b515d-41fd-448e-abac-e8722c32d864___RS_HL 8131.JPG,healthy,0,g0915,s_reliability,reliability_train,brightness,7479945192056616469,1.0310567943097604,,,,42,0,0,healthy,0,5.2024593,-4.3854465,-4.947403,42
b11368a12d6571172135,data/plantvillage/raw/color/Apple___healthy/022b515d-41fd-448e-abac-e8722c32d864___RS_HL 8131.JPG,healthy,0,g0915,s_reliability,reliability_train,contrast,8838590380683059883,,1.1867428415938635,,,42,0,0,healthy,0,5.548672,-4.385225,-5.2330437,42
ab567e52df11d60853ee,data/plantvillage/raw/color/Apple___healthy/022b515d-41fd-448e-abac-e8722c32d864___RS_HL 8131.JPG,healthy,0,g0915,s_reliability,reliability_train,gaussian_blur,6423717366425227661,,,0.5010979502967126,,42,0,0,healthy,0,4.31451,-4.3772454,-3.6767967,42
fdc5f4cf04f206a13986,data/plantvillage/raw/color/Apple___healthy/022b515d-41fd-448e-abac-e8722c32d864___RS_HL 8131.JPG,healthy,0,g0915,s_reliability,reliability_train,gaussian_noise,1390631790711647557,,,,0.04170336483356274,42,0,0,healthy,0,5.194793,-4.376763,-5.09366,42
a91d08d364655483ee41,data/plantvillage/raw/color/Apple___healthy/03d420e7-42a1-41d8-9600-16d577043c64___RS_HL 5738.JPG,healthy,0,g0929,s_reliability,reliability_train,original,,,,,,42,0,0,healthy,0,2.7483282,-1.4034666,-3.949749,42
810004eff317d03b7883,data/plantvillage/raw/color/Apple___healthy/03d420e7-42a1-41d8-9600-16d577043c64___RS_HL 5738.JPG,healthy,0,g0929,s_reliability,reliability_train,brightness,6883941651987569795,0.7563994957535219,,,,42,0,0,healthy,0,2.7655737,-1.2485985,-4.3213096,42
12a9ec83478f6ed630ec,data/plantvillage/raw/color/Apple___healthy/03d420e7-42a1-41d8-9600-16d577043c64___RS_HL 5738.JPG,healthy,0,g0929,s_reliability,reliability_train,contrast,2063987167879479830,,0.9290191900827786,,,42,0,0,healthy,0,2.8137743,-1.4549662,-4.0067487,42
59a8e0a1feeb81e3e3fa,data/plantvillage/raw/color/Apple___healthy/03d420e7-42a1-41d8-9600-16d577043c64___RS_HL 5738.JPG,healthy,0,g0929,s_reliability,reliability_train,gaussian_blur,8664445297226123994,,,0.9975373738085934,,42,0,0,healthy,0,1.6064991,-1.7253335,-2.2495325,42
70b86062c4786eac45c0,data/plantvillage/raw/color/Apple___healthy/03d420e7-42a1-41d8-9600-16d577043c64___RS_HL 5738.JPG,healthy,0,g0929,s_reliability,reliability_train,gaussian_noise,6255277105659187288,,,,0.028471898762006134,42,0,0,healthy,0,2.7338994,-1.1957443,-4.1506505,42
ef7e323d6d04680046fe,data/plantvillage/raw/color/Apple___healthy/04032305-5ca9-4110-b517-461f13c95f18___RS_HL 7446.JPG,healthy,0,g0932,s_reliability,reliability_train,original,,,,,,42,0,0,healthy,0,3.5400522,-2.9536645,-4.0209084,42
fdc7fae24e32bc640603,data/plantvillage/raw/color/Apple___healthy/04032305-5ca9-4110-b517-461f13c95f18___RS_HL 7446.JPG,healthy,0,g0932,s_reliability,reliability_train,brightness,7666110683212313390,0.8871011957293111,,,,42,0,0,healthy,0,3.3258407,-2.7180734,-4.0152707,42
180d2f9f28c2f62a8335,data/plantvillage/raw/color/Apple___healthy/04032305-5ca9-4110-b517-461f13c95f18___RS_HL 7446.JPG,healthy,0,g0932,s_reliability,reliability_train,contrast,1834613534800128342,,0.7774424022024107,,,42,0,0,healthy,0,2.7975159,-2.4436765,-3.7765439,42
30a53f57606fd3d665b5,data/plantvillage/raw/color/Apple___healthy/04032305-5ca9-4110-b517-461f13c95f18___RS_HL 7446.JPG,healthy,0,g0932,s_reliability,reliability_train,gaussian_blur,2224495679724899072,,,1.3360605410396136,,42,0,0,healthy,0,0.15342371,-2.3771875,-0.14857583,42
c78e36d79278bfe0444e,data/plantvillage/raw/color/Apple___healthy/04032305-5ca9-4110-b517-461f13c95f18___RS_HL 7446.JPG,healthy,0,g0932,s_reliability,reliability_train,gaussian_noise,4599159516839155128,,,,0.035285763592831615,42,0,0,healthy,0,3.4817488,-2.890547,-4.047414,42
2b6686808bfc894d0d40,data/plantvillage/raw/color/Apple___healthy/04125537-801d-4e15-b66c-224b09b4e1a7___RS_HL 7457.JPG,healthy,0,g0933,s_reliability,reliability_val,original,,,,,,42,0,0,healthy,0,4.102791,-3.6510003,-4.2834024,42
334e9a59cc8c8ae69c22,data/plantvillage/raw/color/Apple___healthy/04125537-801d-4e15-b66c-224b09b4e1a7___RS_HL 7457.JPG,healthy,0,g0933,s_reliability,reliability_val,brightness,3258871348615193737,0.8239908390625025,,,,42,0,0,healthy,0,3.703282,-3.347506,-4.1804457,42
39e6863233b1bfc6d39b,data/plantvillage/raw/color/Apple___healthy/04125537-801d-4e15-b66c-224b09b4e1a7___RS_HL 7457.JPG,healthy,0,g0933,s_reliability,reliability_val,contrast,7356138542374867091,,0.9545927594454622,,,42,0,0,healthy,0,4.0585847,-3.6315281,-4.270863,42
a6b56e358a806eaaffcd,data/plantvillage/raw/color/Apple___healthy/04125537-801d-4e15-b66c-224b09b4e1a7___RS_HL 7457.JPG,healthy,0,g0933,s_reliability,reliability_val,gaussian_blur,4776929837684864152,,,1.1291532233415675,,42,0,0,healthy,0,1.3423768,-2.9561627,-1.7410322,42
29ad255eba6b9f7f9f6c,data/plantvillage/raw/color/Apple___healthy/04125537-801d-4e15-b66c-224b09b4e1a7___RS_HL 7457.JPG,healthy,0,g0933,s_reliability,reliability_val,gaussian_noise,7612539723433308753,,,,0.034109454226663595,42,0,0,healthy,0,3.9692907,-3.4624827,-4.388914,42
9b0b61fd05cec54b8d20,data/plantvillage/raw/color/Apple___healthy/0580ddaa-0221-4adc-8b64-8ce1842f5f07___RS_HL 6242.JPG,healthy,0,g0941,s_reliability,reliability_train,original,,,,,,42,0,0,healthy,0,4.9132695,-5.1342454,-3.825468,42
d20e90ae8ca6e91f034b,data/plantvillage/raw/color/Apple___healthy/0580ddaa-0221-4adc-8b64-8ce1842f5f07___RS_HL 6242.JPG,healthy,0,g0941,s_reliability,reliability_train,brightness,3449859198837585335,1.2800315415388361,,,,42,0,0,healthy,0,5.023933,-5.2761984,-3.8976386,42
60ead5f1e50776f7e545,data/plantvillage/raw/color/Apple___healthy/0580ddaa-0221-4adc-8b64-8ce1842f5f07___RS_HL 6242.JPG,healthy,0,g0941,s_reliability,reliability_train,contrast,7755844130057409304,,0.976349881094867,,,42,0,0,healthy,0,4.9085135,-5.1250224,-3.8152428,42
c56451b0146ffd374e6a,data/plantvillage/raw/color/Apple___healthy/0580ddaa-0221-4adc-8b64-8ce1842f5f07___RS_HL 6242.JPG,healthy,0,g0941,s_reliability,reliability_train,gaussian_blur,2282693013779792201,,,1.400321032576496,,42,0,0,healthy,0,1.9884446,-3.515522,-1.3648666,42
b2266081f3a0c6de066b,data/plantvillage/raw/color/Apple___healthy/0580ddaa-0221-4adc-8b64-8ce1842f5f07___RS_HL 6242.JPG,healthy,0,g0941,s_reliability,reliability_train,gaussian_noise,7494292889965346901,,,,0.017827539611281633,42,0,0,healthy,0,5.203813,-5.25016,-4.061068,42
b77c365b670e8de8c52c,data/plantvillage/raw/color/Apple___healthy/07778a5c-8037-425f-aa83-d10b1e1d5db4___RS_HL 7269.JPG,healthy,0,g0952,s_reliability,reliability_train,original,,,,,,42,0,1,scab,1,0.4094563,0.6144167,-3.7990298,42
7f18ccef2e2b83cccca8,data/plantvillage/raw/color/Apple___healthy/07778a5c-8037-425f-aa83-d10b1e1d5db4___RS_HL 7269.JPG,healthy,0,g0952,s_reliability,reliability_train,brightness,1194340646687988085,1.0951686054111325,,,,42,0,1,scab,1,0.12825206,0.78087556,-3.6985693,42
646e87705af38b5ba86e,data/plantvillage/raw/color/Apple___healthy/07778a5c-8037-425f-aa83-d10b1e1d5db4___RS_HL 7269.JPG,healthy,0,g0952,s_reliability,reliability_train,contrast,4919774421496717009,,0.7927199582791592,,,42,0,0,healthy,0,0.8741512,0.37334418,-4.0278435,42
260dd9683abd3b41d190,data/plantvillage/raw/color/Apple___healthy/07778a5c-8037-425f-aa83-d10b1e1d5db4___RS_HL 7269.JPG,healthy,0,g0952,s_reliability,reliability_train,gaussian_blur,8944619961322973658,,,1.368812150044676,,42,0,1,scab,1,-2.4683397,1.0079606,-0.9451074,42
035aa9680249c3ee00e6,data/plantvillage/raw/color/Apple___healthy/07778a5c-8037-425f-aa83-d10b1e1d5db4___RS_HL 7269.JPG,healthy,0,g0952,s_reliability,reliability_train,gaussian_noise,3452105523413241449,,,,0.045195606074271366,42,0,0,healthy,0,0.8580338,0.34770793,-3.9839265,42
693411f759841f8e31e6,data/plantvillage/raw/color/Apple___healthy/07942abf-8326-4742-bcba-52ddba093974___RS_HL 5731.JPG,healthy,0,g0954,s_reliability,reliability_train,original,,,,,,42,0,0,healthy,0,4.632401,-2.3890524,-5.629517,42
a57a254c3fb3ccece27b,data/plantvillage/raw/color/Apple___healthy/07942abf-8326-4742-bcba-52ddba093974___RS_HL 5731.JPG,healthy,0,g0954,s_reliability,reliability_train,brightness,9102729903717149170,0.9779227401921844,,,,42,0,0,healthy,0,4.6271434,-2.35545,-5.631307,42
e64a77651d37b745155b,data/plantvillage/raw/color/Apple___healthy/07942abf-8326-4742-bcba-52ddba093974___RS_HL 5731.JPG,healthy,0,g0954,s_reliability,reliability_train,contrast,1241721792693739349,,1.0348941400050762,,,42,0,0,healthy,0,4.816059,-2.5143259,-5.692549,42
285200b4a3df6a4f14e6,data/plantvillage/raw/color/Apple___healthy/07942abf-8326-4742-bcba-52ddba093974___RS_HL 5731.JPG,healthy,0,g0954,s_reliability,reliability_train,gaussian_blur,7440832551484615930,,,1.3697353370892666,,42,0,0,healthy,0,1.9286948,-1.9054289,-2.4188719,42
b25f40784a67b144223b,data/plantvillage/raw/color/Apple___healthy/07942abf-8326-4742-bcba-52ddba093974___RS_HL 5731.JPG,healthy,0,g0954,s_reliability,reliability_train,gaussian_noise,7747700612224713847,,,,0.025278394275542335,42,0,0,healthy,0,4.892058,-2.611948,-5.7120686,42
8ee01dc640b4f37d3a83,data/plantvillage/raw/color/Apple___healthy/09994dfa-4aab-4ada-9ef2-431d050e1e38___RS_HL 5658.JPG,healthy,0,g0963,s_reliability,reliability_train,original,,,,,,42,0,0,healthy,0,1.7385145,-2.8317192,-2.7945402,42
aeee65275375cf4fb1eb,data/plantvillage/raw/color/Apple___healthy/09994dfa-4aab-4ada-9ef2-431d050e1e38___RS_HL 5658.JPG,healthy,0,g0963,s_reliability,reliability_train,brightness,6113020320476421427,1.023560186067027,,,,42,0,0,healthy,0,1.7326875,-2.830488,-2.7844853,42
6440791b29d0f1e6e2cf,data/plantvillage/raw/color/Apple___healthy/09994dfa-4aab-4ada-9ef2-431d050e1e38___RS_HL 5658.JPG,healthy,0,g0963,s_reliability,reliability_train,contrast,1691782843903414336,,1.1130693630927504,,,42,0,0,healthy,0,1.4535154,-2.7412355,-2.6228907,42
9f346da730aa20c9861d,data/plantvillage/raw/color/Apple___healthy/09994dfa-4aab-4ada-9ef2-431d050e1e38___RS_HL 5658.JPG,healthy,0,g0963,s_reliability,reliability_train,gaussian_blur,6391323815067267361,,,0.6644317603381861,,42,0,0,healthy,0,-0.37954056,-1.8838078,-0.9210235,42
39779ed01f6f3b25609e,data/plantvillage/raw/color/Apple___healthy/09994dfa-4aab-4ada-9ef2-431d050e1e38___RS_HL 5658.JPG,healthy,0,g0963,s_reliability,reliability_train,gaussian_noise,7368434670547825739,,,,0.018120559234648337,42,0,0,healthy,0,1.8068566,-2.8488271,-2.856428,42
85dcdb70e220f9672697,data/plantvillage/raw/color/Apple___healthy/0bc2127e-99b9-44ea-bb2b-4e1b0b0f7624___RS_HL 7777.JPG,healthy,0,g0975,s_reliability,reliability_train,original,,,,,,42,0,0,healthy,0,5.5524454,-2.7076197,-6.160072,42
66264bcffbc49ca338b8,data/plantvillage/raw/color/Apple___healthy/0bc2127e-99b9-44ea-bb2b-4e1b0b0f7624___RS_HL 7777.JPG,healthy,0,g0975,s_reliability,reliability_train,brightness,2901370777599706271,0.9564067892592473,,,,42,0,0,healthy,0,5.5248227,-2.7141697,-6.161141,42
03f17f71fa41004f6d74,data/plantvillage/raw/color/Apple___healthy/0bc2127e-99b9-44ea-bb2b-4e1b0b0f7624___RS_HL 7777.JPG,healthy,0,g0975,s_reliability,reliability_train,contrast,2839432213407041778,,0.9221943590308267,,,42,0,0,healthy,0,5.60393,-2.767313,-6.1763887,42
243d5adf9ec784796e25,data/plantvillage/raw/color/Apple___healthy/0bc2127e-99b9-44ea-bb2b-4e1b0b0f7624___RS_HL 7777.JPG,healthy,0,g0975,s_reliability,reliability_train,gaussian_blur,3028755555816570598,,,1.235458541983659,,42,0,0,healthy,0,1.6410898,-0.6073403,-3.3646727,42
99b192b50473adaa85a0,data/plantvillage/raw/color/Apple___healthy/0bc2127e-99b9-44ea-bb2b-4e1b0b0f7624___RS_HL 7777.JPG,healthy,0,g0975,s_reliability,reliability_train,gaussian_noise,6935281982591155657,,,,0.017082542116114006,42,0,0,healthy,0,5.730455,-2.7265942,-6.35263,42
e9132dd1bae0471dd2e8,data/plantvillage/raw/color/Apple___healthy/0c30f1f2-9eed-4861-bf66-eceae1b0b625___RS_HL 7430.JPG,healthy,0,g0978,s_reliability,reliability_train,original,,,,,,42,0,0,healthy,0,5.237688,-4.6035504,-4.599183,42
5593adca5ea4a06bb985,data/plantvillage/raw/color/Apple___healthy/0c30f1f2-9eed-4861-bf66-eceae1b0b625___RS_HL 7430.JPG,healthy,0,g0978,s_reliability,reliability_train,brightness,8383070066021798905,1.2864596041217244,,,,42,0,0,healthy,0,4.86714,-4.4524956,-4.1084557,42
9f50eb8f36b05bfebb03,data/plantvillage/raw/color/Apple___healthy/0c30f1f2-9eed-4861-bf66-eceae1b0b625___RS_HL 7430.JPG,healthy,0,g0978,s_reliability,reliability_train,contrast,8564754348361732623,,1.0368871080058841,,,42,0,0,healthy,0,5.291776,-4.613214,-4.6296697,42
b844a617f5df68378bf1,data/plantvillage/raw/color/Apple___healthy/0c30f1f2-9eed-4861-bf66-eceae1b0b625___RS_HL 7430.JPG,healthy,0,g0978,s_reliability,reliability_train,gaussian_blur,145004992506160047,,,0.5717682766852547,,42,0,0,healthy,0,4.235042,-4.560471,-3.299775,42
c306d935be3eca6016a5,data/plantvillage/raw/color/Apple___healthy/0c30f1f2-9eed-4861-bf66-eceae1b0b625___RS_HL 7430.JPG,healthy,0,g0978,s_reliability,reliability_train,gaussian_noise,5205922633587006532,,,,0.011743978621714888,42,0,0,healthy,0,5.2291465,-4.556849,-4.625249,42
2089e9b9e9b9ef1bb772,data/plantvillage/raw/color/Apple___healthy/0c83f4eb-4949-47c8-bf63-312d16e64913___RS_HL 7619.JPG,healthy,0,g0980,s_reliability,reliability_train,original,,,,,,42,0,0,healthy,0,3.3104553,-1.6042584,-4.2902904,42
1a7d8d09b26071844a1a,data/plantvillage/raw/color/Apple___healthy/0c83f4eb-4949-47c8-bf63-312d16e64913___RS_HL 7619.JPG,healthy,0,g0980,s_reliability,reliability_train,brightness,6385323929611414960,0.7500574326181345,,,,42,0,0,healthy,0,3.4422233,-1.5311863,-4.457166,42
8d2f4f39c9db4012746d,data/plantvillage/raw/color/Apple___healthy/0c83f4eb-4949-47c8-bf63-312d16e64913___RS_HL 7619.JPG,healthy,0,g0980,s_reliability,reliability_train,contrast,2316661434613999494,,1.2435543090685217,,,42,0,0,healthy,0,3.1622174,-1.2487901,-4.4892883,42
8b1056e5bcdf27e658dc,data/plantvillage/raw/color/Apple___healthy/0c83f4eb-4949-47c8-bf63-312d16e64913___RS_HL 7619.JPG,healthy,0,g0980,s_reliability,reliability_train,gaussian_blur,4678431679871518897,,,0.7721286703851169,,42,0,0,healthy,0,1.7169939,-1.6698494,-2.424067,42
c75214ffc8fca78969fb,data/plantvillage/raw/color/Apple___healthy/0c83f4eb-4949-47c8-bf63-312d16e64913___RS_HL 7619.JPG,healthy,0,g0980,s_reliability,reliability_train,gaussian_noise,460062563761938281,,,,0.010284741669547608,42,0,0,healthy,0,3.3208687,-1.5972973,-4.331542,42
96739ebe34c35aced410,data/plantvillage/raw/color/Apple___healthy/0da48999-25da-4373-8277-3718a8203d0a___RS_HL 8012.JPG,healthy,0,g0989,s_reliability,reliability_train,original,,,,,,42,0,0,healthy,0,3.8534296,-2.4993982,-4.444391,42
667b47ac1096c07b3f73,data/plantvillage/raw/color/Apple___healthy/0da48999-25da-4373-8277-3718a8203d0a___RS_HL 8012.JPG,healthy,0,g0989,s_reliability,reliability_train,brightness,6525105122060737064,0.7204248206258157,,,,42,0,0,healthy,0,3.7950027,-2.222948,-4.6263614,42
3ab107625a6026608db7,data/plantvillage/raw/color/Apple___healthy/0da48999-25da-4373-8277-3718a8203d0a___RS_HL 8012.JPG,healthy,0,g0989,s_reliability,reliability_train,contrast,5780856424876593158,,0.9665007139109236,,,42,0,0,healthy,0,3.8530889,-2.472251,-4.467315,42
9599fa8efdb9f6284d56,data/plantvillage/raw/color/Apple___healthy/0da48999-25da-4373-8277-3718a8203d0a___RS_HL 8012.JPG,healthy,0,g0989,s_reliability,reliability_train,gaussian_blur,7242833113398972951,,,1.368879535597296,,42,0,0,healthy,0,1.3958002,-1.2943419,-2.0174286,42
ef227a7ec3dfc6587745,data/plantvillage/raw/color/Apple___healthy/0da48999-25da-4373-8277-3718a8203d0a___RS_HL 8012.JPG,healthy,0,g0989,s_reliability,reliability_train,gaussian_noise,135914464852805593,,,,0.04227778367392513,42,0,0,healthy,0,3.811528,-2.2975993,-4.4913144,42
10e781a742e2a86d499a,data/plantvillage/raw/color/Apple___healthy/0da8c59a-e54c-4408-ae3c-06d54608b20a___RS_HL 6236.JPG,healthy,0,g0990,s_reliability,reliability_train,original,,,,,,42,0,0,healthy,0,3.8494132,-4.3787403,-2.983431,42
682ec67c2d3acc91c0ec,data/plantvillage/raw/color/Apple___healthy/0da8c59a-e54c-4408-ae3c-06d54608b20a___RS_HL 6236.JPG,healthy,0,g0990,s_reliability,reliability_train,brightness,3463723451146797913,0.9688515454274274,,,,42,0,0,healthy,0,3.7941885,-4.379528,-2.927018,42
b947381bc19265fba5e4,data/plantvillage/raw/color/Apple___healthy/0da8c59a-e54c-4408-ae3c-06d54608b20a___RS_HL 6236.JPG,healthy,0,g0990,s_reliability,reliability_train,contrast,2554177620913746991,,1.2290950028849772,,,42,0,0,healthy,0,4.1839995,-4.6102767,-3.1606765,42
3d5aef276b7b9dfd959b,data/plantvillage/raw/color/Apple___healthy/0da8c59a-e54c-4408-ae3c-06d54608b20a___RS_HL 6236.JPG,healthy,0,g0990,s_reliability,reliability_train,gaussian_blur,8198671289859897182,,,1.4572422662082245,,42,0,0,healthy,0,1.8682513,-3.8488398,-0.88630563,42
fb55ebfa6ce5384c0ff8,data/plantvillage/raw/color/Apple___healthy/0da8c59a-e54c-4408-ae3c-06d54608b20a___RS_HL 6236.JPG,healthy,0,g0990,s_reliability,reliability_train,gaussian_noise,2342736260575298659,,,,0.030369966499131484,42,0,0,healthy,0,3.7621005,-4.178105,-3.1388695,42
76d0b8170915b6e111e3,data/plantvillage/raw/color/Apple___healthy/0e3c0777-c214-4749-b8ae-4985274d2f9e___RS_HL 7984.JPG,healthy,0,g0992,s_reliability,reliability_train,original,,,,,,42,0,0,healthy,0,2.7870831,-3.777033,-3.1845436,42
c35ff7df6e5001c42db0,data/plantvillage/raw/color/Apple___healthy/0e3c0777-c214-4749-b8ae-4985274d2f9e___RS_HL 7984.JPG,healthy,0,g0992,s_reliability,reliability_train,brightness,5416953972895137372,0.9100510315049726,,,,42,0,0,healthy,0,2.9048185,-3.8167837,-3.2531066,42
121886a3544e265e019c,data/plantvillage/raw/color/Apple___healthy/0e3c0777-c214-4749-b8ae-4985274d2f9e___RS_HL 7984.JPG,healthy,0,g0992,s_reliability,reliability_train,contrast,6272676531601026167,,1.0787058929979338,,,42,0,0,healthy,0,2.7803795,-3.8088586,-3.1165226,42
ec6a553db93697c2a797,data/plantvillage/raw/color/Apple___healthy/0e3c0777-c214-4749-b8ae-4985274d2f9e___RS_HL 7984.JPG,healthy,0,g0992,s_reliability,reliability_train,gaussian_blur,8353612448748471167,,,0.5039484004354288,,42,0,0,healthy,0,2.2139463,-3.5928166,-2.5654955,42
054ee525aaca2ac1c0dd,data/plantvillage/raw/color/Apple___healthy/0e3c0777-c214-4749-b8ae-4985274d2f9e___RS_HL 7984.JPG,healthy,0,g0992,s_reliability,reliability_train,gaussian_noise,4297011698582326178,,,,0.04289619450586276,42,0,0,healthy,0,2.9412332,-3.8379607,-3.3704052,42
e83c39e2fd5f50a18999,data/plantvillage/raw/color/Apple___healthy/0ebf06b5-7471-42d7-b8d6-5a53127f90f3___RS_HL 8163.JPG,healthy,0,g0998,s_reliability,reliability_train,original,,,,,,42,0,0,healthy,0,4.735641,-4.316274,-4.4220214,42
8227899f57596012dd92,data/plantvillage/raw/color/Apple___healthy/0ebf06b5-7471-42d7-b8d6-5a53127f90f3___RS_HL 8163.JPG,healthy,0,g0998,s_reliability,reliability_train,brightness,5077043498394077755,1.1306360601382774,,,,42,0,0,healthy,0,4.6522603,-4.3906245,-4.324874,42
cb282ac86c409406f815,data/plantvillage/raw/color/Apple___healthy/0ebf06b5-7471-42d7-b8d6-5a53127f90f3___RS_HL 8163.JPG,healthy,0,g0998,s_reliability,reliability_train,contrast,5314037544080975614,,1.2255896927375893,,,42,0,0,healthy,0,4.4217257,-4.1679864,-4.300452,42
12f50be2aa45422a5a7e,data/plantvillage/raw/color/Apple___healthy/0ebf06b5-7471-42d7-b8d6-5a53127f90f3___RS_HL 8163.JPG,healthy,0,g0998,s_reliability,reliability_train,gaussian_blur,6072977512561091917,,,0.8273754187313723,,42,0,0,healthy,0,2.5162358,-4.1305075,-1.9926301,42
9dd478be1e37e7e18c16,data/plantvillage/raw/color/Apple___healthy/0ebf06b5-7471-42d7-b8d6-5a53127f90f3___RS_HL 8163.JPG,healthy,0,g0998,s_reliability,reliability_train,gaussian_noise,2499001778828851668,,,,0.0259316186575171,42,0,0,healthy,0,4.6562,-4.2472835,-4.392359,42
be567a9c2f22973fd873,data/plantvillage/raw/color/Apple___healthy/10f75d05-fa3e-4b14-b3d8-093292c218e6___RS_HL 7873.JPG,healthy,0,g1012,s_reliability,reliability_train,original,,,,,,42,0,0,healthy,0,3.0796564,-3.1953895,-3.4467812,42
36ea5ee718ea37369b61,data/plantvillage/raw/color/Apple___healthy/10f75d05-fa3e-4b14-b3d8-093292c218e6___RS_HL 7873.JPG,healthy,0,g1012,s_reliability,reliability_train,brightness,4447246356812993940,1.0716852721398338,,,,42,0,0,healthy,0,3.0864089,-3.2330935,-3.4224086,42
669809267f5eb244dc40,data/plantvillage/raw/color/Apple___healthy/10f75d05-fa3e-4b14-b3d8-093292c218e6___RS_HL 7873.JPG,healthy,0,g1012,s_reliability,reliability_train,contrast,7697356365623431003,,0.7303545967271267,,,42,0,0,healthy,0,2.9877608,-3.1319141,-3.5075877,42
c2cdb1b74617d4a456af,data/plantvillage/raw/color/Apple___healthy/10f75d05-fa3e-4b14-b3d8-093292c218e6___RS_HL 7873.JPG,healthy,0,g1012,s_reliability,reliability_train,gaussian_blur,872841328728622432,,,1.4596118673875131,,42,0,0,healthy,0,0.3207904,-2.9924407,-0.26776582,42
bc67f5120716122d110d,data/plantvillage/raw/color/Apple___healthy/10f75d05-fa3e-4b14-b3d8-093292c218e6___RS_HL 7873.JPG,healthy,0,g1012,s_reliability,reliability_train,gaussian_noise,4839982961941657383,,,,0.04691331931389009,42,0,0,healthy,0,3.3195872,-3.1754332,-3.8435404,42
9d1510bc340e6806a5c0,data/plantvillage/raw/color/Apple___healthy/122d2ed7-efb5-4a82-a6f0-74e9524e83ff___RS_HL 5702.JPG,healthy,0,g1024,s_reliability,reliability_train,original,,,,,,42,0,0,healthy,0,5.1641574,-3.5179644,-4.923496,42
8a6d6a250f6199569dd0,data/plantvillage/raw/color/Apple___healthy/122d2ed7-efb5-4a82-a6f0-74e9524e83ff___RS_HL 5702.JPG,healthy,0,g1024,s_reliability,reliability_train,brightness,2938827979348571892,1.043194162018532,,,,42,0,0,healthy,0,5.3124995,-3.6411335,-4.9471297,42
66657392bed323d43406,data/plantvillage/raw/color/Apple___healthy/122d2ed7-efb5-4a82-a6f0-74e9524e83ff___RS_HL 5702.JPG,healthy,0,g1024,s_reliability,reliability_train,contrast,238509718509373447,,1.2620037990049804,,,42,0,0,healthy,0,4.7051644,-3.3588243,-4.5870585,42
301c188fb8f9a54cb530,data/plantvillage/raw/color/Apple___healthy/122d2ed7-efb5-4a82-a6f0-74e9524e83ff___RS_HL 5702.JPG,healthy,0,g1024,s_reliability,reliability_train,gaussian_blur,5687775257650993631,,,0.7403579322503967,,42,0,0,healthy,0,3.9783363,-3.812342,-2.9538672,42
cb6da6f7ff0b58af9cd2,data/plantvillage/raw/color/Apple___healthy/122d2ed7-efb5-4a82-a6f0-74e9524e83ff___RS_HL 5702.JPG,healthy,0,g1024,s_reliability,reliability_train,gaussian_noise,9216522196797325313,,,,0.04892181296794958,42,0,0,healthy,0,5.407362,-3.588327,-5.2106595,42
47e5cebbc1bac1fdefb6,data/plantvillage/raw/color/Apple___healthy/1230a95a-5f08-4fd6-b6e9-44c0c7b1fe8c___RS_HL 8092.JPG,healthy,0,g1025,s_reliability,reliability_train,original,,,,,,42,0,0,healthy,0,2.9975495,-0.98172754,-3.6958926,42
e614ef5c8ae4be271078,data/plantvillage/raw/color/Apple___healthy/1230a95a-5f08-4fd6-b6e9-44c0c7b1fe8c___RS_HL 8092.JPG,healthy,0,g1025,s_reliability,reliability_train,brightness,7969770929928713769,1.153707329217389,,,,42,0,0,healthy,0,2.572351,-0.47841328,-3.561139,42
e480e6af78b11cf91462,data/plantvillage/raw/color/Apple___healthy/1230a95a-5f08-4fd6-b6e9-44c0c7b1fe8c___RS_HL 8092.JPG,healthy,0,g1025,s_reliability,reliability_train,contrast,5029934732931458191,,1.0009603379502359,,,42,0,0,healthy,0,3.0077078,-0.9836535,-3.7106745,42
1054e903db333d71e2f0,data/plantvillage/raw/color/Apple___healthy/1230a95a-5f08-4fd6-b6e9-44c0c7b1fe8c___RS_HL 8092.JPG,healthy,0,g1025,s_reliability,reliability_train,gaussian_blur,5771635819209898773,,,0.9340649123924728,,42,0,0,healthy,0,2.0795515,-0.6896985,-2.7315652,42
82378deebf6894530b08,data/plantvillage/raw/color/Apple___healthy/1230a95a-5f08-4fd6-b6e9-44c0c7b1fe8c___RS_HL 8092.JPG,healthy,0,g1025,s_reliability,reliability_train,gaussian_noise,4292452900353326736,,,,0.03394732618165814,42,0,0,healthy,0,2.3911307,-0.23640648,-3.7642822,42
f812962aabb32723096d,data/plantvillage/raw/color/Apple___healthy/1331fd38-acdf-488f-a5db-8dfcecfa5690___RS_HL 7381.JPG,healthy,0,g1031,s_reliability,reliability_train,original,,,,,,42,0,0,healthy,0,4.1162195,-2.7797396,-5.1648893,42
16b15bd0d19678bb37d6,data/plantvillage/raw/color/Apple___healthy/1331fd38-acdf-488f-a5db-8dfcecfa5690___RS_HL 7381.JPG,healthy,0,g1031,s_reliability,reliability_train,brightness,5802731267368083257,1.1559346265050217,,,,42,0,0,healthy,0,4.082896,-2.9061127,-5.0398474,42
65b4999529c6ba20a4bf,data/plantvillage/raw/color/Apple___healthy/1331fd38-acdf-488f-a5db-8dfcecfa5690___RS_HL 7381.JPG,healthy,0,g1031,s_reliability,reliability_train,contrast,7732907331130101933,,0.7444979028196742,,,42,0,0,healthy,0,3.1558096,-2.0198588,-4.9061427,42
a0649f9998a1fcebadfa,data/plantvillage/raw/color/Apple___healthy/1331fd38-acdf-488f-a5db-8dfcecfa5690___RS_HL 7381.JPG,healthy,0,g1031,s_reliability,reliability_train,gaussian_blur,6175199157573693001,,,0.9723052600989738,,42,0,0,healthy,0,1.5081103,-2.687079,-2.4221995,42
286fe4b1920cabbeb92f,data/plantvillage/raw/color/Apple___healthy/1331fd38-acdf-488f-a5db-8dfcecfa5690___RS_HL 7381.JPG,healthy,0,g1031,s_reliability,reliability_train,gaussian_noise,3338775063657819850,,,,0.012165094554888425,42,0,0,healthy,0,4.1832724,-2.7609916,-5.2391334,42
62e63bdebf731e7e331a,data/plantvillage/raw/color/Apple___healthy/1356ba06-a72d-480b-b9e5-7bc349d9e605___RS_HL 6208.JPG,healthy,0,g1033,s_reliability,reliability_train,original,,,,,,42,0,0,healthy,0,3.5980294,-4.4284706,-2.53822,42
eb58f82dcefd41308c03,data/plantvillage/raw/color/Apple___healthy/1356ba06-a72d-480b-b9e5-7bc349d9e605___RS_HL 6208.JPG,healthy,0,g1033,s_reliability,reliability_train,brightness,6986502084615239859,0.8115458874588882,,,,42,0,0,healthy,0,3.725599,-4.6441,-2.6813786,42
772dd6104c5262610a44,data/plantvillage/raw/color/Apple___healthy/1356ba06-a72d-480b-b9e5-7bc349d9e605___RS_HL 6208.JPG,healthy,0,g1033,s_reliability,reliability_train,contrast,6481133085813165989,,1.2888533359696266,,,42,0,0,healthy,0,3.7672622,-4.5257316,-2.5853198,42
391348a390558ca4d74c,data/plantvillage/raw/color/Apple___healthy/1356ba06-a72d-480b-b9e5-7bc349d9e605___RS_HL 6208.JPG,healthy,0,g1033,s_reliability,reliability_train,gaussian_blur,8793894531593253634,,,0.7820252156286511,,42,0,0,healthy,0,3.2650287,-4.078624,-2.1736054,42
e047b3d57749464fbbc4,data/plantvillage/raw/color/Apple___healthy/1356ba06-a72d-480b-b9e5-7bc349d9e605___RS_HL 6208.JPG,healthy,0,g1033,s_reliability,reliability_train,gaussian_noise,8385275551437895769,,,,0.02413290534140625,42,0,0,healthy,0,3.4954932,-3.884755,-2.8614314,42
018d5eb656f9e17cad74,data/plantvillage/raw/color/Apple___healthy/1495b096-6249-4f8c-b9e5-37e09fc21d1a___RS_HL 7716.JPG,healthy,0,g1051,s_reliability,reliability_val,original,,,,,,42,0,0,healthy,0,3.286429,-1.4867624,-4.4509945,42
27baa6e6efea3baab51a,data/plantvillage/raw/color/Apple___healthy/1495b096-6249-4f8c-b9e5-37e09fc21d1a___RS_HL 7716.JPG,healthy,0,g1051,s_reliability,reliability_val,brightness,396510406574863872,1.0904443549761929,,,,42,0,0,healthy,0,3.0234768,-1.2834139,-4.4221563,42
a9f53d21491b81aed698,data/plantvillage/raw/color/Apple___healthy/1495b096-6249-4f8c-b9e5-37e09fc21d1a___RS_HL 7716.JPG,healthy,0,g1051,s_reliability,reliability_val,contrast,8029274360114542402,,0.9449139296157019,,,42,0,0,healthy,0,3.3389308,-1.5352516,-4.443431,42
2ec619c76576d71abdc0,data/plantvillage/raw/color/Apple___healthy/1495b096-6249-4f8c-b9e5-37e09fc21d1a___RS_HL 7716.JPG,healthy,0,g1051,s_reliability,reliability_val,gaussian_blur,7653521717149890517,,,0.7217909267835522,,42,0,0,healthy,0,2.3911471,-1.4828932,-3.3767316,42
87bcf16125e4fb384e74,data/plantvillage/raw/color/Apple___healthy/1495b096-6249-4f8c-b9e5-37e09fc21d1a___RS_HL 7716.JPG,healthy,0,g1051,s_reliability,reliability_val,gaussian_noise,9194818205269157942,,,,0.024338904835351567,42,0,0,healthy,0,3.243661,-1.3330315,-4.598991,42
bb0d2e0badde8b89019f,data/plantvillage/raw/color/Apple___healthy/14c691eb-78de-417f-8832-93427151a6e1___RS_HL 8090.JPG,healthy,0,g1056,s_reliability,reliability_train,original,,,,,,42,0,0,healthy,0,5.178746,-2.017256,-6.261918,42
0109d3e5a4736bf3677a,data/plantvillage/raw/color/Apple___healthy/14c691eb-78de-417f-8832-93427151a6e1___RS_HL 8090.JPG,healthy,0,g1056,s_reliability,reliability_train,brightness,9166084220381054943,0.7413090203792538,,,,42,0,0,healthy,0,5.4898677,-2.1625907,-6.1798673,42
0e4d31142c2b6c948937,data/plantvillage/raw/color/Apple___healthy/14c691eb-78de-417f-8832-93427151a6e1___RS_HL 8090.JPG,healthy,0,g1056,s_reliability,reliability_train,contrast,3033833379530759856,,1.2166633859813478,,,42,0,0,healthy,0,5.015539,-1.8338832,-6.3168755,42
ccd4c0766ad3d415b3a3,data/plantvillage/raw/color/Apple___healthy/14c691eb-78de-417f-8832-93427151a6e1___RS_HL 8090.JPG,healthy,0,g1056,s_reliability,reliability_train,gaussian_blur,2101826231254733034,,,1.3918600044277938,,42,0,0,healthy,0,1.2410693,-1.3001007,-1.8318092,42
52b83c46a9963907e7e0,data/plantvillage/raw/color/Apple___healthy/14c691eb-78de-417f-8832-93427151a6e1___RS_HL 8090.JPG,healthy,0,g1056,s_reliability,reliability_train,gaussian_noise,9132172287452114096,,,,0.04289604568187124,42,0,0,healthy,0,5.2417326,-1.8646842,-6.46319,42
09eb3180d443be4959a2,data/plantvillage/raw/color/Apple___healthy/15b10e4e-2d9b-463e-85c0-d66ba29c5b49___RS_HL 7506.JPG,healthy,0,g1063,s_reliability,reliability_train,original,,,,,,42,0,0,healthy,0,5.731485,-4.4430175,-4.9030375,42
7324306d89c5b2d66d63,data/plantvillage/raw/color/Apple___healthy/15b10e4e-2d9b-463e-85c0-d66ba29c5b49___RS_HL 7506.JPG,healthy,0,g1063,s_reliability,reliability_train,brightness,2974158510047394103,0.9595241085418778,,,,42,0,0,healthy,0,5.8819437,-4.537803,-4.936364,42
a2abb2dcb77dd46bac25,data/plantvillage/raw/color/Apple___healthy/15b10e4e-2d9b-463e-85c0-d66ba29c5b49___RS_HL 7506.JPG,healthy,0,g1063,s_reliability,reliability_train,contrast,7263054087269268006,,1.0834826011134757,,,42,0,0,healthy,0,5.6346493,-4.256808,-5.002834,42
77c4873f6a48fa426248,data/plantvillage/raw/color/Apple___healthy/15b10e4e-2d9b-463e-85c0-d66ba29c5b49___RS_HL 7506.JPG,healthy,0,g1063,s_reliability,reliability_train,gaussian_blur,1119026184543957616,,,1.3240433031468317,,42,0,0,healthy,0,3.9258485,-4.4231467,-2.4833877,42
8e2e83b686162e071d06,data/plantvillage/raw/color/Apple___healthy/15b10e4e-2d9b-463e-85c0-d66ba29c5b49___RS_HL 7506.JPG,healthy,0,g1063,s_reliability,reliability_train,gaussian_noise,8754041797465708706,,,,0.02799796610460241,42,0,0,healthy,0,5.537649,-4.2175307,-4.934362,42
3cd052e3ad85c62dd9bc,data/plantvillage/raw/color/Apple___healthy/1652d645-fb1b-4529-acbe-17093566cd2a___RS_HL 8074.JPG,healthy,0,g1067,s_reliability,reliability_train,original,,,,,,42,0,0,healthy,0,5.813257,-4.361991,-5.283513,42
40766999c1979e94de86,data/plantvillage/raw/color/Apple___healthy/1652d645-fb1b-4529-acbe-17093566cd2a___RS_HL 8074.JPG,healthy,0,g1067,s_reliability,reliability_train,brightness,9153067409815295511,1.1556105243876882,,,,42,0,0,healthy,0,5.944894,-4.454249,-5.398658,42
b69129421ba776ec404c,data/plantvillage/raw/color/Apple___healthy/1652d645-fb1b-4529-acbe-17093566cd2a___RS_HL 8074.JPG,healthy,0,g1067,s_reliability,reliability_train,contrast,3497282943307542029,,1.257474758116894,,,42,0,0,healthy,0,6.4414015,-4.695761,-5.772063,42
e2bba33c6eacf92d4672,data/plantvillage/raw/color/Apple___healthy/1652d645-fb1b-4529-acbe-17093566cd2a___RS_HL 8074.JPG,healthy,0,g1067,s_reliability,reliability_train,gaussian_blur,1433323759921915091,,,0.6509888921491682,,42,0,0,healthy,0,4.719615,-4.0775905,-4.172972,42
1aa0efffc0115317247e,data/plantvillage/raw/color/Apple___healthy/1652d645-fb1b-4529-acbe-17093566cd2a___RS_HL 8074.JPG,healthy,0,g1067,s_reliability,reliability_train,gaussian_noise,3427476922210258537,,,,0.04849010802412237,42,0,0,healthy,0,5.4522476,-4.0094433,-5.298469,42
e106e03f52792593d380,data/plantvillage/raw/color/Apple___healthy/179ad6a1-385b-42a2-8232-538664869673___RS_HL 5771.JPG,healthy,0,g1077,s_reliability,reliability_train,original,,,,,,42,0,0,healthy,0,2.2447798,-1.2205019,-4.286426,42
c51b99e56356e54395c0,data/plantvillage/raw/color/Apple___healthy/179ad6a1-385b-42a2-8232-538664869673___RS_HL 5771.JPG,healthy,0,g1077,s_reliability,reliability_train,brightness,3534641606915364662,0.9029736938702044,,,,42,0,0,healthy,0,2.1429608,-1.2185286,-4.1956067,42
c214f2067bd4b8fce7ed,data/plantvillage/raw/color/Apple___healthy/179ad6a1-385b-42a2-8232-538664869673___RS_HL 5771.JPG,healthy,0,g1077,s_reliability,reliability_train,contrast,5131365503402358426,,0.9824263041091272,,,42,0,0,healthy,0,2.2070699,-1.1759237,-4.289885,42
d58300a5619a5475dfc5,data/plantvillage/raw/color/Apple___healthy/179ad6a1-385b-42a2-8232-538664869673___RS_HL 5771.JPG,healthy,0,g1077,s_reliability,reliability_train,gaussian_blur,2878890300387471427,,,1.3512638202898053,,42,0,0,healthy,0,1.0825009,-2.192536,-1.4347237,42
e935a45fdbd9ccbaa348,data/plantvillage/raw/color/Apple___healthy/179ad6a1-385b-42a2-8232-538664869673___RS_HL 5771.JPG,healthy,0,g1077,s_reliability,reliability_train,gaussian_noise,673138685774792993,,,,0.012874457838294728,42,0,0,healthy,0,2.3485057,-1.2829744,-4.307247,42
a2a6d8eb4c7f77121659,data/plantvillage/raw/color/Apple___healthy/18121688-72a8-414a-8e36-43060cdebb22___RS_HL 5747.JPG,healthy,0,g1080,s_reliability,reliability_train,original,,,,,,42,0,0,healthy,0,2.5649552,-0.6349029,-5.0708513,42
865bff506ba2d96a27bf,data/plantvillage/raw/color/Apple___healthy/18121688-72a8-414a-8e36-43060cdebb22___RS_HL 5747.JPG,healthy,0,g1080,s_reliability,reliability_train,brightness,8463666508196201446,1.1150387569074476,,,,42,0,0,healthy,0,2.6591187,-0.64163035,-5.1256833,42
1e2182d97687181bdef4,data/plantvillage/raw/color/Apple___healthy/18121688-72a8-414a-8e36-43060cdebb22___RS_HL 5747.JPG,healthy,0,g1080,s_reliability,reliability_train,contrast,3962048760547650750,,1.0784239179188073,,,42,0,0,healthy,0,2.6349027,-0.65376985,-5.138805,42
b4cf5bbb47e8b8f550b8,data/plantvillage/raw/color/Apple___healthy/18121688-72a8-414a-8e36-43060cdebb22___RS_HL 5747.JPG,healthy,0,g1080,s_reliability,reliability_train,gaussian_blur,5144661240655074962,,,1.4035107091060302,,42,0,1,scab,1,-0.6527836,-0.15670861,-1.8744481,42
d6b39e617461e80d25bb,data/plantvillage/raw/color/Apple___healthy/18121688-72a8-414a-8e36-43060cdebb22___RS_HL 5747.JPG,healthy,0,g1080,s_reliability,reliability_train,gaussian_noise,1500826867988002890,,,,0.03083867113937458,42,0,0,healthy,0,2.608108,-0.6253065,-5.1145315,42
ae0554edb36e808cdba9,data/plantvillage/raw/color/Apple___healthy/1a593b62-fe23-462c-bf68-50f53f357609___RS_HL 6322.JPG,healthy,0,g1094,s_reliability,reliability_train,original,,,,,,42,0,0,healthy,0,3.7044256,-3.6321988,-4.168697,42
c699898113ca74d31791,data/plantvillage/raw/color/Apple___healthy/1a593b62-fe23-462c-bf68-50f53f357609___RS_HL 6322.JPG,healthy,0,g1094,s_reliability,reliability_train,brightness,1999645260109827687,1.2335801787479665,,,,42,0,0,healthy,0,3.8595767,-3.492709,-4.534042,42
f22ae12217a9b45f220c,data/plantvillage/raw/color/Apple___healthy/1a593b62-fe23-462c-bf68-50f53f357609___RS_HL 6322.JPG,healthy,0,g1094,s_reliability,reliability_train,contrast,3510455206850691700,,0.8141257599227557,,,42,0,0,healthy,0,4.099722,-3.7943351,-4.488559,42
dfa75e3e5a38f7ef6fe3,data/plantvillage/raw/color/Apple___healthy/1a593b62-fe23-462c-bf68-50f53f357609___RS_HL 6322.JPG,healthy,0,g1094,s_reliability,reliability_train,gaussian_blur,3344415478676814952,,,0.5113511976570917,,42,0,0,healthy,0,3.217595,-3.4448721,-3.52304,42
3d45066575953477b26d,data/plantvillage/raw/color/Apple___healthy/1a593b62-fe23-462c-bf68-50f53f357609___RS_HL 6322.JPG,healthy,0,g1094,s_reliability,reliability_train,gaussian_noise,3706690162733778449,,,,0.044035474284053557,42,0,0,healthy,0,4.2624264,-3.5842953,-4.6336074,42
2161e44ff00bd17602cc,data/plantvillage/raw/color/Apple___healthy/1b22388a-cf05-4795-892f-a5b6f35304d5___RS_HL 8141.JPG,healthy,0,g1100,s_reliability,reliability_train,original,,,,,,42,0,0,healthy,0,3.8144846,-2.644177,-5.027728,42
0785143174db77f4c196,data/plantvillage/raw/color/Apple___healthy/1b22388a-cf05-4795-892f-a5b6f35304d5___RS_HL 8141.JPG,healthy,0,g1100,s_reliability,reliability_train,brightness,568136254542047844,1.155872236855798,,,,42,0,0,healthy,0,4.129276,-2.902697,-5.0938983,42
dfbedf1bf0c3d4642594,data/plantvillage/raw/color/Apple___healthy/1b22388a-cf05-4795-892f-a5b6f35304d5___RS_HL 8141.JPG,healthy,0,g1100,s_reliability,reliability_train,contrast,6905694599089691616,,0.890054299760684,,,42,0,0,healthy,0,3.761737,-2.6328623,-5.0061827,42
32cdc687fc7c145868f1,data/plantvillage/raw/color/Apple___healthy/1b22388a-cf05-4795-892f-a5b6f35304d5___RS_HL 8141.JPG,healthy,0,g1100,s_reliability,reliability_train,gaussian_blur,5806219764760882667,,,0.9792612847564385,,42,0,0,healthy,0,1.990764,-2.200257,-2.9446344,42
5d81bb837e9278f9c1e8,data/plantvillage/raw/color/Apple___healthy/1b22388a-cf05-4795-892f-a5b6f35304d5___RS_HL 8141.JPG,healthy,0,g1100,s_reliability,reliability_train,gaussian_noise,7418734637831421320,,,,0.01797974503199401,42,0,0,healthy,0,3.7964807,-2.6450083,-5.0507402,42
8669e8e8576edccca5b4,data/plantvillage/raw/color/Apple___healthy/1c116208-4ef8-4b42-ba20-92c3b9ca957c___RS_HL 5885.JPG,healthy,0,g1104,s_reliability,reliability_train,original,,,,,,42,0,1,scab,1,-0.19956219,1.0542058,-4.361209,42
bbd6f1146e1fc77be060,data/plantvillage/raw/color/Apple___healthy/1c116208-4ef8-4b42-ba20-92c3b9ca957c___RS_HL 5885.JPG,healthy,0,g1104,s_reliability,reliability_train,brightness,6495807245440273286,0.8593783051780137,,,,42,0,1,scab,1,-0.31575572,1.0955094,-4.285002,42
a5c209877b8ca9fe9c06,data/plantvillage/raw/color/Apple___healthy/1c116208-4ef8-4b42-ba20-92c3b9ca957c___RS_HL 5885.JPG,healthy,0,g1104,s_reliability,reliability_train,contrast,4654271140799438621,,0.7233774146746228,,,42,0,1,scab,1,-0.38129646,1.1341366,-4.3199015,42
4a27f27ebfb618490f93,data/plantvillage/raw/color/Apple___healthy/1c116208-4ef8-4b42-ba20-92c3b9ca957c___RS_HL 5885.JPG,healthy,0,g1104,s_reliability,reliability_train,gaussian_blur,5408544262108719522,,,0.5381351739562734,,42,0,1,scab,1,-0.4068843,0.88399255,-3.9307687,42
d51725eac882de9d8aad,data/plantvillage/raw/color/Apple___healthy/1c116208-4ef8-4b42-ba20-92c3b9ca957c___RS_HL 5885.JPG,healthy,0,g1104,s_reliability,reliability_train,gaussian_noise,4709415435389179203,,,,0.015050596346572544,42,0,1,scab,1,-0.2813452,1.12553,-4.3858647,42
9f3f61b3d8e38611c165,data/plantvillage/raw/color/Apple___healthy/1c45cf6f-2e2e-4091-9bc9-24463f9fcf90___RS_HL 5733.JPG,healthy,0,g1108,s_reliability,reliability_train,original,,,,,,42,0,0,healthy,0,3.321561,-0.8632906,-5.4681334,42
7d02f6b0dbe345a74310,data/plantvillage/raw/color/Apple___healthy/1c45cf6f-2e2e-4091-9bc9-24463f9fcf90___RS_HL 5733.JPG,healthy,0,g1108,s_reliability,reliability_train,brightness,5620111138511013140,0.7731527847860452,,,,42,0,0,healthy,0,3.6257067,-0.8518613,-6.037991,42
af7a07c549a253be5ac9,data/plantvillage/raw/color/Apple___healthy/1c45cf6f-2e2e-4091-9bc9-24463f9fcf90___RS_HL 5733.JPG,healthy,0,g1108,s_reliability,reliability_train,contrast,8830666717852621285,,1.0587237257813613,,,42,0,0,healthy,0,3.4225988,-0.8768808,-5.554967,42
a8e240e44f6ad4d964b8,data/plantvillage/raw/color/Apple___healthy/1c45cf6f-2e2e-4091-9bc9-24463f9fcf90___RS_HL 5733.JPG,healthy,0,g1108,s_reliability,reliability_train,gaussian_blur,8152857369453585995,,,1.042640141967674,,42,0,0,healthy,0,2.0021172,-0.9990154,-3.4286993,42
d6bd153ba0a3ade8eba1,data/plantvillage/raw/color/Apple___healthy/1c45cf6f-2e2e-4091-9bc9-24463f9fcf90___RS_HL 5733.JPG,healthy,0,g1108,s_reliability,reliability_train,gaussian_noise,6116045547133970906,,,,0.03665765630211135,42,0,0,healthy,0,3.6128912,-0.5462213,-6.4403887,42
157a3d555dd6cfdc2236,data/plantvillage/raw/color/Apple___healthy/1c85fc77-1843-4a85-8f21-107385d5873c___RS_HL 7272.JPG,healthy,0,g1110,s_reliability,reliability_train,original,,,,,,42,0,1,scab,1,-0.33366084,1.1350393,-3.210306,42
6940ec415b9b061cc1d3,data/plantvillage/raw/color/Apple___healthy/1c85fc77-1843-4a85-8f21-107385d5873c___RS_HL 7272.JPG,healthy,0,g1110,s_reliability,reliability_train,brightness,4294730564163025835,1.031584809573137,,,,42,0,1,scab,1,-0.31244224,1.1292104,-3.1967616,42
32c18b5de8a514a56e61,data/plantvillage/raw/color/Apple___healthy/1c85fc77-1843-4a85-8f21-107385d5873c___RS_HL 7272.JPG,healthy,0,g1110,s_reliability,reliability_train,contrast,1393159699036129623,,0.8399310922472432,,,42,0,1,scab,1,-0.3230111,0.99159485,-3.2176323,42
2a01ea7bbd8b24fd6e5b,data/plantvillage/raw/color/Apple___healthy/1c85fc77-1843-4a85-8f21-107385d5873c___RS_HL 7272.JPG,healthy,0,g1110,s_reliability,reliability_train,gaussian_blur,1347480020617367121,,,1.2785851395389056,,42,0,1,scab,1,-1.8819556,0.95584935,-0.7646107,42
9869574af68ce31b8edd,data/plantvillage/raw/color/Apple___healthy/1c85fc77-1843-4a85-8f21-107385d5873c___RS_HL 7272.JPG,healthy,0,g1110,s_reliability,reliability_train,gaussian_noise,7456851502446832112,,,,0.04699401220942534,42,0,1,scab,1,-0.23597361,1.2361186,-3.3078883,42
6c154c6dc928e325a133,data/plantvillage/raw/color/Apple___healthy/1cb890ab-c267-467f-abbc-be9023cb55ff___RS_HL 5667.JPG,healthy,0,g1111,s_reliability,reliability_train,original,,,,,,42,0,0,healthy,0,5.014479,-3.1120667,-5.7027745,42
25222937bf0143c53ab0,data/plantvillage/raw/color/Apple___healthy/1cb890ab-c267-467f-abbc-be9023cb55ff___RS_HL 5667.JPG,healthy,0,g1111,s_reliability,reliability_train,brightness,7112320536838714225,0.797303977007569,,,,42,0,0,healthy,0,4.703702,-3.0264003,-5.491945,42
37ddd291e9e719144580,data/plantvillage/raw/color/Apple___healthy/1cb890ab-c267-467f-abbc-be9023cb55ff___RS_HL 5667.JPG,healthy,0,g1111,s_reliability,reliability_train,contrast,7636074378519711440,,0.9421568396889541,,,42,0,0,healthy,0,4.710107,-2.9613204,-5.547636,42
a2a37c858c427132da5a,data/plantvillage/raw/color/Apple___healthy/1cb890ab-c267-467f-abbc-be9023cb55ff___RS_HL 5667.JPG,healthy,0,g1111,s_reliability,reliability_train,gaussian_blur,8199953716105621140,,,0.6116349130541104,,42,0,0,healthy,0,3.8174765,-3.280883,-3.7823355,42
b4c2e714c8f7a025fc5a,data/plantvillage/raw/color/Apple___healthy/1cb890ab-c267-467f-abbc-be9023cb55ff___RS_HL 5667.JPG,healthy,0,g1111,s_reliability,reliability_train,gaussian_noise,6193619288903157722,,,,0.021020981938081235,42,0,0,healthy,0,5.110879,-3.238164,-5.704568,42
f70f4815a211e963fecc,data/plantvillage/raw/color/Apple___healthy/1cbe6aef-57d4-4f2a-b8fb-0375db7084d3___RS_HL 7356.JPG,healthy,0,g1112,s_reliability,reliability_train,original,,,,,,42,0,0,healthy,0,5.226409,-2.5239737,-6.2676263,42
d721442375ff2e0ebc67,data/plantvillage/raw/color/Apple___healthy/1cbe6aef-57d4-4f2a-b8fb-0375db7084d3___RS_HL 7356.JPG,healthy,0,g1112,s_reliability,reliability_train,brightness,238320996780123349,1.0924935497637864,,,,42,0,0,healthy,0,5.110726,-2.493119,-6.0889626,42
bbd1cdc4d86c23facee7,data/plantvillage/raw/color/Apple___healthy/1cbe6aef-57d4-4f2a-b8fb-0375db7084d3___RS_HL 7356.JPG,healthy,0,g1112,s_reliability,reliability_train,contrast,970506892587934714,,0.9332716006839801,,,42,0,0,healthy,0,5.151912,-2.5075006,-6.277118,42
a044b9b4a3a08fe73c0e,data/plantvillage/raw/color/Apple___healthy/1cbe6aef-57d4-4f2a-b8fb-0375db7084d3___RS_HL 7356.JPG,healthy,0,g1112,s_reliability,reliability_train,gaussian_blur,6126748381065847242,,,1.0027208336058093,,42,0,0,healthy,0,1.3077147,-1.0549027,-3.2782161,42
5e0c129bd8bf2b7a4730,data/plantvillage/raw/color/Apple___healthy/1cbe6aef-57d4-4f2a-b8fb-0375db7084d3___RS_HL 7356.JPG,healthy,0,g1112,s_reliability,reliability_train,gaussian_noise,4550518272296311462,,,,0.048506479516436905,42,0,0,healthy,0,5.3408136,-2.663509,-6.5370398,42
f4801097ac3e5f58e5d2,data/plantvillage/raw/color/Apple___healthy/1ceda3e6-3df1-4a82-a5f5-6c62dbd8ccc3___RS_HL 8072.JPG,healthy,0,g1114,s_reliability,reliability_train,original,,,,,,42,0,0,healthy,0,3.5662832,-2.5040035,-4.2548504,42
eff437419e6fcb268a85,data/plantvillage/raw/color/Apple___healthy/1ceda3e6-3df1-4a82-a5f5-6c62dbd8ccc3___RS_HL 8072.JPG,healthy,0,g1114,s_reliability,reliability_train,brightness,3367718719605480727,1.240772554593552,,,,42,0,0,healthy,0,3.2638526,-2.1295257,-4.3363667,42
93e0c05787d468308783,data/plantvillage/raw/color/Apple___healthy/1ceda3e6-3df1-4a82-a5f5-6c62dbd8ccc3___RS_HL 8072.JPG,healthy,0,g1114,s_reliability,reliability_train,contrast,3373271597181132169,,0.9519976540840622,,,42,0,0,healthy,0,3.4740741,-2.4990509,-4.1483283,42
d092fd44b8444e0c9a7a,data/plantvillage/raw/color/Apple___healthy/1ceda3e6-3df1-4a82-a5f5-6c62dbd8ccc3___RS_HL 8072.JPG,healthy,0,g1114,s_reliability,reliability_train,gaussian_blur,8779257229037674226,,,0.5992549767146857,,42,0,0,healthy,0,3.6959317,-3.3473642,-3.370321,42
e1c6a8442f6ff5a7edee,data/plantvillage/raw/color/Apple___healthy/1ceda3e6-3df1-4a82-a5f5-6c62dbd8ccc3___RS_HL 8072.JPG,healthy,0,g1114,s_reliability,reliability_train,gaussian_noise,6025980671617824871,,,,0.0492662064018963,42,0,0,healthy,0,3.4936013,-2.1720462,-4.6690106,42
82552214e4521d3f6838,data/plantvillage/raw/color/Apple___healthy/1d68db41-8cec-49d7-b702-d16e36348f6e___RS_HL 6300.JPG,healthy,0,g1118,s_reliability,reliability_val,original,,,,,,42,0,0,healthy,0,4.3590813,-3.3242617,-3.853535,42
00b4fcbaaa9e5295c6ea,data/plantvillage/raw/color/Apple___healthy/1d68db41-8cec-49d7-b702-d16e36348f6e___RS_HL 6300.JPG,healthy,0,g1118,s_reliability,reliability_val,brightness,5849248661417699786,1.0982232363096371,,,,42,0,0,healthy,0,4.389852,-3.2211905,-3.9961972,42
a1b1da44319018068b3b,data/plantvillage/raw/color/Apple___healthy/1d68db41-8cec-49d7-b702-d16e36348f6e___RS_HL 6300.JPG,healthy,0,g1118,s_reliability,reliability_val,contrast,1893569585529247977,,0.7936747046537878,,,42,0,0,healthy,0,4.494488,-3.2134871,-4.121657,42
231908d38cbaa7e860ad,data/plantvillage/raw/color/Apple___healthy/1d68db41-8cec-49d7-b702-d16e36348f6e___RS_HL 6300.JPG,healthy,0,g1118,s_reliability,reliability_val,gaussian_blur,8553281958147754143,,,1.2814867132490426,,42,0,0,healthy,0,2.2301922,-3.1544359,-1.7396942,42
d1949d6317e07bc6f33d,data/plantvillage/raw/color/Apple___healthy/1d68db41-8cec-49d7-b702-d16e36348f6e___RS_HL 6300.JPG,healthy,0,g1118,s_reliability,reliability_val,gaussian_noise,8306909104525436921,,,,0.04719391580660118,42,0,0,healthy,0,4.7567015,-3.227467,-4.3883505,42
96f5545d5d70ffdfc193,data/plantvillage/raw/color/Apple___healthy/1d74d65a-039c-41d6-a459-13f946971ca1___RS_HL 7582.JPG,healthy,0,g1119,s_reliability,reliability_train,original,,,,,,42,0,0,healthy,0,3.5195622,-0.2941574,-5.133095,42
5f4407009b82f8c0abad,data/plantvillage/raw/color/Apple___healthy/1d74d65a-039c-41d6-a459-13f946971ca1___RS_HL 7582.JPG,healthy,0,g1119,s_reliability,reliability_train,brightness,163421668408231101,1.2464531265291021,,,,42,0,0,healthy,0,3.0199873,0.45851114,-4.8579454,42
eb25865a9c9ea8566aee,data/plantvillage/raw/color/Apple___healthy/1d74d65a-039c-41d6-a459-13f946971ca1___RS_HL 7582.JPG,healthy,0,g1119,s_reliability,reliability_train,contrast,7057112084755721258,,0.9400550503696743,,,42,0,0,healthy,0,3.4557364,-0.24989152,-5.115758,42
eaeb0c04e18d75d7949e,data/plantvillage/raw/color/Apple___healthy/1d74d65a-039c-41d6-a459-13f946971ca1___RS_HL 7582.JPG,healthy,0,g1119,s_reliability,reliability_train,gaussian_blur,8397594708204091010,,,0.7206251386941573,,42,0,0,healthy,0,2.429092,-0.033324283,-3.7254548,42
18c072c16db3a59cc0f3,data/plantvillage/raw/color/Apple___healthy/1d74d65a-039c-41d6-a459-13f946971ca1___RS_HL 7582.JPG,healthy,0,g1119,s_reliability,reliability_train,gaussian_noise,3798035314171016734,,,,0.01873907364908475,42,0,0,healthy,0,3.4358609,-0.22025001,-5.0951147,42
9681bb924683ecd1962c,data/plantvillage/raw/color/Apple___healthy/1dabd7f0-68f4-4d1b-b026-e314457de638___RS_HL 8153.JPG,healthy,0,g1123,s_reliability,reliability_train,original,,,,,,42,0,0,healthy,0,4.638587,-3.6131644,-5.419518,42
52bf8235c04c610115ad,data/plantvillage/raw/color/Apple___healthy/1dabd7f0-68f4-4d1b-b026-e314457de638___RS_HL 8153.JPG,healthy,0,g1123,s_reliability,reliability_train,brightness,8873111328839190977,0.7363254904065859,,,,42,0,0,healthy,0,4.477857,-3.3719556,-5.5547194,42
f0dc1bed3c08c7a1b3ad,data/plantvillage/raw/color/Apple___healthy/1dabd7f0-68f4-4d1b-b026-e314457de638___RS_HL 8153.JPG,healthy,0,g1123,s_reliability,reliability_train,contrast,8736784554669895319,,1.068754619659971,,,42,0,0,healthy,0,4.5780535,-3.5812597,-5.423067,42
160f0ca2a6d5d46fe4cf,data/plantvillage/raw/color/Apple___healthy/1dabd7f0-68f4-4d1b-b026-e314457de638___RS_HL 8153.JPG,healthy,0,g1123,s_reliability,reliability_train,gaussian_blur,4348674916691926079,,,1.0692411745418924,,42,0,0,healthy,0,1.9392477,-2.5501275,-3.3221085,42
17bb5a4966c9199db28a,data/plantvillage/raw/color/Apple___healthy/1dabd7f0-68f4-4d1b-b026-e314457de638___RS_HL 8153.JPG,healthy,0,g1123,s_reliability,reliability_train,gaussian_noise,5569148932075721880,,,,0.018371999465744374,42,0,0,healthy,0,4.525098,-3.5960503,-5.3089647,42
8c146bef60aaeb9e8034,data/plantvillage/raw/color/Apple___healthy/1dbfc9d3-f568-4e19-a83c-8fa408cfea3a___RS_HL 5909.JPG,healthy,0,g1125,s_reliability,reliability_train,original,,,,,,42,0,0,healthy,0,4.582152,-3.017032,-4.381194,42
00537846be91f1077e11,data/plantvillage/raw/color/Apple___healthy/1dbfc9d3-f568-4e19-a83c-8fa408cfea3a___RS_HL 5909.JPG,healthy,0,g1125,s_reliability,reliability_train,brightness,4356571342298382717,0.8234930401291752,,,,42,0,0,healthy,0,4.7777176,-2.971471,-4.642498,42
56b60da1b6d8d420d6e3,data/plantvillage/raw/color/Apple___healthy/1dbfc9d3-f568-4e19-a83c-8fa408cfea3a___RS_HL 5909.JPG,healthy,0,g1125,s_reliability,reliability_train,contrast,439479980554065404,,1.0782333753333924,,,42,0,0,healthy,0,4.741895,-3.1332436,-4.446748,42
378f80294333e7fc127f,data/plantvillage/raw/color/Apple___healthy/1dbfc9d3-f568-4e19-a83c-8fa408cfea3a___RS_HL 5909.JPG,healthy,0,g1125,s_reliability,reliability_train,gaussian_blur,5283398278544233388,,,0.7635704825602222,,42,0,0,healthy,0,3.5567243,-3.0641966,-3.076632,42
7dd19b47a15b8fa0c4e4,data/plantvillage/raw/color/Apple___healthy/1dbfc9d3-f568-4e19-a83c-8fa408cfea3a___RS_HL 5909.JPG,healthy,0,g1125,s_reliability,reliability_train,gaussian_noise,5525314597172192866,,,,0.011531899395586978,42,0,0,healthy,0,4.7463355,-3.0939534,-4.5063806,42
262a480f15db7e1104db,data/plantvillage/raw/color/Apple___healthy/1f2ffb52-a697-43fc-a0d0-609d30e33bfe___RS_HL 6010.JPG,healthy,0,g1132,s_reliability,reliability_train,original,,,,,,42,0,0,healthy,0,3.5116947,-1.3866805,-5.2081685,42
6163db33d456afc8af27,data/plantvillage/raw/color/Apple___healthy/1f2ffb52-a697-43fc-a0d0-609d30e33bfe___RS_HL 6010.JPG,healthy,0,g1132,s_reliability,reliability_train,brightness,528428871723047619,1.225542496448155,,,,42,0,0,healthy,0,3.7056675,-1.3642313,-5.3776217,42
61396eca6f01848eb400,data/plantvillage/raw/color/Apple___healthy/1f2ffb52-a697-43fc-a0d0-609d30e33bfe___RS_HL 6010.JPG,healthy,0,g1132,s_reliability,reliability_train,contrast,5980064327281058260,,1.1003722090953836,,,42,0,0,healthy,0,3.6496658,-1.4128256,-5.2589016,42
60ac7c1f200fda8a9171,data/plantvillage/raw/color/Apple___healthy/1f2ffb52-a697-43fc-a0d0-609d30e33bfe___RS_HL 6010.JPG,healthy,0,g1132,s_reliability,reliability_train,gaussian_blur,3315468645818729605,,,0.8602826100629007,,42,0,0,healthy,0,1.8218867,-0.72176003,-3.6020582,42
4181487cf36e36f5415f,data/plantvillage/raw/color/Apple___healthy/1f2ffb52-a697-43fc-a0d0-609d30e33bfe___RS_HL 6010.JPG,healthy,0,g1132,s_reliability,reliability_train,gaussian_noise,5841862549901847164,,,,0.027932268041791795,42,0,0,healthy,0,3.8303483,-1.4529287,-5.3449016,42
9a597881514d51e50c38,data/plantvillage/raw/color/Apple___healthy/1fd5cde9-dc78-4b8d-a82c-ab9a29880894___RS_HL 7918.JPG,healthy,0,g1134,s_reliability,reliability_train,original,,,,,,42,0,0,healthy,0,4.6571097,-3.1866755,-5.1091733,42
c9a968feb44d1b95a180,data/plantvillage/raw/color/Apple___healthy/1fd5cde9-dc78-4b8d-a82c-ab9a29880894___RS_HL 7918.JPG,healthy,0,g1134,s_reliability,reliability_train,brightness,8703251662309893388,0.7647895147899797,,,,42,0,0,healthy,0,4.6358747,-3.306366,-4.9183307,42
44d86347c49ec18dd90c,data/plantvillage/raw/color/Apple___healthy/1fd5cde9-dc78-4b8d-a82c-ab9a29880894___RS_HL 7918.JPG,healthy,0,g1134,s_reliability,reliability_train,contrast,6365845276400517002,,0.953828999154807,,,42,0,0,healthy,0,4.63607,-3.2203653,-5.049236,42
0a60de7bc7da97c8e57e,data/plantvillage/raw/color/Apple___healthy/1fd5cde9-dc78-4b8d-a82c-ab9a29880894___RS_HL 7918.JPG,healthy,0,g1134,s_reliability,reliability_train,gaussian_blur,776014238362833983,,,0.8834484448318197,,42,0,0,healthy,0,3.4228468,-3.17969,-3.5724442,42
7e86a4c68e993e4a5d75,data/plantvillage/raw/color/Apple___healthy/1fd5cde9-dc78-4b8d-a82c-ab9a29880894___RS_HL 7918.JPG,healthy,0,g1134,s_reliability,reliability_train,gaussian_noise,3687871056954501735,,,,0.017561833466362524,42,0,0,healthy,0,4.626726,-3.1485627,-5.123201,42
d0a79f5eb03a7364dac2,data/plantvillage/raw/color/Apple___healthy/1ff38f29-401d-4ec7-a99a-c4d3ccf42efc___RS_HL 7498.JPG,healthy,0,g1136,s_reliability,reliability_train,original,,,,,,42,0,0,healthy,0,2.9965703,-2.9710946,-3.2705214,42
f2686078d12e0219b7fa,data/plantvillage/raw/color/Apple___healthy/1ff38f29-401d-4ec7-a99a-c4d3ccf42efc___RS_HL 7498.JPG,healthy,0,g1136,s_reliability,reliability_train,brightness,8826274851838208204,0.7891357516670366,,,,42,0,0,healthy,0,2.707982,-2.9016945,-2.9877348,42
11df79d1b579aabb57ac,data/plantvillage/raw/color/Apple___healthy/1ff38f29-401d-4ec7-a99a-c4d3ccf42efc___RS_HL 7498.JPG,healthy,0,g1136,s_reliability,reliability_train,contrast,943603156798058787,,0.8450123345624065,,,42,0,0,healthy,0,2.815538,-2.9435077,-3.122048,42
9e67ab909ca57118d931,data/plantvillage/raw/color/Apple___healthy/1ff38f29-401d-4ec7-a99a-c4d3ccf42efc___RS_HL 7498.JPG,healthy,0,g1136,s_reliability,reliability_train,gaussian_blur,1784384384435148292,,,0.709692155333637,,42,0,0,healthy,0,2.0915985,-3.37786,-1.6609797,42
dbe9a3959377a4cde5c5,data/plantvillage/raw/color/Apple___healthy/1ff38f29-401d-4ec7-a99a-c4d3ccf42efc___RS_HL 7498.JPG,healthy,0,g1136,s_reliability,reliability_train,gaussian_noise,5460010999050138840,,,,0.04025867831854805,42,0,0,healthy,0,2.894946,-2.8531735,-3.2606785,42
7c3d10cf7f4bcc98361a,data/plantvillage/raw/color/Apple___healthy/203d4b1b-d358-43d5-bd7f-273e68993961___RS_HL 7590.JPG,healthy,0,g1139,s_reliability,reliability_train,original,,,,,,42,0,0,healthy,0,5.328436,-3.2397325,-5.8639474,42
5acc74d82210ac220f75,data/plantvillage/raw/color/Apple___healthy/203d4b1b-d358-43d5-bd7f-273e68993961___RS_HL 7590.JPG,healthy,0,g1139,s_reliability,reliability_train,brightness,959095761037775261,0.9428906274967438,,,,42,0,0,healthy,0,5.449208,-3.2975926,-5.896315,42
0bff02e69c7384c93e3a,data/plantvillage/raw/color/Apple___healthy/203d4b1b-d358-43d5-bd7f-273e68993961___RS_HL 7590.JPG,healthy,0,g1139,s_reliability,reliability_train,contrast,1166794372659869891,,1.284551354859481,,,42,0,0,healthy,0,5.7627864,-3.407993,-5.967525,42
02ba35f16b35583494de,data/plantvillage/raw/color/Apple___healthy/203d4b1b-d358-43d5-bd7f-273e68993961___RS_HL 7590.JPG,healthy,0,g1139,s_reliability,reliability_train,gaussian_blur,6697348260861316416,,,0.601277343172196,,42,0,0,healthy,0,4.0456414,-2.6175275,-4.589513,42
766c49112ee480bde7e4,data/plantvillage/raw/color/Apple___healthy/203d4b1b-d358-43d5-bd7f-273e68993961___RS_HL 7590.JPG,healthy,0,g1139,s_reliability,reliability_train,gaussian_noise,8206994065168040366,,,,0.03181039799238533,42,0,0,healthy,0,5.371426,-3.2460356,-5.991367,42
89f2498d3252a187b3dd,data/plantvillage/raw/color/Apple___healthy/211f5e77-fdc9-4d96-9395-bb3647678c43___RS_HL 7364.JPG,healthy,0,g1148,s_reliability,reliability_val,original,,,,,,42,0,0,healthy,0,4.9224424,-1.8645995,-6.9341693,42
47623a4661ccdc596e86,data/plantvillage/raw/color/Apple___healthy/211f5e77-fdc9-4d96-9395-bb3647678c43___RS_HL 7364.JPG,healthy,0,g1148,s_reliability,reliability_val,brightness,2782639239993187153,1.018039739360362,,,,42,0,0,healthy,0,4.8565006,-1.7826025,-6.943332,42
e573d7991d45cd885229,data/plantvillage/raw/color/Apple___healthy/211f5e77-fdc9-4d96-9395-bb3647678c43___RS_HL 7364.JPG,healthy,0,g1148,s_reliability,reliability_val,contrast,2166957090546328049,,0.7756020586569952,,,42,0,0,healthy,0,4.216796,-1.3890214,-6.7838526,42
d071f0987ba96fb48aba,data/plantvillage/raw/color/Apple___healthy/211f5e77-fdc9-4d96-9395-bb3647678c43___RS_HL 7364.JPG,healthy,0,g1148,s_reliability,reliability_val,gaussian_blur,2929304390770881429,,,1.1845999031286776,,42,0,0,healthy,0,1.832464,-0.58193034,-4.5678635,42
1bcb49f929b7573d7303,data/plantvillage/raw/color/Apple___healthy/211f5e77-fdc9-4d96-9395-bb3647678c43___RS_HL 7364.JPG,healthy,0,g1148,s_reliability,reliability_val,gaussian_noise,633127215477805685,,,,0.0386612680557092,42,0,0,healthy,0,5.1379457,-2.088694,-6.924855,42
a8ad9b367c2093c3b120,data/plantvillage/raw/color/Apple___healthy/21c10a73-ebeb-4a16-898b-8b39d9d6eca2___RS_HL 6315.JPG,healthy,0,g1151,s_reliability,reliability_train,original,,,,,,42,0,0,healthy,0,4.0935864,-4.8592906,-2.7526026,42
7a09a5e128eb9f6dc9b3,data/plantvillage/raw/color/Apple___healthy/21c10a73-ebeb-4a16-898b-8b39d9d6eca2___RS_HL 6315.JPG,healthy,0,g1151,s_reliability,reliability_train,brightness,3993087102242033058,0.9752695640278488,,,,42,0,0,healthy,0,4.1221843,-4.867955,-2.772643,42
3ff643f80e9ffa035e5f,data/plantvillage/raw/color/Apple___healthy/21c10a73-ebeb-4a16-898b-8b39d9d6eca2___RS_HL 6315.JPG,healthy,0,g1151,s_reliability,reliability_train,contrast,4535592247346526373,,1.1928980530710795,,,42,0,0,healthy,0,4.2963367,-5.000854,-2.8361814,42
b1c8db1ec86e8e263c69,data/plantvillage/raw/color/Apple___healthy/21c10a73-ebeb-4a16-898b-8b39d9d6eca2___RS_HL 6315.JPG,healthy,0,g1151,s_reliability,reliability_train,gaussian_blur,5490556698797330675,,,1.388390087229791,,42,0,0,healthy,0,1.2552356,-3.9377809,-0.5694769,42
c82f36610403a85c4c29,data/plantvillage/raw/color/Apple___healthy/21c10a73-ebeb-4a16-898b-8b39d9d6eca2___RS_HL 6315.JPG,healthy,0,g1151,s_reliability,reliability_train,gaussian_noise,2453488615168786282,,,,0.011632409911192099,42,0,0,healthy,0,4.1105876,-4.9125166,-2.7334454,42
81aac50fa9ace5ff5a14,data/plantvillage/raw/color/Apple___healthy/228c3cfc-c511-4f1d-80ef-eb6a9e89cc0b___RS_HL 7383.JPG,healthy,0,g1159,s_reliability,reliability_train,original,,,,,,42,0,0,healthy,0,3.283604,-1.9903377,-5.4756603,42
717a9dd06c32da98b226,data/plantvillage/raw/color/Apple___healthy/228c3cfc-c511-4f1d-80ef-eb6a9e89cc0b___RS_HL 7383.JPG,healthy,0,g1159,s_reliability,reliability_train,brightness,9137980323340339630,0.8536663730106395,,,,42,0,0,healthy,0,2.5126143,-1.3116325,-5.3616257,42
536d8c2dc93a57e91de1,data/plantvillage/raw/color/Apple___healthy/228c3cfc-c511-4f1d-80ef-eb6a9e89cc0b___RS_HL 7383.JPG,healthy,0,g1159,s_reliability,reliability_train,contrast,8007016313987593434,,0.7622884469240911,,,42,0,0,healthy,0,2.239165,-1.2327954,-5.1345577,42
9e86875f87ffdc97b621,data/plantvillage/raw/color/Apple___healthy/228c3cfc-c511-4f1d-80ef-eb6a9e89cc0b___RS_HL 7383.JPG,healthy,0,g1159,s_reliability,reliability_train,gaussian_blur,5609601696647475444,,,1.1790396030526444,,42,0,0,healthy,0,0.09386862,-1.2722573,-2.0218554,42
a1b836ee0279a0435a19,data/plantvillage/raw/color/Apple___healthy/228c3cfc-c511-4f1d-80ef-eb6a9e89cc0b___RS_HL 7383.JPG,healthy,0,g1159,s_reliability,reliability_train,gaussian_noise,8487728801327329727,,,,0.012758610075484081,42,0,0,healthy,0,3.3125327,-1.9757668,-5.516567,42
16a01480827311ffb709,data/plantvillage/raw/color/Apple___healthy/2301f2bb-7972-4fb8-8be6-246ce55ca3b6___RS_HL 6100.JPG,healthy,0,g1163,s_reliability,reliability_train,original,,,,,,42,0,0,healthy,0,3.7102063,-3.6222703,-3.423401,42
311de7a6ee03155b2c4d,data/plantvillage/raw/color/Apple___healthy/2301f2bb-7972-4fb8-8be6-246ce55ca3b6___RS_HL 6100.JPG,healthy,0,g1163,s_reliability,reliability_train,brightness,76027223445369394,1.0771799237009827,,,,42,0,0,healthy,0,3.736997,-3.5760815,-3.5535808,42
97cb839221c1e0eabb05,data/plantvillage/raw/color/Apple___healthy/2301f2bb-7972-4fb8-8be6-246ce55ca3b6___RS_HL 6100.JPG,healthy,0,g1163,s_reliability,reliability_train,contrast,6548141675550409790,,0.9285307233389793,,,42,0,0,healthy,0,3.4514582,-3.4877362,-3.2682464,42
a369237943adc001d602,data/plantvillage/raw/color/Apple___healthy/2301f2bb-7972-4fb8-8be6-246ce55ca3b6___RS_HL 6100.JPG,healthy,0,g1163,s_reliability,reliability_train,gaussian_blur,7907017279750617537,,,1.2508880845356893,,42,0,0,healthy,0,2.3494997,-3.359501,-1.3954899,42
68fe31fccdd964d6dd1d,data/plantvillage/raw/color/Apple___healthy/2301f2bb-7972-4fb8-8be6-246ce55ca3b6___RS_HL 6100.JPG,healthy,0,g1163,s_reliability,reliability_train,gaussian_noise,7456730383265734579,,,,0.02803734263823042,42,0,0,healthy,0,3.8245277,-3.526937,-3.7029192,42
fa8ea0f79fe84a81d28f,data/plantvillage/raw/color/Apple___healthy/2796f6e4-6b9f-4b3b-9f96-a6788b2e0f02___RS_HL 5712.JPG,healthy,0,g1201,s_reliability,reliability_val,original,,,,,,42,0,0,healthy,0,3.6955216,-1.2303967,-5.068092,42
f83c848dd03fd5f8f3a2,data/plantvillage/raw/color/Apple___healthy/2796f6e4-6b9f-4b3b-9f96-a6788b2e0f02___RS_HL 5712.JPG,healthy,0,g1201,s_reliability,reliability_val,brightness,2703450303364386543,0.8448855246310926,,,,42,0,0,healthy,0,3.4689684,-1.0012661,-4.955918,42
505af74ae473dd6ed5d7,data/plantvillage/raw/color/Apple___healthy/2796f6e4-6b9f-4b3b-9f96-a6788b2e0f02___RS_HL 5712.JPG,healthy,0,g1201,s_reliability,reliability_val,contrast,5293813540211085888,,1.2445486248283602,,,42,0,0,healthy,0,3.5109072,-0.94419664,-5.026202,42
d6188183a0c18ff8f2d6,data/plantvillage/raw/color/Apple___healthy/2796f6e4-6b9f-4b3b-9f96-a6788b2e0f02___RS_HL 5712.JPG,healthy,0,g1201,s_reliability,reliability_val,gaussian_blur,6590916720935184446,,,0.8858399823825662,,42,0,0,healthy,0,1.1601105,-0.45501775,-2.7738802,42
bd730580cff6b64c4304,data/plantvillage/raw/color/Apple___healthy/2796f6e4-6b9f-4b3b-9f96-a6788b2e0f02___RS_HL 5712.JPG,healthy,0,g1201,s_reliability,reliability_val,gaussian_noise,3493732540545642347,,,,0.030721999110033177,42,0,0,healthy,0,3.5106835,-1.0264925,-5.0976105,42
d7a2518b46844b14ed20,data/plantvillage/raw/color/Apple___healthy/27d5e1e8-d30f-4514-bafe-f600ad03a871___RS_HL 7648.JPG,healthy,0,g1204,s_reliability,reliability_train,original,,,,,,42,0,0,healthy,0,2.4621594,-0.0593709,-6.35071,42
e564ec8fe69ff50c589e,data/plantvillage/raw/color/Apple___healthy/27d5e1e8-d30f-4514-bafe-f600ad03a871___RS_HL 7648.JPG,healthy,0,g1204,s_reliability,reliability_train,brightness,7102113803878605584,1.1397125907601304,,,,42,0,0,healthy,0,2.399268,0.25396258,-6.4426513,42
5182a3a34c05fab0b321,data/plantvillage/raw/color/Apple___healthy/27d5e1e8-d30f-4514-bafe-f600ad03a871___RS_HL 7648.JPG,healthy,0,g1204,s_reliability,reliability_train,contrast,7943949962473329255,,0.9836740623519302,,,42,0,0,healthy,0,2.5066872,-0.10709745,-6.3611436,42
059fefe54ead6688754c,data/plantvillage/raw/color/Apple___healthy/27d5e1e8-d30f-4514-bafe-f600ad03a871___RS_HL 7648.JPG,healthy,0,g1204,s_reliability,reliability_train,gaussian_blur,680007006083722432,,,0.6440171068447839,,42,0,0,healthy,0,1.9876302,-0.057991233,-5.3663774,42
b4e4486718875d87366f,data/plantvillage/raw/color/Apple___healthy/27d5e1e8-d30f-4514-bafe-f600ad03a871___RS_HL 7648.JPG,healthy,0,g1204,s_reliability,reliability_train,gaussian_noise,2066858010042444566,,,,0.047861557320770055,42,0,0,healthy,0,2.2361848,0.4323457,-6.8123116,42
d444757ef21ce1e7f2d5,data/plantvillage/raw/color/Apple___healthy/28c298e3-0846-4372-a9ab-562f2ce7cf9d___RS_HL 5846.JPG,healthy,0,g1210,s_reliability,reliability_train,original,,,,,,42,0,0,healthy,0,4.5205755,-3.1720936,-4.701802,42
70faeea38cabad4e31c4,data/plantvillage/raw/color/Apple___healthy/28c298e3-0846-4372-a9ab-562f2ce7cf9d___RS_HL 5846.JPG,healthy,0,g1210,s_reliability,reliability_train,brightness,1223279542847626272,0.878939258915332,,,,42,0,0,healthy,0,4.4870625,-3.1181498,-4.6904874,42
47651c5719b82700a5e7,data/plantvillage/raw/color/Apple___healthy/28c298e3-0846-4372-a9ab-562f2ce7cf9d___RS_HL 5846.JPG,healthy,0,g1210,s_reliability,reliability_train,contrast,4235668580041845940,,1.0322994674885648,,,42,0,0,healthy,0,4.541696,-3.192554,-4.6903114,42
ea37ffd8259d17d78444,data/plantvillage/raw/color/Apple___healthy/28c298e3-0846-4372-a9ab-562f2ce7cf9d___RS_HL 5846.JPG,healthy,0,g1210,s_reliability,reliability_train,gaussian_blur,5545591305046163391,,,1.196413273273337,,42,0,0,healthy,0,1.3118865,-2.0517776,-1.6277692,42
6d0c52c47146bbeea1c4,data/plantvillage/raw/color/Apple___healthy/28c298e3-0846-4372-a9ab-562f2ce7cf9d___RS_HL 5846.JPG,healthy,0,g1210,s_reliability,reliability_train,gaussian_noise,6050820436884934051,,,,0.01843872761517385,42,0,0,healthy,0,4.6472597,-3.2705953,-4.7640586,42
bef06bdb5d7027819189,data/plantvillage/raw/color/Apple___healthy/2a53473e-0c50-43d5-933c-a62576fb5f52___RS_HL 7664.JPG,healthy,0,g1216,s_reliability,reliability_train,original,,,,,,42,0,0,healthy,0,-0.3451683,-0.38528454,-3.2787662,42
8578ce117d050afe23bd,data/plantvillage/raw/color/Apple___healthy/2a53473e-0c50-43d5-933c-a62576fb5f52___RS_HL 7664.JPG,healthy,0,g1216,s_reliability,reliability_train,brightness,5668057314473260917,1.2980462932839956,,,,42,0,0,healthy,0,-0.022384323,-0.55859506,-3.3678524,42
7d4c7d06111e0dd0a5f2,data/plantvillage/raw/color/Apple___healthy/2a53473e-0c50-43d5-933c-a62576fb5f52___RS_HL 7664.JPG,healthy,0,g1216,s_reliability,reliability_train,contrast,2405074277635272609,,0.8578963291079704,,,42,0,0,healthy,0,-0.23300217,-0.37110144,-3.4199235,42
e0e0276eb48a4e50d3cf,data/plantvillage/raw/color/Apple___healthy/2a53473e-0c50-43d5-933c-a62576fb5f52___RS_HL 7664.JPG,healthy,0,g1216,s_reliability,reliability_train,gaussian_blur,6062485407802971273,,,0.7087041649565587,,42,0,0,healthy,0,-0.916794,-1.0154258,-2.0678985,42
8ff84e2f02f118cbbdff,data/plantvillage/raw/color/Apple___healthy/2a53473e-0c50-43d5-933c-a62576fb5f52___RS_HL 7664.JPG,healthy,0,g1216,s_reliability,reliability_train,gaussian_noise,7770358262010007427,,,,0.02004401114473751,42,0,1,scab,1,-0.44913006,-0.21100527,-3.412608,42
152ffc339e0640233e9a,data/plantvillage/raw/color/Apple___healthy/2dc5f050-21dd-4b81-a1cb-ef2a9f72f134___RS_HL 5694.JPG,healthy,0,g1240,s_reliability,reliability_val,original,,,,,,42,0,0,healthy,0,5.326474,-4.765597,-4.3651953,42
0f6247ea108a14b51b80,data/plantvillage/raw/color/Apple___healthy/2dc5f050-21dd-4b81-a1cb-ef2a9f72f134___RS_HL 5694.JPG,healthy,0,g1240,s_reliability,reliability_val,brightness,694770860081988947,1.233261147462942,,,,42,0,0,healthy,0,5.7870893,-5.0063243,-4.5690007,42
42c32e885a9a1024a9f4,data/plantvillage/raw/color/Apple___healthy/2dc5f050-21dd-4b81-a1cb-ef2a9f72f134___RS_HL 5694.JPG,healthy,0,g1240,s_reliability,reliability_val,contrast,8626105305965798003,,0.7538463841078897,,,42,0,0,healthy,0,4.3190513,-4.1375065,-4.038641,42
2f6d52a072746f3e6595,data/plantvillage/raw/color/Apple___healthy/2dc5f050-21dd-4b81-a1cb-ef2a9f72f134___RS_HL 5694.JPG,healthy,0,g1240,s_reliability,reliability_val,gaussian_blur,5498471434286506849,,,0.8219007305820413,,42,0,0,healthy,0,3.6344855,-3.8969114,-2.9362638,42
5646528a5dace2522682,data/plantvillage/raw/color/Apple___healthy/2dc5f050-21dd-4b81-a1cb-ef2a9f72f134___RS_HL 5694.JPG,healthy,0,g1240,s_reliability,reliability_val,gaussian_noise,8847279957385132366,,,,0.027637180189510356,42,0,0,healthy,0,5.803772,-4.905664,-4.73955,42
3ff2ab78330179b0753c,data/plantvillage/raw/color/Apple___healthy/30fb7843-8e70-407e-b361-aa54a7473c32___RS_HL 6143.JPG,healthy,0,g1251,s_reliability,reliability_train,original,,,,,,42,0,0,healthy,0,2.852381,-1.9407943,-4.1558094,42
d2f80edf9f7f843cf707,data/plantvillage/raw/color/Apple___healthy/30fb7843-8e70-407e-b361-aa54a7473c32___RS_HL 6143.JPG,healthy,0,g1251,s_reliability,reliability_train,brightness,6507908731194418276,0.9098364377586844,,,,42,0,0,healthy,0,2.9241507,-1.9022725,-4.1681685,42
149e50b88fd0f5c9d22c,data/plantvillage/raw/color/Apple___healthy/30fb7843-8e70-407e-b361-aa54a7473c32___RS_HL 6143.JPG,healthy,0,g1251,s_reliability,reliability_train,contrast,991042964031982809,,1.032751462844221,,,42,0,0,healthy,0,2.817005,-1.949088,-4.1285467,42
d884b7f904ad4f00076e,data/plantvillage/raw/color/Apple___healthy/30fb7843-8e70-407e-b361-aa54a7473c32___RS_HL 6143.JPG,healthy,0,g1251,s_reliability,reliability_train,gaussian_blur,1441693133027942644,,,0.5809966487254026,,42,0,0,healthy,0,2.2714617,-2.1575427,-3.298896,42
232144a2e397d0a0cb9d,data/plantvillage/raw/color/Apple___healthy/30fb7843-8e70-407e-b361-aa54a7473c32___RS_HL 6143.JPG,healthy,0,g1251,s_reliability,reliability_train,gaussian_noise,2873700154259373639,,,,0.026332181940528165,42,0,0,healthy,0,2.726829,-1.9020462,-4.2448773,42
ad42fb02b428a54cc4d6,data/plantvillage/raw/color/Apple___healthy/313b7055-4346-4b7c-99fb-ada974f60486___RS_HL 6275.JPG,healthy,0,g1254,s_reliability,reliability_train,original,,,,,,42,0,0,healthy,0,2.8336618,-2.8393357,-2.6327052,42
b1228c7915ecb0b79669,data/plantvillage/raw/color/Apple___healthy/313b7055-4346-4b7c-99fb-ada974f60486___RS_HL 6275.JPG,healthy,0,g1254,s_reliability,reliability_train,brightness,4031633071217821672,1.2087550102926083,,,,42,0,0,healthy,0,2.6350174,-2.6782722,-2.682126,42
de82771f7d14c4528138,data/plantvillage/raw/color/Apple___healthy/313b7055-4346-4b7c-99fb-ada974f60486___RS_HL 6275.JPG,healthy,0,g1254,s_reliability,reliability_train,contrast,4934718698620681324,,0.7533532153559923,,,42,0,0,healthy,0,3.0120032,-2.9457104,-2.719749,42
f4b314467f9d3ff81fbb,data/plantvillage/raw/color/Apple___healthy/313b7055-4346-4b7c-99fb-ada974f60486___RS_HL 6275.JPG,healthy,0,g1254,s_reliability,reliability_train,gaussian_blur,2456963900554160061,,,0.9100716448261054,,42,0,0,healthy,0,0.50683904,-2.6350813,-0.39320114,42
281d1e531455e38e9d41,data/plantvillage/raw/color/Apple___healthy/313b7055-4346-4b7c-99fb-ada974f60486___RS_HL 6275.JPG,healthy,0,g1254,s_reliability,reliability_train,gaussian_noise,8553030769888312299,,,,0.03271852517803604,42,0,0,healthy,0,2.7608058,-2.749895,-2.7721324,42
ee258a6e7d3790e15ecd,data/plantvillage/raw/color/Apple___healthy/3643fe1d-9523-47cf-9952-7e2ecb027338___RS_HL 5704.JPG,healthy,0,g1282,s_reliability,reliability_train,original,,,,,,42,0,0,healthy,0,5.2122645,-3.890098,-4.789625,42
58bbb7ffec5b9ca66023,data/plantvillage/raw/color/Apple___healthy/3643fe1d-9523-47cf-9952-7e2ecb027338___RS_HL 5704.JPG,healthy,0,g1282,s_reliability,reliability_train,brightness,1436337365820781634,0.8705415468968665,,,,42,0,0,healthy,0,4.938968,-3.7323847,-4.6179466,42
b8d42feab3667ff305dd,data/plantvillage/raw/color/Apple___healthy/3643fe1d-9523-47cf-9952-7e2ecb027338___RS_HL 5704.JPG,healthy,0,g1282,s_reliability,reliability_train,contrast,4773320806585448449,,0.7255484270766305,,,42,0,0,healthy,0,4.086532,-3.1082485,-4.433194,42
d44a3b04569f3627f90d,data/plantvillage/raw/color/Apple___healthy/3643fe1d-9523-47cf-9952-7e2ecb027338___RS_HL 5704.JPG,healthy,0,g1282,s_reliability,reliability_train,gaussian_blur,4287354328929027991,,,0.8281395841463869,,42,0,0,healthy,0,2.7369268,-2.8680587,-2.6279888,42
dc139087ac78a1de7414,data/plantvillage/raw/color/Apple___healthy/3643fe1d-9523-47cf-9952-7e2ecb027338___RS_HL 5704.JPG,healthy,0,g1282,s_reliability,reliability_train,gaussian_noise,7704275642160923243,,,,0.016056267644541024,42,0,0,healthy,0,5.2692056,-3.8510063,-4.8990965,42
7c921884d6e47fdf225d,data/plantvillage/raw/color/Apple___healthy/36ab2af7-aff6-4578-99ef-4cf5b6527a9c___RS_HL 7689.JPG,healthy,0,g1286,s_reliability,reliability_train,original,,,,,,42,0,0,healthy,0,3.4685009,-3.4509473,-2.7680042,42
c3e67c75aee434abb2be,data/plantvillage/raw/color/Apple___healthy/36ab2af7-aff6-4578-99ef-4cf5b6527a9c___RS_HL 7689.JPG,healthy,0,g1286,s_reliability,reliability_train,brightness,7186526567955080485,1.1970913008838115,,,,42,0,0,healthy,0,3.6189356,-3.4728343,-2.7215137,42
a8d83ca4584c19285f80,data/plantvillage/raw/color/Apple___healthy/36ab2af7-aff6-4578-99ef-4cf5b6527a9c___RS_HL 7689.JPG,healthy,0,g1286,s_reliability,reliability_train,contrast,6021678748950535272,,0.8432978163325778,,,42,0,0,healthy,0,3.2500231,-3.2579064,-2.7326498,42
c430d409bd62006fde1d,data/plantvillage/raw/color/Apple___healthy/36ab2af7-aff6-4578-99ef-4cf5b6527a9c___RS_HL 7689.JPG,healthy,0,g1286,s_reliability,reliability_train,gaussian_blur,689318212354321737,,,0.7998971471739549,,42,0,0,healthy,0,3.1111283,-3.4538732,-1.8945943,42
9c1cfff6b34b342b9eab,data/plantvillage/raw/color/Apple___healthy/36ab2af7-aff6-4578-99ef-4cf5b6527a9c___RS_HL 7689.JPG,healthy,0,g1286,s_reliability,reliability_train,gaussian_noise,7061587563433493357,,,,0.03455730713067512,42,0,0,healthy,0,3.120159,-3.243979,-2.9357405,42
900a9c4a974c532cff81,data/plantvillage/raw/color/Apple___healthy/37fcfaf7-88f4-4735-99a2-8df576e0f248___RS_HL 8108.JPG,healthy,0,g1297,s_reliability,reliability_train,original,,,,,,42,0,0,healthy,0,5.2258687,-3.5652232,-5.5040393,42
3fe55ba6993aa2607a6d,data/plantvillage/raw/color/Apple___healthy/37fcfaf7-88f4-4735-99a2-8df576e0f248___RS_HL 8108.JPG,healthy,0,g1297,s_reliability,reliability_train,brightness,3515002184077075230,0.8216530920192194,,,,42,0,0,healthy,0,5.248166,-3.6677427,-5.4015617,42
b22959965104423b19d7,data/plantvillage/raw/color/Apple___healthy/37fcfaf7-88f4-4735-99a2-8df576e0f248___RS_HL 8108.JPG,healthy,0,g1297,s_reliability,reliability_train,contrast,9175911473063027850,,1.0860498519177133,,,42,0,0,healthy,0,5.246441,-3.456247,-5.5689936,42
c002964e4d1c396c804d,data/plantvillage/raw/color/Apple___healthy/37fcfaf7-88f4-4735-99a2-8df576e0f248___RS_HL 8108.JPG,healthy,0,g1297,s_reliability,reliability_train,gaussian_blur,7679682485343962950,,,0.9295032693955191,,42,0,0,healthy,0,2.4603846,-3.1578295,-2.9720163,42
4403398904233c48e03a,data/plantvillage/raw/color/Apple___healthy/37fcfaf7-88f4-4735-99a2-8df576e0f248___RS_HL 8108.JPG,healthy,0,g1297,s_reliability,reliability_train,gaussian_noise,3629497641022287971,,,,0.04745415628632231,42,0,0,healthy,0,5.6348414,-3.7004695,-5.9484096,42
5fcc714c079aa0b23ecd,data/plantvillage/raw/color/Apple___healthy/39be15a0-4c7f-4a8e-9938-829bec85fd1c___RS_HL 6209.JPG,healthy,0,g1310,s_reliability,reliability_train,original,,,,,,42,0,0,healthy,0,2.8404005,-2.6612184,-3.380552,42
400ce4ba628014a99828,data/plantvillage/raw/color/Apple___healthy/39be15a0-4c7f-4a8e-9938-829bec85fd1c___RS_HL 6209.JPG,healthy,0,g1310,s_reliability,reliability_train,brightness,6523549953377806711,0.862138712670931,,,,42,0,0,healthy,0,2.8463056,-2.8019512,-3.3583765,42
b79a5739f102c6481510,data/plantvillage/raw/color/Apple___healthy/39be15a0-4c7f-4a8e-9938-829bec85fd1c___RS_HL 6209.JPG,healthy,0,g1310,s_reliability,reliability_train,contrast,2049057005806752270,,1.266953659292501,,,42,0,0,healthy,0,3.149243,-2.7749927,-3.5154781,42
d9b0af69c0e1868a9a5e,data/plantvillage/raw/color/Apple___healthy/39be15a0-4c7f-4a8e-9938-829bec85fd1c___RS_HL 6209.JPG,healthy,0,g1310,s_reliability,reliability_train,gaussian_blur,755465699465197521,,,1.162710359571595,,42,0,0,healthy,0,2.0646753,-2.195061,-2.2778378,42
0b35714bf14640267225,data/plantvillage/raw/color/Apple___healthy/39be15a0-4c7f-4a8e-9938-829bec85fd1c___RS_HL 6209.JPG,healthy,0,g1310,s_reliability,reliability_train,gaussian_noise,2966838873866014724,,,,0.014219410591589755,42,0,0,healthy,0,2.7040594,-2.5165076,-3.3943717,42
12745e29cc596a5219f1,data/plantvillage/raw/color/Apple___healthy/3a544ee5-490e-4a41-b03b-cf1700362448___RS_HL 6200.JPG,healthy,0,g1314,s_reliability,reliability_train,original,,,,,,42,0,0,healthy,0,2.5457447,-2.7161546,-2.2253623,42
47d997bd4001dad4bde9,data/plantvillage/raw/color/Apple___healthy/3a544ee5-490e-4a41-b03b-cf1700362448___RS_HL 6200.JPG,healthy,0,g1314,s_reliability,reliability_train,brightness,7656307530927493294,0.906342180305821,,,,42,0,0,healthy,0,2.637106,-2.5431316,-2.3246703,42
9a87f1374883734598b3,data/plantvillage/raw/color/Apple___healthy/3a544ee5-490e-4a41-b03b-cf1700362448___RS_HL 6200.JPG,healthy,0,g1314,s_reliability,reliability_train,contrast,3764337428900349033,,0.7287337957059071,,,42,0,0,healthy,0,2.6518953,-2.3719246,-2.4064314,42
d842f687911ae0ba2d15,data/plantvillage/raw/color/Apple___healthy/3a544ee5-490e-4a41-b03b-cf1700362448___RS_HL 6200.JPG,healthy,0,g1314,s_reliability,reliability_train,gaussian_blur,8471188090023890342,,,0.7423535465299786,,42,0,0,healthy,0,2.2184374,-2.1398873,-2.1180542,42
8ff3b889789ba79bc314,data/plantvillage/raw/color/Apple___healthy/3a544ee5-490e-4a41-b03b-cf1700362448___RS_HL 6200.JPG,healthy,0,g1314,s_reliability,reliability_train,gaussian_noise,6628089321901661762,,,,0.03676815654237636,42,0,0,healthy,0,3.248642,-2.8854022,-2.8541625,42
3a71d2770cd4bd7d2c5b,data/plantvillage/raw/color/Apple___healthy/3a5916ba-0db8-4aff-a282-26f33b056832___RS_HL 8125.JPG,healthy,0,g1315,s_reliability,reliability_train,original,,,,,,42,0,0,healthy,0,3.0059,-2.3110375,-4.1025176,42
13029cf02e0dba54bb4d,data/plantvillage/raw/color/Apple___healthy/3a5916ba-0db8-4aff-a282-26f33b056832___RS_HL 8125.JPG,healthy,0,g1315,s_reliability,reliability_train,brightness,205854520266735257,1.279090068208498,,,,42,0,0,healthy,0,2.8213103,-2.112625,-4.112669,42
65d8262102aaf0159db9,data/plantvillage/raw/color/Apple___healthy/3a5916ba-0db8-4aff-a282-26f33b056832___RS_HL 8125.JPG,healthy,0,g1315,s_reliability,reliability_train,contrast,7035875611162113097,,1.249376386288609,,,42,0,0,healthy,0,2.5803983,-1.909176,-4.015902,42
110c45cd586cb554f17d,data/plantvillage/raw/color/Apple___healthy/3a5916ba-0db8-4aff-a282-26f33b056832___RS_HL 8125.JPG,healthy,0,g1315,s_reliability,reliability_train,gaussian_blur,1637446910467651912,,,1.2894823943395255,,42,0,0,healthy,0,1.432403,-1.7670966,-1.994629,42
956776813a4099b08f40,data/plantvillage/raw/color/Apple___healthy/3a5916ba-0db8-4aff-a282-26f33b056832___RS_HL 8125.JPG,healthy,0,g1315,s_reliability,reliability_train,gaussian_noise,8025661049749262528,,,,0.038070744084805756,42,0,0,healthy,0,2.5707288,-1.667983,-4.331445,42
409fd3a82f1c67494fa5,data/plantvillage/raw/color/Apple___healthy/3a6789e3-2dd3-4513-b21d-be34f521c4a1___RS_HL 8031.JPG,healthy,0,g1316,s_reliability,reliability_train,original,,,,,,42,0,0,healthy,0,4.8523746,-3.0073824,-4.6878633,42
df57ac91be5ec1924065,data/plantvillage/raw/color/Apple___healthy/3a6789e3-2dd3-4513-b21d-be34f521c4a1___RS_HL 8031.JPG,healthy,0,g1316,s_reliability,reliability_train,brightness,1241995756142752907,0.9988561310253641,,,,42,0,0,healthy,0,4.842665,-2.9973674,-4.687699,42
139fcb1e47c8ab889cae,data/plantvillage/raw/color/Apple___healthy/3a6789e3-2dd3-4513-b21d-be34f521c4a1___RS_HL 8031.JPG,healthy,0,g1316,s_reliability,reliability_train,contrast,8681369329633621756,,1.113046524466427,,,42,0,0,healthy,0,4.859604,-2.9449887,-4.7440658,42
cc89c9609e38f34adcb9,data/plantvillage/raw/color/Apple___healthy/3a6789e3-2dd3-4513-b21d-be34f521c4a1___RS_HL 8031.JPG,healthy,0,g1316,s_reliability,reliability_train,gaussian_blur,8865796838953423729,,,0.5131841379519082,,42,0,0,healthy,0,4.531556,-3.1088333,-4.054109,42
bce6a67fe71b76737b14,data/plantvillage/raw/color/Apple___healthy/3a6789e3-2dd3-4513-b21d-be34f521c4a1___RS_HL 8031.JPG,healthy,0,g1316,s_reliability,reliability_train,gaussian_noise,5128861664652352332,,,,0.015792008214607904,42,0,0,healthy,0,4.9565916,-3.1161132,-4.690845,42
eceb237f3cdb70d04392,data/plantvillage/raw/color/Apple___healthy/3c3127c8-58c3-43ab-9b6f-75c641db96ce___RS_HL 7282.JPG,healthy,0,g1334,s_reliability,reliability_train,original,,,,,,42,0,0,healthy,0,1.9819876,1.175532,-5.1392756,42
ef0842702f85e3a047b6,data/plantvillage/raw/color/Apple___healthy/3c3127c8-58c3-43ab-9b6f-75c641db96ce___RS_HL 7282.JPG,healthy,0,g1334,s_reliability,reliability_train,brightness,6258809867054233409,0.8974405563435552,,,,42,0,0,healthy,0,1.921457,1.2431835,-5.1691713,42
b281c6d4e1ebeb9e63e7,data/plantvillage/raw/color/Apple___healthy/3c3127c8-58c3-43ab-9b6f-75c641db96ce___RS_HL 7282.JPG,healthy,0,g1334,s_reliability,reliability_train,contrast,5248597774520752667,,1.2275643350806273,,,42,0,0,healthy,0,1.9572769,1.257019,-5.2154646,42
5b2e8db1dbfefc66973e,data/plantvillage/raw/color/Apple___healthy/3c3127c8-58c3-43ab-9b6f-75c641db96ce___RS_HL 7282.JPG,healthy,0,g1334,s_reliability,reliability_train,gaussian_blur,7890006717637967904,,,1.292698201375426,,42,0,1,scab,1,-0.25751078,0.36074716,-1.7552565,42
da0ee4227545abce19b1,data/plantvillage/raw/color/Apple___healthy/3c3127c8-58c3-43ab-9b6f-75c641db96ce___RS_HL 7282.JPG,healthy,0,g1334,s_reliability,reliability_train,gaussian_noise,7349564608696765774,,,,0.018578379357722902,42,0,0,healthy,0,2.0134783,1.151872,-5.190649,42
4b959e144a03990f295a,data/plantvillage/raw/color/Apple___healthy/3e19a6c4-e5d8-4649-b403-7a8fd36b88e2___RS_HL 7533.JPG,healthy,0,g1344,s_reliability,reliability_train,original,,,,,,42,0,0,healthy,0,6.282601,-3.1070046,-5.7885556,42
3540c76da0b23dc47b51,data/plantvillage/raw/color/Apple___healthy/3e19a6c4-e5d8-4649-b403-7a8fd36b88e2___RS_HL 7533.JPG,healthy,0,g1344,s_reliability,reliability_train,brightness,8815151147530038372,1.224243250174725,,,,42,0,0,healthy,0,6.647841,-3.2740536,-6.0741777,42
90f9243419aca1f2640a,data/plantvillage/raw/color/Apple___healthy/3e19a6c4-e5d8-4649-b403-7a8fd36b88e2___RS_HL 7533.JPG,healthy,0,g1344,s_reliability,reliability_train,contrast,496357760210893130,,0.7997251049670722,,,42,0,0,healthy,0,6.172173,-3.224105,-5.5213637,42
0a5333e36e9c370bf53b,data/plantvillage/raw/color/Apple___healthy/3e19a6c4-e5d8-4649-b403-7a8fd36b88e2___RS_HL 7533.JPG,healthy,0,g1344,s_reliability,reliability_train,gaussian_blur,2533080944321075860,,,0.9570526412036207,,42,0,0,healthy,0,4.1107664,-2.6764336,-3.3809376,42
930b26e812d529332429,data/plantvillage/raw/color/Apple___healthy/3e19a6c4-e5d8-4649-b403-7a8fd36b88e2___RS_HL 7533.JPG,healthy,0,g1344,s_reliability,reliability_train,gaussian_noise,2032042606409621447,,,,0.03168695160351392,42,0,0,healthy,0,6.1875587,-3.1130126,-5.731599,42
c8967c910104ab7ae249,data/plantvillage/raw/color/Apple___healthy/3ecbb982-2844-4662-ad65-9a94fee38fa3___RS_HL 8060.JPG,healthy,0,g1348,s_reliability,reliability_train,original,,,,,,42,0,0,healthy,0,4.327966,-2.3562646,-5.4384785,42
2cae71e1311aba5b29da,data/plantvillage/raw/color/Apple___healthy/3ecbb982-2844-4662-ad65-9a94fee38fa3___RS_HL 8060.JPG,healthy,0,g1348,s_reliability,reliability_train,brightness,6261818532068539173,1.0546127199629467,,,,42,0,0,healthy,0,4.3790183,-2.4523046,-5.36459,42
b7bd44196d406749ebf8,data/plantvillage/raw/color/Apple___healthy/3ecbb982-2844-4662-ad65-9a94fee38fa3___RS_HL 8060.JPG,healthy,0,g1348,s_reliability,reliability_train,contrast,7344028221641242476,,0.8145703592746425,,,42,0,0,healthy,0,4.177529,-2.2269478,-5.3302183,42
62b59c921393b6b77278,data/plantvillage/raw/color/Apple___healthy/3ecbb982-2844-4662-ad65-9a94fee38fa3___RS_HL 8060.JPG,healthy,0,g1348,s_reliability,reliability_train,gaussian_blur,2468952683676613073,,,0.8033459185713173,,42,0,0,healthy,0,2.333853,-2.3693287,-3.1369765,42
e323e9fcc8512398561c,data/plantvillage/raw/color/Apple___healthy/3ecbb982-2844-4662-ad65-9a94fee38fa3___RS_HL 8060.JPG,healthy,0,g1348,s_reliability,reliability_train,gaussian_noise,912712397371915938,,,,0.0194837463655053,42,0,0,healthy,0,4.3419604,-2.38644,-5.4906754,42
75d69d1b8e44b73fdd6a,data/plantvillage/raw/color/Apple___healthy/3ee00792-0430-445e-8c25-970607d2759d___RS_HL 7810.JPG,healthy,0,g1350,s_reliability,reliability_train,original,,,,,,42,0,0,healthy,0,4.203388,-1.0630294,-6.5911756,42
b8e6505cf23ba298dcb7,data/plantvillage/raw/color/Apple___healthy/3ee00792-0430-445e-8c25-970607d2759d___RS_HL 7810.JPG,healthy,0,g1350,s_reliability,reliability_train,brightness,3978865019950285422,0.7205131658037681,,,,42,0,0,healthy,0,4.2225275,-0.97952217,-6.6672845,42
94f9ff49d9d6d0ad4655,data/plantvillage/raw/color/Apple___healthy/3ee00792-0430-445e-8c25-970607d2759d___RS_HL 7810.JPG,healthy,0,g1350,s_reliability,reliability_train,contrast,2697017036946214052,,0.7305777888574931,,,42,0,0,healthy,0,3.8042338,-0.87786925,-6.3316107,42
572b7d8684df43eb663c,data/plantvillage/raw/color/Apple___healthy/3ee00792-0430-445e-8c25-970607d2759d___RS_HL 7810.JPG,healthy,0,g1350,s_reliability,reliability_train,gaussian_blur,6088947642697741781,,,1.3645398607941799,,42,0,0,healthy,0,1.4169065,0.21312585,-4.265193,42
92dc9f70602b6f88e157,data/plantvillage/raw/color/Apple___healthy/3ee00792-0430-445e-8c25-970607d2759d___RS_HL 7810.JPG,healthy,0,g1350,s_reliability,reliability_train,gaussian_noise,4928243922050948077,,,,0.021994690401382806,42,0,0,healthy,0,4.245785,-1.1761135,-6.541648,42
07b1fccc206ce62410f2,data/plantvillage/raw/color/Apple___healthy/3fdbd8fe-f026-4fef-b02d-b451fb60cb86___RS_HL 7353.JPG,healthy,0,g1355,s_reliability,reliability_train,original,,,,,,42,0,0,healthy,0,2.4338605,-0.73011845,-5.74381,42
be5f73113069ead09d54,data/plantvillage/raw/color/Apple___healthy/3fdbd8fe-f026-4fef-b02d-b451fb60cb86___RS_HL 7353.JPG,healthy,0,g1355,s_reliability,reliability_train,brightness,6450791447265683093,1.2539589195692333,,,,42,0,0,healthy,0,3.003321,-1.2133604,-5.862058,42
75130cf9278e68fe47b7,data/plantvillage/raw/color/Apple___healthy/3fdbd8fe-f026-4fef-b02d-b451fb60cb86___RS_HL 7353.JPG,healthy,0,g1355,s_reliability,reliability_train,contrast,7553668962718951215,,1.0923227598578475,,,42,0,0,healthy,0,2.5958757,-0.77679574,-5.8631244,42
655f1683723a32f5b1b8,data/plantvillage/raw/color/Apple___healthy/3fdbd8fe-f026-4fef-b02d-b451fb60cb86___RS_HL 7353.JPG,healthy,0,g1355,s_reliability,reliability_train,gaussian_blur,2460142792813140522,,,0.6096785773741586,,42,0,0,healthy,0,1.8215667,-0.8993127,-4.33547,42
fbcca6ac72089fb1c1aa,data/plantvillage/raw/color/Apple___healthy/3fdbd8fe-f026-4fef-b02d-b451fb60cb86___RS_HL 7353.JPG,healthy,0,g1355,s_reliability,reliability_train,gaussian_noise,2191585714661714038,,,,0.042177608453317826,42,0,0,healthy,0,2.7203977,-1.060821,-5.6846647,42
53eaf42a1219d088b379,data/plantvillage/raw/color/Apple___healthy/405ca310-f708-4815-b121-5bb315d98f6f___RS_HL 6122.JPG,healthy,0,g1360,s_reliability,reliability_train,original,,,,,,42,0,0,healthy,0,4.002708,-3.7964783,-4.578075,42
afe5304d6acc9ff6b308,data/plantvillage/raw/color/Apple___healthy/405ca310-f708-4815-b121-5bb315d98f6f___RS_HL 6122.JPG,healthy,0,g1360,s_reliability,reliability_train,brightness,1039800509337618418,1.0648198303083638,,,,42,0,0,healthy,0,4.019222,-3.75447,-4.636846,42
107f16fd0a8acab821c6,data/plantvillage/raw/color/Apple___healthy/405ca310-f708-4815-b121-5bb315d98f6f___RS_HL 6122.JPG,healthy,0,g1360,s_reliability,reliability_train,contrast,1459617272680474982,,0.9035059486996793,,,42,0,0,healthy,0,3.7093356,-3.7409728,-4.3964562,42
a87ead22d5c58d3a29d2,data/plantvillage/raw/color/Apple___healthy/405ca310-f708-4815-b121-5bb315d98f6f___RS_HL 6122.JPG,healthy,0,g1360,s_reliability,reliability_train,gaussian_blur,3519049683091209609,,,0.7196036779490695,,42,0,0,healthy,0,2.3073828,-3.2580564,-3.30449,42
9f4adfb8cef68b1b4e36,data/plantvillage/raw/color/Apple___healthy/405ca310-f708-4815-b121-5bb315d98f6f___RS_HL 6122.JPG,healthy,0,g1360,s_reliability,reliability_train,gaussian_noise,1475290202179802283,,,,0.012314371975360738,42,0,0,healthy,0,4.033178,-3.7606719,-4.6315284,42
badd7e6a89a9fb00a7af,data/plantvillage/raw/color/Apple___healthy/42fdd9ce-6860-4862-8717-4f147884c7d6___RS_HL 5739.JPG,healthy,0,g1371,s_reliability,reliability_val,original,,,,,,42,0,0,healthy,0,3.0522811,-1.379999,-5.232159,42
58360bf71ca9c7a35c14,data/plantvillage/raw/color/Apple___healthy/42fdd9ce-6860-4862-8717-4f147884c7d6___RS_HL 5739.JPG,healthy,0,g1371,s_reliability,reliability_val,brightness,6236508226364944581,1.0008078788225458,,,,42,0,0,healthy,0,3.0522811,-1.379999,-5.232159,42
ce67132b1071c9c747b5,data/plantvillage/raw/color/Apple___healthy/42fdd9ce-6860-4862-8717-4f147884c7d6___RS_HL 5739.JPG,healthy,0,g1371,s_reliability,reliability_val,contrast,5929414054936513595,,1.0589715909137976,,,42,0,0,healthy,0,3.353057,-1.6847888,-5.286057,42
b9fcfaa7401d7d6339b0,data/plantvillage/raw/color/Apple___healthy/42fdd9ce-6860-4862-8717-4f147884c7d6___RS_HL 5739.JPG,healthy,0,g1371,s_reliability,reliability_val,gaussian_blur,8167123783358559771,,,1.3567383638777089,,42,0,0,healthy,0,1.1115109,-1.0798476,-1.8834146,42
6d440ee96d87b310cc1e,data/plantvillage/raw/color/Apple___healthy/42fdd9ce-6860-4862-8717-4f147884c7d6___RS_HL 5739.JPG,healthy,0,g1371,s_reliability,reliability_val,gaussian_noise,3790065866006675726,,,,0.013532369936064633,42,0,0,healthy,0,3.1624346,-1.3924088,-5.3051147,42
383b557624f40bf3b168,data/plantvillage/raw/color/Apple___healthy/47c9915d-7fb5-4426-a1b8-5928c3b20666___RS_HL 7565.JPG,healthy,0,g1399,s_reliability,reliability_train,original,,,,,,42,0,0,healthy,0,4.4745994,-3.9799643,-3.7519395,42
900c46302ee197dedd5f,data/plantvillage/raw/color/Apple___healthy/47c9915d-7fb5-4426-a1b8-5928c3b20666___RS_HL 7565.JPG,healthy,0,g1399,s_reliability,reliability_train,brightness,3458179382525340230,0.8768280760596563,,,,42,0,0,healthy,0,4.446174,-4.0387344,-3.6757622,42
e42208311ce93a1ab5b0,data/plantvillage/raw/color/Apple___healthy/47c9915d-7fb5-4426-a1b8-5928c3b20666___RS_HL 7565.JPG,healthy,0,g1399,s_reliability,reliability_train,contrast,4792116895924824997,,1.2968273833813166,,,42,0,0,healthy,0,4.586202,-3.5883954,-4.0434923,42
8a2d27cfc8eefb680ae0,data/plantvillage/raw/color/Apple___healthy/47c9915d-7fb5-4426-a1b8-5928c3b20666___RS_HL 7565.JPG,healthy,0,g1399,s_reliability,reliability_train,gaussian_blur,2398796723348435533,,,0.7610477701779235,,42,0,0,healthy,0,3.4649785,-3.49914,-2.673914,42
4118685767a39f4308c8,data/plantvillage/raw/color/Apple___healthy/47c9915d-7fb5-4426-a1b8-5928c3b20666___RS_HL 7565.JPG,healthy,0,g1399,s_reliability,reliability_train,gaussian_noise,6826190666832784370,,,,0.018806707301706235,42,0,0,healthy,0,4.5293765,-4.000331,-3.8099465,42
6f4ea95168506bb53b15,data/plantvillage/raw/color/Apple___healthy/48ff38b5-5af1-44e5-9d94-ee9a32715aba___RS_HL 6109.JPG,healthy,0,g1405,s_reliability,reliability_train,original,,,,,,42,0,0,healthy,0,6.123948,-3.7893329,-5.9543686,42
ef0b081f8f0dc27bdead,data/plantvillage/raw/color/Apple___healthy/48ff38b5-5af1-44e5-9d94-ee9a32715aba___RS_HL 6109.JPG,healthy,0,g1405,s_reliability,reliability_train,brightness,8265568081454588576,0.8748784983346176,,,,42,0,0,healthy,0,6.1283298,-3.7409394,-5.9647727,42
cef6b0f522e99ab6937e,data/plantvillage/raw/color/Apple___healthy/48ff38b5-5af1-44e5-9d94-ee9a32715aba___RS_HL 6109.JPG,healthy,0,g1405,s_reliability,reliability_train,contrast,7639465631479528904,,1.1937847371430166,,,42,0,0,healthy,0,6.264691,-3.8723516,-6.0502524,42
6be7d1e001d066dc8d97,data/plantvillage/raw/color/Apple___healthy/48ff38b5-5af1-44e5-9d94-ee9a32715aba___RS_HL 6109.JPG,healthy,0,g1405,s_reliability,reliability_train,gaussian_blur,8245089935101121542,,,1.0490862675960422,,42,0,0,healthy,0,3.5358574,-3.4523504,-3.3830938,42
8a90030e94288d41b9aa,data/plantvillage/raw/color/Apple___healthy/48ff38b5-5af1-44e5-9d94-ee9a32715aba___RS_HL 6109.JPG,healthy,0,g1405,s_reliability,reliability_train,gaussian_noise,7754948854122344681,,,,0.040074627492996145,42,0,0,healthy,0,6.158503,-3.6085281,-6.255603,42
abdae9e442a7760befcd,data/plantvillage/raw/color/Apple___healthy/491f5957-ed75-4198-b988-4f0c834cd4ec___RS_HL 6043.JPG,healthy,0,g1406,s_reliability,reliability_train,original,,,,,,42,0,0,healthy,0,5.426995,-5.807817,-3.9937348,42
14873ea6bddf0c017790,data/plantvillage/raw/color/Apple___healthy/491f5957-ed75-4198-b988-4f0c834cd4ec___RS_HL 6043.JPG,healthy,0,g1406,s_reliability,reliability_train,brightness,8712182422052623379,0.749331904213608,,,,42,0,0,healthy,0,5.4569707,-5.656265,-3.9560003,42
b10351bd64183aac6028,data/plantvillage/raw/color/Apple___healthy/491f5957-ed75-4198-b988-4f0c834cd4ec___RS_HL 6043.JPG,healthy,0,g1406,s_reliability,reliability_train,contrast,973035005138600045,,1.016263078111101,,,42,0,0,healthy,0,5.426189,-5.8199477,-3.9777305,42
c1880091262475cbdc95,data/plantvillage/raw/color/Apple___healthy/491f5957-ed75-4198-b988-4f0c834cd4ec___RS_HL 6043.JPG,healthy,0,g1406,s_reliability,reliability_train,gaussian_blur,786433876287483055,,,0.5755903064464003,,42,0,0,healthy,0,4.4744215,-5.5832205,-2.932229,42
2c5207664a6b77c9e869,data/plantvillage/raw/color/Apple___healthy/491f5957-ed75-4198-b988-4f0c834cd4ec___RS_HL 6043.JPG,healthy,0,g1406,s_reliability,reliability_train,gaussian_noise,1838935000179726131,,,,0.03435577916383729,42,0,0,healthy,0,5.2827363,-5.641618,-4.205017,42
b654ff402e57aefa750b,data/plantvillage/raw/color/Apple___healthy/49cc68a3-a1df-47c2-99d5-c2cb3a4c0227___RS_HL 7854.JPG,healthy,0,g1410,s_reliability,reliability_train,original,,,,,,42,0,0,healthy,0,3.1366525,-1.6342543,-5.4391885,42
347884eb867a831784fe,data/plantvillage/raw/color/Apple___healthy/49cc68a3-a1df-47c2-99d5-c2cb3a4c0227___RS_HL 7854.JPG,healthy,0,g1410,s_reliability,reliability_train,brightness,6551864916529704329,1.1746838285936612,,,,42,0,0,healthy,0,3.3374066,-1.7816484,-5.4091187,42
bf3c6bed49b3e5fb6453,data/plantvillage/raw/color/Apple___healthy/49cc68a3-a1df-47c2-99d5-c2cb3a4c0227___RS_HL 7854.JPG,healthy,0,g1410,s_reliability,reliability_train,contrast,826129369475956326,,0.8772023655068188,,,42,0,0,healthy,0,2.9844275,-1.5521023,-5.342892,42
668cbd5f00c194569f21,data/plantvillage/raw/color/Apple___healthy/49cc68a3-a1df-47c2-99d5-c2cb3a4c0227___RS_HL 7854.JPG,healthy,0,g1410,s_reliability,reliability_train,gaussian_blur,8931555925963929645,,,1.0791082339134248,,42,0,0,healthy,0,0.61060536,-0.76611215,-2.962019,42
a9a3695cfc952cf10b6b,data/plantvillage/raw/color/Apple___healthy/49cc68a3-a1df-47c2-99d5-c2cb3a4c0227___RS_HL 7854.JPG,healthy,0,g1410,s_reliability,reliability_train,gaussian_noise,8358645326937114705,,,,0.019871033849552834,42,0,0,healthy,0,3.265127,-1.7816144,-5.4603987,42
5e4949b0e988a7b4f924,data/plantvillage/raw/color/Apple___healthy/49d18ffd-bfd4-435d-bffb-fe66ec0e3af6___RS_HL 5647.JPG,healthy,0,g1411,s_reliability,reliability_train,original,,,,,,42,0,0,healthy,0,4.2461896,-2.3035245,-5.1661716,42
f550299b32333210cfb1,data/plantvillage/raw/color/Apple___healthy/49d18ffd-bfd4-435d-bffb-fe66ec0e3af6___RS_HL 5647.JPG,healthy,0,g1411,s_reliability,reliability_train,brightness,38995610282541778,1.2569655608313366,,,,42,0,0,healthy,0,4.5151324,-2.4786525,-5.2343397,42
06cc6310c262acf850b1,data/plantvillage/raw/color/Apple___healthy/49d18ffd-bfd4-435d-bffb-fe66ec0e3af6___RS_HL 5647.JPG,healthy,0,g1411,s_reliability,reliability_train,contrast,2206902783178441924,,1.2489931559982672,,,42,0,0,healthy,0,3.8300474,-2.0894337,-4.9232273,42
ebcbfbb69763f4cf4af6,data/plantvillage/raw/color/Apple___healthy/49d18ffd-bfd4-435d-bffb-fe66ec0e3af6___RS_HL 5647.JPG,healthy,0,g1411,s_reliability,reliability_train,gaussian_blur,89483872878067575,,,1.2713781969409033,,42,0,0,healthy,0,1.4381334,-1.6065272,-2.2372277,42
141b0ae20644d2e4c73f,data/plantvillage/raw/color/Apple___healthy/49d18ffd-bfd4-435d-bffb-fe66ec0e3af6___RS_HL 5647.JPG,healthy,0,g1411,s_reliability,reliability_train,gaussian_noise,4607686504422074694,,,,0.029359664991704934,42,0,0,healthy,0,4.527677,-2.3552697,-5.319004,42
f0360e754a59adc11eaf,data/plantvillage/raw/color/Apple___healthy/4c7d424b-d418-4b72-84a9-2a639eabb5ec___RS_HL 5734.JPG,healthy,0,g1432,s_reliability,reliability_train,original,,,,,,42,0,0,healthy,0,5.695714,-2.2493134,-6.378106,42
4b6ee945897151a15594,data/plantvillage/raw/color/Apple___healthy/4c7d424b-d418-4b72-84a9-2a639eabb5ec___RS_HL 5734.JPG,healthy,0,g1432,s_reliability,reliability_train,brightness,6097414055730541397,0.7618365613552616,,,,42,0,0,healthy,0,5.647677,-2.2522607,-6.374713,42
23b14c08683f10dacee4,data/plantvillage/raw/color/Apple___healthy/4c7d424b-d418-4b72-84a9-2a639eabb5ec___RS_HL 5734.JPG,healthy,0,g1432,s_reliability,reliability_train,contrast,6576857618568072840,,0.7820240262505029,,,42,0,0,healthy,0,5.2908416,-1.9577779,-6.2468433,42
8aedb5b2882d21656530,data/plantvillage/raw/color/Apple___healthy/4c7d424b-d418-4b72-84a9-2a639eabb5ec___RS_HL 5734.JPG,healthy,0,g1432,s_reliability,reliability_train,gaussian_blur,8676902910120535653,,,0.7158830374556387,,42,0,0,healthy,0,4.849806,-2.7641068,-4.8129888,42
efaa2e4bde452d0bf96d,data/plantvillage/raw/color/Apple___healthy/4c7d424b-d418-4b72-84a9-2a639eabb5ec___RS_HL 5734.JPG,healthy,0,g1432,s_reliability,reliability_train,gaussian_noise,8049166399150233634,,,,0.04564838132841404,42,0,0,healthy,0,5.911311,-2.4256258,-6.4532475,42
9a40c191d201013da7c4,data/plantvillage/raw/color/Apple___healthy/4c7e1a5a-fc48-43a8-959d-c7c8ad6462b9___RS_HL 7561.JPG,healthy,0,g1433,s_reliability,reliability_train,original,,,,,,42,0,0,healthy,0,1.9732667,-0.6331708,-4.873747,42
a99b8f779266087c19fb,data/plantvillage/raw/color/Apple___healthy/4c7e1a5a-fc48-43a8-959d-c7c8ad6462b9___RS_HL 7561.JPG,healthy,0,g1433,s_reliability,reliability_train,brightness,899148586515125989,0.8870756119306357,,,,42,0,0,healthy,0,1.8576427,-0.47393852,-4.8534126,42
990ae312dd5fd0bd570a,data/plantvillage/raw/color/Apple___healthy/4c7e1a5a-fc48-43a8-959d-c7c8ad6462b9___RS_HL 7561.JPG,healthy,0,g1433,s_reliability,reliability_train,contrast,2668759872662818711,,1.1098759500625826,,,42,0,0,healthy,0,1.9905394,-0.60006964,-4.9229727,42
844c5a734730b6d423fd,data/plantvillage/raw/color/Apple___healthy/4c7e1a5a-fc48-43a8-959d-c7c8ad6462b9___RS_HL 7561.JPG,healthy,0,g1433,s_reliability,reliability_train,gaussian_blur,6121903965305092752,,,1.3064505511801876,,42,0,1,scab,1,-0.920102,0.12643239,-2.0272183,42
73e4bbd1605d605b941c,data/plantvillage/raw/color/Apple___healthy/4c7e1a5a-fc48-43a8-959d-c7c8ad6462b9___RS_HL 7561.JPG,healthy,0,g1433,s_reliability,reliability_train,gaussian_noise,937509096791775372,,,,0.039946421581772244,42,0,0,healthy,0,2.1172707,-0.5654248,-5.122012,42
6e11c63e79a2debedd53,data/plantvillage/raw/color/Apple___healthy/4cf06978-a0b5-43a0-8da3-fda45eee2e1c___RS_HL 5777.JPG,healthy,0,g1437,s_reliability,reliability_train,original,,,,,,42,0,0,healthy,0,5.204564,-3.1039665,-5.3096623,42
a0fd7dd2a3a226110975,data/plantvillage/raw/color/Apple___healthy/4cf06978-a0b5-43a0-8da3-fda45eee2e1c___RS_HL 5777.JPG,healthy,0,g1437,s_reliability,reliability_train,brightness,5270724279091708818,0.8159364425948474,,,,42,0,0,healthy,0,4.9383764,-2.9665766,-5.197731,42
2f5409ad90cb9801b5bf,data/plantvillage/raw/color/Apple___healthy/4cf06978-a0b5-43a0-8da3-fda45eee2e1c___RS_HL 5777.JPG,healthy,0,g1437,s_reliability,reliability_train,contrast,5623552690521448384,,0.7439587782307833,,,42,0,0,healthy,0,4.1043553,-2.4266844,-4.792982,42
4a031748798a1929560b,data/plantvillage/raw/color/Apple___healthy/4cf06978-a0b5-43a0-8da3-fda45eee2e1c___RS_HL 5777.JPG,healthy,0,g1437,s_reliability,reliability_train,gaussian_blur,6379474819202474013,,,1.0881912169353511,,42,0,0,healthy,0,3.3292267,-2.943632,-3.0366437,42
cf15b007de996116134b,data/plantvillage/raw/color/Apple___healthy/4cf06978-a0b5-43a0-8da3-fda45eee2e1c___RS_HL 5777.JPG,healthy,0,g1437,s_reliability,reliability_train,gaussian_noise,8755860516129494549,,,,0.019971439971688817,42,0,0,healthy,0,5.22952,-3.0699096,-5.3579216,42
bc2a2f7b218092fbd7a3,data/plantvillage/raw/color/Apple___healthy/4e817ac6-818a-431f-af6d-e44477f9b649___RS_HL 7616.JPG,healthy,0,g1447,s_reliability,reliability_val,original,,,,,,42,0,0,healthy,0,3.7768905,-2.6551213,-4.315393,42
5f7092c1be0ee43fb570,data/plantvillage/raw/color/Apple___healthy/4e817ac6-818a-431f-af6d-e44477f9b649___RS_HL 7616.JPG,healthy,0,g1447,s_reliability,reliability_val,brightness,8272766428416713486,0.7076234249463137,,,,42,0,0,healthy,0,3.745884,-2.2617817,-4.7484517,42
03afb10be3128cbf4f7e,data/plantvillage/raw/color/Apple___healthy/4e817ac6-818a-431f-af6d-e44477f9b649___RS_HL 7616.JPG,healthy,0,g1447,s_reliability,reliability_val,contrast,8691162153853494799,,0.861478383678493,,,42,0,0,healthy,0,3.7820709,-2.713832,-4.3064213,42
fc9a32755227c3357992,data/plantvillage/raw/color/Apple___healthy/4e817ac6-818a-431f-af6d-e44477f9b649___RS_HL 7616.JPG,healthy,0,g1447,s_reliability,reliability_val,gaussian_blur,504532771044227479,,,0.5855702785021818,,42,0,0,healthy,0,2.4869308,-2.3694267,-3.1126108,42
56d71cd45b5f64fb1d01,data/plantvillage/raw/color/Apple___healthy/4e817ac6-818a-431f-af6d-e44477f9b649___RS_HL 7616.JPG,healthy,0,g1447,s_reliability,reliability_val,gaussian_noise,7501607120797526877,,,,0.02531252212843504,42,0,0,healthy,0,3.8223348,-2.7136602,-4.4157696,42
0e324bf68a07276848fa,data/plantvillage/raw/color/Apple___healthy/4ffc00fe-a8ce-4103-9fab-30165684d8c5___RS_HL 7490.JPG,healthy,0,g1457,s_reliability,reliability_val,original,,,,,,42,0,0,healthy,0,3.5024283,-3.0580678,-3.683191,42
bef78ef5a7748eae8e39,data/plantvillage/raw/color/Apple___healthy/4ffc00fe-a8ce-4103-9fab-30165684d8c5___RS_HL 7490.JPG,healthy,0,g1457,s_reliability,reliability_val,brightness,8965277051811695334,1.0886976116934013,,,,42,0,0,healthy,0,3.4063096,-3.0684714,-3.5841935,42
431f604de6cf6e529871,data/plantvillage/raw/color/Apple___healthy/4ffc00fe-a8ce-4103-9fab-30165684d8c5___RS_HL 7490.JPG,healthy,0,g1457,s_reliability,reliability_val,contrast,1554522888076616006,,0.7178376150358542,,,42,0,0,healthy,0,3.676806,-3.10676,-3.7530806,42
f252a155e5f9d6753293,data/plantvillage/raw/color/Apple___healthy/4ffc00fe-a8ce-4103-9fab-30165684d8c5___RS_HL 7490.JPG,healthy,0,g1457,s_reliability,reliability_val,gaussian_blur,2748145623421535822,,,1.4060595249914383,,42,0,0,healthy,0,0.5888816,-2.623945,-0.9851829,42
fba00b91318e4d11e6ec,data/plantvillage/raw/color/Apple___healthy/4ffc00fe-a8ce-4103-9fab-30165684d8c5___RS_HL 7490.JPG,healthy,0,g1457,s_reliability,reliability_val,gaussian_noise,462896590816366934,,,,0.047153158880600045,42,0,0,healthy,0,3.4169605,-2.6520493,-4.0023227,42
dfcab7d2bce2d550ceb8,data/plantvillage/raw/color/Apple___healthy/51ad3661-ed25-4c8f-9f90-44f8f0f042e0___RS_HL 7645.JPG,healthy,0,g1466,s_reliability,reliability_train,original,,,,,,42,0,0,healthy,0,2.953303,-3.6760721,-2.3609958,42
2ebdb1b0a95e4d05981f,data/plantvillage/raw/color/Apple___healthy/51ad3661-ed25-4c8f-9f90-44f8f0f042e0___RS_HL 7645.JPG,healthy,0,g1466,s_reliability,reliability_train,brightness,3165673064858696729,0.7414182785335581,,,,42,0,0,healthy,0,3.367661,-3.836316,-2.7073865,42
04d32120dae8932b7c69,data/plantvillage/raw/color/Apple___healthy/51ad3661-ed25-4c8f-9f90-44f8f0f042e0___RS_HL 7645.JPG,healthy,0,g1466,s_reliability,reliability_train,contrast,6057929921280189513,,1.2016337042170917,,,42,0,0,healthy,0,2.8675568,-3.59466,-2.3863182,42
7c86c156417d27dd503f,data/plantvillage/raw/color/Apple___healthy/51ad3661-ed25-4c8f-9f90-44f8f0f042e0___RS_HL 7645.JPG,healthy,0,g1466,s_reliability,reliability_train,gaussian_blur,7638337203520799418,,,0.6834166568232849,,42,0,0,healthy,0,2.2126844,-3.656805,-1.5212957,42
0e5c05b282ac6140cb8f,data/plantvillage/raw/color/Apple___healthy/51ad3661-ed25-4c8f-9f90-44f8f0f042e0___RS_HL 7645.JPG,healthy,0,g1466,s_reliability,reliability_train,gaussian_noise,2766239035338017498,,,,0.015578864432342798,42,0,0,healthy,0,2.992388,-3.6571908,-2.4358392,42
756be669e872a4cc5396,data/plantvillage/raw/color/Apple___healthy/5348c7f1-02d4-40ae-989e-1537043644cf___RS_HL 7657.JPG,healthy,0,g1478,s_reliability,reliability_train,original,,,,,,42,0,0,healthy,0,3.4376285,-1.2991933,-4.1262536,42
ea2d705b1fc32261d708,data/plantvillage/raw/color/Apple___healthy/5348c7f1-02d4-40ae-989e-1537043644cf___RS_HL 7657.JPG,healthy,0,g1478,s_reliability,reliability_train,brightness,6359110260529476195,1.045731529517582,,,,42,0,0,healthy,0,3.437905,-1.2418762,-4.1434326,42
bd7d2d1f71f8c2d2130d,data/plantvillage/raw/color/Apple___healthy/5348c7f1-02d4-40ae-989e-1537043644cf___RS_HL 7657.JPG,healthy,0,g1478,s_reliability,reliability_train,contrast,217541770573802525,,1.1981669504262342,,,42,0,0,healthy,0,3.326362,-0.87292427,-4.2220283,42
3c69ba83f2977a54460c,data/plantvillage/raw/color/Apple___healthy/5348c7f1-02d4-40ae-989e-1537043644cf___RS_HL 7657.JPG,healthy,0,g1478,s_reliability,reliability_train,gaussian_blur,1988877725652765000,,,0.9819114453820889,,42,0,0,healthy,0,2.4446604,-1.3017036,-2.942778,42
981b42c0e6b2086884fa,data/plantvillage/raw/color/Apple___healthy/5348c7f1-02d4-40ae-989e-1537043644cf___RS_HL 7657.JPG,healthy,0,g1478,s_reliability,reliability_train,gaussian_noise,494349574615025371,,,,0.039080262380177526,42,0,0,healthy,0,3.4698663,-1.0019573,-4.418887,42
a002885e72727396b4a9,data/plantvillage/raw/color/Apple___healthy/53ad897b-864f-414f-84e7-0ea0ce53fa1d___RS_HL 7273.JPG,healthy,0,g1481,s_reliability,reliability_train,original,,,,,,42,0,0,healthy,0,1.486247,-0.13685814,-3.4032705,42
8790cb443f20892a6166,data/plantvillage/raw/color/Apple___healthy/53ad897b-864f-414f-84e7-0ea0ce53fa1d___RS_HL 7273.JPG,healthy,0,g1481,s_reliability,reliability_train,brightness,1113252340624148348,0.8871686025162454,,,,42,0,0,healthy,0,1.3481709,-0.17057738,-3.3694055,42
5e8a6c60781418b186cc,data/plantvillage/raw/color/Apple___healthy/53ad897b-864f-414f-84e7-0ea0ce53fa1d___RS_HL 7273.JPG,healthy,0,g1481,s_reliability,reliability_train,contrast,2596376182190596817,,1.2257803369253724,,,42,0,0,healthy,0,1.5595605,-0.12381378,-3.3044016,42
060d0e85ce4b2a0826e4,data/plantvillage/raw/color/Apple___healthy/53ad897b-864f-414f-84e7-0ea0ce53fa1d___RS_HL 7273.JPG,healthy,0,g1481,s_reliability,reliability_train,gaussian_blur,8157573867186126205,,,0.9771442367444192,,42,0,0,healthy,0,0.4413283,-0.4654848,-1.5226122,42
2c94898b655221f6f32b,data/plantvillage/raw/color/Apple___healthy/53ad897b-864f-414f-84e7-0ea0ce53fa1d___RS_HL 7273.JPG,healthy,0,g1481,s_reliability,reliability_train,gaussian_noise,610073413191036128,,,,0.04537245464377365,42,0,0,healthy,0,1.3522403,0.028361473,-3.434088,42
2bd656c7dc901c1122f9,data/plantvillage/raw/color/Apple___healthy/53d09cc6-89ef-4180-a823-31c5f6566656___RS_HL 6070.JPG,healthy,0,g1483,s_reliability,reliability_val,original,,,,,,42,0,0,healthy,0,5.624193,-2.9437633,-5.901869,42
16898e28ec1b96a206ed,data/plantvillage/raw/color/Apple___healthy/53d09cc6-89ef-4180-a823-31c5f6566656___RS_HL 6070.JPG,healthy,0,g1483,s_reliability,reliability_val,brightness,2238701526703798451,0.9671397929189355,,,,42,0,0,healthy,0,5.602486,-2.912971,-5.8750234,42
f82dc967932655c1299a,data/plantvillage/raw/color/Apple___healthy/53d09cc6-89ef-4180-a823-31c5f6566656___RS_HL 6070.JPG,healthy,0,g1483,s_reliability,reliability_val,contrast,9131374616145801325,,0.8754488242035272,,,42,0,0,healthy,0,5.209405,-2.7332938,-5.678666,42
1d3c836d40f0c57ba72f,data/plantvillage/raw/color/Apple___healthy/53d09cc6-89ef-4180-a823-31c5f6566656___RS_HL 6070.JPG,healthy,0,g1483,s_reliability,reliability_val,gaussian_blur,7887380826148214169,,,0.6645919905507529,,42,0,0,healthy,0,4.7964387,-2.7804735,-4.970099,42
e617bf1827d6b439e722,data/plantvillage/raw/color/Apple___healthy/53d09cc6-89ef-4180-a823-31c5f6566656___RS_HL 6070.JPG,healthy,0,g1483,s_reliability,reliability_val,gaussian_noise,5120092060712034611,,,,0.026919448147694647,42,0,0,healthy,0,5.541827,-2.7049055,-6.104822,42
ce007dea7325d47b5b61,data/plantvillage/raw/color/Apple___healthy/54c9c89e-7cb7-4c1e-8bbe-f33ca90df541___RS_HL 7766.JPG,healthy,0,g1484,s_reliability,reliability_train,original,,,,,,42,0,0,healthy,0,4.790392,-2.6736012,-5.8235235,42
0f9a861f97ffb55ba710,data/plantvillage/raw/color/Apple___healthy/54c9c89e-7cb7-4c1e-8bbe-f33ca90df541___RS_HL 7766.JPG,healthy,0,g1484,s_reliability,reliability_train,brightness,3068897504643314368,1.0400154455227972,,,,42,0,0,healthy,0,4.783123,-2.6915822,-5.797425,42
d20258b401334e7dab6b,data/plantvillage/raw/color/Apple___healthy/54c9c89e-7cb7-4c1e-8bbe-f33ca90df541___RS_HL 7766.JPG,healthy,0,g1484,s_reliability,reliability_train,contrast,7704007147832224455,,1.0186487552692074,,,42,0,0,healthy,0,4.7701187,-2.6520977,-5.82342,42
74d4e3efc9297bc0b4f8,data/plantvillage/raw/color/Apple___healthy/54c9c89e-7cb7-4c1e-8bbe-f33ca90df541___RS_HL 7766.JPG,healthy,0,g1484,s_reliability,reliability_train,gaussian_blur,4755359280625894804,,,1.2583801313193592,,42,0,0,healthy,0,1.2115988,-2.0136554,-2.466416,42
f7272e9beb2446c3621c,data/plantvillage/raw/color/Apple___healthy/54c9c89e-7cb7-4c1e-8bbe-f33ca90df541___RS_HL 7766.JPG,healthy,0,g1484,s_reliability,reliability_train,gaussian_noise,4078785035294965766,,,,0.019052110458599177,42,0,0,healthy,0,4.7498994,-2.694376,-5.8230953,42
8996fdcb5eeb24d61c0c,data/plantvillage/raw/color/Apple___healthy/567114a3-0ce7-42e3-8245-ca6f3e27cf43___RS_HL 8001.JPG,healthy,0,g1497,s_reliability,reliability_train,original,,,,,,42,0,0,healthy,0,4.421712,-1.9370689,-5.3867383,42
f351fc7adeaec1f6f825,data/plantvillage/raw/color/Apple___healthy/567114a3-0ce7-42e3-8245-ca6f3e27cf43___RS_HL 8001.JPG,healthy,0,g1497,s_reliability,reliability_train,brightness,8088162282007623705,0.959139249982941,,,,42,0,0,healthy,0,4.4142127,-1.885843,-5.412543,42
0be561fb3617cd1a7b92,data/plantvillage/raw/color/Apple___healthy/567114a3-0ce7-42e3-8245-ca6f3e27cf43___RS_HL 8001.JPG,healthy,0,g1497,s_reliability,reliability_train,contrast,7609225866446402016,,1.2847478078294174,,,42,0,0,healthy,0,4.8390594,-2.2061195,-5.6726937,42
386f9c5885ba630fd613,data/plantvillage/raw/color/Apple___healthy/567114a3-0ce7-42e3-8245-ca6f3e27cf43___RS_HL 8001.JPG,healthy,0,g1497,s_reliability,reliability_train,gaussian_blur,7098207904840036793,,,0.5574318204788808,,42,0,0,healthy,0,3.2858248,-2.0217113,-3.9578085,42
cb626a0279ec13d1d38e,data/plantvillage/raw/color/Apple___healthy/567114a3-0ce7-42e3-8245-ca6f3e27cf43___RS_HL 8001.JPG,healthy,0,g1497,s_reliability,reliability_train,gaussian_noise,6256359453476808949,,,,0.049611426268527214,42,0,0,healthy,0,4.2831492,-1.6035253,-5.621368,42
36d2bd585c3fe6175296,data/plantvillage/raw/color/Apple___healthy/56c024f5-844e-47d0-a936-d1617219125c___RS_HL 7776.JPG,healthy,0,g1501,s_reliability,reliability_train,original,,,,,,42,0,0,healthy,0,2.4454033,-3.0323396,-3.666887,42
7228529e3248c4e8c412,data/plantvillage/raw/color/Apple___healthy/56c024f5-844e-47d0-a936-d1617219125c___RS_HL 7776.JPG,healthy,0,g1501,s_reliability,reliability_train,brightness,541501397559995801,0.785766551518446,,,,42,0,0,healthy,0,2.6007965,-3.0895681,-3.7267911,42
9ffd65a6036aeee6e247,data/plantvillage/raw/color/Apple___healthy/56c024f5-844e-47d0-a936-d1617219125c___RS_HL 7776.JPG,healthy,0,g1501,s_reliability,reliability_train,contrast,4600129455390426382,,1.1112737157049173,,,42,0,0,healthy,0,2.4290385,-2.9795594,-3.6748977,42
54d063f6555234211171,data/plantvillage/raw/color/Apple___healthy/56c024f5-844e-47d0-a936-d1617219125c___RS_HL 7776.JPG,healthy,0,g1501,s_reliability,reliability_train,gaussian_blur,1718581694196434915,,,1.0265063996198442,,42,0,0,healthy,0,0.6338664,-3.3622835,-1.3213032,42
452bf42617ae5e755c82,data/plantvillage/raw/color/Apple___healthy/56c024f5-844e-47d0-a936-d1617219125c___RS_HL 7776.JPG,healthy,0,g1501,s_reliability,reliability_train,gaussian_noise,1856449655640038766,,,,0.026434035084449338,42,0,0,healthy,0,2.4773533,-2.9983137,-3.7331367,42
469b33f1abfea5c70f1b,data/plantvillage/raw/color/Apple___healthy/5820f6e9-8564-4b16-b548-4565567b07c0___RS_HL 7793.JPG,healthy,0,g1509,s_reliability,reliability_val,original,,,,,,42,0,0,healthy,0,4.788248,-5.046418,-3.7483292,42
b5a00f29046fbe978373,data/plantvillage/raw/color/Apple___healthy/5820f6e9-8564-4b16-b548-4565567b07c0___RS_HL 7793.JPG,healthy,0,g1509,s_reliability,reliability_val,brightness,1665453520450782447,0.819205475262164,,,,42,0,0,healthy,0,4.680064,-4.7796564,-3.857893,42
4c2ce6542dab16c00bd5,data/plantvillage/raw/color/Apple___healthy/5820f6e9-8564-4b16-b548-4565567b07c0___RS_HL 7793.JPG,healthy,0,g1509,s_reliability,reliability_val,contrast,9123031017387689301,,0.9425647822581287,,,42,0,0,healthy,0,4.7406726,-5.032548,-3.7210803,42
6e532070482dcf39bfb9,data/plantvillage/raw/color/Apple___healthy/5820f6e9-8564-4b16-b548-4565567b07c0___RS_HL 7793.JPG,healthy,0,g1509,s_reliability,reliability_val,gaussian_blur,2729061760565039708,,,1.0213164996446853,,42,0,0,healthy,0,1.5947134,-4.4584007,-1.0782725,42
ada8c3210e7bb3a0b09c,data/plantvillage/raw/color/Apple___healthy/5820f6e9-8564-4b16-b548-4565567b07c0___RS_HL 7793.JPG,healthy,0,g1509,s_reliability,reliability_val,gaussian_noise,3656273056936406663,,,,0.031881224960282006,42,0,0,healthy,0,4.7419076,-4.8640537,-3.8568814,42
d2bdfa398990bdc70fd0,data/plantvillage/raw/color/Apple___healthy/58bebbd8-1cfa-486b-86b3-64cf33697320___RS_HL 7651.JPG,healthy,0,g1512,s_reliability,reliability_val,original,,,,,,42,0,0,healthy,0,1.5586318,-1.3406128,-3.6626198,42
2c76eea49e4b2d8b6982,data/plantvillage/raw/color/Apple___healthy/58bebbd8-1cfa-486b-86b3-64cf33697320___RS_HL 7651.JPG,healthy,0,g1512,s_reliability,reliability_val,brightness,8318462555587832718,1.1105480448004454,,,,42,0,0,healthy,0,1.5473906,-1.3735253,-3.6212263,42
d6518df1d3439fa1e613,data/plantvillage/raw/color/Apple___healthy/58bebbd8-1cfa-486b-86b3-64cf33697320___RS_HL 7651.JPG,healthy,0,g1512,s_reliability,reliability_val,contrast,3219539688727839685,,1.2878230273667106,,,42,0,0,healthy,0,1.368339,-1.1983612,-3.7204435,42
3b1d621caa12f185636b,data/plantvillage/raw/color/Apple___healthy/58bebbd8-1cfa-486b-86b3-64cf33697320___RS_HL 7651.JPG,healthy,0,g1512,s_reliability,reliability_val,gaussian_blur,3777490093566635183,,,0.9456380543459444,,42,0,0,healthy,0,-0.017432675,-0.5025617,-2.401919,42
11c2ab662ffd2b470083,data/plantvillage/raw/color/Apple___healthy/58bebbd8-1cfa-486b-86b3-64cf33697320___RS_HL 7651.JPG,healthy,0,g1512,s_reliability,reliability_val,gaussian_noise,9025296508272137029,,,,0.025173568652256263,42,0,0,healthy,0,1.7777815,-1.4581686,-3.7686126,42
938c47438d4e5a6da2c3,data/plantvillage/raw/color/Apple___healthy/5915bea7-aecc-4247-acfe-6e115e7c9836___RS_HL 7703.JPG,healthy,0,g1514,s_reliability,reliability_train,original,,,,,,42,0,0,healthy,0,3.235862,-2.3612232,-4.2861295,42
b37fc6c9b843ec00cf68,data/plantvillage/raw/color/Apple___healthy/5915bea7-aecc-4247-acfe-6e115e7c9836___RS_HL 7703.JPG,healthy,0,g1514,s_reliability,reliability_train,brightness,4813658850703206446,0.8153170901584577,,,,42,0,0,healthy,0,3.1905923,-2.3462877,-4.162127,42
d5fc3ac7eb6d01ba5e00,data/plantvillage/raw/color/Apple___healthy/5915bea7-aecc-4247-acfe-6e115e7c9836___RS_HL 7703.JPG,healthy,0,g1514,s_reliability,reliability_train,contrast,5539601601508599669,,1.2101504546396042,,,42,0,0,healthy,0,3.2462087,-2.2213476,-4.3332787,42
04aa4b7fca5f1db74ee6,data/plantvillage/raw/color/Apple___healthy/5915bea7-aecc-4247-acfe-6e115e7c9836___RS_HL 7703.JPG,healthy,0,g1514,s_reliability,reliability_train,gaussian_blur,1956446068504089844,,,0.8704087350923484,,42,0,0,healthy,0,1.8018638,-2.0776656,-2.780043,42
2191a8413de50c092e9d,data/plantvillage/raw/color/Apple___healthy/5915bea7-aecc-4247-acfe-6e115e7c9836___RS_HL 7703.JPG,healthy,0,g1514,s_reliability,reliability_train,gaussian_noise,878659319579690382,,,,0.04813666508467836,42,0,0,healthy,0,2.969592,-2.040361,-4.583627,42
ff5ac91f5185a82379cc,data/plantvillage/raw/color/Apple___healthy/5a92a89d-a10e-423c-aed8-8505e04e15dc___RS_HL 7836.JPG,healthy,0,g1522,s_reliability,reliability_train,original,,,,,,42,0,0,healthy,0,4.0645967,-0.53248197,-6.511681,42
e4d3f4288f4797f83ded,data/plantvillage/raw/color/Apple___healthy/5a92a89d-a10e-423c-aed8-8505e04e15dc___RS_HL 7836.JPG,healthy,0,g1522,s_reliability,reliability_train,brightness,1520830202213271353,0.7105541686127609,,,,42,0,0,healthy,0,3.799932,-0.20399296,-6.3660064,42
6f8352c8293a653d9e72,data/plantvillage/raw/color/Apple___healthy/5a92a89d-a10e-423c-aed8-8505e04e15dc___RS_HL 7836.JPG,healthy,0,g1522,s_reliability,reliability_train,contrast,7202220593507275012,,1.2666514892497158,,,42,0,0,healthy,0,4.1135125,-0.58688235,-6.427004,42
2a6f91c403a4687e197a,data/plantvillage/raw/color/Apple___healthy/5a92a89d-a10e-423c-aed8-8505e04e15dc___RS_HL 7836.JPG,healthy,0,g1522,s_reliability,reliability_train,gaussian_blur,7586075286391560238,,,1.2198522228633966,,42,0,0,healthy,0,1.3690432,-0.2768318,-3.6801064,42
78d55e166b505600b09d,data/plantvillage/raw/color/Apple___healthy/5a92a89d-a10e-423c-aed8-8505e04e15dc___RS_HL 7836.JPG,healthy,0,g1522,s_reliability,reliability_train,gaussian_noise,2237914848724011583,,,,0.026075836441134287,42,0,0,healthy,0,4.0382957,-0.47402722,-6.5649223,42
054c81d313b2df8743af,data/plantvillage/raw/color/Apple___healthy/5dba053d-d3b0-49b9-babc-4f1e8e7d3f59___RS_HL 6235.JPG,healthy,0,g1542,s_reliability,reliability_train,original,,,,,,42,0,0,healthy,0,5.1697445,-4.787381,-4.1289206,42
619b4b2bdefe6ccc496c,data/plantvillage/raw/color/Apple___healthy/5dba053d-d3b0-49b9-babc-4f1e8e7d3f59___RS_HL 6235.JPG,healthy,0,g1542,s_reliability,reliability_train,brightness,9180746232764080045,1.2735993753733963,,,,42,0,0,healthy,0,5.303264,-4.7494354,-4.3313613,42
dae7a85ea32643a9c717,data/plantvillage/raw/color/Apple___healthy/5dba053d-d3b0-49b9-babc-4f1e8e7d3f59___RS_HL 6235.JPG,healthy,0,g1542,s_reliability,reliability_train,contrast,702612241584296332,,1.2713012610038763,,,42,0,0,healthy,0,5.372974,-4.887333,-4.270383,42
7cd4245acce590c3f16c,data/plantvillage/raw/color/Apple___healthy/5dba053d-d3b0-49b9-babc-4f1e8e7d3f59___RS_HL 6235.JPG,healthy,0,g1542,s_reliability,reliability_train,gaussian_blur,6759611384020336553,,,1.4829724354902942,,42,0,0,healthy,0,1.1722286,-3.9570112,-1.0195732,42
d37cb5c853d26e00a5c7,data/plantvillage/raw/color/Apple___healthy/5dba053d-d3b0-49b9-babc-4f1e8e7d3f59___RS_HL 6235.JPG,healthy,0,g1542,s_reliability,reliability_train,gaussian_noise,6557061088614018559,,,,0.022804024882217944,42,0,0,healthy,0,4.942696,-4.573854,-4.1895065,42
f956f09b68034332ea2a,data/plantvillage/raw/color/Apple___healthy/5ded9dac-20e0-4e68-a202-43c6723c335d___RS_HL 6186.JPG,healthy,0,g1544,s_reliability,reliability_train,original,,,,,,42,0,0,healthy,0,3.1328623,-3.3780637,-2.6129832,42
4e17249a1e92c4066c6a,data/plantvillage/raw/color/Apple___healthy/5ded9dac-20e0-4e68-a202-43c6723c335d___RS_HL 6186.JPG,healthy,0,g1544,s_reliability,reliability_train,brightness,6698776600177037617,0.8143449480241347,,,,42,0,0,healthy,0,3.0716028,-3.2061965,-2.6781785,42
4aa4fc2aad7c79e521f7,data/plantvillage/raw/color/Apple___healthy/5ded9dac-20e0-4e68-a202-43c6723c335d___RS_HL 6186.JPG,healthy,0,g1544,s_reliability,reliability_train,contrast,4555699789360588498,,1.0861282301536361,,,42,0,0,healthy,0,3.180634,-3.3830042,-2.6243448,42
e2e76ecf5afe85c680cf,data/plantvillage/raw/color/Apple___healthy/5ded9dac-20e0-4e68-a202-43c6723c335d___RS_HL 6186.JPG,healthy,0,g1544,s_reliability,reliability_train,gaussian_blur,5398747873461211392,,,0.8078967758601332,,42,0,0,healthy,0,2.9019048,-3.5976207,-1.8262717,42
9386b3d69127f5b9a329,data/plantvillage/raw/color/Apple___healthy/5ded9dac-20e0-4e68-a202-43c6723c335d___RS_HL 6186.JPG,healthy,0,g1544,s_reliability,reliability_train,gaussian_noise,8453326461897653036,,,,0.016840170508898,42,0,0,healthy,0,3.1005936,-3.22037,-2.6891994,42
c4ad5cf92a746b9a48cc,data/plantvillage/raw/color/Apple___healthy/5fc41ba8-baf5-47ce-b6e5-3741dd3b154f___RS_HL 5965.JPG,healthy,0,g1555,s_reliability,reliability_val,original,,,,,,42,0,0,healthy,0,5.5131526,-3.654958,-4.707763,42
fd70d338c13b10c8b791,data/plantvillage/raw/color/Apple___healthy/5fc41ba8-baf5-47ce-b6e5-3741dd3b154f___RS_HL 5965.JPG,healthy,0,g1555,s_reliability,reliability_val,brightness,3848770044722356946,1.10300745867071,,,,42,0,0,healthy,0,5.519795,-3.6235561,-4.7558513,42
1a340752d27e12a56021,data/plantvillage/raw/color/Apple___healthy/5fc41ba8-baf5-47ce-b6e5-3741dd3b154f___RS_HL 5965.JPG,healthy,0,g1555,s_reliability,reliability_val,contrast,6169332320879995814,,0.8130174467925076,,,42,0,0,healthy,0,5.426957,-3.583651,-4.7134595,42
1656140c4f50cbbd15e0,data/plantvillage/raw/color/Apple___healthy/5fc41ba8-baf5-47ce-b6e5-3741dd3b154f___RS_HL 5965.JPG,healthy,0,g1555,s_reliability,reliability_val,gaussian_blur,6246565240410994486,,,1.357733801647408,,42,0,0,healthy,0,0.4327702,-2.4182096,-0.23769104,42
3bbecbcac8cd70e02279,data/plantvillage/raw/color/Apple___healthy/5fc41ba8-baf5-47ce-b6e5-3741dd3b154f___RS_HL 5965.JPG,healthy,0,g1555,s_reliability,reliability_val,gaussian_noise,1205591697574462902,,,,0.04527162978220524,42,0,0,healthy,0,5.5774455,-3.7843356,-4.769725,42
2ff76cc02d31b6d26983,data/plantvillage/raw/color/Apple___healthy/60a20878-4945-491b-adff-ca8829824261___RS_HL 5847.JPG,healthy,0,g1565,s_reliability,reliability_train,original,,,,,,42,0,0,healthy,0,5.613394,-2.2805192,-6.711453,42
19dda0a523fdf8a26ccb,data/plantvillage/raw/color/Apple___healthy/60a20878-4945-491b-adff-ca8829824261___RS_HL 5847.JPG,healthy,0,g1565,s_reliability,reliability_train,brightness,9046161888782899406,1.0170575221227374,,,,42,0,0,healthy,0,5.6101604,-2.2721176,-6.7115917,42
bcc373c4699b9e4d7f3c,data/plantvillage/raw/color/Apple___healthy/60a20878-4945-491b-adff-ca8829824261___RS_HL 5847.JPG,healthy,0,g1565,s_reliability,reliability_train,contrast,3744931820277286163,,1.0882339357678585,,,42,0,0,healthy,0,5.6966977,-2.3243752,-6.7535954,42
6ec1dcebc5cff60e2330,data/plantvillage/raw/color/Apple___healthy/60a20878-4945-491b-adff-ca8829824261___RS_HL 5847.JPG,healthy,0,g1565,s_reliability,reliability_train,gaussian_blur,1496450909663397664,,,0.9015543741573525,,42,0,0,healthy,0,2.9479663,-1.5636365,-4.3284993,42
8f0375e6fad2f280571a,data/plantvillage/raw/color/Apple___healthy/60a20878-4945-491b-adff-ca8829824261___RS_HL 5847.JPG,healthy,0,g1565,s_reliability,reliability_train,gaussian_noise,8009160448469391274,,,,0.03592810216359713,42,0,0,healthy,0,5.452401,-1.8970805,-7.0370173,42
23f8d4797274059e8237,data/plantvillage/raw/color/Apple___healthy/61697828-b645-4f07-844a-dc9902713d3e___RS_HL 7363.JPG,healthy,0,g1569,s_reliability,reliability_train,original,,,,,,42,0,0,healthy,0,5.119533,-1.3889135,-7.6309156,42
3b30f5d3d82cd3ff45bb,data/plantvillage/raw/color/Apple___healthy/61697828-b645-4f07-844a-dc9902713d3e___RS_HL 7363.JPG,healthy,0,g1569,s_reliability,reliability_train,brightness,4553213890440796,0.7127740746881823,,,,42,0,0,healthy,0,4.295724,-0.96972686,-7.0041194,42
4524708380c141fed925,data/plantvillage/raw/color/Apple___healthy/61697828-b645-4f07-844a-dc9902713d3e___RS_HL 7363.JPG,healthy,0,g1569,s_reliability,reliability_train,contrast,6118654058088136555,,0.846232134548017,,,42,0,0,healthy,0,4.705715,-1.2027465,-7.3969564,42
3d6cd6bc29e6b46e168e,data/plantvillage/raw/color/Apple___healthy/61697828-b645-4f07-844a-dc9902713d3e___RS_HL 7363.JPG,healthy,0,g1569,s_reliability,reliability_train,gaussian_blur,4507931789681029809,,,1.0979952126676378,,42,0,0,healthy,0,2.2364767,-1.051985,-4.353445,42
22b3007fa78dec978867,data/plantvillage/raw/color/Apple___healthy/61697828-b645-4f07-844a-dc9902713d3e___RS_HL 7363.JPG,healthy,0,g1569,s_reliability,reliability_train,gaussian_noise,8508861503649342078,,,,0.011897293378685765,42,0,0,healthy,0,5.0557585,-1.2857856,-7.662748,42
c49d1d4eec350382346e,data/plantvillage/raw/color/Apple___healthy/62c6270f-9667-492e-be5b-ee599927718a___RS_HL 7671.JPG,healthy,0,g1578,s_reliability,reliability_train,original,,,,,,42,0,0,healthy,0,4.917673,-4.2816615,-4.543431,42
e9cad67a53b689980929,data/plantvillage/raw/color/Apple___healthy/62c6270f-9667-492e-be5b-ee599927718a___RS_HL 7671.JPG,healthy,0,g1578,s_reliability,reliability_train,brightness,3206698903280183814,1.245658470833784,,,,42,0,0,healthy,0,5.1823306,-4.535356,-4.5259004,42
8e09095f1ea394ce1d6c,data/plantvillage/raw/color/Apple___healthy/62c6270f-9667-492e-be5b-ee599927718a___RS_HL 7671.JPG,healthy,0,g1578,s_reliability,reliability_train,contrast,311215401289934020,,1.1893121180558888,,,42,0,0,healthy,0,5.1514945,-4.2582326,-4.8292923,42
3d6cabd1965c61f4ba93,data/plantvillage/raw/color/Apple___healthy/62c6270f-9667-492e-be5b-ee599927718a___RS_HL 7671.JPG,healthy,0,g1578,s_reliability,reliability_train,gaussian_blur,6778085851040425589,,,0.5240264129173925,,42,0,0,healthy,0,4.042961,-4.310654,-3.4600766,42
ef0c2c66442614a48177,data/plantvillage/raw/color/Apple___healthy/62c6270f-9667-492e-be5b-ee599927718a___RS_HL 7671.JPG,healthy,0,g1578,s_reliability,reliability_train,gaussian_noise,7145615940980829406,,,,0.03255935120826167,42,0,0,healthy,0,4.852576,-3.9907365,-4.866935,42
4cee15cc085844ed827d,data/plantvillage/raw/color/Apple___healthy/62e8755e-c7c8-4eb9-b937-4dd4f1e14723___RS_HL 7339.JPG,healthy,0,g1580,s_reliability,reliability_train,original,,,,,,42,0,0,healthy,0,2.3048956,-1.0744572,-4.4847064,42
acbd83199f2449fa3685,data/plantvillage/raw/color/Apple___healthy/62e8755e-c7c8-4eb9-b937-4dd4f1e14723___RS_HL 7339.JPG,healthy,0,g1580,s_reliability,reliability_train,brightness,4474030306595499517,0.8232739501173341,,,,42,0,0,healthy,0,1.8335321,-0.92863333,-4.277809,42
251de5703dc1540228c9,data/plantvillage/raw/color/Apple___healthy/62e8755e-c7c8-4eb9-b937-4dd4f1e14723___RS_HL 7339.JPG,healthy,0,g1580,s_reliability,reliability_train,contrast,1785614443469663418,,1.2044977120316895,,,42,0,0,healthy,0,2.069722,-1.0627384,-4.4804296,42
0ffc42a93aeb55d70c4a,data/plantvillage/raw/color/Apple___healthy/62e8755e-c7c8-4eb9-b937-4dd4f1e14723___RS_HL 7339.JPG,healthy,0,g1580,s_reliability,reliability_train,gaussian_blur,3187969662926004872,,,1.3302162597939335,,42,0,0,healthy,0,0.01393022,-0.76096684,-1.8320428,42
90789847eb6006f8bd6b,data/plantvillage/raw/color/Apple___healthy/62e8755e-c7c8-4eb9-b937-4dd4f1e14723___RS_HL 7339.JPG,healthy,0,g1580,s_reliability,reliability_train,gaussian_noise,2583743789454976824,,,,0.014228341233709751,42,0,0,healthy,0,2.2494168,-1.0822536,-4.4580355,42
5705d8f7a99cc4f30577,data/plantvillage/raw/color/Apple___healthy/643e172f-02bf-4021-9587-6cfd21c8a344___RS_HL 6053.JPG,healthy,0,g1586,s_reliability,reliability_train,original,,,,,,42,0,0,healthy,0,4.3647037,-3.450346,-3.6972494,42
7d29655d52d5290a7502,data/plantvillage/raw/color/Apple___healthy/643e172f-02bf-4021-9587-6cfd21c8a344___RS_HL 6053.JPG,healthy,0,g1586,s_reliability,reliability_train,brightness,4027836987365189007,0.9665707600829745,,,,42,0,0,healthy,0,4.3711753,-3.4574947,-3.6880438,42
e697b07c76b3ee510a65,data/plantvillage/raw/color/Apple___healthy/643e172f-02bf-4021-9587-6cfd21c8a344___RS_HL 6053.JPG,healthy,0,g1586,s_reliability,reliability_train,contrast,4480820476796363203,,0.7843017752131747,,,42,0,0,healthy,0,4.030355,-3.2690847,-3.551111,42
121e7c2bdcd578b7c174,data/plantvillage/raw/color/Apple___healthy/643e172f-02bf-4021-9587-6cfd21c8a344___RS_HL 6053.JPG,healthy,0,g1586,s_reliability,reliability_train,gaussian_blur,879020309806117943,,,1.1066442153148397,,42,0,0,healthy,0,3.1094773,-3.1837945,-1.845274,42
056c24f0b793a27728cf,data/plantvillage/raw/color/Apple___healthy/643e172f-02bf-4021-9587-6cfd21c8a344___RS_HL 6053.JPG,healthy,0,g1586,s_reliability,reliability_train,gaussian_noise,1742599745733844233,,,,0.0340727072399673,42,0,0,healthy,0,4.222298,-3.1869626,-3.7652178,42
d50ce1f515dc67c06d93,data/plantvillage/raw/color/Apple___healthy/65a6866e-a6ea-46d5-a8ca-413f98cd8b7a___RS_HL 5817.JPG,healthy,0,g1591,s_reliability,reliability_train,original,,,,,,42,0,0,healthy,0,3.9623764,-2.792053,-5.1750245,42
1950a4a8f36b62454194,data/plantvillage/raw/color/Apple___healthy/65a6866e-a6ea-46d5-a8ca-413f98cd8b7a___RS_HL 5817.JPG,healthy,0,g1591,s_reliability,reliability_train,brightness,983194984890588393,0.9465294319501985,,,,42,0,0,healthy,0,3.799057,-2.6859648,-5.116882,42
c612d4ece9858e73f831,data/plantvillage/raw/color/Apple___healthy/65a6866e-a6ea-46d5-a8ca-413f98cd8b7a___RS_HL 5817.JPG,healthy,0,g1591,s_reliability,reliability_train,contrast,7734915965148239532,,0.812220154377498,,,42,0,0,healthy,0,3.5242286,-2.3522158,-5.2210946,42
f2d5c9c4593efe0082ca,data/plantvillage/raw/color/Apple___healthy/65a6866e-a6ea-46d5-a8ca-413f98cd8b7a___RS_HL 5817.JPG,healthy,0,g1591,s_reliability,reliability_train,gaussian_blur,7351807212792895188,,,1.4036627690165902,,42,0,0,healthy,0,1.564817,-2.734224,-1.8625257,42
f96c152e64dbeb31e81b,data/plantvillage/raw/color/Apple___healthy/65a6866e-a6ea-46d5-a8ca-413f98cd8b7a___RS_HL 5817.JPG,healthy,0,g1591,s_reliability,reliability_train,gaussian_noise,1802616994174151263,,,,0.015917843262082468,42,0,0,healthy,0,3.9863954,-2.7035956,-5.290606,42
8280201ccfa571f3c75f,data/plantvillage/raw/color/Apple___healthy/682b3d72-607f-404f-b9e8-48acc1574f41___RS_HL 7419.JPG,healthy,0,g1604,s_reliability,reliability_val,original,,,,,,42,0,0,healthy,0,3.6266773,-3.3375082,-4.264243,42
31b0ed1cfaae953027e1,data/plantvillage/raw/color/Apple___healthy/682b3d72-607f-404f-b9e8-48acc1574f41___RS_HL 7419.JPG,healthy,0,g1604,s_reliability,reliability_val,brightness,3042372791019992581,1.2285266294556647,,,,42,0,0,healthy,0,3.946731,-3.6875317,-4.201658,42
493798e82e94ea95a3f0,data/plantvillage/raw/color/Apple___healthy/682b3d72-607f-404f-b9e8-48acc1574f41___RS_HL 7419.JPG,healthy,0,g1604,s_reliability,reliability_val,contrast,5457156303165301251,,1.0038784156727072,,,42,0,0,healthy,0,3.7066548,-3.3795567,-4.305729,42
0eb905bcff918e081ab1,data/plantvillage/raw/color/Apple___healthy/682b3d72-607f-404f-b9e8-48acc1574f41___RS_HL 7419.JPG,healthy,0,g1604,s_reliability,reliability_val,gaussian_blur,8273758236353462374,,,0.8389809067335718,,42,0,0,healthy,0,2.270948,-2.669287,-2.8459263,42
26542484c30b2bb9d8b2,data/plantvillage/raw/color/Apple___healthy/682b3d72-607f-404f-b9e8-48acc1574f41___RS_HL 7419.JPG,healthy,0,g1604,s_reliability,reliability_val,gaussian_noise,4486354613231312511,,,,0.01878348383651072,42,0,0,healthy,0,3.8126345,-3.561372,-4.2333603,42
fee2aaa8b11fa594f92c,data/plantvillage/raw/color/Apple___healthy/688b1671-7399-46a1-b93e-53b11cf210f7___RS_HL 7842.JPG,healthy,0,g1608,s_reliability,reliability_train,original,,,,,,42,0,0,healthy,0,3.798828,-3.4823725,-3.867107,42
d01c406f4322d49de387,data/plantvillage/raw/color/Apple___healthy/688b1671-7399-46a1-b93e-53b11cf210f7___RS_HL 7842.JPG,healthy,0,g1608,s_reliability,reliability_train,brightness,2676501946423293547,1.2236224507668134,,,,42,0,0,healthy,0,3.782933,-2.8537955,-4.1468945,42
d04883df8f4af14b1a23,data/plantvillage/raw/color/Apple___healthy/688b1671-7399-46a1-b93e-53b11cf210f7___RS_HL 7842.JPG,healthy,0,g1608,s_reliability,reliability_train,contrast,635364943235897498,,0.8023841006687206,,,42,0,0,healthy,0,3.603452,-3.3116202,-3.8559318,42
23d520f215f2441092ef,data/plantvillage/raw/color/Apple___healthy/688b1671-7399-46a1-b93e-53b11cf210f7___RS_HL 7842.JPG,healthy,0,g1608,s_reliability,reliability_train,gaussian_blur,3547875458991845162,,,0.8340288240771796,,42,0,0,healthy,0,1.2861727,-2.8017225,-1.6919446,42
d1a93b268d4ca16100e3,data/plantvillage/raw/color/Apple___healthy/688b1671-7399-46a1-b93e-53b11cf210f7___RS_HL 7842.JPG,healthy,0,g1608,s_reliability,reliability_train,gaussian_noise,2901055583425020879,,,,0.03235823905491634,42,0,0,healthy,0,3.7528257,-3.528638,-3.8633633,42
c8f4b75f4a1a13f606e4,data/plantvillage/raw/color/Apple___healthy/6b11324f-6b70-40d7-9cd2-f7d36b0c69cd___RS_HL 7431.JPG,healthy,0,g1624,s_reliability,reliability_train,original,,,,,,42,0,0,healthy,0,3.4579065,-2.0918796,-4.304557,42
a318574085db3bda0606,data/plantvillage/raw/color/Apple___healthy/6b11324f-6b70-40d7-9cd2-f7d36b0c69cd___RS_HL 7431.JPG,healthy,0,g1624,s_reliability,reliability_train,brightness,3868479921522050785,0.947207896660402,,,,42,0,0,healthy,0,3.405602,-2.0352585,-4.35082,42
f86d4cf6748724983edb,data/plantvillage/raw/color/Apple___healthy/6b11324f-6b70-40d7-9cd2-f7d36b0c69cd___RS_HL 7431.JPG,healthy,0,g1624,s_reliability,reliability_train,contrast,858441112036798557,,0.8741820402882413,,,42,0,0,healthy,0,2.9816687,-1.4404781,-4.357605,42
40d58ec51a076a6b5611,data/plantvillage/raw/color/Apple___healthy/6b11324f-6b70-40d7-9cd2-f7d36b0c69cd___RS_HL 7431.JPG,healthy,0,g1624,s_reliability,reliability_train,gaussian_blur,4454891848424644955,,,0.5717394462692422,,42,0,0,healthy,0,2.5656977,-1.9869033,-3.157381,42
f756ef0483e0fb8dcfe0,data/plantvillage/raw/color/Apple___healthy/6b11324f-6b70-40d7-9cd2-f7d36b0c69cd___RS_HL 7431.JPG,healthy,0,g1624,s_reliability,reliability_train,gaussian_noise,6571650671872303284,,,,0.021041112580680386,42,0,0,healthy,0,3.5176003,-2.100533,-4.37002,42
6c6b86b430b397df3ae8,data/plantvillage/raw/color/Apple___healthy/6dd6bf2b-b606-46fd-af76-6c9166c7d626___RS_HL 7276.JPG,healthy,0,g1630,s_reliability,reliability_train,original,,,,,,42,0,0,healthy,0,1.9253441,0.70117456,-4.6135297,42
30d2a739863c3c07dd31,data/plantvillage/raw/color/Apple___healthy/6dd6bf2b-b606-46fd-af76-6c9166c7d626___RS_HL 7276.JPG,healthy,0,g1630,s_reliability,reliability_train,brightness,7121332562574220602,0.9255306096609139,,,,42,0,0,healthy,0,1.8058463,0.6820681,-4.5609136,42
46a9fed817f082bbdefb,data/plantvillage/raw/color/Apple___healthy/6dd6bf2b-b606-46fd-af76-6c9166c7d626___RS_HL 7276.JPG,healthy,0,g1630,s_reliability,reliability_train,contrast,8719202720325631914,,0.9397585220552213,,,42,0,0,healthy,0,1.8935701,0.6320617,-4.5684075,42
2106e7b76e2cddae2c40,data/plantvillage/raw/color/Apple___healthy/6dd6bf2b-b606-46fd-af76-6c9166c7d626___RS_HL 7276.JPG,healthy,0,g1630,s_reliability,reliability_train,gaussian_blur,2129392217765690931,,,0.6750079551887821,,42,0,0,healthy,0,0.8566117,0.40920347,-3.031506,42
5e5cbdb026e2e0bb2f20,data/plantvillage/raw/color/Apple___healthy/6dd6bf2b-b606-46fd-af76-6c9166c7d626___RS_HL 7276.JPG,healthy,0,g1630,s_reliability,reliability_train,gaussian_noise,3965098531213667549,,,,0.032511991364121744,42,0,0,healthy,0,1.873618,0.9273825,-4.72283,42
62637f3e874bba88e8b8,data/plantvillage/raw/color/Apple___healthy/7007d57a-a05a-41b5-a80f-9fe33debaf1a___RS_HL 7354.JPG,healthy,0,g1639,s_reliability,reliability_train,original,,,,,,42,0,0,healthy,0,4.9212875,-3.0288787,-5.0706577,42
5552cc9a0ab4a9519c21,data/plantvillage/raw/color/Apple___healthy/7007d57a-a05a-41b5-a80f-9fe33debaf1a___RS_HL 7354.JPG,healthy,0,g1639,s_reliability,reliability_train,brightness,2071621706127865055,1.215981187750525,,,,42,0,0,healthy,0,4.904526,-3.3095722,-4.799624,42
a23db5daf89d8b333b30,data/plantvillage/raw/color/Apple___healthy/7007d57a-a05a-41b5-a80f-9fe33debaf1a___RS_HL 7354.JPG,healthy,0,g1639,s_reliability,reliability_train,contrast,8861365151044404140,,0.9904059655569724,,,42,0,0,healthy,0,4.859612,-2.9976964,-5.035972,42
a0be6866ea8af0b90e2d,data/plantvillage/raw/color/Apple___healthy/7007d57a-a05a-41b5-a80f-9fe33debaf1a___RS_HL 7354.JPG,healthy,0,g1639,s_reliability,reliability_train,gaussian_blur,2887271617519179745,,,1.1152802214830588,,42,0,0,healthy,0,1.8798994,-2.0239425,-2.1608708,42
e10ba82cd3ebdf87a0b3,data/plantvillage/raw/color/Apple___healthy/7007d57a-a05a-41b5-a80f-9fe33debaf1a___RS_HL 7354.JPG,healthy,0,g1639,s_reliability,reliability_train,gaussian_noise,3878149075681198178,,,,0.02916067136295307,42,0,0,healthy,0,5.0433054,-3.0815945,-5.163554,42
7dfab821c1213630343d,data/plantvillage/raw/color/Apple___healthy/70491e38-2a9e-4fb7-9ab5-dfa49d46b202___RS_HL 7758.JPG,healthy,0,g1640,s_reliability,reliability_train,original,,,,,,42,0,0,healthy,0,4.745266,-3.3685393,-4.912388,42
2a265d5cdf76b91132a9,data/plantvillage/raw/color/Apple___healthy/70491e38-2a9e-4fb7-9ab5-dfa49d46b202___RS_HL 7758.JPG,healthy,0,g1640,s_reliability,reliability_train,brightness,8787338008446775969,0.9260242709492961,,,,42,0,0,healthy,0,4.5479503,-3.2466397,-4.8583508,42
d14e3124e25be18b90a2,data/plantvillage/raw/color/Apple___healthy/70491e38-2a9e-4fb7-9ab5-dfa49d46b202___RS_HL 7758.JPG,healthy,0,g1640,s_reliability,reliability_train,contrast,3617451204796488155,,1.0359099625955137,,,42,0,0,healthy,0,4.7601132,-3.3366563,-4.9497404,42
c5d8ceef5466db6213c4,data/plantvillage/raw/color/Apple___healthy/70491e38-2a9e-4fb7-9ab5-dfa49d46b202___RS_HL 7758.JPG,healthy,0,g1640,s_reliability,reliability_train,gaussian_blur,4638972763124595631,,,0.6834035612170918,,42,0,0,healthy,0,3.083077,-2.8783703,-3.2546282,42
d9867d0deabf61d6bbaa,data/plantvillage/raw/color/Apple___healthy/70491e38-2a9e-4fb7-9ab5-dfa49d46b202___RS_HL 7758.JPG,healthy,0,g1640,s_reliability,reliability_train,gaussian_noise,4501340090217783592,,,,0.020263412973000577,42,0,0,healthy,0,4.7818832,-3.313776,-5.0203433,42
db76304e141648d6bb0f,data/plantvillage/raw/color/Apple___healthy/74bda678-63b6-44fb-8e8f-259788239618___RS_HL 5830.JPG,healthy,0,g1666,s_reliability,reliability_val,original,,,,,,42,0,0,healthy,0,3.1404402,-0.4812429,-5.672354,42
25599d7bd9bd9252ad55,data/plantvillage/raw/color/Apple___healthy/74bda678-63b6-44fb-8e8f-259788239618___RS_HL 5830.JPG,healthy,0,g1666,s_reliability,reliability_val,brightness,8354729676495637886,1.207860540290557,,,,42,0,0,healthy,0,3.2312372,-0.6452983,-5.6751285,42
1e8ac5cf52c3d3498b67,data/plantvillage/raw/color/Apple___healthy/74bda678-63b6-44fb-8e8f-259788239618___RS_HL 5830.JPG,healthy,0,g1666,s_reliability,reliability_val,contrast,7522526750397469942,,0.8785054656281108,,,42,0,0,healthy,0,3.1799471,-0.62101,-5.6573286,42
6cf4101d8888838bd75c,data/plantvillage/raw/color/Apple___healthy/74bda678-63b6-44fb-8e8f-259788239618___RS_HL 5830.JPG,healthy,0,g1666,s_reliability,reliability_val,gaussian_blur,2164098246229587426,,,0.7293104970803048,,42,0,0,healthy,0,2.3320985,-1.1940806,-4.0477996,42
6fe2dd462393deb9b7dc,data/plantvillage/raw/color/Apple___healthy/74bda678-63b6-44fb-8e8f-259788239618___RS_HL 5830.JPG,healthy,0,g1666,s_reliability,reliability_val,gaussian_noise,5234303615009274950,,,,0.04604918583585833,42,0,0,healthy,0,3.607037,-0.48902124,-6.125282,42
bfc3c3347abccaa0eb40,data/plantvillage/raw/color/Apple___healthy/7671e6ca-f9a9-4657-a96a-1bcf0df3abe7___RS_HL 6231.JPG,healthy,0,g1683,s_reliability,reliability_train,original,,,,,,42,0,0,healthy,0,3.8567004,-2.160178,-4.6600146,42
40a22dd7529c975fdc29,data/plantvillage/raw/color/Apple___healthy/7671e6ca-f9a9-4657-a96a-1bcf0df3abe7___RS_HL 6231.JPG,healthy,0,g1683,s_reliability,reliability_train,brightness,2568053198855927744,1.06684715511878,,,,42,0,0,healthy,0,3.949473,-2.1928291,-4.7245526,42
67e7c638f3e23db0a7b7,data/plantvillage/raw/color/Apple___healthy/7671e6ca-f9a9-4657-a96a-1bcf0df3abe7___RS_HL 6231.JPG,healthy,0,g1683,s_reliability,reliability_train,contrast,6087336636125829222,,0.8965795062677628,,,42,0,0,healthy,0,3.633208,-1.9550599,-4.676452,42
0dad5db4b05ad8de7ffb,data/plantvillage/raw/color/Apple___healthy/7671e6ca-f9a9-4657-a96a-1bcf0df3abe7___RS_HL 6231.JPG,healthy,0,g1683,s_reliability,reliability_train,gaussian_blur,2241253917325606941,,,0.5571744632299291,,42,0,0,healthy,0,3.7744756,-2.0088522,-4.315127,42
41f98bf85b9cf03036f5,data/plantvillage/raw/color/Apple___healthy/7671e6ca-f9a9-4657-a96a-1bcf0df3abe7___RS_HL 6231.JPG,healthy,0,g1683,s_reliability,reliability_train,gaussian_noise,5941119765925625453,,,,0.03920457942774523,42,0,0,healthy,0,3.5176272,-1.8522407,-4.6652865,42
66bab726da9a4c70b642,data/plantvillage/raw/color/Apple___healthy/77273304-be77-4b74-a4ed-cd42826f4635___RS_HL 8178.JPG,healthy,0,g1689,s_reliability,reliability_train,original,,,,,,42,0,0,healthy,0,2.9300425,-2.9916832,-3.7333295,42
56350bfe255c9866cc9b,data/plantvillage/raw/color/Apple___healthy/77273304-be77-4b74-a4ed-cd42826f4635___RS_HL 8178.JPG,healthy,0,g1689,s_reliability,reliability_train,brightness,925772265463839786,0.8789070931289287,,,,42,0,0,healthy,0,2.6424446,-2.7366138,-3.638671,42
956427552dc5c5856662,data/plantvillage/raw/color/Apple___healthy/77273304-be77-4b74-a4ed-cd42826f4635___RS_HL 8178.JPG,healthy,0,g1689,s_reliability,reliability_train,contrast,5668153979025068303,,0.8086133881916739,,,42,0,0,healthy,0,2.3261402,-2.6350088,-3.4342504,42
a8a803a3519dca51b3e6,data/plantvillage/raw/color/Apple___healthy/77273304-be77-4b74-a4ed-cd42826f4635___RS_HL 8178.JPG,healthy,0,g1689,s_reliability,reliability_train,gaussian_blur,1824845727553203789,,,0.966528495953287,,42,0,0,healthy,0,1.0394675,-3.2540843,-1.334761,42
bdaf035f59b1ca00dbf5,data/plantvillage/raw/color/Apple___healthy/77273304-be77-4b74-a4ed-cd42826f4635___RS_HL 8178.JPG,healthy,0,g1689,s_reliability,reliability_train,gaussian_noise,721288192030575115,,,,0.027337485524234505,42,0,0,healthy,0,3.3278036,-3.1217816,-3.9899168,42
be341a1d2f52c5bbb3a2,data/plantvillage/raw/color/Apple___healthy/772e7314-c24e-4126-aa12-224b27098319___RS_HL 5663.JPG,healthy,0,g1690,s_reliability,reliability_train,original,,,,,,42,0,0,healthy,0,3.7738254,-1.333767,-6.5938697,42
25a0e74764d512b36044,data/plantvillage/raw/color/Apple___healthy/772e7314-c24e-4126-aa12-224b27098319___RS_HL 5663.JPG,healthy,0,g1690,s_reliability,reliability_train,brightness,6525611451130918285,1.2739090785046931,,,,42,0,0,healthy,0,3.9887679,-1.7605987,-6.4712024,42
497cd4fca83db3274031,data/plantvillage/raw/color/Apple___healthy/772e7314-c24e-4126-aa12-224b27098319___RS_HL 5663.JPG,healthy,0,g1690,s_reliability,reliability_train,contrast,6541153134783984717,,0.9159047233775282,,,42,0,0,healthy,0,3.5760572,-1.2034584,-6.505874,42
54bbb9d2481014bf7007,data/plantvillage/raw/color/Apple___healthy/772e7314-c24e-4126-aa12-224b27098319___RS_HL 5663.JPG,healthy,0,g1690,s_reliability,reliability_train,gaussian_blur,1053296519042487790,,,0.6803326294852688,,42,0,0,healthy,0,2.8249588,-1.6863456,-5.0028486,42
1ec12cd43eceab816d2d,data/plantvillage/raw/color/Apple___healthy/772e7314-c24e-4126-aa12-224b27098319___RS_HL 5663.JPG,healthy,0,g1690,s_reliability,reliability_train,gaussian_noise,8641491889984266806,,,,0.026246528427929947,42,0,0,healthy,0,4.1885533,-1.5302683,-6.784316,42
acf2add78aa95fcb4789,data/plantvillage/raw/color/Apple___healthy/777d6fd1-feb3-4dac-afa7-79b507d48ffa___RS_HL 5859.JPG,healthy,0,g1692,s_reliability,reliability_train,original,,,,,,42,0,0,healthy,0,3.4474678,-1.6276342,-5.26336,42
036e9327bb71a85d2704,data/plantvillage/raw/color/Apple___healthy/777d6fd1-feb3-4dac-afa7-79b507d48ffa___RS_HL 5859.JPG,healthy,0,g1692,s_reliability,reliability_train,brightness,510693475742337781,0.9988266236926207,,,,42,0,0,healthy,0,3.4908624,-1.6557537,-5.270144,42
48ba290ab0c1b0720c8c,data/plantvillage/raw/color/Apple___healthy/777d6fd1-feb3-4dac-afa7-79b507d48ffa___RS_HL 5859.JPG,healthy,0,g1692,s_reliability,reliability_train,contrast,7229913262090452369,,1.0155887063914888,,,42,0,0,healthy,0,3.5441332,-1.702306,-5.283007,42
724b7709a4c8d2857cfd,data/plantvillage/raw/color/Apple___healthy/777d6fd1-feb3-4dac-afa7-79b507d48ffa___RS_HL 5859.JPG,healthy,0,g1692,s_reliability,reliability_train,gaussian_blur,1065079050517430028,,,0.6128414056768683,,42,0,0,healthy,0,2.2253456,-1.2854427,-4.0898075,42
9c31736c3d3776292b0a,data/plantvillage/raw/color/Apple___healthy/777d6fd1-feb3-4dac-afa7-79b507d48ffa___RS_HL 5859.JPG,healthy,0,g1692,s_reliability,reliability_train,gaussian_noise,6202070551490669704,,,,0.03831151589816529,42,0,0,healthy,0,3.7268202,-1.6835537,-5.3858876,42
f5dfb6ff4ac84392e939,data/plantvillage/raw/color/Apple___healthy/77dcceb4-6a47-42b6-837a-0b60999cd2d1___RS_HL 7471.JPG,healthy,0,g1698,s_reliability,reliability_train,original,,,,,,42,0,0,healthy,0,3.7282376,-1.9718598,-4.9812093,42
1e12493cc372f36ee5c9,data/plantvillage/raw/color/Apple___healthy/77dcceb4-6a47-42b6-837a-0b60999cd2d1___RS_HL 7471.JPG,healthy,0,g1698,s_reliability,reliability_train,brightness,1970191286625249840,1.1072611014568954,,,,42,0,0,healthy,0,3.9474607,-2.099709,-4.969416,42
7042567355dd393e5edc,data/plantvillage/raw/color/Apple___healthy/77dcceb4-6a47-42b6-837a-0b60999cd2d1___RS_HL 7471.JPG,healthy,0,g1698,s_reliability,reliability_train,contrast,7203960130090820988,,1.1945294529388388,,,42,0,0,healthy,0,3.33202,-1.8248225,-4.704895,42
e727b38dca4ec2cbafcc,data/plantvillage/raw/color/Apple___healthy/77dcceb4-6a47-42b6-837a-0b60999cd2d1___RS_HL 7471.JPG,healthy,0,g1698,s_reliability,reliability_train,gaussian_blur,3269117759306177396,,,1.149139426924851,,42,0,0,healthy,0,0.16524439,-1.0543739,-1.9142048,42
4f72d7145d4e20122118,data/plantvillage/raw/color/Apple___healthy/77dcceb4-6a47-42b6-837a-0b60999cd2d1___RS_HL 7471.JPG,healthy,0,g1698,s_reliability,reliability_train,gaussian_noise,2868177552483715581,,,,0.035047558001354236,42,0,0,healthy,0,3.6663768,-1.8808982,-5.0477047,42
b7562aaa635bccb621b5,data/plantvillage/raw/color/Apple___healthy/7a5ad785-c05e-49bd-b1e0-4d9405bedfb5___RS_HL 7804.JPG,healthy,0,g1712,s_reliability,reliability_train,original,,,,,,42,0,0,healthy,0,3.0717063,-2.3094022,-3.9945555,42
2c5313ff155ecf26238f,data/plantvillage/raw/color/Apple___healthy/7a5ad785-c05e-49bd-b1e0-4d9405bedfb5___RS_HL 7804.JPG,healthy,0,g1712,s_reliability,reliability_train,brightness,1604897318618125669,1.1220735716507304,,,,42,0,0,healthy,0,3.388697,-2.5929463,-4.058196,42
339b645169bf594abf4e,data/plantvillage/raw/color/Apple___healthy/7a5ad785-c05e-49bd-b1e0-4d9405bedfb5___RS_HL 7804.JPG,healthy,0,g1712,s_reliability,reliability_train,contrast,8397058424270068818,,0.8098436377224171,,,42,0,0,healthy,0,2.6140685,-2.0807748,-3.6296885,42
7f7e582bca0d3f030262,data/plantvillage/raw/color/Apple___healthy/7a5ad785-c05e-49bd-b1e0-4d9405bedfb5___RS_HL 7804.JPG,healthy,0,g1712,s_reliability,reliability_train,gaussian_blur,9219420852774414020,,,0.5290412297267945,,42,0,0,healthy,0,2.7029624,-2.6437092,-3.1109488,42
c1ddd21cfa764084aca3,data/plantvillage/raw/color/Apple___healthy/7a5ad785-c05e-49bd-b1e0-4d9405bedfb5___RS_HL 7804.JPG,healthy,0,g1712,s_reliability,reliability_train,gaussian_noise,6280340153829253972,,,,0.04609581619717097,42,0,0,healthy,0,2.8942292,-1.5748366,-4.3313565,42
5cb2b78374c622dcf48c,data/plantvillage/raw/color/Apple___healthy/7c388477-2953-4b3d-8f22-7f9eed5fff5c___RS_HL 7527.JPG,healthy,0,g1725,s_reliability,reliability_train,original,,,,,,42,0,0,healthy,0,4.2393923,-1.8136678,-5.646807,42
147cd5de1bf9b287a210,data/plantvillage/raw/color/Apple___healthy/7c388477-2953-4b3d-8f22-7f9eed5fff5c___RS_HL 7527.JPG,healthy,0,g1725,s_reliability,reliability_train,brightness,3223485374606188688,1.2041985876420518,,,,42,0,0,healthy,0,4.0814314,-1.256691,-5.8043585,42
d6dc56ba293941b21aa4,data/plantvillage/raw/color/Apple___healthy/7c388477-2953-4b3d-8f22-7f9eed5fff5c___RS_HL 7527.JPG,healthy,0,g1725,s_reliability,reliability_train,contrast,5571053278352681525,,0.7757712870291704,,,42,0,0,healthy,0,4.660494,-2.6406646,-5.408045,42
2a8cbada13c42f5a90b1,data/plantvillage/raw/color/Apple___healthy/7c388477-2953-4b3d-8f22-7f9eed5fff5c___RS_HL 7527.JPG,healthy,0,g1725,s_reliability,reliability_train,gaussian_blur,6667656703383072614,,,1.09603715371721,,42,0,0,healthy,0,2.1232097,-2.1593735,-2.7457848,42
ce53806a886069f06217,data/plantvillage/raw/color/Apple___healthy/7c388477-2953-4b3d-8f22-7f9eed5fff5c___RS_HL 7527.JPG,healthy,0,g1725,s_reliability,reliability_train,gaussian_noise,7822252749604465707,,,,0.03575452947350419,42,0,0,healthy,0,3.977286,-1.3631679,-5.694813,42
440f1eb228743354fed7,data/plantvillage/raw/color/Apple___healthy/7ea27d6d-f7a0-44b3-b6a2-f24455deb48b___RS_HL 7589.JPG,healthy,0,g1736,s_reliability,reliability_val,original,,,,,,42,0,0,healthy,0,5.0889883,-4.3483806,-4.23372,42
2734ca607fd70455034e,data/plantvillage/raw/color/Apple___healthy/7ea27d6d-f7a0-44b3-b6a2-f24455deb48b___RS_HL 7589.JPG,healthy,0,g1736,s_reliability,reliability_val,brightness,8461396108859844478,0.7365126531468182,,,,42,0,0,healthy,0,5.1627617,-4.284296,-4.3268046,42
cef48b3577dc5e0a01e3,data/plantvillage/raw/color/Apple___healthy/7ea27d6d-f7a0-44b3-b6a2-f24455deb48b___RS_HL 7589.JPG,healthy,0,g1736,s_reliability,reliability_val,contrast,6570767950816044419,,1.082659119312884,,,42,0,0,healthy,0,5.27136,-4.3759236,-4.3726273,42
52e59b9f60ced82ea9ef,data/plantvillage/raw/color/Apple___healthy/7ea27d6d-f7a0-44b3-b6a2-f24455deb48b___RS_HL 7589.JPG,healthy,0,g1736,s_reliability,reliability_val,gaussian_blur,4189166333204638915,,,1.1444246746815927,,42,0,0,healthy,0,3.347438,-3.6308825,-2.450645,42
7eaa49ccf8707e04d511,data/plantvillage/raw/color/Apple___healthy/7ea27d6d-f7a0-44b3-b6a2-f24455deb48b___RS_HL 7589.JPG,healthy,0,g1736,s_reliability,reliability_val,gaussian_noise,6693634688655919635,,,,0.01225544827394252,42,0,0,healthy,0,5.017927,-4.2684445,-4.212403,42
63e62dc16eadcb09efc5,data/plantvillage/raw/color/Apple___healthy/7f447118-8a9c-4e77-8333-d411d1124c7f___RS_HL 5849.JPG,healthy,0,g1739,s_reliability,reliability_train,original,,,,,,42,0,0,healthy,0,5.1802273,-2.916719,-5.798625,42
237119d24042859fe750,data/plantvillage/raw/color/Apple___healthy/7f447118-8a9c-4e77-8333-d411d1124c7f___RS_HL 5849.JPG,healthy,0,g1739,s_reliability,reliability_train,brightness,4559969354747361765,1.176140409009688,,,,42,0,0,healthy,0,5.3368125,-3.24264,-5.588497,42
3329ae88688f86e4b74e,data/plantvillage/raw/color/Apple___healthy/7f447118-8a9c-4e77-8333-d411d1124c7f___RS_HL 5849.JPG,healthy,0,g1739,s_reliability,reliability_train,contrast,857716227801718330,,1.2739113638626567,,,42,0,0,healthy,0,5.125765,-3.223011,-5.2658086,42
153abe96744be0a2c687,data/plantvillage/raw/color/Apple___healthy/7f447118-8a9c-4e77-8333-d411d1124c7f___RS_HL 5849.JPG,healthy,0,g1739,s_reliability,reliability_train,gaussian_blur,8558102354260090045,,,1.4402705044855328,,42,0,0,healthy,0,1.8512211,-2.0873966,-2.1772912,42
792e8258089cc2d943c2,data/plantvillage/raw/color/Apple___healthy/7f447118-8a9c-4e77-8333-d411d1124c7f___RS_HL 5849.JPG,healthy,0,g1739,s_reliability,reliability_train,gaussian_noise,2061329993026902096,,,,0.012156087108141055,42,0,0,healthy,0,5.235876,-2.9177308,-5.8669367,42
f4b11ececbaf6bcb1f76,data/plantvillage/raw/color/Apple___healthy/8042447f-f615-4683-b8fc-267e746a4744___RS_HL 7820.JPG,healthy,0,g1747,s_reliability,reliability_train,original,,,,,,42,0,0,healthy,0,5.8550487,-4.187865,-5.0878043,42
9c76ff17793cfb104d46,data/plantvillage/raw/color/Apple___healthy/8042447f-f615-4683-b8fc-267e746a4744___RS_HL 7820.JPG,healthy,0,g1747,s_reliability,reliability_train,brightness,3362727343854424021,0.9969025343491731,,,,42,0,0,healthy,0,5.8688455,-4.1862397,-5.1015253,42
e33aac1c56cf74274508,data/plantvillage/raw/color/Apple___healthy/8042447f-f615-4683-b8fc-267e746a4744___RS_HL 7820.JPG,healthy,0,g1747,s_reliability,reliability_train,contrast,5474877740709770939,,1.2475215145269782,,,42,0,0,healthy,0,5.743079,-3.9534774,-5.161808,42
dc14f276323d1eea2803,data/plantvillage/raw/color/Apple___healthy/8042447f-f615-4683-b8fc-267e746a4744___RS_HL 7820.JPG,healthy,0,g1747,s_reliability,reliability_train,gaussian_blur,4121906129337101089,,,0.8879106841293843,,42,0,0,healthy,0,3.672749,-3.8616166,-2.9207997,42
00c10df868720e5baf01,data/plantvillage/raw/color/Apple___healthy/8042447f-f615-4683-b8fc-267e746a4744___RS_HL 7820.JPG,healthy,0,g1747,s_reliability,reliability_train,gaussian_noise,7265155174349985714,,,,0.030500196357401768,42,0,0,healthy,0,5.90843,-4.149349,-5.272291,42
b45398e12bf0ddf3ad0a,data/plantvillage/raw/color/Apple___healthy/81bf7931-e6d7-4f6d-aae5-9de7d0c4ae33___RS_HL 7893.JPG,healthy,0,g1757,s_reliability,reliability_val,original,,,,,,42,0,0,healthy,0,1.589589,-0.60787433,-4.6085067,42
985310a493f033f2a1f9,data/plantvillage/raw/color/Apple___healthy/81bf7931-e6d7-4f6d-aae5-9de7d0c4ae33___RS_HL 7893.JPG,healthy,0,g1757,s_reliability,reliability_val,brightness,4501925940684797647,0.7394327246360354,,,,42,0,0,healthy,0,1.8044823,-0.41310078,-4.8254266,42
4e30bde41aea52007cd6,data/plantvillage/raw/color/Apple___healthy/81bf7931-e6d7-4f6d-aae5-9de7d0c4ae33___RS_HL 7893.JPG,healthy,0,g1757,s_reliability,reliability_val,contrast,4732947288737176290,,0.7364563645374665,,,42,0,0,healthy,0,1.4156146,-0.5810384,-4.450312,42
62f3c7f5c735308ecf7c,data/plantvillage/raw/color/Apple___healthy/81bf7931-e6d7-4f6d-aae5-9de7d0c4ae33___RS_HL 7893.JPG,healthy,0,g1757,s_reliability,reliability_val,gaussian_blur,5235676522751155221,,,0.8153389941494824,,42,0,0,healthy,0,0.6062619,-0.21648914,-3.2769065,42
dfc904c7d802fb1f1be9,data/plantvillage/raw/color/Apple___healthy/81bf7931-e6d7-4f6d-aae5-9de7d0c4ae33___RS_HL 7893.JPG,healthy,0,g1757,s_reliability,reliability_val,gaussian_noise,4096262201804750935,,,,0.04713442708140202,42,0,0,healthy,0,2.2270114,-0.6988008,-5.013625,42
d67f1170a29c33532acb,data/plantvillage/raw/color/Apple___healthy/8201f21f-cd54-4ff6-9fc7-f3e97b0a8b42___RS_HL 8077.JPG,healthy,0,g1759,s_reliability,reliability_train,original,,,,,,42,0,0,healthy,0,3.876634,-2.692325,-4.5338407,42
c76bf23f3cefdcfaf5ae,data/plantvillage/raw/color/Apple___healthy/8201f21f-cd54-4ff6-9fc7-f3e97b0a8b42___RS_HL 8077.JPG,healthy,0,g1759,s_reliability,reliability_train,brightness,7085768647861312085,1.078993010580627,,,,42,0,0,healthy,0,3.8644342,-2.6564353,-4.61702,42
9ab15db4c23df754cb1e,data/plantvillage/raw/color/Apple___healthy/8201f21f-cd54-4ff6-9fc7-f3e97b0a8b42___RS_HL 8077.JPG,healthy,0,g1759,s_reliability,reliability_train,contrast,6726328180983986845,,1.130735223542589,,,42,0,0,healthy,0,3.9177194,-2.61313,-4.6645722,42
b22e7f1746830c05a354,data/plantvillage/raw/color/Apple___healthy/8201f21f-cd54-4ff6-9fc7-f3e97b0a8b42___RS_HL 8077.JPG,healthy,0,g1759,s_reliability,reliability_train,gaussian_blur,8895324890442009947,,,1.245501110710363,,42,0,0,healthy,0,1.7053876,-2.1358213,-1.6619614,42
4567728fac1a0827da8d,data/plantvillage/raw/color/Apple___healthy/8201f21f-cd54-4ff6-9fc7-f3e97b0a8b42___RS_HL 8077.JPG,healthy,0,g1759,s_reliability,reliability_train,gaussian_noise,4120115303559709157,,,,0.02215336252473238,42,0,0,healthy,0,3.8281615,-2.6059396,-4.597306,42
065c1f38138fde6d43c9,data/plantvillage/raw/color/Apple___healthy/826bd506-04f2-424d-89da-7fe6ad6926b2___RS_HL 5757.JPG,healthy,0,g1760,s_reliability,reliability_train,original,,,,,,42,0,0,healthy,0,5.5280995,-2.9996672,-6.4806166,42
9fc824e93065e9fc60a2,data/plantvillage/raw/color/Apple___healthy/826bd506-04f2-424d-89da-7fe6ad6926b2___RS_HL 5757.JPG,healthy,0,g1760,s_reliability,reliability_train,brightness,372664427268121784,0.9674453486671806,,,,42,0,0,healthy,0,5.505023,-3.0039773,-6.4554596,42
d1a1233527572ac0c136,data/plantvillage/raw/color/Apple___healthy/826bd506-04f2-424d-89da-7fe6ad6926b2___RS_HL 5757.JPG,healthy,0,g1760,s_reliability,reliability_train,contrast,8462381416327046229,,0.9342141410845698,,,42,0,0,healthy,0,5.2984557,-2.8362372,-6.370648,42
23f7c908257ed95e06e5,data/plantvillage/raw/color/Apple___healthy/826bd506-04f2-424d-89da-7fe6ad6926b2___RS_HL 5757.JPG,healthy,0,g1760,s_reliability,reliability_train,gaussian_blur,2572962370864418561,,,1.037227323707203,,42,0,0,healthy,0,2.9050705,-2.5827055,-3.3340075,42
631ddcd13b4858aa4327,data/plantvillage/raw/color/Apple___healthy/826bd506-04f2-424d-89da-7fe6ad6926b2___RS_HL 5757.JPG,healthy,0,g1760,s_reliability,reliability_train,gaussian_noise,3719151614268812614,,,,0.026555975047038792,42,0,0,healthy,0,5.518102,-2.9689727,-6.5488386,42
1acdc4d3daaa2f0fd911,data/plantvillage/raw/color/Apple___healthy/828a6b50-e2fb-4e63-a595-556aa41d43a7___RS_HL 6250.JPG,healthy,0,g1761,s_reliability,reliability_train,original,,,,,,42,0,0,healthy,0,2.741252,-2.9217803,-3.271535,42
64d1febd3d52988e418b,data/plantvillage/raw/color/Apple___healthy/828a6b50-e2fb-4e63-a595-556aa41d43a7___RS_HL 6250.JPG,healthy,0,g1761,s_reliability,reliability_train,brightness,6447087462197887357,1.1535229743885125,,,,42,0,0,healthy,0,2.9589467,-2.9824,-3.50204,42
363b515a09bd74262c80,data/plantvillage/raw/color/Apple___healthy/828a6b50-e2fb-4e63-a595-556aa41d43a7___RS_HL 6250.JPG,healthy,0,g1761,s_reliability,reliability_train,contrast,8233069009094032829,,1.2321900676634696,,,42,0,0,healthy,0,3.1002107,-3.059186,-3.499307,42
5ddcfa31b3dec617a381,data/plantvillage/raw/color/Apple___healthy/828a6b50-e2fb-4e63-a595-556aa41d43a7___RS_HL 6250.JPG,healthy,0,g1761,s_reliability,reliability_train,gaussian_blur,3358344525796942655,,,1.197074391911462,,42,0,0,healthy,0,0.50960153,-2.8057237,-0.4224815,42
6ee02d8be19ec62a3042,data/plantvillage/raw/color/Apple___healthy/828a6b50-e2fb-4e63-a595-556aa41d43a7___RS_HL 6250.JPG,healthy,0,g1761,s_reliability,reliability_train,gaussian_noise,749017393570377023,,,,0.03622863941987599,42,0,0,healthy,0,3.279553,-3.287098,-3.6628904,42
68149d675946fb39667b,data/plantvillage/raw/color/Apple___healthy/84ed8ffd-a47f-4b52-befa-938a10012a4c___RS_HL 6135.JPG,healthy,0,g1776,s_reliability,reliability_train,original,,,,,,42,0,0,healthy,0,5.455747,-3.7988288,-4.8642755,42
39a2ebbc4a609d4b85ee,data/plantvillage/raw/color/Apple___healthy/84ed8ffd-a47f-4b52-befa-938a10012a4c___RS_HL 6135.JPG,healthy,0,g1776,s_reliability,reliability_train,brightness,6789558132708485257,1.0194409321933724,,,,42,0,0,healthy,0,5.4077,-3.7589192,-4.8430557,42
ca33a7a6199217aed259,data/plantvillage/raw/color/Apple___healthy/84ed8ffd-a47f-4b52-befa-938a10012a4c___RS_HL 6135.JPG,healthy,0,g1776,s_reliability,reliability_train,contrast,2432412430996057878,,1.109186187765761,,,42,0,0,healthy,0,5.5743146,-3.8577862,-4.9265056,42
7d5bd965c70edfa0e8b1,data/plantvillage/raw/color/Apple___healthy/84ed8ffd-a47f-4b52-befa-938a10012a4c___RS_HL 6135.JPG,healthy,0,g1776,s_reliability,reliability_train,gaussian_blur,8659387467588441063,,,0.6815151337459453,,42,0,0,healthy,0,4.360701,-3.6663742,-3.9914644,42
ecbaa4da22adfeaa9f18,data/plantvillage/raw/color/Apple___healthy/84ed8ffd-a47f-4b52-befa-938a10012a4c___RS_HL 6135.JPG,healthy,0,g1776,s_reliability,reliability_train,gaussian_noise,3271724345642598775,,,,0.019432566205927954,42,0,0,healthy,0,5.558727,-3.8489234,-4.9062533,42
4b432d0c4f048cec0e92,data/plantvillage/raw/color/Apple___healthy/8558ed98-6e99-4d7e-98e1-9437bd4d2382___RS_HL 5766.JPG,healthy,0,g1779,s_reliability,reliability_train,original,,,,,,42,0,0,healthy,0,5.5057917,-3.0613678,-5.863356,42
3a67c29eee0df6529dc1,data/plantvillage/raw/color/Apple___healthy/8558ed98-6e99-4d7e-98e1-9437bd4d2382___RS_HL 5766.JPG,healthy,0,g1779,s_reliability,reliability_train,brightness,9107260815472995184,0.9625635639498918,,,,42,0,0,healthy,0,5.519222,-3.0954967,-5.8347073,42
b1410ecb735b9cccd629,data/plantvillage/raw/color/Apple___healthy/8558ed98-6e99-4d7e-98e1-9437bd4d2382___RS_HL 5766.JPG,healthy,0,g1779,s_reliability,reliability_train,contrast,3162719292621830988,,0.8033790223104266,,,42,0,0,healthy,0,4.693936,-2.669101,-5.509846,42
96163f328ffe124b62ee,data/plantvillage/raw/color/Apple___healthy/8558ed98-6e99-4d7e-98e1-9437bd4d2382___RS_HL 5766.JPG,healthy,0,g1779,s_reliability,reliability_train,gaussian_blur,751654310768418450,,,0.9407708163587952,,42,0,0,healthy,0,2.9319313,-2.3422673,-2.8050935,42
741862ff4ee566cb6315,data/plantvillage/raw/color/Apple___healthy/8558ed98-6e99-4d7e-98e1-9437bd4d2382___RS_HL 5766.JPG,healthy,0,g1779,s_reliability,reliability_train,gaussian_noise,3028278714416323596,,,,0.04434332719948029,42,0,0,healthy,0,6.1821456,-3.5289202,-6.0187345,42
68e11d49bb9b7ae12460,data/plantvillage/raw/color/Apple___healthy/8656f9ff-3a95-4350-af32-82ed2fbff533___RS_HL 7976.JPG,healthy,0,g1784,s_reliability,reliability_val,original,,,,,,42,0,0,healthy,0,5.5898323,-3.6548522,-4.921448,42
244e6deb1d998084f35b,data/plantvillage/raw/color/Apple___healthy/8656f9ff-3a95-4350-af32-82ed2fbff533___RS_HL 7976.JPG,healthy,0,g1784,s_reliability,reliability_val,brightness,4633566739156206685,0.7622302636247528,,,,42,0,0,healthy,0,5.591939,-4.090467,-4.7198005,42
1f627b72779558aba772,data/plantvillage/raw/color/Apple___healthy/8656f9ff-3a95-4350-af32-82ed2fbff533___RS_HL 7976.JPG,healthy,0,g1784,s_reliability,reliability_val,contrast,7771063872522735287,,1.297576369500566,,,42,0,0,healthy,0,5.280276,-3.2391298,-4.72482,42
2373a528133bf3565f4f,data/plantvillage/raw/color/Apple___healthy/8656f9ff-3a95-4350-af32-82ed2fbff533___RS_HL 7976.JPG,healthy,0,g1784,s_reliability,reliability_val,gaussian_blur,4253427391049967742,,,0.9525676749753236,,42,0,0,healthy,0,3.8137515,-3.144725,-3.5724945,42
8d16046ef028fac1d0c7,data/plantvillage/raw/color/Apple___healthy/8656f9ff-3a95-4350-af32-82ed2fbff533___RS_HL 7976.JPG,healthy,0,g1784,s_reliability,reliability_val,gaussian_noise,8413667823310744120,,,,0.04857651827824165,42,0,0,healthy,0,5.765437,-3.8568325,-5.0513225,42
af3245e748b52fc93ca5,data/plantvillage/raw/color/Apple___healthy/8673df90-01fb-4dde-9510-6743bfefb367___RS_HL 6069.JPG,healthy,0,g1785,s_reliability,reliability_train,original,,,,,,42,0,0,healthy,0,4.8446627,-1.5344061,-6.695248,42
ddfe4f36da5c63b5d0ba,data/plantvillage/raw/color/Apple___healthy/8673df90-01fb-4dde-9510-6743bfefb367___RS_HL 6069.JPG,healthy,0,g1785,s_reliability,reliability_train,brightness,6667953114870525311,0.9753758064350833,,,,42,0,0,healthy,0,4.9227853,-1.5643414,-6.735366,42
120d4eaed8d5668a9af2,data/plantvillage/raw/color/Apple___healthy/8673df90-01fb-4dde-9510-6743bfefb367___RS_HL 6069.JPG,healthy,0,g1785,s_reliability,reliability_train,contrast,902036892705712262,,1.0945233205271678,,,42,0,0,healthy,0,4.9034123,-1.5187414,-6.78935,42
f0acc875c5f1034a81b3,data/plantvillage/raw/color/Apple___healthy/8673df90-01fb-4dde-9510-6743bfefb367___RS_HL 6069.JPG,healthy,0,g1785,s_reliability,reliability_train,gaussian_blur,7591684160204380553,,,0.7163080692355139,,42,0,0,healthy,0,3.1541638,-1.0822501,-4.943699,42
fc550ed727c2db594f15,data/plantvillage/raw/color/Apple___healthy/8673df90-01fb-4dde-9510-6743bfefb367___RS_HL 6069.JPG,healthy,0,g1785,s_reliability,reliability_train,gaussian_noise,3366347545393325150,,,,0.024452389991861695,42,0,0,healthy,0,5.0188184,-1.6515207,-6.775064,42
e79078cac943fba8c14e,data/plantvillage/raw/color/Apple___healthy/86f3c6c0-3038-45dc-9307-3f548f20b74b___RS_HL 6318.JPG,healthy,0,g1789,s_reliability,reliability_train,original,,,,,,42,0,0,healthy,0,4.5625196,-2.5554867,-5.549099,42
a0e5c4bbb10cd746b898,data/plantvillage/raw/color/Apple___healthy/86f3c6c0-3038-45dc-9307-3f548f20b74b___RS_HL 6318.JPG,healthy,0,g1789,s_reliability,reliability_train,brightness,5148021623721417787,0.7850546205110411,,,,42,0,0,healthy,0,4.4202127,-2.629952,-5.3494277,42
4f9921e09fdfda601c7a,data/plantvillage/raw/color/Apple___healthy/86f3c6c0-3038-45dc-9307-3f548f20b74b___RS_HL 6318.JPG,healthy,0,g1789,s_reliability,reliability_train,contrast,6461414002697797000,,0.95376406124335,,,42,0,0,healthy,0,4.5076776,-2.5613852,-5.489109,42
1156c36d374ddce48e2e,data/plantvillage/raw/color/Apple___healthy/86f3c6c0-3038-45dc-9307-3f548f20b74b___RS_HL 6318.JPG,healthy,0,g1789,s_reliability,reliability_train,gaussian_blur,4529780705366286719,,,1.0803503941376245,,42,0,0,healthy,0,2.7794018,-3.1124341,-3.019604,42
b009b1b35a5785b7457d,data/plantvillage/raw/color/Apple___healthy/86f3c6c0-3038-45dc-9307-3f548f20b74b___RS_HL 6318.JPG,healthy,0,g1789,s_reliability,reliability_train,gaussian_noise,359762338404851851,,,,0.021391652476119447,42,0,0,healthy,0,4.429275,-2.5535681,-5.427412,42
86a545077a7e88bebbb5,data/plantvillage/raw/color/Apple___healthy/86f6b322-e7af-4d91-b0c3-c5c6d6336fa5___RS_HL 7422.JPG,healthy,0,g1790,s_reliability,reliability_train,original,,,,,,42,0,0,healthy,0,2.6808398,-1.5729544,-4.8092613,42
2dabdcf932ef0a22e341,data/plantvillage/raw/color/Apple___healthy/86f6b322-e7af-4d91-b0c3-c5c6d6336fa5___RS_HL 7422.JPG,healthy,0,g1790,s_reliability,reliability_train,brightness,8141228903556820872,1.0130736088636854,,,,42,0,0,healthy,0,2.7422771,-1.6398678,-4.801659,42
3965f13a20a0e959d090,data/plantvillage/raw/color/Apple___healthy/86f6b322-e7af-4d91-b0c3-c5c6d6336fa5___RS_HL 7422.JPG,healthy,0,g1790,s_reliability,reliability_train,contrast,1548104415308583315,,1.1247396348202927,,,42,0,0,healthy,0,3.068909,-1.9276336,-4.8179717,42
086f0dbcba416764ee2b,data/plantvillage/raw/color/Apple___healthy/86f6b322-e7af-4d91-b0c3-c5c6d6336fa5___RS_HL 7422.JPG,healthy,0,g1790,s_reliability,reliability_train,gaussian_blur,7281526616654057826,,,1.3001826810648027,,42,0,0,healthy,0,-0.1663592,-1.8151498,-0.96260595,42
36d7e0c6ff9a3b1bdca2,data/plantvillage/raw/color/Apple___healthy/86f6b322-e7af-4d91-b0c3-c5c6d6336fa5___RS_HL 7422.JPG,healthy,0,g1790,s_reliability,reliability_train,gaussian_noise,8828919648632029212,,,,0.018740848399034456,42,0,0,healthy,0,2.894109,-1.7688291,-4.8091865,42
c3a6a15d00c68f6cca6a,data/plantvillage/raw/color/Apple___healthy/8704d8b7-1368-441a-bad0-9f05b1cb6e7b___RS_HL 7623.JPG,healthy,0,g1791,s_reliability,reliability_val,original,,,,,,42,0,0,healthy,0,4.043815,-1.5450759,-3.9657009,42
9ed4cb81fb5b6ed3e120,data/plantvillage/raw/color/Apple___healthy/8704d8b7-1368-441a-bad0-9f05b1cb6e7b___RS_HL 7623.JPG,healthy,0,g1791,s_reliability,reliability_val,brightness,3883854136351593654,1.065333919005868,,,,42,0,0,healthy,0,4.0489774,-1.6170638,-3.951305,42
470c55417d080ab46d96,data/plantvillage/raw/color/Apple___healthy/8704d8b7-1368-441a-bad0-9f05b1cb6e7b___RS_HL 7623.JPG,healthy,0,g1791,s_reliability,reliability_val,contrast,7301530891217453076,,0.8808088279097759,,,42,0,0,healthy,0,4.0900173,-1.6080068,-3.920067,42
d7324b8c8042830f4287,data/plantvillage/raw/color/Apple___healthy/8704d8b7-1368-441a-bad0-9f05b1cb6e7b___RS_HL 7623.JPG,healthy,0,g1791,s_reliability,reliability_val,gaussian_blur,4235451986328628444,,,0.5429217876798199,,42,0,0,healthy,0,3.2854295,-1.3176533,-3.3272345,42
92425fb5608c2084a689,data/plantvillage/raw/color/Apple___healthy/8704d8b7-1368-441a-bad0-9f05b1cb6e7b___RS_HL 7623.JPG,healthy,0,g1791,s_reliability,reliability_val,gaussian_noise,5677361784830102227,,,,0.02150736608902042,42,0,0,healthy,0,3.9734745,-1.3447709,-4.066752,42
7400dff5ef9a7f66d163,data/plantvillage/raw/color/Apple___healthy/885dd825-a34b-4149-bbb0-445fa62a4e64___RS_HL 7814.JPG,healthy,0,g1802,s_reliability,reliability_train,original,,,,,,42,0,0,healthy,0,4.49234,-2.1936631,-5.2972207,42
693f7f6e67ec9dce60b6,data/plantvillage/raw/color/Apple___healthy/885dd825-a34b-4149-bbb0-445fa62a4e64___RS_HL 7814.JPG,healthy,0,g1802,s_reliability,reliability_train,brightness,34677126861473775,0.7504540095930385,,,,42,0,0,healthy,0,4.1988063,-1.7628798,-5.2566333,42
99881143d74c22924744,data/plantvillage/raw/color/Apple___healthy/885dd825-a34b-4149-bbb0-445fa62a4e64___RS_HL 7814.JPG,healthy,0,g1802,s_reliability,reliability_train,contrast,984631177354158694,,0.9278464728653344,,,42,0,0,healthy,0,4.3855023,-2.083133,-5.22951,42
4ac9ca2509cca1c02911,data/plantvillage/raw/color/Apple___healthy/885dd825-a34b-4149-bbb0-445fa62a4e64___RS_HL 7814.JPG,healthy,0,g1802,s_reliability,reliability_train,gaussian_blur,5247933437956969322,,,0.8953332416091414,,42,0,0,healthy,0,3.1609428,-2.4930928,-3.6243436,42
3392956cad40d597b10a,data/plantvillage/raw/color/Apple___healthy/885dd825-a34b-4149-bbb0-445fa62a4e64___RS_HL 7814.JPG,healthy,0,g1802,s_reliability,reliability_train,gaussian_noise,6682533094146373233,,,,0.04652627312773085,42,0,0,healthy,0,3.8917906,-1.5814904,-5.0398016,42
3d7ed42f5a8542776a0d,data/plantvillage/raw/color/Apple___healthy/8912707b-6c5d-4744-ad9c-b5d3564a0850___RS_HL 7796.JPG,healthy,0,g1807,s_reliability,reliability_val,original,,,,,,42,0,0,healthy,0,6.7166734,-3.977716,-6.1176586,42
62b518ff7a94f7b6fd42,data/plantvillage/raw/color/Apple___healthy/8912707b-6c5d-4744-ad9c-b5d3564a0850___RS_HL 7796.JPG,healthy,0,g1807,s_reliability,reliability_val,brightness,7130888762320695273,1.2348134446896983,,,,42,0,0,healthy,0,6.962831,-4.1430106,-6.0947514,42
daea35dd46b3b36d6e5d,data/plantvillage/raw/color/Apple___healthy/8912707b-6c5d-4744-ad9c-b5d3564a0850___RS_HL 7796.JPG,healthy,0,g1807,s_reliability,reliability_val,contrast,4719910304779180215,,1.1892975089031341,,,42,0,0,healthy,0,6.816896,-3.9702916,-6.2504416,42
4f638b76bacd7f4e7f7b,data/plantvillage/raw/color/Apple___healthy/8912707b-6c5d-4744-ad9c-b5d3564a0850___RS_HL 7796.JPG,healthy,0,g1807,s_reliability,reliability_val,gaussian_blur,3186208604189555252,,,0.9074197641595325,,42,0,0,healthy,0,4.3094068,-3.7031941,-3.7767618,42
c2472e7e2bb80014469f,data/plantvillage/raw/color/Apple___healthy/8912707b-6c5d-4744-ad9c-b5d3564a0850___RS_HL 7796.JPG,healthy,0,g1807,s_reliability,reliability_val,gaussian_noise,4675258558360528356,,,,0.0485142048537672,42,0,0,healthy,0,6.6489215,-3.7374883,-6.2993126,42
3a6b451ee4f530544d50,data/plantvillage/raw/color/Apple___healthy/892258ae-052d-4df5-8a8c-27924cd64a85___RS_HL 7497.JPG,healthy,0,g1808,s_reliability,reliability_val,original,,,,,,42,0,0,healthy,0,3.9946592,-3.1468039,-4.155367,42
b0c2798088ed2c0f1468,data/plantvillage/raw/color/Apple___healthy/892258ae-052d-4df5-8a8c-27924cd64a85___RS_HL 7497.JPG,healthy,0,g1808,s_reliability,reliability_val,brightness,7303247685771727578,0.9834856550751165,,,,42,0,0,healthy,0,4.0102005,-3.1355217,-4.1786966,42
f6def0f0c4e2575aa7c8,data/plantvillage/raw/color/Apple___healthy/892258ae-052d-4df5-8a8c-27924cd64a85___RS_HL 7497.JPG,healthy,0,g1808,s_reliability,reliability_val,contrast,2892688360631126188,,1.2042238295766676,,,42,0,0,healthy,0,3.8873756,-2.9250088,-4.2306924,42
68035f250c8989084f27,data/plantvillage/raw/color/Apple___healthy/892258ae-052d-4df5-8a8c-27924cd64a85___RS_HL 7497.JPG,healthy,0,g1808,s_reliability,reliability_val,gaussian_blur,622758977296360700,,,1.3089859489485023,,42,0,0,healthy,0,0.99139225,-2.5994546,-1.1130915,42
00962256507fcaddc245,data/plantvillage/raw/color/Apple___healthy/892258ae-052d-4df5-8a8c-27924cd64a85___RS_HL 7497.JPG,healthy,0,g1808,s_reliability,reliability_val,gaussian_noise,5548768327862041194,,,,0.04975152743914649,42,0,0,healthy,0,3.8306766,-2.8503802,-4.1785164,42
4ca91804853892650711,data/plantvillage/raw/color/Apple___healthy/8c43ceb4-000b-441b-887f-ef495da381e2___RS_HL 7864.JPG,healthy,0,g1829,s_reliability,reliability_val,original,,,,,,42,0,0,healthy,0,5.280523,-3.2842622,-5.2714877,42
37bba836c6876675e118,data/plantvillage/raw/color/Apple___healthy/8c43ceb4-000b-441b-887f-ef495da381e2___RS_HL 7864.JPG,healthy,0,g1829,s_reliability,reliability_val,brightness,442893380542778377,0.8629403878975311,,,,42,0,0,healthy,0,5.2362437,-3.2183824,-5.322997,42
20b98e33c562dd86777d,data/plantvillage/raw/color/Apple___healthy/8c43ceb4-000b-441b-887f-ef495da381e2___RS_HL 7864.JPG,healthy,0,g1829,s_reliability,reliability_val,contrast,7888005134756588594,,0.9781323221178957,,,42,0,0,healthy,0,5.3138895,-3.2986531,-5.2996097,42
07748c9cc884ccb23eac,data/plantvillage/raw/color/Apple___healthy/8c43ceb4-000b-441b-887f-ef495da381e2___RS_HL 7864.JPG,healthy,0,g1829,s_reliability,reliability_val,gaussian_blur,1116685487271137563,,,1.2113876816808438,,42,0,0,healthy,0,3.609773,-3.4704087,-3.2284625,42
5bb96c91a99b2a92401d,data/plantvillage/raw/color/Apple___healthy/8c43ceb4-000b-441b-887f-ef495da381e2___RS_HL 7864.JPG,healthy,0,g1829,s_reliability,reliability_val,gaussian_noise,199534835537334105,,,,0.014543631143245608,42,0,0,healthy,0,5.3231764,-3.3033872,-5.3182936,42
fcdafc863dd38fbae726,data/plantvillage/raw/color/Apple___healthy/8cf66a75-d71b-4808-a251-c929ecfa80bc___RS_HL 7514.JPG,healthy,0,g1840,s_reliability,reliability_train,original,,,,,,42,0,0,healthy,0,1.6525949,-1.4003735,-3.9396706,42
9aa7a977add521faffb0,data/plantvillage/raw/color/Apple___healthy/8cf66a75-d71b-4808-a251-c929ecfa80bc___RS_HL 7514.JPG,healthy,0,g1840,s_reliability,reliability_train,brightness,6489493224659641893,0.8174475188153751,,,,42,0,0,healthy,0,1.7001004,-1.4301809,-3.9610803,42
fef33c9b69941bf12fa9,data/plantvillage/raw/color/Apple___healthy/8cf66a75-d71b-4808-a251-c929ecfa80bc___RS_HL 7514.JPG,healthy,0,g1840,s_reliability,reliability_train,contrast,8084697104747952663,,1.2160175593597182,,,42,0,0,healthy,0,1.5690315,-1.2016069,-4.1385703,42
70c736878b021f7f5ec5,data/plantvillage/raw/color/Apple___healthy/8cf66a75-d71b-4808-a251-c929ecfa80bc___RS_HL 7514.JPG,healthy,0,g1840,s_reliability,reliability_train,gaussian_blur,6724611363939190832,,,0.8678140774399431,,42,0,0,healthy,0,-0.16339253,-1.2471819,-1.8185819,42
c311141687b1df38d48e,data/plantvillage/raw/color/Apple___healthy/8cf66a75-d71b-4808-a251-c929ecfa80bc___RS_HL 7514.JPG,healthy,0,g1840,s_reliability,reliability_train,gaussian_noise,1452234681306433947,,,,0.01428067747790672,42,0,0,healthy,0,1.5485038,-1.3647494,-3.9033408,42
93b06982dec7ee7a4958,data/plantvillage/raw/color/Apple___healthy/8fdd8420-f139-40e5-8121-b76d43dcee32___RS_HL 6075.JPG,healthy,0,g1856,s_reliability,reliability_val,original,,,,,,42,0,0,healthy,0,3.3321435,-1.7920686,-4.6981273,42
11f547064181e5a6caaf,data/plantvillage/raw/color/Apple___healthy/8fdd8420-f139-40e5-8121-b76d43dcee32___RS_HL 6075.JPG,healthy,0,g1856,s_reliability,reliability_val,brightness,8566681897718023584,0.9274165110801023,,,,42,0,0,healthy,0,3.345519,-1.8162893,-4.682886,42
0ec7414422ab5ddde371,data/plantvillage/raw/color/Apple___healthy/8fdd8420-f139-40e5-8121-b76d43dcee32___RS_HL 6075.JPG,healthy,0,g1856,s_reliability,reliability_val,contrast,4290346760852546943,,1.2394271042685445,,,42,0,0,healthy,0,3.3751488,-1.8519291,-4.7476215,42
253648562e707cb287c8,data/plantvillage/raw/color/Apple___healthy/8fdd8420-f139-40e5-8121-b76d43dcee32___RS_HL 6075.JPG,healthy,0,g1856,s_reliability,reliability_val,gaussian_blur,10885151449650607,,,0.8450482488202264,,42,0,0,healthy,0,2.2510712,-1.2377348,-3.9189148,42
efb1491ce88d76978ba6,data/plantvillage/raw/color/Apple___healthy/8fdd8420-f139-40e5-8121-b76d43dcee32___RS_HL 6075.JPG,healthy,0,g1856,s_reliability,reliability_val,gaussian_noise,5259447045530092303,,,,0.03415213510974358,42,0,0,healthy,0,3.2917924,-1.3068196,-5.207795,42
4bfb57c449ea67756377,data/plantvillage/raw/color/Apple___healthy/9130029f-854a-4099-bc98-74170edfb660___RS_HL 7448.JPG,healthy,0,g1859,s_reliability,reliability_train,original,,,,,,42,0,0,healthy,0,5.037282,-2.2618036,-6.3682923,42
b61f851e934811cd4a0b,data/plantvillage/raw/color/Apple___healthy/9130029f-854a-4099-bc98-74170edfb660___RS_HL 7448.JPG,healthy,0,g1859,s_reliability,reliability_train,brightness,617713328224103008,0.8549854666638101,,,,42,0,0,healthy,0,4.561231,-2.1303208,-6.21331,42
3950b0139152ffefd9e4,data/plantvillage/raw/color/Apple___healthy/9130029f-854a-4099-bc98-74170edfb660___RS_HL 7448.JPG,healthy,0,g1859,s_reliability,reliability_train,contrast,8689270853568759360,,1.051596257041171,,,42,0,0,healthy,0,5.089225,-2.2750142,-6.3798046,42
8a02a7f8d48b4856c2b4,data/plantvillage/raw/color/Apple___healthy/9130029f-854a-4099-bc98-74170edfb660___RS_HL 7448.JPG,healthy,0,g1859,s_reliability,reliability_train,gaussian_blur,5749991674468305054,,,0.7839065504247535,,42,0,0,healthy,0,3.3725777,-1.7180121,-4.5660605,42
35e29cbf6419d3569bfe,data/plantvillage/raw/color/Apple___healthy/9130029f-854a-4099-bc98-74170edfb660___RS_HL 7448.JPG,healthy,0,g1859,s_reliability,reliability_train,gaussian_noise,8764464257606327540,,,,0.03859201533689564,42,0,0,healthy,0,5.0111294,-2.2727573,-6.4424167,42
b4ca87d6484853d67011,data/plantvillage/raw/color/Apple___healthy/91a935c4-659c-4344-8355-eba55d673af5___RS_HL 8189.JPG,healthy,0,g1861,s_reliability,reliability_train,original,,,,,,42,0,0,healthy,0,4.542909,-2.406094,-6.1088514,42
2c130a032f99d1a7b8f4,data/plantvillage/raw/color/Apple___healthy/91a935c4-659c-4344-8355-eba55d673af5___RS_HL 8189.JPG,healthy,0,g1861,s_reliability,reliability_train,brightness,5530928034500348235,1.0456029175113304,,,,42,0,0,healthy,0,4.549056,-2.3872175,-6.094909,42
af23f2690b8ec9e38cae,data/plantvillage/raw/color/Apple___healthy/91a935c4-659c-4344-8355-eba55d673af5___RS_HL 8189.JPG,healthy,0,g1861,s_reliability,reliability_train,contrast,1104704807331207625,,1.289500365041885,,,42,0,0,healthy,0,4.5519195,-2.3027675,-6.10699,42
3f482874b0543ea22553,data/plantvillage/raw/color/Apple___healthy/91a935c4-659c-4344-8355-eba55d673af5___RS_HL 8189.JPG,healthy,0,g1861,s_reliability,reliability_train,gaussian_blur,6667787468902733789,,,1.00340904948645,,42,0,0,healthy,0,2.4036117,-2.891388,-3.2660291,42
f6e93ee2c2fb59f92352,data/plantvillage/raw/color/Apple___healthy/91a935c4-659c-4344-8355-eba55d673af5___RS_HL 8189.JPG,healthy,0,g1861,s_reliability,reliability_train,gaussian_noise,2008701485633389838,,,,0.04129425701703683,42,0,0,healthy,0,4.730952,-2.2967556,-6.4578056,42
5dd61ab350a3837cb4b4,data/plantvillage/raw/color/Apple___healthy/936c7bd1-5902-499b-b03b-bcf1f9434a06___RS_HL 7785.JPG,healthy,0,g1870,s_reliability,reliability_train,original,,,,,,42,0,0,healthy,0,3.430377,-2.4608972,-4.2474685,42
c60a91994fe0523d1f15,data/plantvillage/raw/color/Apple___healthy/936c7bd1-5902-499b-b03b-bcf1f9434a06___RS_HL 7785.JPG,healthy,0,g1870,s_reliability,reliability_train,brightness,8290317845572749897,0.7946847881990368,,,,42,0,0,healthy,0,3.315359,-2.3212705,-4.225225,42
5c001a39cf7b2c89e341,data/plantvillage/raw/color/Apple___healthy/936c7bd1-5902-499b-b03b-bcf1f9434a06___RS_HL 7785.JPG,healthy,0,g1870,s_reliability,reliability_train,contrast,5542107705714447855,,1.0622136911697584,,,42,0,0,healthy,0,3.4928086,-2.3641758,-4.3940268,42
00bd2d474990f3b22f4d,data/plantvillage/raw/color/Apple___healthy/936c7bd1-5902-499b-b03b-bcf1f9434a06___RS_HL 7785.JPG,healthy,0,g1870,s_reliability,reliability_train,gaussian_blur,1861333911468434456,,,1.3208661959931902,,42,0,0,healthy,0,0.6912164,-1.9913565,-1.284725,42
2dbf95177c51463dd308,data/plantvillage/raw/color/Apple___healthy/936c7bd1-5902-499b-b03b-bcf1f9434a06___RS_HL 7785.JPG,healthy,0,g1870,s_reliability,reliability_train,gaussian_noise,644953203520733456,,,,0.045246863850923115,42,0,0,healthy,0,3.4353492,-2.3019733,-4.410594,42
400e1abd86b6a0dbf61c,data/plantvillage/raw/color/Apple___healthy/946b311a-cb67-46d4-8c8b-0d91ebd456f3___RS_HL 5809.JPG,healthy,0,g1872,s_reliability,reliability_train,original,,,,,,42,0,0,healthy,0,4.143993,-1.53337,-6.312797,42
3fe7fc88e9cc9943fdae,data/plantvillage/raw/color/Apple___healthy/946b311a-cb67-46d4-8c8b-0d91ebd456f3___RS_HL 5809.JPG,healthy,0,g1872,s_reliability,reliability_train,brightness,4346519377275891308,1.232812310963028,,,,42,0,0,healthy,0,4.825828,-2.2089143,-6.376461,42
86da7a19f704b88ad8d0,data/plantvillage/raw/color/Apple___healthy/946b311a-cb67-46d4-8c8b-0d91ebd456f3___RS_HL 5809.JPG,healthy,0,g1872,s_reliability,reliability_train,contrast,7728313644811592890,,1.028516772330181,,,42,0,0,healthy,0,4.385556,-1.6928314,-6.3863406,42
dcf86ab9f78301867ffb,data/plantvillage/raw/color/Apple___healthy/946b311a-cb67-46d4-8c8b-0d91ebd456f3___RS_HL 5809.JPG,healthy,0,g1872,s_reliability,reliability_train,gaussian_blur,5610280750097587833,,,0.6114910902925653,,42,0,0,healthy,0,2.7140336,-1.0117434,-4.834089,42
2b726bea9e0699444e04,data/plantvillage/raw/color/Apple___healthy/946b311a-cb67-46d4-8c8b-0d91ebd456f3___RS_HL 5809.JPG,healthy,0,g1872,s_reliability,reliability_train,gaussian_noise,3786769626696775123,,,,0.013625310784070619,42,0,0,healthy,0,4.2199917,-1.5839225,-6.3749976,42
bc239e573b6980cecc91,data/plantvillage/raw/color/Apple___healthy/94b7e2c6-9081-4546-b411-c89c0dd219e7___RS_HL 7416.JPG,healthy,0,g1874,s_reliability,reliability_train,original,,,,,,42,0,0,healthy,0,3.0642061,-2.1389067,-4.3569446,42
0cf118a015a1f9d9624a,data/plantvillage/raw/color/Apple___healthy/94b7e2c6-9081-4546-b411-c89c0dd219e7___RS_HL 7416.JPG,healthy,0,g1874,s_reliability,reliability_train,brightness,4734594347736574873,1.0977409699277767,,,,42,0,0,healthy,0,3.1409054,-2.232355,-4.299045,42
32de8a852cd8ae4670f4,data/plantvillage/raw/color/Apple___healthy/94b7e2c6-9081-4546-b411-c89c0dd219e7___RS_HL 7416.JPG,healthy,0,g1874,s_reliability,reliability_train,contrast,6452505134031584570,,1.2433911477794837,,,42,0,0,healthy,0,2.7544405,-1.9074317,-4.276588,42
d5599b77014a902e4592,data/plantvillage/raw/color/Apple___healthy/94b7e2c6-9081-4546-b411-c89c0dd219e7___RS_HL 7416.JPG,healthy,0,g1874,s_reliability,reliability_train,gaussian_blur,5270241956883880584,,,1.1314968742684097,,42,0,0,healthy,0,0.9532894,-0.5451118,-1.7093368,42
5a3988cfe7501d2282ef,data/plantvillage/raw/color/Apple___healthy/94b7e2c6-9081-4546-b411-c89c0dd219e7___RS_HL 7416.JPG,healthy,0,g1874,s_reliability,reliability_train,gaussian_noise,4806708810469444199,,,,0.03404450891632789,42,0,0,healthy,0,2.8249683,-1.7069784,-4.7448874,42
d182cec77d3c9abc19a8,data/plantvillage/raw/color/Apple___healthy/957a4a41-e0d8-4dc3-8ed8-43f8c2ac3684___RS_HL 8157.JPG,healthy,0,g1883,s_reliability,reliability_train,original,,,,,,42,0,0,healthy,0,2.8829114,-2.4765468,-3.2751863,42
5db5cd2d4c57859f3a84,data/plantvillage/raw/color/Apple___healthy/957a4a41-e0d8-4dc3-8ed8-43f8c2ac3684___RS_HL 8157.JPG,healthy,0,g1883,s_reliability,reliability_train,brightness,4145684413329137229,1.2732888263376538,,,,42,0,0,healthy,0,3.0845816,-2.8543398,-3.1211278,42
513eee761cf54a79df5a,data/plantvillage/raw/color/Apple___healthy/957a4a41-e0d8-4dc3-8ed8-43f8c2ac3684___RS_HL 8157.JPG,healthy,0,g1883,s_reliability,reliability_train,contrast,688955310915382849,,1.2666986957519664,,,42,0,0,healthy,0,2.7742121,-2.3541455,-3.3269339,42
6f9c2e69d4a2a79289a4,data/plantvillage/raw/color/Apple___healthy/957a4a41-e0d8-4dc3-8ed8-43f8c2ac3684___RS_HL 8157.JPG,healthy,0,g1883,s_reliability,reliability_train,gaussian_blur,8739409851346600077,,,0.5315553801564492,,42,0,0,healthy,0,1.7287676,-2.5543432,-1.9230804,42
971ec63ad2917a28977e,data/plantvillage/raw/color/Apple___healthy/957a4a41-e0d8-4dc3-8ed8-43f8c2ac3684___RS_HL 8157.JPG,healthy,0,g1883,s_reliability,reliability_train,gaussian_noise,5006608506346652390,,,,0.0373135348669873,42,0,0,healthy,0,2.8521173,-2.3448734,-3.519578,42
8c5fe013853ff6fe5827,data/plantvillage/raw/color/Apple___healthy/96fa4629-851e-4706-b397-f27c6f6f272c___RS_HL 7913.JPG,healthy,0,g1892,s_reliability,reliability_train,original,,,,,,42,0,0,healthy,0,3.9515183,-2.6908164,-3.489245,42
53593506e01bee537a0e,data/plantvillage/raw/color/Apple___healthy/96fa4629-851e-4706-b397-f27c6f6f272c___RS_HL 7913.JPG,healthy,0,g1892,s_reliability,reliability_train,brightness,7281533706131126736,0.9915051043339931,,,,42,0,0,healthy,0,3.9454155,-2.7082024,-3.483368,42
04cd0b89e8802a45a7b8,data/plantvillage/raw/color/Apple___healthy/96fa4629-851e-4706-b397-f27c6f6f272c___RS_HL 7913.JPG,healthy,0,g1892,s_reliability,reliability_train,contrast,6591352456539894812,,1.0399685700557613,,,42,0,0,healthy,0,3.9667645,-2.6588032,-3.518474,42
fbeffeee9b8fd58d0e07,data/plantvillage/raw/color/Apple___healthy/96fa4629-851e-4706-b397-f27c6f6f272c___RS_HL 7913.JPG,healthy,0,g1892,s_reliability,reliability_train,gaussian_blur,4583409225173665560,,,0.7091106964667288,,42,0,0,healthy,0,2.8390274,-2.7300892,-2.2135246,42
f6b2419272e0a0fcca0f,data/plantvillage/raw/color/Apple___healthy/96fa4629-851e-4706-b397-f27c6f6f272c___RS_HL 7913.JPG,healthy,0,g1892,s_reliability,reliability_train,gaussian_noise,6149644228982855019,,,,0.032407327076602974,42,0,0,healthy,0,3.8564813,-2.7174664,-3.550506,42
176d5876f43a45d60f82,data/plantvillage/raw/color/Apple___healthy/9871fd63-1ee8-436a-a1b3-c6104350400b___RS_HL 5693.JPG,healthy,0,g1896,s_reliability,reliability_train,original,,,,,,42,0,0,healthy,0,3.4898875,-4.201594,-3.4448178,42
f421921206f0c40ca75b,data/plantvillage/raw/color/Apple___healthy/9871fd63-1ee8-436a-a1b3-c6104350400b___RS_HL 5693.JPG,healthy,0,g1896,s_reliability,reliability_train,brightness,6049913073971642523,1.1633303858295767,,,,42,0,0,healthy,0,3.3371272,-4.1684604,-3.3253884,42
a5d6f416766ba390a185,data/plantvillage/raw/color/Apple___healthy/9871fd63-1ee8-436a-a1b3-c6104350400b___RS_HL 5693.JPG,healthy,0,g1896,s_reliability,reliability_train,contrast,9109514323232307943,,0.8680564693499646,,,42,0,0,healthy,0,3.135678,-3.8061748,-3.4425135,42
06d651c2da68c1edbb4c,data/plantvillage/raw/color/Apple___healthy/9871fd63-1ee8-436a-a1b3-c6104350400b___RS_HL 5693.JPG,healthy,0,g1896,s_reliability,reliability_train,gaussian_blur,94850985751576519,,,1.1140438806594561,,42,0,0,healthy,0,1.2618586,-4.2623067,-0.39532316,42
d20df9f8cb6f38ffa43e,data/plantvillage/raw/color/Apple___healthy/9871fd63-1ee8-436a-a1b3-c6104350400b___RS_HL 5693.JPG,healthy,0,g1896,s_reliability,reliability_train,gaussian_noise,7888199902558858820,,,,0.01929535255542668,42,0,0,healthy,0,3.7165966,-4.318261,-3.5351331,42
58690268d85904ea3a7f,data/plantvillage/raw/color/Apple___healthy/98f456da-9871-48b8-b74a-a251dcfd1f9e___RS_HL 6123.JPG,healthy,0,g1899,s_reliability,reliability_val,original,,,,,,42,0,0,healthy,0,2.8613822,-2.7780824,-3.8004963,42
c2fbda2e93918d893270,data/plantvillage/raw/color/Apple___healthy/98f456da-9871-48b8-b74a-a251dcfd1f9e___RS_HL 6123.JPG,healthy,0,g1899,s_reliability,reliability_val,brightness,2375881174345535529,1.065177003067107,,,,42,0,0,healthy,0,2.946103,-2.8271866,-3.8527048,42
cd487db4699923359e8e,data/plantvillage/raw/color/Apple___healthy/98f456da-9871-48b8-b74a-a251dcfd1f9e___RS_HL 6123.JPG,healthy,0,g1899,s_reliability,reliability_val,contrast,4746089702696105851,,0.7010768674849032,,,42,0,0,healthy,0,3.0634604,-2.8390713,-4.033356,42
9038e63133d1ab2dabf5,data/plantvillage/raw/color/Apple___healthy/98f456da-9871-48b8-b74a-a251dcfd1f9e___RS_HL 6123.JPG,healthy,0,g1899,s_reliability,reliability_val,gaussian_blur,3975648159843501024,,,0.990481898380084,,42,0,0,healthy,0,0.5164804,-1.8355892,-1.790286,42
d28a322e50e58705e10e,data/plantvillage/raw/color/Apple___healthy/98f456da-9871-48b8-b74a-a251dcfd1f9e___RS_HL 6123.JPG,healthy,0,g1899,s_reliability,reliability_val,gaussian_noise,5443168342623259513,,,,0.04492118749895274,42,0,0,healthy,0,3.3302777,-2.729842,-4.280271,42
f06221a3c35855908993,data/plantvillage/raw/color/Apple___healthy/990838f4-b976-45bb-859d-95de901acc8c___RS_HL 7365.JPG,healthy,0,g1900,s_reliability,reliability_train,original,,,,,,42,0,0,healthy,0,5.479889,-1.21257,-7.3541093,42
ace79f23f8f5a6baac86,data/plantvillage/raw/color/Apple___healthy/990838f4-b976-45bb-859d-95de901acc8c___RS_HL 7365.JPG,healthy,0,g1900,s_reliability,reliability_train,brightness,2825269867955978274,0.8559336114236955,,,,42,0,0,healthy,0,5.199967,-0.89564216,-7.3015375,42
df35a5cb8b07ddaf9795,data/plantvillage/raw/color/Apple___healthy/990838f4-b976-45bb-859d-95de901acc8c___RS_HL 7365.JPG,healthy,0,g1900,s_reliability,reliability_train,contrast,1394262844960427002,,1.2021487143899199,,,42,0,0,healthy,0,5.50759,-1.2712492,-7.272389,42
297697cf3c805f0e0694,data/plantvillage/raw/color/Apple___healthy/990838f4-b976-45bb-859d-95de901acc8c___RS_HL 7365.JPG,healthy,0,g1900,s_reliability,reliability_train,gaussian_blur,5688232788058480434,,,0.8224795107806221,,42,0,0,healthy,0,3.743822,-1.0546118,-5.2724147,42
35e4b404f136e6c782ee,data/plantvillage/raw/color/Apple___healthy/990838f4-b976-45bb-859d-95de901acc8c___RS_HL 7365.JPG,healthy,0,g1900,s_reliability,reliability_train,gaussian_noise,8110887724248917447,,,,0.03560458140728037,42,0,0,healthy,0,5.537714,-1.2824453,-7.4034004,42
62fbac19daa0f0b41dba,data/plantvillage/raw/color/Apple___healthy/9ae0c2e4-ff70-4be7-a231-65d4c2acd8ee___RS_HL 7476.JPG,healthy,0,g1912,s_reliability,reliability_train,original,,,,,,42,0,0,healthy,0,3.732766,-4.2765236,-3.1164706,42
26f7f750d956be1e11c4,data/plantvillage/raw/color/Apple___healthy/9ae0c2e4-ff70-4be7-a231-65d4c2acd8ee___RS_HL 7476.JPG,healthy,0,g1912,s_reliability,reliability_train,brightness,1957392015398206129,1.2053108793343164,,,,42,0,0,healthy,0,3.4265094,-3.8660989,-3.0258927,42
b7aaf7657ef02f9516cb,data/plantvillage/raw/color/Apple___healthy/9ae0c2e4-ff70-4be7-a231-65d4c2acd8ee___RS_HL 7476.JPG,healthy,0,g1912,s_reliability,reliability_train,contrast,4533524086223755762,,0.9123918244022174,,,42,0,0,healthy,0,3.923143,-4.575497,-3.1275141,42
47a6f7c622ecc0aa4e61,data/plantvillage/raw/color/Apple___healthy/9ae0c2e4-ff70-4be7-a231-65d4c2acd8ee___RS_HL 7476.JPG,healthy,0,g1912,s_reliability,reliability_train,gaussian_blur,2209691604365263776,,,0.9317948613434373,,42,0,0,healthy,0,2.798836,-4.182954,-1.4741645,42
962b5ebfafc42b024339,data/plantvillage/raw/color/Apple___healthy/9ae0c2e4-ff70-4be7-a231-65d4c2acd8ee___RS_HL 7476.JPG,healthy,0,g1912,s_reliability,reliability_train,gaussian_noise,8970161104145363465,,,,0.031093844717937448,42,0,0,healthy,0,3.3763683,-3.844369,-3.1535144,42
ce166dd54dd358ace9fd,data/plantvillage/raw/color/Apple___healthy/9d135274-b26e-4925-8215-13c928b56b81___RS_HL 7583.JPG,healthy,0,g1919,s_reliability,reliability_train,original,,,,,,42,0,0,healthy,0,4.479117,-2.6824985,-5.3937397,42
4e6232b173db47a3b284,data/plantvillage/raw/color/Apple___healthy/9d135274-b26e-4925-8215-13c928b56b81___RS_HL 7583.JPG,healthy,0,g1919,s_reliability,reliability_train,brightness,2496828560817089328,0.9289551454714737,,,,42,0,0,healthy,0,4.510946,-2.7450798,-5.3851166,42
f734e210431fb8e8a1fb,data/plantvillage/raw/color/Apple___healthy/9d135274-b26e-4925-8215-13c928b56b81___RS_HL 7583.JPG,healthy,0,g1919,s_reliability,reliability_train,contrast,7455392386517940213,,0.8822189345032996,,,42,0,0,healthy,0,4.4749103,-2.8672166,-5.3664713,42
17439244a9448b8d652d,data/plantvillage/raw/color/Apple___healthy/9d135274-b26e-4925-8215-13c928b56b81___RS_HL 7583.JPG,healthy,0,g1919,s_reliability,reliability_train,gaussian_blur,2655500414527947852,,,1.4692445853578215,,42,0,0,healthy,0,2.8884127,-1.9075909,-2.6534314,42
674b2592c059a226af92,data/plantvillage/raw/color/Apple___healthy/9d135274-b26e-4925-8215-13c928b56b81___RS_HL 7583.JPG,healthy,0,g1919,s_reliability,reliability_train,gaussian_noise,7264646315966373933,,,,0.047480674929105175,42,0,0,healthy,0,4.436233,-2.4089522,-5.570213,42
3ebe330997c9e5e06d97,data/plantvillage/raw/color/Apple___healthy/9d72b93c-59d4-41ec-b346-954a1e8e57bb___RS_HL 6284.JPG,healthy,0,g1923,s_reliability,reliability_train,original,,,,,,42,0,0,healthy,0,3.3297884,-1.3702875,-5.7795377,42
5c7b54e2830e6086c036,data/plantvillage/raw/color/Apple___healthy/9d72b93c-59d4-41ec-b346-954a1e8e57bb___RS_HL 6284.JPG,healthy,0,g1923,s_reliability,reliability_train,brightness,5410603710412675424,0.9731675997741046,,,,42,0,0,healthy,0,3.2993968,-1.3452741,-5.7694726,42
6fbaa3a19923dafbc359,data/plantvillage/raw/color/Apple___healthy/9d72b93c-59d4-41ec-b346-954a1e8e57bb___RS_HL 6284.JPG,healthy,0,g1923,s_reliability,reliability_train,contrast,476341538980532251,,0.7100883873466084,,,42,0,0,healthy,0,3.1890957,-0.9366786,-5.943843,42
455aa0e486bf5616d78d,data/plantvillage/raw/color/Apple___healthy/9d72b93c-59d4-41ec-b346-954a1e8e57bb___RS_HL 6284.JPG,healthy,0,g1923,s_reliability,reliability_train,gaussian_blur,962401696441103433,,,1.1696123256116482,,42,0,0,healthy,0,-0.17307337,-0.35901356,-2.8428886,42
5a194652e896f0ceb4e6,data/plantvillage/raw/color/Apple___healthy/9d72b93c-59d4-41ec-b346-954a1e8e57bb___RS_HL 6284.JPG,healthy,0,g1923,s_reliability,reliability_train,gaussian_noise,8927862717784226049,,,,0.016696836448092073,42,0,0,healthy,0,3.464359,-1.3548586,-5.9121237,42
43f2a5936f0b69a27e39,data/plantvillage/raw/color/Apple___healthy/9dba8abe-f50e-45fe-aa32-17dd4445189b___RS_HL 7489.JPG,healthy,0,g1926,s_reliability,reliability_val,original,,,,,,42,0,0,healthy,0,2.5203822,0.29102385,-5.9039197,42
69ad8d9e3c67da633c57,data/plantvillage/raw/color/Apple___healthy/9dba8abe-f50e-45fe-aa32-17dd4445189b___RS_HL 7489.JPG,healthy,0,g1926,s_reliability,reliability_val,brightness,3490148310667869488,1.0640459043962534,,,,42,0,0,healthy,0,2.3934493,0.43070027,-5.9384995,42
dfc694bf178d1fafa492,data/plantvillage/raw/color/Apple___healthy/9dba8abe-f50e-45fe-aa32-17dd4445189b___RS_HL 7489.JPG,healthy,0,g1926,s_reliability,reliability_val,contrast,4717053552065967909,,1.1516539296688726,,,42,0,0,healthy,0,2.4418092,0.5102561,-6.0978723,42
da923c515a4476b91419,data/plantvillage/raw/color/Apple___healthy/9dba8abe-f50e-45fe-aa32-17dd4445189b___RS_HL 7489.JPG,healthy,0,g1926,s_reliability,reliability_val,gaussian_blur,7220956373241524960,,,1.218154582305878,,42,0,0,healthy,0,0.81954664,-0.3079192,-3.2865422,42
8928d39c9ac4e0914fe7,data/plantvillage/raw/color/Apple___healthy/9dba8abe-f50e-45fe-aa32-17dd4445189b___RS_HL 7489.JPG,healthy,0,g1926,s_reliability,reliability_val,gaussian_noise,708718347463870207,,,,0.029588679405449916,42,0,0,healthy,0,2.5327146,0.42935202,-6.0649786,42
7f2827e026bf8a7740a1,data/plantvillage/raw/color/Apple___healthy/9ec4f654-e45e-4910-8b1f-8b9825cefbd1___RS_HL 8173.JPG,healthy,0,g1931,s_reliability,reliability_train,original,,,,,,42,0,0,healthy,0,3.9274702,-2.7856388,-4.9337234,42
3aecc8ab0feb1400a943,data/plantvillage/raw/color/Apple___healthy/9ec4f654-e45e-4910-8b1f-8b9825cefbd1___RS_HL 8173.JPG,healthy,0,g1931,s_reliability,reliability_train,brightness,5889509873856454709,1.1941101513855408,,,,42,0,0,healthy,0,3.720112,-2.5658216,-4.9468884,42
48dfb3c23aa126687935,data/plantvillage/raw/color/Apple___healthy/9ec4f654-e45e-4910-8b1f-8b9825cefbd1___RS_HL 8173.JPG,healthy,0,g1931,s_reliability,reliability_train,contrast,1169175704921809747,,1.0776320349437893,,,42,0,0,healthy,0,3.9716284,-2.7207546,-5.0250688,42
a90e80a99dafe5477e05,data/plantvillage/raw/color/Apple___healthy/9ec4f654-e45e-4910-8b1f-8b9825cefbd1___RS_HL 8173.JPG,healthy,0,g1931,s_reliability,reliability_train,gaussian_blur,5614500218162616196,,,1.2204465478440092,,42,0,0,healthy,0,1.64176,-1.6660917,-3.4180434,42
ce74537ef6254adac9d7,data/plantvillage/raw/color/Apple___healthy/9ec4f654-e45e-4910-8b1f-8b9825cefbd1___RS_HL 8173.JPG,healthy,0,g1931,s_reliability,reliability_train,gaussian_noise,7721875719979419660,,,,0.026390747379426635,42,0,0,healthy,0,3.8616264,-2.5594816,-5.059058,42
6ad20d15631a9520ed6e,data/plantvillage/raw/color/Apple___healthy/9ee2b5e6-46cf-400f-a82f-660a2ac05157___RS_HL 5643.JPG,healthy,0,g1933,s_reliability,reliability_train,original,,,,,,42,0,0,healthy,0,4.634132,-1.8468916,-5.9874587,42
0421dc65b012419aa65d,data/plantvillage/raw/color/Apple___healthy/9ee2b5e6-46cf-400f-a82f-660a2ac05157___RS_HL 5643.JPG,healthy,0,g1933,s_reliability,reliability_train,brightness,6844261724214958249,0.735598146778062,,,,42,0,0,healthy,0,4.486364,-1.8113797,-5.7872777,42
98dd13e79f54e070a3ad,data/plantvillage/raw/color/Apple___healthy/9ee2b5e6-46cf-400f-a82f-660a2ac05157___RS_HL 5643.JPG,healthy,0,g1933,s_reliability,reliability_train,contrast,1464826971361628951,,0.9320385533748609,,,42,0,0,healthy,0,4.5650067,-1.8310208,-5.9068747,42
63fbebf200c76f83fbec,data/plantvillage/raw/color/Apple___healthy/9ee2b5e6-46cf-400f-a82f-660a2ac05157___RS_HL 5643.JPG,healthy,0,g1933,s_reliability,reliability_train,gaussian_blur,5487144235537111549,,,1.4529892953848034,,42,0,0,healthy,0,2.6142678,-1.2266319,-2.9381049,42
db63c826e2b8f85d9fb8,data/plantvillage/raw/color/Apple___healthy/9ee2b5e6-46cf-400f-a82f-660a2ac05157___RS_HL 5643.JPG,healthy,0,g1933,s_reliability,reliability_train,gaussian_noise,1259086190682439627,,,,0.01975947765504236,42,0,0,healthy,0,4.7330513,-1.8770806,-6.060803,42
268953a3588e3dffd298,data/plantvillage/raw/color/Apple___healthy/9f6f67e7-5369-4642-9594-a29fba331a5c___RS_HL 5907.JPG,healthy,0,g1936,s_reliability,reliability_train,original,,,,,,42,0,0,healthy,0,3.6984138,-3.3465748,-3.897991,42
97af82316d8388c0efde,data/plantvillage/raw/color/Apple___healthy/9f6f67e7-5369-4642-9594-a29fba331a5c___RS_HL 5907.JPG,healthy,0,g1936,s_reliability,reliability_train,brightness,1525063315300645881,0.7178000443873906,,,,42,0,0,healthy,0,3.5873082,-3.3069437,-3.919512,42
f6ccac1436002dcfdb43,data/plantvillage/raw/color/Apple___healthy/9f6f67e7-5369-4642-9594-a29fba331a5c___RS_HL 5907.JPG,healthy,0,g1936,s_reliability,reliability_train,contrast,7723155209668242984,,1.247457665498863,,,42,0,0,healthy,0,3.656503,-3.6124797,-3.7370584,42
d0c86ccf68d7d87a5eff,data/plantvillage/raw/color/Apple___healthy/9f6f67e7-5369-4642-9594-a29fba331a5c___RS_HL 5907.JPG,healthy,0,g1936,s_reliability,reliability_train,gaussian_blur,7733449514054732309,,,1.2319199901595452,,42,0,0,healthy,0,2.1711705,-3.4570723,-1.3920256,42
b9c1cc520590e71575b7,data/plantvillage/raw/color/Apple___healthy/9f6f67e7-5369-4642-9594-a29fba331a5c___RS_HL 5907.JPG,healthy,0,g1936,s_reliability,reliability_train,gaussian_noise,8735681164023291135,,,,0.02063931400322449,42,0,0,healthy,0,3.594164,-3.184283,-3.9807093,42
d95428f39b5f96bf3083,data/plantvillage/raw/color/Apple___healthy/9fe1ea92-d106-4bc5-a0da-072a67c3260b___RS_HL 7828.JPG,healthy,0,g1940,s_reliability,reliability_train,original,,,,,,42,0,0,healthy,0,4.0347733,-2.45466,-4.870064,42
e052452f37a32f44b0b7,data/plantvillage/raw/color/Apple___healthy/9fe1ea92-d106-4bc5-a0da-072a67c3260b___RS_HL 7828.JPG,healthy,0,g1940,s_reliability,reliability_train,brightness,7537652849366290316,1.2549368799159533,,,,42,0,0,healthy,0,4.600463,-2.5985975,-5.0867934,42
fe3d598357e537725911,data/plantvillage/raw/color/Apple___healthy/9fe1ea92-d106-4bc5-a0da-072a67c3260b___RS_HL 7828.JPG,healthy,0,g1940,s_reliability,reliability_train,contrast,4453287939242804643,,0.7876709072994226,,,42,0,0,healthy,0,2.8919005,-2.1559768,-4.2934184,42
bf4c3e382fdd3ca1fc96,data/plantvillage/raw/color/Apple___healthy/9fe1ea92-d106-4bc5-a0da-072a67c3260b___RS_HL 7828.JPG,healthy,0,g1940,s_reliability,reliability_train,gaussian_blur,1185428530719799766,,,1.001869554949702,,42,0,0,healthy,0,1.6856356,-1.4759375,-2.8181608,42
115ab7fbaa39d97dd130,data/plantvillage/raw/color/Apple___healthy/9fe1ea92-d106-4bc5-a0da-072a67c3260b___RS_HL 7828.JPG,healthy,0,g1940,s_reliability,reliability_train,gaussian_noise,3009397494064730673,,,,0.020046633580939298,42,0,0,healthy,0,4.171856,-2.4690974,-4.9872704,42
291e75e2681e0a00ff12,data/plantvillage/raw/color/Apple___healthy/a09b0571-6876-487c-bf88-bb378dd4f0cc___RS_HL 8057.JPG,healthy,0,g1946,s_reliability,reliability_train,original,,,,,,42,0,0,healthy,0,4.5687485,-4.0649414,-3.6537178,42
1dc12b0acf02e6ff4b4e,data/plantvillage/raw/color/Apple___healthy/a09b0571-6876-487c-bf88-bb378dd4f0cc___RS_HL 8057.JPG,healthy,0,g1946,s_reliability,reliability_train,brightness,2019809555721059264,0.76739901303399,,,,42,0,0,healthy,0,4.8674417,-4.233865,-3.8432536,42
c712ad8b2086ae2090a3,data/plantvillage/raw/color/Apple___healthy/a09b0571-6876-487c-bf88-bb378dd4f0cc___RS_HL 8057.JPG,healthy,0,g1946,s_reliability,reliability_train,contrast,6514965221761357719,,0.7858207579393416,,,42,0,0,healthy,0,4.3629045,-3.9634132,-3.564396,42
a4f57ecf7fae8a037bca,data/plantvillage/raw/color/Apple___healthy/a09b0571-6876-487c-bf88-bb378dd4f0cc___RS_HL 8057.JPG,healthy,0,g1946,s_reliability,reliability_train,gaussian_blur,1173719677833698608,,,1.1174517018710808,,42,0,0,healthy,0,2.609153,-3.6845608,-1.5137855,42
3ed9d9fa5664a650e28a,data/plantvillage/raw/color/Apple___healthy/a09b0571-6876-487c-bf88-bb378dd4f0cc___RS_HL 8057.JPG,healthy,0,g1946,s_reliability,reliability_train,gaussian_noise,5631761365092704992,,,,0.040952880366396806,42,0,0,healthy,0,4.7119718,-4.0629773,-3.9994714,42
1f2067988d37126fd56c,data/plantvillage/raw/color/Apple___healthy/a117c853-363a-443a-b489-323fb4239f07___RS_HL 5697.JPG,healthy,0,g1950,s_reliability,reliability_train,original,,,,,,42,0,0,healthy,0,5.021742,-5.2293644,-3.956163,42
165de95daddfac3f5fc7,data/plantvillage/raw/color/Apple___healthy/a117c853-363a-443a-b489-323fb4239f07___RS_HL 5697.JPG,healthy,0,g1950,s_reliability,reliability_train,brightness,200198696414775433,1.2585435631650108,,,,42,0,0,healthy,0,5.3922048,-5.665183,-3.868486,42
8aa65913a022724a4697,data/plantvillage/raw/color/Apple___healthy/a117c853-363a-443a-b489-323fb4239f07___RS_HL 5697.JPG,healthy,0,g1950,s_reliability,reliability_train,contrast,7557549151658895338,,1.145875503296426,,,42,0,0,healthy,0,5.241347,-5.436243,-3.909191,42
564a311cf4d6d7b63a8f,data/plantvillage/raw/color/Apple___healthy/a117c853-363a-443a-b489-323fb4239f07___RS_HL 5697.JPG,healthy,0,g1950,s_reliability,reliability_train,gaussian_blur,592185314910367776,,,1.1433295691966534,,42,0,0,healthy,0,2.3437636,-5.408075,-0.9852657,42
b0924808ea34da86caf6,data/plantvillage/raw/color/Apple___healthy/a117c853-363a-443a-b489-323fb4239f07___RS_HL 5697.JPG,healthy,0,g1950,s_reliability,reliability_train,gaussian_noise,3857529363920070534,,,,0.010502513698274454,42,0,0,healthy,0,5.1004896,-5.270923,-3.998113,42
3b0c84c008c713ea7e7c,data/plantvillage/raw/color/Apple___healthy/a1630d3e-2f30-455e-b259-d92b7b332588___RS_HL 5768.JPG,healthy,0,g1952,s_reliability,reliability_train,original,,,,,,42,0,0,healthy,0,2.4392402,-1.2574025,-4.6354465,42
824702add8fc93b309c7,data/plantvillage/raw/color/Apple___healthy/a1630d3e-2f30-455e-b259-d92b7b332588___RS_HL 5768.JPG,healthy,0,g1952,s_reliability,reliability_train,brightness,7323973441651217455,1.037976151727697,,,,42,0,0,healthy,0,2.3947346,-1.231133,-4.634926,42
7458964da5c2aa8f6ee8,data/plantvillage/raw/color/Apple___healthy/a1630d3e-2f30-455e-b259-d92b7b332588___RS_HL 5768.JPG,healthy,0,g1952,s_reliability,reliability_train,contrast,1916090955602599114,,0.9016428344573691,,,42,0,0,healthy,0,1.9991049,-1.0431465,-4.367969,42
a7614ce60b9edb3b2ad5,data/plantvillage/raw/color/Apple___healthy/a1630d3e-2f30-455e-b259-d92b7b332588___RS_HL 5768.JPG,healthy,0,g1952,s_reliability,reliability_train,gaussian_blur,508180416453821016,,,1.4510213468179836,,42,0,0,healthy,0,0.92232287,-1.1329222,-2.0836945,42
c67f9a23a17b447831c2,data/plantvillage/raw/color/Apple___healthy/a1630d3e-2f30-455e-b259-d92b7b332588___RS_HL 5768.JPG,healthy,0,g1952,s_reliability,reliability_train,gaussian_noise,5086208195814214850,,,,0.043669520019979154,42,0,0,healthy,0,2.63131,-1.4162861,-4.627211,42
c0fc222e691930d7f756,data/plantvillage/raw/color/Apple___healthy/a1867bda-d965-4389-8a19-ed13c82df5f6___RS_HL 7655.JPG,healthy,0,g1956,s_reliability,reliability_train,original,,,,,,42,0,0,healthy,0,2.9279141,-0.46346754,-4.610963,42
3862022265e6d1181e4e,data/plantvillage/raw/color/Apple___healthy/a1867bda-d965-4389-8a19-ed13c82df5f6___RS_HL 7655.JPG,healthy,0,g1956,s_reliability,reliability_train,brightness,1067742482402185797,1.1766983730129448,,,,42,0,0,healthy,0,2.7471821,-0.23489317,-4.2024527,42
2d63883e0c49477bed84,data/plantvillage/raw/color/Apple___healthy/a1867bda-d965-4389-8a19-ed13c82df5f6___RS_HL 7655.JPG,healthy,0,g1956,s_reliability,reliability_train,contrast,3086120819903391749,,0.8926281147413446,,,42,0,0,healthy,0,2.9046743,-0.5037292,-4.696468,42
0de1065b5cc61ef1d2e5,data/plantvillage/raw/color/Apple___healthy/a1867bda-d965-4389-8a19-ed13c82df5f6___RS_HL 7655.JPG,healthy,0,g1956,s_reliability,reliability_train,gaussian_blur,8811861850106089010,,,0.714795155014272,,42,0,0,healthy,0,2.0492313,-0.16252011,-3.8908465,42
ad28f21930f8830eef7c,data/plantvillage/raw/color/Apple___healthy/a1867bda-d965-4389-8a19-ed13c82df5f6___RS_HL 7655.JPG,healthy,0,g1956,s_reliability,reliability_train,gaussian_noise,1750480815429188158,,,,0.015685421179192995,42,0,0,healthy,0,2.9036129,-0.39896366,-4.7134447,42
83069301cdf56a80ab10,data/plantvillage/raw/color/Apple___healthy/a30bee25-14fb-43d2-9ab2-b179c920839c___RS_HL 5778.JPG,healthy,0,g1962,s_reliability,reliability_train,original,,,,,,42,0,0,healthy,0,3.8360002,-1.1043726,-5.962833,42
6c1690f0b39ac3935ffe,data/plantvillage/raw/color/Apple___healthy/a30bee25-14fb-43d2-9ab2-b179c920839c___RS_HL 5778.JPG,healthy,0,g1962,s_reliability,reliability_train,brightness,7956716195833132514,1.1469676709956917,,,,42,0,0,healthy,0,4.316539,-1.5383662,-6.082085,42
750aa69031df88357c52,data/plantvillage/raw/color/Apple___healthy/a30bee25-14fb-43d2-9ab2-b179c920839c___RS_HL 5778.JPG,healthy,0,g1962,s_reliability,reliability_train,contrast,446752020952832803,,0.7102759170505923,,,42,0,0,healthy,0,2.7701914,-0.3858838,-5.546549,42
b123de8073cb284b74c8,data/plantvillage/raw/color/Apple___healthy/a30bee25-14fb-43d2-9ab2-b179c920839c___RS_HL 5778.JPG,healthy,0,g1962,s_reliability,reliability_train,gaussian_blur,5154750465720268183,,,0.7976636148402988,,42,0,0,healthy,0,2.5127828,-1.2651936,-4.0702453,42
08f4771b5c0d883f91cc,data/plantvillage/raw/color/Apple___healthy/a30bee25-14fb-43d2-9ab2-b179c920839c___RS_HL 5778.JPG,healthy,0,g1962,s_reliability,reliability_train,gaussian_noise,5941214265869941181,,,,0.04950729295885943,42,0,0,healthy,0,4.140963,-1.2189001,-6.1174855,42
f70c2b05fada9f715e68,data/plantvillage/raw/color/Apple___healthy/a3d2fcfa-645e-419e-91a5-ab626f5fab6c___RS_HL 5930.JPG,healthy,0,g1967,s_reliability,reliability_train,original,,,,,,42,0,0,healthy,0,1.183127,-3.9226778,-0.78823256,42
bd325086f7cc09dfef3a,data/plantvillage/raw/color/Apple___healthy/a3d2fcfa-645e-419e-91a5-ab626f5fab6c___RS_HL 5930.JPG,healthy,0,g1967,s_reliability,reliability_train,brightness,5075507837146037700,1.1602725828286666,,,,42,0,0,healthy,0,1.0178407,-3.849142,-0.70839655,42
a7069b41b7581c9f6c13,data/plantvillage/raw/color/Apple___healthy/a3d2fcfa-645e-419e-91a5-ab626f5fab6c___RS_HL 5930.JPG,healthy,0,g1967,s_reliability,reliability_train,contrast,3074414387165632344,,1.0553895232743908,,,42,0,0,healthy,0,1.2058276,-3.9969382,-0.74226403,42
3df0eca651c7ef846159,data/plantvillage/raw/color/Apple___healthy/a3d2fcfa-645e-419e-91a5-ab626f5fab6c___RS_HL 5930.JPG,healthy,0,g1967,s_reliability,reliability_train,gaussian_blur,4397072969192598289,,,0.6811640583382815,,42,0,0,healthy,0,0.5623058,-3.9039571,-0.32191467,42
5f7129e272aca36b0407,data/plantvillage/raw/color/Apple___healthy/a3d2fcfa-645e-419e-91a5-ab626f5fab6c___RS_HL 5930.JPG,healthy,0,g1967,s_reliability,reliability_train,gaussian_noise,4729869661707367205,,,,0.033304702432114336,42,0,0,healthy,0,1.4812669,-4.119665,-1.1241461,42
2cdd6a826d45fb07dec0,data/plantvillage/raw/color/Apple___healthy/a4c37f29-8f5a-4a06-b6c4-367d523d452a___RS_HL 7374.JPG,healthy,0,g1974,s_reliability,reliability_val,original,,,,,,42,0,0,healthy,0,2.3513155,-1.6559674,-3.963115,42
5a959739cb1c2d14358c,data/plantvillage/raw/color/Apple___healthy/a4c37f29-8f5a-4a06-b6c4-367d523d452a___RS_HL 7374.JPG,healthy,0,g1974,s_reliability,reliability_val,brightness,7898961004063620482,0.7349515465280065,,,,42,0,0,healthy,0,1.1751971,-0.7009308,-3.4261332,42
64e2c3865e60c6fb17e8,data/plantvillage/raw/color/Apple___healthy/a4c37f29-8f5a-4a06-b6c4-367d523d452a___RS_HL 7374.JPG,healthy,0,g1974,s_reliability,reliability_val,contrast,7556187443793209943,,1.2494489160017606,,,42,0,0,healthy,0,1.6225826,-1.0717446,-3.6480665,42
3402bc8abd6cfcd98497,data/plantvillage/raw/color/Apple___healthy/a4c37f29-8f5a-4a06-b6c4-367d523d452a___RS_HL 7374.JPG,healthy,0,g1974,s_reliability,reliability_val,gaussian_blur,1091700716879289725,,,0.7303080351563106,,42,0,0,healthy,0,1.2411982,-1.5912889,-2.7111316,42
2ab4ef8ffe3212a47d4c,data/plantvillage/raw/color/Apple___healthy/a4c37f29-8f5a-4a06-b6c4-367d523d452a___RS_HL 7374.JPG,healthy,0,g1974,s_reliability,reliability_val,gaussian_noise,486533051707874144,,,,0.0417766127975099,42,0,0,healthy,0,2.0403838,-1.3987845,-4.1841235,42
070c93342984907550b5,data/plantvillage/raw/color/Apple___healthy/a5121b4f-be3e-4911-9d15-2678a0ccf66d___RS_HL 7751.JPG,healthy,0,g1978,s_reliability,reliability_train,original,,,,,,42,0,0,healthy,0,4.9080873,-3.4869943,-4.4362564,42
3e2f91f593215cb74dbd,data/plantvillage/raw/color/Apple___healthy/a5121b4f-be3e-4911-9d15-2678a0ccf66d___RS_HL 7751.JPG,healthy,0,g1978,s_reliability,reliability_train,brightness,7992976223824075641,1.2663086675174542,,,,42,0,0,healthy,0,5.0460987,-3.285189,-4.682781,42
ca44bd998478676c0bbb,data/plantvillage/raw/color/Apple___healthy/a5121b4f-be3e-4911-9d15-2678a0ccf66d___RS_HL 7751.JPG,healthy,0,g1978,s_reliability,reliability_train,contrast,1753327160021163720,,0.7735294452513153,,,42,0,0,healthy,0,4.5716586,-3.2610803,-4.3344226,42
c2e35077939544fb09bc,data/plantvillage/raw/color/Apple___healthy/a5121b4f-be3e-4911-9d15-2678a0ccf66d___RS_HL 7751.JPG,healthy,0,g1978,s_reliability,reliability_train,gaussian_blur,165241369601886178,,,1.0345128096220702,,42,0,0,healthy,0,1.8941625,-2.9515605,-1.548823,42
77bab7017ae61cd9a00e,data/plantvillage/raw/color/Apple___healthy/a5121b4f-be3e-4911-9d15-2678a0ccf66d___RS_HL 7751.JPG,healthy,0,g1978,s_reliability,reliability_train,gaussian_noise,8566740453195156263,,,,0.02610663587989611,42,0,0,healthy,0,4.8954673,-3.3978825,-4.5865984,42
f4bab3c8d15a189a3bf0,data/plantvillage/raw/color/Apple___healthy/a88f01ad-8550-49f1-9757-e9e9649d81b2___RS_HL 7360.JPG,healthy,0,g1993,s_reliability,reliability_val,original,,,,,,42,0,0,healthy,0,3.7959013,-1.2940743,-5.322643,42
515db098cd592ec1f181,data/plantvillage/raw/color/Apple___healthy/a88f01ad-8550-49f1-9757-e9e9649d81b2___RS_HL 7360.JPG,healthy,0,g1993,s_reliability,reliability_val,brightness,7500708774172815379,0.8118947388103231,,,,42,0,0,healthy,0,3.4246292,-0.84511733,-5.3582306,42
b40a33c9771842e3a4aa,data/plantvillage/raw/color/Apple___healthy/a88f01ad-8550-49f1-9757-e9e9649d81b2___RS_HL 7360.JPG,healthy,0,g1993,s_reliability,reliability_val,contrast,535255375431193790,,0.7241075819315624,,,42,0,0,healthy,0,3.1878812,-0.83381397,-5.1318235,42
80e98451433a526bdcbd,data/plantvillage/raw/color/Apple___healthy/a88f01ad-8550-49f1-9757-e9e9649d81b2___RS_HL 7360.JPG,healthy,0,g1993,s_reliability,reliability_val,gaussian_blur,6433988538793917785,,,1.2908847358483613,,42,0,0,healthy,0,0.71246076,-0.85564494,-1.6198769,42
cbd404a40a2932fb959b,data/plantvillage/raw/color/Apple___healthy/a88f01ad-8550-49f1-9757-e9e9649d81b2___RS_HL 7360.JPG,healthy,0,g1993,s_reliability,reliability_val,gaussian_noise,3927204207686837137,,,,0.041024757851550686,42,0,0,healthy,0,4.1486063,-1.4863803,-5.639257,42
1253f252c744319318e6,data/plantvillage/raw/color/Apple___healthy/ab56c266-3b13-43f0-9856-587367a3b45a___RS_HL 5770.JPG,healthy,0,g2006,s_reliability,reliability_train,original,,,,,,42,0,0,healthy,0,2.693132,-1.6849655,-4.5891194,42
b55f533d2a63b55cb278,data/plantvillage/raw/color/Apple___healthy/ab56c266-3b13-43f0-9856-587367a3b45a___RS_HL 5770.JPG,healthy,0,g2006,s_reliability,reliability_train,brightness,451514512543377409,0.8839924642081585,,,,42,0,0,healthy,0,2.692588,-1.6789554,-4.5586257,42
305dd07a673f4728150a,data/plantvillage/raw/color/Apple___healthy/ab56c266-3b13-43f0-9856-587367a3b45a___RS_HL 5770.JPG,healthy,0,g2006,s_reliability,reliability_train,contrast,4388648076040762014,,0.7673279338694884,,,42,0,0,healthy,0,2.2741537,-1.6403656,-4.1436515,42
c1bf9cd022bb8ab89e90,data/plantvillage/raw/color/Apple___healthy/ab56c266-3b13-43f0-9856-587367a3b45a___RS_HL 5770.JPG,healthy,0,g2006,s_reliability,reliability_train,gaussian_blur,6465789348957909642,,,1.2830599820721533,,42,0,0,healthy,0,-0.41807562,-1.1043968,-1.025448,42
302e7c28b0aa7f646b30,data/plantvillage/raw/color/Apple___healthy/ab56c266-3b13-43f0-9856-587367a3b45a___RS_HL 5770.JPG,healthy,0,g2006,s_reliability,reliability_train,gaussian_noise,6118476766142093037,,,,0.04407345886675848,42,0,0,healthy,0,3.0231845,-1.3769809,-5.2985945,42
e3852d02097ebb4eeb3f,data/plantvillage/raw/color/Apple___healthy/ac41e650-367c-4a74-b26e-0a983bc1223b___RS_HL 7743.JPG,healthy,0,g2012,s_reliability,reliability_train,original,,,,,,42,0,0,healthy,0,2.708767,-1.1851667,-4.0200133,42
06766d3e861eca137d90,data/plantvillage/raw/color/Apple___healthy/ac41e650-367c-4a74-b26e-0a983bc1223b___RS_HL 7743.JPG,healthy,0,g2012,s_reliability,reliability_train,brightness,7713814557536224564,0.8882149151885678,,,,42,0,0,healthy,0,2.6377082,-1.2618772,-3.8949862,42
795b0b5c48f9c3fc09f3,data/plantvillage/raw/color/Apple___healthy/ac41e650-367c-4a74-b26e-0a983bc1223b___RS_HL 7743.JPG,healthy,0,g2012,s_reliability,reliability_train,contrast,1966902615970420452,,1.2620992901688532,,,42,0,0,healthy,0,2.756173,-0.96296567,-4.1573997,42
a53a94443e04257797bb,data/plantvillage/raw/color/Apple___healthy/ac41e650-367c-4a74-b26e-0a983bc1223b___RS_HL 7743.JPG,healthy,0,g2012,s_reliability,reliability_train,gaussian_blur,1798259220780833073,,,1.4576806590925004,,42,0,0,healthy,0,0.24499379,-0.36719653,-1.1658435,42
45f91dbcb93bb88f834a,data/plantvillage/raw/color/Apple___healthy/ac41e650-367c-4a74-b26e-0a983bc1223b___RS_HL 7743.JPG,healthy,0,g2012,s_reliability,reliability_train,gaussian_noise,4685519702170125109,,,,0.04708561648270997,42,0,0,healthy,0,2.2220247,-0.63086593,-4.008612,42
09e66af59f86feadcd5e,data/plantvillage/raw/color/Apple___healthy/ac9eef55-7ba7-4663-913a-6c68fc5b3376___RS_HL 5696.JPG,healthy,0,g2016,s_reliability,reliability_train,original,,,,,,42,0,0,healthy,0,6.4957986,-4.981206,-5.3272715,42
6cebc39202a0a858fd55,data/plantvillage/raw/color/Apple___healthy/ac9eef55-7ba7-4663-913a-6c68fc5b3376___RS_HL 5696.JPG,healthy,0,g2016,s_reliability,reliability_train,brightness,2181875437142406949,1.2644341940202617,,,,42,0,0,healthy,0,7.042871,-5.101644,-5.6090093,42
22f461519d51c81c70fd,data/plantvillage/raw/color/Apple___healthy/ac9eef55-7ba7-4663-913a-6c68fc5b3376___RS_HL 5696.JPG,healthy,0,g2016,s_reliability,reliability_train,contrast,420369281112985065,,0.9077061235780632,,,42,0,0,healthy,0,5.9006233,-4.627446,-5.108303,42
6c1dc2383775c56450c0,data/plantvillage/raw/color/Apple___healthy/ac9eef55-7ba7-4663-913a-6c68fc5b3376___RS_HL 5696.JPG,healthy,0,g2016,s_reliability,reliability_train,gaussian_blur,4388417118540763769,,,0.9508285800921739,,42,0,0,healthy,0,3.323822,-3.8622894,-3.1626916,42
7bd36e10b885987b970e,data/plantvillage/raw/color/Apple___healthy/ac9eef55-7ba7-4663-913a-6c68fc5b3376___RS_HL 5696.JPG,healthy,0,g2016,s_reliability,reliability_train,gaussian_noise,6983981520002202230,,,,0.026404415395693534,42,0,0,healthy,0,6.8944182,-5.1785526,-5.514812,42
744902081ddfac40a186,data/plantvillage/raw/color/Apple___healthy/af413561-59ca-4d3a-9e7d-34711b946db4___RS_HL 6298.JPG,healthy,0,g2032,s_reliability,reliability_train,original,,,,,,42,0,0,healthy,0,3.825903,-4.738893,-3.3718023,42
2d4533a774fd4a1f2f27,data/plantvillage/raw/color/Apple___healthy/af413561-59ca-4d3a-9e7d-34711b946db4___RS_HL 6298.JPG,healthy,0,g2032,s_reliability,reliability_train,brightness,8199595439608167233,0.9889335125215225,,,,42,0,0,healthy,0,3.788458,-4.7527423,-3.3231275,42
16e63094ee7862347562,data/plantvillage/raw/color/Apple___healthy/af413561-59ca-4d3a-9e7d-34711b946db4___RS_HL 6298.JPG,healthy,0,g2032,s_reliability,reliability_train,contrast,5730671122905601923,,1.1627440952004102,,,42,0,0,healthy,0,3.982405,-4.8029213,-3.4373386,42
68e54cfa3e13d69ab905,data/plantvillage/raw/color/Apple___healthy/af413561-59ca-4d3a-9e7d-34711b946db4___RS_HL 6298.JPG,healthy,0,g2032,s_reliability,reliability_train,gaussian_blur,8320925033306606058,,,0.5903022859214198,,42,0,0,healthy,0,2.6544597,-4.5228496,-2.168374,42
b15427e5ed9955de0c3b,data/plantvillage/raw/color/Apple___healthy/af413561-59ca-4d3a-9e7d-34711b946db4___RS_HL 6298.JPG,healthy,0,g2032,s_reliability,reliability_train,gaussian_noise,1363805099464080102,,,,0.027320267348527723,42,0,0,healthy,0,3.794898,-4.736974,-3.343758,42
63893e739ea2c66c11c4,data/plantvillage/raw/color/Apple___healthy/b0178b88-d413-498c-a6de-1d7cef560d3a___RS_HL 7925.JPG,healthy,0,g2036,s_reliability,reliability_train,original,,,,,,42,0,0,healthy,0,4.4850583,-2.459702,-5.1609488,42
054b4dad6c2b9a9b861b,data/plantvillage/raw/color/Apple___healthy/b0178b88-d413-498c-a6de-1d7cef560d3a___RS_HL 7925.JPG,healthy,0,g2036,s_reliability,reliability_train,brightness,5492418601785591051,1.040595192750638,,,,42,0,0,healthy,0,4.626028,-2.5685573,-5.150232,42
bc210691884254ad33b6,data/plantvillage/raw/color/Apple___healthy/b0178b88-d413-498c-a6de-1d7cef560d3a___RS_HL 7925.JPG,healthy,0,g2036,s_reliability,reliability_train,contrast,2604726697876932199,,1.286382156053878,,,42,0,0,healthy,0,4.8272305,-2.636662,-5.2933927,42
55b95e030db525278e14,data/plantvillage/raw/color/Apple___healthy/b0178b88-d413-498c-a6de-1d7cef560d3a___RS_HL 7925.JPG,healthy,0,g2036,s_reliability,reliability_train,gaussian_blur,3885239844635962475,,,1.0599791249609647,,42,0,0,healthy,0,2.9252553,-2.392864,-3.0457747,42
0d4ab6824ad10676e67c,data/plantvillage/raw/color/Apple___healthy/b0178b88-d413-498c-a6de-1d7cef560d3a___RS_HL 7925.JPG,healthy,0,g2036,s_reliability,reliability_train,gaussian_noise,7736519202645945334,,,,0.046990988000148524,42,0,0,healthy,0,4.586644,-2.7222602,-5.1739974,42
c014d9de167931d8920f,data/plantvillage/raw/color/Apple___healthy/b228e0e9-6082-4f02-a31e-11077fff799a___RS_HL 8143.JPG,healthy,0,g2048,s_reliability,reliability_train,original,,,,,,42,0,0,healthy,0,3.2965465,-3.751452,-3.127211,42
17ceda6fec27cd197ba3,data/plantvillage/raw/color/Apple___healthy/b228e0e9-6082-4f02-a31e-11077fff799a___RS_HL 8143.JPG,healthy,0,g2048,s_reliability,reliability_train,brightness,7637982741032775424,1.1705180812361504,,,,42,0,0,healthy,0,3.2639606,-3.7850332,-3.055785,42
847f420aee99fed89484,data/plantvillage/raw/color/Apple___healthy/b228e0e9-6082-4f02-a31e-11077fff799a___RS_HL 8143.JPG,healthy,0,g2048,s_reliability,reliability_train,contrast,2006005395170838457,,1.196111763122233,,,42,0,0,healthy,0,3.2798183,-3.534404,-3.3337069,42
82f6efda7e07ecc824e0,data/plantvillage/raw/color/Apple___healthy/b228e0e9-6082-4f02-a31e-11077fff799a___RS_HL 8143.JPG,healthy,0,g2048,s_reliability,reliability_train,gaussian_blur,1781274265058439557,,,0.9401300438385838,,42,0,0,healthy,0,1.472113,-3.8116457,-1.028575,42
0def429112ec7e6e4d00,data/plantvillage/raw/color/Apple___healthy/b228e0e9-6082-4f02-a31e-11077fff799a___RS_HL 8143.JPG,healthy,0,g2048,s_reliability,reliability_train,gaussian_noise,3322207022313814604,,,,0.04985034398722949,42,0,0,healthy,0,3.3843222,-3.2516463,-3.654833,42
8cfcec343a400fc28a96,data/plantvillage/raw/color/Apple___healthy/b31c759a-547a-46de-937f-56714107db63___RS_HL 5857.JPG,healthy,0,g2052,s_reliability,reliability_train,original,,,,,,42,0,0,healthy,0,4.197081,-1.928611,-6.0150766,42
9b516bdcb4c6e4d4c135,data/plantvillage/raw/color/Apple___healthy/b31c759a-547a-46de-937f-56714107db63___RS_HL 5857.JPG,healthy,0,g2052,s_reliability,reliability_train,brightness,4776868927905034655,1.073415129158139,,,,42,0,0,healthy,0,4.2681274,-1.971598,-6.088122,42
677e40d0e3c206a175f0,data/plantvillage/raw/color/Apple___healthy/b31c759a-547a-46de-937f-56714107db63___RS_HL 5857.JPG,healthy,0,g2052,s_reliability,reliability_train,contrast,7493919670663009087,,1.105498708664748,,,42,0,0,healthy,0,4.31463,-1.9811383,-6.0955234,42
99a0275708a18491dae4,data/plantvillage/raw/color/Apple___healthy/b31c759a-547a-46de-937f-56714107db63___RS_HL 5857.JPG,healthy,0,g2052,s_reliability,reliability_train,gaussian_blur,5389729614572656442,,,0.7087394573119055,,42,0,0,healthy,0,3.7277672,-2.0730028,-4.7987943,42
f71e3a9ecb82b3352db7,data/plantvillage/raw/color/Apple___healthy/b31c759a-547a-46de-937f-56714107db63___RS_HL 5857.JPG,healthy,0,g2052,s_reliability,reliability_train,gaussian_noise,1649962379641599326,,,,0.026142903337634048,42,0,0,healthy,0,4.3506336,-1.9816967,-6.06955,42
160f9bb94b09e1efcc97,data/plantvillage/raw/color/Apple___healthy/b3731461-8db1-42f5-9976-5f3b8b72935b___RS_HL 5973.JPG,healthy,0,g2056,s_reliability,reliability_val,original,,,,,,42,0,0,healthy,0,2.6024704,-4.85267,-2.078416,42
8885ae1dc8102ed621f9,data/plantvillage/raw/color/Apple___healthy/b3731461-8db1-42f5-9976-5f3b8b72935b___RS_HL 5973.JPG,healthy,0,g2056,s_reliability,reliability_val,brightness,4714727046780064339,0.7875658312668739,,,,42,0,0,healthy,0,3.0825136,-4.6188965,-2.5011818,42
2c60a57a15112d0ba617,data/plantvillage/raw/color/Apple___healthy/b3731461-8db1-42f5-9976-5f3b8b72935b___RS_HL 5973.JPG,healthy,0,g2056,s_reliability,reliability_val,contrast,6385588251591397663,,1.2822563415305734,,,42,0,0,healthy,0,2.8777144,-5.0608273,-2.2011554,42
4a34568047a560e04c9a,data/plantvillage/raw/color/Apple___healthy/b3731461-8db1-42f5-9976-5f3b8b72935b___RS_HL 5973.JPG,healthy,0,g2056,s_reliability,reliability_val,gaussian_blur,3419429777540369926,,,1.3460412565313944,,42,0,2,rust,1,-0.068427116,-4.7193046,1.2517672,42
8af7a48f8fcb1014a457,data/plantvillage/raw/color/Apple___healthy/b3731461-8db1-42f5-9976-5f3b8b72935b___RS_HL 5973.JPG,healthy,0,g2056,s_reliability,reliability_val,gaussian_noise,4009949446650723733,,,,0.04752258620926362,42,0,0,healthy,0,3.1808345,-4.692048,-2.6923347,42
73628dbb90eead517cb4,data/plantvillage/raw/color/Apple___healthy/b3a6e935-5855-48b2-905a-e3d6e1806e94___RS_HL 5688.JPG,healthy,0,g2058,s_reliability,reliability_train,original,,,,,,42,0,0,healthy,0,5.419683,-1.4728729,-7.4817553,42
3534e484cccdf0d7cd34,data/plantvillage/raw/color/Apple___healthy/b3a6e935-5855-48b2-905a-e3d6e1806e94___RS_HL 5688.JPG,healthy,0,g2058,s_reliability,reliability_train,brightness,1557578092205089252,0.8328826552240327,,,,42,0,0,healthy,0,5.234391,-1.4324242,-7.383171,42
2aa38fbb21c9e5417f44,data/plantvillage/raw/color/Apple___healthy/b3a6e935-5855-48b2-905a-e3d6e1806e94___RS_HL 5688.JPG,healthy,0,g2058,s_reliability,reliability_train,contrast,4365394970387706490,,1.26964990020902,,,42,0,0,healthy,0,5.1324306,-1.4053464,-6.849087,42
ed5b28457cd2f8e393ae,data/plantvillage/raw/color/Apple___healthy/b3a6e935-5855-48b2-905a-e3d6e1806e94___RS_HL 5688.JPG,healthy,0,g2058,s_reliability,reliability_train,gaussian_blur,9135699124895660896,,,1.4844609674448979,,42,0,0,healthy,0,2.7551,-1.0033345,-4.726206,42
8f2c6cbb34c8b9e68573,data/plantvillage/raw/color/Apple___healthy/b3a6e935-5855-48b2-905a-e3d6e1806e94___RS_HL 5688.JPG,healthy,0,g2058,s_reliability,reliability_train,gaussian_noise,1845308470184377975,,,,0.019697229979750715,42,0,0,healthy,0,5.4915214,-1.4189821,-7.5855517,42
794b44ebb2444282ec0c,data/plantvillage/raw/color/Apple___healthy/b681e485-e0a6-489f-b9c9-c67d67e70801___RS_HL 5874.JPG,healthy,0,g2065,s_reliability,reliability_train,original,,,,,,42,0,0,healthy,0,3.7506106,-0.84024864,-5.8578334,42
5cf2009b309a19fe4628,data/plantvillage/raw/color/Apple___healthy/b681e485-e0a6-489f-b9c9-c67d67e70801___RS_HL 5874.JPG,healthy,0,g2065,s_reliability,reliability_train,brightness,1680582776402040823,0.9833869774273425,,,,42,0,0,healthy,0,3.7216887,-0.84788215,-5.815161,42
c733ee7a80bb9ac34ca0,data/plantvillage/raw/color/Apple___healthy/b681e485-e0a6-489f-b9c9-c67d67e70801___RS_HL 5874.JPG,healthy,0,g2065,s_reliability,reliability_train,contrast,5902776104711382083,,1.0231692700704949,,,42,0,0,healthy,0,3.7927945,-0.8763884,-5.8697467,42
31e633bacad86a375cba,data/plantvillage/raw/color/Apple___healthy/b681e485-e0a6-489f-b9c9-c67d67e70801___RS_HL 5874.JPG,healthy,0,g2065,s_reliability,reliability_train,gaussian_blur,4708892453808620805,,,1.0526122812565537,,42,0,0,healthy,0,1.2276839,-0.48930448,-3.2922223,42
d2c4d3ce026cbf30a268,data/plantvillage/raw/color/Apple___healthy/b681e485-e0a6-489f-b9c9-c67d67e70801___RS_HL 5874.JPG,healthy,0,g2065,s_reliability,reliability_train,gaussian_noise,1162522399652330452,,,,0.0246761782972328,42,0,0,healthy,0,3.806272,-0.8744237,-5.9135222,42
cfab5c96afc0dab85cf0,data/plantvillage/raw/color/Apple___healthy/b68238fa-2e01-43b2-bf8c-0e9d38848b02___RS_HL 6289.JPG,healthy,0,g2066,s_reliability,reliability_val,original,,,,,,42,0,0,healthy,0,3.2845838,-3.4899378,-3.8304126,42
68be8c726f9f5a718049,data/plantvillage/raw/color/Apple___healthy/b68238fa-2e01-43b2-bf8c-0e9d38848b02___RS_HL 6289.JPG,healthy,0,g2066,s_reliability,reliability_val,brightness,8457567747609506247,0.782399998924246,,,,42,0,0,healthy,0,3.1269011,-3.5443501,-3.6397364,42
68fee5889423ffdae47c,data/plantvillage/raw/color/Apple___healthy/b68238fa-2e01-43b2-bf8c-0e9d38848b02___RS_HL 6289.JPG,healthy,0,g2066,s_reliability,reliability_val,contrast,8774000798985531735,,1.0603544629313357,,,42,0,0,healthy,0,3.2916634,-3.4714465,-3.8602393,42
6abec8924216e97e4be1,data/plantvillage/raw/color/Apple___healthy/b68238fa-2e01-43b2-bf8c-0e9d38848b02___RS_HL 6289.JPG,healthy,0,g2066,s_reliability,reliability_val,gaussian_blur,7869332010863974810,,,0.7342636898935917,,42,0,0,healthy,0,2.213417,-3.4271297,-2.5132806,42
473b56d5d14684bc027a,data/plantvillage/raw/color/Apple___healthy/b68238fa-2e01-43b2-bf8c-0e9d38848b02___RS_HL 6289.JPG,healthy,0,g2066,s_reliability,reliability_val,gaussian_noise,2482522779772872238,,,,0.03583691907425137,42,0,0,healthy,0,3.5881674,-3.4651537,-4.282904,42
2502e2067afee52a04c0,data/plantvillage/raw/color/Apple___healthy/b776b468-ee06-4871-98da-3998ead30369___RS_HL 7438.JPG,healthy,0,g2070,s_reliability,reliability_train,original,,,,,,42,0,0,healthy,0,3.4576306,-3.759645,-3.5270278,42
feb9cab263530de1b591,data/plantvillage/raw/color/Apple___healthy/b776b468-ee06-4871-98da-3998ead30369___RS_HL 7438.JPG,healthy,0,g2070,s_reliability,reliability_train,brightness,2365677643134394711,1.0750175719115558,,,,42,0,0,healthy,0,3.6956224,-3.915927,-3.6083071,42
ce2d1faf72e93b46c967,data/plantvillage/raw/color/Apple___healthy/b776b468-ee06-4871-98da-3998ead30369___RS_HL 7438.JPG,healthy,0,g2070,s_reliability,reliability_train,contrast,9116424773941449745,,1.1582506044210392,,,42,0,0,healthy,0,3.2204669,-3.67725,-3.2986388,42
3b2b5d0c03a4ba870436,data/plantvillage/raw/color/Apple___healthy/b776b468-ee06-4871-98da-3998ead30369___RS_HL 7438.JPG,healthy,0,g2070,s_reliability,reliability_train,gaussian_blur,4214952760034534401,,,1.145537661875724,,42,0,0,healthy,0,0.20145991,-2.6186922,-0.6496351,42
43d21f64228f02b6a398,data/plantvillage/raw/color/Apple___healthy/b776b468-ee06-4871-98da-3998ead30369___RS_HL 7438.JPG,healthy,0,g2070,s_reliability,reliability_train,gaussian_noise,8988735410193991802,,,,0.04292261798365551,42,0,0,healthy,0,3.588875,-3.9531646,-3.5803885,42
914929a7b6e6dc1da420,data/plantvillage/raw/color/Apple___healthy/b85dfb75-f620-427c-9108-02547560a2b4___RS_HL 5913.JPG,healthy,0,g2076,s_reliability,reliability_train,original,,,,,,42,0,0,healthy,0,3.6099439,-3.6825533,-2.826091,42
e58e134fcc430ee89ec7,data/plantvillage/raw/color/Apple___healthy/b85dfb75-f620-427c-9108-02547560a2b4___RS_HL 5913.JPG,healthy,0,g2076,s_reliability,reliability_train,brightness,8793225143273527977,0.8240762318657053,,,,42,0,0,healthy,0,3.8212457,-3.4881842,-3.143931,42
0f91858be88370d9de90,data/plantvillage/raw/color/Apple___healthy/b85dfb75-f620-427c-9108-02547560a2b4___RS_HL 5913.JPG,healthy,0,g2076,s_reliability,reliability_train,contrast,6265584697138144249,,1.0196394665234805,,,42,0,0,healthy,0,3.5115237,-3.7062755,-2.7387998,42
06ad2989bdd028d57844,data/plantvillage/raw/color/Apple___healthy/b85dfb75-f620-427c-9108-02547560a2b4___RS_HL 5913.JPG,healthy,0,g2076,s_reliability,reliability_train,gaussian_blur,8792802007609175368,,,1.0849505554052472,,42,0,0,healthy,0,2.3135457,-3.2680695,-1.1405957,42
48434e8f2d35659598af,data/plantvillage/raw/color/Apple___healthy/b85dfb75-f620-427c-9108-02547560a2b4___RS_HL 5913.JPG,healthy,0,g2076,s_reliability,reliability_train,gaussian_noise,5061046377607003889,,,,0.042060955853097264,42,0,0,healthy,0,3.4678922,-3.6782236,-2.868921,42
04d2b4a60c21f8d6ec2c,data/plantvillage/raw/color/Apple___healthy/ba04fd9d-8914-4513-bc3a-2b8c3998fe83___RS_HL 7256.JPG,healthy,0,g2087,s_reliability,reliability_train,original,,,,,,42,0,0,healthy,0,2.5127046,-1.0932319,-3.5428665,42
dc36a0b7a3a467c0e987,data/plantvillage/raw/color/Apple___healthy/ba04fd9d-8914-4513-bc3a-2b8c3998fe83___RS_HL 7256.JPG,healthy,0,g2087,s_reliability,reliability_train,brightness,1797921920118738268,0.9750794405813554,,,,42,0,0,healthy,0,2.4406605,-1.1105323,-3.4678338,42
148bc3c742bfa25ec639,data/plantvillage/raw/color/Apple___healthy/ba04fd9d-8914-4513-bc3a-2b8c3998fe83___RS_HL 7256.JPG,healthy,0,g2087,s_reliability,reliability_train,contrast,438113381768895326,,1.0730466078895762,,,42,0,0,healthy,0,2.5479343,-1.10474,-3.5946305,42
361f095e4ca4bd4d69af,data/plantvillage/raw/color/Apple___healthy/ba04fd9d-8914-4513-bc3a-2b8c3998fe83___RS_HL 7256.JPG,healthy,0,g2087,s_reliability,reliability_train,gaussian_blur,4751290530091350662,,,1.0119356399405826,,42,0,0,healthy,0,0.5577127,-1.0664526,-0.7620064,42
96b69ecb0c23fd6313ff,data/plantvillage/raw/color/Apple___healthy/ba04fd9d-8914-4513-bc3a-2b8c3998fe83___RS_HL 7256.JPG,healthy,0,g2087,s_reliability,reliability_train,gaussian_noise,1742269739191165336,,,,0.029219425287541373,42,0,0,healthy,0,2.5143354,-1.167507,-3.4781978,42
7721a2f5d01660e128ba,data/plantvillage/raw/color/Apple___healthy/ba78848a-d307-4ba9-bb8e-34de742de684___RS_HL 7266.JPG,healthy,0,g2093,s_reliability,reliability_train,original,,,,,,42,0,0,healthy,0,2.8382144,-0.9350585,-4.178298,42
9612d51fc0b1da50df6d,data/plantvillage/raw/color/Apple___healthy/ba78848a-d307-4ba9-bb8e-34de742de684___RS_HL 7266.JPG,healthy,0,g2093,s_reliability,reliability_train,brightness,180513268911619436,1.2057437902938726,,,,42,0,0,healthy,0,2.85897,-0.8282951,-4.172441,42
e8ce493e638642d12931,data/plantvillage/raw/color/Apple___healthy/ba78848a-d307-4ba9-bb8e-34de742de684___RS_HL 7266.JPG,healthy,0,g2093,s_reliability,reliability_train,contrast,6656166065330326980,,0.7337856621956077,,,42,0,0,healthy,0,2.53332,-0.98686904,-3.8398788,42
d1fc300c3500dfaf4322,data/plantvillage/raw/color/Apple___healthy/ba78848a-d307-4ba9-bb8e-34de742de684___RS_HL 7266.JPG,healthy,0,g2093,s_reliability,reliability_train,gaussian_blur,6324544314400759133,,,0.9060317365141395,,42,0,0,healthy,0,1.0978019,-0.54818094,-2.1874802,42
920f573ac66cba575dd7,data/plantvillage/raw/color/Apple___healthy/ba78848a-d307-4ba9-bb8e-34de742de684___RS_HL 7266.JPG,healthy,0,g2093,s_reliability,reliability_train,gaussian_noise,8329810117937817382,,,,0.01784257470756679,42,0,0,healthy,0,2.8765292,-0.96115977,-4.1700625,42
cf5548f25743edc0cbcb,data/plantvillage/raw/color/Apple___healthy/bc0818a9-ad35-4d9d-93c7-20a9901c0781___RS_HL 8098.JPG,healthy,0,g2101,s_reliability,reliability_val,original,,,,,,42,0,0,healthy,0,5.727061,-4.1749854,-5.1260223,42
c5da03b69c50479a35a8,data/plantvillage/raw/color/Apple___healthy/bc0818a9-ad35-4d9d-93c7-20a9901c0781___RS_HL 8098.JPG,healthy,0,g2101,s_reliability,reliability_val,brightness,8799735336434726382,1.1911884074886696,,,,42,0,0,healthy,0,5.626821,-4.082274,-5.0730767,42
22263a5e23990c1da4b5,data/plantvillage/raw/color/Apple___healthy/bc0818a9-ad35-4d9d-93c7-20a9901c0781___RS_HL 8098.JPG,healthy,0,g2101,s_reliability,reliability_val,contrast,8902078070277646931,,1.0630424896404822,,,42,0,0,healthy,0,5.74545,-4.113731,-5.1989655,42
a3544a52fd98140addcd,data/plantvillage/raw/color/Apple___healthy/bc0818a9-ad35-4d9d-93c7-20a9901c0781___RS_HL 8098.JPG,healthy,0,g2101,s_reliability,reliability_val,gaussian_blur,5838627005906542724,,,1.4980776906589175,,42,0,0,healthy,0,2.3615053,-4.1996803,-0.947648,42
f49f3d9cdcaee007e3e1,data/plantvillage/raw/color/Apple___healthy/bc0818a9-ad35-4d9d-93c7-20a9901c0781___RS_HL 8098.JPG,healthy,0,g2101,s_reliability,reliability_val,gaussian_noise,6057847952184625287,,,,0.021363723166747527,42,0,0,healthy,0,6.0740485,-4.2869873,-5.374587,42
fb2efa36c811ccac5edb,data/plantvillage/raw/color/Apple___healthy/bd802f98-838a-4703-b38d-5db77ddac1b8___RS_HL 8154.JPG,healthy,0,g2109,s_reliability,reliability_train,original,,,,,,42,0,0,healthy,0,5.2590566,-4.1089215,-5.206856,42
7f53cd330d2ea1fe791d,data/plantvillage/raw/color/Apple___healthy/bd802f98-838a-4703-b38d-5db77ddac1b8___RS_HL 8154.JPG,healthy,0,g2109,s_reliability,reliability_train,brightness,9127502360244515742,1.0745386500691125,,,,42,0,0,healthy,0,5.196977,-3.979556,-5.294744,42
95fe9696745ad8eed9ca,data/plantvillage/raw/color/Apple___healthy/bd802f98-838a-4703-b38d-5db77ddac1b8___RS_HL 8154.JPG,healthy,0,g2109,s_reliability,reliability_train,contrast,2071369085903572210,,0.7312516795632684,,,42,0,0,healthy,0,4.4995437,-3.9550738,-4.76815,42
21aa9884eacc2caefb52,data/plantvillage/raw/color/Apple___healthy/bd802f98-838a-4703-b38d-5db77ddac1b8___RS_HL 8154.JPG,healthy,0,g2109,s_reliability,reliability_train,gaussian_blur,4730092531262903168,,,1.370288419602689,,42,0,0,healthy,0,2.48579,-3.4662888,-2.0201313,42
97bbe061f5b08f600ae9,data/plantvillage/raw/color/Apple___healthy/bd802f98-838a-4703-b38d-5db77ddac1b8___RS_HL 8154.JPG,healthy,0,g2109,s_reliability,reliability_train,gaussian_noise,901818618789934454,,,,0.039976350567291326,42,0,0,healthy,0,5.209435,-4.1853695,-5.2252283,42
63022531ff9fa6fc0d45,data/plantvillage/raw/color/Apple___healthy/bd9222f6-b97a-4e5b-ac0f-ff320f5f7180___RS_HL 7630.JPG,healthy,0,g2113,s_reliability,reliability_val,original,,,,,,42,0,0,healthy,0,3.96742,-1.247022,-5.757938,42
390bd4462123782ef427,data/plantvillage/raw/color/Apple___healthy/bd9222f6-b97a-4e5b-ac0f-ff320f5f7180___RS_HL 7630.JPG,healthy,0,g2113,s_reliability,reliability_val,brightness,172015498134347704,1.175835998070807,,,,42,0,0,healthy,0,3.9166217,-1.212629,-5.8309493,42
f0854de0092f6d905a02,data/plantvillage/raw/color/Apple___healthy/bd9222f6-b97a-4e5b-ac0f-ff320f5f7180___RS_HL 7630.JPG,healthy,0,g2113,s_reliability,reliability_val,contrast,1577609515580477337,,0.7522504153515164,,,42,0,0,healthy,0,3.8664935,-1.3477983,-5.482962,42
db77dd87a49dcc26424e,data/plantvillage/raw/color/Apple___healthy/bd9222f6-b97a-4e5b-ac0f-ff320f5f7180___RS_HL 7630.JPG,healthy,0,g2113,s_reliability,reliability_val,gaussian_blur,4790145554200165788,,,1.0741143929785053,,42,0,0,healthy,0,2.4770784,-1.2337497,-3.9620981,42
245a46211af3d8cc0fa3,data/plantvillage/raw/color/Apple___healthy/bd9222f6-b97a-4e5b-ac0f-ff320f5f7180___RS_HL 7630.JPG,healthy,0,g2113,s_reliability,reliability_val,gaussian_noise,3926349062987368425,,,,0.013728333983041923,42,0,0,healthy,0,3.922847,-1.2214335,-5.7209215,42
8221998e3131b7c66a72,data/plantvillage/raw/color/Apple___healthy/be0f61c7-6307-4492-8a2c-50987ca6890e___RS_HL 7403.JPG,healthy,0,g2118,s_reliability,reliability_train,original,,,,,,42,0,0,healthy,0,3.990894,-3.1765552,-4.080026,42
2e21325ce3d08a600010,data/plantvillage/raw/color/Apple___healthy/be0f61c7-6307-4492-8a2c-50987ca6890e___RS_HL 7403.JPG,healthy,0,g2118,s_reliability,reliability_train,brightness,9121134459745642125,1.2434822609539822,,,,42,0,0,healthy,0,4.1788673,-3.5415707,-3.929436,42
7b79c93fc6b10ba34a80,data/plantvillage/raw/color/Apple___healthy/be0f61c7-6307-4492-8a2c-50987ca6890e___RS_HL 7403.JPG,healthy,0,g2118,s_reliability,reliability_train,contrast,2399888761978609597,,0.8268785206328331,,,42,0,0,healthy,0,3.368898,-2.6138177,-3.995272,42
20b720a3564367538a11,data/plantvillage/raw/color/Apple___healthy/be0f61c7-6307-4492-8a2c-50987ca6890e___RS_HL 7403.JPG,healthy,0,g2118,s_reliability,reliability_train,gaussian_blur,1348339869800633035,,,1.459088779663769,,42,0,0,healthy,0,0.7872053,-2.8358936,-0.46421412,42
def40ccdb802d9030596,data/plantvillage/raw/color/Apple___healthy/be0f61c7-6307-4492-8a2c-50987ca6890e___RS_HL 7403.JPG,healthy,0,g2118,s_reliability,reliability_train,gaussian_noise,6399073601265097094,,,,0.017409783859069407,42,0,0,healthy,0,4.0293403,-3.2751086,-3.992703,42
86e3dc387cc38132ee5e,data/plantvillage/raw/color/Apple___healthy/bf26ad48-1ebb-4186-a52c-e249dc19317e___RS_HL 8195.JPG,healthy,0,g2126,s_reliability,reliability_train,original,,,,,,42,0,0,healthy,0,5.256907,-4.3979154,-4.8423963,42
096673625b34be9bafa8,data/plantvillage/raw/color/Apple___healthy/bf26ad48-1ebb-4186-a52c-e249dc19317e___RS_HL 8195.JPG,healthy,0,g2126,s_reliability,reliability_train,brightness,8227145813088676731,0.976378392652633,,,,42,0,0,healthy,0,5.20831,-4.3545384,-4.813808,42
3146ebb62de44e56e0f9,data/plantvillage/raw/color/Apple___healthy/bf26ad48-1ebb-4186-a52c-e249dc19317e___RS_HL 8195.JPG,healthy,0,g2126,s_reliability,reliability_train,contrast,2056087432683652734,,1.0382942568963212,,,42,0,0,healthy,0,5.331419,-4.4148264,-4.8876424,42
a9f65182625141ed8ddf,data/plantvillage/raw/color/Apple___healthy/bf26ad48-1ebb-4186-a52c-e249dc19317e___RS_HL 8195.JPG,healthy,0,g2126,s_reliability,reliability_train,gaussian_blur,370705917543667655,,,0.6733940116910309,,42,0,0,healthy,0,4.790315,-4.850247,-3.611844,42
a678a9c3a9d5feb9ad65,data/plantvillage/raw/color/Apple___healthy/bf26ad48-1ebb-4186-a52c-e249dc19317e___RS_HL 8195.JPG,healthy,0,g2126,s_reliability,reliability_train,gaussian_noise,2746301745903897519,,,,0.027721141446319215,42,0,0,healthy,0,5.122653,-4.1273603,-5.0092483,42
888b52343da7f4711815,data/plantvillage/raw/color/Apple___healthy/c0045dfa-da87-423c-a78c-07eb2fd456f3___RS_HL 7764.JPG,healthy,0,g2135,s_reliability,reliability_train,original,,,,,,42,0,0,healthy,0,5.1107273,-2.3721535,-5.689563,42
096e12326ba1358ab7bc,data/plantvillage/raw/color/Apple___healthy/c0045dfa-da87-423c-a78c-07eb2fd456f3___RS_HL 7764.JPG,healthy,0,g2135,s_reliability,reliability_train,brightness,1532155772140127187,0.7931166418417321,,,,42,0,0,healthy,0,4.850144,-2.3980646,-5.4189777,42
f58852c48802d7043b39,data/plantvillage/raw/color/Apple___healthy/c0045dfa-da87-423c-a78c-07eb2fd456f3___RS_HL 7764.JPG,healthy,0,g2135,s_reliability,reliability_train,contrast,775863984280875838,,0.9335391385990268,,,42,0,0,healthy,0,5.1311817,-2.431041,-5.6384726,42
4963d9da05435f66c46e,data/plantvillage/raw/color/Apple___healthy/c0045dfa-da87-423c-a78c-07eb2fd456f3___RS_HL 7764.JPG,healthy,0,g2135,s_reliability,reliability_train,gaussian_blur,7247662756099903798,,,0.926635856422753,,42,0,0,healthy,0,2.7352908,-1.9183913,-3.082958,42
6e5e47b091aad1e7a036,data/plantvillage/raw/color/Apple___healthy/c0045dfa-da87-423c-a78c-07eb2fd456f3___RS_HL 7764.JPG,healthy,0,g2135,s_reliability,reliability_train,gaussian_noise,5304108229709561733,,,,0.013365112575058654,42,0,0,healthy,0,5.1331472,-2.39771,-5.711753,42
2bb6537ddc619451a37d,data/plantvillage/raw/color/Apple___healthy/c07b5a20-2ebb-44b8-8a17-f8ce3890de91___RS_HL 7638.JPG,healthy,0,g2139,s_reliability,reliability_val,original,,,,,,42,0,0,healthy,0,3.2961552,-1.4632355,-3.691104,42
f1b6e0934442c95160a6,data/plantvillage/raw/color/Apple___healthy/c07b5a20-2ebb-44b8-8a17-f8ce3890de91___RS_HL 7638.JPG,healthy,0,g2139,s_reliability,reliability_val,brightness,4136809796246448102,1.1644180034227662,,,,42,0,0,healthy,0,3.1043365,-1.1810247,-3.527021,42
066b0d32ec838be62e22,data/plantvillage/raw/color/Apple___healthy/c07b5a20-2ebb-44b8-8a17-f8ce3890de91___RS_HL 7638.JPG,healthy,0,g2139,s_reliability,reliability_val,contrast,6682999832582545643,,0.9094378625301304,,,42,0,0,healthy,0,3.3126314,-1.5047295,-3.7305918,42
7a3f6527b2d2ee39723a,data/plantvillage/raw/color/Apple___healthy/c07b5a20-2ebb-44b8-8a17-f8ce3890de91___RS_HL 7638.JPG,healthy,0,g2139,s_reliability,reliability_val,gaussian_blur,3732462432036423482,,,0.5425326936863613,,42,0,0,healthy,0,2.6835449,-1.4183851,-3.0761223,42
1423e1eff43e520c37a1,data/plantvillage/raw/color/Apple___healthy/c07b5a20-2ebb-44b8-8a17-f8ce3890de91___RS_HL 7638.JPG,healthy,0,g2139,s_reliability,reliability_val,gaussian_noise,8446512876443846145,,,,0.019923722101704684,42,0,0,healthy,0,3.2306654,-1.2610534,-3.8501616,42
7e758aef47a2c0d2ea82,data/plantvillage/raw/color/Apple___healthy/c08ff541-b426-4e5b-8630-98b5246b7d20___RS_HL 5642.JPG,healthy,0,g2140,s_reliability,reliability_val,original,,,,,,42,0,0,healthy,0,4.9351854,-2.9278588,-5.5903068,42
59eab770ef4c82f5bb5e,data/plantvillage/raw/color/Apple___healthy/c08ff541-b426-4e5b-8630-98b5246b7d20___RS_HL 5642.JPG,healthy,0,g2140,s_reliability,reliability_val,brightness,7901447760014914251,0.8321592187134841,,,,42,0,0,healthy,0,4.955258,-2.9735599,-5.5537615,42
340c40ac5a402d0b0b14,data/plantvillage/raw/color/Apple___healthy/c08ff541-b426-4e5b-8630-98b5246b7d20___RS_HL 5642.JPG,healthy,0,g2140,s_reliability,reliability_val,contrast,7040978899187286917,,0.8991585219142556,,,42,0,0,healthy,0,4.568345,-2.6841328,-5.4495516,42
58d462692c51c595ac13,data/plantvillage/raw/color/Apple___healthy/c08ff541-b426-4e5b-8630-98b5246b7d20___RS_HL 5642.JPG,healthy,0,g2140,s_reliability,reliability_val,gaussian_blur,1129685229107744488,,,1.1421320484811093,,42,0,0,healthy,0,2.4411435,-2.2747328,-2.7315307,42
308dce40c23b2e5b7069,data/plantvillage/raw/color/Apple___healthy/c08ff541-b426-4e5b-8630-98b5246b7d20___RS_HL 5642.JPG,healthy,0,g2140,s_reliability,reliability_val,gaussian_noise,3658720964194921241,,,,0.033149885763990604,42,0,0,healthy,0,4.807094,-2.8843024,-5.59029,42
76a8543645381c52d935,data/plantvillage/raw/color/Apple___healthy/c09a02e7-f47a-4dea-b648-eaad0d9f3df1___RS_HL 6037.JPG,healthy,0,g2141,s_reliability,reliability_train,original,,,,,,42,0,0,healthy,0,4.5316463,-4.9671526,-3.2047408,42
6a2f501c947e679f4f20,data/plantvillage/raw/color/Apple___healthy/c09a02e7-f47a-4dea-b648-eaad0d9f3df1___RS_HL 6037.JPG,healthy,0,g2141,s_reliability,reliability_train,brightness,7318574128096411402,1.1855160279488623,,,,42,0,0,healthy,0,4.7284093,-5.192361,-3.3177092,42
946fa4518aa9f2d5dc6a,data/plantvillage/raw/color/Apple___healthy/c09a02e7-f47a-4dea-b648-eaad0d9f3df1___RS_HL 6037.JPG,healthy,0,g2141,s_reliability,reliability_train,contrast,3111374834762598035,,0.9047617592988995,,,42,0,0,healthy,0,4.327287,-4.843351,-3.1478753,42
ee652b1447143f8f85e8,data/plantvillage/raw/color/Apple___healthy/c09a02e7-f47a-4dea-b648-eaad0d9f3df1___RS_HL 6037.JPG,healthy,0,g2141,s_reliability,reliability_train,gaussian_blur,7061840616175433430,,,1.1269335419549655,,42,0,0,healthy,0,2.7182384,-4.0797215,-1.6895417,42
2d5b2821ad6017de922b,data/plantvillage/raw/color/Apple___healthy/c09a02e7-f47a-4dea-b648-eaad0d9f3df1___RS_HL 6037.JPG,healthy,0,g2141,s_reliability,reliability_train,gaussian_noise,4482699771422407971,,,,0.025298880006848164,42,0,0,healthy,0,4.461028,-4.8183746,-3.276247,42
3ac461c53350246cd845,data/plantvillage/raw/color/Apple___healthy/c1b8e085-537b-4a2d-890f-76f0dabb4757___RS_HL 7928.JPG,healthy,0,g2144,s_reliability,reliability_train,original,,,,,,42,0,0,healthy,0,3.4500759,-2.6693826,-4.3931932,42
f579f873ef99dce65c51,data/plantvillage/raw/color/Apple___healthy/c1b8e085-537b-4a2d-890f-76f0dabb4757___RS_HL 7928.JPG,healthy,0,g2144,s_reliability,reliability_train,brightness,1677776963707918586,1.2760265259765902,,,,42,0,0,healthy,0,3.5949233,-2.9061756,-4.320946,42
421293c9aad272f74b0a,data/plantvillage/raw/color/Apple___healthy/c1b8e085-537b-4a2d-890f-76f0dabb4757___RS_HL 7928.JPG,healthy,0,g2144,s_reliability,reliability_train,contrast,5161992963489675810,,1.1510633574445606,,,42,0,0,healthy,0,3.333454,-2.594959,-4.3070936,42
0183e5521c14f5926f7d,data/plantvillage/raw/color/Apple___healthy/c1b8e085-537b-4a2d-890f-76f0dabb4757___RS_HL 7928.JPG,healthy,0,g2144,s_reliability,reliability_train,gaussian_blur,8152934542376510886,,,0.8090933183456908,,42,0,0,healthy,0,2.0392277,-2.6501386,-2.2020442,42
9b658006bd18434f5565,data/plantvillage/raw/color/Apple___healthy/c1b8e085-537b-4a2d-890f-76f0dabb4757___RS_HL 7928.JPG,healthy,0,g2144,s_reliability,reliability_train,gaussian_noise,5007149080097467802,,,,0.044034355099742205,42,0,0,healthy,0,3.7529976,-2.754244,-4.568775,42
e69efec21c669a324563,data/plantvillage/raw/color/Apple___healthy/c25d42b9-915a-442d-bdae-d1405e76b8a8___RS_HL 6179.JPG,healthy,0,g2149,s_reliability,reliability_train,original,,,,,,42,0,0,healthy,0,4.3395367,-5.32114,-2.681979,42
58d6150421542ba6bff2,data/plantvillage/raw/color/Apple___healthy/c25d42b9-915a-442d-bdae-d1405e76b8a8___RS_HL 6179.JPG,healthy,0,g2149,s_reliability,reliability_train,brightness,4975643983549160138,0.7828723129237003,,,,42,0,0,healthy,0,4.3938603,-5.0228214,-2.9459047,42
c3b2b05adad34ae3e9cd,data/plantvillage/raw/color/Apple___healthy/c25d42b9-915a-442d-bdae-d1405e76b8a8___RS_HL 6179.JPG,healthy,0,g2149,s_reliability,reliability_train,contrast,1845452395850228451,,1.0076742398983352,,,42,0,0,healthy,0,4.313018,-5.3069553,-2.6665554,42
24b542153842a1d5398b,data/plantvillage/raw/color/Apple___healthy/c25d42b9-915a-442d-bdae-d1405e76b8a8___RS_HL 6179.JPG,healthy,0,g2149,s_reliability,reliability_train,gaussian_blur,5608949054174404126,,,1.2117603423095487,,42,0,0,healthy,0,2.5498037,-4.322744,-0.90085685,42
b9681b88dc47bb44bd33,data/plantvillage/raw/color/Apple___healthy/c25d42b9-915a-442d-bdae-d1405e76b8a8___RS_HL 6179.JPG,healthy,0,g2149,s_reliability,reliability_train,gaussian_noise,2363685273175047632,,,,0.01793314336763409,42,0,0,healthy,0,4.2336526,-5.222367,-2.6670012,42
e1c97c5e292b2a6dbbde,data/plantvillage/raw/color/Apple___healthy/c2aa2c88-d07b-4df4-80c7-1ba703254844___RS_HL 5727.JPG,healthy,0,g2151,s_reliability,reliability_train,original,,,,,,42,0,0,healthy,0,5.433292,-1.9431769,-6.5757527,42
1a6cfda8efeb2f5bb136,data/plantvillage/raw/color/Apple___healthy/c2aa2c88-d07b-4df4-80c7-1ba703254844___RS_HL 5727.JPG,healthy,0,g2151,s_reliability,reliability_train,brightness,6201872872046183563,1.273212599505423,,,,42,0,0,healthy,0,5.514902,-2.0434055,-6.6164036,42
1815407a8b8f1ac9b00d,data/plantvillage/raw/color/Apple___healthy/c2aa2c88-d07b-4df4-80c7-1ba703254844___RS_HL 5727.JPG,healthy,0,g2151,s_reliability,reliability_train,contrast,3181043192243917182,,1.2471065682876934,,,42,0,0,healthy,0,4.8469462,-1.8418554,-6.129185,42
cbbe1180db7338481052,data/plantvillage/raw/color/Apple___healthy/c2aa2c88-d07b-4df4-80c7-1ba703254844___RS_HL 5727.JPG,healthy,0,g2151,s_reliability,reliability_train,gaussian_blur,2564162601311862432,,,1.316633947873317,,42,0,0,healthy,0,2.633839,-0.79804975,-3.6025994,42
40422b4f368270506cc2,data/plantvillage/raw/color/Apple___healthy/c2aa2c88-d07b-4df4-80c7-1ba703254844___RS_HL 5727.JPG,healthy,0,g2151,s_reliability,reliability_train,gaussian_noise,6784817004498070987,,,,0.048790632152740106,42,0,0,healthy,0,5.5609303,-1.8235936,-6.9149265,42
75b0869adf8aae41dd63,data/plantvillage/raw/color/Apple___healthy/c3d84f64-28b0-4ea7-a45a-ea564a9b801e___RS_HL 5648.JPG,healthy,0,g2158,s_reliability,reliability_train,original,,,,,,42,0,0,healthy,0,3.7494347,-1.8046626,-5.011867,42
35ac56fb741a094f2716,data/plantvillage/raw/color/Apple___healthy/c3d84f64-28b0-4ea7-a45a-ea564a9b801e___RS_HL 5648.JPG,healthy,0,g2158,s_reliability,reliability_train,brightness,7994818079403712818,1.2575528817467188,,,,42,0,0,healthy,0,3.6537092,-1.8599743,-4.8011837,42
64402d869636aaa4a088,data/plantvillage/raw/color/Apple___healthy/c3d84f64-28b0-4ea7-a45a-ea564a9b801e___RS_HL 5648.JPG,healthy,0,g2158,s_reliability,reliability_train,contrast,1212969349029424454,,1.205650426023518,,,42,0,0,healthy,0,3.5381272,-1.6910574,-4.8503246,42
df5ed01dcdacf76e3125,data/plantvillage/raw/color/Apple___healthy/c3d84f64-28b0-4ea7-a45a-ea564a9b801e___RS_HL 5648.JPG,healthy,0,g2158,s_reliability,reliability_train,gaussian_blur,5136720669961115547,,,1.1422573694045977,,42,0,0,healthy,0,1.2608587,-1.3592656,-2.580775,42
56e905d1a2dc46828ec1,data/plantvillage/raw/color/Apple___healthy/c3d84f64-28b0-4ea7-a45a-ea564a9b801e___RS_HL 5648.JPG,healthy,0,g2158,s_reliability,reliability_train,gaussian_noise,7852498339695922455,,,,0.04366808621332278,42,0,0,healthy,0,3.812168,-1.7676646,-5.0945206,42
457d1a37e95138172a1d,data/plantvillage/raw/color/Apple___healthy/c6086c14-d6e9-4c87-8bfe-1275b959bcf7___RS_HL 7369.JPG,healthy,0,g2172,s_reliability,reliability_train,original,,,,,,42,0,0,healthy,0,3.922508,-3.6873553,-3.48454,42
ede64b1785f2d8d8ba4b,data/plantvillage/raw/color/Apple___healthy/c6086c14-d6e9-4c87-8bfe-1275b959bcf7___RS_HL 7369.JPG,healthy,0,g2172,s_reliability,reliability_train,brightness,5394427658917039094,0.9354401784262952,,,,42,0,0,healthy,0,3.673072,-3.510005,-3.4625673,42
e054ff9e13f3bb0bc32a,data/plantvillage/raw/color/Apple___healthy/c6086c14-d6e9-4c87-8bfe-1275b959bcf7___RS_HL 7369.JPG,healthy,0,g2172,s_reliability,reliability_train,contrast,7789996325212330467,,0.7916179709294502,,,42,0,0,healthy,0,2.9689658,-2.9242957,-3.258401,42
b7a34ce31c963501f0ae,data/plantvillage/raw/color/Apple___healthy/c6086c14-d6e9-4c87-8bfe-1275b959bcf7___RS_HL 7369.JPG,healthy,0,g2172,s_reliability,reliability_train,gaussian_blur,8629583409565100548,,,1.2716252582297112,,42,0,0,healthy,0,0.22087774,-2.5445023,-0.06451539,42
b0ca338f7c89770cae29,data/plantvillage/raw/color/Apple___healthy/c6086c14-d6e9-4c87-8bfe-1275b959bcf7___RS_HL 7369.JPG,healthy,0,g2172,s_reliability,reliability_train,gaussian_noise,2254907848757832646,,,,0.011241313295914832,42,0,0,healthy,0,3.9834874,-3.7326722,-3.5104718,42
a9679fcd52c3ba748012,data/plantvillage/raw/color/Apple___healthy/c73cded7-83a5-4c2f-8f38-0b225165822c___RS_HL 5826.JPG,healthy,0,g2179,s_reliability,reliability_train,original,,,,,,42,0,0,healthy,0,3.934183,-0.46847707,-6.7736764,42
e8abc3fecbb4b1d1ea38,data/plantvillage/raw/color/Apple___healthy/c73cded7-83a5-4c2f-8f38-0b225165822c___RS_HL 5826.JPG,healthy,0,g2179,s_reliability,reliability_train,brightness,6113367042011943218,1.215894431776288,,,,42,0,0,healthy,0,4.245658,-0.60648733,-6.8899226,42
a584311c6b1f3e8cb2ef,data/plantvillage/raw/color/Apple___healthy/c73cded7-83a5-4c2f-8f38-0b225165822c___RS_HL 5826.JPG,healthy,0,g2179,s_reliability,reliability_train,contrast,3791320965133240713,,0.9556493379130255,,,42,0,0,healthy,0,3.8688843,-0.4689694,-6.7059674,42
a59e6807e7f43a94b241,data/plantvillage/raw/color/Apple___healthy/c73cded7-83a5-4c2f-8f38-0b225165822c___RS_HL 5826.JPG,healthy,0,g2179,s_reliability,reliability_train,gaussian_blur,7382405189823223510,,,1.042292375793967,,42,0,0,healthy,0,1.7434987,-0.38823828,-3.8715942,42
ac3c5b8a37c97c04a0a3,data/plantvillage/raw/color/Apple___healthy/c73cded7-83a5-4c2f-8f38-0b225165822c___RS_HL 5826.JPG,healthy,0,g2179,s_reliability,reliability_train,gaussian_noise,119254409845564898,,,,0.04006657299981804,42,0,0,healthy,0,3.7912624,-0.17092101,-6.9221754,42
d8d013fe8824113a8843,data/plantvillage/raw/color/Apple___healthy/c866af3f-3279-42b7-8e3d-f4f1a84f733b___RS_HL 5883.JPG,healthy,0,g2184,s_reliability,reliability_train,original,,,,,,42,0,0,healthy,0,3.0567787,0.12798537,-5.7080646,42
3146e51c9588f5387b83,data/plantvillage/raw/color/Apple___healthy/c866af3f-3279-42b7-8e3d-f4f1a84f733b___RS_HL 5883.JPG,healthy,0,g2184,s_reliability,reliability_train,brightness,330768210966878635,0.8890688501277324,,,,42,0,0,healthy,0,2.981814,0.19039072,-5.692039,42
028fd09ceb969a90d691,data/plantvillage/raw/color/Apple___healthy/c866af3f-3279-42b7-8e3d-f4f1a84f733b___RS_HL 5883.JPG,healthy,0,g2184,s_reliability,reliability_train,contrast,5028767337899419748,,0.8100007568238327,,,42,0,0,healthy,0,2.8469865,0.2761995,-5.715432,42
1d5dbb1003cb4af040b8,data/plantvillage/raw/color/Apple___healthy/c866af3f-3279-42b7-8e3d-f4f1a84f733b___RS_HL 5883.JPG,healthy,0,g2184,s_reliability,reliability_train,gaussian_blur,2920656181605310539,,,1.006898562633301,,42,0,0,healthy,0,1.0628068,0.40868878,-3.1830053,42
ba4708c1b17a170c183d,data/plantvillage/raw/color/Apple___healthy/c866af3f-3279-42b7-8e3d-f4f1a84f733b___RS_HL 5883.JPG,healthy,0,g2184,s_reliability,reliability_train,gaussian_noise,1152016542204788266,,,,0.04851951592932933,42,0,0,healthy,0,3.0112457,0.637986,-6.168231,42
8a4505126d63ec85f759,data/plantvillage/raw/color/Apple___healthy/c93d7101-89bf-48d9-bcb2-3957da7131ff___RS_HL 8035.JPG,healthy,0,g2194,s_reliability,reliability_train,original,,,,,,42,0,0,healthy,0,6.2259617,-3.5694425,-5.8433166,42
7ceb163ba4d4d5c781b7,data/plantvillage/raw/color/Apple___healthy/c93d7101-89bf-48d9-bcb2-3957da7131ff___RS_HL 8035.JPG,healthy,0,g2194,s_reliability,reliability_train,brightness,5558281756690160530,1.2342082225566018,,,,42,0,0,healthy,0,5.82315,-2.9629521,-5.779028,42
cc9dc915bd10b312bd21,data/plantvillage/raw/color/Apple___healthy/c93d7101-89bf-48d9-bcb2-3957da7131ff___RS_HL 8035.JPG,healthy,0,g2194,s_reliability,reliability_train,contrast,1727359253534302747,,1.1531299635432988,,,42,0,0,healthy,0,6.2496815,-3.446691,-5.883725,42
1b253d31926640ac3ca3,data/plantvillage/raw/color/Apple___healthy/c93d7101-89bf-48d9-bcb2-3957da7131ff___RS_HL 8035.JPG,healthy,0,g2194,s_reliability,reliability_train,gaussian_blur,6823915968152106117,,,1.105232134183948,,42,0,0,healthy,0,3.2365348,-3.0796456,-2.9413671,42
1b5ffcc52a4b37788c3d,data/plantvillage/raw/color/Apple___healthy/c93d7101-89bf-48d9-bcb2-3957da7131ff___RS_HL 8035.JPG,healthy,0,g2194,s_reliability,reliability_train,gaussian_noise,6750806713100144370,,,,0.047024848288745466,42,0,0,healthy,0,6.2721105,-3.6083019,-5.9020624,42
82ed3d908665f2e1dc62,data/plantvillage/raw/color/Apple___healthy/c9ea6277-0581-43dd-91d6-3fddfdf447be___RS_HL 7412.JPG,healthy,0,g2201,s_reliability,reliability_train,original,,,,,,42,0,0,healthy,0,4.335377,-3.6690876,-4.9985843,42
822c0094bef49ad08600,data/plantvillage/raw/color/Apple___healthy/c9ea6277-0581-43dd-91d6-3fddfdf447be___RS_HL 7412.JPG,healthy,0,g2201,s_reliability,reliability_train,brightness,1124035242754723277,0.8019236110275227,,,,42,0,0,healthy,0,4.130143,-3.395201,-5.2496533,42
94c2782dd6d8123420e6,data/plantvillage/raw/color/Apple___healthy/c9ea6277-0581-43dd-91d6-3fddfdf447be___RS_HL 7412.JPG,healthy,0,g2201,s_reliability,reliability_train,contrast,2955705320888015645,,1.2402788890882799,,,42,0,0,healthy,0,4.3930306,-3.713238,-4.8615427,42
39e79f2f41950698819a,data/plantvillage/raw/color/Apple___healthy/c9ea6277-0581-43dd-91d6-3fddfdf447be___RS_HL 7412.JPG,healthy,0,g2201,s_reliability,reliability_train,gaussian_blur,4061784450760376337,,,1.2924075736535614,,42,0,0,healthy,0,1.3062123,-2.2381976,-1.900738,42
f9ec2d35b0aa7dd62e70,data/plantvillage/raw/color/Apple___healthy/c9ea6277-0581-43dd-91d6-3fddfdf447be___RS_HL 7412.JPG,healthy,0,g2201,s_reliability,reliability_train,gaussian_noise,3925436085287329716,,,,0.04505315712271693,42,0,0,healthy,0,4.187398,-3.853879,-4.744444,42
8500a0cf656fe4b1fed3,data/plantvillage/raw/color/Apple___healthy/ca1cb6e7-c72f-4c06-b7c8-b370b48a74c6___RS_HL 5691.JPG,healthy,0,g2205,s_reliability,reliability_train,original,,,,,,42,0,0,healthy,0,3.923324,0.09135082,-7.852232,42
967900037b163b43e812,data/plantvillage/raw/color/Apple___healthy/ca1cb6e7-c72f-4c06-b7c8-b370b48a74c6___RS_HL 5691.JPG,healthy,0,g2205,s_reliability,reliability_train,brightness,64681054543535096,1.001574255859222,,,,42,0,0,healthy,0,3.923324,0.09135082,-7.852232,42
83b1045b83dca0a99383,data/plantvillage/raw/color/Apple___healthy/ca1cb6e7-c72f-4c06-b7c8-b370b48a74c6___RS_HL 5691.JPG,healthy,0,g2205,s_reliability,reliability_train,contrast,5758528568764750168,,0.7633893097679888,,,42,0,0,healthy,0,3.693649,0.04894905,-7.6316743,42
eee0a6bc0885f2422383,data/plantvillage/raw/color/Apple___healthy/ca1cb6e7-c72f-4c06-b7c8-b370b48a74c6___RS_HL 5691.JPG,healthy,0,g2205,s_reliability,reliability_train,gaussian_blur,6625218194976635370,,,0.904363199516303,,42,0,0,healthy,0,1.5927868,0.6545807,-5.598572,42
596b5eac10966d1b10a7,data/plantvillage/raw/color/Apple___healthy/ca1cb6e7-c72f-4c06-b7c8-b370b48a74c6___RS_HL 5691.JPG,healthy,0,g2205,s_reliability,reliability_train,gaussian_noise,6547022880932985936,,,,0.023021299768056377,42,0,0,healthy,0,3.9650652,0.31790006,-8.230334,42
bebca8e78ed688ce6e11,data/plantvillage/raw/color/Apple___healthy/ca4458ac-56ef-41f3-b7a9-6084846069fd___RS_HL 6072.JPG,healthy,0,g2206,s_reliability,reliability_train,original,,,,,,42,0,0,healthy,0,1.1896802,-2.4264574,-2.313244,42
a70d299b7492ea987647,data/plantvillage/raw/color/Apple___healthy/ca4458ac-56ef-41f3-b7a9-6084846069fd___RS_HL 6072.JPG,healthy,0,g2206,s_reliability,reliability_train,brightness,5264637720931447667,1.0428163542857307,,,,42,0,0,healthy,0,1.174004,-2.4477391,-2.2999187,42
a3cb9cc297a5198d4314,data/plantvillage/raw/color/Apple___healthy/ca4458ac-56ef-41f3-b7a9-6084846069fd___RS_HL 6072.JPG,healthy,0,g2206,s_reliability,reliability_train,contrast,5567781488950657950,,1.0330599578339454,,,42,0,0,healthy,0,1.1980016,-2.4305694,-2.340243,42
fcfb03ff1f10602f4529,data/plantvillage/raw/color/Apple___healthy/ca4458ac-56ef-41f3-b7a9-6084846069fd___RS_HL 6072.JPG,healthy,0,g2206,s_reliability,reliability_train,gaussian_blur,8320185244374521532,,,0.5419395901439416,,42,0,0,healthy,0,0.91047585,-2.3541217,-2.0465715,42
42d33cd20760f08f4231,data/plantvillage/raw/color/Apple___healthy/ca4458ac-56ef-41f3-b7a9-6084846069fd___RS_HL 6072.JPG,healthy,0,g2206,s_reliability,reliability_train,gaussian_noise,6758029274646793271,,,,0.038366033395993086,42,0,0,healthy,0,1.3176665,-2.3517685,-2.6283584,42
2c8e862b7a76a72c7d9a,data/plantvillage/raw/color/Apple___healthy/ca66c694-e8cb-47df-84af-b4c46de1fd3e___RS_HL 7862.JPG,healthy,0,g2207,s_reliability,reliability_train,original,,,,,,42,0,0,healthy,0,3.3931746,-1.1834464,-4.8990765,42
25311328ae267eaff434,data/plantvillage/raw/color/Apple___healthy/ca66c694-e8cb-47df-84af-b4c46de1fd3e___RS_HL 7862.JPG,healthy,0,g2207,s_reliability,reliability_train,brightness,466335382305044982,0.9759496994748276,,,,42,0,0,healthy,0,3.3656795,-1.1502529,-4.918033,42
790c75a443f9cf6af08c,data/plantvillage/raw/color/Apple___healthy/ca66c694-e8cb-47df-84af-b4c46de1fd3e___RS_HL 7862.JPG,healthy,0,g2207,s_reliability,reliability_train,contrast,7668705425055595804,,0.8728316710111689,,,42,0,0,healthy,0,3.2487187,-1.1700877,-4.9089165,42
fc98debdff75f77a1270,data/plantvillage/raw/color/Apple___healthy/ca66c694-e8cb-47df-84af-b4c46de1fd3e___RS_HL 7862.JPG,healthy,0,g2207,s_reliability,reliability_train,gaussian_blur,4102053552798075551,,,0.7664091708947995,,42,0,0,healthy,0,2.6383753,-1.2902812,-3.8710566,42
29392ad67b2e1afaaba2,data/plantvillage/raw/color/Apple___healthy/ca66c694-e8cb-47df-84af-b4c46de1fd3e___RS_HL 7862.JPG,healthy,0,g2207,s_reliability,reliability_train,gaussian_noise,2561215519920667653,,,,0.016396574973629334,42,0,0,healthy,0,3.258021,-1.0377324,-4.7924485,42
026ae6bb37c3a7c491ff,data/plantvillage/raw/color/Apple___healthy/ce955079-4dde-4b96-9240-5348dbb3c774___RS_HL 7760.JPG,healthy,0,g2227,s_reliability,reliability_train,original,,,,,,42,0,0,healthy,0,4.7147713,-2.7630024,-5.531229,42
53cd8cb3f6e383bfd265,data/plantvillage/raw/color/Apple___healthy/ce955079-4dde-4b96-9240-5348dbb3c774___RS_HL 7760.JPG,healthy,0,g2227,s_reliability,reliability_train,brightness,1542284079762645356,0.8204426885087397,,,,42,0,0,healthy,0,4.4369073,-2.6600947,-5.377328,42
a1b7603737810ee4898a,data/plantvillage/raw/color/Apple___healthy/ce955079-4dde-4b96-9240-5348dbb3c774___RS_HL 7760.JPG,healthy,0,g2227,s_reliability,reliability_train,contrast,7018544803103880387,,0.7474248611541382,,,42,0,0,healthy,0,3.65055,-2.1909115,-5.0361137,42
edb4b76e7149a9d7a29d,data/plantvillage/raw/color/Apple___healthy/ce955079-4dde-4b96-9240-5348dbb3c774___RS_HL 7760.JPG,healthy,0,g2227,s_reliability,reliability_train,gaussian_blur,8795465109502907689,,,0.9078707653865126,,42,0,0,healthy,0,2.2226422,-2.5681043,-2.9758599,42
caedc674c1a54d23b8ef,data/plantvillage/raw/color/Apple___healthy/ce955079-4dde-4b96-9240-5348dbb3c774___RS_HL 7760.JPG,healthy,0,g2227,s_reliability,reliability_train,gaussian_noise,6794807253845001703,,,,0.028518212000563203,42,0,0,healthy,0,4.6284823,-2.737048,-5.5159407,42
c31a6cfbc0906d1d9c63,data/plantvillage/raw/color/Apple___healthy/ceead707-a3f7-4ac7-801e-113399dcf68a___RS_HL 7254.JPG,healthy,0,g2231,s_reliability,reliability_train,original,,,,,,42,0,0,healthy,0,2.0717869,-1.003477,-3.2876637,42
c5ce2bae713f9fb0eae5,data/plantvillage/raw/color/Apple___healthy/ceead707-a3f7-4ac7-801e-113399dcf68a___RS_HL 7254.JPG,healthy,0,g2231,s_reliability,reliability_train,brightness,5310635950468506830,1.2125850553548485,,,,42,0,0,healthy,0,2.5642316,-1.2464833,-3.5575626,42
836fcd3974f32a14d979,data/plantvillage/raw/color/Apple___healthy/ceead707-a3f7-4ac7-801e-113399dcf68a___RS_HL 7254.JPG,healthy,0,g2231,s_reliability,reliability_train,contrast,8453389600264170856,,1.2282785937120335,,,42,0,0,healthy,0,2.3114989,-1.4011573,-3.2967975,42
d91e84bedb8d68823a3f,data/plantvillage/raw/color/Apple___healthy/ceead707-a3f7-4ac7-801e-113399dcf68a___RS_HL 7254.JPG,healthy,0,g2231,s_reliability,reliability_train,gaussian_blur,8141292800331339798,,,1.2618486595911564,,42,0,0,healthy,0,0.36715603,-0.7617777,-0.5114551,42
0a5bb8376d428fbd973b,data/plantvillage/raw/color/Apple___healthy/ceead707-a3f7-4ac7-801e-113399dcf68a___RS_HL 7254.JPG,healthy,0,g2231,s_reliability,reliability_train,gaussian_noise,1437456683084059539,,,,0.016770878553564152,42,0,0,healthy,0,2.1892383,-1.045547,-3.3631687,42
07d023b11083c959c28a,data/plantvillage/raw/color/Apple___healthy/d2fc2f4e-9094-4e38-bc7a-f40c5c059280___RS_HL 8170.JPG,healthy,0,g2255,s_reliability,reliability_train,original,,,,,,42,0,0,healthy,0,2.842048,-0.9856605,-5.6440053,42
f647ec36803b0188365c,data/plantvillage/raw/color/Apple___healthy/d2fc2f4e-9094-4e38-bc7a-f40c5c059280___RS_HL 8170.JPG,healthy,0,g2255,s_reliability,reliability_train,brightness,6468456812140489579,1.1322657762255826,,,,42,0,0,healthy,0,2.9651008,-1.2048036,-5.6209407,42
68263bee62a01ab0344b,data/plantvillage/raw/color/Apple___healthy/d2fc2f4e-9094-4e38-bc7a-f40c5c059280___RS_HL 8170.JPG,healthy,0,g2255,s_reliability,reliability_train,contrast,1346612767160249970,,0.7335255042392433,,,42,0,0,healthy,0,2.3245606,-0.7441495,-5.2424884,42
eaa6a11f933239e30b8b,data/plantvillage/raw/color/Apple___healthy/d2fc2f4e-9094-4e38-bc7a-f40c5c059280___RS_HL 8170.JPG,healthy,0,g2255,s_reliability,reliability_train,gaussian_blur,4626427805772643900,,,0.864117616238262,,42,0,0,healthy,0,1.1207696,-1.4028583,-3.1027844,42
1c69c05045c5295e52b0,data/plantvillage/raw/color/Apple___healthy/d2fc2f4e-9094-4e38-bc7a-f40c5c059280___RS_HL 8170.JPG,healthy,0,g2255,s_reliability,reliability_train,gaussian_noise,4832447173228070878,,,,0.015262237558385237,42,0,0,healthy,0,2.8913226,-1.0376533,-5.6550975,42
933697676eef75f2dea5,data/plantvillage/raw/color/Apple___healthy/d321145e-6ab0-4ad2-8109-f34ee4389149___RS_HL 7848.JPG,healthy,0,g2257,s_reliability,reliability_val,original,,,,,,42,0,0,healthy,0,5.5057635,-2.7997787,-5.876216,42
85d8e884694090ae82db,data/plantvillage/raw/color/Apple___healthy/d321145e-6ab0-4ad2-8109-f34ee4389149___RS_HL 7848.JPG,healthy,0,g2257,s_reliability,reliability_val,brightness,7240918213609358812,1.1989368870284907,,,,42,0,0,healthy,0,5.5169845,-2.63252,-5.980379,42
1b2a607c1808e9dd3b62,data/plantvillage/raw/color/Apple___healthy/d321145e-6ab0-4ad2-8109-f34ee4389149___RS_HL 7848.JPG,healthy,0,g2257,s_reliability,reliability_val,contrast,1554124224010787712,,0.8517547009289641,,,42,0,0,healthy,0,4.712504,-2.2047768,-5.6376033,42
f45581caa5461bae0ba4,data/plantvillage/raw/color/Apple___healthy/d321145e-6ab0-4ad2-8109-f34ee4389149___RS_HL 7848.JPG,healthy,0,g2257,s_reliability,reliability_val,gaussian_blur,2447524551001015328,,,0.5169470114245289,,42,0,0,healthy,0,4.961805,-3.2015386,-4.646142,42
2c3d181c4a1c7148b784,data/plantvillage/raw/color/Apple___healthy/d321145e-6ab0-4ad2-8109-f34ee4389149___RS_HL 7848.JPG,healthy,0,g2257,s_reliability,reliability_val,gaussian_noise,8354090274434472574,,,,0.02834789039347236,42,0,0,healthy,0,5.529026,-2.8352222,-5.905776,42
aca4dfdcf5a10586f76b,data/plantvillage/raw/color/Apple___healthy/d3780b4b-4bf7-484a-ab4a-2c2f0894f930___RS_HL 7681.JPG,healthy,0,g2262,s_reliability,reliability_train,original,,,,,,42,0,0,healthy,0,3.7581513,-4.573398,-2.8138475,42
ee25016d28a8aba2e13a,data/plantvillage/raw/color/Apple___healthy/d3780b4b-4bf7-484a-ab4a-2c2f0894f930___RS_HL 7681.JPG,healthy,0,g2262,s_reliability,reliability_train,brightness,7985091599855404209,0.7534664862685114,,,,42,0,0,healthy,0,3.9979608,-4.4529934,-3.0574944,42
071adc5de8dfb1e561e3,data/plantvillage/raw/color/Apple___healthy/d3780b4b-4bf7-484a-ab4a-2c2f0894f930___RS_HL 7681.JPG,healthy,0,g2262,s_reliability,reliability_train,contrast,1053766888687025902,,1.028712888849292,,,42,0,0,healthy,0,3.7714465,-4.561935,-2.8298779,42
c4ec50aa8930bf69bec4,data/plantvillage/raw/color/Apple___healthy/d3780b4b-4bf7-484a-ab4a-2c2f0894f930___RS_HL 7681.JPG,healthy,0,g2262,s_reliability,reliability_train,gaussian_blur,25533960688011505,,,1.1468409048329589,,42,0,0,healthy,0,3.0790057,-4.4632573,-1.7098608,42
1c850543ab4e2ecc4f0b,data/plantvillage/raw/color/Apple___healthy/d3780b4b-4bf7-484a-ab4a-2c2f0894f930___RS_HL 7681.JPG,healthy,0,g2262,s_reliability,reliability_train,gaussian_noise,7114091361769678981,,,,0.025364090548107496,42,0,0,healthy,0,3.6062365,-3.9496417,-3.2091844,42
ed91d747d6981c6f5e37,data/plantvillage/raw/color/Apple___healthy/d3f4f38e-212e-451f-9a8f-26a6ea5e3877___RS_HL 5924.JPG,healthy,0,g2266,s_reliability,reliability_val,original,,,,,,42,0,0,healthy,0,2.7382,-4.1255746,-1.7307426,42
96da1f2193c767ed06ec,data/plantvillage/raw/color/Apple___healthy/d3f4f38e-212e-451f-9a8f-26a6ea5e3877___RS_HL 5924.JPG,healthy,0,g2266,s_reliability,reliability_val,brightness,2981637758456907665,0.9253968463171397,,,,42,0,0,healthy,0,3.1401212,-4.3741255,-1.9415377,42
f61fa378ea1e293e0e61,data/plantvillage/raw/color/Apple___healthy/d3f4f38e-212e-451f-9a8f-26a6ea5e3877___RS_HL 5924.JPG,healthy,0,g2266,s_reliability,reliability_val,contrast,2558785740828479110,,0.9478839864961279,,,42,0,0,healthy,0,2.7497625,-4.104459,-1.7809026,42
c7f7a40c0f59dc7684ba,data/plantvillage/raw/color/Apple___healthy/d3f4f38e-212e-451f-9a8f-26a6ea5e3877___RS_HL 5924.JPG,healthy,0,g2266,s_reliability,reliability_val,gaussian_blur,2191862666935754441,,,1.399781896157981,,42,0,0,healthy,0,0.5915686,-4.4962573,0.51387674,42
8df82b9f69aaa064abc1,data/plantvillage/raw/color/Apple___healthy/d3f4f38e-212e-451f-9a8f-26a6ea5e3877___RS_HL 5924.JPG,healthy,0,g2266,s_reliability,reliability_val,gaussian_noise,5448603449935727185,,,,0.02899310854153478,42,0,0,healthy,0,2.7032804,-4.0728707,-1.8498915,42
767c95c8c8d4a210d9d2,data/plantvillage/raw/color/Apple___healthy/d4008303-6d94-458e-b0f4-61044cc427ae___RS_HL 7709.JPG,healthy,0,g2267,s_reliability,reliability_train,original,,,,,,42,0,0,healthy,0,3.852465,-2.7746618,-4.062498,42
53cec4484c176d8aca3c,data/plantvillage/raw/color/Apple___healthy/d4008303-6d94-458e-b0f4-61044cc427ae___RS_HL 7709.JPG,healthy,0,g2267,s_reliability,reliability_train,brightness,2334795289973209140,1.154159976352562,,,,42,0,0,healthy,0,3.7307127,-2.576706,-4.078831,42
2a7fa4fc64510ec769bc,data/plantvillage/raw/color/Apple___healthy/d4008303-6d94-458e-b0f4-61044cc427ae___RS_HL 7709.JPG,healthy,0,g2267,s_reliability,reliability_train,contrast,1261241023615781527,,0.9862975612478377,,,42,0,0,healthy,0,3.8324156,-2.7218862,-4.0861464,42
45f72deb9d2d01cddb45,data/plantvillage/raw/color/Apple___healthy/d4008303-6d94-458e-b0f4-61044cc427ae___RS_HL 7709.JPG,healthy,0,g2267,s_reliability,reliability_train,gaussian_blur,256010252319876584,,,1.3404890207405364,,42,0,0,healthy,0,0.26105082,-2.8765073,-0.48747632,42
de76ef27c4a4f83ab311,data/plantvillage/raw/color/Apple___healthy/d4008303-6d94-458e-b0f4-61044cc427ae___RS_HL 7709.JPG,healthy,0,g2267,s_reliability,reliability_train,gaussian_noise,9006962048028483303,,,,0.02405633632397878,42,0,0,healthy,0,3.8282306,-2.4452927,-4.303199,42
5161e84446db0f27569e,data/plantvillage/raw/color/Apple___healthy/d454a4da-a867-45f8-962e-465946df58c9___RS_HL 5876.JPG,healthy,0,g2271,s_reliability,reliability_train,original,,,,,,42,0,0,healthy,0,3.556792,-2.4397373,-4.01141,42
8cc6201e1cc11c9fd627,data/plantvillage/raw/color/Apple___healthy/d454a4da-a867-45f8-962e-465946df58c9___RS_HL 5876.JPG,healthy,0,g2271,s_reliability,reliability_train,brightness,6169021669804944118,1.0560692784008823,,,,42,0,0,healthy,0,3.6476297,-2.5178823,-4.033748,42
f4719df0f0833e36b15c,data/plantvillage/raw/color/Apple___healthy/d454a4da-a867-45f8-962e-465946df58c9___RS_HL 5876.JPG,healthy,0,g2271,s_reliability,reliability_train,contrast,8725784492066914337,,1.2018445464132816,,,42,0,0,healthy,0,3.5968108,-2.5935736,-3.8417115,42
ecefd23826dbc9bc649c,data/plantvillage/raw/color/Apple___healthy/d454a4da-a867-45f8-962e-465946df58c9___RS_HL 5876.JPG,healthy,0,g2271,s_reliability,reliability_train,gaussian_blur,5463419465575760699,,,1.1671908757698994,,42,0,0,healthy,0,2.132949,-2.9582417,-1.5441321,42
e118c0129303c2c3912d,data/plantvillage/raw/color/Apple___healthy/d454a4da-a867-45f8-962e-465946df58c9___RS_HL 5876.JPG,healthy,0,g2271,s_reliability,reliability_train,gaussian_noise,4446408235600930143,,,,0.0380692766300087,42,0,0,healthy,0,3.4214497,-2.3477755,-3.9971094,42
eb2ca9adc084c6accf8f,data/plantvillage/raw/color/Apple___healthy/d496c802-e976-49b5-af09-b698fcf991f7___RS_HL 7429.JPG,healthy,0,g2273,s_reliability,reliability_val,original,,,,,,42,0,0,healthy,0,4.417676,-3.4035735,-4.67797,42
03599b048706c2c186ac,data/plantvillage/raw/color/Apple___healthy/d496c802-e976-49b5-af09-b698fcf991f7___RS_HL 7429.JPG,healthy,0,g2273,s_reliability,reliability_val,brightness,7233176357989027782,0.8556027472715627,,,,42,0,0,healthy,0,3.79102,-2.8775053,-4.5785556,42
656a6d88319a230d79aa,data/plantvillage/raw/color/Apple___healthy/d496c802-e976-49b5-af09-b698fcf991f7___RS_HL 7429.JPG,healthy,0,g2273,s_reliability,reliability_val,contrast,8497454864755871324,,1.0974075273681088,,,42,0,0,healthy,0,4.396,-3.3029284,-4.7555966,42
54f3e9dfb62345dad257,data/plantvillage/raw/color/Apple___healthy/d496c802-e976-49b5-af09-b698fcf991f7___RS_HL 7429.JPG,healthy,0,g2273,s_reliability,reliability_val,gaussian_blur,8062780642358526487,,,1.441907036184698,,42,0,0,healthy,0,0.86094344,-2.3982952,-1.2051398,42
ab63f21390b750139e52,data/plantvillage/raw/color/Apple___healthy/d496c802-e976-49b5-af09-b698fcf991f7___RS_HL 7429.JPG,healthy,0,g2273,s_reliability,reliability_val,gaussian_noise,4029612547774427263,,,,0.011969409890368831,42,0,0,healthy,0,4.436825,-3.4410584,-4.6797476,42
5fdff54fac67560e58df,data/plantvillage/raw/color/Apple___healthy/d4ddb36a-e4cf-41be-b3f6-16c584e62b9a___RS_HL 7994.JPG,healthy,0,g2274,s_reliability,reliability_train,original,,,,,,42,0,0,healthy,0,5.981617,-4.1675777,-5.5231113,42
8ae81da9a217bf1a3c43,data/plantvillage/raw/color/Apple___healthy/d4ddb36a-e4cf-41be-b3f6-16c584e62b9a___RS_HL 7994.JPG,healthy,0,g2274,s_reliability,reliability_train,brightness,1732076417330915879,0.8750190131705179,,,,42,0,0,healthy,0,6.280467,-4.324948,-5.573719,42
f6792bdabee8949fd423,data/plantvillage/raw/color/Apple___healthy/d4ddb36a-e4cf-41be-b3f6-16c584e62b9a___RS_HL 7994.JPG,healthy,0,g2274,s_reliability,reliability_train,contrast,1286096844891523655,,0.7520257236420421,,,42,0,0,healthy,0,5.9475317,-4.2657332,-5.414425,42
a4344ec450c0ccb982ad,data/plantvillage/raw/color/Apple___healthy/d4ddb36a-e4cf-41be-b3f6-16c584e62b9a___RS_HL 7994.JPG,healthy,0,g2274,s_reliability,reliability_train,gaussian_blur,3953322693364382018,,,0.6194079817586239,,42,0,0,healthy,0,4.9474382,-3.699641,-4.4346676,42
34739ed811d9d08b6136,data/plantvillage/raw/color/Apple___healthy/d4ddb36a-e4cf-41be-b3f6-16c584e62b9a___RS_HL 7994.JPG,healthy,0,g2274,s_reliability,reliability_train,gaussian_noise,1469503581617424041,,,,0.03590786486430634,42,0,0,healthy,0,6.0034604,-4.150956,-5.6303816,42
cea895e3fbda16797c81,data/plantvillage/raw/color/Apple___healthy/d54ab4d3-cd8b-4485-81b5-a38273f5fe1f___RS_HL 6076.JPG,healthy,0,g2277,s_reliability,reliability_train,original,,,,,,42,0,0,healthy,0,2.674698,-1.7980069,-3.88915,42
ece7163799d50e1acc7e,data/plantvillage/raw/color/Apple___healthy/d54ab4d3-cd8b-4485-81b5-a38273f5fe1f___RS_HL 6076.JPG,healthy,0,g2277,s_reliability,reliability_train,brightness,277414334100087495,1.1195462649971049,,,,42,0,0,healthy,0,2.6955652,-1.6847407,-4.006944,42
610cbedfacac2eac8ccc,data/plantvillage/raw/color/Apple___healthy/d54ab4d3-cd8b-4485-81b5-a38273f5fe1f___RS_HL 6076.JPG,healthy,0,g2277,s_reliability,reliability_train,contrast,1373571178732355401,,1.172178381164237,,,42,0,0,healthy,0,2.7215948,-1.8966006,-3.870799,42
652cfe8879107cd9e8a8,data/plantvillage/raw/color/Apple___healthy/d54ab4d3-cd8b-4485-81b5-a38273f5fe1f___RS_HL 6076.JPG,healthy,0,g2277,s_reliability,reliability_train,gaussian_blur,7271150436489529694,,,1.2415344528171643,,42,0,0,healthy,0,1.3774856,-1.8413872,-2.0895317,42
9d87814a89246d22d3c9,data/plantvillage/raw/color/Apple___healthy/d54ab4d3-cd8b-4485-81b5-a38273f5fe1f___RS_HL 6076.JPG,healthy,0,g2277,s_reliability,reliability_train,gaussian_noise,6724538409071446176,,,,0.03134786606637666,42,0,0,healthy,0,2.8829582,-1.6647187,-4.206042,42
1eec212f0de5b5e7d342,data/plantvillage/raw/color/Apple___healthy/d5c866b2-7eb2-421a-a42a-906308cbffb2___RS_HL 6116.JPG,healthy,0,g2283,s_reliability,reliability_train,original,,,,,,42,0,0,healthy,0,5.5653467,-3.4267204,-5.1049924,42
30883619a64ca57e1558,data/plantvillage/raw/color/Apple___healthy/d5c866b2-7eb2-421a-a42a-906308cbffb2___RS_HL 6116.JPG,healthy,0,g2283,s_reliability,reliability_train,brightness,5395906820683111891,1.2292669258953648,,,,42,0,0,healthy,0,5.6340094,-3.0580373,-5.5039845,42
68d98e218fabb28f1002,data/plantvillage/raw/color/Apple___healthy/d5c866b2-7eb2-421a-a42a-906308cbffb2___RS_HL 6116.JPG,healthy,0,g2283,s_reliability,reliability_train,contrast,7559018705915090576,,0.834532657962628,,,42,0,0,healthy,0,5.1551566,-3.0347803,-5.1180167,42
91fe6a08cae52df43ad4,data/plantvillage/raw/color/Apple___healthy/d5c866b2-7eb2-421a-a42a-906308cbffb2___RS_HL 6116.JPG,healthy,0,g2283,s_reliability,reliability_train,gaussian_blur,7999294828995705845,,,0.5730446638810166,,42,0,0,healthy,0,4.625331,-2.9269588,-4.3353524,42
c110ec6bf782e5c0868c,data/plantvillage/raw/color/Apple___healthy/d5c866b2-7eb2-421a-a42a-906308cbffb2___RS_HL 6116.JPG,healthy,0,g2283,s_reliability,reliability_train,gaussian_noise,7486434704773484841,,,,0.014240370723260613,42,0,0,healthy,0,5.890983,-3.4173355,-5.423402,42
131a11168ef31ece78f6,data/plantvillage/raw/color/Apple___healthy/d6035c7f-f163-4c6b-ba51-d61d10ca1fed___RS_HL 8109.JPG,healthy,0,g2286,s_reliability,reliability_train,original,,,,,,42,0,0,healthy,0,4.625529,-3.6911638,-4.838538,42
ff1d443bfaa5255176a4,data/plantvillage/raw/color/Apple___healthy/d6035c7f-f163-4c6b-ba51-d61d10ca1fed___RS_HL 8109.JPG,healthy,0,g2286,s_reliability,reliability_train,brightness,8842583361182006729,1.2002268772188331,,,,42,0,0,healthy,0,4.549843,-3.9385648,-4.6267695,42
5ef4d8cda538519468ba,data/plantvillage/raw/color/Apple___healthy/d6035c7f-f163-4c6b-ba51-d61d10ca1fed___RS_HL 8109.JPG,healthy,0,g2286,s_reliability,reliability_train,contrast,5266377005358006665,,1.1634604366493946,,,42,0,0,healthy,0,4.7199936,-3.7510853,-4.8375626,42
568576291a651a034290,data/plantvillage/raw/color/Apple___healthy/d6035c7f-f163-4c6b-ba51-d61d10ca1fed___RS_HL 8109.JPG,healthy,0,g2286,s_reliability,reliability_train,gaussian_blur,4954905237798247040,,,0.9670207484951963,,42,0,0,healthy,0,1.2858083,-2.8111563,-2.2552266,42
256edd39532a64be1ee9,data/plantvillage/raw/color/Apple___healthy/d6035c7f-f163-4c6b-ba51-d61d10ca1fed___RS_HL 8109.JPG,healthy,0,g2286,s_reliability,reliability_train,gaussian_noise,4215733763111044919,,,,0.04661140562633441,42,0,0,healthy,0,4.817403,-3.5491648,-5.176017,42
2b0a8a71170a7ce3c29c,data/plantvillage/raw/color/Apple___healthy/d6318793-dacc-4b58-bb19-043324042180___RS_HL 7246.JPG,healthy,0,g2288,s_reliability,reliability_train,original,,,,,,42,0,0,healthy,0,2.7672422,-0.7930539,-3.9868646,42
13a1f7579fa2007a6692,data/plantvillage/raw/color/Apple___healthy/d6318793-dacc-4b58-bb19-043324042180___RS_HL 7246.JPG,healthy,0,g2288,s_reliability,reliability_train,brightness,7648705746289747354,1.1356218106827443,,,,42,0,0,healthy,0,2.8951893,-0.83520347,-3.8145826,42
2146545895b8eb683501,data/plantvillage/raw/color/Apple___healthy/d6318793-dacc-4b58-bb19-043324042180___RS_HL 7246.JPG,healthy,0,g2288,s_reliability,reliability_train,contrast,7009159958867341444,,1.1714167012657704,,,42,0,0,healthy,0,3.008278,-0.9388775,-4.051931,42
51ccd83c497d4142d68d,data/plantvillage/raw/color/Apple___healthy/d6318793-dacc-4b58-bb19-043324042180___RS_HL 7246.JPG,healthy,0,g2288,s_reliability,reliability_train,gaussian_blur,248302630640730181,,,1.1084157086756088,,42,0,0,healthy,0,1.0011803,-0.88558346,-1.2887516,42
10c25bf98bb1313097e9,data/plantvillage/raw/color/Apple___healthy/d6318793-dacc-4b58-bb19-043324042180___RS_HL 7246.JPG,healthy,0,g2288,s_reliability,reliability_train,gaussian_noise,6033303987218542802,,,,0.042636497605105045,42,0,0,healthy,0,2.8875272,-0.91851836,-4.085935,42
18df7de59f5bd8ba8bfc,data/plantvillage/raw/color/Apple___healthy/d7308460-64d2-4e9e-aa0d-5b4f62d378ef___RS_HL 5802.JPG,healthy,0,g2296,s_reliability,reliability_train,original,,,,,,42,0,0,healthy,0,1.7564485,-0.1827307,-4.6101894,42
fa08e0711e52321948b9,data/plantvillage/raw/color/Apple___healthy/d7308460-64d2-4e9e-aa0d-5b4f62d378ef___RS_HL 5802.JPG,healthy,0,g2296,s_reliability,reliability_train,brightness,8524866080257295766,1.046598002987117,,,,42,0,0,healthy,0,1.7515965,-0.23733991,-4.5924435,42
c6715e7b7dfdfd8a2fa0,data/plantvillage/raw/color/Apple___healthy/d7308460-64d2-4e9e-aa0d-5b4f62d378ef___RS_HL 5802.JPG,healthy,0,g2296,s_reliability,reliability_train,contrast,4011456816077714262,,1.242576856809603,,,42,0,0,healthy,0,1.4616473,-0.07528943,-4.393682,42
87d3d3cdd43115518c48,data/plantvillage/raw/color/Apple___healthy/d7308460-64d2-4e9e-aa0d-5b4f62d378ef___RS_HL 5802.JPG,healthy,0,g2296,s_reliability,reliability_train,gaussian_blur,2041487503672951103,,,1.3126718309375303,,42,0,0,healthy,0,0.08562883,0.06956896,-1.9765317,42
cd4a77afe7488693cbcd,data/plantvillage/raw/color/Apple___healthy/d7308460-64d2-4e9e-aa0d-5b4f62d378ef___RS_HL 5802.JPG,healthy,0,g2296,s_reliability,reliability_train,gaussian_noise,1579598555606233489,,,,0.03967527321575154,42,0,0,healthy,0,1.7219244,0.36724484,-5.1756105,42
08d99a8a65804fa40236,data/plantvillage/raw/color/Apple___healthy/d81744f3-b4a1-4343-b956-7975fe630b83___RS_HL 7343.JPG,healthy,0,g2304,s_reliability,reliability_val,original,,,,,,42,0,0,healthy,0,5.33374,-1.9133807,-7.346096,42
9422e86a40fd38d9cad5,data/plantvillage/raw/color/Apple___healthy/d81744f3-b4a1-4343-b956-7975fe630b83___RS_HL 7343.JPG,healthy,0,g2304,s_reliability,reliability_val,brightness,9004112187373193623,1.1037005761421859,,,,42,0,0,healthy,0,5.489279,-2.0166228,-7.3189373,42
d69192a381aa4e257bb7,data/plantvillage/raw/color/Apple___healthy/d81744f3-b4a1-4343-b956-7975fe630b83___RS_HL 7343.JPG,healthy,0,g2304,s_reliability,reliability_val,contrast,3861685303634954882,,1.1134869050190488,,,42,0,0,healthy,0,5.5520015,-2.2929072,-7.267974,42
6f64b24348c41fd49b8a,data/plantvillage/raw/color/Apple___healthy/d81744f3-b4a1-4343-b956-7975fe630b83___RS_HL 7343.JPG,healthy,0,g2304,s_reliability,reliability_val,gaussian_blur,6912349265821558802,,,1.349358860511282,,42,0,0,healthy,0,3.250558,-1.6890998,-4.1446486,42
63d5ec2357e17a412a1d,data/plantvillage/raw/color/Apple___healthy/d81744f3-b4a1-4343-b956-7975fe630b83___RS_HL 7343.JPG,healthy,0,g2304,s_reliability,reliability_val,gaussian_noise,6148788528084716072,,,,0.03345287305268495,42,0,0,healthy,0,5.0761633,-1.653853,-7.398321,42
6073654a7206fed4f0c8,data/plantvillage/raw/color/Apple___healthy/d8bd2900-b811-43a1-9ed7-05aa5f3f2649___RS_HL 7794.JPG,healthy,0,g2313,s_reliability,reliability_train,original,,,,,,42,0,0,healthy,0,3.095931,0.42315084,-7.355687,42
fd5070a4c978386899fd,data/plantvillage/raw/color/Apple___healthy/d8bd2900-b811-43a1-9ed7-05aa5f3f2649___RS_HL 7794.JPG,healthy,0,g2313,s_reliability,reliability_train,brightness,2038823277207537573,1.1652760629470338,,,,42,0,0,healthy,0,3.524622,0.053806644,-7.374088,42
132bfb4e97115a540f3e,data/plantvillage/raw/color/Apple___healthy/d8bd2900-b811-43a1-9ed7-05aa5f3f2649___RS_HL 7794.JPG,healthy,0,g2313,s_reliability,reliability_train,contrast,7861661551736495634,,1.1538694757391381,,,42,0,0,healthy,0,3.9244478,-0.19877705,-7.469002,42
745dbb053407275bacba,data/plantvillage/raw/color/Apple___healthy/d8bd2900-b811-43a1-9ed7-05aa5f3f2649___RS_HL 7794.JPG,healthy,0,g2313,s_reliability,reliability_train,gaussian_blur,6441778940470655527,,,1.1226646053846414,,42,0,1,scab,1,0.63252735,0.763064,-3.7926812,42
c61a691055ef6fd441b7,data/plantvillage/raw/color/Apple___healthy/d8bd2900-b811-43a1-9ed7-05aa5f3f2649___RS_HL 7794.JPG,healthy,0,g2313,s_reliability,reliability_train,gaussian_noise,3300770267999615839,,,,0.03400326548708795,42,0,0,healthy,0,3.2592964,0.24845804,-7.4946165,42
439b92a876a05b9b4f73,data/plantvillage/raw/color/Apple___healthy/d96d3f24-2fb9-4650-8cd4-c58e1a42f18f___RS_HL 8176.JPG,healthy,0,g2318,s_reliability,reliability_train,original,,,,,,42,0,0,healthy,0,2.8875039,-4.6037354,-2.582323,42
aedf2e07f7e580b8f2bd,data/plantvillage/raw/color/Apple___healthy/d96d3f24-2fb9-4650-8cd4-c58e1a42f18f___RS_HL 8176.JPG,healthy,0,g2318,s_reliability,reliability_train,brightness,7744779308757660452,1.0048979651984828,,,,42,0,0,healthy,0,2.888354,-4.605407,-2.5806186,42
6eb0bcc82c15cee6c93d,data/plantvillage/raw/color/Apple___healthy/d96d3f24-2fb9-4650-8cd4-c58e1a42f18f___RS_HL 8176.JPG,healthy,0,g2318,s_reliability,reliability_train,contrast,1657587835123405271,,0.8184445738267544,,,42,0,0,healthy,0,2.7312949,-4.6682515,-2.451777,42
5590acbb05077c372d43,data/plantvillage/raw/color/Apple___healthy/d96d3f24-2fb9-4650-8cd4-c58e1a42f18f___RS_HL 8176.JPG,healthy,0,g2318,s_reliability,reliability_train,gaussian_blur,9026712436030653576,,,0.8891894882774578,,42,0,0,healthy,0,1.4957082,-4.379844,-1.4381573,42
6aada0db894b0cea2fdb,data/plantvillage/raw/color/Apple___healthy/d96d3f24-2fb9-4650-8cd4-c58e1a42f18f___RS_HL 8176.JPG,healthy,0,g2318,s_reliability,reliability_train,gaussian_noise,6966292812315976134,,,,0.01957338574471624,42,0,0,healthy,0,2.778886,-4.4544363,-2.6219647,42
01883960dd2ce32f09f0,data/plantvillage/raw/color/Apple___healthy/d9de1954-e451-48e5-ad8b-5aeca90fe7ea___RS_HL 6034.JPG,healthy,0,g2323,s_reliability,reliability_val,original,,,,,,42,0,0,healthy,0,5.278345,-4.186776,-4.2302976,42
d0983b4ed13acb94a192,data/plantvillage/raw/color/Apple___healthy/d9de1954-e451-48e5-ad8b-5aeca90fe7ea___RS_HL 6034.JPG,healthy,0,g2323,s_reliability,reliability_val,brightness,3605095274535287239,1.0394195066730658,,,,42,0,0,healthy,0,5.2362795,-4.136467,-4.247547,42
ac59a60488cfa892f9a0,data/plantvillage/raw/color/Apple___healthy/d9de1954-e451-48e5-ad8b-5aeca90fe7ea___RS_HL 6034.JPG,healthy,0,g2323,s_reliability,reliability_val,contrast,5900172534603771464,,1.0675909070244702,,,42,0,0,healthy,0,5.564106,-4.353868,-4.3562484,42
c42e61fff8b13988736d,data/plantvillage/raw/color/Apple___healthy/d9de1954-e451-48e5-ad8b-5aeca90fe7ea___RS_HL 6034.JPG,healthy,0,g2323,s_reliability,reliability_val,gaussian_blur,3658211877732491549,,,0.674066298949335,,42,0,0,healthy,0,4.2289,-3.6240633,-3.0798054,42
96c2fb52cd627a5b9c55,data/plantvillage/raw/color/Apple___healthy/d9de1954-e451-48e5-ad8b-5aeca90fe7ea___RS_HL 6034.JPG,healthy,0,g2323,s_reliability,reliability_val,gaussian_noise,7207545269186030805,,,,0.03164639869802263,42,0,0,healthy,0,5.679229,-4.3888354,-4.5242176,42
d1d0f12b43e165a12bff,data/plantvillage/raw/color/Apple___healthy/daf045c7-3756-4753-922e-8f36a84a3422___RS_HL 5719.JPG,healthy,0,g2331,s_reliability,reliability_train,original,,,,,,42,0,0,healthy,0,4.5893407,-3.5986676,-4.874534,42
edba718d4672c18c86e9,data/plantvillage/raw/color/Apple___healthy/daf045c7-3756-4753-922e-8f36a84a3422___RS_HL 5719.JPG,healthy,0,g2331,s_reliability,reliability_train,brightness,8563477167527768014,0.9525289631266214,,,,42,0,0,healthy,0,4.527683,-3.5195603,-4.8724866,42
4c99cb41935918e04c50,data/plantvillage/raw/color/Apple___healthy/daf045c7-3756-4753-922e-8f36a84a3422___RS_HL 5719.JPG,healthy,0,g2331,s_reliability,reliability_train,contrast,1169757139853859877,,0.9251180499134537,,,42,0,0,healthy,0,4.5695305,-3.5637023,-4.8546534,42
dbcb9c27136085b79983,data/plantvillage/raw/color/Apple___healthy/daf045c7-3756-4753-922e-8f36a84a3422___RS_HL 5719.JPG,healthy,0,g2331,s_reliability,reliability_train,gaussian_blur,2748432240967746165,,,0.9432371544366331,,42,0,0,healthy,0,2.2826796,-3.5691118,-2.153945,42
5ddbec8d2589543ba0ae,data/plantvillage/raw/color/Apple___healthy/daf045c7-3756-4753-922e-8f36a84a3422___RS_HL 5719.JPG,healthy,0,g2331,s_reliability,reliability_train,gaussian_noise,5382544457837294005,,,,0.021679024351924397,42,0,0,healthy,0,4.63708,-3.5378041,-4.998495,42
42ad250f8b8545d03cde,data/plantvillage/raw/color/Apple___healthy/db172d76-ff08-4bd5-bd0b-6231f432434a___RS_HL 5725.JPG,healthy,0,g2332,s_reliability,reliability_val,original,,,,,,42,0,0,healthy,0,5.562588,-3.9311008,-5.3661637,42
dde152f9afa58222311b,data/plantvillage/raw/color/Apple___healthy/db172d76-ff08-4bd5-bd0b-6231f432434a___RS_HL 5725.JPG,healthy,0,g2332,s_reliability,reliability_val,brightness,1224071924973507316,0.7850897309130984,,,,42,0,0,healthy,0,5.531028,-3.8670752,-5.356869,42
394bb5e4b5cbb982fe67,data/plantvillage/raw/color/Apple___healthy/db172d76-ff08-4bd5-bd0b-6231f432434a___RS_HL 5725.JPG,healthy,0,g2332,s_reliability,reliability_val,contrast,8276019118343007048,,0.8728620669679714,,,42,0,0,healthy,0,5.1716886,-3.6280088,-5.26073,42
cfdc07dc26c50ad58e46,data/plantvillage/raw/color/Apple___healthy/db172d76-ff08-4bd5-bd0b-6231f432434a___RS_HL 5725.JPG,healthy,0,g2332,s_reliability,reliability_val,gaussian_blur,4398695001896037844,,,0.6917472417611569,,42,0,0,healthy,0,4.287675,-4.3014703,-3.4896524,42
a28ec450e4a8c2474cef,data/plantvillage/raw/color/Apple___healthy/db172d76-ff08-4bd5-bd0b-6231f432434a___RS_HL 5725.JPG,healthy,0,g2332,s_reliability,reliability_val,gaussian_noise,7956334839601318110,,,,0.04095610621882344,42,0,0,healthy,0,5.6475253,-4.0245137,-5.578081,42
5ac87e15e7865518bee5,data/plantvillage/raw/color/Apple___healthy/dbea92a9-9473-4cb1-b181-341789de0681___RS_HL 5708.JPG,healthy,0,g2339,s_reliability,reliability_val,original,,,,,,42,0,0,healthy,0,4.731746,-1.615212,-6.7759085,42
7f07b41579f7cc8031c4,data/plantvillage/raw/color/Apple___healthy/dbea92a9-9473-4cb1-b181-341789de0681___RS_HL 5708.JPG,healthy,0,g2339,s_reliability,reliability_val,brightness,7211727296233039454,1.2504587993292233,,,,42,0,0,healthy,0,5.1951647,-1.9971632,-6.9515147,42
6d0acaffa8de1caa0885,data/plantvillage/raw/color/Apple___healthy/dbea92a9-9473-4cb1-b181-341789de0681___RS_HL 5708.JPG,healthy,0,g2339,s_reliability,reliability_val,contrast,569883126522957043,,1.0065395683475136,,,42,0,0,healthy,0,4.7985997,-1.6695807,-6.8002887,42
0867b611bfa17084fb0d,data/plantvillage/raw/color/Apple___healthy/dbea92a9-9473-4cb1-b181-341789de0681___RS_HL 5708.JPG,healthy,0,g2339,s_reliability,reliability_val,gaussian_blur,4265510153686431550,,,0.844091133165631,,42,0,0,healthy,0,3.618823,-1.9707018,-5.0208435,42
001b104c8c1335157533,data/plantvillage/raw/color/Apple___healthy/dbea92a9-9473-4cb1-b181-341789de0681___RS_HL 5708.JPG,healthy,0,g2339,s_reliability,reliability_val,gaussian_noise,5519265153189941254,,,,0.020425639698175797,42,0,0,healthy,0,5.046109,-1.9192611,-6.8569827,42
080c489b7b9427ffbaf7,data/plantvillage/raw/color/Apple___healthy/dd2b6b6b-2278-4f52-8009-2d57037ab3f2___RS_HL 5670.JPG,healthy,0,g2344,s_reliability,reliability_val,original,,,,,,42,0,0,healthy,0,4.373441,-2.1872096,-5.7058544,42
abedea82ff8845a8a8d1,data/plantvillage/raw/color/Apple___healthy/dd2b6b6b-2278-4f52-8009-2d57037ab3f2___RS_HL 5670.JPG,healthy,0,g2344,s_reliability,reliability_val,brightness,276067225677315937,1.0275503986538892,,,,42,0,0,healthy,0,4.450309,-2.2461185,-5.724713,42
d05cde561283d5ad406f,data/plantvillage/raw/color/Apple___healthy/dd2b6b6b-2278-4f52-8009-2d57037ab3f2___RS_HL 5670.JPG,healthy,0,g2344,s_reliability,reliability_val,contrast,4442499829749962785,,1.1017855974263677,,,42,0,0,healthy,0,4.5720487,-2.2774758,-5.738034,42
38de00481e9876a45a87,data/plantvillage/raw/color/Apple___healthy/dd2b6b6b-2278-4f52-8009-2d57037ab3f2___RS_HL 5670.JPG,healthy,0,g2344,s_reliability,reliability_val,gaussian_blur,7872596634293296655,,,1.1738503140243601,,42,0,0,healthy,0,0.47353286,-1.0114758,-2.2730217,42
c018c00e42e4d9f7061f,data/plantvillage/raw/color/Apple___healthy/dd2b6b6b-2278-4f52-8009-2d57037ab3f2___RS_HL 5670.JPG,healthy,0,g2344,s_reliability,reliability_val,gaussian_noise,3148483517658350696,,,,0.01433534980532035,42,0,0,healthy,0,4.4191723,-2.2084684,-5.754157,42
3fa1b3342df3aab77ae2,data/plantvillage/raw/color/Apple___healthy/de864ffe-aea2-4c80-bd60-adfc8787be7f___RS_HL 5985.JPG,healthy,0,g2352,s_reliability,reliability_train,original,,,,,,42,0,0,healthy,0,3.6509843,-3.6195493,-3.8690128,42
63be8cbf9dd8ee037fa8,data/plantvillage/raw/color/Apple___healthy/de864ffe-aea2-4c80-bd60-adfc8787be7f___RS_HL 5985.JPG,healthy,0,g2352,s_reliability,reliability_train,brightness,3280634071097645731,1.2532488947885627,,,,42,0,0,healthy,0,3.77947,-3.6672275,-4.098461,42
079487e9fde8602ad5c1,data/plantvillage/raw/color/Apple___healthy/de864ffe-aea2-4c80-bd60-adfc8787be7f___RS_HL 5985.JPG,healthy,0,g2352,s_reliability,reliability_train,contrast,2410135613963281607,,1.0698788521297633,,,42,0,0,healthy,0,3.9835494,-3.8950548,-3.98778,42
ee33eec1312a5ea7781c,data/plantvillage/raw/color/Apple___healthy/de864ffe-aea2-4c80-bd60-adfc8787be7f___RS_HL 5985.JPG,healthy,0,g2352,s_reliability,reliability_train,gaussian_blur,6182952535856395009,,,1.399507853184382,,42,0,0,healthy,0,2.5268815,-2.24752,-2.2496803,42
479f826e00392f414605,data/plantvillage/raw/color/Apple___healthy/de864ffe-aea2-4c80-bd60-adfc8787be7f___RS_HL 5985.JPG,healthy,0,g2352,s_reliability,reliability_train,gaussian_noise,5947883231809346496,,,,0.03173082402316855,42,0,0,healthy,0,4.000526,-3.6825004,-4.1844883,42
0b0ab695e3de6e17d541,data/plantvillage/raw/color/Apple___healthy/df6bce5a-1d1b-49f6-a9cb-8f262701b335___RS_HL 8164.JPG,healthy,0,g2359,s_reliability,reliability_train,original,,,,,,42,0,0,healthy,0,4.044258,-2.9234684,-5.0963683,42
7b2fb5c36cec4b73235b,data/plantvillage/raw/color/Apple___healthy/df6bce5a-1d1b-49f6-a9cb-8f262701b335___RS_HL 8164.JPG,healthy,0,g2359,s_reliability,reliability_train,brightness,794567065637632670,1.2249106416297735,,,,42,0,0,healthy,0,3.9974716,-2.9295678,-4.9788346,42
8bc8ba20dfb684a6090a,data/plantvillage/raw/color/Apple___healthy/df6bce5a-1d1b-49f6-a9cb-8f262701b335___RS_HL 8164.JPG,healthy,0,g2359,s_reliability,reliability_train,contrast,7656278800243067735,,0.774462822634062,,,42,0,0,healthy,0,3.199445,-2.2937727,-4.823283,42
56a524717cb0c5c5aa2f,data/plantvillage/raw/color/Apple___healthy/df6bce5a-1d1b-49f6-a9cb-8f262701b335___RS_HL 8164.JPG,healthy,0,g2359,s_reliability,reliability_train,gaussian_blur,2908832196600831251,,,1.0478816471967214,,42,0,0,healthy,0,2.4917777,-3.37188,-2.5312884,42
c31b0f7b3e9525dd45db,data/plantvillage/raw/color/Apple___healthy/df6bce5a-1d1b-49f6-a9cb-8f262701b335___RS_HL 8164.JPG,healthy,0,g2359,s_reliability,reliability_train,gaussian_noise,6805855932290882774,,,,0.020730821037254946,42,0,0,healthy,0,4.225013,-3.0160425,-5.2079887,42
312f980ebbf67c9960d0,data/plantvillage/raw/color/Apple___healthy/e0b3b9e7-70ab-4cd5-ba2f-2924568dc837___RS_HL 7774.JPG,healthy,0,g2364,s_reliability,reliability_val,original,,,,,,42,0,0,healthy,0,3.4667242,-3.786852,-3.5767577,42
2fb045879d0e06260e89,data/plantvillage/raw/color/Apple___healthy/e0b3b9e7-70ab-4cd5-ba2f-2924568dc837___RS_HL 7774.JPG,healthy,0,g2364,s_reliability,reliability_val,brightness,6409045471138692313,0.7639359618958512,,,,42,0,0,healthy,0,3.1445658,-3.4423146,-3.5442631,42
6b7d0328191aae9d1a3e,data/plantvillage/raw/color/Apple___healthy/e0b3b9e7-70ab-4cd5-ba2f-2924568dc837___RS_HL 7774.JPG,healthy,0,g2364,s_reliability,reliability_val,contrast,6919427159941534164,,1.2556611312130987,,,42,0,0,healthy,0,3.474816,-3.755282,-3.5974789,42
b3902522ede81c8e6cf5,data/plantvillage/raw/color/Apple___healthy/e0b3b9e7-70ab-4cd5-ba2f-2924568dc837___RS_HL 7774.JPG,healthy,0,g2364,s_reliability,reliability_val,gaussian_blur,2281212045899336191,,,0.8762323050823887,,42,0,0,healthy,0,0.96754754,-3.2612681,-1.1523819,42
68ea251c04eb51e98852,data/plantvillage/raw/color/Apple___healthy/e0b3b9e7-70ab-4cd5-ba2f-2924568dc837___RS_HL 7774.JPG,healthy,0,g2364,s_reliability,reliability_val,gaussian_noise,4537798966437301818,,,,0.021659652920268856,42,0,0,healthy,0,3.5011706,-3.7905836,-3.6165,42
f56f9f61b376988d230e,data/plantvillage/raw/color/Apple___healthy/e1feed76-9ae7-449b-8c58-aebd806c680b___RS_HL 8034.JPG,healthy,0,g2372,s_reliability,reliability_val,original,,,,,,42,0,0,healthy,0,5.589743,-4.0749083,-4.6180162,42
5dc99f989d826a963d99,data/plantvillage/raw/color/Apple___healthy/e1feed76-9ae7-449b-8c58-aebd806c680b___RS_HL 8034.JPG,healthy,0,g2372,s_reliability,reliability_val,brightness,3437059477423252326,0.8741282388826677,,,,42,0,0,healthy,0,5.6560893,-4.1086135,-4.573465,42
4bef6c7e151a8521eaac,data/plantvillage/raw/color/Apple___healthy/e1feed76-9ae7-449b-8c58-aebd806c680b___RS_HL 8034.JPG,healthy,0,g2372,s_reliability,reliability_val,contrast,8307589071805161610,,1.0391306442315829,,,42,0,0,healthy,0,5.6885467,-4.08644,-4.693242,42
32a3bfcfdef9580d5fa5,data/plantvillage/raw/color/Apple___healthy/e1feed76-9ae7-449b-8c58-aebd806c680b___RS_HL 8034.JPG,healthy,0,g2372,s_reliability,reliability_val,gaussian_blur,40780067124341004,,,1.1478786634130587,,42,0,0,healthy,0,3.6013622,-3.8415356,-1.9722646,42
091e2af838ab78a22514,data/plantvillage/raw/color/Apple___healthy/e1feed76-9ae7-449b-8c58-aebd806c680b___RS_HL 8034.JPG,healthy,0,g2372,s_reliability,reliability_val,gaussian_noise,2085402653019739294,,,,0.04129636555156211,42,0,0,healthy,0,5.4589686,-3.8498096,-4.694363,42
ab59c919e33e5803c6c1,data/plantvillage/raw/color/Apple___healthy/e2af3daf-392f-4661-baf0-f4d4522a07f9___RS_HL 5652.JPG,healthy,0,g2377,s_reliability,reliability_train,original,,,,,,42,0,0,healthy,0,5.6089306,-3.0496712,-5.5581555,42
5a91408745bf1d6a58ca,data/plantvillage/raw/color/Apple___healthy/e2af3daf-392f-4661-baf0-f4d4522a07f9___RS_HL 5652.JPG,healthy,0,g2377,s_reliability,reliability_train,brightness,637520245979288044,1.2041042689561747,,,,42,0,0,healthy,0,5.7791576,-3.4646893,-5.493656,42
2e2adc5611d1c661c8e0,data/plantvillage/raw/color/Apple___healthy/e2af3daf-392f-4661-baf0-f4d4522a07f9___RS_HL 5652.JPG,healthy,0,g2377,s_reliability,reliability_train,contrast,2208956903874893206,,0.8560015984870688,,,42,0,0,healthy,0,5.0087504,-2.7037716,-5.40372,42
f100042f655636fe6356,data/plantvillage/raw/color/Apple___healthy/e2af3daf-392f-4661-baf0-f4d4522a07f9___RS_HL 5652.JPG,healthy,0,g2377,s_reliability,reliability_train,gaussian_blur,9046048332791084724,,,1.1949125304174495,,42,0,0,healthy,0,2.5875256,-2.796751,-2.6434362,42
b86200b5a6a1473eea7f,data/plantvillage/raw/color/Apple___healthy/e2af3daf-392f-4661-baf0-f4d4522a07f9___RS_HL 5652.JPG,healthy,0,g2377,s_reliability,reliability_train,gaussian_noise,2939720112553386036,,,,0.027601985023514276,42,0,0,healthy,0,5.7809515,-3.0981956,-5.6838317,42
f73f48e82baae6939838,data/plantvillage/raw/color/Apple___healthy/e35729f0-09b8-4cd4-a04c-30c9b49095c5___RS_HL 6068.JPG,healthy,0,g2383,s_reliability,reliability_val,original,,,,,,42,0,0,healthy,0,3.2017357,-1.5061806,-5.2591605,42
65a1fa44ab59e14ff994,data/plantvillage/raw/color/Apple___healthy/e35729f0-09b8-4cd4-a04c-30c9b49095c5___RS_HL 6068.JPG,healthy,0,g2383,s_reliability,reliability_val,brightness,4871005172967506498,0.8597980501814668,,,,42,0,0,healthy,0,3.0512493,-1.2412046,-5.330188,42
de2ba9de0558fd1d21fd,data/plantvillage/raw/color/Apple___healthy/e35729f0-09b8-4cd4-a04c-30c9b49095c5___RS_HL 6068.JPG,healthy,0,g2383,s_reliability,reliability_val,contrast,557838891321900251,,1.221451508108217,,,42,0,0,healthy,0,3.3955457,-1.6055452,-5.355934,42
984d964862761fad2f1b,data/plantvillage/raw/color/Apple___healthy/e35729f0-09b8-4cd4-a04c-30c9b49095c5___RS_HL 6068.JPG,healthy,0,g2383,s_reliability,reliability_val,gaussian_blur,8386591308596525897,,,0.9287016739944087,,42,0,0,healthy,0,1.4219137,-0.57487625,-3.842664,42
544b532285b6d77f50f1,data/plantvillage/raw/color/Apple___healthy/e35729f0-09b8-4cd4-a04c-30c9b49095c5___RS_HL 6068.JPG,healthy,0,g2383,s_reliability,reliability_val,gaussian_noise,6931575106889941300,,,,0.01496183117057977,42,0,0,healthy,0,3.0751011,-1.3167378,-5.2698646,42
9a8447ee119f2b333744,data/plantvillage/raw/color/Apple___healthy/e3a3c4f3-12b0-49f2-a14c-c73cdc542e74___RS_HL 7773.JPG,healthy,0,g2385,s_reliability,reliability_train,original,,,,,,42,0,0,healthy,0,5.669577,-4.4020996,-4.878076,42
243608fa71be7671ce4d,data/plantvillage/raw/color/Apple___healthy/e3a3c4f3-12b0-49f2-a14c-c73cdc542e74___RS_HL 7773.JPG,healthy,0,g2385,s_reliability,reliability_train,brightness,8765644846104192836,0.9483932409831941,,,,42,0,0,healthy,0,5.428196,-4.1332507,-4.8260255,42
dc068efde9249bda3b28,data/plantvillage/raw/color/Apple___healthy/e3a3c4f3-12b0-49f2-a14c-c73cdc542e74___RS_HL 7773.JPG,healthy,0,g2385,s_reliability,reliability_train,contrast,4321238648934197324,,0.7868175279193127,,,42,0,0,healthy,0,4.3015275,-3.4594107,-4.2399416,42
3e3fddc181a76d0868c5,data/plantvillage/raw/color/Apple___healthy/e3a3c4f3-12b0-49f2-a14c-c73cdc542e74___RS_HL 7773.JPG,healthy,0,g2385,s_reliability,reliability_train,gaussian_blur,821418727478224306,,,1.0213201974220436,,42,0,0,healthy,0,2.746905,-3.9100595,-1.9329058,42
ad082ee92e82e9c0e692,data/plantvillage/raw/color/Apple___healthy/e3a3c4f3-12b0-49f2-a14c-c73cdc542e74___RS_HL 7773.JPG,healthy,0,g2385,s_reliability,reliability_train,gaussian_noise,7829581099148334965,,,,0.04994961900141689,42,0,0,healthy,0,5.431912,-4.250021,-4.8719835,42
ad71fa5fc99b218fb829,data/plantvillage/raw/color/Apple___healthy/e439a002-e035-401e-a1aa-77f99fbd65ad___RS_HL 5880.JPG,healthy,0,g2388,s_reliability,reliability_train,original,,,,,,42,0,0,healthy,0,4.706207,-2.636347,-5.3805547,42
1ff92af6677eb23603c8,data/plantvillage/raw/color/Apple___healthy/e439a002-e035-401e-a1aa-77f99fbd65ad___RS_HL 5880.JPG,healthy,0,g2388,s_reliability,reliability_train,brightness,7655105049204806237,1.0621173450095691,,,,42,0,0,healthy,0,4.7806907,-2.701012,-5.4371195,42
8b8d2013aaa33fe5b9da,data/plantvillage/raw/color/Apple___healthy/e439a002-e035-401e-a1aa-77f99fbd65ad___RS_HL 5880.JPG,healthy,0,g2388,s_reliability,reliability_train,contrast,4700191796877293195,,1.098077158995059,,,42,0,0,healthy,0,4.8181415,-2.6368034,-5.426328,42
8101793579f031281f78,data/plantvillage/raw/color/Apple___healthy/e439a002-e035-401e-a1aa-77f99fbd65ad___RS_HL 5880.JPG,healthy,0,g2388,s_reliability,reliability_train,gaussian_blur,7978337411395859216,,,0.7685825884603593,,42,0,0,healthy,0,3.265345,-2.551591,-3.210208,42
a46ccbbef02077235b06,data/plantvillage/raw/color/Apple___healthy/e439a002-e035-401e-a1aa-77f99fbd65ad___RS_HL 5880.JPG,healthy,0,g2388,s_reliability,reliability_train,gaussian_noise,5132115574989054888,,,,0.03944596408462634,42,0,0,healthy,0,4.7725263,-2.4439926,-5.554776,42
d9cde09b6b5f98910644,data/plantvillage/raw/color/Apple___healthy/e77cdcd7-1279-4cd1-87db-9d80721311b4___RS_HL 6283.JPG,healthy,0,g2400,s_reliability,reliability_train,original,,,,,,42,0,0,healthy,0,3.6742358,-1.802871,-5.1436415,42
9992e3bd61bcd5ea270a,data/plantvillage/raw/color/Apple___healthy/e77cdcd7-1279-4cd1-87db-9d80721311b4___RS_HL 6283.JPG,healthy,0,g2400,s_reliability,reliability_train,brightness,7426497857790609556,0.9935470453992199,,,,42,0,0,healthy,0,3.6751754,-1.801696,-5.142631,42
b002340ef51a384ef40b,data/plantvillage/raw/color/Apple___healthy/e77cdcd7-1279-4cd1-87db-9d80721311b4___RS_HL 6283.JPG,healthy,0,g2400,s_reliability,reliability_train,contrast,2026327184808896427,,0.9120226441671961,,,42,0,0,healthy,0,3.7152212,-1.7333395,-5.1895323,42
9d3123ce2f558da5daeb,data/plantvillage/raw/color/Apple___healthy/e77cdcd7-1279-4cd1-87db-9d80721311b4___RS_HL 6283.JPG,healthy,0,g2400,s_reliability,reliability_train,gaussian_blur,6515263330407215617,,,1.4057476432720757,,42,0,0,healthy,0,0.9617853,-1.0565468,-1.9043549,42
fc493541b81042665a35,data/plantvillage/raw/color/Apple___healthy/e77cdcd7-1279-4cd1-87db-9d80721311b4___RS_HL 6283.JPG,healthy,0,g2400,s_reliability,reliability_train,gaussian_noise,2588827690534518184,,,,0.030054364329632557,42,0,0,healthy,0,3.962018,-1.9351871,-5.3862853,42
82e3edee1f974ddeb94f,data/plantvillage/raw/color/Apple___healthy/ec1bf8ec-0876-4971-8df1-20f766ac3df2___RS_HL 7666.JPG,healthy,0,g2419,s_reliability,reliability_train,original,,,,,,42,0,0,healthy,0,4.8332705,-4.406298,-3.3817186,42
b8fc31d7921a4dfcff21,data/plantvillage/raw/color/Apple___healthy/ec1bf8ec-0876-4971-8df1-20f766ac3df2___RS_HL 7666.JPG,healthy,0,g2419,s_reliability,reliability_train,brightness,7987676030128040555,0.7232400951716734,,,,42,0,0,healthy,0,4.967435,-4.4276547,-3.511264,42
83551d4124c8c697c1e0,data/plantvillage/raw/color/Apple___healthy/ec1bf8ec-0876-4971-8df1-20f766ac3df2___RS_HL 7666.JPG,healthy,0,g2419,s_reliability,reliability_train,contrast,2138164516656095664,,1.1133322391087632,,,42,0,0,healthy,0,4.8477583,-4.36955,-3.439224,42
a43eba5c0e9c8c26b4f5,data/plantvillage/raw/color/Apple___healthy/ec1bf8ec-0876-4971-8df1-20f766ac3df2___RS_HL 7666.JPG,healthy,0,g2419,s_reliability,reliability_train,gaussian_blur,5367513207900929481,,,0.7248557110803534,,42,0,0,healthy,0,3.9723384,-4.622808,-2.2524796,42
9e3e5422e53150e9ab4d,data/plantvillage/raw/color/Apple___healthy/ec1bf8ec-0876-4971-8df1-20f766ac3df2___RS_HL 7666.JPG,healthy,0,g2419,s_reliability,reliability_train,gaussian_noise,1226910309115464239,,,,0.04406484922225197,42,0,0,healthy,0,5.0272813,-4.3771563,-3.7034345,42
2f7067a14824266c5e69,data/plantvillage/raw/color/Apple___healthy/ec274680-0ee1-49d4-af42-48c6fe0da457___RS_HL 7306.JPG,healthy,0,g2420,s_reliability,reliability_train,original,,,,,,42,0,0,healthy,0,1.8133136,-0.90212405,-3.918585,42
d53132868237dc8afe0a,data/plantvillage/raw/color/Apple___healthy/ec274680-0ee1-49d4-af42-48c6fe0da457___RS_HL 7306.JPG,healthy,0,g2420,s_reliability,reliability_train,brightness,220986536118334634,1.009654630957668,,,,42,0,0,healthy,0,1.7740182,-0.8659039,-3.9007704,42
e21592b57a7f19db61b0,data/plantvillage/raw/color/Apple___healthy/ec274680-0ee1-49d4-af42-48c6fe0da457___RS_HL 7306.JPG,healthy,0,g2420,s_reliability,reliability_train,contrast,6785935810447135055,,0.8639104145653292,,,42,0,0,healthy,0,1.7580949,-0.92983264,-3.9098265,42
c78476111655c9bb9e89,data/plantvillage/raw/color/Apple___healthy/ec274680-0ee1-49d4-af42-48c6fe0da457___RS_HL 7306.JPG,healthy,0,g2420,s_reliability,reliability_train,gaussian_blur,7268134423667907472,,,1.3768951025406602,,42,0,2,rust,1,-0.34778827,-1.1071228,-0.3183199,42
9f15e7b7745af46d8e0d,data/plantvillage/raw/color/Apple___healthy/ec274680-0ee1-49d4-af42-48c6fe0da457___RS_HL 7306.JPG,healthy,0,g2420,s_reliability,reliability_train,gaussian_noise,4344170387121762335,,,,0.01616656549964738,42,0,0,healthy,0,1.682184,-0.7629555,-3.876216,42
163167e37c1363418f3c,data/plantvillage/raw/color/Apple___healthy/eee67012-27f6-45d5-9365-2561429f046d___RS_HL 8165.JPG,healthy,0,g2436,s_reliability,reliability_train,original,,,,,,42,0,0,healthy,0,4.716807,-3.8591433,-4.347631,42
f9a8f88086948147c271,data/plantvillage/raw/color/Apple___healthy/eee67012-27f6-45d5-9365-2561429f046d___RS_HL 8165.JPG,healthy,0,g2436,s_reliability,reliability_train,brightness,189989805852965463,1.068439672138619,,,,42,0,0,healthy,0,4.729101,-3.8179414,-4.4088826,42
f6b8af70c1eb39b60c7c,data/plantvillage/raw/color/Apple___healthy/eee67012-27f6-45d5-9365-2561429f046d___RS_HL 8165.JPG,healthy,0,g2436,s_reliability,reliability_train,contrast,534311089720446306,,1.263352725092657,,,42,0,0,healthy,0,4.363106,-3.3925118,-4.518751,42
dd411aa05dd0b657f037,data/plantvillage/raw/color/Apple___healthy/eee67012-27f6-45d5-9365-2561429f046d___RS_HL 8165.JPG,healthy,0,g2436,s_reliability,reliability_train,gaussian_blur,4274762601827120558,,,1.4434227530095836,,42,0,0,healthy,0,1.5560817,-3.3880284,-1.5904623,42
2032db191f12b7a3a829,data/plantvillage/raw/color/Apple___healthy/eee67012-27f6-45d5-9365-2561429f046d___RS_HL 8165.JPG,healthy,0,g2436,s_reliability,reliability_train,gaussian_noise,2598192555491167103,,,,0.046549208374066044,42,0,0,healthy,0,4.522448,-3.5911856,-4.4859548,42
35278c0e087aa823dd29,data/plantvillage/raw/color/Apple___healthy/ef39563c-7897-48be-b7d5-5371b873b110___RS_HL 8024.JPG,healthy,0,g2438,s_reliability,reliability_val,original,,,,,,42,0,0,healthy,0,3.7700026,-2.291338,-4.8902793,42
47f50cd51f77db714263,data/plantvillage/raw/color/Apple___healthy/ef39563c-7897-48be-b7d5-5371b873b110___RS_HL 8024.JPG,healthy,0,g2438,s_reliability,reliability_val,brightness,6996244170949694370,1.186370300567663,,,,42,0,0,healthy,0,3.785338,-2.4623597,-4.78373,42
4c565435ba3cc3d3be69,data/plantvillage/raw/color/Apple___healthy/ef39563c-7897-48be-b7d5-5371b873b110___RS_HL 8024.JPG,healthy,0,g2438,s_reliability,reliability_val,contrast,4793249237452021803,,0.9817384756322116,,,42,0,0,healthy,0,3.7874718,-2.323334,-4.8773055,42
48a305f45e59c50eb37d,data/plantvillage/raw/color/Apple___healthy/ef39563c-7897-48be-b7d5-5371b873b110___RS_HL 8024.JPG,healthy,0,g2438,s_reliability,reliability_val,gaussian_blur,4831093218402465585,,,1.2584016794590065,,42,0,0,healthy,0,1.2106229,-2.3380368,-1.697882,42
e727516d1da757a0f2ef,data/plantvillage/raw/color/Apple___healthy/ef39563c-7897-48be-b7d5-5371b873b110___RS_HL 8024.JPG,healthy,0,g2438,s_reliability,reliability_val,gaussian_noise,3071857031181834642,,,,0.04896427249067124,42,0,0,healthy,0,3.8273492,-2.265984,-4.892278,42
3d0baec620e1306b676c,data/plantvillage/raw/color/Apple___healthy/efcddd81-0718-4555-ac8f-f417cc6e6280___RS_HL 7912.JPG,healthy,0,g2439,s_reliability,reliability_val,original,,,,,,42,0,0,healthy,0,4.05947,-2.4453952,-4.455737,42
b8ebbba300c25019be63,data/plantvillage/raw/color/Apple___healthy/efcddd81-0718-4555-ac8f-f417cc6e6280___RS_HL 7912.JPG,healthy,0,g2439,s_reliability,reliability_val,brightness,7854603801949128663,0.743618820567704,,,,42,0,0,healthy,0,3.8797073,-2.1781807,-4.50854,42
874f78b1f244a0a656af,data/plantvillage/raw/color/Apple___healthy/efcddd81-0718-4555-ac8f-f417cc6e6280___RS_HL 7912.JPG,healthy,0,g2439,s_reliability,reliability_val,contrast,7934016994424957136,,0.7415606752913227,,,42,0,0,healthy,0,3.8848813,-2.4443643,-4.367922,42
4ce8219078b47cd777e0,data/plantvillage/raw/color/Apple___healthy/efcddd81-0718-4555-ac8f-f417cc6e6280___RS_HL 7912.JPG,healthy,0,g2439,s_reliability,reliability_val,gaussian_blur,7294735830650431388,,,1.1468904668765312,,42,0,0,healthy,0,1.3954163,-1.7071949,-2.0865498,42
de8aa343bfd839b79b1c,data/plantvillage/raw/color/Apple___healthy/efcddd81-0718-4555-ac8f-f417cc6e6280___RS_HL 7912.JPG,healthy,0,g2439,s_reliability,reliability_val,gaussian_noise,7513541387298594557,,,,0.028420163673314076,42,0,0,healthy,0,4.1276016,-2.5345511,-4.454856,42
c6d3600b6e372acf78fd,data/plantvillage/raw/color/Apple___healthy/eff8a4a7-8aa4-4549-ae15-035f85c15486___RS_HL 7783.JPG,healthy,0,g2440,s_reliability,reliability_train,original,,,,,,42,0,0,healthy,0,2.1648977,-1.4886428,-3.7678232,42
ed8f4d9b7b26db40710b,data/plantvillage/raw/color/Apple___healthy/eff8a4a7-8aa4-4549-ae15-035f85c15486___RS_HL 7783.JPG,healthy,0,g2440,s_reliability,reliability_train,brightness,1185236010484503773,1.0912750771363318,,,,42,0,0,healthy,0,2.178527,-1.5093874,-3.762788,42
b8e71f90ea4f32906330,data/plantvillage/raw/color/Apple___healthy/eff8a4a7-8aa4-4549-ae15-035f85c15486___RS_HL 7783.JPG,healthy,0,g2440,s_reliability,reliability_train,contrast,5337894444943874936,,1.242942048516233,,,42,0,0,healthy,0,2.318922,-1.4000891,-3.9781382,42
3bd4a907c732f81844f0,data/plantvillage/raw/color/Apple___healthy/eff8a4a7-8aa4-4549-ae15-035f85c15486___RS_HL 7783.JPG,healthy,0,g2440,s_reliability,reliability_train,gaussian_blur,1473788484786346713,,,0.8525524366150462,,42,0,0,healthy,0,0.89633965,-2.1505475,-1.2787293,42
be13077b0ee25048bd8b,data/plantvillage/raw/color/Apple___healthy/eff8a4a7-8aa4-4549-ae15-035f85c15486___RS_HL 7783.JPG,healthy,0,g2440,s_reliability,reliability_train,gaussian_noise,4971897119437211173,,,,0.0321732861311922,42,0,0,healthy,0,2.1398065,-1.4223758,-3.750743,42
332c7f761a5653e24b9b,data/plantvillage/raw/color/Apple___healthy/f09b090f-bff1-4fc9-87ad-1b9e05373698___RS_HL 6035.JPG,healthy,0,g2445,s_reliability,reliability_train,original,,,,,,42,0,0,healthy,0,5.2616067,-3.6163762,-4.6273274,42
de3baf72c24d789c710d,data/plantvillage/raw/color/Apple___healthy/f09b090f-bff1-4fc9-87ad-1b9e05373698___RS_HL 6035.JPG,healthy,0,g2445,s_reliability,reliability_train,brightness,6629415940413032221,0.8687543084874427,,,,42,0,0,healthy,0,5.104846,-3.508153,-4.593988,42
a154aa58afad13d62c27,data/plantvillage/raw/color/Apple___healthy/f09b090f-bff1-4fc9-87ad-1b9e05373698___RS_HL 6035.JPG,healthy,0,g2445,s_reliability,reliability_train,contrast,299656887961082649,,0.9101281854402783,,,42,0,0,healthy,0,4.9466558,-3.44741,-4.473571,42
69bb329ef1677345ef1a,data/plantvillage/raw/color/Apple___healthy/f09b090f-bff1-4fc9-87ad-1b9e05373698___RS_HL 6035.JPG,healthy,0,g2445,s_reliability,reliability_train,gaussian_blur,563026878617219762,,,0.6744464049803709,,42,0,0,healthy,0,4.6434817,-3.4305239,-3.8059485,42
a029ea39f8a84956ba38,data/plantvillage/raw/color/Apple___healthy/f09b090f-bff1-4fc9-87ad-1b9e05373698___RS_HL 6035.JPG,healthy,0,g2445,s_reliability,reliability_train,gaussian_noise,2961949401640761309,,,,0.04863045640361331,42,0,0,healthy,0,5.9275675,-3.8827088,-5.206643,42
8bff3cd9296e4e01daac,data/plantvillage/raw/color/Apple___healthy/f2314f38-fd6f-4bee-b26e-ad095508beab___RS_HL 6145.JPG,healthy,0,g2457,s_reliability,reliability_train,original,,,,,,42,0,0,healthy,0,4.927612,-3.9366336,-4.428478,42
bb8fa3cefd6185562ced,data/plantvillage/raw/color/Apple___healthy/f2314f38-fd6f-4bee-b26e-ad095508beab___RS_HL 6145.JPG,healthy,0,g2457,s_reliability,reliability_train,brightness,772336415437396276,1.2026354080548864,,,,42,0,0,healthy,0,4.9869595,-4.1393437,-4.3740673,42
502dcf59e966f129e8bf,data/plantvillage/raw/color/Apple___healthy/f2314f38-fd6f-4bee-b26e-ad095508beab___RS_HL 6145.JPG,healthy,0,g2457,s_reliability,reliability_train,contrast,8719398754418026940,,0.8257442833067278,,,42,0,0,healthy,0,4.7667513,-3.6768994,-4.469074,42
a5558ffb356e4286c4d6,data/plantvillage/raw/color/Apple___healthy/f2314f38-fd6f-4bee-b26e-ad095508beab___RS_HL 6145.JPG,healthy,0,g2457,s_reliability,reliability_train,gaussian_blur,3926122223616629411,,,1.3290190566180653,,42,0,0,healthy,0,2.3125846,-2.9307618,-1.7002374,42
61d078f58cfc5e322e71,data/plantvillage/raw/color/Apple___healthy/f2314f38-fd6f-4bee-b26e-ad095508beab___RS_HL 6145.JPG,healthy,0,g2457,s_reliability,reliability_train,gaussian_noise,5838671658641665255,,,,0.04862741767670341,42,0,0,healthy,0,4.771601,-3.372716,-4.6335206,42
ed1882a9047c0b33a37f,data/plantvillage/raw/color/Apple___healthy/f7416f1d-cd65-4f2e-be3e-ca701e693df5___RS_HL 7920.JPG,healthy,0,g2484,s_reliability,reliability_val,original,,,,,,42,0,0,healthy,0,4.760042,-3.343893,-5.044225,42
78815c9e054e2556747b,data/plantvillage/raw/color/Apple___healthy/f7416f1d-cd65-4f2e-be3e-ca701e693df5___RS_HL 7920.JPG,healthy,0,g2484,s_reliability,reliability_val,brightness,4359477458417931357,1.2317189105631696,,,,42,0,0,healthy,0,4.92723,-3.5039113,-5.018738,42
8276751faf9dae30f8bf,data/plantvillage/raw/color/Apple___healthy/f7416f1d-cd65-4f2e-be3e-ca701e693df5___RS_HL 7920.JPG,healthy,0,g2484,s_reliability,reliability_val,contrast,8423463805504921224,,1.1676215226305835,,,42,0,0,healthy,0,4.717248,-3.2574062,-5.0573754,42
2cbae7bbc37d20304bbb,data/plantvillage/raw/color/Apple___healthy/f7416f1d-cd65-4f2e-be3e-ca701e693df5___RS_HL 7920.JPG,healthy,0,g2484,s_reliability,reliability_val,gaussian_blur,6373553025923913498,,,0.9149248819933326,,42,0,0,healthy,0,3.5186179,-3.5106301,-3.1732337,42
141114689251e2cf9ac7,data/plantvillage/raw/color/Apple___healthy/f7416f1d-cd65-4f2e-be3e-ca701e693df5___RS_HL 7920.JPG,healthy,0,g2484,s_reliability,reliability_val,gaussian_noise,6260467427647153001,,,,0.04196347914618679,42,0,0,healthy,0,4.506989,-2.7752836,-5.3472705,42
9a269c88d59f4e9ed8cc,data/plantvillage/raw/color/Apple___healthy/f7b5ebd2-2471-4a99-9944-e25696aa5fa8___RS_HL 6233.JPG,healthy,0,g2490,s_reliability,reliability_train,original,,,,,,42,0,0,healthy,0,3.5488608,-2.3931139,-4.952105,42
4c88a13d7ba783cbfaf5,data/plantvillage/raw/color/Apple___healthy/f7b5ebd2-2471-4a99-9944-e25696aa5fa8___RS_HL 6233.JPG,healthy,0,g2490,s_reliability,reliability_train,brightness,2063959800542382168,1.1924852835128938,,,,42,0,0,healthy,0,3.6963556,-2.4560611,-5.083566,42
26b222c7999039468023,data/plantvillage/raw/color/Apple___healthy/f7b5ebd2-2471-4a99-9944-e25696aa5fa8___RS_HL 6233.JPG,healthy,0,g2490,s_reliability,reliability_train,contrast,5912840315589991832,,0.8539736699788918,,,42,0,0,healthy,0,3.5321977,-2.359576,-4.911296,42
2f7853ab39fa4821685f,data/plantvillage/raw/color/Apple___healthy/f7b5ebd2-2471-4a99-9944-e25696aa5fa8___RS_HL 6233.JPG,healthy,0,g2490,s_reliability,reliability_train,gaussian_blur,5573519119509403411,,,1.00902254399286,,42,0,0,healthy,0,1.7200395,-2.5377438,-2.461266,42
674f4a34948b656124d5,data/plantvillage/raw/color/Apple___healthy/f7b5ebd2-2471-4a99-9944-e25696aa5fa8___RS_HL 6233.JPG,healthy,0,g2490,s_reliability,reliability_train,gaussian_noise,5350448562760456341,,,,0.01610316395366882,42,0,0,healthy,0,3.5259542,-2.3227954,-5.036609,42
76e8804528121f2c63cb,data/plantvillage/raw/color/Apple___healthy/f867a4ff-fe32-4bc4-9fee-9403c5ade149___RS_HL 5752.JPG,healthy,0,g2496,s_reliability,reliability_train,original,,,,,,42,0,0,healthy,0,6.0182195,-1.9680222,-7.011072,42
ab43e26904c2e928affa,data/plantvillage/raw/color/Apple___healthy/f867a4ff-fe32-4bc4-9fee-9403c5ade149___RS_HL 5752.JPG,healthy,0,g2496,s_reliability,reliability_train,brightness,9143008897961289878,1.2072127780198731,,,,42,0,0,healthy,0,6.427852,-2.227481,-7.1824584,42
381bfe31bff2c2c07021,data/plantvillage/raw/color/Apple___healthy/f867a4ff-fe32-4bc4-9fee-9403c5ade149___RS_HL 5752.JPG,healthy,0,g2496,s_reliability,reliability_train,contrast,5455176447635669463,,0.8298298151866623,,,42,0,0,healthy,0,4.8550854,-1.1461383,-6.5611763,42
24a0b88e7a29d256f63f,data/plantvillage/raw/color/Apple___healthy/f867a4ff-fe32-4bc4-9fee-9403c5ade149___RS_HL 5752.JPG,healthy,0,g2496,s_reliability,reliability_train,gaussian_blur,8001894094008250401,,,0.6313287372008985,,42,0,0,healthy,0,5.2671776,-2.2101843,-5.1931357,42
3f8cac1ea0f8cd258d62,data/plantvillage/raw/color/Apple___healthy/f867a4ff-fe32-4bc4-9fee-9403c5ade149___RS_HL 5752.JPG,healthy,0,g2496,s_reliability,reliability_train,gaussian_noise,8522186780292781365,,,,0.047388256724811624,42,0,0,healthy,0,6.450773,-2.2175062,-7.299472,42
b81756566c995bfd299e,data/plantvillage/raw/color/Apple___healthy/f995325a-1135-4bde-89a6-121b0fde8c6c___RS_HL 5891.JPG,healthy,0,g2505,s_reliability,reliability_train,original,,,,,,42,0,0,healthy,0,4.079702,-3.476529,-3.290681,42
f0caf322df69c14a45e9,data/plantvillage/raw/color/Apple___healthy/f995325a-1135-4bde-89a6-121b0fde8c6c___RS_HL 5891.JPG,healthy,0,g2505,s_reliability,reliability_train,brightness,6869346574417228529,1.0368738183476585,,,,42,0,0,healthy,0,4.093263,-3.3829148,-3.3629115,42
912b77cc5a9029152e7a,data/plantvillage/raw/color/Apple___healthy/f995325a-1135-4bde-89a6-121b0fde8c6c___RS_HL 5891.JPG,healthy,0,g2505,s_reliability,reliability_train,contrast,6656211639019693140,,0.8143105419399964,,,42,0,0,healthy,0,4.2241464,-3.5259137,-3.397362,42
73d652b6f4d8d638a707,data/plantvillage/raw/color/Apple___healthy/f995325a-1135-4bde-89a6-121b0fde8c6c___RS_HL 5891.JPG,healthy,0,g2505,s_reliability,reliability_train,gaussian_blur,7092296445892592735,,,1.322986619444158,,42,0,0,healthy,0,1.750933,-3.002261,-0.6777379,42
b8c9536cb4ef73c73c31,data/plantvillage/raw/color/Apple___healthy/f995325a-1135-4bde-89a6-121b0fde8c6c___RS_HL 5891.JPG,healthy,0,g2505,s_reliability,reliability_train,gaussian_noise,4977405919153055644,,,,0.029070997488886745,42,0,0,healthy,0,3.934817,-3.3175347,-3.3999097,42
37b546ae9733e98e9737,data/plantvillage/raw/color/Apple___healthy/fb723b31-aac6-4412-aa97-efcab9cc99a4___RS_HL 8101.JPG,healthy,0,g2514,s_reliability,reliability_val,original,,,,,,42,0,0,healthy,0,4.8280616,-2.4403892,-5.8519273,42
0be2fd30fcfe33f81022,data/plantvillage/raw/color/Apple___healthy/fb723b31-aac6-4412-aa97-efcab9cc99a4___RS_HL 8101.JPG,healthy,0,g2514,s_reliability,reliability_val,brightness,536713051145895983,0.9679341342254071,,,,42,0,0,healthy,0,4.853505,-2.4906933,-5.821922,42
e4c09c8a99bc0af630c3,data/plantvillage/raw/color/Apple___healthy/fb723b31-aac6-4412-aa97-efcab9cc99a4___RS_HL 8101.JPG,healthy,0,g2514,s_reliability,reliability_val,contrast,4246211401210950196,,1.198930036425837,,,42,0,0,healthy,0,4.7612453,-2.185726,-5.956181,42
b67f35cf14e553324c78,data/plantvillage/raw/color/Apple___healthy/fb723b31-aac6-4412-aa97-efcab9cc99a4___RS_HL 8101.JPG,healthy,0,g2514,s_reliability,reliability_val,gaussian_blur,7766005488903383831,,,0.9026216687339459,,42,0,0,healthy,0,3.5625336,-2.2773216,-3.5359538,42
f7e8db2bf9eb238bb41b,data/plantvillage/raw/color/Apple___healthy/fb723b31-aac6-4412-aa97-efcab9cc99a4___RS_HL 8101.JPG,healthy,0,g2514,s_reliability,reliability_val,gaussian_noise,3342293063549930586,,,,0.01348866729981351,42,0,0,healthy,0,4.8148026,-2.4031262,-5.8797684,42
2bf80fd6ef56b5427da0,data/plantvillage/raw/color/Apple___healthy/fda25357-1076-4707-83e7-d409448a11a8___RS_HL 6221.JPG,healthy,0,g2523,s_reliability,reliability_train,original,,,,,,42,0,0,healthy,0,2.459008,-2.6510754,-4.1024346,42
9a05a527035f648fc883,data/plantvillage/raw/color/Apple___healthy/fda25357-1076-4707-83e7-d409448a11a8___RS_HL 6221.JPG,healthy,0,g2523,s_reliability,reliability_train,brightness,9200765848649428338,0.9418561754693296,,,,42,0,0,healthy,0,2.4672098,-2.6034412,-4.1333175,42
56049dbb318bcc31c17e,data/plantvillage/raw/color/Apple___healthy/fda25357-1076-4707-83e7-d409448a11a8___RS_HL 6221.JPG,healthy,0,g2523,s_reliability,reliability_train,contrast,578103468573148835,,1.2353042009556323,,,42,0,0,healthy,0,2.760494,-2.767048,-4.238021,42
58588724e8fc5978ae42,data/plantvillage/raw/color/Apple___healthy/fda25357-1076-4707-83e7-d409448a11a8___RS_HL 6221.JPG,healthy,0,g2523,s_reliability,reliability_train,gaussian_blur,2567392647564852991,,,1.3818671641142535,,42,0,0,healthy,0,0.18173808,-1.8439373,-1.6390451,42
c263e9a9dd54dd3cd8ef,data/plantvillage/raw/color/Apple___healthy/fda25357-1076-4707-83e7-d409448a11a8___RS_HL 6221.JPG,healthy,0,g2523,s_reliability,reliability_train,gaussian_noise,6122316175600551091,,,,0.020653769660684964,42,0,0,healthy,0,2.6185405,-2.3943362,-4.469462,42
46a0e6523f8e4ce96e3b,data/plantvillage/raw/color/Apple___healthy/fea00538-32c3-4876-8833-40652becc30c___RS_HL 5761.JPG,healthy,0,g2530,s_reliability,reliability_train,original,,,,,,42,0,0,healthy,0,4.2948694,-1.4946958,-6.3475213,42
20f7088d126a64f10279,data/plantvillage/raw/color/Apple___healthy/fea00538-32c3-4876-8833-40652becc30c___RS_HL 5761.JPG,healthy,0,g2530,s_reliability,reliability_train,brightness,6767160455960747245,0.7464821509683723,,,,42,0,0,healthy,0,4.1576996,-1.3981544,-6.166814,42
a0c172bb55ef9753188a,data/plantvillage/raw/color/Apple___healthy/fea00538-32c3-4876-8833-40652becc30c___RS_HL 5761.JPG,healthy,0,g2530,s_reliability,reliability_train,contrast,4490138560816570135,,1.257797578293228,,,42,0,0,healthy,0,4.1577744,-1.452284,-6.2076964,42
6d6ae32a1487adf0da4f,data/plantvillage/raw/color/Apple___healthy/fea00538-32c3-4876-8833-40652becc30c___RS_HL 5761.JPG,healthy,0,g2530,s_reliability,reliability_train,gaussian_blur,6877305992116323865,,,0.6475893085311231,,42,0,0,healthy,0,3.8699558,-1.8743823,-4.9703307,42
64e379dad716d4adb367,data/plantvillage/raw/color/Apple___healthy/fea00538-32c3-4876-8833-40652becc30c___RS_HL 5761.JPG,healthy,0,g2530,s_reliability,reliability_train,gaussian_noise,8155657922131587209,,,,0.03267752948600909,42,0,0,healthy,0,4.39148,-1.4889174,-6.4700303,42
2f6c75551512a2e79122,data/plantvillage/raw/color/Apple___healthy/feb2c7d8-0cfd-4eb1-86d0-78a893dd8943___RS_HL 7866.JPG,healthy,0,g2532,s_reliability,reliability_train,original,,,,,,42,0,0,healthy,0,2.8907402,-2.9721358,-2.5567477,42
ba1e784aa47f2fb490b0,data/plantvillage/raw/color/Apple___healthy/feb2c7d8-0cfd-4eb1-86d0-78a893dd8943___RS_HL 7866.JPG,healthy,0,g2532,s_reliability,reliability_train,brightness,3605648499600144422,0.9125195476159824,,,,42,0,0,healthy,0,2.7711284,-2.851329,-2.5628269,42
21a198066a72bfede767,data/plantvillage/raw/color/Apple___healthy/feb2c7d8-0cfd-4eb1-86d0-78a893dd8943___RS_HL 7866.JPG,healthy,0,g2532,s_reliability,reliability_train,contrast,1026391629416439833,,1.244608984816079,,,42,0,0,healthy,0,2.7855332,-2.601904,-2.6536884,42
e745da20af62c3b1c444,data/plantvillage/raw/color/Apple___healthy/feb2c7d8-0cfd-4eb1-86d0-78a893dd8943___RS_HL 7866.JPG,healthy,0,g2532,s_reliability,reliability_train,gaussian_blur,6233031138160942446,,,0.8497843792015919,,42,0,0,healthy,0,1.9791397,-3.2053294,-1.317906,42
d55d323d49bbd3e68bef,data/plantvillage/raw/color/Apple___healthy/feb2c7d8-0cfd-4eb1-86d0-78a893dd8943___RS_HL 7866.JPG,healthy,0,g2532,s_reliability,reliability_train,gaussian_noise,5346822554028665402,,,,0.03415050617465853,42,0,0,healthy,0,3.0382006,-2.7874749,-2.8598356,42
cbaaec47dbe959c64b72,data/plantvillage/raw/color/Apple___healthy/ff89a869-8eb9-4a0a-9132-dc63e94421bd___RS_HL 7649.JPG,healthy,0,g2536,s_reliability,reliability_val,original,,,,,,42,0,0,healthy,0,3.4286854,-2.8356133,-4.1372633,42
69321030be90f32a3a37,data/plantvillage/raw/color/Apple___healthy/ff89a869-8eb9-4a0a-9132-dc63e94421bd___RS_HL 7649.JPG,healthy,0,g2536,s_reliability,reliability_val,brightness,6510888100655619039,0.8836478293313617,,,,42,0,0,healthy,0,3.4378047,-2.5185132,-4.252162,42
6a1f32477eec8e1a0980,data/plantvillage/raw/color/Apple___healthy/ff89a869-8eb9-4a0a-9132-dc63e94421bd___RS_HL 7649.JPG,healthy,0,g2536,s_reliability,reliability_val,contrast,1052450415211902463,,0.8505808027920276,,,42,0,0,healthy,0,3.4282336,-2.7151709,-4.1037836,42
74c4ba00793c1c7eba27,data/plantvillage/raw/color/Apple___healthy/ff89a869-8eb9-4a0a-9132-dc63e94421bd___RS_HL 7649.JPG,healthy,0,g2536,s_reliability,reliability_val,gaussian_blur,1733191470771762205,,,1.2394974851476,,42,0,0,healthy,0,2.0488355,-3.816349,-2.2359765,42
5804e7a3abb2b6af3795,data/plantvillage/raw/color/Apple___healthy/ff89a869-8eb9-4a0a-9132-dc63e94421bd___RS_HL 7649.JPG,healthy,0,g2536,s_reliability,reliability_val,gaussian_noise,8147000119447011947,,,,0.027752484908512537,42,0,0,healthy,0,2.9254892,-2.3698332,-4.1864266,42
