view_id,path,label,label_index,group_id,source_subset,reliability_split,view_type,rng_seed,brightness_factor,contrast_factor,blur_sigma,noise_sigma,view_generation_seed,true_label_index,predicted_label_index,predicted_label,failure_label,logit_healthy,logit_scab,logit_rust,classifier_seed
e82b4041f92bfbfe02a1,data/plantvillage/raw/color/Apple___Apple_scab/0208f4eb-45a4-4399-904e-989ac2c6257c___FREC_Scab 3037.JPG,scab,1,g0004,s_reliability,reliability_val,original,,,,,,42,1,1,scab,0,-2.899125,2.2300746,-3.0825405,123
abfce3452742e0bb553b,data/plantvillage/raw/color/Apple___Apple_scab/0208f4eb-45a4-4399-904e-989ac2c6257c___FREC_Scab 3037.JPG,scab,1,g0004,s_reliability,reliability_val,brightness,6908283064447679441,1.1793504680948104,,,,42,1,1,scab,0,-3.1289458,2.0746138,-2.6976511,123
b76843c2b1937bc45f5e,data/plantvillage/raw/color/Apple___Apple_scab/0208f4eb-45a4-4399-904e-989ac2c6257c___FREC_Scab 3037.JPG,scab,1,g0004,s_reliability,reliability_val,contrast,8410289356758025790,,0.7298645923472723,,,42,1,1,scab,0,-2.6050608,2.208688,-3.2974358,123
5326fab19e655d4e1d1e,data/plantvillage/raw/color/Apple___Apple_scab/0208f4eb-45a4-4399-904e-989ac2c6257c___FREC_Scab 3037.JPG,scab,1,g0004,s_reliability,reliability_val,gaussian_blur,8798574810571978739,,,0.5273824071866586,,42,1,1,scab,0,-3.840988,2.5637558,-2.703956,123
920a14a6cd63e312714d,data/plantvillage/raw/color/Apple___Apple_scab/0208f4eb-45a4-4399-904e-989ac2c6257c___FREC_Scab 3037.JPG,scab,1,g0004,s_reliability,reliability_val,gaussian_noise,5484456605493108175,,,,0.04176175505975032,42,1,1,scab,0,-2.9022143,2.3527575,-3.2265608,123
f9059ee858e4e6091117,data/plantvillage/raw/color/Apple___Apple_scab/0a6812de-7416-4ffe-aba9-307599a02c84___FREC_Scab 2973.JPG,scab,1,g0027,s_reliability,reliability_train,original,,,,,,42,1,1,scab,0,-2.087455,3.5468755,-4.533609,123
8921dbd25ce2cd887770,data/plantvillage/raw/color/Apple___Apple_scab/0a6812de-7416-4ffe-aba9-307599a02c84___FREC_Scab 2973.JPG,scab,1,g0027,s_reliability,reliability_train,brightness,1546519058571228282,0.8458247584252849,,,,42,1,1,scab,0,-2.2206302,3.6329067,-4.5870767,123
dd1936cc31b7c01a5580,data/plantvillage/raw/color/Apple___Apple_scab/0a6812de-7416-4ffe-aba9-307599a02c84___FREC_Scab 2973.JPG,scab,1,g0027,s_reliability,reliability_train,contrast,6940329539270945462,,0.7037644931654706,,,42,1,1,scab,0,-1.7924222,3.4654431,-4.619938,123
22c5793a96f848738e97,data/plantvillage/raw/color/Apple___Apple_scab/0a6812de-7416-4ffe-aba9-307599a02c84___FREC_Scab 2973.JPG,scab,1,g0027,s_reliability,reliability_train,gaussian_blur,1020127645595330592,,,1.3326727186366814,,42,1,1,scab,0,-3.8671796,3.13296,-2.4967039,123
c870114afe69fb44fcee,data/plantvillage/raw/color/Apple___Apple_scab/0a6812de-7416-4ffe-aba9-307599a02c84___FREC_Scab 2973.JPG,scab,1,g0027,s_reliability,reliability_train,gaussian_noise,785015087459478231,,,,0.011129077692304415,42,1,1,scab,0,-2.0968328,3.5931637,-4.5603414,123
69e547e67256d2ac12c7,data/plantvillage/raw/color/Apple___Apple_scab/0c620ec5-11cf-4120-94ab-1311e99df147___FREC_Scab 3131.JPG,scab,1,g0032,s_reliability,reliability_train,original,,,,,,42,1,1,scab,0,-5.5894284,2.8487372,-1.6263812,123
c6914b2c500df94dfa31,data/plantvillage/raw/color/Apple___Apple_scab/0c620ec5-11cf-4120-94ab-1311e99df147___FREC_Scab 3131.JPG,scab,1,g0032,s_reliability,reliability_train,brightness,4636249828621321541,1.063803023087749,,,,42,1,1,scab,0,-5.626441,2.8414052,-1.6370337,123
f79da236da0d5f4ff5ea,data/plantvillage/raw/color/Apple___Apple_scab/0c620ec5-11cf-4120-94ab-1311e99df147___FREC_Scab 3131.JPG,scab,1,g0032,s_reliability,reliability_train,contrast,3028538600489368977,,1.0058846883829369,,,42,1,1,scab,0,-5.603873,2.8498518,-1.627043,123
9d850dee2d17a8528139,data/plantvillage/raw/color/Apple___Apple_scab/0c620ec5-11cf-4120-94ab-1311e99df147___FREC_Scab 3131.JPG,scab,1,g0032,s_reliability,reliability_train,gaussian_blur,2609906190578003273,,,1.026796718311274,,42,1,1,scab,0,-5.941446,1.8501039,0.029751128,123
794275008f1e10458387,data/plantvillage/raw/color/Apple___Apple_scab/0c620ec5-11cf-4120-94ab-1311e99df147___FREC_Scab 3131.JPG,scab,1,g0032,s_reliability,reliability_train,gaussian_noise,1679844197850481810,,,,0.04644688780590372,42,1,1,scab,0,-5.6943865,3.5346234,-2.1717908,123
d2f1c0d577a3e269716e,data/plantvillage/raw/color/Apple___Apple_scab/11c50257-617e-4a6a-a996-2b195af9ada4___FREC_Scab 3462.JPG,scab,1,g0041,s_reliability,reliability_train,original,,,,,,42,1,1,scab,0,-3.5687847,1.6673255,-2.1390078,123
c242e1bc2387877c94b5,data/plantvillage/raw/color/Apple___Apple_scab/11c50257-617e-4a6a-a996-2b195af9ada4___FREC_Scab 3462.JPG,scab,1,g0041,s_reliability,reliability_train,brightness,4337691008349765406,0.9337323553230035,,,,42,1,1,scab,0,-3.4980738,1.6914214,-2.1573782,123
6a2031e032eb2924a8f5,data/plantvillage/raw/color/Apple___Apple_scab/11c50257-617e-4a6a-a996-2b195af9ada4___FREC_Scab 3462.JPG,scab,1,g0041,s_reliability,reliability_train,contrast,1026325778513535019,,1.2708887683558796,,,42,1,1,scab,0,-3.9506602,1.804748,-2.1683183,123
5f58877bd10599d6c90e,data/plantvillage/raw/color/Apple___Apple_scab/11c50257-617e-4a6a-a996-2b195af9ada4___FREC_Scab 3462.JPG,scab,1,g0041,s_reliability,reliability_train,gaussian_blur,7499307002881687508,,,0.9737598974317369,,42,1,1,scab,0,-3.8467715,1.1901541,-0.6628532,123
5ca9df65303567ab7eb6,data/plantvillage/raw/color/Apple___Apple_scab/11c50257-617e-4a6a-a996-2b195af9ada4___FREC_Scab 3462.JPG,scab,1,g0041,s_reliability,reliability_train,gaussian_noise,2090071120305378090,,,,0.044648636149432645,42,1,1,scab,0,-3.665614,2.3551426,-2.7918236,123
0d0da9015ef5acf49879,data/plantvillage/raw/color/Apple___Apple_scab/13b16e68-c82c-4de8-ab34-877ff352e821___FREC_Scab 3180.JPG,scab,1,g0046,s_reliability,reliability_train,original,,,,,,42,1,1,scab,0,-4.8943615,3.3914301,-2.7763627,123
a35c13ec378b2246e2a3,data/plantvillage/raw/color/Apple___Apple_scab/13b16e68-c82c-4de8-ab34-877ff352e821___FREC_Scab 3180.JPG,scab,1,g0046,s_reliability,reliability_train,brightness,2889455949951384779,0.7239281011146501,,,,42,1,1,scab,0,-4.3361526,3.276106,-2.9604352,123
de8c89b1ac312a08d431,data/plantvillage/raw/color/Apple___Apple_scab/13b16e68-c82c-4de8-ab34-877ff352e821___FREC_Scab 3180.JPG,scab,1,g0046,s_reliability,reliability_train,contrast,7805922818096897774,,0.7886797183546324,,,42,1,1,scab,0,-4.786214,3.3620312,-2.8318756,123
e622f0479557d5c5cf24,data/plantvillage/raw/color/Apple___Apple_scab/13b16e68-c82c-4de8-ab34-877ff352e821___FREC_Scab 3180.JPG,scab,1,g0046,s_reliability,reliability_train,gaussian_blur,6326229994460951550,,,0.514441604579071,,42,1,1,scab,0,-4.644347,3.161555,-2.5546675,123
1be76e09fbd383c4adf5,data/plantvillage/raw/color/Apple___Apple_scab/13b16e68-c82c-4de8-ab34-877ff352e821___FREC_Scab 3180.JPG,scab,1,g0046,s_reliability,reliability_train,gaussian_noise,3712111741161372378,,,,0.030230027126562968,42,1,1,scab,0,-4.951334,3.7665467,-3.0817873,123
dcaf24090d2563d809f7,data/plantvillage/raw/color/Apple___Apple_scab/13f31401-f65a-4025-823a-4f2738e8bff9___FREC_Scab 3062.JPG,scab,1,g0047,s_reliability,reliability_train,original,,,,,,42,1,1,scab,0,-7.5447216,4.3538246,-2.4677832,123
cc247e36070c54820d4d,data/plantvillage/raw/color/Apple___Apple_scab/13f31401-f65a-4025-823a-4f2738e8bff9___FREC_Scab 3062.JPG,scab,1,g0047,s_reliability,reliability_train,brightness,7358291823705865844,1.084200882518326,,,,42,1,1,scab,0,-7.5244427,4.301158,-2.4241805,123
f842e0c3b26983b3bffb,data/plantvillage/raw/color/Apple___Apple_scab/13f31401-f65a-4025-823a-4f2738e8bff9___FREC_Scab 3062.JPG,scab,1,g0047,s_reliability,reliability_train,contrast,1591787230686262185,,1.1833285560172486,,,42,1,1,scab,0,-7.693015,4.4472504,-2.5215943,123
59a8ef6621f2d88093ce,data/plantvillage/raw/color/Apple___Apple_scab/13f31401-f65a-4025-823a-4f2738e8bff9___FREC_Scab 3062.JPG,scab,1,g0047,s_reliability,reliability_train,gaussian_blur,1723296798680775001,,,1.1661711539161113,,42,1,1,scab,0,-7.9133186,3.2572813,-0.07302277,123
b292dd311910c34a69fe,data/plantvillage/raw/color/Apple___Apple_scab/13f31401-f65a-4025-823a-4f2738e8bff9___FREC_Scab 3062.JPG,scab,1,g0047,s_reliability,reliability_train,gaussian_noise,1654667627967588305,,,,0.035116231302800664,42,1,1,scab,0,-7.669338,4.6492386,-2.7021568,123
bdc56fe80baf94dca7df,data/plantvillage/raw/color/Apple___Apple_scab/14c623e5-051c-42f6-9e4f-f7a93e6a723c___FREC_Scab 2965.JPG,scab,1,g0048,s_reliability,reliability_train,original,,,,,,42,1,1,scab,0,-1.0650885,1.5481116,-2.792873,123
5053fd255dfb5facd150,data/plantvillage/raw/color/Apple___Apple_scab/14c623e5-051c-42f6-9e4f-f7a93e6a723c___FREC_Scab 2965.JPG,scab,1,g0048,s_reliability,reliability_train,brightness,4630239206170767505,1.0456795991578818,,,,42,1,1,scab,0,-0.9729737,1.591336,-2.8692024,123
7e887a5090813efafe5f,data/plantvillage/raw/color/Apple___Apple_scab/14c623e5-051c-42f6-9e4f-f7a93e6a723c___FREC_Scab 2965.JPG,scab,1,g0048,s_reliability,reliability_train,contrast,558485502299158454,,0.8748534900168363,,,42,1,1,scab,0,-0.7948297,1.2474608,-2.8379347,123
37d1d8725ba0ed16856b,data/plantvillage/raw/color/Apple___Apple_scab/14c623e5-051c-42f6-9e4f-f7a93e6a723c___FREC_Scab 2965.JPG,scab,1,g0048,s_reliability,reliability_train,gaussian_blur,4120232308516210713,,,1.4408259752642092,,42,1,1,scab,0,-2.5766668,0.829564,-0.9862879,123
463bced239a1243f8753,data/plantvillage/raw/color/Apple___Apple_scab/14c623e5-051c-42f6-9e4f-f7a93e6a723c___FREC_Scab 2965.JPG,scab,1,g0048,s_reliability,reliability_train,gaussian_noise,97628746860751840,,,,0.02632746345961373,42,1,1,scab,0,-1.7707961,2.0461924,-2.8016276,123
a8477905ecc5b7997a54,data/plantvillage/raw/color/Apple___Apple_scab/1c10ab31-02b9-4008-b66f-9b44d8a9d323___FREC_Scab 3084.JPG,scab,1,g0066,s_reliability,reliability_train,original,,,,,,42,1,1,scab,0,-5.5436425,4.817818,-3.5203307,123
8c9ccd5d3f37c27af8d9,data/plantvillage/raw/color/Apple___Apple_scab/1c10ab31-02b9-4008-b66f-9b44d8a9d323___FREC_Scab 3084.JPG,scab,1,g0066,s_reliability,reliability_train,brightness,5362457650330536426,1.1590748504923176,,,,42,1,1,scab,0,-5.6018934,4.7167873,-3.2794497,123
0c16c89652ef6d3dc210,data/plantvillage/raw/color/Apple___Apple_scab/1c10ab31-02b9-4008-b66f-9b44d8a9d323___FREC_Scab 3084.JPG,scab,1,g0066,s_reliability,reliability_train,contrast,5830518780481244835,,1.299131641022409,,,42,1,1,scab,0,-5.203427,4.656005,-3.5137742,123
e00f89a56180cce4314b,data/plantvillage/raw/color/Apple___Apple_scab/1c10ab31-02b9-4008-b66f-9b44d8a9d323___FREC_Scab 3084.JPG,scab,1,g0066,s_reliability,reliability_train,gaussian_blur,4211037320917365824,,,1.2283123573004415,,42,1,1,scab,0,-7.982057,3.6204464,-0.13142216,123
ed4e390695e19ea98447,data/plantvillage/raw/color/Apple___Apple_scab/1c10ab31-02b9-4008-b66f-9b44d8a9d323___FREC_Scab 3084.JPG,scab,1,g0066,s_reliability,reliability_train,gaussian_noise,28536753764983469,,,,0.013178008521353916,42,1,1,scab,0,-5.4505315,4.8115854,-3.5756528,123
50ce16c81915daaaf031,data/plantvillage/raw/color/Apple___Apple_scab/22c12d6a-3c17-45be-b53b-f17f1b3f5168___FREC_Scab 3206.JPG,scab,1,g0078,s_reliability,reliability_train,original,,,,,,42,1,1,scab,0,-4.085065,2.1952047,-1.855033,123
19d9eb22c9ff1d48c3b7,data/plantvillage/raw/color/Apple___Apple_scab/22c12d6a-3c17-45be-b53b-f17f1b3f5168___FREC_Scab 3206.JPG,scab,1,g0078,s_reliability,reliability_train,brightness,1532948304423066913,0.9266184255347644,,,,42,1,1,scab,0,-3.851235,2.128505,-1.9397941,123
907ff8edeb717a742927,data/plantvillage/raw/color/Apple___Apple_scab/22c12d6a-3c17-45be-b53b-f17f1b3f5168___FREC_Scab 3206.JPG,scab,1,g0078,s_reliability,reliability_train,contrast,8807283158502326612,,0.7775325341695403,,,42,1,1,scab,0,-3.5434284,2.0366912,-2.060706,123
edef5bfeca7c8475b94d,data/plantvillage/raw/color/Apple___Apple_scab/22c12d6a-3c17-45be-b53b-f17f1b3f5168___FREC_Scab 3206.JPG,scab,1,g0078,s_reliability,reliability_train,gaussian_blur,2967634764438202649,,,1.1429961335381194,,42,1,1,scab,0,-6.190218,2.6844134,-0.87803376,123
d99af2788bb372e0c3e7,data/plantvillage/raw/color/Apple___Apple_scab/22c12d6a-3c17-45be-b53b-f17f1b3f5168___FREC_Scab 3206.JPG,scab,1,g0078,s_reliability,reliability_train,gaussian_noise,5342899670048696378,,,,0.03783757950481225,42,1,1,scab,0,-4.0648584,3.1319377,-2.9774492,123
ff1ffe39400ab6c320bf,data/plantvillage/raw/color/Apple___Apple_scab/2a59761b-c91c-451c-8e13-d9dc3aff8d29___FREC_Scab 3503.JPG,scab,1,g0095,s_reliability,reliability_train,original,,,,,,42,1,1,scab,0,-3.474045,1.9893165,-2.8808856,123
67988355bc8f36a0a14c,data/plantvillage/raw/color/Apple___Apple_scab/2a59761b-c91c-451c-8e13-d9dc3aff8d29___FREC_Scab 3503.JPG,scab,1,g0095,s_reliability,reliability_train,brightness,334249880778525987,1.1650466732545126,,,,42,1,1,scab,0,-3.8101785,2.187504,-2.8879755,123
af1150b723761740f3b9,data/plantvillage/raw/color/Apple___Apple_scab/2a59761b-c91c-451c-8e13-d9dc3aff8d29___FREC_Scab 3503.JPG,scab,1,g0095,s_reliability,reliability_train,contrast,3764091203282728150,,0.9140957096024234,,,42,1,1,scab,0,-2.9775808,1.8205616,-3.0189412,123
c719cdd58ba4207506f4,data/plantvillage/raw/color/Apple___Apple_scab/2a59761b-c91c-451c-8e13-d9dc3aff8d29___FREC_Scab 3503.JPG,scab,1,g0095,s_reliability,reliability_train,gaussian_blur,4857585104024347912,,,1.1785910772923014,,42,1,1,scab,0,-3.9663868,2.0832882,-2.2805638,123
e769ff91a4100daf233f,data/plantvillage/raw/color/Apple___Apple_scab/2a59761b-c91c-451c-8e13-d9dc3aff8d29___FREC_Scab 3503.JPG,scab,1,g0095,s_reliability,reliability_train,gaussian_noise,1015248292984051624,,,,0.037704442615503035,42,1,1,scab,0,-3.38928,2.169148,-3.097058,123
cc37b6432318c9fe1e73,data/plantvillage/raw/color/Apple___Apple_scab/2c89ceaf-748c-4371-80d0-d01855f04a92___FREC_Scab 2962.JPG,scab,1,g0104,s_reliability,reliability_train,original,,,,,,42,1,1,scab,0,0.56489325,0.8866387,-4.6128464,123
31565c2faab98cddec96,data/plantvillage/raw/color/Apple___Apple_scab/2c89ceaf-748c-4371-80d0-d01855f04a92___FREC_Scab 2962.JPG,scab,1,g0104,s_reliability,reliability_train,brightness,2380743215482402535,1.2842809045978678,,,,42,1,0,healthy,1,0.9709206,0.74932617,-4.6416426,123
867ea1eb75301ca1138c,data/plantvillage/raw/color/Apple___Apple_scab/2c89ceaf-748c-4371-80d0-d01855f04a92___FREC_Scab 2962.JPG,scab,1,g0104,s_reliability,reliability_train,contrast,5746543959768202582,,0.7538942004370455,,,42,1,0,healthy,1,0.72768694,0.6901232,-4.5269704,123
8d10f04bcd6081c340e1,data/plantvillage/raw/color/Apple___Apple_scab/2c89ceaf-748c-4371-80d0-d01855f04a92___FREC_Scab 2962.JPG,scab,1,g0104,s_reliability,reliability_train,gaussian_blur,4325223113134821138,,,0.8923431290727797,,42,1,1,scab,0,-1.2993362,0.92783237,-2.7031333,123
e8b1f40fb08638f21813,data/plantvillage/raw/color/Apple___Apple_scab/2c89ceaf-748c-4371-80d0-d01855f04a92___FREC_Scab 2962.JPG,scab,1,g0104,s_reliability,reliability_train,gaussian_noise,3458518636454498617,,,,0.03342573911381611,42,1,1,scab,0,0.4401418,1.262119,-4.7933426,123
6caa009e36dc2a6c45db,data/plantvillage/raw/color/Apple___Apple_scab/2d5265d2-be99-4e9f-a085-d309cc01b751___FREC_Scab 3023.JPG,scab,1,g0107,s_reliability,reliability_train,original,,,,,,42,1,1,scab,0,-6.9667845,2.5346904,-1.0143918,123
fd0e60044843e571e3d7,data/plantvillage/raw/color/Apple___Apple_scab/2d5265d2-be99-4e9f-a085-d309cc01b751___FREC_Scab 3023.JPG,scab,1,g0107,s_reliability,reliability_train,brightness,1292272933011370827,1.0392779112425976,,,,42,1,1,scab,0,-6.9413443,2.481841,-0.97204375,123
c510cd79c825de618501,data/plantvillage/raw/color/Apple___Apple_scab/2d5265d2-be99-4e9f-a085-d309cc01b751___FREC_Scab 3023.JPG,scab,1,g0107,s_reliability,reliability_train,contrast,2080540844017620776,,0.9505350387255889,,,42,1,1,scab,0,-6.8823824,2.5048916,-1.0764673,123
d45d718a24ccd6dc9b75,data/plantvillage/raw/color/Apple___Apple_scab/2d5265d2-be99-4e9f-a085-d309cc01b751___FREC_Scab 3023.JPG,scab,1,g0107,s_reliability,reliability_train,gaussian_blur,1887573512787708833,,,1.4884629163179852,,42,1,1,scab,0,-8.3003845,2.4115965,0.9926646,123
4327557b4ae544f989c7,data/plantvillage/raw/color/Apple___Apple_scab/2d5265d2-be99-4e9f-a085-d309cc01b751___FREC_Scab 3023.JPG,scab,1,g0107,s_reliability,reliability_train,gaussian_noise,6649852218771166952,,,,0.04818771161719534,42,1,1,scab,0,-6.2797685,2.8799942,-1.8595107,123
5a9eb6cacc6c527dbbaf,data/plantvillage/raw/color/Apple___Apple_scab/32550bbb-cdf1-4805-8167-27dc5a8e87d2___FREC_Scab 3195.JPG,scab,1,g0116,s_reliability,reliability_train,original,,,,,,42,1,1,scab,0,-7.2181163,3.9190512,-2.2036285,123
e89be2711d10dbc1ffbe,data/plantvillage/raw/color/Apple___Apple_scab/32550bbb-cdf1-4805-8167-27dc5a8e87d2___FREC_Scab 3195.JPG,scab,1,g0116,s_reliability,reliability_train,brightness,834484230669674804,0.9888120098545399,,,,42,1,1,scab,0,-7.080359,3.87137,-2.2643359,123
4283158453e4faf606e1,data/plantvillage/raw/color/Apple___Apple_scab/32550bbb-cdf1-4805-8167-27dc5a8e87d2___FREC_Scab 3195.JPG,scab,1,g0116,s_reliability,reliability_train,contrast,6989015332546850308,,1.1944661829437098,,,42,1,1,scab,0,-7.356563,3.7183783,-1.8115635,123
f7c870096dcf2b7c3968,data/plantvillage/raw/color/Apple___Apple_scab/32550bbb-cdf1-4805-8167-27dc5a8e87d2___FREC_Scab 3195.JPG,scab,1,g0116,s_reliability,reliability_train,gaussian_blur,1391596825486268387,,,1.0233515886035562,,42,1,1,scab,0,-8.11076,3.4714737,-0.45166,123
d32115182513ae07e2b0,data/plantvillage/raw/color/Apple___Apple_scab/32550bbb-cdf1-4805-8167-27dc5a8e87d2___FREC_Scab 3195.JPG,scab,1,g0116,s_reliability,reliability_train,gaussian_noise,2419407410775920704,,,,0.03661826821401487,42,1,1,scab,0,-8.549963,5.057299,-2.6196773,123
1437c629c37dce810afc,data/plantvillage/raw/color/Apple___Apple_scab/35fde58e-46ea-4d1b-9580-ead7a2d0cb3b___FREC_Scab 2952.JPG,scab,1,g0124,s_reliability,reliability_val,original,,,,,,42,1,1,scab,0,-5.1741433,3.275546,-2.8662705,123
8eefd0045ee3b442631d,data/plantvillage/raw/color/Apple___Apple_scab/35fde58e-46ea-4d1b-9580-ead7a2d0cb3b___FREC_Scab 2952.JPG,scab,1,g0124,s_reliability,reliability_val,brightness,7891311271981007174,0.8977757691779741,,,,42,1,1,scab,0,-5.1083922,3.370055,-2.995463,123
1a0c1c5ac1cecb7b315d,data/plantvillage/raw/color/Apple___Apple_scab/35fde58e-46ea-4d1b-9580-ead7a2d0cb3b___FREC_Scab 2952.JPG,scab,1,g0124,s_reliability,reliability_val,contrast,2038160191488990176,,0.962403136653728,,,42,1,1,scab,0,-5.163725,3.3040674,-2.898104,123
6f9a8ea0eb2e7fb87645,data/plantvillage/raw/color/Apple___Apple_scab/35fde58e-46ea-4d1b-9580-ead7a2d0cb3b___FREC_Scab 2952.JPG,scab,1,g0124,s_reliability,reliability_val,gaussian_blur,3740807739607262657,,,1.299982330795682,,42,1,1,scab,0,-8.48161,4.0319867,-0.6532699,123
0d37b88dc038a60370d2,data/plantvillage/raw/color/Apple___Apple_scab/35fde58e-46ea-4d1b-9580-ead7a2d0cb3b___FREC_Scab 2952.JPG,scab,1,g0124,s_reliability,reliability_val,gaussian_noise,260352746599100520,,,,0.025767104879528553,42,1,1,scab,0,-5.13549,3.302099,-2.8862956,123
84f81d7b6a39612a3d71,data/plantvillage/raw/color/Apple___Apple_scab/38e76f0a-63cb-460a-b0fa-f20e561dc2c0___FREC_Scab 3481.JPG,scab,1,g0130,s_reliability,reliability_train,original,,,,,,42,1,1,scab,0,-3.1841908,3.2391787,-2.8757503,123
a1dcb0ec1c58ffdb65ad,data/plantvillage/raw/color/Apple___Apple_scab/38e76f0a-63cb-460a-b0fa-f20e561dc2c0___FREC_Scab 3481.JPG,scab,1,g0130,s_reliability,reliability_train,brightness,7512758001603947922,1.2801800551117726,,,,42,1,1,scab,0,-3.859207,3.465491,-2.6329267,123
61344534660b2cd7b68f,data/plantvillage/raw/color/Apple___Apple_scab/38e76f0a-63cb-460a-b0fa-f20e561dc2c0___FREC_Scab 3481.JPG,scab,1,g0130,s_reliability,reliability_train,contrast,763661346657682044,,0.722231863223545,,,42,1,1,scab,0,-4.8421397,4.0859857,-2.9003618,123
f0d2ef4e19b60669c081,data/plantvillage/raw/color/Apple___Apple_scab/38e76f0a-63cb-460a-b0fa-f20e561dc2c0___FREC_Scab 3481.JPG,scab,1,g0130,s_reliability,reliability_train,gaussian_blur,4459098398558184123,,,0.5784896178546483,,42,1,1,scab,0,-3.2190773,3.1391366,-2.8131633,123
10fe8d3d14bcd7ee1d32,data/plantvillage/raw/color/Apple___Apple_scab/38e76f0a-63cb-460a-b0fa-f20e561dc2c0___FREC_Scab 3481.JPG,scab,1,g0130,s_reliability,reliability_train,gaussian_noise,2958419017905131303,,,,0.026433856015311,42,1,1,scab,0,-3.6435,3.839757,-3.3229823,123
ff3594824f991434c7fb,data/plantvillage/raw/color/Apple___Apple_scab/3eb26abb-a392-4cc4-9be2-d5e4bb8f3660___FREC_Scab 2969.JPG,scab,1,g0136,s_reliability,reliability_train,original,,,,,,42,1,1,scab,0,-3.6606143,1.7841737,-2.8629696,123
979fc325d61333f90aca,data/plantvillage/raw/color/Apple___Apple_scab/3eb26abb-a392-4cc4-9be2-d5e4bb8f3660___FREC_Scab 2969.JPG,scab,1,g0136,s_reliability,reliability_train,brightness,8274773322054157933,1.0496119177272254,,,,42,1,1,scab,0,-3.614696,1.6898963,-2.8020992,123
dbc2675c6d26468242ac,data/plantvillage/raw/color/Apple___Apple_scab/3eb26abb-a392-4cc4-9be2-d5e4bb8f3660___FREC_Scab 2969.JPG,scab,1,g0136,s_reliability,reliability_train,contrast,475687732965154264,,1.0171611273741048,,,42,1,1,scab,0,-3.6732285,1.788626,-2.8538675,123
a2346bdcc808013143bd,data/plantvillage/raw/color/Apple___Apple_scab/3eb26abb-a392-4cc4-9be2-d5e4bb8f3660___FREC_Scab 2969.JPG,scab,1,g0136,s_reliability,reliability_train,gaussian_blur,7873626123940474812,,,0.9402903895749222,,42,1,1,scab,0,-5.0399737,2.0992138,-1.7317146,123
4c8dfcfb31876e1a8af0,data/plantvillage/raw/color/Apple___Apple_scab/3eb26abb-a392-4cc4-9be2-d5e4bb8f3660___FREC_Scab 2969.JPG,scab,1,g0136,s_reliability,reliability_train,gaussian_noise,770903754631161342,,,,0.02296303816701244,42,1,1,scab,0,-3.5903435,1.8116009,-3.0041902,123
3fc9319f9494c545e43b,data/plantvillage/raw/color/Apple___Apple_scab/40a5e87c-ee32-4d67-9b28-926e94638a1d___FREC_Scab 3251.JPG,scab,1,g0139,s_reliability,reliability_train,original,,,,,,42,1,1,scab,0,-4.2399874,5.334644,-5.5256495,123
391f4914ca5f720802b3,data/plantvillage/raw/color/Apple___Apple_scab/40a5e87c-ee32-4d67-9b28-926e94638a1d___FREC_Scab 3251.JPG,scab,1,g0139,s_reliability,reliability_train,brightness,2313804737758193891,0.904032863479238,,,,42,1,1,scab,0,-4.0119386,5.324388,-5.640486,123
6f183d4b024d3ad184cd,data/plantvillage/raw/color/Apple___Apple_scab/40a5e87c-ee32-4d67-9b28-926e94638a1d___FREC_Scab 3251.JPG,scab,1,g0139,s_reliability,reliability_train,contrast,6528026773636805772,,0.9707928622298405,,,42,1,1,scab,0,-4.182133,5.351809,-5.573575,123
4010d573f3476eb35628,data/plantvillage/raw/color/Apple___Apple_scab/40a5e87c-ee32-4d67-9b28-926e94638a1d___FREC_Scab 3251.JPG,scab,1,g0139,s_reliability,reliability_train,gaussian_blur,6434693982202084120,,,0.824486826590018,,42,1,1,scab,0,-4.7030516,4.5818515,-3.8583777,123
3b32a9edca58fe16e57d,data/plantvillage/raw/color/Apple___Apple_scab/40a5e87c-ee32-4d67-9b28-926e94638a1d___FREC_Scab 3251.JPG,scab,1,g0139,s_reliability,reliability_train,gaussian_noise,4788557864535603375,,,,0.011461613401433013,42,1,1,scab,0,-4.248216,5.390451,-5.579004,123
51293376f25d3ba03b8e,data/plantvillage/raw/color/Apple___Apple_scab/43712608-0fa2-4be2-91a0-242aca469cb4___FREC_Scab 2985.JPG,scab,1,g0147,s_reliability,reliability_train,original,,,,,,42,1,1,scab,0,-6.397915,3.7198875,-1.8290776,123
b40ca0463809aabdf5d3,data/plantvillage/raw/color/Apple___Apple_scab/43712608-0fa2-4be2-91a0-242aca469cb4___FREC_Scab 2985.JPG,scab,1,g0147,s_reliability,reliability_train,brightness,5625260010864859443,0.9879465759912205,,,,42,1,1,scab,0,-6.3840675,3.735747,-1.8629557,123
f6696350b1bc1bbe36d0,data/plantvillage/raw/color/Apple___Apple_scab/43712608-0fa2-4be2-91a0-242aca469cb4___FREC_Scab 2985.JPG,scab,1,g0147,s_reliability,reliability_train,contrast,222514903498793283,,0.961289768182689,,,42,1,1,scab,0,-6.427977,3.7602186,-1.873214,123
5f459a12bcbf627ea270,data/plantvillage/raw/color/Apple___Apple_scab/43712608-0fa2-4be2-91a0-242aca469cb4___FREC_Scab 2985.JPG,scab,1,g0147,s_reliability,reliability_train,gaussian_blur,7266482723580271566,,,0.5111016984097757,,42,1,1,scab,0,-8.071878,4.0506744,-1.0108109,123
0c9a08800086f2dc4758,data/plantvillage/raw/color/Apple___Apple_scab/43712608-0fa2-4be2-91a0-242aca469cb4___FREC_Scab 2985.JPG,scab,1,g0147,s_reliability,reliability_train,gaussian_noise,1571319341414325066,,,,0.024629639630271004,42,1,1,scab,0,-6.174078,3.7510908,-2.016762,123
adc2b97afabfa05e913a,data/plantvillage/raw/color/Apple___Apple_scab/45512c84-e453-459c-b12f-1d08ce44001b___FREC_Scab 3072.JPG,scab,1,g0159,s_reliability,reliability_train,original,,,,,,42,1,0,healthy,1,2.913646,0.23637511,-5.186629,123
d4e9f995e28bdcdcc413,data/plantvillage/raw/color/Apple___Apple_scab/45512c84-e453-459c-b12f-1d08ce44001b___FREC_Scab 3072.JPG,scab,1,g0159,s_reliability,reliability_train,brightness,5653991356129424365,0.7319671295436548,,,,42,1,0,healthy,1,2.7759652,0.31260493,-5.1590104,123
8c892005797adf669c33,data/plantvillage/raw/color/Apple___Apple_scab/45512c84-e453-459c-b12f-1d08ce44001b___FREC_Scab 3072.JPG,scab,1,g0159,s_reliability,reliability_train,contrast,1087245000167908400,,0.9986030841023361,,,42,1,0,healthy,1,2.8799994,0.24929164,-5.18041,123
05be2960c749dced457e,data/plantvillage/raw/color/Apple___Apple_scab/45512c84-e453-459c-b12f-1d08ce44001b___FREC_Scab 3072.JPG,scab,1,g0159,s_reliability,reliability_train,gaussian_blur,6476666595109492564,,,0.6421706992783448,,42,1,0,healthy,1,1.2443364,-0.24762101,-3.3230388,123
e3eb17d35a4fbf98d240,data/plantvillage/raw/color/Apple___Apple_scab/45512c84-e453-459c-b12f-1d08ce44001b___FREC_Scab 3072.JPG,scab,1,g0159,s_reliability,reliability_train,gaussian_noise,6180699814669754536,,,,0.047463218943106456,42,1,0,healthy,1,3.0524604,0.18947634,-5.2111177,123
9c3d48d1b7a3addcd4c1,data/plantvillage/raw/color/Apple___Apple_scab/48dcb319-8b65-4bac-bba4-aa8ffa8abdd0___FREC_Scab 3519.JPG,scab,1,g0171,s_reliability,reliability_train,original,,,,,,42,1,1,scab,0,-0.5135734,2.857407,-5.8863325,123
a6a7bca35844a7b96077,data/plantvillage/raw/color/Apple___Apple_scab/48dcb319-8b65-4bac-bba4-aa8ffa8abdd0___FREC_Scab 3519.JPG,scab,1,g0171,s_reliability,reliability_train,brightness,315850699881969443,1.1323126322803667,,,,42,1,1,scab,0,-0.49551886,2.8755713,-5.815706,123
0fc6926d7147ae63e2e9,data/plantvillage/raw/color/Apple___Apple_scab/48dcb319-8b65-4bac-bba4-aa8ffa8abdd0___FREC_Scab 3519.JPG,scab,1,g0171,s_reliability,reliability_train,contrast,6407292228298737614,,1.057826123312905,,,42,1,1,scab,0,-0.45101833,2.925978,-5.9912243,123
c7f02191c581ffd8f1c2,data/plantvillage/raw/color/Apple___Apple_scab/48dcb319-8b65-4bac-bba4-aa8ffa8abdd0___FREC_Scab 3519.JPG,scab,1,g0171,s_reliability,reliability_train,gaussian_blur,5852067725750458866,,,1.0041692231918855,,42,1,1,scab,0,-2.0125825,3.032348,-4.492923,123
ad667f6d5fd430fc75ae,data/plantvillage/raw/color/Apple___Apple_scab/48dcb319-8b65-4bac-bba4-aa8ffa8abdd0___FREC_Scab 3519.JPG,scab,1,g0171,s_reliability,reliability_train,gaussian_noise,2660582020477628795,,,,0.04211451740373435,42,1,1,scab,0,-0.5308327,2.9517415,-5.913296,123
e6d2496b9bc7bbe7c934,data/plantvillage/raw/color/Apple___Apple_scab/4940cd87-695e-4f4d-8a45-5490812447cc___FREC_Scab 3044.JPG,scab,1,g0173,s_reliability,reliability_train,original,,,,,,42,1,1,scab,0,-1.9448495,4.138506,-5.3070717,123
02d44894cdb2a45ae2eb,data/plantvillage/raw/color/Apple___Apple_scab/4940cd87-695e-4f4d-8a45-5490812447cc___FREC_Scab 3044.JPG,scab,1,g0173,s_reliability,reliability_train,brightness,5061384866469226955,1.004696217332115,,,,42,1,1,scab,0,-1.9436139,4.1373577,-5.3061023,123
4e60e9a6391b65024cfa,data/plantvillage/raw/color/Apple___Apple_scab/4940cd87-695e-4f4d-8a45-5490812447cc___FREC_Scab 3044.JPG,scab,1,g0173,s_reliability,reliability_train,contrast,191515383504249845,,1.0269216727903994,,,42,1,1,scab,0,-1.899356,4.1280966,-5.3157086,123
a1ff140551fd09592eef,data/plantvillage/raw/color/Apple___Apple_scab/4940cd87-695e-4f4d-8a45-5490812447cc___FREC_Scab 3044.JPG,scab,1,g0173,s_reliability,reliability_train,gaussian_blur,95070497036913562,,,1.0312774043501682,,42,1,1,scab,0,-2.878155,3.319576,-3.057763,123
c356ae804f5466c2f19f,data/plantvillage/raw/color/Apple___Apple_scab/4940cd87-695e-4f4d-8a45-5490812447cc___FREC_Scab 3044.JPG,scab,1,g0173,s_reliability,reliability_train,gaussian_noise,8350126307817510253,,,,0.022990729295607172,42,1,1,scab,0,-2.028304,4.3777547,-5.5315948,123
3e70ef9aab9bbc64708f,data/plantvillage/raw/color/Apple___Apple_scab/4bb38e05-1d5a-40c6-8638-10db134db682___FREC_Scab 3390.JPG,scab,1,g0181,s_reliability,reliability_train,original,,,,,,42,1,1,scab,0,-7.058302,5.481903,-3.9285226,123
28d1a81f42723c38bf57,data/plantvillage/raw/color/Apple___Apple_scab/4bb38e05-1d5a-40c6-8638-10db134db682___FREC_Scab 3390.JPG,scab,1,g0181,s_reliability,reliability_train,brightness,3980641125599092220,1.248327570381468,,,,42,1,1,scab,0,-7.0176487,5.4887037,-3.9449458,123
57cc8add2cd45f138eb0,data/plantvillage/raw/color/Apple___Apple_scab/4bb38e05-1d5a-40c6-8638-10db134db682___FREC_Scab 3390.JPG,scab,1,g0181,s_reliability,reliability_train,contrast,8921008466687068200,,1.217904985814624,,,42,1,1,scab,0,-6.8993,5.534865,-4.1310296,123
3d3907588b0a300ab8c2,data/plantvillage/raw/color/Apple___Apple_scab/4bb38e05-1d5a-40c6-8638-10db134db682___FREC_Scab 3390.JPG,scab,1,g0181,s_reliability,reliability_train,gaussian_blur,1128589362374625567,,,0.5308441864328186,,42,1,1,scab,0,-8.076505,5.354262,-2.7625349,123
91f4d35ea9ba067b4fd4,data/plantvillage/raw/color/Apple___Apple_scab/4bb38e05-1d5a-40c6-8638-10db134db682___FREC_Scab 3390.JPG,scab,1,g0181,s_reliability,reliability_train,gaussian_noise,3104456263551083076,,,,0.023196428813188553,42,1,1,scab,0,-6.9892716,5.4628687,-3.9554493,123
812a1390d2ca3db68b26,data/plantvillage/raw/color/Apple___Apple_scab/4d3bcf15-cc49-4189-82e1-780efdf625a8___FREC_Scab 3254.JPG,scab,1,g0184,s_reliability,reliability_train,original,,,,,,42,1,1,scab,0,-2.8553736,3.084826,-2.6782687,123
bedcb93328aeab23f185,data/plantvillage/raw/color/Apple___Apple_scab/4d3bcf15-cc49-4189-82e1-780efdf625a8___FREC_Scab 3254.JPG,scab,1,g0184,s_reliability,reliability_train,brightness,303663910959782898,1.0890401170830422,,,,42,1,1,scab,0,-2.9413152,3.1543186,-2.7067902,123
893890a5612573e408de,data/plantvillage/raw/color/Apple___Apple_scab/4d3bcf15-cc49-4189-82e1-780efdf625a8___FREC_Scab 3254.JPG,scab,1,g0184,s_reliability,reliability_train,contrast,2152542750197229924,,0.8914518575507488,,,42,1,1,scab,0,-2.738081,3.0559916,-2.6973069,123
1d520b7c7c25812879e2,data/plantvillage/raw/color/Apple___Apple_scab/4d3bcf15-cc49-4189-82e1-780efdf625a8___FREC_Scab 3254.JPG,scab,1,g0184,s_reliability,reliability_train,gaussian_blur,1386717997348285917,,,0.9669488287255866,,42,1,1,scab,0,-3.4251323,2.7416935,-1.7534679,123
8474f43a1b7d0d11b2bb,data/plantvillage/raw/color/Apple___Apple_scab/4d3bcf15-cc49-4189-82e1-780efdf625a8___FREC_Scab 3254.JPG,scab,1,g0184,s_reliability,reliability_train,gaussian_noise,2673587236834822058,,,,0.026060647143491225,42,1,1,scab,0,-3.0201535,3.545347,-2.9985461,123
618e28811a6b0681421a,data/plantvillage/raw/color/Apple___Apple_scab/51929389-451f-4c78-a66b-b644e82a33b6___FREC_Scab 3528.JPG,scab,1,g0191,s_reliability,reliability_train,original,,,,,,42,1,1,scab,0,-3.1618958,2.2811894,-3.1719263,123
e99d77ece3749273700f,data/plantvillage/raw/color/Apple___Apple_scab/51929389-451f-4c78-a66b-b644e82a33b6___FREC_Scab 3528.JPG,scab,1,g0191,s_reliability,reliability_train,brightness,4398362704767388234,0.9192182712514546,,,,42,1,1,scab,0,-3.5817766,2.4549658,-3.1295683,123
2fdc93a0ca0d4406aa76,data/plantvillage/raw/color/Apple___Apple_scab/51929389-451f-4c78-a66b-b644e82a33b6___FREC_Scab 3528.JPG,scab,1,g0191,s_reliability,reliability_train,contrast,2203112900071374911,,1.2023645906084068,,,42,1,1,scab,0,-3.369714,2.4094815,-3.0942907,123
88366cd9d8f76d3ec84a,data/plantvillage/raw/color/Apple___Apple_scab/51929389-451f-4c78-a66b-b644e82a33b6___FREC_Scab 3528.JPG,scab,1,g0191,s_reliability,reliability_train,gaussian_blur,4158329901920184381,,,1.1761352645449188,,42,1,1,scab,0,-4.9960656,1.8190283,-0.941093,123
433b386aaf65d2046a8c,data/plantvillage/raw/color/Apple___Apple_scab/51929389-451f-4c78-a66b-b644e82a33b6___FREC_Scab 3528.JPG,scab,1,g0191,s_reliability,reliability_train,gaussian_noise,6800525090690705494,,,,0.023146649281191263,42,1,1,scab,0,-3.135915,2.3393009,-3.2049952,123
1c531383f5a76e9b2f4e,data/plantvillage/raw/color/Apple___Apple_scab/52d5723a-b498-4759-89a1-a7d815689716___FREC_Scab 3034.JPG,scab,1,g0192,s_reliability,reliability_train,original,,,,,,42,1,1,scab,0,-4.1122336,4.0890055,-3.5694473,123
fc9a6ff46105a52092d1,data/plantvillage/raw/color/Apple___Apple_scab/52d5723a-b498-4759-89a1-a7d815689716___FREC_Scab 3034.JPG,scab,1,g0192,s_reliability,reliability_train,brightness,622528440195816952,0.7340631525116548,,,,42,1,1,scab,0,-4.4784164,4.3129473,-3.3755097,123
9c90fc0c047a190c4244,data/plantvillage/raw/color/Apple___Apple_scab/52d5723a-b498-4759-89a1-a7d815689716___FREC_Scab 3034.JPG,scab,1,g0192,s_reliability,reliability_train,contrast,1880509566909888583,,0.9533051335182625,,,42,1,1,scab,0,-4.1444645,4.040154,-3.5035388,123
fede71cfd86be7ff9ed7,data/plantvillage/raw/color/Apple___Apple_scab/52d5723a-b498-4759-89a1-a7d815689716___FREC_Scab 3034.JPG,scab,1,g0192,s_reliability,reliability_train,gaussian_blur,254008914887685602,,,1.3647796569965398,,42,1,1,scab,0,-4.6460633,2.8087244,-0.96431804,123
1b5271da5af6d8dcfbb7,data/plantvillage/raw/color/Apple___Apple_scab/52d5723a-b498-4759-89a1-a7d815689716___FREC_Scab 3034.JPG,scab,1,g0192,s_reliability,reliability_train,gaussian_noise,1698295839343420343,,,,0.016199261301363503,42,1,1,scab,0,-4.0802174,4.073669,-3.6065152,123
b1412b21a5855170cff5,data/plantvillage/raw/color/Apple___Apple_scab/537873ed-fc63-4df3-bb6a-a5bf4c742619___FREC_Scab 3505.JPG,scab,1,g0196,s_reliability,reliability_train,original,,,,,,42,1,1,scab,0,-5.7382846,3.582346,-2.864756,123
54235eea4414241186f8,data/plantvillage/raw/color/Apple___Apple_scab/537873ed-fc63-4df3-bb6a-a5bf4c742619___FREC_Scab 3505.JPG,scab,1,g0196,s_reliability,reliability_train,brightness,4827566808374972934,1.1689312316662586,,,,42,1,1,scab,0,-6.0999074,3.8081384,-2.8790162,123
0f12e7fad1109bc3fb73,data/plantvillage/raw/color/Apple___Apple_scab/537873ed-fc63-4df3-bb6a-a5bf4c742619___FREC_Scab 3505.JPG,scab,1,g0196,s_reliability,reliability_train,contrast,2028427519791067371,,1.2937799370772112,,,42,1,1,scab,0,-6.1665363,3.9725642,-3.0648906,123
f1fdabd3b65517903ac2,data/plantvillage/raw/color/Apple___Apple_scab/537873ed-fc63-4df3-bb6a-a5bf4c742619___FREC_Scab 3505.JPG,scab,1,g0196,s_reliability,reliability_train,gaussian_blur,6772506432898899466,,,0.7251326158807576,,42,1,1,scab,0,-6.179909,3.3505588,-2.1070044,123
897a60aec0fdbbce6016,data/plantvillage/raw/color/Apple___Apple_scab/537873ed-fc63-4df3-bb6a-a5bf4c742619___FREC_Scab 3505.JPG,scab,1,g0196,s_reliability,reliability_train,gaussian_noise,3736080959862683205,,,,0.030929076406615658,42,1,1,scab,0,-5.4216247,3.613787,-3.2262087,123
eb804ea4b5cb9738fddd,data/plantvillage/raw/color/Apple___Apple_scab/5eb564a6-cd74-4c90-95d9-611a6301369d___FREC_Scab 3099.JPG,scab,1,g0215,s_reliability,reliability_val,original,,,,,,42,1,1,scab,0,-1.9649967,4.0410266,-5.5955467,123
bc13b74395243e28c321,data/plantvillage/raw/color/Apple___Apple_scab/5eb564a6-cd74-4c90-95d9-611a6301369d___FREC_Scab 3099.JPG,scab,1,g0215,s_reliability,reliability_val,brightness,3205291794462614756,1.1957336589566414,,,,42,1,1,scab,0,-1.8846723,3.890257,-5.3568254,123
1265878ebe7aaee0b283,data/plantvillage/raw/color/Apple___Apple_scab/5eb564a6-cd74-4c90-95d9-611a6301369d___FREC_Scab 3099.JPG,scab,1,g0215,s_reliability,reliability_val,contrast,4661497152299683125,,0.7736384729048587,,,42,1,1,scab,0,-1.9003859,3.9088461,-5.5303516,123
000c6066723b24e8ea91,data/plantvillage/raw/color/Apple___Apple_scab/5eb564a6-cd74-4c90-95d9-611a6301369d___FREC_Scab 3099.JPG,scab,1,g0215,s_reliability,reliability_val,gaussian_blur,8499203802068637771,,,1.3635992980978995,,42,1,1,scab,0,-6.5979023,4.2555656,-2.1337616,123
8c13fc02aa7df5078b0b,data/plantvillage/raw/color/Apple___Apple_scab/5eb564a6-cd74-4c90-95d9-611a6301369d___FREC_Scab 3099.JPG,scab,1,g0215,s_reliability,reliability_val,gaussian_noise,1898078027518019942,,,,0.026962445566572887,42,1,1,scab,0,-2.0544589,4.145838,-5.633235,123
e5f5ba8509b0f355fca0,data/plantvillage/raw/color/Apple___Apple_scab/60226bd7-db11-4d7e-ba29-a5136f6bebe0___FREC_Scab 3470.JPG,scab,1,g0218,s_reliability,reliability_train,original,,,,,,42,1,1,scab,0,-3.3073828,3.887924,-4.1136665,123
19078d970f884483425a,data/plantvillage/raw/color/Apple___Apple_scab/60226bd7-db11-4d7e-ba29-a5136f6bebe0___FREC_Scab 3470.JPG,scab,1,g0218,s_reliability,reliability_train,brightness,8496782424577321959,0.8454752592765677,,,,42,1,1,scab,0,-3.3097446,3.9781413,-4.1043153,123
9c952028c9dda9b964d2,data/plantvillage/raw/color/Apple___Apple_scab/60226bd7-db11-4d7e-ba29-a5136f6bebe0___FREC_Scab 3470.JPG,scab,1,g0218,s_reliability,reliability_train,contrast,2180145978110394669,,0.9135742189979649,,,42,1,1,scab,0,-3.3434556,3.9046414,-4.0956206,123
0a66a181eb704854ecff,data/plantvillage/raw/color/Apple___Apple_scab/60226bd7-db11-4d7e-ba29-a5136f6bebe0___FREC_Scab 3470.JPG,scab,1,g0218,s_reliability,reliability_train,gaussian_blur,6308648736248522766,,,1.341738126860692,,42,1,1,scab,0,0.096795626,1.5412786,-2.9519353,123
6a937867c9f151b2165d,data/plantvillage/raw/color/Apple___Apple_scab/60226bd7-db11-4d7e-ba29-a5136f6bebe0___FREC_Scab 3470.JPG,scab,1,g0218,s_reliability,reliability_train,gaussian_noise,6573095684920808455,,,,0.010026063362408704,42,1,1,scab,0,-3.156872,3.8808565,-4.2089252,123
80ebab1a0ab2dbc62018,data/plantvillage/raw/color/Apple___Apple_scab/60f3ba82-caf1-4cf7-998c-b0005458fa38___FREC_Scab 3226.JPG,scab,1,g0219,s_reliability,reliability_train,original,,,,,,42,1,1,scab,0,-7.076345,4.7410693,-3.4276407,123
e72ccdf86c230217ecf9,data/plantvillage/raw/color/Apple___Apple_scab/60f3ba82-caf1-4cf7-998c-b0005458fa38___FREC_Scab 3226.JPG,scab,1,g0219,s_reliability,reliability_train,brightness,1617582056988557503,0.7252677030182216,,,,42,1,1,scab,0,-6.655287,5.065939,-4.037204,123
679d562e606cabeb4219,data/plantvillage/raw/color/Apple___Apple_scab/60f3ba82-caf1-4cf7-998c-b0005458fa38___FREC_Scab 3226.JPG,scab,1,g0219,s_reliability,reliability_train,contrast,6231376786905491520,,0.769037960708494,,,42,1,1,scab,0,-6.892224,4.9052386,-3.6770263,123
a6893c3320239a2abef0,data/plantvillage/raw/color/Apple___Apple_scab/60f3ba82-caf1-4cf7-998c-b0005458fa38___FREC_Scab 3226.JPG,scab,1,g0219,s_reliability,reliability_train,gaussian_blur,8256010960060555237,,,1.129314368861564,,42,1,1,scab,0,-9.78639,4.175883,-0.49610084,123
79c32a781e31ade1231f,data/plantvillage/raw/color/Apple___Apple_scab/60f3ba82-caf1-4cf7-998c-b0005458fa38___FREC_Scab 3226.JPG,scab,1,g0219,s_reliability,reliability_train,gaussian_noise,8445538856220460277,,,,0.04542596068268893,42,1,1,scab,0,-6.7075677,4.9543347,-3.910371,123
466aabb457fd0403d605,data/plantvillage/raw/color/Apple___Apple_scab/61373045-a7a5-4213-94fb-7d81638d5561___FREC_Scab 3430.JPG,scab,1,g0221,s_reliability,reliability_train,original,,,,,,42,1,1,scab,0,-1.8907819,1.4476259,-2.744254,123
132ddd364784a95b187b,data/plantvillage/raw/color/Apple___Apple_scab/61373045-a7a5-4213-94fb-7d81638d5561___FREC_Scab 3430.JPG,scab,1,g0221,s_reliability,reliability_train,brightness,7521554373475899626,1.2097945773291288,,,,42,1,1,scab,0,-2.2732518,1.4554813,-2.6790879,123
62458c3f1feb722ac6b5,data/plantvillage/raw/color/Apple___Apple_scab/61373045-a7a5-4213-94fb-7d81638d5561___FREC_Scab 3430.JPG,scab,1,g0221,s_reliability,reliability_train,contrast,1612576418680129856,,0.9400264643474721,,,42,1,1,scab,0,-1.931066,1.4554745,-2.725049,123
b7c6d2681412598b3c6c,data/plantvillage/raw/color/Apple___Apple_scab/61373045-a7a5-4213-94fb-7d81638d5561___FREC_Scab 3430.JPG,scab,1,g0221,s_reliability,reliability_train,gaussian_blur,8700478756770745960,,,0.9808991006687942,,42,1,1,scab,0,-1.5105419,0.8838311,-2.0617714,123
c902fc4aaf4205818fc9,data/plantvillage/raw/color/Apple___Apple_scab/61373045-a7a5-4213-94fb-7d81638d5561___FREC_Scab 3430.JPG,scab,1,g0221,s_reliability,reliability_train,gaussian_noise,3616955282686372369,,,,0.02097296684851099,42,1,1,scab,0,-1.749587,1.6193578,-3.0248082,123
d683c5c461a10e6acdf3,data/plantvillage/raw/color/Apple___Apple_scab/623fb084-dbac-42fb-b636-7cfcb89ba9f6___FREC_Scab 3437.JPG,scab,1,g0224,s_reliability,reliability_train,original,,,,,,42,1,1,scab,0,-6.6425104,4.2746463,-2.581092,123
62d6ede0c0eae5eba924,data/plantvillage/raw/color/Apple___Apple_scab/623fb084-dbac-42fb-b636-7cfcb89ba9f6___FREC_Scab 3437.JPG,scab,1,g0224,s_reliability,reliability_train,brightness,2929485961519639587,0.7025502631974108,,,,42,1,1,scab,0,-5.961149,4.233662,-2.8087611,123
d452383e9b11e53e1307,data/plantvillage/raw/color/Apple___Apple_scab/623fb084-dbac-42fb-b636-7cfcb89ba9f6___FREC_Scab 3437.JPG,scab,1,g0224,s_reliability,reliability_train,contrast,7841055924283030490,,1.2733049395231255,,,42,1,1,scab,0,-6.645702,4.397726,-2.7229624,123
acd0ea776bd6241d7701,data/plantvillage/raw/color/Apple___Apple_scab/623fb084-dbac-42fb-b636-7cfcb89ba9f6___FREC_Scab 3437.JPG,scab,1,g0224,s_reliability,reliability_train,gaussian_blur,4015754173079648170,,,1.3106190699878222,,42,1,1,scab,0,-2.7419698,2.407624,-2.4266222,123
eb040a9c9047fcc22491,data/plantvillage/raw/color/Apple___Apple_scab/623fb084-dbac-42fb-b636-7cfcb89ba9f6___FREC_Scab 3437.JPG,scab,1,g0224,s_reliability,reliability_train,gaussian_noise,4984070843131209127,,,,0.04186245710778475,42,1,1,scab,0,-6.178244,4.69297,-3.1658854,123
16c7269d9805eb2b6c28,data/plantvillage/raw/color/Apple___Apple_scab/63e1d796-f00e-4c24-9871-2eae6f9c9ced___FREC_Scab 3078.JPG,scab,1,g0230,s_reliability,reliability_train,original,,,,,,42,1,1,scab,0,-6.5156593,2.671283,-1.3786633,123
a0a8e5eb846d79b190ee,data/plantvillage/raw/color/Apple___Apple_scab/63e1d796-f00e-4c24-9871-2eae6f9c9ced___FREC_Scab 3078.JPG,scab,1,g0230,s_reliability,reliability_train,brightness,651021721672551988,0.7952594793895952,,,,42,1,1,scab,0,-6.721419,2.766043,-1.1694849,123
9ec79ffeb6ea2806ae48,data/plantvillage/raw/color/Apple___Apple_scab/63e1d796-f00e-4c24-9871-2eae6f9c9ced___FREC_Scab 3078.JPG,scab,1,g0230,s_reliability,reliability_train,contrast,877616976303108822,,1.1727370062528133,,,42,1,1,scab,0,-6.4162736,2.6835504,-1.4501758,123
ce1a134249756e88d7e6,data/plantvillage/raw/color/Apple___Apple_scab/63e1d796-f00e-4c24-9871-2eae6f9c9ced___FREC_Scab 3078.JPG,scab,1,g0230,s_reliability,reliability_train,gaussian_blur,423065927302513909,,,1.2798342243438636,,42,1,1,scab,0,-5.9985766,1.6001917,0.38157198,123
9ee5b82fc05fed652872,data/plantvillage/raw/color/Apple___Apple_scab/63e1d796-f00e-4c24-9871-2eae6f9c9ced___FREC_Scab 3078.JPG,scab,1,g0230,s_reliability,reliability_train,gaussian_noise,3176116166738960252,,,,0.027876471934458052,42,1,1,scab,0,-6.171254,2.537168,-1.4825505,123
33553e8aea8dfceadaf0,data/plantvillage/raw/color/Apple___Apple_scab/663ad178-6346-4b89-8074-6655f1be1578___FREC_Scab 3500.JPG,scab,1,g0238,s_reliability,reliability_train,original,,,,,,42,1,1,scab,0,-8.703249,5.0822315,-2.3325362,123
0c6c726e159621790580,data/plantvillage/raw/color/Apple___Apple_scab/663ad178-6346-4b89-8074-6655f1be1578___FREC_Scab 3500.JPG,scab,1,g0238,s_reliability,reliability_train,brightness,5531442572219884305,1.062465341445741,,,,42,1,1,scab,0,-8.864118,5.15721,-2.322868,123
848468d0693f26769210,data/plantvillage/raw/color/Apple___Apple_scab/663ad178-6346-4b89-8074-6655f1be1578___FREC_Scab 3500.JPG,scab,1,g0238,s_reliability,reliability_train,contrast,7341513849243422424,,0.8967145413807569,,,42,1,1,scab,0,-8.129367,4.9454556,-2.5662763,123
5f182ad335f7b35435ca,data/plantvillage/raw/color/Apple___Apple_scab/663ad178-6346-4b89-8074-6655f1be1578___FREC_Scab 3500.JPG,scab,1,g0238,s_reliability,reliability_train,gaussian_blur,5346926929235214822,,,1.4449789981235002,,42,1,1,scab,0,-6.3614435,3.6270063,-1.5688996,123
d79fd6e779735df5a87a,data/plantvillage/raw/color/Apple___Apple_scab/663ad178-6346-4b89-8074-6655f1be1578___FREC_Scab 3500.JPG,scab,1,g0238,s_reliability,reliability_train,gaussian_noise,4006056403580943165,,,,0.0444995761628125,42,1,1,scab,0,-8.846399,5.742365,-2.9450572,123
892f90e7a64f7dc20627,data/plantvillage/raw/color/Apple___Apple_scab/6643566f-d980-4bdb-88d7-4d3ab3c771fa___FREC_Scab 3038.JPG,scab,1,g0239,s_reliability,reliability_train,original,,,,,,42,1,1,scab,0,-5.28524,3.008335,-1.9685172,123
feffeafd84024560496b,data/plantvillage/raw/color/Apple___Apple_scab/6643566f-d980-4bdb-88d7-4d3ab3c771fa___FREC_Scab 3038.JPG,scab,1,g0239,s_reliability,reliability_train,brightness,8404593942256361612,0.766833734902625,,,,42,1,1,scab,0,-5.591419,3.686473,-2.5445392,123
ae9c1cd42c3ba9270535,data/plantvillage/raw/color/Apple___Apple_scab/6643566f-d980-4bdb-88d7-4d3ab3c771fa___FREC_Scab 3038.JPG,scab,1,g0239,s_reliability,reliability_train,contrast,1436399466966170753,,1.2834431526662844,,,42,1,1,scab,0,-5.577135,3.152369,-1.8025467,123
da3d9d9a48c6d4a318d0,data/plantvillage/raw/color/Apple___Apple_scab/6643566f-d980-4bdb-88d7-4d3ab3c771fa___FREC_Scab 3038.JPG,scab,1,g0239,s_reliability,reliability_train,gaussian_blur,9060857898882006340,,,0.7139407766924388,,42,1,1,scab,0,-5.335305,3.1990018,-2.0241256,123
44c2f5795720cbc8c49d,data/plantvillage/raw/color/Apple___Apple_scab/6643566f-d980-4bdb-88d7-4d3ab3c771fa___FREC_Scab 3038.JPG,scab,1,g0239,s_reliability,reliability_train,gaussian_noise,1415595690723101196,,,,0.023650202479074376,42,1,1,scab,0,-5.306078,3.1503842,-2.072671,123
de81a1af596f8c00251e,data/plantvillage/raw/color/Apple___Apple_scab/66fab3e4-d6e3-4a6d-aff0-4fe011ef8eb3___FREC_Scab 3153.JPG,scab,1,g0240,s_reliability,reliability_val,original,,,,,,42,1,1,scab,0,-7.188453,4.233429,-2.024087,123
c19880cf805977def6cb,data/plantvillage/raw/color/Apple___Apple_scab/66fab3e4-d6e3-4a6d-aff0-4fe011ef8eb3___FREC_Scab 3153.JPG,scab,1,g0240,s_reliability,reliability_val,brightness,7387841424495167205,1.2652739628829588,,,,42,1,1,scab,0,-6.7440023,4.039022,-2.1309552,123
a97c910918116e672a7d,data/plantvillage/raw/color/Apple___Apple_scab/66fab3e4-d6e3-4a6d-aff0-4fe011ef8eb3___FREC_Scab 3153.JPG,scab,1,g0240,s_reliability,reliability_val,contrast,6284561939902900866,,0.7223339224933566,,,42,1,1,scab,0,-5.918725,4.1524396,-2.8274002,123
953a8d6aa17e5f72f49c,data/plantvillage/raw/color/Apple___Apple_scab/66fab3e4-d6e3-4a6d-aff0-4fe011ef8eb3___FREC_Scab 3153.JPG,scab,1,g0240,s_reliability,reliability_val,gaussian_blur,8156864285975510504,,,0.8160255498389924,,42,1,1,scab,0,-6.452014,4.2727323,-1.9037119,123
e1a96f017c3a7142156b,data/plantvillage/raw/color/Apple___Apple_scab/66fab3e4-d6e3-4a6d-aff0-4fe011ef8eb3___FREC_Scab 3153.JPG,scab,1,g0240,s_reliability,reliability_val,gaussian_noise,1578294014356913619,,,,0.015354182598727974,42,1,1,scab,0,-7.4911437,4.4462304,-2.065465,123
d1c5f896e3b868c61837,data/plantvillage/raw/color/Apple___Apple_scab/67c7e9f9-19ca-4fb5-a2b1-8efdeed7b9e2___FREC_Scab 3397.JPG,scab,1,g0244,s_reliability,reliability_train,original,,,,,,42,1,1,scab,0,-9.485198,3.3753095,0.5102723,123
8c8e7a3851bd67d38e3c,data/plantvillage/raw/color/Apple___Apple_scab/67c7e9f9-19ca-4fb5-a2b1-8efdeed7b9e2___FREC_Scab 3397.JPG,scab,1,g0244,s_reliability,reliability_train,brightness,1646881167271085999,1.069112412058353,,,,42,1,1,scab,0,-9.553709,3.392557,0.5171583,123
9a5528cb89fb38c0581b,data/plantvillage/raw/color/Apple___Apple_scab/67c7e9f9-19ca-4fb5-a2b1-8efdeed7b9e2___FREC_Scab 3397.JPG,scab,1,g0244,s_reliability,reliability_train,contrast,5144392295984696762,,1.2224187845382346,,,42,1,1,scab,0,-9.96817,3.4219074,0.7346967,123
2a008b4270902104a89b,data/plantvillage/raw/color/Apple___Apple_scab/67c7e9f9-19ca-4fb5-a2b1-8efdeed7b9e2___FREC_Scab 3397.JPG,scab,1,g0244,s_reliability,reliability_train,gaussian_blur,5318482411642153416,,,1.4659431673432612,,42,1,1,scab,0,-10.103353,2.5878036,2.047174,123
10a68f54d4220c354041,data/plantvillage/raw/color/Apple___Apple_scab/67c7e9f9-19ca-4fb5-a2b1-8efdeed7b9e2___FREC_Scab 3397.JPG,scab,1,g0244,s_reliability,reliability_train,gaussian_noise,8020585154193051076,,,,0.026317530593913098,42,1,1,scab,0,-9.577015,3.4638617,0.47568437,123
341184f397d6ef1c92e6,data/plantvillage/raw/color/Apple___Apple_scab/6a006aa9-a9f2-4269-9fd9-7a879f01faf1___FREC_Scab 3117.JPG,scab,1,g0250,s_reliability,reliability_train,original,,,,,,42,1,1,scab,0,-7.7948236,3.8696914,-1.6476178,123
d37c6b44ea7764500095,data/plantvillage/raw/color/Apple___Apple_scab/6a006aa9-a9f2-4269-9fd9-7a879f01faf1___FREC_Scab 3117.JPG,scab,1,g0250,s_reliability,reliability_train,brightness,3944223664764724421,1.0304881802071089,,,,42,1,1,scab,0,-7.854849,3.8465834,-1.5907402,123
7b16c4e86a09f1b19fe5,data/plantvillage/raw/color/Apple___Apple_scab/6a006aa9-a9f2-4269-9fd9-7a879f01faf1___FREC_Scab 3117.JPG,scab,1,g0250,s_reliability,reliability_train,contrast,8763709460738093809,,1.2401074869332414,,,42,1,1,scab,0,-8.278906,4.0172434,-1.444414,123
4792f9b6e4f3a6ac2cfc,data/plantvillage/raw/color/Apple___Apple_scab/6a006aa9-a9f2-4269-9fd9-7a879f01faf1___FREC_Scab 3117.JPG,scab,1,g0250,s_reliability,reliability_train,gaussian_blur,3380275719007634387,,,1.050618332047042,,42,1,1,scab,0,-7.0697527,3.430198,-1.1514536,123
3358bbc527afbe18b9da,data/plantvillage/raw/color/Apple___Apple_scab/6a006aa9-a9f2-4269-9fd9-7a879f01faf1___FREC_Scab 3117.JPG,scab,1,g0250,s_reliability,reliability_train,gaussian_noise,4430312275333913775,,,,0.012927396615342453,42,1,1,scab,0,-7.844034,3.8479388,-1.6076455,123
0f579748d9d3f4f6fbab,data/plantvillage/raw/color/Apple___Apple_scab/6b5e1187-9b7b-4b4c-912f-b2175619f35f___FREC_Scab 3121.JPG,scab,1,g0255,s_reliability,reliability_train,original,,,,,,42,1,1,scab,0,-8.421669,4.1491523,-1.0293958,123
62ccf1f1449c4a464de3,data/plantvillage/raw/color/Apple___Apple_scab/6b5e1187-9b7b-4b4c-912f-b2175619f35f___FREC_Scab 3121.JPG,scab,1,g0255,s_reliability,reliability_train,brightness,3555923660447715866,0.8290640794867432,,,,42,1,1,scab,0,-8.054339,4.1596823,-1.1637983,123
8e1259806c7d21e0997e,data/plantvillage/raw/color/Apple___Apple_scab/6b5e1187-9b7b-4b4c-912f-b2175619f35f___FREC_Scab 3121.JPG,scab,1,g0255,s_reliability,reliability_train,contrast,7190483874321341939,,0.805632083057742,,,42,1,1,scab,0,-7.832133,3.9743063,-1.1939567,123
b8704f43a9c12228d5d2,data/plantvillage/raw/color/Apple___Apple_scab/6b5e1187-9b7b-4b4c-912f-b2175619f35f___FREC_Scab 3121.JPG,scab,1,g0255,s_reliability,reliability_train,gaussian_blur,8878382452324125086,,,0.9464187802356487,,42,1,1,scab,0,-8.680508,3.8253958,-0.111445,123
2ffc456d7ae963e63018,data/plantvillage/raw/color/Apple___Apple_scab/6b5e1187-9b7b-4b4c-912f-b2175619f35f___FREC_Scab 3121.JPG,scab,1,g0255,s_reliability,reliability_train,gaussian_noise,1198613978728796660,,,,0.03559988416484856,42,1,1,scab,0,-8.886565,4.943979,-1.5945866,123
8ab01bd43e8b0ae07bfb,data/plantvillage/raw/color/Apple___Apple_scab/6b66d8dd-af9f-43b5-a43f-6e4c6d64bede___FREC_Scab 3248.JPG,scab,1,g0256,s_reliability,reliability_train,original,,,,,,42,1,1,scab,0,-3.6246173,5.2747393,-5.607033,123
8b7d83d296a68cd79ba2,data/plantvillage/raw/color/Apple___Apple_scab/6b66d8dd-af9f-43b5-a43f-6e4c6d64bede___FREC_Scab 3248.JPG,scab,1,g0256,s_reliability,reliability_train,brightness,5383600139489336851,1.1255390597199812,,,,42,1,1,scab,0,-3.9118922,5.325076,-5.549112,123
cc907197d110db6eef47,data/plantvillage/raw/color/Apple___Apple_scab/6b66d8dd-af9f-43b5-a43f-6e4c6d64bede___FREC_Scab 3248.JPG,scab,1,g0256,s_reliability,reliability_train,contrast,1616489432133561999,,0.8795335395349284,,,42,1,1,scab,0,-3.367724,5.0658174,-5.5193925,123
8ba37938c2429f013121,data/plantvillage/raw/color/Apple___Apple_scab/6b66d8dd-af9f-43b5-a43f-6e4c6d64bede___FREC_Scab 3248.JPG,scab,1,g0256,s_reliability,reliability_train,gaussian_blur,3196758830836076126,,,1.111167159169351,,42,1,1,scab,0,-3.8563137,3.6021442,-2.9365356,123
b0855553af38df534ac2,data/plantvillage/raw/color/Apple___Apple_scab/6b66d8dd-af9f-43b5-a43f-6e4c6d64bede___FREC_Scab 3248.JPG,scab,1,g0256,s_reliability,reliability_train,gaussian_noise,862921709563001275,,,,0.020695232750406523,42,1,1,scab,0,-3.6398573,5.350178,-5.6896167,123
f303f8dc7af6ac8c3aa6,data/plantvillage/raw/color/Apple___Apple_scab/6fb62aa7-c3d4-457a-b95d-a8b3102cccd8___FREC_Scab 3005.JPG,scab,1,g0269,s_reliability,reliability_train,original,,,,,,42,1,1,scab,0,-4.275905,4.690059,-4.874255,123
08f495c5c7b7d67f6cac,data/plantvillage/raw/color/Apple___Apple_scab/6fb62aa7-c3d4-457a-b95d-a8b3102cccd8___FREC_Scab 3005.JPG,scab,1,g0269,s_reliability,reliability_train,brightness,6486059515081264910,1.178299708474525,,,,42,1,1,scab,0,-4.7127366,4.8417416,-4.79638,123
c38414ce6ad8200d3a29,data/plantvillage/raw/color/Apple___Apple_scab/6fb62aa7-c3d4-457a-b95d-a8b3102cccd8___FREC_Scab 3005.JPG,scab,1,g0269,s_reliability,reliability_train,contrast,6953119212176336190,,1.0616477098285224,,,42,1,1,scab,0,-4.339143,4.7916636,-4.9255285,123
d415d636f4d03bfe8677,data/plantvillage/raw/color/Apple___Apple_scab/6fb62aa7-c3d4-457a-b95d-a8b3102cccd8___FREC_Scab 3005.JPG,scab,1,g0269,s_reliability,reliability_train,gaussian_blur,52680723438308863,,,1.4082724230657226,,42,1,1,scab,0,-3.3338742,3.0072935,-2.2436163,123
a7f5c04ef42cab70a537,data/plantvillage/raw/color/Apple___Apple_scab/6fb62aa7-c3d4-457a-b95d-a8b3102cccd8___FREC_Scab 3005.JPG,scab,1,g0269,s_reliability,reliability_train,gaussian_noise,3753785555469801204,,,,0.019333933799091426,42,1,1,scab,0,-4.3000684,4.817669,-4.949419,123
2cd7ebf52f5424a45a33,data/plantvillage/raw/color/Apple___Apple_scab/72317b7f-8162-4454-b6db-c2e6e5455911___FREC_Scab 3088.JPG,scab,1,g0273,s_reliability,reliability_train,original,,,,,,42,1,1,scab,0,-4.12476,4.7986126,-4.582186,123
15f2f850ca3942255120,data/plantvillage/raw/color/Apple___Apple_scab/72317b7f-8162-4454-b6db-c2e6e5455911___FREC_Scab 3088.JPG,scab,1,g0273,s_reliability,reliability_train,brightness,4259737954215672467,1.2136302349744992,,,,42,1,1,scab,0,-3.6988733,4.673159,-4.5966344,123
55a5a4be87448b9ada66,data/plantvillage/raw/color/Apple___Apple_scab/72317b7f-8162-4454-b6db-c2e6e5455911___FREC_Scab 3088.JPG,scab,1,g0273,s_reliability,reliability_train,contrast,2965175072119230189,,1.1062816995925917,,,42,1,1,scab,0,-4.0046983,4.9152665,-4.7747865,123
fab9cb17190fb8d0bf90,data/plantvillage/raw/color/Apple___Apple_scab/72317b7f-8162-4454-b6db-c2e6e5455911___FREC_Scab 3088.JPG,scab,1,g0273,s_reliability,reliability_train,gaussian_blur,6101352737029410608,,,1.138812776291585,,42,1,1,scab,0,-6.027486,3.2116425,-1.0312393,123
01c7412f9b6a7a8f2564,data/plantvillage/raw/color/Apple___Apple_scab/72317b7f-8162-4454-b6db-c2e6e5455911___FREC_Scab 3088.JPG,scab,1,g0273,s_reliability,reliability_train,gaussian_noise,7779828112337972570,,,,0.022564658059232384,42,1,1,scab,0,-3.8902528,4.7491164,-4.6477375,123
beb775de2c87d9bef274,data/plantvillage/raw/color/Apple___Apple_scab/76e50482-74b2-468f-8556-7669e1682f1e___FREC_Scab 3323.JPG,scab,1,g0284,s_reliability,reliability_train,original,,,,,,42,1,1,scab,0,0.2394651,0.6944426,-4.27491,123
73420c587f8ca9bddce6,data/plantvillage/raw/color/Apple___Apple_scab/76e50482-74b2-468f-8556-7669e1682f1e___FREC_Scab 3323.JPG,scab,1,g0284,s_reliability,reliability_train,brightness,9001436806462123350,1.1482481951899617,,,,42,1,1,scab,0,0.14679326,0.63997084,-4.2378325,123
b64cb2a74ec208b6517c,data/plantvillage/raw/color/Apple___Apple_scab/76e50482-74b2-468f-8556-7669e1682f1e___FREC_Scab 3323.JPG,scab,1,g0284,s_reliability,reliability_train,contrast,935706156177606957,,1.1352860440103645,,,42,1,1,scab,0,0.21565561,0.7691646,-4.4030967,123
5f0020a1a2d3e9a3a846,data/plantvillage/raw/color/Apple___Apple_scab/76e50482-74b2-468f-8556-7669e1682f1e___FREC_Scab 3323.JPG,scab,1,g0284,s_reliability,reliability_train,gaussian_blur,3806873319062406691,,,0.7563178040613654,,42,1,1,scab,0,-1.9016014,0.72414565,-2.2945647,123
6e5d69e35ca198494028,data/plantvillage/raw/color/Apple___Apple_scab/76e50482-74b2-468f-8556-7669e1682f1e___FREC_Scab 3323.JPG,scab,1,g0284,s_reliability,reliability_train,gaussian_noise,2447145241581560903,,,,0.03226910685442227,42,1,1,scab,0,0.44738173,0.66749185,-4.3873506,123
54e4abc147c9a123a117,data/plantvillage/raw/color/Apple___Apple_scab/792c3972-8724-45b6-8ba0-eec0f675bc50___FREC_Scab 3120.JPG,scab,1,g0289,s_reliability,reliability_train,original,,,,,,42,1,1,scab,0,-8.237954,3.6804156,-0.9094383,123
d46a63feb934aeb54fd6,data/plantvillage/raw/color/Apple___Apple_scab/792c3972-8724-45b6-8ba0-eec0f675bc50___FREC_Scab 3120.JPG,scab,1,g0289,s_reliability,reliability_train,brightness,4427444548928737312,1.0158115030816135,,,,42,1,1,scab,0,-8.253731,3.7132215,-0.96616656,123
91eef8c8c4752aeb78e5,data/plantvillage/raw/color/Apple___Apple_scab/792c3972-8724-45b6-8ba0-eec0f675bc50___FREC_Scab 3120.JPG,scab,1,g0289,s_reliability,reliability_train,contrast,6318739556741432998,,1.063118615887179,,,42,1,1,scab,0,-8.268633,3.7244995,-0.90040207,123
860ec42b9439742689e0,data/plantvillage/raw/color/Apple___Apple_scab/792c3972-8724-45b6-8ba0-eec0f675bc50___FREC_Scab 3120.JPG,scab,1,g0289,s_reliability,reliability_train,gaussian_blur,8635417635505964497,,,1.3881483637684875,,42,1,1,scab,0,-7.817774,2.4582007,0.8730154,123
4ad5a2bcf6f20c3ad77d,data/plantvillage/raw/color/Apple___Apple_scab/792c3972-8724-45b6-8ba0-eec0f675bc50___FREC_Scab 3120.JPG,scab,1,g0289,s_reliability,reliability_train,gaussian_noise,8573718978139073643,,,,0.026043812134846286,42,1,1,scab,0,-8.40159,3.8631744,-1.0207204,123
df71b004707330db4335,data/plantvillage/raw/color/Apple___Apple_scab/7bc2b2d5-b2b6-4ac2-9bbe-322ce8d7d9bb___FREC_Scab 2944.JPG,scab,1,g0295,s_reliability,reliability_train,original,,,,,,42,1,1,scab,0,-2.2767744,2.2143219,-3.638492,123
a840b0cacd89788f7658,data/plantvillage/raw/color/Apple___Apple_scab/7bc2b2d5-b2b6-4ac2-9bbe-322ce8d7d9bb___FREC_Scab 2944.JPG,scab,1,g0295,s_reliability,reliability_train,brightness,7441911032222068817,1.175378777944538,,,,42,1,1,scab,0,-2.2919137,2.1827486,-3.5730796,123
e18d26c0a28d8f3eb7e8,data/plantvillage/raw/color/Apple___Apple_scab/7bc2b2d5-b2b6-4ac2-9bbe-322ce8d7d9bb___FREC_Scab 2944.JPG,scab,1,g0295,s_reliability,reliability_train,contrast,3218968026437738959,,0.9300177848589182,,,42,1,1,scab,0,-2.1436446,2.1655505,-3.6851883,123
2eea9476f2b04be26970,data/plantvillage/raw/color/Apple___Apple_scab/7bc2b2d5-b2b6-4ac2-9bbe-322ce8d7d9bb___FREC_Scab 2944.JPG,scab,1,g0295,s_reliability,reliability_train,gaussian_blur,974215969777534437,,,1.2233599779735231,,42,1,1,scab,0,-6.428558,2.57271,-0.61084396,123
fae104e2092b8f3d7c03,data/plantvillage/raw/color/Apple___Apple_scab/7bc2b2d5-b2b6-4ac2-9bbe-322ce8d7d9bb___FREC_Scab 2944.JPG,scab,1,g0295,s_reliability,reliability_train,gaussian_noise,7076022998597825792,,,,0.028212965435535746,42,1,1,scab,0,-1.9550632,2.033833,-3.6509264,123
8992521411ace85b96f0,data/plantvillage/raw/color/Apple___Apple_scab/7bf25c0a-6594-4777-9a67-49a6487bb203___FREC_Scab 2993.JPG,scab,1,g0297,s_reliability,reliability_train,original,,,,,,42,1,1,scab,0,-3.9592044,3.4774494,-2.3535576,123
2979f1d06a6a038b0ca3,data/plantvillage/raw/color/Apple___Apple_scab/7bf25c0a-6594-4777-9a67-49a6487bb203___FREC_Scab 2993.JPG,scab,1,g0297,s_reliability,reliability_train,brightness,2277107555880666934,0.7992286175147714,,,,42,1,1,scab,0,-3.792273,3.2749162,-2.296269,123
06140ef2ac598a613b8c,data/plantvillage/raw/color/Apple___Apple_scab/7bf25c0a-6594-4777-9a67-49a6487bb203___FREC_Scab 2993.JPG,scab,1,g0297,s_reliability,reliability_train,contrast,1089263953608580493,,1.0589717004097428,,,42,1,1,scab,0,-3.9605632,3.5482728,-2.3875186,123
122cb9eaa840d6e27d34,data/plantvillage/raw/color/Apple___Apple_scab/7bf25c0a-6594-4777-9a67-49a6487bb203___FREC_Scab 2993.JPG,scab,1,g0297,s_reliability,reliability_train,gaussian_blur,3379368754574520610,,,0.6631829932532647,,42,1,1,scab,0,-3.3813884,3.0311782,-2.067348,123
00facb712a4c5d8e1361,data/plantvillage/raw/color/Apple___Apple_scab/7bf25c0a-6594-4777-9a67-49a6487bb203___FREC_Scab 2993.JPG,scab,1,g0297,s_reliability,reliability_train,gaussian_noise,2226125359114156089,,,,0.02667711235413267,42,1,1,scab,0,-3.869818,3.6436408,-2.592218,123
92a4b5482cd5153e3dde,data/plantvillage/raw/color/Apple___Apple_scab/7ceb532d-1a58-4a25-bbff-8dd04a117744___FREC_Scab 3422.JPG,scab,1,g0301,s_reliability,reliability_train,original,,,,,,42,1,1,scab,0,-6.5642486,2.51413,-0.62523353,123
abfc4e5907bd1f067d10,data/plantvillage/raw/color/Apple___Apple_scab/7ceb532d-1a58-4a25-bbff-8dd04a117744___FREC_Scab 3422.JPG,scab,1,g0301,s_reliability,reliability_train,brightness,4448870632164728681,0.9567654336762157,,,,42,1,1,scab,0,-6.1980247,2.5479376,-0.953337,123
b4dd777e659cf45a2f10,data/plantvillage/raw/color/Apple___Apple_scab/7ceb532d-1a58-4a25-bbff-8dd04a117744___FREC_Scab 3422.JPG,scab,1,g0301,s_reliability,reliability_train,contrast,5562828008754951541,,0.9552919844284307,,,42,1,1,scab,0,-6.2604437,2.5000293,-0.81036747,123
fd6e6bcd48a1fc9d2a4c,data/plantvillage/raw/color/Apple___Apple_scab/7ceb532d-1a58-4a25-bbff-8dd04a117744___FREC_Scab 3422.JPG,scab,1,g0301,s_reliability,reliability_train,gaussian_blur,4669972028130864203,,,0.9292082645419151,,42,1,1,scab,0,-7.4598284,1.4326975,1.21466,123
033508fd5da9b1c6cbd0,data/plantvillage/raw/color/Apple___Apple_scab/7ceb532d-1a58-4a25-bbff-8dd04a117744___FREC_Scab 3422.JPG,scab,1,g0301,s_reliability,reliability_train,gaussian_noise,3291277149889399802,,,,0.022560373892789906,42,1,1,scab,0,-6.5789247,2.4463336,-0.5526974,123
72831a0d027de109d890,data/plantvillage/raw/color/Apple___Apple_scab/7dbdcba3-395b-413e-bc22-cd0d0e11a1c9___FREC_Scab 3363.JPG,scab,1,g0302,s_reliability,reliability_val,original,,,,,,42,1,1,scab,0,-3.5380354,2.6252463,-2.4079716,123
22ed91e6b5fdae9706e8,data/plantvillage/raw/color/Apple___Apple_scab/7dbdcba3-395b-413e-bc22-cd0d0e11a1c9___FREC_Scab 3363.JPG,scab,1,g0302,s_reliability,reliability_val,brightness,9216146155834624863,0.919516893201685,,,,42,1,1,scab,0,-3.2997067,2.6141527,-2.5523565,123
034d1bf4d9c3f563e00b,data/plantvillage/raw/color/Apple___Apple_scab/7dbdcba3-395b-413e-bc22-cd0d0e11a1c9___FREC_Scab 3363.JPG,scab,1,g0302,s_reliability,reliability_val,contrast,6451980865858598289,,1.0284734918803422,,,42,1,1,scab,0,-3.5740893,2.6611025,-2.4183393,123
577aee707c2cb392178c,data/plantvillage/raw/color/Apple___Apple_scab/7dbdcba3-395b-413e-bc22-cd0d0e11a1c9___FREC_Scab 3363.JPG,scab,1,g0302,s_reliability,reliability_val,gaussian_blur,4425597830222659663,,,1.4108915891882101,,42,1,1,scab,0,-4.9046965,1.4765577,-0.49163693,123
53d9d95752f14122d71d,data/plantvillage/raw/color/Apple___Apple_scab/7dbdcba3-395b-413e-bc22-cd0d0e11a1c9___FREC_Scab 3363.JPG,scab,1,g0302,s_reliability,reliability_val,gaussian_noise,2081672023430139435,,,,0.040225133260916764,42,1,1,scab,0,-3.9321156,3.2965758,-2.8713617,123
10f1b2ad91f8bdd88963,data/plantvillage/raw/color/Apple___Apple_scab/89888e39-a951-4507-a9c4-193aead90f64___FREC_Scab 3160.JPG,scab,1,g0339,s_reliability,reliability_train,original,,,,,,42,1,1,scab,0,-3.3291802,1.1029282,-1.9140457,123
63b855f1dcc8ef2afd1f,data/plantvillage/raw/color/Apple___Apple_scab/89888e39-a951-4507-a9c4-193aead90f64___FREC_Scab 3160.JPG,scab,1,g0339,s_reliability,reliability_train,brightness,7999899811881368054,1.242118521306749,,,,42,1,1,scab,0,-3.7614667,1.1517117,-1.6072643,123
6495a478ba5fc6b245b2,data/plantvillage/raw/color/Apple___Apple_scab/89888e39-a951-4507-a9c4-193aead90f64___FREC_Scab 3160.JPG,scab,1,g0339,s_reliability,reliability_train,contrast,103942717400153926,,0.9914238871260477,,,42,1,1,scab,0,-3.3742843,1.1697606,-1.9491773,123
28c85cd36c1545a78334,data/plantvillage/raw/color/Apple___Apple_scab/89888e39-a951-4507-a9c4-193aead90f64___FREC_Scab 3160.JPG,scab,1,g0339,s_reliability,reliability_train,gaussian_blur,3239714277236538455,,,0.804029845258798,,42,1,1,scab,0,-3.5959554,0.44883785,-0.49382105,123
08dcf01df10b9969f4a6,data/plantvillage/raw/color/Apple___Apple_scab/89888e39-a951-4507-a9c4-193aead90f64___FREC_Scab 3160.JPG,scab,1,g0339,s_reliability,reliability_train,gaussian_noise,2240827342697216255,,,,0.017791419555193345,42,1,1,scab,0,-3.3236141,1.3793579,-2.1253328,123
ad209ce369142e41650c,data/plantvillage/raw/color/Apple___Apple_scab/919f1400-c9b6-4343-9708-0e70deabb85d___FREC_Scab 2941.JPG,scab,1,g0357,s_reliability,reliability_train,original,,,,,,42,1,1,scab,0,-3.4937527,3.5973527,-4.2547936,123
b59f81256d062974d334,data/plantvillage/raw/color/Apple___Apple_scab/919f1400-c9b6-4343-9708-0e70deabb85d___FREC_Scab 2941.JPG,scab,1,g0357,s_reliability,reliability_train,brightness,7291232184966838105,0.9596275398208107,,,,42,1,1,scab,0,-3.6285462,3.6806571,-4.250683,123
f8f9d2e9c9b9c77e724d,data/plantvillage/raw/color/Apple___Apple_scab/919f1400-c9b6-4343-9708-0e70deabb85d___FREC_Scab 2941.JPG,scab,1,g0357,s_reliability,reliability_train,contrast,4229481435769825965,,1.27100283917368,,,42,1,1,scab,0,-3.6451776,3.5349407,-4.0668244,123
5517d859c1a51bf40c1b,data/plantvillage/raw/color/Apple___Apple_scab/919f1400-c9b6-4343-9708-0e70deabb85d___FREC_Scab 2941.JPG,scab,1,g0357,s_reliability,reliability_train,gaussian_blur,2459335558620762044,,,1.1404076218528503,,42,1,1,scab,0,-5.1600704,4.4874625,-3.1486745,123
a870978fa992b2a390bf,data/plantvillage/raw/color/Apple___Apple_scab/919f1400-c9b6-4343-9708-0e70deabb85d___FREC_Scab 2941.JPG,scab,1,g0357,s_reliability,reliability_train,gaussian_noise,4558413050314961557,,,,0.01660422802340984,42,1,1,scab,0,-3.6970127,3.714597,-4.2364254,123
f343c0dca7d515c56e0f,data/plantvillage/raw/color/Apple___Apple_scab/96a26f9f-76b9-456a-b39f-d390ff20bc58___FREC_Scab 3257.JPG,scab,1,g0365,s_reliability,reliability_train,original,,,,,,42,1,1,scab,0,-1.1111164,2.0781257,-3.057338,123
c25b77fd3e31d6e3db30,data/plantvillage/raw/color/Apple___Apple_scab/96a26f9f-76b9-456a-b39f-d390ff20bc58___FREC_Scab 3257.JPG,scab,1,g0365,s_reliability,reliability_train,brightness,7653376811334616251,1.2709834489802296,,,,42,1,1,scab,0,-0.89119905,2.1263146,-3.2791889,123
328d9bab338cd2d3725b,data/plantvillage/raw/color/Apple___Apple_scab/96a26f9f-76b9-456a-b39f-d390ff20bc58___FREC_Scab 3257.JPG,scab,1,g0365,s_reliability,reliability_train,contrast,8744010153981327809,,1.0739582328674893,,,42,1,1,scab,0,-1.1001788,2.1135612,-3.0593064,123
1ec7f6a5e503c52c7042,data/plantvillage/raw/color/Apple___Apple_scab/96a26f9f-76b9-456a-b39f-d390ff20bc58___FREC_Scab 3257.JPG,scab,1,g0365,s_reliability,reliability_train,gaussian_blur,3847857722964603062,,,0.5058644441117534,,42,1,1,scab,0,-1.1291757,1.7741646,-2.7945573,123
7880152399cc7413e1c7,data/plantvillage/raw/color/Apple___Apple_scab/96a26f9f-76b9-456a-b39f-d390ff20bc58___FREC_Scab 3257.JPG,scab,1,g0365,s_reliability,reliability_train,gaussian_noise,5876893559867988121,,,,0.011128629955999881,42,1,1,scab,0,-1.1362224,2.0585098,-3.0244277,123
83bd16fc76897715e13a,data/plantvillage/raw/color/Apple___Apple_scab/98259104-a5dd-4751-88f2-27923a2317a3___FREC_Scab 3419.JPG,scab,1,g0371,s_reliability,reliability_val,original,,,,,,42,1,1,scab,0,-5.483881,2.400168,-1.4625171,123
e2ebe2210dea50740bec,data/plantvillage/raw/color/Apple___Apple_scab/98259104-a5dd-4751-88f2-27923a2317a3___FREC_Scab 3419.JPG,scab,1,g0371,s_reliability,reliability_val,brightness,2797364946854429153,0.9296092049596162,,,,42,1,1,scab,0,-5.1687336,2.4332786,-1.6686372,123
a2efd6b89137bbc6fdcf,data/plantvillage/raw/color/Apple___Apple_scab/98259104-a5dd-4751-88f2-27923a2317a3___FREC_Scab 3419.JPG,scab,1,g0371,s_reliability,reliability_val,contrast,1017633337604123648,,0.7759712371763897,,,42,1,1,scab,0,-5.097964,2.2836554,-1.6619039,123
eeca04c60aaf4255fc57,data/plantvillage/raw/color/Apple___Apple_scab/98259104-a5dd-4751-88f2-27923a2317a3___FREC_Scab 3419.JPG,scab,1,g0371,s_reliability,reliability_val,gaussian_blur,6487314559361869197,,,0.7347229887879989,,42,1,1,scab,0,-5.868976,2.0424113,-0.504264,123
3342e794853e97ad9df4,data/plantvillage/raw/color/Apple___Apple_scab/98259104-a5dd-4751-88f2-27923a2317a3___FREC_Scab 3419.JPG,scab,1,g0371,s_reliability,reliability_val,gaussian_noise,7089023240552477292,,,,0.011522791966816444,42,1,1,scab,0,-5.4494357,2.3967607,-1.5214006,123
d379f8a4485183130f6f,data/plantvillage/raw/color/Apple___Apple_scab/9cbb6419-1670-45d5-a8ad-90cf9eaac971___FREC_Scab 3075.JPG,scab,1,g0383,s_reliability,reliability_train,original,,,,,,42,1,1,scab,0,-0.97508925,1.4842921,-3.84168,123
6364f15d6b4e1241c1a9,data/plantvillage/raw/color/Apple___Apple_scab/9cbb6419-1670-45d5-a8ad-90cf9eaac971___FREC_Scab 3075.JPG,scab,1,g0383,s_reliability,reliability_train,brightness,1850951819499431885,1.166444388316924,,,,42,1,1,scab,0,-0.5390057,1.2260163,-3.8230958,123
6e829af8dd925d24578e,data/plantvillage/raw/color/Apple___Apple_scab/9cbb6419-1670-45d5-a8ad-90cf9eaac971___FREC_Scab 3075.JPG,scab,1,g0383,s_reliability,reliability_train,contrast,218342791560945139,,0.7855965386199362,,,42,1,1,scab,0,-1.217699,1.5792867,-3.7540848,123
d4a568994bd026b8209f,data/plantvillage/raw/color/Apple___Apple_scab/9cbb6419-1670-45d5-a8ad-90cf9eaac971___FREC_Scab 3075.JPG,scab,1,g0383,s_reliability,reliability_train,gaussian_blur,5619970845224002902,,,0.6913559934988492,,42,1,1,scab,0,-2.3230982,0.943983,-1.649881,123
2d4db0c98d3bd791a0a5,data/plantvillage/raw/color/Apple___Apple_scab/9cbb6419-1670-45d5-a8ad-90cf9eaac971___FREC_Scab 3075.JPG,scab,1,g0383,s_reliability,reliability_train,gaussian_noise,8394577066369361894,,,,0.016390569548083968,42,1,1,scab,0,-1.0520148,1.5168886,-3.8043144,123
87f27855f5da6d219580,data/plantvillage/raw/color/Apple___Apple_scab/a038a218-4c69-4f5a-9887-80fac9888782___FREC_Scab 3008.JPG,scab,1,g0394,s_reliability,reliability_val,original,,,,,,42,1,1,scab,0,-7.0171013,4.959084,-3.6887574,123
6e8da2411b9b640abf17,data/plantvillage/raw/color/Apple___Apple_scab/a038a218-4c69-4f5a-9887-80fac9888782___FREC_Scab 3008.JPG,scab,1,g0394,s_reliability,reliability_val,brightness,4465219466980065858,1.1910408515472002,,,,42,1,1,scab,0,-7.331368,5.074511,-3.6065614,123
bf46f5c507f2f981e828,data/plantvillage/raw/color/Apple___Apple_scab/a038a218-4c69-4f5a-9887-80fac9888782___FREC_Scab 3008.JPG,scab,1,g0394,s_reliability,reliability_val,contrast,8315305878688998997,,0.7239109972456986,,,42,1,1,scab,0,-5.6491914,4.3500204,-3.828163,123
457389355c53d10e01f5,data/plantvillage/raw/color/Apple___Apple_scab/a038a218-4c69-4f5a-9887-80fac9888782___FREC_Scab 3008.JPG,scab,1,g0394,s_reliability,reliability_val,gaussian_blur,5205811605053547889,,,0.9656886665401103,,42,1,1,scab,0,-5.8689876,3.455418,-2.2293305,123
5f7acb69c64d2c03b69b,data/plantvillage/raw/color/Apple___Apple_scab/a038a218-4c69-4f5a-9887-80fac9888782___FREC_Scab 3008.JPG,scab,1,g0394,s_reliability,reliability_val,gaussian_noise,2406714495365171957,,,,0.0218380832151159,42,1,1,scab,0,-6.9041004,5.155809,-3.9848912,123
2067a186969f2197601f,data/plantvillage/raw/color/Apple___Apple_scab/a5ed05d8-9815-41b7-b481-332e48cfde56___FREC_Scab 3415.JPG,scab,1,g0403,s_reliability,reliability_train,original,,,,,,42,1,1,scab,0,-6.924249,2.9211316,-1.4357705,123
b6e9677c56d987026eb9,data/plantvillage/raw/color/Apple___Apple_scab/a5ed05d8-9815-41b7-b481-332e48cfde56___FREC_Scab 3415.JPG,scab,1,g0403,s_reliability,reliability_train,brightness,1704908280373140782,1.0020710454102604,,,,42,1,1,scab,0,-6.924249,2.9211316,-1.4357705,123
f72e48e9cd8cdcb0b09b,data/plantvillage/raw/color/Apple___Apple_scab/a5ed05d8-9815-41b7-b481-332e48cfde56___FREC_Scab 3415.JPG,scab,1,g0403,s_reliability,reliability_train,contrast,8384157559531937856,,1.2182995442373656,,,42,1,1,scab,0,-7.823219,2.9358811,-0.87356627,123
f4c9b6d9a83010102556,data/plantvillage/raw/color/Apple___Apple_scab/a5ed05d8-9815-41b7-b481-332e48cfde56___FREC_Scab 3415.JPG,scab,1,g0403,s_reliability,reliability_train,gaussian_blur,8674457119490103003,,,0.9722693884644846,,42,1,1,scab,0,-8.204824,4.0014677,-1.3697499,123
60fb7bcc2e00b319fceb,data/plantvillage/raw/color/Apple___Apple_scab/a5ed05d8-9815-41b7-b481-332e48cfde56___FREC_Scab 3415.JPG,scab,1,g0403,s_reliability,reliability_train,gaussian_noise,8845035162174302948,,,,0.010748986291998977,42,1,1,scab,0,-7.041907,2.942354,-1.4072393,123
5f4c2abd6823888e0d5f,data/plantvillage/raw/color/Apple___Apple_scab/a72a9033-d2b9-4c64-93bc-7e5a1a0ea4ae___FREC_Scab 3284.JPG,scab,1,g0405,s_reliability,reliability_val,original,,,,,,42,1,1,scab,0,-6.003859,5.4427123,-4.114867,123
8df2f9ea4443e804d4cb,data/plantvillage/raw/color/Apple___Apple_scab/a72a9033-d2b9-4c64-93bc-7e5a1a0ea4ae___FREC_Scab 3284.JPG,scab,1,g0405,s_reliability,reliability_val,brightness,2377086299634206583,1.1782416269313285,,,,42,1,1,scab,0,-5.7235904,5.2854066,-4.080368,123
b6176092af9e41213502,data/plantvillage/raw/color/Apple___Apple_scab/a72a9033-d2b9-4c64-93bc-7e5a1a0ea4ae___FREC_Scab 3284.JPG,scab,1,g0405,s_reliability,reliability_val,contrast,6922890226299703011,,1.2856323211344844,,,42,1,1,scab,0,-5.677734,5.3420515,-4.1842837,123
48e4ff044cc9ca97dcb0,data/plantvillage/raw/color/Apple___Apple_scab/a72a9033-d2b9-4c64-93bc-7e5a1a0ea4ae___FREC_Scab 3284.JPG,scab,1,g0405,s_reliability,reliability_val,gaussian_blur,7150571665743401991,,,1.2279062408114485,,42,1,1,scab,0,-9.661804,5.5632315,-1.2667204,123
b41ea2069db620c19977,data/plantvillage/raw/color/Apple___Apple_scab/a72a9033-d2b9-4c64-93bc-7e5a1a0ea4ae___FREC_Scab 3284.JPG,scab,1,g0405,s_reliability,reliability_val,gaussian_noise,4712738225410308663,,,,0.01430492255727778,42,1,1,scab,0,-5.9427257,5.4465103,-4.1596174,123
2b8ec2160d717dbbea09,data/plantvillage/raw/color/Apple___Apple_scab/a8037811-6ce4-4611-ace1-1b6492374135___FREC_Scab 3126.JPG,scab,1,g0407,s_reliability,reliability_train,original,,,,,,42,1,1,scab,0,-7.6811557,5.3022065,-2.8550754,123
08ab068f72cf1788f3b6,data/plantvillage/raw/color/Apple___Apple_scab/a8037811-6ce4-4611-ace1-1b6492374135___FREC_Scab 3126.JPG,scab,1,g0407,s_reliability,reliability_train,brightness,2057116001210596951,1.2055235532815556,,,,42,1,1,scab,0,-8.825665,5.838393,-2.753836,123
b1e5e31859a0b7324bb1,data/plantvillage/raw/color/Apple___Apple_scab/a8037811-6ce4-4611-ace1-1b6492374135___FREC_Scab 3126.JPG,scab,1,g0407,s_reliability,reliability_train,contrast,2675926225371813669,,1.0028627952905367,,,42,1,1,scab,0,-7.5302796,5.25464,-2.891049,123
528ca022392114986c2e,data/plantvillage/raw/color/Apple___Apple_scab/a8037811-6ce4-4611-ace1-1b6492374135___FREC_Scab 3126.JPG,scab,1,g0407,s_reliability,reliability_train,gaussian_blur,2546380914940990811,,,1.2585899876256224,,42,1,1,scab,0,-6.5327497,4.698512,-2.3120534,123
1fa97d8c8bed7d2c0e7c,data/plantvillage/raw/color/Apple___Apple_scab/a8037811-6ce4-4611-ace1-1b6492374135___FREC_Scab 3126.JPG,scab,1,g0407,s_reliability,reliability_train,gaussian_noise,5525242714913217209,,,,0.04103626006666803,42,1,1,scab,0,-8.680816,5.8657966,-2.88273,123
0ec2021184e762ab4e5d,data/plantvillage/raw/color/Apple___Apple_scab/ab0ab3b2-0893-46c6-8f66-9469e8340b64___FREC_Scab 3368.JPG,scab,1,g0410,s_reliability,reliability_train,original,,,,,,42,1,1,scab,0,-3.2611454,1.4285939,-2.107725,123
5ce4af3bc5ba4b23a751,data/plantvillage/raw/color/Apple___Apple_scab/ab0ab3b2-0893-46c6-8f66-9469e8340b64___FREC_Scab 3368.JPG,scab,1,g0410,s_reliability,reliability_train,brightness,4788969250749392695,1.1174911556575835,,,,42,1,1,scab,0,-3.1973107,1.3687929,-2.1412766,123
18f73e7c7bdceb4f7c69,data/plantvillage/raw/color/Apple___Apple_scab/ab0ab3b2-0893-46c6-8f66-9469e8340b64___FREC_Scab 3368.JPG,scab,1,g0410,s_reliability,reliability_train,contrast,5841407205970463613,,0.7708930557407264,,,42,1,1,scab,0,-2.6698434,1.600373,-2.7574174,123
ce0c04fe0d0f54152e9f,data/plantvillage/raw/color/Apple___Apple_scab/ab0ab3b2-0893-46c6-8f66-9469e8340b64___FREC_Scab 3368.JPG,scab,1,g0410,s_reliability,reliability_train,gaussian_blur,3754378124718127911,,,1.1192939848862193,,42,1,1,scab,0,-4.332897,1.2803458,-0.7501581,123
f4325fc0f9e2313fee11,data/plantvillage/raw/color/Apple___Apple_scab/ab0ab3b2-0893-46c6-8f66-9469e8340b64___FREC_Scab 3368.JPG,scab,1,g0410,s_reliability,reliability_train,gaussian_noise,1522000759448134004,,,,0.045664478224643534,42,1,1,scab,0,-2.982524,1.87546,-2.5974693,123
8ecde4258b6d21e9a639,data/plantvillage/raw/color/Apple___Apple_scab/b0586996-77d5-4d02-8112-14eb67895bcf___FREC_Scab 3000.JPG,scab,1,g0431,s_reliability,reliability_train,original,,,,,,42,1,1,scab,0,-6.913604,2.7662117,-1.2852592,123
6660ea6193779d19aabd,data/plantvillage/raw/color/Apple___Apple_scab/b0586996-77d5-4d02-8112-14eb67895bcf___FREC_Scab 3000.JPG,scab,1,g0431,s_reliability,reliability_train,brightness,7952927110340610202,0.8005466958293288,,,,42,1,1,scab,0,-7.0421443,2.8551912,-1.1787131,123
ff0aed4abe7651b72ce0,data/plantvillage/raw/color/Apple___Apple_scab/b0586996-77d5-4d02-8112-14eb67895bcf___FREC_Scab 3000.JPG,scab,1,g0431,s_reliability,reliability_train,contrast,1682118691116095476,,1.2686159429884376,,,42,1,1,scab,0,-7.100804,2.6227343,-0.997747,123
79ab145fa7716ff591ba,data/plantvillage/raw/color/Apple___Apple_scab/b0586996-77d5-4d02-8112-14eb67895bcf___FREC_Scab 3000.JPG,scab,1,g0431,s_reliability,reliability_train,gaussian_blur,1768265474320354651,,,0.5156839472162262,,42,1,1,scab,0,-8.046327,2.7857535,-0.33883992,123
f65e2e9715887954d2ae,data/plantvillage/raw/color/Apple___Apple_scab/b0586996-77d5-4d02-8112-14eb67895bcf___FREC_Scab 3000.JPG,scab,1,g0431,s_reliability,reliability_train,gaussian_noise,6142001892156142873,,,,0.032026510434003515,42,1,1,scab,0,-7.0809493,2.9477017,-1.3646158,123
3cce3a86f7812c80d3dc,data/plantvillage/raw/color/Apple___Apple_scab/b0613c0d-0e9d-4e47-9743-57f5da39a092___FREC_Scab 3311.JPG,scab,1,g0432,s_reliability,reliability_train,original,,,,,,42,1,1,scab,0,-2.2728074,1.2914655,-2.5981083,123
aecaeac03d0f0f89a7d0,data/plantvillage/raw/color/Apple___Apple_scab/b0613c0d-0e9d-4e47-9743-57f5da39a092___FREC_Scab 3311.JPG,scab,1,g0432,s_reliability,reliability_train,brightness,6172278537448813350,1.0997443321307243,,,,42,1,1,scab,0,-2.2423375,1.2230358,-2.5327451,123
8b2e5884a5476c31d7a5,data/plantvillage/raw/color/Apple___Apple_scab/b0613c0d-0e9d-4e47-9743-57f5da39a092___FREC_Scab 3311.JPG,scab,1,g0432,s_reliability,reliability_train,contrast,1013514562999877203,,1.1473995946261688,,,42,1,1,scab,0,-2.4302979,1.4069118,-2.6039932,123
f28680e6b7e83e17757e,data/plantvillage/raw/color/Apple___Apple_scab/b0613c0d-0e9d-4e47-9743-57f5da39a092___FREC_Scab 3311.JPG,scab,1,g0432,s_reliability,reliability_train,gaussian_blur,146687812428361123,,,1.3328799429403104,,42,1,1,scab,0,-6.3102345,2.7343476,-0.85251707,123
8cacfd06f09d6f62e2cc,data/plantvillage/raw/color/Apple___Apple_scab/b0613c0d-0e9d-4e47-9743-57f5da39a092___FREC_Scab 3311.JPG,scab,1,g0432,s_reliability,reliability_train,gaussian_noise,5541221097288159030,,,,0.03636296554504123,42,1,1,scab,0,-1.9531568,1.111605,-2.6173427,123
139687ee362b5e9d21d9,data/plantvillage/raw/color/Apple___Apple_scab/b0744c40-7396-4efb-9d0e-d7b1f22a9dd4___FREC_Scab 3407.JPG,scab,1,g0433,s_reliability,reliability_train,original,,,,,,42,1,1,scab,0,-2.5100195,0.44496232,-1.6604,123
86f4c74c6d89ffd37de5,data/plantvillage/raw/color/Apple___Apple_scab/b0744c40-7396-4efb-9d0e-d7b1f22a9dd4___FREC_Scab 3407.JPG,scab,1,g0433,s_reliability,reliability_train,brightness,1609017618644415397,1.2390458843753267,,,,42,1,1,scab,0,-3.3197587,0.78286725,-1.51693,123
ba608d2e08bff74ea096,data/plantvillage/raw/color/Apple___Apple_scab/b0744c40-7396-4efb-9d0e-d7b1f22a9dd4___FREC_Scab 3407.JPG,scab,1,g0433,s_reliability,reliability_train,contrast,8122881908581990286,,0.8354148612602539,,,42,1,1,scab,0,-2.0665066,0.1441706,-1.6383789,123
3d88c6c3fe5e3d940e71,data/plantvillage/raw/color/Apple___Apple_scab/b0744c40-7396-4efb-9d0e-d7b1f22a9dd4___FREC_Scab 3407.JPG,scab,1,g0433,s_reliability,reliability_train,gaussian_blur,7940787263788009057,,,0.6832736244122987,,42,1,1,scab,0,-2.8668764,0.74672556,-1.3592684,123
41d4191673536562db86,data/plantvillage/raw/color/Apple___Apple_scab/b0744c40-7396-4efb-9d0e-d7b1f22a9dd4___FREC_Scab 3407.JPG,scab,1,g0433,s_reliability,reliability_train,gaussian_noise,9169424454154666307,,,,0.03610123226940445,42,1,1,scab,0,-2.1790123,0.5104068,-1.8894311,123
e4677a6470409be9094d,data/plantvillage/raw/color/Apple___Apple_scab/b18d07ee-d2e2-4cc2-876c-e03e3839f3b6___FREC_Scab 3427.JPG,scab,1,g0436,s_reliability,reliability_val,original,,,,,,42,1,1,scab,0,-7.888078,3.351868,-0.42136338,123
0e06b7e8eeb8be804408,data/plantvillage/raw/color/Apple___Apple_scab/b18d07ee-d2e2-4cc2-876c-e03e3839f3b6___FREC_Scab 3427.JPG,scab,1,g0436,s_reliability,reliability_val,brightness,5433962825758649428,0.9147716091463571,,,,42,1,1,scab,0,-7.441327,3.3622675,-0.6040429,123
4f6ef275cbe5ea78577e,data/plantvillage/raw/color/Apple___Apple_scab/b18d07ee-d2e2-4cc2-876c-e03e3839f3b6___FREC_Scab 3427.JPG,scab,1,g0436,s_reliability,reliability_val,contrast,2668337899190834538,,0.7244912832023105,,,42,1,1,scab,0,-7.4245324,3.6017148,-0.8971946,123
c3345aebf33e31d10db3,data/plantvillage/raw/color/Apple___Apple_scab/b18d07ee-d2e2-4cc2-876c-e03e3839f3b6___FREC_Scab 3427.JPG,scab,1,g0436,s_reliability,reliability_val,gaussian_blur,7790059197010771626,,,1.2970322295228995,,42,1,1,scab,0,-3.9446888,0.82491654,0.46256417,123
f030d5165dc9c9b789e6,data/plantvillage/raw/color/Apple___Apple_scab/b18d07ee-d2e2-4cc2-876c-e03e3839f3b6___FREC_Scab 3427.JPG,scab,1,g0436,s_reliability,reliability_val,gaussian_noise,4015773787956737214,,,,0.0350032266694089,42,1,1,scab,0,-8.540429,4.3645835,-0.9601139,123
8d32cc37b2803feff689,data/plantvillage/raw/color/Apple___Apple_scab/b3b884bb-55ff-42dd-81d6-d8260acd4ad5___FREC_Scab 3281.JPG,scab,1,g0443,s_reliability,reliability_train,original,,,,,,42,1,1,scab,0,-7.5272512,2.8836644,-0.5335766,123
2f685aeadd1f4cc3aa9d,data/plantvillage/raw/color/Apple___Apple_scab/b3b884bb-55ff-42dd-81d6-d8260acd4ad5___FREC_Scab 3281.JPG,scab,1,g0443,s_reliability,reliability_train,brightness,5461517828774389606,1.2234658644013359,,,,42,1,1,scab,0,-7.1618576,2.7907016,-0.6757355,123
8972082bf555d6870e7d,data/plantvillage/raw/color/Apple___Apple_scab/b3b884bb-55ff-42dd-81d6-d8260acd4ad5___FREC_Scab 3281.JPG,scab,1,g0443,s_reliability,reliability_train,contrast,6038178116403214232,,1.1273075715292218,,,42,1,1,scab,0,-7.4161115,2.99596,-0.6866846,123
5ef049f1f821568b4db5,data/plantvillage/raw/color/Apple___Apple_scab/b3b884bb-55ff-42dd-81d6-d8260acd4ad5___FREC_Scab 3281.JPG,scab,1,g0443,s_reliability,reliability_train,gaussian_blur,5387607463794845550,,,1.269636251700902,,42,1,1,scab,0,-7.242286,1.9531401,1.0474378,123
4f5d965683ee4444c67e,data/plantvillage/raw/color/Apple___Apple_scab/b3b884bb-55ff-42dd-81d6-d8260acd4ad5___FREC_Scab 3281.JPG,scab,1,g0443,s_reliability,reliability_train,gaussian_noise,8786791336174513931,,,,0.018169393079627352,42,1,1,scab,0,-7.470965,2.9239497,-0.59901226,123
3e88d4f799d766a05ec8,data/plantvillage/raw/color/Apple___Apple_scab/b8829a11-a69e-479f-977e-3890cd1d76b1___FREC_Scab 3144.JPG,scab,1,g0453,s_reliability,reliability_train,original,,,,,,42,1,1,scab,0,-5.3361425,5.389986,-4.8520036,123
35ded7b75bcd34320625,data/plantvillage/raw/color/Apple___Apple_scab/b8829a11-a69e-479f-977e-3890cd1d76b1___FREC_Scab 3144.JPG,scab,1,g0453,s_reliability,reliability_train,brightness,9208391134091162618,1.2966174251468763,,,,42,1,1,scab,0,-5.9311085,5.7095942,-4.8068237,123
0f245bc4256ea8ef219d,data/plantvillage/raw/color/Apple___Apple_scab/b8829a11-a69e-479f-977e-3890cd1d76b1___FREC_Scab 3144.JPG,scab,1,g0453,s_reliability,reliability_train,contrast,3986822183545302436,,1.1339712179014942,,,42,1,1,scab,0,-5.3900285,5.354612,-4.764374,123
76297e4245fafe341dc4,data/plantvillage/raw/color/Apple___Apple_scab/b8829a11-a69e-479f-977e-3890cd1d76b1___FREC_Scab 3144.JPG,scab,1,g0453,s_reliability,reliability_train,gaussian_blur,3349524784584136445,,,0.9949320927284397,,42,1,1,scab,0,-4.7530093,4.1674194,-3.125651,123
5abb3a191b9fe5be5133,data/plantvillage/raw/color/Apple___Apple_scab/b8829a11-a69e-479f-977e-3890cd1d76b1___FREC_Scab 3144.JPG,scab,1,g0453,s_reliability,reliability_train,gaussian_noise,2704871248453107028,,,,0.018723209323668968,42,1,1,scab,0,-5.3794475,5.4393396,-4.8867674,123
d47687613327a6e60ced,data/plantvillage/raw/color/Apple___Apple_scab/bb495423-1617-447c-95cd-52ebabee1a59___FREC_Scab 3199.JPG,scab,1,g0462,s_reliability,reliability_train,original,,,,,,42,1,1,scab,0,-9.426553,4.389638,-1.2138187,123
dea535d0d61da33d4ac9,data/plantvillage/raw/color/Apple___Apple_scab/bb495423-1617-447c-95cd-52ebabee1a59___FREC_Scab 3199.JPG,scab,1,g0462,s_reliability,reliability_train,brightness,2018697273479206254,0.7929530153377916,,,,42,1,1,scab,0,-8.866422,4.518155,-1.6462746,123
27e2628ff908e0929816,data/plantvillage/raw/color/Apple___Apple_scab/bb495423-1617-447c-95cd-52ebabee1a59___FREC_Scab 3199.JPG,scab,1,g0462,s_reliability,reliability_train,contrast,8412044584008800215,,1.1723301658138026,,,42,1,1,scab,0,-9.931328,4.356988,-0.84308255,123
0b57f353d7c7067fd355,data/plantvillage/raw/color/Apple___Apple_scab/bb495423-1617-447c-95cd-52ebabee1a59___FREC_Scab 3199.JPG,scab,1,g0462,s_reliability,reliability_train,gaussian_blur,5705864144467659981,,,1.0477104495454186,,42,1,1,scab,0,-8.994459,3.9655528,-0.3488932,123
c0b7581d57c025349485,data/plantvillage/raw/color/Apple___Apple_scab/bb495423-1617-447c-95cd-52ebabee1a59___FREC_Scab 3199.JPG,scab,1,g0462,s_reliability,reliability_train,gaussian_noise,483512743947929753,,,,0.018217618647453283,42,1,1,scab,0,-9.436507,4.9822016,-1.8799537,123
059e63d71753c46c4329,data/plantvillage/raw/color/Apple___Apple_scab/bc93b0fd-568f-4969-9d2d-c94d5f340e7e___FREC_Scab 3357.JPG,scab,1,g0467,s_reliability,reliability_train,original,,,,,,42,1,1,scab,0,-9.2569475,6.1877675,-2.706534,123
1723553b51c052118452,data/plantvillage/raw/color/Apple___Apple_scab/bc93b0fd-568f-4969-9d2d-c94d5f340e7e___FREC_Scab 3357.JPG,scab,1,g0467,s_reliability,reliability_train,brightness,9048915088103010195,1.1710924533531353,,,,42,1,1,scab,0,-9.46233,6.096584,-2.4985154,123
367deb4b825b6794c7ad,data/plantvillage/raw/color/Apple___Apple_scab/bc93b0fd-568f-4969-9d2d-c94d5f340e7e___FREC_Scab 3357.JPG,scab,1,g0467,s_reliability,reliability_train,contrast,5419950300952988657,,0.9205933367473454,,,42,1,1,scab,0,-9.098689,6.1704497,-2.7440836,123
fee0763ee59d95e185b2,data/plantvillage/raw/color/Apple___Apple_scab/bc93b0fd-568f-4969-9d2d-c94d5f340e7e___FREC_Scab 3357.JPG,scab,1,g0467,s_reliability,reliability_train,gaussian_blur,3283230730986264959,,,0.9760748037583175,,42,1,1,scab,0,-10.365636,5.601058,-0.6776376,123
ea41281b3e657f0a0a0e,data/plantvillage/raw/color/Apple___Apple_scab/bc93b0fd-568f-4969-9d2d-c94d5f340e7e___FREC_Scab 3357.JPG,scab,1,g0467,s_reliability,reliability_train,gaussian_noise,3335663107226196639,,,,0.04005313934494088,42,1,1,scab,0,-9.059509,6.415134,-3.0501266,123
853d4fde46c548ef939b,data/plantvillage/raw/color/Apple___Apple_scab/bce3ba0b-a142-4b28-8cb3-eb6bb6a3b8a2___FREC_Scab 3142.JPG,scab,1,g0469,s_reliability,reliability_val,original,,,,,,42,1,1,scab,0,-5.5495057,6.0250707,-5.2770166,123
a452968b3d44ba0eab49,data/plantvillage/raw/color/Apple___Apple_scab/bce3ba0b-a142-4b28-8cb3-eb6bb6a3b8a2___FREC_Scab 3142.JPG,scab,1,g0469,s_reliability,reliability_val,brightness,747806228863782219,0.8468123651134889,,,,42,1,1,scab,0,-5.535288,6.2402525,-5.5228715,123
90bc4b04cd9196e1abeb,data/plantvillage/raw/color/Apple___Apple_scab/bce3ba0b-a142-4b28-8cb3-eb6bb6a3b8a2___FREC_Scab 3142.JPG,scab,1,g0469,s_reliability,reliability_val,contrast,2337357180637813691,,1.2466547931267542,,,42,1,1,scab,0,-6.0241513,6.0765853,-4.993111,123
6760318c5ba5b07c1d83,data/plantvillage/raw/color/Apple___Apple_scab/bce3ba0b-a142-4b28-8cb3-eb6bb6a3b8a2___FREC_Scab 3142.JPG,scab,1,g0469,s_reliability,reliability_val,gaussian_blur,4315696719489736644,,,0.9610238434612566,,42,1,1,scab,0,-5.79244,5.237715,-3.6960907,123
a16e1eb59be0104f087c,data/plantvillage/raw/color/Apple___Apple_scab/bce3ba0b-a142-4b28-8cb3-eb6bb6a3b8a2___FREC_Scab 3142.JPG,scab,1,g0469,s_reliability,reliability_val,gaussian_noise,9172706799142511284,,,,0.023358334001009867,42,1,1,scab,0,-5.356265,6.010951,-5.4116488,123
5d1f93bd32ea557bca4f,data/plantvillage/raw/color/Apple___Apple_scab/be076652-b1bd-430c-a752-db525c1dfcfd___FREC_Scab 3367.JPG,scab,1,g0473,s_reliability,reliability_train,original,,,,,,42,1,1,scab,0,-1.3951831,2.1234648,-3.7888548,123
2e470596efc5b03f414c,data/plantvillage/raw/color/Apple___Apple_scab/be076652-b1bd-430c-a752-db525c1dfcfd___FREC_Scab 3367.JPG,scab,1,g0473,s_reliability,reliability_train,brightness,468891839519133375,1.248345642282966,,,,42,1,1,scab,0,-2.1061363,2.1105437,-3.5225062,123
809f2fe0a4c1c70649c0,data/plantvillage/raw/color/Apple___Apple_scab/be076652-b1bd-430c-a752-db525c1dfcfd___FREC_Scab 3367.JPG,scab,1,g0473,s_reliability,reliability_train,contrast,6026906208576622841,,1.1639772761704485,,,42,1,1,scab,0,-1.6787935,2.2599754,-3.817095,123
9e42d05ce12e2e70736a,data/plantvillage/raw/color/Apple___Apple_scab/be076652-b1bd-430c-a752-db525c1dfcfd___FREC_Scab 3367.JPG,scab,1,g0473,s_reliability,reliability_train,gaussian_blur,140681850239679399,,,0.7143439654814951,,42,1,1,scab,0,-1.6440189,1.4857816,-2.6125126,123
1de364be7265b434f79c,data/plantvillage/raw/color/Apple___Apple_scab/be076652-b1bd-430c-a752-db525c1dfcfd___FREC_Scab 3367.JPG,scab,1,g0473,s_reliability,reliability_train,gaussian_noise,4873517827082130453,,,,0.01423058263930323,42,1,1,scab,0,-1.3249048,2.1036825,-3.8292532,123
66c0e692df07aed6c5c9,data/plantvillage/raw/color/Apple___Apple_scab/be10c6a0-b99b-4c91-b78f-141a12beb70c___FREC_Scab 3106.JPG,scab,1,g0475,s_reliability,reliability_train,original,,,,,,42,1,1,scab,0,-5.4927945,2.5140507,-2.205285,123
a1e38ba685b57121b01f,data/plantvillage/raw/color/Apple___Apple_scab/be10c6a0-b99b-4c91-b78f-141a12beb70c___FREC_Scab 3106.JPG,scab,1,g0475,s_reliability,reliability_train,brightness,2093234416634640291,1.2577250415163055,,,,42,1,1,scab,0,-5.004373,2.5643208,-2.4799771,123
20784a8f1e297b710d98,data/plantvillage/raw/color/Apple___Apple_scab/be10c6a0-b99b-4c91-b78f-141a12beb70c___FREC_Scab 3106.JPG,scab,1,g0475,s_reliability,reliability_train,contrast,8840685647281328029,,0.9901560648770938,,,42,1,1,scab,0,-5.4741025,2.4904723,-2.197669,123
c26b5befad8ceb7ee73d,data/plantvillage/raw/color/Apple___Apple_scab/be10c6a0-b99b-4c91-b78f-141a12beb70c___FREC_Scab 3106.JPG,scab,1,g0475,s_reliability,reliability_train,gaussian_blur,7092477757485316286,,,1.0848046155918925,,42,1,1,scab,0,-5.7808065,2.2657545,-0.950987,123
7730aba2086d387de00f,data/plantvillage/raw/color/Apple___Apple_scab/be10c6a0-b99b-4c91-b78f-141a12beb70c___FREC_Scab 3106.JPG,scab,1,g0475,s_reliability,reliability_train,gaussian_noise,7578189388239776933,,,,0.03779423464533834,42,1,1,scab,0,-5.47179,2.7679796,-2.489636,123
3351b9203942682f23da,data/plantvillage/raw/color/Apple___Apple_scab/be23de1a-2db8-4d7f-8b5f-cee56829d49c___FREC_Scab 2991.JPG,scab,1,g0476,s_reliability,reliability_train,original,,,,,,42,1,1,scab,0,-0.91235065,3.6535466,-6.1176686,123
cec086741d779ec2b11d,data/plantvillage/raw/color/Apple___Apple_scab/be23de1a-2db8-4d7f-8b5f-cee56829d49c___FREC_Scab 2991.JPG,scab,1,g0476,s_reliability,reliability_train,brightness,3888022860625343638,0.8862820281585357,,,,42,1,1,scab,0,-0.71452385,3.70224,-6.2530265,123
c74550f3cd4fc8360b3c,data/plantvillage/raw/color/Apple___Apple_scab/be23de1a-2db8-4d7f-8b5f-cee56829d49c___FREC_Scab 2991.JPG,scab,1,g0476,s_reliability,reliability_train,contrast,3191688678181321734,,0.7037424030307867,,,42,1,1,scab,0,-0.3936394,3.6330166,-6.190048,123
f0cbbb82c58c3fee1eb3,data/plantvillage/raw/color/Apple___Apple_scab/be23de1a-2db8-4d7f-8b5f-cee56829d49c___FREC_Scab 2991.JPG,scab,1,g0476,s_reliability,reliability_train,gaussian_blur,6705277102603589398,,,1.0118950879643958,,42,1,1,scab,0,-1.3101289,2.851335,-3.6401474,123
799d3046bc88a8d5e49f,data/plantvillage/raw/color/Apple___Apple_scab/be23de1a-2db8-4d7f-8b5f-cee56829d49c___FREC_Scab 2991.JPG,scab,1,g0476,s_reliability,reliability_train,gaussian_noise,3329248524108113182,,,,0.021488392495137624,42,1,1,scab,0,-0.918558,3.7388868,-6.2411814,123
d9ae98287bdf61a41fc5,data/plantvillage/raw/color/Apple___Apple_scab/bf99a731-b08d-47af-8d65-196bbb0ca2e3___FREC_Scab 3344.JPG,scab,1,g0479,s_reliability,reliability_train,original,,,,,,42,1,1,scab,0,-1.3782935,2.0860367,-3.5721438,123
16d6e8474251715da3ba,data/plantvillage/raw/color/Apple___Apple_scab/bf99a731-b08d-47af-8d65-196bbb0ca2e3___FREC_Scab 3344.JPG,scab,1,g0479,s_reliability,reliability_train,brightness,7247022035251448141,1.010195864291732,,,,42,1,1,scab,0,-1.4394797,2.0763466,-3.533995,123
1a4eaec54afd4da91734,data/plantvillage/raw/color/Apple___Apple_scab/bf99a731-b08d-47af-8d65-196bbb0ca2e3___FREC_Scab 3344.JPG,scab,1,g0479,s_reliability,reliability_train,contrast,1027394011177331172,,0.9762227048062445,,,42,1,1,scab,0,-1.4030695,2.1316488,-3.6047525,123
4354c6c4c0ddab4d68dd,data/plantvillage/raw/color/Apple___Apple_scab/bf99a731-b08d-47af-8d65-196bbb0ca2e3___FREC_Scab 3344.JPG,scab,1,g0479,s_reliability,reliability_train,gaussian_blur,4762830617287144849,,,0.834465169457021,,42,1,1,scab,0,-1.7232015,1.6936066,-2.4827092,123
366d4b1bd2b209676d7b,data/plantvillage/raw/color/Apple___Apple_scab/bf99a731-b08d-47af-8d65-196bbb0ca2e3___FREC_Scab 3344.JPG,scab,1,g0479,s_reliability,reliability_train,gaussian_noise,4571190116343811820,,,,0.04011952650728509,42,1,1,scab,0,-1.2600706,2.2312038,-3.7005458,123
5841b87e6d8290612a1f,data/plantvillage/raw/color/Apple___Apple_scab/c2997bb6-d9ae-4ffc-bc3f-c85510480e13___FREC_Scab 3428.JPG,scab,1,g0487,s_reliability,reliability_val,original,,,,,,42,1,1,scab,0,-10.029297,3.6908648,0.52374154,123
b0ec4ee4a6e790f69388,data/plantvillage/raw/color/Apple___Apple_scab/c2997bb6-d9ae-4ffc-bc3f-c85510480e13___FREC_Scab 3428.JPG,scab,1,g0487,s_reliability,reliability_val,brightness,3740842535001215476,0.9573102932016444,,,,42,1,1,scab,0,-9.910594,3.717202,0.46127847,123
831ea09bc6276f27f626,data/plantvillage/raw/color/Apple___Apple_scab/c2997bb6-d9ae-4ffc-bc3f-c85510480e13___FREC_Scab 3428.JPG,scab,1,g0487,s_reliability,reliability_val,contrast,8569842686658502853,,0.8506239025281936,,,42,1,1,scab,0,-9.7180805,3.78168,0.2729864,123
d54f0706b0f58c44ae6c,data/plantvillage/raw/color/Apple___Apple_scab/c2997bb6-d9ae-4ffc-bc3f-c85510480e13___FREC_Scab 3428.JPG,scab,1,g0487,s_reliability,reliability_val,gaussian_blur,3812326814757576050,,,0.848278808338864,,42,1,1,scab,0,-9.125374,3.4148328,0.30212864,123
3561dca5ef89914e5b01,data/plantvillage/raw/color/Apple___Apple_scab/c2997bb6-d9ae-4ffc-bc3f-c85510480e13___FREC_Scab 3428.JPG,scab,1,g0487,s_reliability,reliability_val,gaussian_noise,4982505654232093346,,,,0.03400362648292168,42,1,1,scab,0,-11.061784,4.6440263,0.14003125,123
ef30c62b55b0150215ec,data/plantvillage/raw/color/Apple___Apple_scab/c4175126-9e07-4465-9574-0229bb5b1f41___FREC_Scab 3304.JPG,scab,1,g0490,s_reliability,reliability_train,original,,,,,,42,1,1,scab,0,-1.4480188,2.3216891,-4.108861,123
e89af94b595e30763322,data/plantvillage/raw/color/Apple___Apple_scab/c4175126-9e07-4465-9574-0229bb5b1f41___FREC_Scab 3304.JPG,scab,1,g0490,s_reliability,reliability_train,brightness,7522189799956156914,0.8411433357399132,,,,42,1,1,scab,0,-1.4409611,2.3840349,-4.2269254,123
42ec5ae44acdc6fa1da5,data/plantvillage/raw/color/Apple___Apple_scab/c4175126-9e07-4465-9574-0229bb5b1f41___FREC_Scab 3304.JPG,scab,1,g0490,s_reliability,reliability_train,contrast,8223941602958246239,,1.1535157496090807,,,42,1,1,scab,0,-1.4406924,2.234382,-3.887131,123
b03a770d51cdd05a6483,data/plantvillage/raw/color/Apple___Apple_scab/c4175126-9e07-4465-9574-0229bb5b1f41___FREC_Scab 3304.JPG,scab,1,g0490,s_reliability,reliability_train,gaussian_blur,375030629981587881,,,0.9939659642195849,,42,1,1,scab,0,-2.593475,1.809825,-2.3376076,123
f80faa0296cf4f6d483c,data/plantvillage/raw/color/Apple___Apple_scab/c4175126-9e07-4465-9574-0229bb5b1f41___FREC_Scab 3304.JPG,scab,1,g0490,s_reliability,reliability_train,gaussian_noise,5779355818197747484,,,,0.04004929382757796,42,1,1,scab,0,-1.7860785,2.9820187,-4.593661,123
6742d0442924ff0ebcdb,data/plantvillage/raw/color/Apple___Apple_scab/c777c2ac-ea64-4aad-a97a-90b35e2db603___FREC_Scab 3156.JPG,scab,1,g0500,s_reliability,reliability_train,original,,,,,,42,1,1,scab,0,-5.3998637,3.5874279,-3.155055,123
9a4b70b0740d50177122,data/plantvillage/raw/color/Apple___Apple_scab/c777c2ac-ea64-4aad-a97a-90b35e2db603___FREC_Scab 3156.JPG,scab,1,g0500,s_reliability,reliability_train,brightness,2137346410651959993,1.0634317711991101,,,,42,1,1,scab,0,-5.8083153,3.6482198,-2.9414833,123
c67f224b1524f16c2626,data/plantvillage/raw/color/Apple___Apple_scab/c777c2ac-ea64-4aad-a97a-90b35e2db603___FREC_Scab 3156.JPG,scab,1,g0500,s_reliability,reliability_train,contrast,7400380981698989765,,0.9963896612110242,,,42,1,1,scab,0,-5.388453,3.5725584,-3.126279,123
a1257232f0ce2e6d6bc2,data/plantvillage/raw/color/Apple___Apple_scab/c777c2ac-ea64-4aad-a97a-90b35e2db603___FREC_Scab 3156.JPG,scab,1,g0500,s_reliability,reliability_train,gaussian_blur,7582638355374054887,,,0.986500435696399,,42,1,1,scab,0,-6.9065824,3.594506,-1.3093561,123
dac6798e391c810f3b98,data/plantvillage/raw/color/Apple___Apple_scab/c777c2ac-ea64-4aad-a97a-90b35e2db603___FREC_Scab 3156.JPG,scab,1,g0500,s_reliability,reliability_train,gaussian_noise,1017854345998313964,,,,0.03334271848216784,42,1,1,scab,0,-5.9960556,3.829492,-2.9149609,123
c72cd95542ab8eb07e8a,data/plantvillage/raw/color/Apple___Apple_scab/c7dc7cfa-559a-4950-ba71-90d11dfe0b56___FREC_Scab 3381.JPG,scab,1,g0502,s_reliability,reliability_train,original,,,,,,42,1,1,scab,0,-7.9614997,3.7259936,-0.50415593,123
10fb2ee153f34a8b1284,data/plantvillage/raw/color/Apple___Apple_scab/c7dc7cfa-559a-4950-ba71-90d11dfe0b56___FREC_Scab 3381.JPG,scab,1,g0502,s_reliability,reliability_train,brightness,5884625180256917090,0.999764874293922,,,,42,1,1,scab,0,-7.975656,3.7236836,-0.49438265,123
39694c87df97ac32ded8,data/plantvillage/raw/color/Apple___Apple_scab/c7dc7cfa-559a-4950-ba71-90d11dfe0b56___FREC_Scab 3381.JPG,scab,1,g0502,s_reliability,reliability_train,contrast,2966477700098593653,,0.8574714276038727,,,42,1,1,scab,0,-7.4237695,3.6694207,-0.6957993,123
3fb7260184d595deb817,data/plantvillage/raw/color/Apple___Apple_scab/c7dc7cfa-559a-4950-ba71-90d11dfe0b56___FREC_Scab 3381.JPG,scab,1,g0502,s_reliability,reliability_train,gaussian_blur,5123864192935306534,,,1.0887186343635415,,42,1,1,scab,0,-7.4298763,3.2184086,0.20494263,123
bf59159276e86d6b78f3,data/plantvillage/raw/color/Apple___Apple_scab/c7dc7cfa-559a-4950-ba71-90d11dfe0b56___FREC_Scab 3381.JPG,scab,1,g0502,s_reliability,reliability_train,gaussian_noise,5631895871204837372,,,,0.015897831330748353,42,1,1,scab,0,-7.8866067,3.781209,-0.60138947,123
32dc1c93cb51bfe6de7b,data/plantvillage/raw/color/Apple___Apple_scab/cbc265da-87e2-449e-8585-b744f9371772___FREC_Scab 3431.JPG,scab,1,g0509,s_reliability,reliability_val,original,,,,,,42,1,0,healthy,1,1.9441987,-0.0010688799,-4.714738,123
bab92c113e0358991a3f,data/plantvillage/raw/color/Apple___Apple_scab/cbc265da-87e2-449e-8585-b744f9371772___FREC_Scab 3431.JPG,scab,1,g0509,s_reliability,reliability_val,brightness,5056905971472319256,0.9474640265332708,,,,42,1,0,healthy,1,2.037964,-0.025750954,-4.7283463,123
33e720b21626e021182d,data/plantvillage/raw/color/Apple___Apple_scab/cbc265da-87e2-449e-8585-b744f9371772___FREC_Scab 3431.JPG,scab,1,g0509,s_reliability,reliability_val,contrast,8736650102769787273,,1.0385878510684339,,,42,1,0,healthy,1,1.9226916,-0.01783942,-4.7110453,123
e12185e7e72637af1aed,data/plantvillage/raw/color/Apple___Apple_scab/cbc265da-87e2-449e-8585-b744f9371772___FREC_Scab 3431.JPG,scab,1,g0509,s_reliability,reliability_val,gaussian_blur,6257682876666823215,,,0.8877760899887279,,42,1,1,scab,0,-0.32063025,-0.23272307,-2.169981,123
569788d1d095578d5a42,data/plantvillage/raw/color/Apple___Apple_scab/cbc265da-87e2-449e-8585-b744f9371772___FREC_Scab 3431.JPG,scab,1,g0509,s_reliability,reliability_val,gaussian_noise,4268026207331765419,,,,0.02074394352372387,42,1,0,healthy,1,1.9856396,-0.032837797,-4.7049694,123
cdc1fb3bfa3dc6bdda0f,data/plantvillage/raw/color/Apple___Apple_scab/cf1d9afc-3473-4c97-ae0b-6f2352d9d595___FREC_Scab 3457.JPG,scab,1,g0518,s_reliability,reliability_train,original,,,,,,42,1,1,scab,0,-4.5549464,3.2003732,-1.7662939,123
8afc9ed692ba1f2a2c53,data/plantvillage/raw/color/Apple___Apple_scab/cf1d9afc-3473-4c97-ae0b-6f2352d9d595___FREC_Scab 3457.JPG,scab,1,g0518,s_reliability,reliability_train,brightness,2857273047274505018,0.9037815160389845,,,,42,1,1,scab,0,-4.2451606,3.0480292,-1.7839909,123
da5c36f278d6c8f11cd1,data/plantvillage/raw/color/Apple___Apple_scab/cf1d9afc-3473-4c97-ae0b-6f2352d9d595___FREC_Scab 3457.JPG,scab,1,g0518,s_reliability,reliability_train,contrast,330354042832053660,,0.8453985510240615,,,42,1,1,scab,0,-4.042998,2.9528773,-1.8452368,123
25f6c9f1ade8828def6d,data/plantvillage/raw/color/Apple___Apple_scab/cf1d9afc-3473-4c97-ae0b-6f2352d9d595___FREC_Scab 3457.JPG,scab,1,g0518,s_reliability,reliability_train,gaussian_blur,550383241829639249,,,0.7308864152901393,,42,1,1,scab,0,-3.7971447,2.5422385,-1.4139571,123
89b8ae8b6153bf770201,data/plantvillage/raw/color/Apple___Apple_scab/cf1d9afc-3473-4c97-ae0b-6f2352d9d595___FREC_Scab 3457.JPG,scab,1,g0518,s_reliability,reliability_train,gaussian_noise,7901847186880501343,,,,0.04420665802349929,42,1,1,scab,0,-4.218281,3.5409,-2.3625538,123
7b8df1c1f46af4c77f07,data/plantvillage/raw/color/Apple___Apple_scab/d01086a5-c14e-424a-8825-47343752c0a0___FREC_Scab 3170.JPG,scab,1,g0520,s_reliability,reliability_train,original,,,,,,42,1,1,scab,0,-1.3821334,0.23531242,-2.3363414,123
bd74e5f5301e5e09fb75,data/plantvillage/raw/color/Apple___Apple_scab/d01086a5-c14e-424a-8825-47343752c0a0___FREC_Scab 3170.JPG,scab,1,g0520,s_reliability,reliability_train,brightness,8502099065992886462,0.9484360234679119,,,,42,1,1,scab,0,-1.4226587,0.3022869,-2.3655086,123
b4f560854bba4ddd838a,data/plantvillage/raw/color/Apple___Apple_scab/d01086a5-c14e-424a-8825-47343752c0a0___FREC_Scab 3170.JPG,scab,1,g0520,s_reliability,reliability_train,contrast,213286171536016242,,0.7245806733016953,,,42,1,1,scab,0,-1.0895903,0.30529103,-2.516164,123
ca7013030767e0301afd,data/plantvillage/raw/color/Apple___Apple_scab/d01086a5-c14e-424a-8825-47343752c0a0___FREC_Scab 3170.JPG,scab,1,g0520,s_reliability,reliability_train,gaussian_blur,5720066502349665738,,,1.48404884005111,,42,1,1,scab,0,-3.9559011,0.35162696,0.046705544,123
44d91a76d4fc0684c1df,data/plantvillage/raw/color/Apple___Apple_scab/d01086a5-c14e-424a-8825-47343752c0a0___FREC_Scab 3170.JPG,scab,1,g0520,s_reliability,reliability_train,gaussian_noise,2855381845705569474,,,,0.024636215337760954,42,1,1,scab,0,-1.3909158,0.2591418,-2.357946,123
988918179031e561fdc8,data/plantvillage/raw/color/Apple___Apple_scab/d1773f0b-f049-4bb1-b13f-d33b96078ab3___FREC_Scab 3046.JPG,scab,1,g0523,s_reliability,reliability_train,original,,,,,,42,1,1,scab,0,-3.1151488,2.5022497,-3.0264668,123
5ca86532b5780a079676,data/plantvillage/raw/color/Apple___Apple_scab/d1773f0b-f049-4bb1-b13f-d33b96078ab3___FREC_Scab 3046.JPG,scab,1,g0523,s_reliability,reliability_train,brightness,2469286591440447040,0.8515899808895702,,,,42,1,1,scab,0,-3.288478,2.6244948,-3.052754,123
76774466615fbe76f265,data/plantvillage/raw/color/Apple___Apple_scab/d1773f0b-f049-4bb1-b13f-d33b96078ab3___FREC_Scab 3046.JPG,scab,1,g0523,s_reliability,reliability_train,contrast,8321708325944447172,,1.0500862328264504,,,42,1,1,scab,0,-3.0692494,2.495041,-3.0436494,123
44889990e000ea18b07a,data/plantvillage/raw/color/Apple___Apple_scab/d1773f0b-f049-4bb1-b13f-d33b96078ab3___FREC_Scab 3046.JPG,scab,1,g0523,s_reliability,reliability_train,gaussian_blur,2352156083447313615,,,1.0601031621038663,,42,1,1,scab,0,-4.645996,2.0116217,-0.61011493,123
3dcff4eec44cb2d47241,data/plantvillage/raw/color/Apple___Apple_scab/d1773f0b-f049-4bb1-b13f-d33b96078ab3___FREC_Scab 3046.JPG,scab,1,g0523,s_reliability,reliability_train,gaussian_noise,4269349820224831243,,,,0.03818404470856569,42,1,1,scab,0,-3.1784337,2.5639946,-2.9582434,123
886cb2cf9964aab16a45,data/plantvillage/raw/color/Apple___Apple_scab/d1a9a2ab-6d10-4c1a-87e1-349117b2700f___FREC_Scab 3389.JPG,scab,1,g0525,s_reliability,reliability_train,original,,,,,,42,1,1,scab,0,-5.7187386,2.8871858,-1.9473362,123
b8ee1954389c8f45ee3d,data/plantvillage/raw/color/Apple___Apple_scab/d1a9a2ab-6d10-4c1a-87e1-349117b2700f___FREC_Scab 3389.JPG,scab,1,g0525,s_reliability,reliability_train,brightness,6859583629659218250,1.0102304264421713,,,,42,1,1,scab,0,-5.7367344,2.8826604,-1.9311882,123
c4b1baae25c25692d794,data/plantvillage/raw/color/Apple___Apple_scab/d1a9a2ab-6d10-4c1a-87e1-349117b2700f___FREC_Scab 3389.JPG,scab,1,g0525,s_reliability,reliability_train,contrast,4058140755306588739,,0.84776824179173,,,42,1,1,scab,0,-5.771768,2.9336343,-1.9520195,123
a82405ef2918c7e723b2,data/plantvillage/raw/color/Apple___Apple_scab/d1a9a2ab-6d10-4c1a-87e1-349117b2700f___FREC_Scab 3389.JPG,scab,1,g0525,s_reliability,reliability_train,gaussian_blur,237920301298847184,,,0.5030680657279644,,42,1,1,scab,0,-7.623408,3.1044562,-0.6967979,123
66f2f06fe1cba12024f8,data/plantvillage/raw/color/Apple___Apple_scab/d1a9a2ab-6d10-4c1a-87e1-349117b2700f___FREC_Scab 3389.JPG,scab,1,g0525,s_reliability,reliability_train,gaussian_noise,4624797352089108835,,,,0.04479208544282314,42,1,1,scab,0,-5.541374,2.7789977,-2.040399,123
a8d2354771e3bd289c74,data/plantvillage/raw/color/Apple___Apple_scab/d652b023-0ade-4f34-a490-206a87489e5e___FREC_Scab 3066.JPG,scab,1,g0531,s_reliability,reliability_train,original,,,,,,42,1,1,scab,0,-1.4688065,3.3713648,-5.327854,123
324879e6faaeab72c880,data/plantvillage/raw/color/Apple___Apple_scab/d652b023-0ade-4f34-a490-206a87489e5e___FREC_Scab 3066.JPG,scab,1,g0531,s_reliability,reliability_train,brightness,5597494013240801283,1.0414048286357906,,,,42,1,1,scab,0,-1.2992805,3.242548,-5.3158402,123
3bd0ac5e2251bc56e097,data/plantvillage/raw/color/Apple___Apple_scab/d652b023-0ade-4f34-a490-206a87489e5e___FREC_Scab 3066.JPG,scab,1,g0531,s_reliability,reliability_train,contrast,3133614580395690043,,0.8893524524534726,,,42,1,1,scab,0,-1.5495834,3.4018824,-5.2933197,123
1d67ac439b7d96dfd592,data/plantvillage/raw/color/Apple___Apple_scab/d652b023-0ade-4f34-a490-206a87489e5e___FREC_Scab 3066.JPG,scab,1,g0531,s_reliability,reliability_train,gaussian_blur,572315229745367715,,,1.3472340716242122,,42,1,1,scab,0,-6.1857986,3.7254398,-1.8554955,123
846e37f1a5a3a263a8fd,data/plantvillage/raw/color/Apple___Apple_scab/d652b023-0ade-4f34-a490-206a87489e5e___FREC_Scab 3066.JPG,scab,1,g0531,s_reliability,reliability_train,gaussian_noise,3424756567415499738,,,,0.021886374376956723,42,1,1,scab,0,-1.3557132,3.2653365,-5.287447,123
5f571d013ad854e2224b,data/plantvillage/raw/color/Apple___Apple_scab/d7bdef33-fa84-4240-a931-8a568d62cee7___FREC_Scab 2946.JPG,scab,1,g0537,s_reliability,reliability_train,original,,,,,,42,1,1,scab,0,-2.7431498,2.806414,-3.6711528,123
5e104a28abeef63a776e,data/plantvillage/raw/color/Apple___Apple_scab/d7bdef33-fa84-4240-a931-8a568d62cee7___FREC_Scab 2946.JPG,scab,1,g0537,s_reliability,reliability_train,brightness,7158419645581057179,0.8425354968992491,,,,42,1,1,scab,0,-2.888973,2.8644414,-3.650849,123
3507ef3d32ed5cfc234f,data/plantvillage/raw/color/Apple___Apple_scab/d7bdef33-fa84-4240-a931-8a568d62cee7___FREC_Scab 2946.JPG,scab,1,g0537,s_reliability,reliability_train,contrast,6244254897948269876,,0.9420265901103791,,,42,1,1,scab,0,-2.7761257,2.7771506,-3.614103,123
11862ddf348d883a40e4,data/plantvillage/raw/color/Apple___Apple_scab/d7bdef33-fa84-4240-a931-8a568d62cee7___FREC_Scab 2946.JPG,scab,1,g0537,s_reliability,reliability_train,gaussian_blur,492804959835642746,,,1.163943954783624,,42,1,1,scab,0,-6.43275,3.7013469,-1.9635936,123
67a62a355b1990249f35,data/plantvillage/raw/color/Apple___Apple_scab/d7bdef33-fa84-4240-a931-8a568d62cee7___FREC_Scab 2946.JPG,scab,1,g0537,s_reliability,reliability_train,gaussian_noise,7666599896934791682,,,,0.026699175499341504,42,1,1,scab,0,-2.6448226,2.755155,-3.6818202,123
6591fa385ec9ee0af8e9,data/plantvillage/raw/color/Apple___Apple_scab/d842b34b-d2ab-48fc-9e78-ef586308c359___FREC_Scab 2982.JPG,scab,1,g0538,s_reliability,reliability_val,original,,,,,,42,1,1,scab,0,-6.7026443,3.3114352,-1.7177882,123
673ae03eecc2fec8824a,data/plantvillage/raw/color/Apple___Apple_scab/d842b34b-d2ab-48fc-9e78-ef586308c359___FREC_Scab 2982.JPG,scab,1,g0538,s_reliability,reliability_val,brightness,6475410329276254374,1.2386595710160018,,,,42,1,1,scab,0,-6.6857743,3.2223496,-1.5316311,123
f953f8664b2e7a49353e,data/plantvillage/raw/color/Apple___Apple_scab/d842b34b-d2ab-48fc-9e78-ef586308c359___FREC_Scab 2982.JPG,scab,1,g0538,s_reliability,reliability_val,contrast,7573344243119699838,,0.9496342738793756,,,42,1,1,scab,0,-6.7751,3.2835126,-1.6184814,123
bcef58efb9e0c8b26341,data/plantvillage/raw/color/Apple___Apple_scab/d842b34b-d2ab-48fc-9e78-ef586308c359___FREC_Scab 2982.JPG,scab,1,g0538,s_reliability,reliability_val,gaussian_blur,1501443715593730015,,,0.688070553670463,,42,1,1,scab,0,-8.539251,3.3664815,-0.26600686,123
6309c92ba9f24c1a2a97,data/plantvillage/raw/color/Apple___Apple_scab/d842b34b-d2ab-48fc-9e78-ef586308c359___FREC_Scab 2982.JPG,scab,1,g0538,s_reliability,reliability_val,gaussian_noise,3139644305872625251,,,,0.02300863665722456,42,1,1,scab,0,-6.692416,3.2468,-1.6389968,123
c1d0767918ef71a90899,data/plantvillage/raw/color/Apple___Apple_scab/dd46079c-b12c-4687-9db9-5d45b7f0e510___FREC_Scab 3327.JPG,scab,1,g0550,s_reliability,reliability_train,original,,,,,,42,1,1,scab,0,-4.679286,4.10124,-3.8888288,123
70e856b2831980064d49,data/plantvillage/raw/color/Apple___Apple_scab/dd46079c-b12c-4687-9db9-5d45b7f0e510___FREC_Scab 3327.JPG,scab,1,g0550,s_reliability,reliability_train,brightness,5861252806347199678,0.9797181765906576,,,,42,1,1,scab,0,-4.6448064,4.0705657,-3.8897123,123
943319f521a83edc5d37,data/plantvillage/raw/color/Apple___Apple_scab/dd46079c-b12c-4687-9db9-5d45b7f0e510___FREC_Scab 3327.JPG,scab,1,g0550,s_reliability,reliability_train,contrast,1127686415739088288,,1.1624992152187987,,,42,1,1,scab,0,-4.628324,4.0454154,-3.8290699,123
6e4bb643e5d72090450b,data/plantvillage/raw/color/Apple___Apple_scab/dd46079c-b12c-4687-9db9-5d45b7f0e510___FREC_Scab 3327.JPG,scab,1,g0550,s_reliability,reliability_train,gaussian_blur,2917617995530086526,,,1.165110493113656,,42,1,1,scab,0,-6.6356287,3.3227224,-1.3805165,123
efd2ee20d8f69294cf76,data/plantvillage/raw/color/Apple___Apple_scab/dd46079c-b12c-4687-9db9-5d45b7f0e510___FREC_Scab 3327.JPG,scab,1,g0550,s_reliability,reliability_train,gaussian_noise,1364489554595771140,,,,0.021269607549767713,42,1,1,scab,0,-4.6062784,4.003584,-3.7876406,123
5c33993c53fc66db6f13,data/plantvillage/raw/color/Apple___Apple_scab/e893d964-8a40-46f5-b8ae-0a0f0cd79296___FREC_Scab 3333.JPG,scab,1,g0568,s_reliability,reliability_val,original,,,,,,42,1,1,scab,0,-3.7306066,3.1816573,-3.6676707,123
387ece30905184e97166,data/plantvillage/raw/color/Apple___Apple_scab/e893d964-8a40-46f5-b8ae-0a0f0cd79296___FREC_Scab 3333.JPG,scab,1,g0568,s_reliability,reliability_val,brightness,3753158999226210491,0.9026298389834047,,,,42,1,1,scab,0,-3.3298028,3.0948892,-3.7867599,123
0ec92242d27a4525a457,data/plantvillage/raw/color/Apple___Apple_scab/e893d964-8a40-46f5-b8ae-0a0f0cd79296___FREC_Scab 3333.JPG,scab,1,g0568,s_reliability,reliability_val,contrast,385536498699017954,,1.2844145736963428,,,42,1,1,scab,0,-4.0370126,3.2415645,-3.540361,123
91b0e9789105b6d0aa8f,data/plantvillage/raw/color/Apple___Apple_scab/e893d964-8a40-46f5-b8ae-0a0f0cd79296___FREC_Scab 3333.JPG,scab,1,g0568,s_reliability,reliability_val,gaussian_blur,255044416041926846,,,1.3541248027035802,,42,1,1,scab,0,-4.853915,2.353067,-1.9767004,123
b56aac6d64d4ccdf5273,data/plantvillage/raw/color/Apple___Apple_scab/e893d964-8a40-46f5-b8ae-0a0f0cd79296___FREC_Scab 3333.JPG,scab,1,g0568,s_reliability,reliability_val,gaussian_noise,7054832995050164649,,,,0.044092473053584484,42,1,1,scab,0,-4.75182,4.3998694,-4.1826167,123
73e75b9e832181c5b89e,data/plantvillage/raw/color/Apple___Apple_scab/eb3fa649-d717-4769-9f69-57f88c166455___FREC_Scab 3387.JPG,scab,1,g0573,s_reliability,reliability_train,original,,,,,,42,1,1,scab,0,-7.7341886,4.9519005,-2.418074,123
8149d9a76e77efbad534,data/plantvillage/raw/color/Apple___Apple_scab/eb3fa649-d717-4769-9f69-57f88c166455___FREC_Scab 3387.JPG,scab,1,g0573,s_reliability,reliability_train,brightness,7713147906357457671,1.2443731347541667,,,,42,1,1,scab,0,-8.049727,4.957038,-2.2195182,123
67c8d8c30fe1c9905b2d,data/plantvillage/raw/color/Apple___Apple_scab/eb3fa649-d717-4769-9f69-57f88c166455___FREC_Scab 3387.JPG,scab,1,g0573,s_reliability,reliability_train,contrast,1486398488945109529,,0.8764697601137409,,,42,1,1,scab,0,-7.636576,4.920618,-2.3996599,123
2bce2d618a530182d3d8,data/plantvillage/raw/color/Apple___Apple_scab/eb3fa649-d717-4769-9f69-57f88c166455___FREC_Scab 3387.JPG,scab,1,g0573,s_reliability,reliability_train,gaussian_blur,8959491302900519379,,,1.1968419916713606,,42,1,1,scab,0,-6.895218,3.7741776,-0.88243103,123
1fe9704088abba5f7973,data/plantvillage/raw/color/Apple___Apple_scab/eb3fa649-d717-4769-9f69-57f88c166455___FREC_Scab 3387.JPG,scab,1,g0573,s_reliability,reliability_train,gaussian_noise,7653178089826706944,,,,0.02865345925002616,42,1,1,scab,0,-7.386658,5.0561213,-2.7429237,123
122f0d918acc691f7502,data/plantvillage/raw/color/Apple___Apple_scab/ecbac6b5-e07f-4a0d-a670-1d3b97f01104___FREC_Scab 3168.JPG,scab,1,g0575,s_reliability,reliability_val,original,,,,,,42,1,1,scab,0,-0.50358385,2.2732983,-4.8361416,123
6f46e8e2c37392690b06,data/plantvillage/raw/color/Apple___Apple_scab/ecbac6b5-e07f-4a0d-a670-1d3b97f01104___FREC_Scab 3168.JPG,scab,1,g0575,s_reliability,reliability_val,brightness,1543731639467553775,1.254174743747125,,,,42,1,1,scab,0,0.08900903,1.9222728,-4.9473476,123
7ce33b82759b527260c7,data/plantvillage/raw/color/Apple___Apple_scab/ecbac6b5-e07f-4a0d-a670-1d3b97f01104___FREC_Scab 3168.JPG,scab,1,g0575,s_reliability,reliability_val,contrast,6603908419641883736,,1.1884158202057113,,,42,1,1,scab,0,-1.2315093,2.1879904,-4.1949196,123
b5130c8c9de1d3542c38,data/plantvillage/raw/color/Apple___Apple_scab/ecbac6b5-e07f-4a0d-a670-1d3b97f01104___FREC_Scab 3168.JPG,scab,1,g0575,s_reliability,reliability_val,gaussian_blur,6446396528694608677,,,0.7677728859572462,,42,1,1,scab,0,-2.2529416,1.7800261,-2.7981114,123
d4666f1cd42aa73db296,data/plantvillage/raw/color/Apple___Apple_scab/ecbac6b5-e07f-4a0d-a670-1d3b97f01104___FREC_Scab 3168.JPG,scab,1,g0575,s_reliability,reliability_val,gaussian_noise,8759925016527069934,,,,0.04916576041551946,42,1,1,scab,0,-0.95614004,2.7051222,-4.793586,123
2418a78007d300029b92,data/plantvillage/raw/color/Apple___Apple_scab/ef91867f-33c5-4063-9783-44fd47238fe0___FREC_Scab 2935.JPG,scab,1,g0585,s_reliability,reliability_train,original,,,,,,42,1,1,scab,0,-4.8943386,4.5967875,-4.0896072,123
599024069b2586573d5b,data/plantvillage/raw/color/Apple___Apple_scab/ef91867f-33c5-4063-9783-44fd47238fe0___FREC_Scab 2935.JPG,scab,1,g0585,s_reliability,reliability_train,brightness,6444138359840684703,1.1794400730192205,,,,42,1,1,scab,0,-5.2952104,4.659653,-3.8587894,123
d19cc3c97c2169d5e45f,data/plantvillage/raw/color/Apple___Apple_scab/ef91867f-33c5-4063-9783-44fd47238fe0___FREC_Scab 2935.JPG,scab,1,g0585,s_reliability,reliability_train,contrast,1175385206217818908,,1.2755038469694244,,,42,1,1,scab,0,-5.399947,4.733679,-3.785013,123
12d5119e71615bd99ec5,data/plantvillage/raw/color/Apple___Apple_scab/ef91867f-33c5-4063-9783-44fd47238fe0___FREC_Scab 2935.JPG,scab,1,g0585,s_reliability,reliability_train,gaussian_blur,2842376302690801281,,,0.651261967330521,,42,1,1,scab,0,-6.429019,4.524067,-2.7760885,123
72d5e1e51867b76c26f5,data/plantvillage/raw/color/Apple___Apple_scab/ef91867f-33c5-4063-9783-44fd47238fe0___FREC_Scab 2935.JPG,scab,1,g0585,s_reliability,reliability_train,gaussian_noise,7419713673798337500,,,,0.04560034722716899,42,1,1,scab,0,-4.4603686,4.582321,-4.2794285,123
64aeb2b617b0e562c19b,data/plantvillage/raw/color/Apple___Apple_scab/f1017472-d391-4a66-b9b2-d52916cd0c0b___FREC_Scab 3176.JPG,scab,1,g0590,s_reliability,reliability_val,original,,,,,,42,1,1,scab,0,-8.771151,2.7835593,0.6870205,123
b2fab5ca2d13ef5b1baa,data/plantvillage/raw/color/Apple___Apple_scab/f1017472-d391-4a66-b9b2-d52916cd0c0b___FREC_Scab 3176.JPG,scab,1,g0590,s_reliability,reliability_val,brightness,5630858660603823980,1.0414622245180447,,,,42,1,1,scab,0,-8.838237,2.8348753,0.621621,123
5224e1ea7b9c3a4e2c1f,data/plantvillage/raw/color/Apple___Apple_scab/f1017472-d391-4a66-b9b2-d52916cd0c0b___FREC_Scab 3176.JPG,scab,1,g0590,s_reliability,reliability_val,contrast,7172992260340678778,,0.8233353102936064,,,42,1,1,scab,0,-8.380058,2.7312057,0.50371885,123
f485c56d8551782d4d9b,data/plantvillage/raw/color/Apple___Apple_scab/f1017472-d391-4a66-b9b2-d52916cd0c0b___FREC_Scab 3176.JPG,scab,1,g0590,s_reliability,reliability_val,gaussian_blur,6805075950754817009,,,1.2177785201638696,,42,1,1,scab,0,-8.148444,2.0250278,1.3655367,123
791db6950d79f2e85a38,data/plantvillage/raw/color/Apple___Apple_scab/f1017472-d391-4a66-b9b2-d52916cd0c0b___FREC_Scab 3176.JPG,scab,1,g0590,s_reliability,reliability_val,gaussian_noise,8352018724022728698,,,,0.016717405468441034,42,1,1,scab,0,-8.793598,2.917626,0.55720437,123
93150555a308e48aee71,data/plantvillage/raw/color/Apple___Apple_scab/f6946261-1a18-4306-ba87-ca25344d9bd2___FREC_Scab 3525.JPG,scab,1,g0605,s_reliability,reliability_train,original,,,,,,42,1,1,scab,0,-4.8512826,3.1018233,-2.5793314,123
42a1ba6f73950219642a,data/plantvillage/raw/color/Apple___Apple_scab/f6946261-1a18-4306-ba87-ca25344d9bd2___FREC_Scab 3525.JPG,scab,1,g0605,s_reliability,reliability_train,brightness,6627370076894715971,1.0017975583137781,,,,42,1,1,scab,0,-4.8512826,3.1018233,-2.5793314,123
ce44c4b94b151ba25c7d,data/plantvillage/raw/color/Apple___Apple_scab/f6946261-1a18-4306-ba87-ca25344d9bd2___FREC_Scab 3525.JPG,scab,1,g0605,s_reliability,reliability_train,contrast,1748279556759165573,,0.7160958151753125,,,42,1,1,scab,0,-5.0292964,3.1913679,-2.5285578,123
bc6a33552f329fabb7c8,data/plantvillage/raw/color/Apple___Apple_scab/f6946261-1a18-4306-ba87-ca25344d9bd2___FREC_Scab 3525.JPG,scab,1,g0605,s_reliability,reliability_train,gaussian_blur,1588680325918104514,,,0.9537026482177955,,42,1,1,scab,0,-6.118021,2.9422495,-1.1609664,123
6b934c86d40fbb0459df,data/plantvillage/raw/color/Apple___Apple_scab/f6946261-1a18-4306-ba87-ca25344d9bd2___FREC_Scab 3525.JPG,scab,1,g0605,s_reliability,reliability_train,gaussian_noise,3849306690414278351,,,,0.013259373000560726,42,1,1,scab,0,-4.6877575,3.1891072,-2.756184,123
2b666f55c8ffcd6265d5,data/plantvillage/raw/color/Apple___Apple_scab/f79c50ef-d89d-4371-b581-810b37eb2ac9___FREC_Scab 3255.JPG,scab,1,g0608,s_reliability,reliability_train,original,,,,,,42,1,1,scab,0,0.6359936,2.3711538,-5.29034,123
68f444cf0722ceaf23cd,data/plantvillage/raw/color/Apple___Apple_scab/f79c50ef-d89d-4371-b581-810b37eb2ac9___FREC_Scab 3255.JPG,scab,1,g0608,s_reliability,reliability_train,brightness,8098491813291552948,1.2583742492239751,,,,42,1,1,scab,0,0.67052865,2.5746052,-5.4056845,123
cd7a5841f5162a44d1eb,data/plantvillage/raw/color/Apple___Apple_scab/f79c50ef-d89d-4371-b581-810b37eb2ac9___FREC_Scab 3255.JPG,scab,1,g0608,s_reliability,reliability_train,contrast,2213915565626642018,,1.0145615567795547,,,42,1,1,scab,0,0.6265295,2.373752,-5.2830143,123
e10ee38d6d7a8a74801f,data/plantvillage/raw/color/Apple___Apple_scab/f79c50ef-d89d-4371-b581-810b37eb2ac9___FREC_Scab 3255.JPG,scab,1,g0608,s_reliability,reliability_train,gaussian_blur,3162757075224201942,,,0.8154674728986147,,42,1,1,scab,0,-1.651412,1.6680993,-2.5217438,123
ccc4ebde02c2702dfa89,data/plantvillage/raw/color/Apple___Apple_scab/f79c50ef-d89d-4371-b581-810b37eb2ac9___FREC_Scab 3255.JPG,scab,1,g0608,s_reliability,reliability_train,gaussian_noise,8947589151143526130,,,,0.037974849100380625,42,1,1,scab,0,0.61726844,2.4364583,-5.2892013,123
c2a05264d3b51ece5247,data/plantvillage/raw/color/Apple___Apple_scab/f8e48799-c566-4b86-b7c8-a0e290fb7f25___FREC_Scab 3167.JPG,scab,1,g0610,s_reliability,reliability_val,original,,,,,,42,1,1,scab,0,-3.693004,3.0516984,-3.4841995,123
80d52f0a32ff25276bbf,data/plantvillage/raw/color/Apple___Apple_scab/f8e48799-c566-4b86-b7c8-a0e290fb7f25___FREC_Scab 3167.JPG,scab,1,g0610,s_reliability,reliability_val,brightness,2027268176882337093,1.0482963606194429,,,,42,1,1,scab,0,-3.60473,2.9794202,-3.4578636,123
1818f2861dfac60a2dce,data/plantvillage/raw/color/Apple___Apple_scab/f8e48799-c566-4b86-b7c8-a0e290fb7f25___FREC_Scab 3167.JPG,scab,1,g0610,s_reliability,reliability_val,contrast,215948020774912392,,1.2414999504380098,,,42,1,1,scab,0,-3.832644,2.9571834,-3.2763155,123
7e020867200fac7a9dcc,data/plantvillage/raw/color/Apple___Apple_scab/f8e48799-c566-4b86-b7c8-a0e290fb7f25___FREC_Scab 3167.JPG,scab,1,g0610,s_reliability,reliability_val,gaussian_blur,397133824946024261,,,1.4626357251713367,,42,1,1,scab,0,-7.116055,1.9009769,0.31490317,123
8e5353c242fe11e22ffa,data/plantvillage/raw/color/Apple___Apple_scab/f8e48799-c566-4b86-b7c8-a0e290fb7f25___FREC_Scab 3167.JPG,scab,1,g0610,s_reliability,reliability_val,gaussian_noise,8351694498095530778,,,,0.032866448559335446,42,1,1,scab,0,-3.5142713,3.207073,-3.6830657,123
3e5e189f6128a41d1e0e,data/plantvillage/raw/color/Apple___Apple_scab/f957b91b-878a-4f53-b8b5-a8bf7fa2c773___FREC_Scab 2970.JPG,scab,1,g0612,s_reliability,reliability_train,original,,,,,,42,1,1,scab,0,-7.5601053,5.062558,-2.8971534,123
dc2598ab00a89ac49481,data/plantvillage/raw/color/Apple___Apple_scab/f957b91b-878a-4f53-b8b5-a8bf7fa2c773___FREC_Scab 2970.JPG,scab,1,g0612,s_reliability,reliability_train,brightness,5196429564793562367,0.706452786815684,,,,42,1,1,scab,0,-7.1118135,5.3376102,-3.4134533,123
f5972ee5716cb8b0e0ff,data/plantvillage/raw/color/Apple___Apple_scab/f957b91b-878a-4f53-b8b5-a8bf7fa2c773___FREC_Scab 2970.JPG,scab,1,g0612,s_reliability,reliability_train,contrast,4865361076093945809,,0.7827964693203014,,,42,1,1,scab,0,-7.047659,4.9610834,-3.1573017,123
6681acbdab633f0af9eb,data/plantvillage/raw/color/Apple___Apple_scab/f957b91b-878a-4f53-b8b5-a8bf7fa2c773___FREC_Scab 2970.JPG,scab,1,g0612,s_reliability,reliability_train,gaussian_blur,1362259776156612029,,,0.9276780726842528,,42,1,1,scab,0,-7.712996,4.770404,-2.1881661,123
5ec94ea329b6ce62120b,data/plantvillage/raw/color/Apple___Apple_scab/f957b91b-878a-4f53-b8b5-a8bf7fa2c773___FREC_Scab 2970.JPG,scab,1,g0612,s_reliability,reliability_train,gaussian_noise,5852954986544930736,,,,0.012866471223951948,42,1,1,scab,0,-7.571533,5.076025,-2.8961434,123
ca73ba7aac2c6643ee86,data/plantvillage/raw/color/Apple___Apple_scab/f96cb3b3-172a-44d8-9720-d6a3ed87ced9___FREC_Scab 3036.JPG,scab,1,g0613,s_reliability,reliability_val,original,,,,,,42,1,1,scab,0,-2.346639,0.8814057,-2.6174889,123
2a388b4361531d2f9c29,data/plantvillage/raw/color/Apple___Apple_scab/f96cb3b3-172a-44d8-9720-d6a3ed87ced9___FREC_Scab 3036.JPG,scab,1,g0613,s_reliability,reliability_val,brightness,5600182220831252059,0.919796449903395,,,,42,1,1,scab,0,-2.2194042,0.89911693,-2.7290444,123
0b35dd6c36d3b4544b67,data/plantvillage/raw/color/Apple___Apple_scab/f96cb3b3-172a-44d8-9720-d6a3ed87ced9___FREC_Scab 3036.JPG,scab,1,g0613,s_reliability,reliability_val,contrast,9220861174712794834,,0.813471261177711,,,42,1,1,scab,0,-2.11685,0.8695261,-2.7083144,123
fe0bbf40f7d72dbcdf7b,data/plantvillage/raw/color/Apple___Apple_scab/f96cb3b3-172a-44d8-9720-d6a3ed87ced9___FREC_Scab 3036.JPG,scab,1,g0613,s_reliability,reliability_val,gaussian_blur,3980415543050772309,,,0.5880560035560106,,42,1,1,scab,0,-4.318012,1.157922,-1.3819062,123
3892a1045baa6937cef9,data/plantvillage/raw/color/Apple___Apple_scab/f96cb3b3-172a-44d8-9720-d6a3ed87ced9___FREC_Scab 3036.JPG,scab,1,g0613,s_reliability,reliability_val,gaussian_noise,7237666879631241575,,,,0.02917382354822238,42,1,1,scab,0,-2.204469,0.79589117,-2.5716345,123
389946c461602e7d060f,data/plantvillage/raw/color/Apple___Apple_scab/fd3ae59f-e06e-403b-b317-83ee68aa9ea7___FREC_Scab 3492.JPG,scab,1,g0623,s_reliability,reliability_val,original,,,,,,42,1,1,scab,0,-6.505336,5.445228,-4.054539,123
4f5300e07d59cff1d206,data/plantvillage/raw/color/Apple___Apple_scab/fd3ae59f-e06e-403b-b317-83ee68aa9ea7___FREC_Scab 3492.JPG,scab,1,g0623,s_reliability,reliability_val,brightness,1792165558375335002,1.1730170398157092,,,,42,1,1,scab,0,-6.78259,5.4559345,-3.8017662,123
47cd6f97126b694ae506,data/plantvillage/raw/color/Apple___Apple_scab/fd3ae59f-e06e-403b-b317-83ee68aa9ea7___FREC_Scab 3492.JPG,scab,1,g0623,s_reliability,reliability_val,contrast,3933250318053425516,,0.8249534597766743,,,42,1,1,scab,0,-5.638215,5.381002,-4.619405,123
08f26ec7f67fb3ca4cc8,data/plantvillage/raw/color/Apple___Apple_scab/fd3ae59f-e06e-403b-b317-83ee68aa9ea7___FREC_Scab 3492.JPG,scab,1,g0623,s_reliability,reliability_val,gaussian_blur,8623014056725596686,,,1.3540064801785894,,42,1,1,scab,0,-4.437123,4.609652,-4.5632725,123
507cf397142766c18354,data/plantvillage/raw/color/Apple___Apple_scab/fd3ae59f-e06e-403b-b317-83ee68aa9ea7___FREC_Scab 3492.JPG,scab,1,g0623,s_reliability,reliability_val,gaussian_noise,6863764245787202202,,,,0.02453294550260481,42,1,1,scab,0,-6.2988725,5.5393963,-4.273566,123
b3ace40acffb61175705,data/plantvillage/raw/color/Apple___Apple_scab/fdc58f83-8a94-4f0c-aefe-c6f2b5028682___FREC_Scab 3014.JPG,scab,1,g0625,s_reliability,reliability_train,original,,,,,,42,1,1,scab,0,-1.8946724,2.466176,-4.1199026,123
3903d76153c2342d3e46,data/plantvillage/raw/color/Apple___Apple_scab/fdc58f83-8a94-4f0c-aefe-c6f2b5028682___FREC_Scab 3014.JPG,scab,1,g0625,s_reliability,reliability_train,brightness,2819122754036007500,1.2888177283805016,,,,42,1,1,scab,0,-2.4092517,3.0987341,-4.1978984,123
2005e82ffa2c536e8fc9,data/plantvillage/raw/color/Apple___Apple_scab/fdc58f83-8a94-4f0c-aefe-c6f2b5028682___FREC_Scab 3014.JPG,scab,1,g0625,s_reliability,reliability_train,contrast,6017720356093859444,,0.9214993737271999,,,42,1,1,scab,0,-1.7529193,2.3514984,-4.111079,123
5e923e1e43469b04b813,data/plantvillage/raw/color/Apple___Apple_scab/fdc58f83-8a94-4f0c-aefe-c6f2b5028682___FREC_Scab 3014.JPG,scab,1,g0625,s_reliability,reliability_train,gaussian_blur,1054903621526194623,,,1.3937386016209228,,42,1,1,scab,0,-4.0728602,2.3997495,-1.7231156,123
224f7281189f31db8413,data/plantvillage/raw/color/Apple___Apple_scab/fdc58f83-8a94-4f0c-aefe-c6f2b5028682___FREC_Scab 3014.JPG,scab,1,g0625,s_reliability,reliability_train,gaussian_noise,1307676259049682585,,,,0.024330571546386355,42,1,1,scab,0,-1.8716768,2.3983665,-4.1554465,123
060b84f5c4f0f410d72e,data/plantvillage/raw/color/Apple___Cedar_apple_rust/0321e067-d13b-47d0-b3a6-76ba6f357d02___FREC_C.Rust 3667.JPG,rust,2,g0629,s_reliability,reliability_train,original,,,,,,42,2,2,rust,0,-5.6654563,-1.5559869,2.6968453,123
eb236a76f3433f0ce95c,data/plantvillage/raw/color/Apple___Cedar_apple_rust/0321e067-d13b-47d0-b3a6-76ba6f357d02___FREC_C.Rust 3667.JPG,rust,2,g0629,s_reliability,reliability_train,brightness,2930566078747969199,0.9078652369814306,,,,42,2,2,rust,0,-5.4907227,-1.4299803,2.5059094,123
c6828a900064e0103b5f,data/plantvillage/raw/color/Apple___Cedar_apple_rust/0321e067-d13b-47d0-b3a6-76ba6f357d02___FREC_C.Rust 3667.JPG,rust,2,g0629,s_reliability,reliability_train,contrast,7825497230561543446,,1.2445610624920342,,,42,2,2,rust,0,-5.882747,-1.39873,2.6895726,123
c8dc26234773dd1be9c3,data/plantvillage/raw/color/Apple___Cedar_apple_rust/0321e067-d13b-47d0-b3a6-76ba6f357d02___FREC_C.Rust 3667.JPG,rust,2,g0629,s_reliability,reliability_train,gaussian_blur,3670155337237332233,,,0.828898146505128,,42,2,2,rust,0,-5.9877963,-2.2806199,3.9217494,123
b1f9e726cc72e7be730b,data/plantvillage/raw/color/Apple___Cedar_apple_rust/0321e067-d13b-47d0-b3a6-76ba6f357d02___FREC_C.Rust 3667.JPG,rust,2,g0629,s_reliability,reliability_train,gaussian_noise,640987408284812703,,,,0.02507700805598362,42,2,2,rust,0,-5.704226,-1.4075692,2.5795746,123
3ef67aaa3339d96d759a,data/plantvillage/raw/color/Apple___Cedar_apple_rust/0a41c25a-f9a6-4c34-8e5c-7f89a6ac4c40___FREC_C.Rust 9807.JPG,rust,2,g0637,s_reliability,reliability_train,original,,,,,,42,2,2,rust,0,-4.185901,-4.494583,4.4454646,123
baffa3d2ec42d3902405,data/plantvillage/raw/color/Apple___Cedar_apple_rust/0a41c25a-f9a6-4c34-8e5c-7f89a6ac4c40___FREC_C.Rust 9807.JPG,rust,2,g0637,s_reliability,reliability_train,brightness,1812195618699994847,1.2952664872030986,,,,42,2,2,rust,0,-3.7253911,-4.240539,3.886297,123
10c29c7acc469fd1e901,data/plantvillage/raw/color/Apple___Cedar_apple_rust/0a41c25a-f9a6-4c34-8e5c-7f89a6ac4c40___FREC_C.Rust 9807.JPG,rust,2,g0637,s_reliability,reliability_train,contrast,7372088917114796014,,1.1148247081000575,,,42,2,2,rust,0,-4.525621,-4.36277,4.5176225,123
a4b6f043f5fcc3d9c3bc,data/plantvillage/raw/color/Apple___Cedar_apple_rust/0a41c25a-f9a6-4c34-8e5c-7f89a6ac4c40___FREC_C.Rust 9807.JPG,rust,2,g0637,s_reliability,reliability_train,gaussian_blur,1079481706563734145,,,1.0468225633420318,,42,2,2,rust,0,-4.428649,-4.072559,4.2351904,123
792ef1e916b3b00d6b3e,data/plantvillage/raw/color/Apple___Cedar_apple_rust/0a41c25a-f9a6-4c34-8e5c-7f89a6ac4c40___FREC_C.Rust 9807.JPG,rust,2,g0637,s_reliability,reliability_train,gaussian_noise,2384472542978734456,,,,0.018143204282544192,42,2,2,rust,0,-4.329964,-4.448881,4.4709854,123
56af9daca135b8666520,data/plantvillage/raw/color/Apple___Cedar_apple_rust/1798ac41-0f49-4007-9df5-7e41e3077e51___FREC_C.Rust 3656.JPG,rust,2,g0644,s_reliability,reliability_train,original,,,,,,42,2,2,rust,0,-7.894335,-2.5478559,5.4163394,123
13cdeefed3159361d2d9,data/plantvillage/raw/color/Apple___Cedar_apple_rust/1798ac41-0f49-4007-9df5-7e41e3077e51___FREC_C.Rust 3656.JPG,rust,2,g0644,s_reliability,reliability_train,brightness,328814377299560389,1.1467220802890763,,,,42,2,2,rust,0,-7.914316,-2.7042153,5.622157,123
94a3f96a370086949c53,data/plantvillage/raw/color/Apple___Cedar_apple_rust/1798ac41-0f49-4007-9df5-7e41e3077e51___FREC_C.Rust 3656.JPG,rust,2,g0644,s_reliability,reliability_train,contrast,1318375483634786869,,0.8033906931239061,,,42,2,2,rust,0,-7.256709,-2.3241613,4.696327,123
f09118a611feb89de0bd,data/plantvillage/raw/color/Apple___Cedar_apple_rust/1798ac41-0f49-4007-9df5-7e41e3077e51___FREC_C.Rust 3656.JPG,rust,2,g0644,s_reliability,reliability_train,gaussian_blur,9099201816773614882,,,1.4675398725797972,,42,2,2,rust,0,-7.3569145,-1.5465845,4.365208,123
58533a6fd140a3dc7294,data/plantvillage/raw/color/Apple___Cedar_apple_rust/1798ac41-0f49-4007-9df5-7e41e3077e51___FREC_C.Rust 3656.JPG,rust,2,g0644,s_reliability,reliability_train,gaussian_noise,3336024979858744170,,,,0.02638131231917399,42,2,2,rust,0,-8.138037,-2.3777778,5.4635396,123
4dc43298194f9fe885c7,data/plantvillage/raw/color/Apple___Cedar_apple_rust/1a80b84d-1a5a-4e23-8deb-823ba928e29a___FREC_C.Rust 4431.JPG,rust,2,g0650,s_reliability,reliability_train,original,,,,,,42,2,2,rust,0,-5.0039487,-2.27983,2.540212,123
dbfbe4202029fe1ff990,data/plantvillage/raw/color/Apple___Cedar_apple_rust/1a80b84d-1a5a-4e23-8deb-823ba928e29a___FREC_C.Rust 4431.JPG,rust,2,g0650,s_reliability,reliability_train,brightness,4151790188477237378,1.0312815168839042,,,,42,2,2,rust,0,-5.0340686,-2.3331692,2.6192687,123
1cee6d941d672a95a6bf,data/plantvillage/raw/color/Apple___Cedar_apple_rust/1a80b84d-1a5a-4e23-8deb-823ba928e29a___FREC_C.Rust 4431.JPG,rust,2,g0650,s_reliability,reliability_train,contrast,685572254961373247,,1.1545144259150855,,,42,2,2,rust,0,-5.213691,-2.3535142,2.7095652,123
f0f5bc0e7d16166383cd,data/plantvillage/raw/color/Apple___Cedar_apple_rust/1a80b84d-1a5a-4e23-8deb-823ba928e29a___FREC_C.Rust 4431.JPG,rust,2,g0650,s_reliability,reliability_train,gaussian_blur,2845418545905389320,,,1.3513388053264817,,42,2,2,rust,0,-6.904874,-1.7591506,3.6195173,123
0d35a30308148cd19951,data/plantvillage/raw/color/Apple___Cedar_apple_rust/1a80b84d-1a5a-4e23-8deb-823ba928e29a___FREC_C.Rust 4431.JPG,rust,2,g0650,s_reliability,reliability_train,gaussian_noise,6555944550643006834,,,,0.016585976610855143,42,2,2,rust,0,-5.0290575,-2.2092803,2.5037413,123
b258de6fafd2745aa5ae,data/plantvillage/raw/color/Apple___Cedar_apple_rust/20ef08f2-96ae-4148-942c-3d7708cd94d8___FREC_C.Rust 9830.JPG,rust,2,g0656,s_reliability,reliability_val,original,,,,,,42,2,2,rust,0,-3.6139724,-3.1704834,2.8894036,123
36153de38b124267ff5c,data/plantvillage/raw/color/Apple___Cedar_apple_rust/20ef08f2-96ae-4148-942c-3d7708cd94d8___FREC_C.Rust 9830.JPG,rust,2,g0656,s_reliability,reliability_val,brightness,9124335070244331621,1.2766812122218627,,,,42,2,2,rust,0,-2.1857011,-3.019972,1.8680202,123
015a54781f1c902b6b24,data/plantvillage/raw/color/Apple___Cedar_apple_rust/20ef08f2-96ae-4148-942c-3d7708cd94d8___FREC_C.Rust 9830.JPG,rust,2,g0656,s_reliability,reliability_val,contrast,3970830922080656216,,1.2697293291587772,,,42,2,2,rust,0,-3.571591,-3.208486,2.9887922,123
4a683ff8b69cc645082f,data/plantvillage/raw/color/Apple___Cedar_apple_rust/20ef08f2-96ae-4148-942c-3d7708cd94d8___FREC_C.Rust 9830.JPG,rust,2,g0656,s_reliability,reliability_val,gaussian_blur,6849660152597244097,,,1.2231344431345645,,42,2,2,rust,0,-6.1794047,-2.8514402,4.670212,123
23893790eb2833181cb2,data/plantvillage/raw/color/Apple___Cedar_apple_rust/20ef08f2-96ae-4148-942c-3d7708cd94d8___FREC_C.Rust 9830.JPG,rust,2,g0656,s_reliability,reliability_val,gaussian_noise,2797424583015850296,,,,0.022109122428859422,42,2,2,rust,0,-3.7605054,-2.9197807,2.7007306,123
bd9014d7e7d247824ce1,data/plantvillage/raw/color/Apple___Cedar_apple_rust/2ac8d689-f30a-4eee-a856-86c92f8dcbd2___FREC_C.Rust 3952.JPG,rust,2,g0665,s_reliability,reliability_train,original,,,,,,42,2,2,rust,0,-4.6589274,-0.6013862,1.0984668,123
74fa9793319854eafc0c,data/plantvillage/raw/color/Apple___Cedar_apple_rust/2ac8d689-f30a-4eee-a856-86c92f8dcbd2___FREC_C.Rust 3952.JPG,rust,2,g0665,s_reliability,reliability_train,brightness,1238135166806893014,0.989149893912943,,,,42,2,2,rust,0,-4.668391,-0.5891576,1.0897976,123
fb435eebd8933f722cd4,data/plantvillage/raw/color/Apple___Cedar_apple_rust/2ac8d689-f30a-4eee-a856-86c92f8dcbd2___FREC_C.Rust 3952.JPG,rust,2,g0665,s_reliability,reliability_train,contrast,184760996010872730,,0.703937269776144,,,42,2,2,rust,0,-4.4661818,-0.36288717,0.7966139,123
2cac71be2de2846899a0,data/plantvillage/raw/color/Apple___Cedar_apple_rust/2ac8d689-f30a-4eee-a856-86c92f8dcbd2___FREC_C.Rust 3952.JPG,rust,2,g0665,s_reliability,reliability_train,gaussian_blur,3843253825728318729,,,0.7363241462256889,,42,2,2,rust,0,-4.9537373,-1.3266544,2.373125,123
4368f037fe0e24554827,data/plantvillage/raw/color/Apple___Cedar_apple_rust/2ac8d689-f30a-4eee-a856-86c92f8dcbd2___FREC_C.Rust 3952.JPG,rust,2,g0665,s_reliability,reliability_train,gaussian_noise,8116286617875832282,,,,0.04043459276343103,42,2,2,rust,0,-5.0310297,-0.5520536,1.3185798,123
38d78660056d947d2710,data/plantvillage/raw/color/Apple___Cedar_apple_rust/2ddde539-6c5f-4d76-8611-14761bb240de___FREC_C.Rust 3564.JPG,rust,2,g0668,s_reliability,reliability_train,original,,,,,,42,2,2,rust,0,-6.920301,-2.3787751,4.496519,123
88b726780faa118c9b83,data/plantvillage/raw/color/Apple___Cedar_apple_rust/2ddde539-6c5f-4d76-8611-14761bb240de___FREC_C.Rust 3564.JPG,rust,2,g0668,s_reliability,reliability_train,brightness,1020135457938338221,1.2881715134637752,,,,42,2,2,rust,0,-7.2644577,-3.1867087,5.489748,123
ec8e0198de3839ca8f3a,data/plantvillage/raw/color/Apple___Cedar_apple_rust/2ddde539-6c5f-4d76-8611-14761bb240de___FREC_C.Rust 3564.JPG,rust,2,g0668,s_reliability,reliability_train,contrast,5462134332840369543,,1.2729881800861214,,,42,2,2,rust,0,-7.7884045,-2.9771702,5.551461,123
2fb3eb9f378356eb5bca,data/plantvillage/raw/color/Apple___Cedar_apple_rust/2ddde539-6c5f-4d76-8611-14761bb240de___FREC_C.Rust 3564.JPG,rust,2,g0668,s_reliability,reliability_train,gaussian_blur,2069312328900770086,,,1.3671370114552313,,42,2,2,rust,0,-6.09513,-3.5142186,5.1443768,123
05aa80cbd57b2fbb1a51,data/plantvillage/raw/color/Apple___Cedar_apple_rust/2ddde539-6c5f-4d76-8611-14761bb240de___FREC_C.Rust 3564.JPG,rust,2,g0668,s_reliability,reliability_train,gaussian_noise,6147289556569416892,,,,0.04948386996630143,42,2,2,rust,0,-8.050679,-1.6764052,4.512104,123
955a397437574af43d79,data/plantvillage/raw/color/Apple___Cedar_apple_rust/39c00da9-396e-4bd3-8e4a-f701c11d4fa7___FREC_C.Rust 3907.JPG,rust,2,g0675,s_reliability,reliability_train,original,,,,,,42,2,2,rust,0,-6.670117,-2.7983978,4.1949587,123
71b8d1a085de9d611c32,data/plantvillage/raw/color/Apple___Cedar_apple_rust/39c00da9-396e-4bd3-8e4a-f701c11d4fa7___FREC_C.Rust 3907.JPG,rust,2,g0675,s_reliability,reliability_train,brightness,4009909030205098043,0.7010369604387269,,,,42,2,2,rust,0,-5.2618613,-2.9758756,3.4325116,123
d59fc1dc390533de57a8,data/plantvillage/raw/color/Apple___Cedar_apple_rust/39c00da9-396e-4bd3-8e4a-f701c11d4fa7___FREC_C.Rust 3907.JPG,rust,2,g0675,s_reliability,reliability_train,contrast,5307150963778230250,,0.8001508649492495,,,42,2,2,rust,0,-5.8349686,-2.9566362,3.7956207,123
93508dba867f557ec655,data/plantvillage/raw/color/Apple___Cedar_apple_rust/39c00da9-396e-4bd3-8e4a-f701c11d4fa7___FREC_C.Rust 3907.JPG,rust,2,g0675,s_reliability,reliability_train,gaussian_blur,5498740430969157243,,,0.6434891465882532,,42,2,2,rust,0,-6.680641,-2.7537205,4.3031526,123
e19e4d9cb33852a413bd,data/plantvillage/raw/color/Apple___Cedar_apple_rust/39c00da9-396e-4bd3-8e4a-f701c11d4fa7___FREC_C.Rust 3907.JPG,rust,2,g0675,s_reliability,reliability_train,gaussian_noise,985384076233416482,,,,0.04341934138266282,42,2,2,rust,0,-6.9543653,-2.5227602,4.028441,123
b6d8bcee3358101f1be2,data/plantvillage/raw/color/Apple___Cedar_apple_rust/3ea747af-ed9d-44f1-a8b6-61503adf0a4b___FREC_C.Rust 4174.JPG,rust,2,g0683,s_reliability,reliability_train,original,,,,,,42,2,2,rust,0,-7.495058,-1.8324089,3.8748026,123
1ac3523eae0f660f5423,data/plantvillage/raw/color/Apple___Cedar_apple_rust/3ea747af-ed9d-44f1-a8b6-61503adf0a4b___FREC_C.Rust 4174.JPG,rust,2,g0683,s_reliability,reliability_train,brightness,5796332649314055639,0.7530919511174957,,,,42,2,2,rust,0,-6.509465,-1.7371883,3.2837896,123
50d0d6707a95a0945f8a,data/plantvillage/raw/color/Apple___Cedar_apple_rust/3ea747af-ed9d-44f1-a8b6-61503adf0a4b___FREC_C.Rust 4174.JPG,rust,2,g0683,s_reliability,reliability_train,contrast,7350170877343711716,,0.8539875045771471,,,42,2,2,rust,0,-7.3964677,-1.8157597,3.8100667,123
c96cc77fb5e3a10b8122,data/plantvillage/raw/color/Apple___Cedar_apple_rust/3ea747af-ed9d-44f1-a8b6-61503adf0a4b___FREC_C.Rust 4174.JPG,rust,2,g0683,s_reliability,reliability_train,gaussian_blur,6773538550597083909,,,0.9627317975344836,,42,2,2,rust,0,-7.896094,-1.6377659,4.1192646,123
f0b4411bee95044ed27f,data/plantvillage/raw/color/Apple___Cedar_apple_rust/3ea747af-ed9d-44f1-a8b6-61503adf0a4b___FREC_C.Rust 4174.JPG,rust,2,g0683,s_reliability,reliability_train,gaussian_noise,7588793270451520677,,,,0.02385667522072981,42,2,2,rust,0,-7.468031,-1.643514,3.7135947,123
c79170af4ebbf222b1ce,data/plantvillage/raw/color/Apple___Cedar_apple_rust/3fb3806c-db88-491d-b9b0-191b3d5964cd___FREC_C.Rust 4130.JPG,rust,2,g0686,s_reliability,reliability_train,original,,,,,,42,2,2,rust,0,-6.3076634,-2.4965189,4.6054745,123
26aaee46c87e9bb920d6,data/plantvillage/raw/color/Apple___Cedar_apple_rust/3fb3806c-db88-491d-b9b0-191b3d5964cd___FREC_C.Rust 4130.JPG,rust,2,g0686,s_reliability,reliability_train,brightness,7431893806541698746,0.8250988354201897,,,,42,2,2,rust,0,-5.6212735,-2.4996576,4.1365213,123
0068136486d070a8b4d6,data/plantvillage/raw/color/Apple___Cedar_apple_rust/3fb3806c-db88-491d-b9b0-191b3d5964cd___FREC_C.Rust 4130.JPG,rust,2,g0686,s_reliability,reliability_train,contrast,792529144098384997,,0.8833082305425937,,,42,2,2,rust,0,-5.9859405,-2.5252857,4.4002304,123
0e81f2c7544873fc956b,data/plantvillage/raw/color/Apple___Cedar_apple_rust/3fb3806c-db88-491d-b9b0-191b3d5964cd___FREC_C.Rust 4130.JPG,rust,2,g0686,s_reliability,reliability_train,gaussian_blur,8076553071255020175,,,1.2355554482987996,,42,2,2,rust,0,-6.865241,-2.4760127,5.4129586,123
62d8e2b214600c239891,data/plantvillage/raw/color/Apple___Cedar_apple_rust/3fb3806c-db88-491d-b9b0-191b3d5964cd___FREC_C.Rust 4130.JPG,rust,2,g0686,s_reliability,reliability_train,gaussian_noise,7718072336146035673,,,,0.03268883673356201,42,2,2,rust,0,-6.6350303,-2.2317507,4.554224,123
d2bf1fcc6ab287bc1032,data/plantvillage/raw/color/Apple___Cedar_apple_rust/46597071-9826-4f76-b853-083b76c5ef63___FREC_C.Rust 3666.JPG,rust,2,g0695,s_reliability,reliability_train,original,,,,,,42,2,2,rust,0,-7.6048093,-0.8667836,3.1101308,123
4c3fedeeae7d634f1a9e,data/plantvillage/raw/color/Apple___Cedar_apple_rust/46597071-9826-4f76-b853-083b76c5ef63___FREC_C.Rust 3666.JPG,rust,2,g0695,s_reliability,reliability_train,brightness,1337925766950769555,1.1435122948872163,,,,42,2,2,rust,0,-7.542097,-0.9310844,3.1532028,123
c5044542fee4ef54f8ea,data/plantvillage/raw/color/Apple___Cedar_apple_rust/46597071-9826-4f76-b853-083b76c5ef63___FREC_C.Rust 3666.JPG,rust,2,g0695,s_reliability,reliability_train,contrast,8461330052855152134,,1.1468566140490086,,,42,2,2,rust,0,-7.687391,-0.819144,3.1575856,123
02f60af8a2950a421b26,data/plantvillage/raw/color/Apple___Cedar_apple_rust/46597071-9826-4f76-b853-083b76c5ef63___FREC_C.Rust 3666.JPG,rust,2,g0695,s_reliability,reliability_train,gaussian_blur,3416596038691601604,,,1.0983519791146024,,42,2,2,rust,0,-8.391463,-1.0664759,4.349525,123
ae6b457c0eb687d875c4,data/plantvillage/raw/color/Apple___Cedar_apple_rust/46597071-9826-4f76-b853-083b76c5ef63___FREC_C.Rust 3666.JPG,rust,2,g0695,s_reliability,reliability_train,gaussian_noise,5148620912703859591,,,,0.028291994824283365,42,2,2,rust,0,-7.9291644,-0.6571429,3.1139727,123
7cd4df7fb3085ea1cdf0,data/plantvillage/raw/color/Apple___Cedar_apple_rust/46aef257-999e-4158-9107-c5f5c7c8016a___FREC_C.Rust 4147.JPG,rust,2,g0696,s_reliability,reliability_train,original,,,,,,42,2,2,rust,0,-7.240629,-2.1776147,4.8290114,123
44e43a3cf0b73732c5cb,data/plantvillage/raw/color/Apple___Cedar_apple_rust/46aef257-999e-4158-9107-c5f5c7c8016a___FREC_C.Rust 4147.JPG,rust,2,g0696,s_reliability,reliability_train,brightness,5137468757470680855,1.1948746982907104,,,,42,2,2,rust,0,-7.684934,-2.1837027,5.09076,123
1ea2f0e5203e28936f12,data/plantvillage/raw/color/Apple___Cedar_apple_rust/46aef257-999e-4158-9107-c5f5c7c8016a___FREC_C.Rust 4147.JPG,rust,2,g0696,s_reliability,reliability_train,contrast,2241558900996907608,,0.9329671031024535,,,42,2,2,rust,0,-7.147751,-2.073502,4.676619,123
da52c06dfa6af15ee2a5,data/plantvillage/raw/color/Apple___Cedar_apple_rust/46aef257-999e-4158-9107-c5f5c7c8016a___FREC_C.Rust 4147.JPG,rust,2,g0696,s_reliability,reliability_train,gaussian_blur,566362356177354878,,,0.913072685331281,,42,2,2,rust,0,-7.6254597,-1.4861519,5.0229774,123
d6ca6ca311e9669dde8d,data/plantvillage/raw/color/Apple___Cedar_apple_rust/46aef257-999e-4158-9107-c5f5c7c8016a___FREC_C.Rust 4147.JPG,rust,2,g0696,s_reliability,reliability_train,gaussian_noise,6805322405155384251,,,,0.03563328607658932,42,2,2,rust,0,-7.8564777,-1.6420957,4.749195,123
2ad173b281e7eabbed86,data/plantvillage/raw/color/Apple___Cedar_apple_rust/46b6b57e-9c90-4de7-9fb1-b8b674d51f38___FREC_C.Rust 9857.JPG,rust,2,g0697,s_reliability,reliability_train,original,,,,,,42,2,2,rust,0,-3.4518762,-1.84265,2.00795,123
9640e6d0d551c087d801,data/plantvillage/raw/color/Apple___Cedar_apple_rust/46b6b57e-9c90-4de7-9fb1-b8b674d51f38___FREC_C.Rust 9857.JPG,rust,2,g0697,s_reliability,reliability_train,brightness,8511084443329139375,1.073898456567421,,,,42,2,2,rust,0,-3.5758276,-1.7093881,1.9556762,123
87d37241e17bc96d9bbd,data/plantvillage/raw/color/Apple___Cedar_apple_rust/46b6b57e-9c90-4de7-9fb1-b8b674d51f38___FREC_C.Rust 9857.JPG,rust,2,g0697,s_reliability,reliability_train,contrast,8822205634636923575,,1.1512190215785898,,,42,2,2,rust,0,-3.718478,-1.6167786,1.9759654,123
536073cb4505656e188a,data/plantvillage/raw/color/Apple___Cedar_apple_rust/46b6b57e-9c90-4de7-9fb1-b8b674d51f38___FREC_C.Rust 9857.JPG,rust,2,g0697,s_reliability,reliability_train,gaussian_blur,83810707950683667,,,1.3814703955123093,,42,2,2,rust,0,-4.663224,-3.043864,4.1329675,123
523ec573545b31e0e37d,data/plantvillage/raw/color/Apple___Cedar_apple_rust/46b6b57e-9c90-4de7-9fb1-b8b674d51f38___FREC_C.Rust 9857.JPG,rust,2,g0697,s_reliability,reliability_train,gaussian_noise,8620575844703776009,,,,0.04418578447851751,42,2,2,rust,0,-4.0636253,-1.3418431,1.8175951,123
514ac5d9076bb6883e3b,data/plantvillage/raw/color/Apple___Cedar_apple_rust/492e83ef-7407-42f1-a0e2-e272cf1cdbc1___FREC_C.Rust 0024.JPG,rust,2,g0698,s_reliability,reliability_train,original,,,,,,42,2,2,rust,0,-4.357553,-3.3398392,3.682646,123
ac6f0c6bed22a4dfa02a,data/plantvillage/raw/color/Apple___Cedar_apple_rust/492e83ef-7407-42f1-a0e2-e272cf1cdbc1___FREC_C.Rust 0024.JPG,rust,2,g0698,s_reliability,reliability_train,brightness,2126045519001692173,0.8428181346940617,,,,42,2,2,rust,0,-4.0298705,-3.2238395,3.2494886,123
16a1a2e27f193f4a37a0,data/plantvillage/raw/color/Apple___Cedar_apple_rust/492e83ef-7407-42f1-a0e2-e272cf1cdbc1___FREC_C.Rust 0024.JPG,rust,2,g0698,s_reliability,reliability_train,contrast,8496635156704690713,,1.0094857543706728,,,42,2,2,rust,0,-4.2833247,-3.3809054,3.6774008,123
78b7f170942d0d7f596c,data/plantvillage/raw/color/Apple___Cedar_apple_rust/492e83ef-7407-42f1-a0e2-e272cf1cdbc1___FREC_C.Rust 0024.JPG,rust,2,g0698,s_reliability,reliability_train,gaussian_blur,8289778620581039100,,,0.7874468902819679,,42,2,2,rust,0,-5.1998,-3.2224324,4.0882063,123
a39bcaf91263770fddc7,data/plantvillage/raw/color/Apple___Cedar_apple_rust/492e83ef-7407-42f1-a0e2-e272cf1cdbc1___FREC_C.Rust 0024.JPG,rust,2,g0698,s_reliability,reliability_train,gaussian_noise,3234987640418141572,,,,0.03985475976524317,42,2,2,rust,0,-4.4120817,-3.1992636,3.5455422,123
9b90c07db3a6acc2ec8f,data/plantvillage/raw/color/Apple___Cedar_apple_rust/5271addc-c445-4af1-ba68-318c7b509e1f___FREC_C.Rust 3585.JPG,rust,2,g0710,s_reliability,reliability_train,original,,,,,,42,2,2,rust,0,-6.5853305,-2.7795858,4.009756,123
1ffa9dfbc5d946282df0,data/plantvillage/raw/color/Apple___Cedar_apple_rust/5271addc-c445-4af1-ba68-318c7b509e1f___FREC_C.Rust 3585.JPG,rust,2,g0710,s_reliability,reliability_train,brightness,7019451541191187919,1.0785999092159924,,,,42,2,2,rust,0,-6.751915,-2.8179235,4.2118363,123
7e88bf4bc1ee634570cd,data/plantvillage/raw/color/Apple___Cedar_apple_rust/5271addc-c445-4af1-ba68-318c7b509e1f___FREC_C.Rust 3585.JPG,rust,2,g0710,s_reliability,reliability_train,contrast,2215830927264308898,,0.8474535758640687,,,42,2,2,rust,0,-5.6420646,-2.8652756,3.4060829,123
c30a7573a6cb31800e50,data/plantvillage/raw/color/Apple___Cedar_apple_rust/5271addc-c445-4af1-ba68-318c7b509e1f___FREC_C.Rust 3585.JPG,rust,2,g0710,s_reliability,reliability_train,gaussian_blur,309852247994690599,,,0.5564056751461881,,42,2,2,rust,0,-6.5630884,-2.8830452,4.1737695,123
071aff0c8195e483940d,data/plantvillage/raw/color/Apple___Cedar_apple_rust/5271addc-c445-4af1-ba68-318c7b509e1f___FREC_C.Rust 3585.JPG,rust,2,g0710,s_reliability,reliability_train,gaussian_noise,3770604975239205164,,,,0.01721242049801944,42,2,2,rust,0,-6.7532015,-2.6927326,4.09602,123
cbb7086744867e71ef93,data/plantvillage/raw/color/Apple___Cedar_apple_rust/5c2677da-56e7-47bc-bc21-31a1db9ff5bf___FREC_C.Rust 9799.JPG,rust,2,g0721,s_reliability,reliability_val,original,,,,,,42,2,2,rust,0,-5.1512265,-2.558263,3.633894,123
2b0e7fd37129b8555d12,data/plantvillage/raw/color/Apple___Cedar_apple_rust/5c2677da-56e7-47bc-bc21-31a1db9ff5bf___FREC_C.Rust 9799.JPG,rust,2,g0721,s_reliability,reliability_val,brightness,5138983943787726491,0.7011443462651283,,,,42,2,2,rust,0,-3.922143,-2.7506602,3.1156204,123
ee1c109f1c4be45160df,data/plantvillage/raw/color/Apple___Cedar_apple_rust/5c2677da-56e7-47bc-bc21-31a1db9ff5bf___FREC_C.Rust 9799.JPG,rust,2,g0721,s_reliability,reliability_val,contrast,994375847245664912,,0.824502228252872,,,42,2,2,rust,0,-4.4675694,-2.8394272,3.4527547,123
baa8f0da132b50267838,data/plantvillage/raw/color/Apple___Cedar_apple_rust/5c2677da-56e7-47bc-bc21-31a1db9ff5bf___FREC_C.Rust 9799.JPG,rust,2,g0721,s_reliability,reliability_val,gaussian_blur,2799743701510070896,,,0.9254830552418009,,42,2,2,rust,0,-5.1482778,-2.686451,3.8736322,123
023f77a1e6a0478a8df0,data/plantvillage/raw/color/Apple___Cedar_apple_rust/5c2677da-56e7-47bc-bc21-31a1db9ff5bf___FREC_C.Rust 9799.JPG,rust,2,g0721,s_reliability,reliability_val,gaussian_noise,279683693414116392,,,,0.04674422207254973,42,2,2,rust,0,-5.4827895,-0.9500686,2.178263,123
067aca20bce3cb890bd9,data/plantvillage/raw/color/Apple___Cedar_apple_rust/60ecab05-90df-45d5-8a50-edb8635aac87___FREC_C.Rust 4155.JPG,rust,2,g0727,s_reliability,reliability_val,original,,,,,,42,2,2,rust,0,-4.7602115,-1.2483411,2.009302,123
1809c11f55bdefdc82e8,data/plantvillage/raw/color/Apple___Cedar_apple_rust/60ecab05-90df-45d5-8a50-edb8635aac87___FREC_C.Rust 4155.JPG,rust,2,g0727,s_reliability,reliability_val,brightness,1593361610085464932,0.9174721845178622,,,,42,2,2,rust,0,-4.5651617,-1.2956634,1.9986359,123
a93390134b4249f616a6,data/plantvillage/raw/color/Apple___Cedar_apple_rust/60ecab05-90df-45d5-8a50-edb8635aac87___FREC_C.Rust 4155.JPG,rust,2,g0727,s_reliability,reliability_val,contrast,5827455798737791278,,1.1614805993596526,,,42,2,2,rust,0,-4.499711,-1.3657582,1.9490454,123
c4e8e14e48ac9c5923f8,data/plantvillage/raw/color/Apple___Cedar_apple_rust/60ecab05-90df-45d5-8a50-edb8635aac87___FREC_C.Rust 4155.JPG,rust,2,g0727,s_reliability,reliability_val,gaussian_blur,8136810440169511556,,,1.3640488980859797,,42,2,2,rust,0,-6.1574435,-0.38354406,2.263974,123
6e9feee1577e26284ad7,data/plantvillage/raw/color/Apple___Cedar_apple_rust/60ecab05-90df-45d5-8a50-edb8635aac87___FREC_C.Rust 4155.JPG,rust,2,g0727,s_reliability,reliability_val,gaussian_noise,8899418907647209012,,,,0.02613358045191555,42,2,2,rust,0,-4.9242835,-0.8517949,1.763102,123
7817ca09e61512791265,data/plantvillage/raw/color/Apple___Cedar_apple_rust/6fe0e179-4491-4257-a1d3-9cff9e9e2d27___FREC_C.Rust 0225.JPG,rust,2,g0736,s_reliability,reliability_train,original,,,,,,42,2,2,rust,0,-7.344689,-3.4691412,5.9509144,123
4328dadd0ec89cad7e35,data/plantvillage/raw/color/Apple___Cedar_apple_rust/6fe0e179-4491-4257-a1d3-9cff9e9e2d27___FREC_C.Rust 0225.JPG,rust,2,g0736,s_reliability,reliability_train,brightness,7484009663020817417,0.7098236029385009,,,,42,2,2,rust,0,-7.041797,-3.085477,5.489722,123
27646b156eb1c5c1de17,data/plantvillage/raw/color/Apple___Cedar_apple_rust/6fe0e179-4491-4257-a1d3-9cff9e9e2d27___FREC_C.Rust 0225.JPG,rust,2,g0736,s_reliability,reliability_train,contrast,8630229796243865280,,0.8926053672513127,,,42,2,2,rust,0,-7.175065,-3.465379,5.8726554,123
df9bab680a85a5e33de9,data/plantvillage/raw/color/Apple___Cedar_apple_rust/6fe0e179-4491-4257-a1d3-9cff9e9e2d27___FREC_C.Rust 0225.JPG,rust,2,g0736,s_reliability,reliability_train,gaussian_blur,4283207749994627192,,,0.9094220561271835,,42,2,2,rust,0,-8.467827,-2.4665985,5.9577026,123
6eab29d757ecea57f4b4,data/plantvillage/raw/color/Apple___Cedar_apple_rust/6fe0e179-4491-4257-a1d3-9cff9e9e2d27___FREC_C.Rust 0225.JPG,rust,2,g0736,s_reliability,reliability_train,gaussian_noise,80237578520402496,,,,0.03124859378785745,42,2,2,rust,0,-7.572136,-3.350384,5.9009295,123
55b9f2c31aa16823c5f7,data/plantvillage/raw/color/Apple___Cedar_apple_rust/7e32ce27-bc89-4fca-9f49-c50de91210d1___FREC_C.Rust 4425.JPG,rust,2,g0751,s_reliability,reliability_train,original,,,,,,42,2,2,rust,0,-2.8323448,-3.471265,1.9144719,123
6f418f05bb366ce502c6,data/plantvillage/raw/color/Apple___Cedar_apple_rust/7e32ce27-bc89-4fca-9f49-c50de91210d1___FREC_C.Rust 4425.JPG,rust,2,g0751,s_reliability,reliability_train,brightness,2430587164417958302,1.2005577785604635,,,,42,2,2,rust,0,-2.061434,-3.1922593,1.1540655,123
7e224821116e30c8715e,data/plantvillage/raw/color/Apple___Cedar_apple_rust/7e32ce27-bc89-4fca-9f49-c50de91210d1___FREC_C.Rust 4425.JPG,rust,2,g0751,s_reliability,reliability_train,contrast,4114779885996814619,,0.8938333396774873,,,42,2,2,rust,0,-2.4551415,-3.545132,1.7335902,123
e68b45f721a955c377b1,data/plantvillage/raw/color/Apple___Cedar_apple_rust/7e32ce27-bc89-4fca-9f49-c50de91210d1___FREC_C.Rust 4425.JPG,rust,2,g0751,s_reliability,reliability_train,gaussian_blur,1870417247122737198,,,1.1986475654281548,,42,2,2,rust,0,-4.5218105,-3.3301477,3.5450747,123
44c1694692ae83e47358,data/plantvillage/raw/color/Apple___Cedar_apple_rust/7e32ce27-bc89-4fca-9f49-c50de91210d1___FREC_C.Rust 4425.JPG,rust,2,g0751,s_reliability,reliability_train,gaussian_noise,4319594287269559260,,,,0.040225870692063154,42,2,2,rust,0,-3.5226235,-3.486585,2.4143417,123
02707a6e4ec0082928d0,data/plantvillage/raw/color/Apple___Cedar_apple_rust/811b2953-8508-4327-944e-8d999211790c___FREC_C.Rust 3891.JPG,rust,2,g0755,s_reliability,reliability_val,original,,,,,,42,2,2,rust,0,-7.4397893,-0.86334974,3.4189878,123
6c5b7f95607c933addb2,data/plantvillage/raw/color/Apple___Cedar_apple_rust/811b2953-8508-4327-944e-8d999211790c___FREC_C.Rust 3891.JPG,rust,2,g0755,s_reliability,reliability_val,brightness,8413511154358053143,0.8226938735388784,,,,42,2,2,rust,0,-7.5620418,-0.6381717,3.3318217,123
f810b59a44a3705ee576,data/plantvillage/raw/color/Apple___Cedar_apple_rust/811b2953-8508-4327-944e-8d999211790c___FREC_C.Rust 3891.JPG,rust,2,g0755,s_reliability,reliability_val,contrast,4431399651871326821,,0.9151942846961665,,,42,2,2,rust,0,-7.291901,-0.86475724,3.3752258,123
4829b19c383d7b150f98,data/plantvillage/raw/color/Apple___Cedar_apple_rust/811b2953-8508-4327-944e-8d999211790c___FREC_C.Rust 3891.JPG,rust,2,g0755,s_reliability,reliability_val,gaussian_blur,6924794671750878573,,,0.7463202200650834,,42,2,2,rust,0,-7.587137,-1.2153113,4.0968843,123
1500949125428804c0ec,data/plantvillage/raw/color/Apple___Cedar_apple_rust/811b2953-8508-4327-944e-8d999211790c___FREC_C.Rust 3891.JPG,rust,2,g0755,s_reliability,reliability_val,gaussian_noise,310417430109168794,,,,0.04754179273872836,42,2,2,rust,0,-8.329912,-0.29502392,3.3599887,123
5308ad15510eb7281b38,data/plantvillage/raw/color/Apple___Cedar_apple_rust/821d427b-7aff-475c-8d76-6c984e09463f___FREC_C.Rust 3760.JPG,rust,2,g0756,s_reliability,reliability_train,original,,,,,,42,2,2,rust,0,-9.190225,-2.309315,6.1389556,123
850c0542f6a32912237c,data/plantvillage/raw/color/Apple___Cedar_apple_rust/821d427b-7aff-475c-8d76-6c984e09463f___FREC_C.Rust 3760.JPG,rust,2,g0756,s_reliability,reliability_train,brightness,4571325911189360225,0.8986348725646557,,,,42,2,2,rust,0,-9.330451,-2.3792686,6.297995,123
05c20be8e9783ef8062d,data/plantvillage/raw/color/Apple___Cedar_apple_rust/821d427b-7aff-475c-8d76-6c984e09463f___FREC_C.Rust 3760.JPG,rust,2,g0756,s_reliability,reliability_train,contrast,6315890675842632630,,0.8049394608395405,,,42,2,2,rust,0,-8.818134,-2.519432,6.073286,123
87dd8888f2bc2d2565d2,data/plantvillage/raw/color/Apple___Cedar_apple_rust/821d427b-7aff-475c-8d76-6c984e09463f___FREC_C.Rust 3760.JPG,rust,2,g0756,s_reliability,reliability_train,gaussian_blur,6269459348649831633,,,0.9627826221466274,,42,2,2,rust,0,-9.786153,-3.154447,7.3432918,123
15d2a99a0ddcf1f7184a,data/plantvillage/raw/color/Apple___Cedar_apple_rust/821d427b-7aff-475c-8d76-6c984e09463f___FREC_C.Rust 3760.JPG,rust,2,g0756,s_reliability,reliability_train,gaussian_noise,1988108616313388441,,,,0.03516768717535089,42,2,2,rust,0,-9.624775,-1.9214623,6.036532,123
77487b8a441ccda21ebf,data/plantvillage/raw/color/Apple___Cedar_apple_rust/8306d4f0-6a4f-4f02-86ca-72b1a950f420___FREC_C.Rust 0175.JPG,rust,2,g0758,s_reliability,reliability_train,original,,,,,,42,2,2,rust,0,-9.414445,-0.43594906,4.348529,123
89f548c1a7dc096e343d,data/plantvillage/raw/color/Apple___Cedar_apple_rust/8306d4f0-6a4f-4f02-86ca-72b1a950f420___FREC_C.Rust 0175.JPG,rust,2,g0758,s_reliability,reliability_train,brightness,5147374854449316070,1.0095680995525007,,,,42,2,2,rust,0,-9.379218,-0.43508318,4.3210254,123
27100d3822373e445789,data/plantvillage/raw/color/Apple___Cedar_apple_rust/8306d4f0-6a4f-4f02-86ca-72b1a950f420___FREC_C.Rust 0175.JPG,rust,2,g0758,s_reliability,reliability_train,contrast,2570736879708741500,,1.1526010994676266,,,42,2,2,rust,0,-9.560036,-0.38181317,4.3963556,123
a1d8e8161edf4c53b921,data/plantvillage/raw/color/Apple___Cedar_apple_rust/8306d4f0-6a4f-4f02-86ca-72b1a950f420___FREC_C.Rust 0175.JPG,rust,2,g0758,s_reliability,reliability_train,gaussian_blur,8013552049083527331,,,1.2427570322180364,,42,2,2,rust,0,-10.03331,-0.41577813,4.839292,123
5fb5ae88776e394586a8,data/plantvillage/raw/color/Apple___Cedar_apple_rust/8306d4f0-6a4f-4f02-86ca-72b1a950f420___FREC_C.Rust 0175.JPG,rust,2,g0758,s_reliability,reliability_train,gaussian_noise,7616654997170151072,,,,0.019245665068357565,42,2,2,rust,0,-9.317428,-0.35512722,4.210432,123
c676d4e64fa881add5e0,data/plantvillage/raw/color/Apple___Cedar_apple_rust/84eda310-5cbd-4de7-949d-471213cd0016___FREC_C.Rust 3679.JPG,rust,2,g0761,s_reliability,reliability_val,original,,,,,,42,2,2,rust,0,-6.452464,-2.7799072,4.385519,123
a7958281d9fdcba8559e,data/plantvillage/raw/color/Apple___Cedar_apple_rust/84eda310-5cbd-4de7-949d-471213cd0016___FREC_C.Rust 3679.JPG,rust,2,g0761,s_reliability,reliability_val,brightness,7950491604340802063,1.190574104535753,,,,42,2,2,rust,0,-6.3261094,-2.8250563,4.3666167,123
c28a568fbd1fb0d0d4d6,data/plantvillage/raw/color/Apple___Cedar_apple_rust/84eda310-5cbd-4de7-949d-471213cd0016___FREC_C.Rust 3679.JPG,rust,2,g0761,s_reliability,reliability_val,contrast,1433596285438689991,,1.276847192561266,,,42,2,2,rust,0,-6.057041,-2.4633906,3.8890316,123
1a30f90fb8726b548636,data/plantvillage/raw/color/Apple___Cedar_apple_rust/84eda310-5cbd-4de7-949d-471213cd0016___FREC_C.Rust 3679.JPG,rust,2,g0761,s_reliability,reliability_val,gaussian_blur,5570773396651003154,,,1.2715570801533482,,42,2,2,rust,0,-5.435024,-4.1778917,5.163046,123
8820d77e862e5803911a,data/plantvillage/raw/color/Apple___Cedar_apple_rust/84eda310-5cbd-4de7-949d-471213cd0016___FREC_C.Rust 3679.JPG,rust,2,g0761,s_reliability,reliability_val,gaussian_noise,2493634191022538598,,,,0.02496793269844013,42,2,2,rust,0,-6.803936,-2.7470062,4.527081,123
d499cdc98c0b9b55a11d,data/plantvillage/raw/color/Apple___Cedar_apple_rust/85eb91f6-f8f0-438e-afbc-ca12551ee404___FREC_C.Rust 9884.JPG,rust,2,g0765,s_reliability,reliability_train,original,,,,,,42,2,2,rust,0,-5.2813597,0.24620582,1.0936809,123
3388e3ea0a2130bac8a9,data/plantvillage/raw/color/Apple___Cedar_apple_rust/85eb91f6-f8f0-438e-afbc-ca12551ee404___FREC_C.Rust 9884.JPG,rust,2,g0765,s_reliability,reliability_train,brightness,1442249255194107030,0.7051589650746101,,,,42,2,2,rust,0,-4.23004,0.15155505,0.5388822,123
520b1412859bbe893e25,data/plantvillage/raw/color/Apple___Cedar_apple_rust/85eb91f6-f8f0-438e-afbc-ca12551ee404___FREC_C.Rust 9884.JPG,rust,2,g0765,s_reliability,reliability_train,contrast,9176075915898749191,,1.0007417453024892,,,42,2,2,rust,0,-5.2993345,0.26953518,1.0790089,123
5ff53f0542d080a3056c,data/plantvillage/raw/color/Apple___Cedar_apple_rust/85eb91f6-f8f0-438e-afbc-ca12551ee404___FREC_C.Rust 9884.JPG,rust,2,g0765,s_reliability,reliability_train,gaussian_blur,5172479580084188353,,,0.879265055608439,,42,2,2,rust,0,-5.509005,0.26479074,1.4943643,123
9af597f482b4a4f39ad7,data/plantvillage/raw/color/Apple___Cedar_apple_rust/85eb91f6-f8f0-438e-afbc-ca12551ee404___FREC_C.Rust 9884.JPG,rust,2,g0765,s_reliability,reliability_train,gaussian_noise,1810193869183814344,,,,0.01609551314255245,42,2,2,rust,0,-5.7594824,0.26026937,1.3590229,123
aa3027417bb2008e7192,data/plantvillage/raw/color/Apple___Cedar_apple_rust/90355db8-e997-4ab6-a1a3-14aca5e55395___FREC_C.Rust 9907.JPG,rust,2,g0775,s_reliability,reliability_train,original,,,,,,42,2,2,rust,0,-7.1525803,-1.7489512,4.030133,123
14011799621273083b16,data/plantvillage/raw/color/Apple___Cedar_apple_rust/90355db8-e997-4ab6-a1a3-14aca5e55395___FREC_C.Rust 9907.JPG,rust,2,g0775,s_reliability,reliability_train,brightness,552426571636723990,1.0169131472625543,,,,42,2,2,rust,0,-7.236762,-1.778122,4.1218424,123
4e7a151de114d13abb45,data/plantvillage/raw/color/Apple___Cedar_apple_rust/90355db8-e997-4ab6-a1a3-14aca5e55395___FREC_C.Rust 9907.JPG,rust,2,g0775,s_reliability,reliability_train,contrast,101779611579132440,,1.1231196780181123,,,42,2,2,rust,0,-7.4951906,-1.6490227,4.1890655,123
fbc64bd729f18d1befc6,data/plantvillage/raw/color/Apple___Cedar_apple_rust/90355db8-e997-4ab6-a1a3-14aca5e55395___FREC_C.Rust 9907.JPG,rust,2,g0775,s_reliability,reliability_train,gaussian_blur,5958601656001334143,,,1.3850258816916048,,42,2,2,rust,0,-8.872341,-1.5749286,5.470765,123
4c7f99de24fcb3492d06,data/plantvillage/raw/color/Apple___Cedar_apple_rust/90355db8-e997-4ab6-a1a3-14aca5e55395___FREC_C.Rust 9907.JPG,rust,2,g0775,s_reliability,reliability_train,gaussian_noise,8223344445241317036,,,,0.020035055894807967,42,2,2,rust,0,-7.184319,-1.6409909,3.9834213,123
d1f39ddd465c5c88f1df,data/plantvillage/raw/color/Apple___Cedar_apple_rust/915ea730-231d-408d-baea-d2554d47bfa9___FREC_C.Rust 9809.JPG,rust,2,g0778,s_reliability,reliability_val,original,,,,,,42,2,2,rust,0,-1.8184915,-4.7760415,3.396334,123
a384b078e030622ef99c,data/plantvillage/raw/color/Apple___Cedar_apple_rust/915ea730-231d-408d-baea-d2554d47bfa9___FREC_C.Rust 9809.JPG,rust,2,g0778,s_reliability,reliability_val,brightness,5769037785546392290,0.9815502999928569,,,,42,2,2,rust,0,-1.679007,-4.7946725,3.3283799,123
a2717ce6216c0d0bc78b,data/plantvillage/raw/color/Apple___Cedar_apple_rust/915ea730-231d-408d-baea-d2554d47bfa9___FREC_C.Rust 9809.JPG,rust,2,g0778,s_reliability,reliability_val,contrast,9004944793679134404,,1.1704595484736244,,,42,2,2,rust,0,-2.1455376,-4.6743937,3.459609,123
d84e235a1ff8f13b215d,data/plantvillage/raw/color/Apple___Cedar_apple_rust/915ea730-231d-408d-baea-d2554d47bfa9___FREC_C.Rust 9809.JPG,rust,2,g0778,s_reliability,reliability_val,gaussian_blur,7259423414601357949,,,1.4358619719995676,,42,2,2,rust,0,-3.934111,-3.5944817,4.1003304,123
d02adbf819313b55da6e,data/plantvillage/raw/color/Apple___Cedar_apple_rust/915ea730-231d-408d-baea-d2554d47bfa9___FREC_C.Rust 9809.JPG,rust,2,g0778,s_reliability,reliability_val,gaussian_noise,8524397353610226078,,,,0.017333941134882576,42,2,2,rust,0,-2.1112528,-4.6499343,3.472201,123
7bf1154fa879f73f3b47,data/plantvillage/raw/color/Apple___Cedar_apple_rust/a3141843-3628-45c2-ac01-5b1726744c6d___FREC_C.Rust 9906.JPG,rust,2,g0803,s_reliability,reliability_train,original,,,,,,42,2,2,rust,0,-6.463918,-3.0148835,4.7234807,123
7004d69e0a38fdaf83f0,data/plantvillage/raw/color/Apple___Cedar_apple_rust/a3141843-3628-45c2-ac01-5b1726744c6d___FREC_C.Rust 9906.JPG,rust,2,g0803,s_reliability,reliability_train,brightness,7450606089193021449,0.9048082832396815,,,,42,2,2,rust,0,-6.285943,-3.020551,4.597832,123
e8df68ce90f0d6a8e499,data/plantvillage/raw/color/Apple___Cedar_apple_rust/a3141843-3628-45c2-ac01-5b1726744c6d___FREC_C.Rust 9906.JPG,rust,2,g0803,s_reliability,reliability_train,contrast,187480724502104230,,0.960093577718652,,,42,2,2,rust,0,-6.3860455,-3.0825126,4.727493,123
7ce713f3ad184c704811,data/plantvillage/raw/color/Apple___Cedar_apple_rust/a3141843-3628-45c2-ac01-5b1726744c6d___FREC_C.Rust 9906.JPG,rust,2,g0803,s_reliability,reliability_train,gaussian_blur,6178287862976250641,,,1.1011449848489359,,42,2,2,rust,0,-7.3573837,-2.7314909,5.292682,123
3dc17de8356008d86bc1,data/plantvillage/raw/color/Apple___Cedar_apple_rust/a3141843-3628-45c2-ac01-5b1726744c6d___FREC_C.Rust 9906.JPG,rust,2,g0803,s_reliability,reliability_train,gaussian_noise,9203003124582668123,,,,0.04118220738388171,42,2,2,rust,0,-6.6299267,-2.5811498,4.4484196,123
d37105afe9dadf03f390,data/plantvillage/raw/color/Apple___Cedar_apple_rust/aa87fd23-a302-4e4e-80e7-18a261b17fd5___FREC_C.Rust 9989.JPG,rust,2,g0813,s_reliability,reliability_train,original,,,,,,42,2,2,rust,0,-4.056744,-2.6369438,3.0359647,123
2f9ca682d4107d094a0f,data/plantvillage/raw/color/Apple___Cedar_apple_rust/aa87fd23-a302-4e4e-80e7-18a261b17fd5___FREC_C.Rust 9989.JPG,rust,2,g0813,s_reliability,reliability_train,brightness,82267198864212221,0.8258375736843577,,,,42,2,2,rust,0,-2.7263339,-2.3582537,1.9523557,123
6e907d39491194a71ac0,data/plantvillage/raw/color/Apple___Cedar_apple_rust/aa87fd23-a302-4e4e-80e7-18a261b17fd5___FREC_C.Rust 9989.JPG,rust,2,g0813,s_reliability,reliability_train,contrast,5798490796671382180,,1.0920539724194747,,,42,2,2,rust,0,-4.472896,-2.8168628,3.440345,123
f7cab32f1482d922d2da,data/plantvillage/raw/color/Apple___Cedar_apple_rust/aa87fd23-a302-4e4e-80e7-18a261b17fd5___FREC_C.Rust 9989.JPG,rust,2,g0813,s_reliability,reliability_train,gaussian_blur,1048876132620834761,,,0.7936200510517845,,42,2,2,rust,0,-5.0035286,-2.4407117,3.6298137,123
395c9edbda21111f4b60,data/plantvillage/raw/color/Apple___Cedar_apple_rust/aa87fd23-a302-4e4e-80e7-18a261b17fd5___FREC_C.Rust 9989.JPG,rust,2,g0813,s_reliability,reliability_train,gaussian_noise,1800373840716008310,,,,0.02972264655298997,42,2,2,rust,0,-4.3761063,-2.7081778,3.1820343,123
e232787d324b58c64010,data/plantvillage/raw/color/Apple___Cedar_apple_rust/accd43fa-2496-47ad-a24b-81da9e5f82b7___FREC_C.Rust 3783.JPG,rust,2,g0814,s_reliability,reliability_train,original,,,,,,42,2,2,rust,0,-8.342993,-2.307293,5.3980165,123
c9d412161b1bc9af6bba,data/plantvillage/raw/color/Apple___Cedar_apple_rust/accd43fa-2496-47ad-a24b-81da9e5f82b7___FREC_C.Rust 3783.JPG,rust,2,g0814,s_reliability,reliability_train,brightness,906340392256149931,1.1527875532408818,,,,42,2,2,rust,0,-8.549674,-2.1776056,5.420984,123
8e1d09254df25363073e,data/plantvillage/raw/color/Apple___Cedar_apple_rust/accd43fa-2496-47ad-a24b-81da9e5f82b7___FREC_C.Rust 3783.JPG,rust,2,g0814,s_reliability,reliability_train,contrast,6050918715673612325,,1.0821570343424054,,,42,2,2,rust,0,-8.461753,-2.2312076,5.4065638,123
760f7687e4c708128ef4,data/plantvillage/raw/color/Apple___Cedar_apple_rust/accd43fa-2496-47ad-a24b-81da9e5f82b7___FREC_C.Rust 3783.JPG,rust,2,g0814,s_reliability,reliability_train,gaussian_blur,7927949944710410326,,,0.765674780039618,,42,2,2,rust,0,-8.320159,-2.2996757,5.528625,123
d821978340014f8babf4,data/plantvillage/raw/color/Apple___Cedar_apple_rust/accd43fa-2496-47ad-a24b-81da9e5f82b7___FREC_C.Rust 3783.JPG,rust,2,g0814,s_reliability,reliability_train,gaussian_noise,6368285214847312548,,,,0.016278916760112373,42,2,2,rust,0,-8.39177,-2.1946094,5.3653693,123
35784643823531f336ff,data/plantvillage/raw/color/Apple___Cedar_apple_rust/b845075b-dbb8-4b69-bec2-36e99cee7f3c___FREC_C.Rust 4038.JPG,rust,2,g0828,s_reliability,reliability_train,original,,,,,,42,2,2,rust,0,-8.374362,-2.56942,6.0386343,123
88d2eb9a9f42a18cd709,data/plantvillage/raw/color/Apple___Cedar_apple_rust/b845075b-dbb8-4b69-bec2-36e99cee7f3c___FREC_C.Rust 4038.JPG,rust,2,g0828,s_reliability,reliability_train,brightness,1090406170028346716,1.0510340340399598,,,,42,2,2,rust,0,-8.605163,-2.527624,6.14149,123
45389b3c754b975dc55e,data/plantvillage/raw/color/Apple___Cedar_apple_rust/b845075b-dbb8-4b69-bec2-36e99cee7f3c___FREC_C.Rust 4038.JPG,rust,2,g0828,s_reliability,reliability_train,contrast,7133610805197222692,,1.2780173384621643,,,42,2,2,rust,0,-8.777062,-2.4559019,6.1479077,123
9563e6bf995f020e3c5a,data/plantvillage/raw/color/Apple___Cedar_apple_rust/b845075b-dbb8-4b69-bec2-36e99cee7f3c___FREC_C.Rust 4038.JPG,rust,2,g0828,s_reliability,reliability_train,gaussian_blur,544661040290220997,,,1.4804563128207024,,42,2,2,rust,0,-8.214001,-1.984802,5.679459,123
9091a043c22b3edb3d7c,data/plantvillage/raw/color/Apple___Cedar_apple_rust/b845075b-dbb8-4b69-bec2-36e99cee7f3c___FREC_C.Rust 4038.JPG,rust,2,g0828,s_reliability,reliability_train,gaussian_noise,1745863728614384863,,,,0.014707349575587374,42,2,2,rust,0,-8.380859,-2.5278976,5.969747,123
9cc4107f28f9440fc3e5,data/plantvillage/raw/color/Apple___Cedar_apple_rust/bc863aa7-2cb6-44f1-b060-4cd78237d7a3___FREC_C.Rust 3566.JPG,rust,2,g0830,s_reliability,reliability_train,original,,,,,,42,2,2,rust,0,-6.3725743,-3.891341,5.439481,123
069e8d7bbeb87fcbf8b2,data/plantvillage/raw/color/Apple___Cedar_apple_rust/bc863aa7-2cb6-44f1-b060-4cd78237d7a3___FREC_C.Rust 3566.JPG,rust,2,g0830,s_reliability,reliability_train,brightness,8134238084174898513,1.0294763179684363,,,,42,2,2,rust,0,-6.4111934,-3.8815782,5.4514394,123
8c66005f570568d1185e,data/plantvillage/raw/color/Apple___Cedar_apple_rust/bc863aa7-2cb6-44f1-b060-4cd78237d7a3___FREC_C.Rust 3566.JPG,rust,2,g0830,s_reliability,reliability_train,contrast,8432127738526481102,,1.0484064605837733,,,42,2,2,rust,0,-6.466444,-3.856493,5.46814,123
23bdd209a2e300fd9cd5,data/plantvillage/raw/color/Apple___Cedar_apple_rust/bc863aa7-2cb6-44f1-b060-4cd78237d7a3___FREC_C.Rust 3566.JPG,rust,2,g0830,s_reliability,reliability_train,gaussian_blur,6177360913783607964,,,0.7974941136548254,,42,2,2,rust,0,-6.3396807,-3.85657,5.3398156,123
f5a7b91235260f0e685e,data/plantvillage/raw/color/Apple___Cedar_apple_rust/bc863aa7-2cb6-44f1-b060-4cd78237d7a3___FREC_C.Rust 3566.JPG,rust,2,g0830,s_reliability,reliability_train,gaussian_noise,5425032049999789967,,,,0.0461251578800445,42,2,2,rust,0,-6.2031603,-3.626268,4.9998975,123
644ea291016f58a6a4eb,data/plantvillage/raw/color/Apple___Cedar_apple_rust/bdf1ac66-9dd3-4590-8e49-ee0e754a69f5___FREC_C.Rust 0151.JPG,rust,2,g0833,s_reliability,reliability_train,original,,,,,,42,2,2,rust,0,-1.7588611,-4.633733,3.3417737,123
b0a99dc7db9831b9e3a0,data/plantvillage/raw/color/Apple___Cedar_apple_rust/bdf1ac66-9dd3-4590-8e49-ee0e754a69f5___FREC_C.Rust 0151.JPG,rust,2,g0833,s_reliability,reliability_train,brightness,6196786289342281574,1.1250315116020295,,,,42,2,2,rust,0,-2.1670053,-4.588976,3.5701983,123
37b51602b6c5685cfe52,data/plantvillage/raw/color/Apple___Cedar_apple_rust/bdf1ac66-9dd3-4590-8e49-ee0e754a69f5___FREC_C.Rust 0151.JPG,rust,2,g0833,s_reliability,reliability_train,contrast,8617549758970782364,,0.7903405755173256,,,42,2,2,rust,0,-1.1153319,-4.665347,2.8629022,123
c36da4fcbc7b79974bf8,data/plantvillage/raw/color/Apple___Cedar_apple_rust/bdf1ac66-9dd3-4590-8e49-ee0e754a69f5___FREC_C.Rust 0151.JPG,rust,2,g0833,s_reliability,reliability_train,gaussian_blur,5539067188749523077,,,0.7935174547976985,,42,2,2,rust,0,-2.9879696,-4.217263,4.026699,123
5954a6615aec1d92fb2b,data/plantvillage/raw/color/Apple___Cedar_apple_rust/bdf1ac66-9dd3-4590-8e49-ee0e754a69f5___FREC_C.Rust 0151.JPG,rust,2,g0833,s_reliability,reliability_train,gaussian_noise,4701687454296742644,,,,0.016221153478867156,42,2,2,rust,0,-1.9201468,-4.504752,3.2956617,123
4662fac0078fe7e84659,data/plantvillage/raw/color/Apple___Cedar_apple_rust/cf570118-397c-434d-b158-d3539dd12786___FREC_C.Rust 0122.JPG,rust,2,g0843,s_reliability,reliability_val,original,,,,,,42,2,2,rust,0,-4.3854656,-3.7834272,4.2081747,123
39e61cbe09319bb66661,data/plantvillage/raw/color/Apple___Cedar_apple_rust/cf570118-397c-434d-b158-d3539dd12786___FREC_C.Rust 0122.JPG,rust,2,g0843,s_reliability,reliability_val,brightness,1378894876777736659,1.1679513928338796,,,,42,2,2,rust,0,-4.54257,-3.9722877,4.5882893,123
46a17363e59ec5d1037f,data/plantvillage/raw/color/Apple___Cedar_apple_rust/cf570118-397c-434d-b158-d3539dd12786___FREC_C.Rust 0122.JPG,rust,2,g0843,s_reliability,reliability_val,contrast,9106545737430875721,,0.9491229321877808,,,42,2,2,rust,0,-4.2504506,-3.754096,4.0928745,123
af7a2340f3ab7c1e8636,data/plantvillage/raw/color/Apple___Cedar_apple_rust/cf570118-397c-434d-b158-d3539dd12786___FREC_C.Rust 0122.JPG,rust,2,g0843,s_reliability,reliability_val,gaussian_blur,8159872688678795898,,,1.4359353769057228,,42,2,2,rust,0,-6.3257394,-3.4265552,5.2242365,123
ec228d0f51b152900927,data/plantvillage/raw/color/Apple___Cedar_apple_rust/cf570118-397c-434d-b158-d3539dd12786___FREC_C.Rust 0122.JPG,rust,2,g0843,s_reliability,reliability_val,gaussian_noise,4823440291541468695,,,,0.017536299128040344,42,2,2,rust,0,-4.2049956,-3.8049483,4.1397643,123
4ec96fd6d3530a54f89b,data/plantvillage/raw/color/Apple___Cedar_apple_rust/d4165e95-f43c-41e5-a177-cc5ad823b5b0___FREC_C.Rust 3781.JPG,rust,2,g0847,s_reliability,reliability_train,original,,,,,,42,2,2,rust,0,-6.217413,-3.491605,4.9883,123
ed16244e52dd63419640,data/plantvillage/raw/color/Apple___Cedar_apple_rust/d4165e95-f43c-41e5-a177-cc5ad823b5b0___FREC_C.Rust 3781.JPG,rust,2,g0847,s_reliability,reliability_train,brightness,2812886913110774107,1.0594983998120449,,,,42,2,2,rust,0,-6.442656,-3.5171583,5.122746,123
a79710a649deef373c18,data/plantvillage/raw/color/Apple___Cedar_apple_rust/d4165e95-f43c-41e5-a177-cc5ad823b5b0___FREC_C.Rust 3781.JPG,rust,2,g0847,s_reliability,reliability_train,contrast,8105763865469694600,,0.9103577861521502,,,42,2,2,rust,0,-5.7611465,-3.5453417,4.8185115,123
01ce2383ea2a288f710f,data/plantvillage/raw/color/Apple___Cedar_apple_rust/d4165e95-f43c-41e5-a177-cc5ad823b5b0___FREC_C.Rust 3781.JPG,rust,2,g0847,s_reliability,reliability_train,gaussian_blur,2781817794429901011,,,0.9561824256005196,,42,2,2,rust,0,-7.7919374,-4.5531826,7.151276,123
ff9b72025dbca0bd23e0,data/plantvillage/raw/color/Apple___Cedar_apple_rust/d4165e95-f43c-41e5-a177-cc5ad823b5b0___FREC_C.Rust 3781.JPG,rust,2,g0847,s_reliability,reliability_train,gaussian_noise,1864751599235785267,,,,0.03942412185122823,42,2,2,rust,0,-6.400939,-3.2739177,4.9359317,123
774307c81aa949210129,data/plantvillage/raw/color/Apple___Cedar_apple_rust/d5d4f65c-aeca-4965-82d4-05d179dfa92e___FREC_C.Rust 4382.JPG,rust,2,g0854,s_reliability,reliability_train,original,,,,,,42,2,2,rust,0,-12.369897,-2.7023551,8.390225,123
a7cbf04b4f7872de2efd,data/plantvillage/raw/color/Apple___Cedar_apple_rust/d5d4f65c-aeca-4965-82d4-05d179dfa92e___FREC_C.Rust 4382.JPG,rust,2,g0854,s_reliability,reliability_train,brightness,5228058838443218376,1.159068460742076,,,,42,2,2,rust,0,-12.189736,-2.8562372,8.370551,123
d40dad8af6109e8252e6,data/plantvillage/raw/color/Apple___Cedar_apple_rust/d5d4f65c-aeca-4965-82d4-05d179dfa92e___FREC_C.Rust 4382.JPG,rust,2,g0854,s_reliability,reliability_train,contrast,6499726770976737767,,0.8023099300842029,,,42,2,2,rust,0,-11.55833,-2.9279346,8.131165,123
cc15aa8864ed826e1a93,data/plantvillage/raw/color/Apple___Cedar_apple_rust/d5d4f65c-aeca-4965-82d4-05d179dfa92e___FREC_C.Rust 4382.JPG,rust,2,g0854,s_reliability,reliability_train,gaussian_blur,8661937231550398832,,,1.4243011410338715,,42,2,2,rust,0,-8.976234,-2.3045368,6.438114,123
5e963e53e4f7d9efa36d,data/plantvillage/raw/color/Apple___Cedar_apple_rust/d5d4f65c-aeca-4965-82d4-05d179dfa92e___FREC_C.Rust 4382.JPG,rust,2,g0854,s_reliability,reliability_train,gaussian_noise,996644173778780245,,,,0.019822340965881355,42,2,2,rust,0,-12.336217,-2.6932888,8.336388,123
8797163a9a0d350ce3ef,data/plantvillage/raw/color/Apple___Cedar_apple_rust/daf0438c-72e3-49af-b23a-50b0d136b18c___FREC_C.Rust 0182.JPG,rust,2,g0861,s_reliability,reliability_val,original,,,,,,42,2,2,rust,0,-9.757728,-2.311317,6.692992,123
9c5804c6cad28688429c,data/plantvillage/raw/color/Apple___Cedar_apple_rust/daf0438c-72e3-49af-b23a-50b0d136b18c___FREC_C.Rust 0182.JPG,rust,2,g0861,s_reliability,reliability_val,brightness,1425838237790717880,1.2670335901597736,,,,42,2,2,rust,0,-9.873105,-2.150683,6.624357,123
f7545743bcd1212f6761,data/plantvillage/raw/color/Apple___Cedar_apple_rust/daf0438c-72e3-49af-b23a-50b0d136b18c___FREC_C.Rust 0182.JPG,rust,2,g0861,s_reliability,reliability_val,contrast,2462413109651594171,,0.9125861130982781,,,42,2,2,rust,0,-9.586637,-2.3336148,6.567549,123
5d706a7ff57859c43547,data/plantvillage/raw/color/Apple___Cedar_apple_rust/daf0438c-72e3-49af-b23a-50b0d136b18c___FREC_C.Rust 0182.JPG,rust,2,g0861,s_reliability,reliability_val,gaussian_blur,1355869235764231436,,,0.8697897563332558,,42,2,2,rust,0,-11.075707,-1.7802242,6.9980636,123
11331419f654883f668f,data/plantvillage/raw/color/Apple___Cedar_apple_rust/daf0438c-72e3-49af-b23a-50b0d136b18c___FREC_C.Rust 0182.JPG,rust,2,g0861,s_reliability,reliability_val,gaussian_noise,7161035447507481200,,,,0.04686179716402235,42,2,2,rust,0,-9.319482,-2.0019374,6.084491,123
80f743ad2dda2768539f,data/plantvillage/raw/color/Apple___Cedar_apple_rust/dec47754-abfe-496b-a310-47d1fbb077ba___FREC_C.Rust 9910.JPG,rust,2,g0866,s_reliability,reliability_train,original,,,,,,42,2,2,rust,0,-7.124172,-4.701242,6.670142,123
0f80069a1b20c214a386,data/plantvillage/raw/color/Apple___Cedar_apple_rust/dec47754-abfe-496b-a310-47d1fbb077ba___FREC_C.Rust 9910.JPG,rust,2,g0866,s_reliability,reliability_train,brightness,948832587490085302,0.8205481392979064,,,,42,2,2,rust,0,-7.2421517,-4.3436694,6.36925,123
be762bc5b526740fa562,data/plantvillage/raw/color/Apple___Cedar_apple_rust/dec47754-abfe-496b-a310-47d1fbb077ba___FREC_C.Rust 9910.JPG,rust,2,g0866,s_reliability,reliability_train,contrast,7961901314396850005,,1.1010892196392483,,,42,2,2,rust,0,-7.2765155,-4.6865673,6.768533,123
bd00eabee5c07fe3e39c,data/plantvillage/raw/color/Apple___Cedar_apple_rust/dec47754-abfe-496b-a310-47d1fbb077ba___FREC_C.Rust 9910.JPG,rust,2,g0866,s_reliability,reliability_train,gaussian_blur,8980791636999470889,,,1.0780710885420195,,42,2,2,rust,0,-9.176782,-3.6875398,7.3590064,123
538220dacea3782b5f4b,data/plantvillage/raw/color/Apple___Cedar_apple_rust/dec47754-abfe-496b-a310-47d1fbb077ba___FREC_C.Rust 9910.JPG,rust,2,g0866,s_reliability,reliability_train,gaussian_noise,4346221023584565088,,,,0.03234143375343872,42,2,2,rust,0,-7.1352715,-4.676841,6.6581306,123
a68972ea977d6177ca94,data/plantvillage/raw/color/Apple___Cedar_apple_rust/e908463e-59ee-4eac-b1c9-4a79850030bc___FREC_C.Rust 9980.JPG,rust,2,g0875,s_reliability,reliability_train,original,,,,,,42,2,2,rust,0,-6.798058,-2.7681844,4.6373,123
41f16234b1e118a6e727,data/plantvillage/raw/color/Apple___Cedar_apple_rust/e908463e-59ee-4eac-b1c9-4a79850030bc___FREC_C.Rust 9980.JPG,rust,2,g0875,s_reliability,reliability_train,brightness,3526184186210788977,1.1918894311060484,,,,42,2,2,rust,0,-7.207876,-2.6514764,4.837518,123
f15e19966fb00abef363,data/plantvillage/raw/color/Apple___Cedar_apple_rust/e908463e-59ee-4eac-b1c9-4a79850030bc___FREC_C.Rust 9980.JPG,rust,2,g0875,s_reliability,reliability_train,contrast,2201312444660759378,,1.1259248375331392,,,42,2,2,rust,0,-7.1000376,-2.6988754,4.774724,123
eed1b8844cd73a712500,data/plantvillage/raw/color/Apple___Cedar_apple_rust/e908463e-59ee-4eac-b1c9-4a79850030bc___FREC_C.Rust 9980.JPG,rust,2,g0875,s_reliability,reliability_train,gaussian_blur,117068228257642595,,,1.3228552752452691,,42,2,2,rust,0,-7.1316876,-2.483318,5.0959167,123
08474c4223b95850002e,data/plantvillage/raw/color/Apple___Cedar_apple_rust/e908463e-59ee-4eac-b1c9-4a79850030bc___FREC_C.Rust 9980.JPG,rust,2,g0875,s_reliability,reliability_train,gaussian_noise,8492218321219190869,,,,0.024733535057592897,42,2,2,rust,0,-6.881605,-2.7405741,4.685109,123
f70accca824b299cc54f,data/plantvillage/raw/color/Apple___Cedar_apple_rust/ea119d19-1b3a-4767-af1d-e8b148a3bb8d___FREC_C.Rust 3579.JPG,rust,2,g0877,s_reliability,reliability_train,original,,,,,,42,2,2,rust,0,-4.849091,-3.7072003,4.812109,123
7a071fa095ad99c9a7b6,data/plantvillage/raw/color/Apple___Cedar_apple_rust/ea119d19-1b3a-4767-af1d-e8b148a3bb8d___FREC_C.Rust 3579.JPG,rust,2,g0877,s_reliability,reliability_train,brightness,2235240887641846699,1.2024353744237941,,,,42,2,2,rust,0,-5.0932307,-3.8846953,5.147197,123
9949327d2b8e8a0b717f,data/plantvillage/raw/color/Apple___Cedar_apple_rust/ea119d19-1b3a-4767-af1d-e8b148a3bb8d___FREC_C.Rust 3579.JPG,rust,2,g0877,s_reliability,reliability_train,contrast,5525228852948363036,,0.9777801668128185,,,42,2,2,rust,0,-4.712823,-3.7003248,4.7414246,123
79c8f5afeaa718695e7b,data/plantvillage/raw/color/Apple___Cedar_apple_rust/ea119d19-1b3a-4767-af1d-e8b148a3bb8d___FREC_C.Rust 3579.JPG,rust,2,g0877,s_reliability,reliability_train,gaussian_blur,2015734038617239061,,,0.7084315424560071,,42,2,2,rust,0,-5.669089,-3.9255106,5.4871416,123
ad4e55321f177bf9b2e4,data/plantvillage/raw/color/Apple___Cedar_apple_rust/ea119d19-1b3a-4767-af1d-e8b148a3bb8d___FREC_C.Rust 3579.JPG,rust,2,g0877,s_reliability,reliability_train,gaussian_noise,4954053557424571503,,,,0.03633844306437724,42,2,2,rust,0,-4.907924,-3.6543086,4.808429,123
fbca6840d08e36acfa82,data/plantvillage/raw/color/Apple___Cedar_apple_rust/fb11d069-d664-4666-ab51-3a7a4284e495___FREC_C.Rust 3791.JPG,rust,2,g0891,s_reliability,reliability_train,original,,,,,,42,2,2,rust,0,-11.303098,-2.1590161,6.859309,123
0888295ea335cf51e639,data/plantvillage/raw/color/Apple___Cedar_apple_rust/fb11d069-d664-4666-ab51-3a7a4284e495___FREC_C.Rust 3791.JPG,rust,2,g0891,s_reliability,reliability_train,brightness,6209508732971710872,0.8787643332360255,,,,42,2,2,rust,0,-10.287809,-2.1519141,6.301533,123
ff0552094a9ff460cea0,data/plantvillage/raw/color/Apple___Cedar_apple_rust/fb11d069-d664-4666-ab51-3a7a4284e495___FREC_C.Rust 3791.JPG,rust,2,g0891,s_reliability,reliability_train,contrast,257330656671559490,,0.986695040369126,,,42,2,2,rust,0,-11.245866,-2.1855047,6.8491926,123
9f14a7631866cf87e8b1,data/plantvillage/raw/color/Apple___Cedar_apple_rust/fb11d069-d664-4666-ab51-3a7a4284e495___FREC_C.Rust 3791.JPG,rust,2,g0891,s_reliability,reliability_train,gaussian_blur,861749423836179184,,,0.5468075855903947,,42,2,2,rust,0,-11.325669,-2.326801,7.107817,123
2cdba96ec17c973dd2f1,data/plantvillage/raw/color/Apple___Cedar_apple_rust/fb11d069-d664-4666-ab51-3a7a4284e495___FREC_C.Rust 3791.JPG,rust,2,g0891,s_reliability,reliability_train,gaussian_noise,497788015022879864,,,,0.039953065618991215,42,2,2,rust,0,-11.802418,-1.7482386,6.7950597,123
f2514aac440283194a92,data/plantvillage/raw/color/Apple___Cedar_apple_rust/fb27b16c-4ac1-45e9-abd2-487a1a528fb0___FREC_C.Rust 0206.JPG,rust,2,g0892,s_reliability,reliability_train,original,,,,,,42,2,2,rust,0,-6.1708455,-2.3360734,3.9753177,123
d0db2335dfb61fc68e6a,data/plantvillage/raw/color/Apple___Cedar_apple_rust/fb27b16c-4ac1-45e9-abd2-487a1a528fb0___FREC_C.Rust 0206.JPG,rust,2,g0892,s_reliability,reliability_train,brightness,3423751316080397408,1.0662850942313584,,,,42,2,2,rust,0,-6.068309,-2.4034898,3.9918878,123
b50f182af6638682f2db,data/plantvillage/raw/color/Apple___Cedar_apple_rust/fb27b16c-4ac1-45e9-abd2-487a1a528fb0___FREC_C.Rust 0206.JPG,rust,2,g0892,s_reliability,reliability_train,contrast,4280662381803263069,,0.9484551323625496,,,42,2,2,rust,0,-6.204905,-2.3584878,4.003059,123
c83e5c98daf98defe755,data/plantvillage/raw/color/Apple___Cedar_apple_rust/fb27b16c-4ac1-45e9-abd2-487a1a528fb0___FREC_C.Rust 0206.JPG,rust,2,g0892,s_reliability,reliability_train,gaussian_blur,7070732174747777669,,,1.1720872643193783,,42,2,2,rust,0,-8.046591,-2.0193717,5.0209365,123
2b3640b591db0e708f96,data/plantvillage/raw/color/Apple___Cedar_apple_rust/fb27b16c-4ac1-45e9-abd2-487a1a528fb0___FREC_C.Rust 0206.JPG,rust,2,g0892,s_reliability,reliability_train,gaussian_noise,507270042419111419,,,,0.03689697345252181,42,2,2,rust,0,-6.1746593,-2.2228153,3.868012,123
7d05daf75ba5c8af6c00,data/plantvillage/raw/color/Apple___healthy/0055dd26-23a7-4415-ac61-e0b44ebfaf80___RS_HL 5672.JPG,healthy,0,g0902,s_reliability,reliability_train,original,,,,,,42,0,0,healthy,0,7.584103,-2.256866,-6.563434,123
94702fbcbe75b88bf3a4,data/plantvillage/raw/color/Apple___healthy/0055dd26-23a7-4415-ac61-e0b44ebfaf80___RS_HL 5672.JPG,healthy,0,g0902,s_reliability,reliability_train,brightness,4139346865164680343,0.9763047627157291,,,,42,0,0,healthy,0,7.5846453,-2.2381668,-6.590208,123
60b12b355090f3026cf5,data/plantvillage/raw/color/Apple___healthy/0055dd26-23a7-4415-ac61-e0b44ebfaf80___RS_HL 5672.JPG,healthy,0,g0902,s_reliability,reliability_train,contrast,6583772138139478395,,1.067718486542573,,,42,0,0,healthy,0,7.670067,-2.3173838,-6.5100327,123
d2789fce6f32fbb8008f,data/plantvillage/raw/color/Apple___healthy/0055dd26-23a7-4415-ac61-e0b44ebfaf80___RS_HL 5672.JPG,healthy,0,g0902,s_reliability,reliability_train,gaussian_blur,4995190514623194908,,,0.7314481130989041,,42,0,0,healthy,0,5.441623,-2.1566513,-4.7800713,123
c82b4a79e664db6991ce,data/plantvillage/raw/color/Apple___healthy/0055dd26-23a7-4415-ac61-e0b44ebfaf80___RS_HL 5672.JPG,healthy,0,g0902,s_reliability,reliability_train,gaussian_noise,8848216592247912740,,,,0.04536432047955693,42,0,0,healthy,0,7.7143173,-2.303007,-6.6387954,123
f65a32a4d1a0c6e47bf5,data/plantvillage/raw/color/Apple___healthy/00a6039c-e425-4f7d-81b1-d6b0e668517e___RS_HL 7669.JPG,healthy,0,g0905,s_reliability,reliability_train,original,,,,,,42,0,0,healthy,0,5.128149,-2.8497965,-4.407516,123
177f3540ad492f9f8869,data/plantvillage/raw/color/Apple___healthy/00a6039c-e425-4f7d-81b1-d6b0e668517e___RS_HL 7669.JPG,healthy,0,g0905,s_reliability,reliability_train,brightness,7852058500523715241,1.0592268752864844,,,,42,0,0,healthy,0,5.019785,-2.8193367,-4.3636923,123
ad5503eceff1aaad51e1,data/plantvillage/raw/color/Apple___healthy/00a6039c-e425-4f7d-81b1-d6b0e668517e___RS_HL 7669.JPG,healthy,0,g0905,s_reliability,reliability_train,contrast,1913125161741092753,,1.027333889175043,,,42,0,0,healthy,0,5.1328473,-2.8246353,-4.4428844,123
38974b93cdd9aa9a44e0,data/plantvillage/raw/color/Apple___healthy/00a6039c-e425-4f7d-81b1-d6b0e668517e___RS_HL 7669.JPG,healthy,0,g0905,s_reliability,reliability_train,gaussian_blur,2006925093068003395,,,1.2185110477368228,,42,0,0,healthy,0,3.1153564,-2.0097902,-3.0724533,123
a1c74f39ba660559efd7,data/plantvillage/raw/color/Apple___healthy/00a6039c-e425-4f7d-81b1-d6b0e668517e___RS_HL 7669.JPG,healthy,0,g0905,s_reliability,reliability_train,gaussian_noise,5462501542574840487,,,,0.03036313109543845,42,0,0,healthy,0,4.8747697,-2.546409,-4.600172,123
db94fc9e54a8c66566cd,data/plantvillage/raw/color/Apple___healthy/011d02f3-5c3c-4484-a384-b1a0a0dbdec1___RS_HL 7544.JPG,healthy,0,g0908,s_reliability,reliability_train,original,,,,,,42,0,0,healthy,0,7.59858,-2.6844256,-6.3771,123
af3acec9493a0b29c4a0,data/plantvillage/raw/color/Apple___healthy/011d02f3-5c3c-4484-a384-b1a0a0dbdec1___RS_HL 7544.JPG,healthy,0,g0908,s_reliability,reliability_train,brightness,575555392864931441,1.1430863516797491,,,,42,0,0,healthy,0,7.7080874,-2.7203224,-6.4126325,123
4c941f18c58f356b2758,data/plantvillage/raw/color/Apple___healthy/011d02f3-5c3c-4484-a384-b1a0a0dbdec1___RS_HL 7544.JPG,healthy,0,g0908,s_reliability,reliability_train,contrast,7285267900512274951,,0.8167603030275792,,,42,0,0,healthy,0,7.635679,-2.8182967,-6.1914377,123
e9387e46d5f0b2199761,data/plantvillage/raw/color/Apple___healthy/011d02f3-5c3c-4484-a384-b1a0a0dbdec1___RS_HL 7544.JPG,healthy,0,g0908,s_reliability,reliability_train,gaussian_blur,5713311435882343068,,,0.8634567437598143,,42,0,0,healthy,0,5.60875,-3.120738,-3.8837342,123
59216bda00158e6b3573,data/plantvillage/raw/color/Apple___healthy/011d02f3-5c3c-4484-a384-b1a0a0dbdec1___RS_HL 7544.JPG,healthy,0,g0908,s_reliability,reliability_train,gaussian_noise,4623413030590410063,,,,0.029147924004270014,42,0,0,healthy,0,7.264057,-2.416669,-6.3986797,123
c13a68210f060b3dddcc,data/plantvillage/raw/color/Apple___healthy/01efa999-757d-487e-8250-27c7854c0ca8___RS_HL 7515.JPG,healthy,0,g0914,s_reliability,reliability_val,original,,,,,,42,0,0,healthy,0,5.1266093,-2.780141,-4.0417933,123
6c779758df0d3118e864,data/plantvillage/raw/color/Apple___healthy/01efa999-757d-487e-8250-27c7854c0ca8___RS_HL 7515.JPG,healthy,0,g0914,s_reliability,reliability_val,brightness,601811205655920670,0.8506806301400225,,,,42,0,0,healthy,0,5.213939,-2.679219,-4.2349625,123
e5822c0c44c786255de4,data/plantvillage/raw/color/Apple___healthy/01efa999-757d-487e-8250-27c7854c0ca8___RS_HL 7515.JPG,healthy,0,g0914,s_reliability,reliability_val,contrast,284746080218699580,,1.07765809576286,,,42,0,0,healthy,0,5.1527114,-2.7389908,-4.14655,123
13cf2a9915ee84d62e6c,data/plantvillage/raw/color/Apple___healthy/01efa999-757d-487e-8250-27c7854c0ca8___RS_HL 7515.JPG,healthy,0,g0914,s_reliability,reliability_val,gaussian_blur,5630806577886973307,,,0.6475453563904344,,42,0,0,healthy,0,3.685315,-2.705404,-2.4424665,123
55a429f336526fd64b3e,data/plantvillage/raw/color/Apple___healthy/01efa999-757d-487e-8250-27c7854c0ca8___RS_HL 7515.JPG,healthy,0,g0914,s_reliability,reliability_val,gaussian_noise,1983603717199459036,,,,0.01949014864919707,42,0,0,healthy,0,5.1232233,-2.7343922,-4.097732,123
bfe80f4adb0b370fdcdb,data/plantvillage/raw/color/Apple___healthy/022b515d-41fd-448e-abac-e8722c32d864___RS_HL 8131.JPG,healthy,0,g0915,s_reliability,reliability_train,original,,,,,,42,0,0,healthy,0,6.039866,-3.6611392,-4.5627327,123
c3c74f2911e4482f1b7c,data/plantvillage/raw/color/Apple___healthy/022b515d-41fd-448e-abac-e8722c32d864___RS_HL 8131.JPG,healthy,0,g0915,s_reliability,reliability_train,brightness,7479945192056616469,1.0310567943097604,,,,42,0,0,healthy,0,5.987375,-3.60507,-4.6059194,123
b11368a12d6571172135,data/plantvillage/raw/color/Apple___healthy/022b515d-41fd-448e-abac-e8722c32d864___RS_HL 8131.JPG,healthy,0,g0915,s_reliability,reliability_train,contrast,8838590380683059883,,1.1867428415938635,,,42,0,0,healthy,0,6.382558,-3.4813218,-4.837898,123
ab567e52df11d60853ee,data/plantvillage/raw/color/Apple___healthy/022b515d-41fd-448e-abac-e8722c32d864___RS_HL 8131.JPG,healthy,0,g0915,s_reliability,reliability_train,gaussian_blur,6423717366425227661,,,0.5010979502967126,,42,0,0,healthy,0,4.8905215,-3.7757425,-3.4199808,123
fdc5f4cf04f206a13986,data/plantvillage/raw/color/Apple___healthy/022b515d-41fd-448e-abac-e8722c32d864___RS_HL 8131.JPG,healthy,0,g0915,s_reliability,reliability_train,gaussian_noise,1390631790711647557,,,,0.04170336483356274,42,0,0,healthy,0,6.115995,-3.57454,-4.770188,123
a91d08d364655483ee41,data/plantvillage/raw/color/Apple___healthy/03d420e7-42a1-41d8-9600-16d577043c64___RS_HL 5738.JPG,healthy,0,g0929,s_reliability,reliability_train,original,,,,,,42,0,0,healthy,0,4.131007,-1.0947399,-4.048772,123
810004eff317d03b7883,data/plantvillage/raw/color/Apple___healthy/03d420e7-42a1-41d8-9600-16d577043c64___RS_HL 5738.JPG,healthy,0,g0929,s_reliability,reliability_train,brightness,6883941651987569795,0.7563994957535219,,,,42,0,0,healthy,0,4.191137,-0.9073258,-4.315904,123
12a9ec83478f6ed630ec,data/plantvillage/raw/color/Apple___healthy/03d420e7-42a1-41d8-9600-16d577043c64___RS_HL 5738.JPG,healthy,0,g0929,s_reliability,reliability_train,contrast,2063987167879479830,,0.9290191900827786,,,42,0,0,healthy,0,4.2128887,-1.1373662,-4.0774274,123
59a8e0a1feeb81e3e3fa,data/plantvillage/raw/color/Apple___healthy/03d420e7-42a1-41d8-9600-16d577043c64___RS_HL 5738.JPG,healthy,0,g0929,s_reliability,reliability_train,gaussian_blur,8664445297226123994,,,0.9975373738085934,,42,0,0,healthy,0,2.6044104,-1.6000849,-2.3548706,123
70b86062c4786eac45c0,data/plantvillage/raw/color/Apple___healthy/03d420e7-42a1-41d8-9600-16d577043c64___RS_HL 5738.JPG,healthy,0,g0929,s_reliability,reliability_train,gaussian_noise,6255277105659187288,,,,0.028471898762006134,42,0,0,healthy,0,4.123717,-0.9073133,-4.2400126,123
ef7e323d6d04680046fe,data/plantvillage/raw/color/Apple___healthy/04032305-5ca9-4110-b517-461f13c95f18___RS_HL 7446.JPG,healthy,0,g0932,s_reliability,reliability_train,original,,,,,,42,0,0,healthy,0,4.845667,-2.8046553,-3.4146998,123
fdc7fae24e32bc640603,data/plantvillage/raw/color/Apple___healthy/04032305-5ca9-4110-b517-461f13c95f18___RS_HL 7446.JPG,healthy,0,g0932,s_reliability,reliability_train,brightness,7666110683212313390,0.8871011957293111,,,,42,0,0,healthy,0,4.5656915,-2.5816119,-3.406343,123
180d2f9f28c2f62a8335,data/plantvillage/raw/color/Apple___healthy/04032305-5ca9-4110-b517-461f13c95f18___RS_HL 7446.JPG,healthy,0,g0932,s_reliability,reliability_train,contrast,1834613534800128342,,0.7774424022024107,,,42,0,0,healthy,0,3.8243344,-2.3665228,-3.1136837,123
30a53f57606fd3d665b5,data/plantvillage/raw/color/Apple___healthy/04032305-5ca9-4110-b517-461f13c95f18___RS_HL 7446.JPG,healthy,0,g0932,s_reliability,reliability_train,gaussian_blur,2224495679724899072,,,1.3360605410396136,,42,0,0,healthy,0,0.44336134,-2.695717,0.29009226,123
c78e36d79278bfe0444e,data/plantvillage/raw/color/Apple___healthy/04032305-5ca9-4110-b517-461f13c95f18___RS_HL 7446.JPG,healthy,0,g0932,s_reliability,reliability_train,gaussian_noise,4599159516839155128,,,,0.035285763592831615,42,0,0,healthy,0,4.7827353,-2.7697737,-3.4098299,123
2b6686808bfc894d0d40,data/plantvillage/raw/color/Apple___healthy/04125537-801d-4e15-b66c-224b09b4e1a7___RS_HL 7457.JPG,healthy,0,g0933,s_reliability,reliability_val,original,,,,,,42,0,0,healthy,0,4.937397,-3.3125625,-3.758914,123
334e9a59cc8c8ae69c22,data/plantvillage/raw/color/Apple___healthy/04125537-801d-4e15-b66c-224b09b4e1a7___RS_HL 7457.JPG,healthy,0,g0933,s_reliability,reliability_val,brightness,3258871348615193737,0.8239908390625025,,,,42,0,0,healthy,0,4.4343276,-2.9915693,-3.6921153,123
39e6863233b1bfc6d39b,data/plantvillage/raw/color/Apple___healthy/04125537-801d-4e15-b66c-224b09b4e1a7___RS_HL 7457.JPG,healthy,0,g0933,s_reliability,reliability_val,contrast,7356138542374867091,,0.9545927594454622,,,42,0,0,healthy,0,4.8660054,-3.280465,-3.7544794,123
a6b56e358a806eaaffcd,data/plantvillage/raw/color/Apple___healthy/04125537-801d-4e15-b66c-224b09b4e1a7___RS_HL 7457.JPG,healthy,0,g0933,s_reliability,reliability_val,gaussian_blur,4776929837684864152,,,1.1291532233415675,,42,0,0,healthy,0,1.7753826,-3.1960328,-1.2622184,123
29ad255eba6b9f7f9f6c,data/plantvillage/raw/color/Apple___healthy/04125537-801d-4e15-b66c-224b09b4e1a7___RS_HL 7457.JPG,healthy,0,g0933,s_reliability,reliability_val,gaussian_noise,7612539723433308753,,,,0.034109454226663595,42,0,0,healthy,0,4.8454614,-3.1128674,-3.9200346,123
9b0b61fd05cec54b8d20,data/plantvillage/raw/color/Apple___healthy/0580ddaa-0221-4adc-8b64-8ce1842f5f07___RS_HL 6242.JPG,healthy,0,g0941,s_reliability,reliability_train,original,,,,,,42,0,0,healthy,0,6.6461077,-4.3772674,-3.5514255,123
d20e90ae8ca6e91f034b,data/plantvillage/raw/color/Apple___healthy/0580ddaa-0221-4adc-8b64-8ce1842f5f07___RS_HL 6242.JPG,healthy,0,g0941,s_reliability,reliability_train,brightness,3449859198837585335,1.2800315415388361,,,,42,0,0,healthy,0,6.7440596,-4.569955,-3.5777326,123
60ead5f1e50776f7e545,data/plantvillage/raw/color/Apple___healthy/0580ddaa-0221-4adc-8b64-8ce1842f5f07___RS_HL 6242.JPG,healthy,0,g0941,s_reliability,reliability_train,contrast,7755844130057409304,,0.976349881094867,,,42,0,0,healthy,0,6.6311665,-4.36372,-3.544051,123
c56451b0146ffd374e6a,data/plantvillage/raw/color/Apple___healthy/0580ddaa-0221-4adc-8b64-8ce1842f5f07___RS_HL 6242.JPG,healthy,0,g0941,s_reliability,reliability_train,gaussian_blur,2282693013779792201,,,1.400321032576496,,42,0,0,healthy,0,2.5628836,-3.146646,-1.4001421,123
b2266081f3a0c6de066b,data/plantvillage/raw/color/Apple___healthy/0580ddaa-0221-4adc-8b64-8ce1842f5f07___RS_HL 6242.JPG,healthy,0,g0941,s_reliability,reliability_train,gaussian_noise,7494292889965346901,,,,0.017827539611281633,42,0,0,healthy,0,7.042206,-4.4502497,-3.7887902,123
b77c365b670e8de8c52c,data/plantvillage/raw/color/Apple___healthy/07778a5c-8037-425f-aa83-d10b1e1d5db4___RS_HL 7269.JPG,healthy,0,g0952,s_reliability,reliability_train,original,,,,,,42,0,1,scab,1,0.57752275,0.57993245,-4.0523295,123
7f18ccef2e2b83cccca8,data/plantvillage/raw/color/Apple___healthy/07778a5c-8037-425f-aa83-d10b1e1d5db4___RS_HL 7269.JPG,healthy,0,g0952,s_reliability,reliability_train,brightness,1194340646687988085,1.0951686054111325,,,,42,0,1,scab,1,0.15301386,0.7456473,-3.9391923,123
646e87705af38b5ba86e,data/plantvillage/raw/color/Apple___healthy/07778a5c-8037-425f-aa83-d10b1e1d5db4___RS_HL 7269.JPG,healthy,0,g0952,s_reliability,reliability_train,contrast,4919774421496717009,,0.7927199582791592,,,42,0,0,healthy,0,1.3106191,0.2849321,-4.255714,123
260dd9683abd3b41d190,data/plantvillage/raw/color/Apple___healthy/07778a5c-8037-425f-aa83-d10b1e1d5db4___RS_HL 7269.JPG,healthy,0,g0952,s_reliability,reliability_train,gaussian_blur,8944619961322973658,,,1.368812150044676,,42,0,1,scab,1,-2.9518168,0.7489063,-1.4298658,123
035aa9680249c3ee00e6,data/plantvillage/raw/color/Apple___healthy/07778a5c-8037-425f-aa83-d10b1e1d5db4___RS_HL 7269.JPG,healthy,0,g0952,s_reliability,reliability_train,gaussian_noise,3452105523413241449,,,,0.045195606074271366,42,0,0,healthy,0,1.1573864,0.28726187,-4.1930313,123
693411f759841f8e31e6,data/plantvillage/raw/color/Apple___healthy/07942abf-8326-4742-bcba-52ddba093974___RS_HL 5731.JPG,healthy,0,g0954,s_reliability,reliability_train,original,,,,,,42,0,0,healthy,0,5.7614865,-2.2161238,-5.4863853,123
a57a254c3fb3ccece27b,data/plantvillage/raw/color/Apple___healthy/07942abf-8326-4742-bcba-52ddba093974___RS_HL 5731.JPG,healthy,0,g0954,s_reliability,reliability_train,brightness,9102729903717149170,0.9779227401921844,,,,42,0,0,healthy,0,5.740933,-2.183024,-5.4846163,123
e64a77651d37b745155b,data/plantvillage/raw/color/Apple___healthy/07942abf-8326-4742-bcba-52ddba093974___RS_HL 5731.JPG,healthy,0,g0954,s_reliability,reliability_train,contrast,1241721792693739349,,1.0348941400050762,,,42,0,0,healthy,0,5.987517,-2.3258424,-5.5488024,123
285200b4a3df6a4f14e6,data/plantvillage/raw/color/Apple___healthy/07942abf-8326-4742-bcba-52ddba093974___RS_HL 5731.JPG,healthy,0,g0954,s_reliability,reliability_train,gaussian_blur,7440832551484615930,,,1.3697353370892666,,42,0,0,healthy,0,2.5223334,-2.1913538,-2.6260474,123
b25f40784a67b144223b,data/plantvillage/raw/color/Apple___healthy/07942abf-8326-4742-bcba-52ddba093974___RS_HL 5731.JPG,healthy,0,g0954,s_reliability,reliability_train,gaussian_noise,7747700612224713847,,,,0.025278394275542335,42,0,0,healthy,0,6.114792,-2.399403,-5.572756,123
8ee01dc640b4f37d3a83,data/plantvillage/raw/color/Apple___healthy/09994dfa-4aab-4ada-9ef2-431d050e1e38___RS_HL 5658.JPG,healthy,0,g0963,s_reliability,reliability_train,original,,,,,,42,0,0,healthy,0,2.2702575,-2.6645553,-2.804947,123
aeee65275375cf4fb1eb,data/plantvillage/raw/color/Apple___healthy/09994dfa-4aab-4ada-9ef2-431d050e1e38___RS_HL 5658.JPG,healthy,0,g0963,s_reliability,reliability_train,brightness,6113020320476421427,1.023560186067027,,,,42,0,0,healthy,0,2.262999,-2.6674569,-2.7958932,123
6440791b29d0f1e6e2cf,data/plantvillage/raw/color/Apple___healthy/09994dfa-4aab-4ada-9ef2-431d050e1e38___RS_HL 5658.JPG,healthy,0,g0963,s_reliability,reliability_train,contrast,1691782843903414336,,1.1130693630927504,,,42,0,0,healthy,0,1.9514703,-2.6812694,-2.6608012,123
9f346da730aa20c9861d,data/plantvillage/raw/color/Apple___healthy/09994dfa-4aab-4ada-9ef2-431d050e1e38___RS_HL 5658.JPG,healthy,0,g0963,s_reliability,reliability_train,gaussian_blur,6391323815067267361,,,0.6644317603381861,,42,0,0,healthy,0,-0.2713977,-2.1430397,-1.1040585,123
39779ed01f6f3b25609e,data/plantvillage/raw/color/Apple___healthy/09994dfa-4aab-4ada-9ef2-431d050e1e38___RS_HL 5658.JPG,healthy,0,g0963,s_reliability,reliability_train,gaussian_noise,7368434670547825739,,,,0.018120559234648337,42,0,0,healthy,0,2.3471725,-2.6695135,-2.874571,123
85dcdb70e220f9672697,data/plantvillage/raw/color/Apple___healthy/0bc2127e-99b9-44ea-bb2b-4e1b0b0f7624___RS_HL 7777.JPG,healthy,0,g0975,s_reliability,reliability_train,original,,,,,,42,0,0,healthy,0,6.881474,-2.035329,-6.0794935,123
66264bcffbc49ca338b8,data/plantvillage/raw/color/Apple___healthy/0bc2127e-99b9-44ea-bb2b-4e1b0b0f7624___RS_HL 7777.JPG,healthy,0,g0975,s_reliability,reliability_train,brightness,2901370777599706271,0.9564067892592473,,,,42,0,0,healthy,0,6.839913,-2.015465,-6.066887,123
03f17f71fa41004f6d74,data/plantvillage/raw/color/Apple___healthy/0bc2127e-99b9-44ea-bb2b-4e1b0b0f7624___RS_HL 7777.JPG,healthy,0,g0975,s_reliability,reliability_train,contrast,2839432213407041778,,0.9221943590308267,,,42,0,0,healthy,0,6.9790187,-2.1186929,-6.1005015,123
243d5adf9ec784796e25,data/plantvillage/raw/color/Apple___healthy/0bc2127e-99b9-44ea-bb2b-4e1b0b0f7624___RS_HL 7777.JPG,healthy,0,g0975,s_reliability,reliability_train,gaussian_blur,3028755555816570598,,,1.235458541983659,,42,0,0,healthy,0,2.1913555,-0.2798048,-3.5780447,123
99b192b50473adaa85a0,data/plantvillage/raw/color/Apple___healthy/0bc2127e-99b9-44ea-bb2b-4e1b0b0f7624___RS_HL 7777.JPG,healthy,0,g0975,s_reliability,reliability_train,gaussian_noise,6935281982591155657,,,,0.017082542116114006,42,0,0,healthy,0,7.154218,-2.045058,-6.2890873,123
e9132dd1bae0471dd2e8,data/plantvillage/raw/color/Apple___healthy/0c30f1f2-9eed-4861-bf66-eceae1b0b625___RS_HL 7430.JPG,healthy,0,g0978,s_reliability,reliability_train,original,,,,,,42,0,0,healthy,0,6.165106,-3.8190513,-4.2397447,123
5593adca5ea4a06bb985,data/plantvillage/raw/color/Apple___healthy/0c30f1f2-9eed-4861-bf66-eceae1b0b625___RS_HL 7430.JPG,healthy,0,g0978,s_reliability,reliability_train,brightness,8383070066021798905,1.2864596041217244,,,,42,0,0,healthy,0,5.6370754,-3.7826483,-3.821409,123
9f50eb8f36b05bfebb03,data/plantvillage/raw/color/Apple___healthy/0c30f1f2-9eed-4861-bf66-eceae1b0b625___RS_HL 7430.JPG,healthy,0,g0978,s_reliability,reliability_train,contrast,8564754348361732623,,1.0368871080058841,,,42,0,0,healthy,0,6.240386,-3.8395321,-4.2708426,123
b844a617f5df68378bf1,data/plantvillage/raw/color/Apple___healthy/0c30f1f2-9eed-4861-bf66-eceae1b0b625___RS_HL 7430.JPG,healthy,0,g0978,s_reliability,reliability_train,gaussian_blur,145004992506160047,,,0.5717682766852547,,42,0,0,healthy,0,4.9888725,-4.006791,-2.954905,123
c306d935be3eca6016a5,data/plantvillage/raw/color/Apple___healthy/0c30f1f2-9eed-4861-bf66-eceae1b0b625___RS_HL 7430.JPG,healthy,0,g0978,s_reliability,reliability_train,gaussian_noise,5205922633587006532,,,,0.011743978621714888,42,0,0,healthy,0,6.1642637,-3.7761524,-4.2844677,123
2089e9b9e9b9ef1bb772,data/plantvillage/raw/color/Apple___healthy/0c83f4eb-4949-47c8-bf63-312d16e64913___RS_HL 7619.JPG,healthy,0,g0980,s_reliability,reliability_train,original,,,,,,42,0,0,healthy,0,3.8362153,-1.4727261,-4.475255,123
1a7d8d09b26071844a1a,data/plantvillage/raw/color/Apple___healthy/0c83f4eb-4949-47c8-bf63-312d16e64913___RS_HL 7619.JPG,healthy,0,g0980,s_reliability,reliability_train,brightness,6385323929611414960,0.7500574326181345,,,,42,0,0,healthy,0,4.180504,-1.4003751,-4.6369176,123
8d2f4f39c9db4012746d,data/plantvillage/raw/color/Apple___healthy/0c83f4eb-4949-47c8-bf63-312d16e64913___RS_HL 7619.JPG,healthy,0,g0980,s_reliability,reliability_train,contrast,2316661434613999494,,1.2435543090685217,,,42,0,0,healthy,0,3.5547688,-1.0508953,-4.757383,123
8b1056e5bcdf27e658dc,data/plantvillage/raw/color/Apple___healthy/0c83f4eb-4949-47c8-bf63-312d16e64913___RS_HL 7619.JPG,healthy,0,g0980,s_reliability,reliability_train,gaussian_blur,4678431679871518897,,,0.7721286703851169,,42,0,0,healthy,0,2.0043213,-1.8021556,-2.5200543,123
c75214ffc8fca78969fb,data/plantvillage/raw/color/Apple___healthy/0c83f4eb-4949-47c8-bf63-312d16e64913___RS_HL 7619.JPG,healthy,0,g0980,s_reliability,reliability_train,gaussian_noise,460062563761938281,,,,0.010284741669547608,42,0,0,healthy,0,3.8614511,-1.4589427,-4.515354,123
96739ebe34c35aced410,data/plantvillage/raw/color/Apple___healthy/0da48999-25da-4373-8277-3718a8203d0a___RS_HL 8012.JPG,healthy,0,g0989,s_reliability,reliability_train,original,,,,,,42,0,0,healthy,0,4.4077945,-1.508737,-4.42101,123
667b47ac1096c07b3f73,data/plantvillage/raw/color/Apple___healthy/0da48999-25da-4373-8277-3718a8203d0a___RS_HL 8012.JPG,healthy,0,g0989,s_reliability,reliability_train,brightness,6525105122060737064,0.7204248206258157,,,,42,0,0,healthy,0,4.473377,-1.279448,-4.6484995,123
3ab107625a6026608db7,data/plantvillage/raw/color/Apple___healthy/0da48999-25da-4373-8277-3718a8203d0a___RS_HL 8012.JPG,healthy,0,g0989,s_reliability,reliability_train,contrast,5780856424876593158,,0.9665007139109236,,,42,0,0,healthy,0,4.4119787,-1.4899743,-4.444569,123
9599fa8efdb9f6284d56,data/plantvillage/raw/color/Apple___healthy/0da48999-25da-4373-8277-3718a8203d0a___RS_HL 8012.JPG,healthy,0,g0989,s_reliability,reliability_train,gaussian_blur,7242833113398972951,,,1.368879535597296,,42,0,0,healthy,0,1.4932278,-0.84815717,-2.3300068,123
ef227a7ec3dfc6587745,data/plantvillage/raw/color/Apple___healthy/0da48999-25da-4373-8277-3718a8203d0a___RS_HL 8012.JPG,healthy,0,g0989,s_reliability,reliability_train,gaussian_noise,135914464852805593,,,,0.04227778367392513,42,0,0,healthy,0,4.468452,-1.2705048,-4.586578,123
10e781a742e2a86d499a,data/plantvillage/raw/color/Apple___healthy/0da8c59a-e54c-4408-ae3c-06d54608b20a___RS_HL 6236.JPG,healthy,0,g0990,s_reliability,reliability_train,original,,,,,,42,0,0,healthy,0,4.6777606,-3.8349674,-2.7947524,123
682ec67c2d3acc91c0ec,data/plantvillage/raw/color/Apple___healthy/0da8c59a-e54c-4408-ae3c-06d54608b20a___RS_HL 6236.JPG,healthy,0,g0990,s_reliability,reliability_train,brightness,3463723451146797913,0.9688515454274274,,,,42,0,0,healthy,0,4.615647,-3.8282063,-2.7360582,123
b947381bc19265fba5e4,data/plantvillage/raw/color/Apple___healthy/0da8c59a-e54c-4408-ae3c-06d54608b20a___RS_HL 6236.JPG,healthy,0,g0990,s_reliability,reliability_train,contrast,2554177620913746991,,1.2290950028849772,,,42,0,0,healthy,0,5.13614,-4.0608196,-2.9981844,123
3d5aef276b7b9dfd959b,data/plantvillage/raw/color/Apple___healthy/0da8c59a-e54c-4408-ae3c-06d54608b20a___RS_HL 6236.JPG,healthy,0,g0990,s_reliability,reliability_train,gaussian_blur,8198671289859897182,,,1.4572422662082245,,42,0,0,healthy,0,2.092136,-3.6122434,-0.66602534,123
fb55ebfa6ce5384c0ff8,data/plantvillage/raw/color/Apple___healthy/0da8c59a-e54c-4408-ae3c-06d54608b20a___RS_HL 6236.JPG,healthy,0,g0990,s_reliability,reliability_train,gaussian_noise,2342736260575298659,,,,0.030369966499131484,42,0,0,healthy,0,4.632004,-3.6051066,-2.921577,123
76d0b8170915b6e111e3,data/plantvillage/raw/color/Apple___healthy/0e3c0777-c214-4749-b8ae-4985274d2f9e___RS_HL 7984.JPG,healthy,0,g0992,s_reliability,reliability_train,original,,,,,,42,0,0,healthy,0,4.2130513,-3.6146774,-2.9367537,123
c35ff7df6e5001c42db0,data/plantvillage/raw/color/Apple___healthy/0e3c0777-c214-4749-b8ae-4985274d2f9e___RS_HL 7984.JPG,healthy,0,g0992,s_reliability,reliability_train,brightness,5416953972895137372,0.9100510315049726,,,,42,0,0,healthy,0,4.378632,-3.666266,-3.0105321,123
121886a3544e265e019c,data/plantvillage/raw/color/Apple___healthy/0e3c0777-c214-4749-b8ae-4985274d2f9e___RS_HL 7984.JPG,healthy,0,g0992,s_reliability,reliability_train,contrast,6272676531601026167,,1.0787058929979338,,,42,0,0,healthy,0,4.202301,-3.62166,-2.873316,123
ec6a553db93697c2a797,data/plantvillage/raw/color/Apple___healthy/0e3c0777-c214-4749-b8ae-4985274d2f9e___RS_HL 7984.JPG,healthy,0,g0992,s_reliability,reliability_train,gaussian_blur,8353612448748471167,,,0.5039484004354288,,42,0,0,healthy,0,3.4255416,-3.4911368,-2.361122,123
054ee525aaca2ac1c0dd,data/plantvillage/raw/color/Apple___healthy/0e3c0777-c214-4749-b8ae-4985274d2f9e___RS_HL 7984.JPG,healthy,0,g0992,s_reliability,reliability_train,gaussian_noise,4297011698582326178,,,,0.04289619450586276,42,0,0,healthy,0,4.402285,-3.5703483,-3.075504,123
e83c39e2fd5f50a18999,data/plantvillage/raw/color/Apple___healthy/0ebf06b5-7471-42d7-b8d6-5a53127f90f3___RS_HL 8163.JPG,healthy,0,g0998,s_reliability,reliability_train,original,,,,,,42,0,0,healthy,0,5.842438,-4.2248316,-4.213358,123
8227899f57596012dd92,data/plantvillage/raw/color/Apple___healthy/0ebf06b5-7471-42d7-b8d6-5a53127f90f3___RS_HL 8163.JPG,healthy,0,g0998,s_reliability,reliability_train,brightness,5077043498394077755,1.1306360601382774,,,,42,0,0,healthy,0,5.7171044,-4.312255,-4.0786166,123
cb282ac86c409406f815,data/plantvillage/raw/color/Apple___healthy/0ebf06b5-7471-42d7-b8d6-5a53127f90f3___RS_HL 8163.JPG,healthy,0,g0998,s_reliability,reliability_train,contrast,5314037544080975614,,1.2255896927375893,,,42,0,0,healthy,0,5.482974,-4.075808,-4.105428,123
12f50be2aa45422a5a7e,data/plantvillage/raw/color/Apple___healthy/0ebf06b5-7471-42d7-b8d6-5a53127f90f3___RS_HL 8163.JPG,healthy,0,g0998,s_reliability,reliability_train,gaussian_blur,6072977512561091917,,,0.8273754187313723,,42,0,0,healthy,0,3.147706,-4.034659,-1.9032966,123
9dd478be1e37e7e18c16,data/plantvillage/raw/color/Apple___healthy/0ebf06b5-7471-42d7-b8d6-5a53127f90f3___RS_HL 8163.JPG,healthy,0,g0998,s_reliability,reliability_train,gaussian_noise,2499001778828851668,,,,0.0259316186575171,42,0,0,healthy,0,5.8020425,-4.180993,-4.1600394,123
be567a9c2f22973fd873,data/plantvillage/raw/color/Apple___healthy/10f75d05-fa3e-4b14-b3d8-093292c218e6___RS_HL 7873.JPG,healthy,0,g1012,s_reliability,reliability_train,original,,,,,,42,0,0,healthy,0,4.145461,-3.3090713,-3.2156463,123
36ea5ee718ea37369b61,data/plantvillage/raw/color/Apple___healthy/10f75d05-fa3e-4b14-b3d8-093292c218e6___RS_HL 7873.JPG,healthy,0,g1012,s_reliability,reliability_train,brightness,4447246356812993940,1.0716852721398338,,,,42,0,0,healthy,0,4.1293263,-3.3351645,-3.1695125,123
669809267f5eb244dc40,data/plantvillage/raw/color/Apple___healthy/10f75d05-fa3e-4b14-b3d8-093292c218e6___RS_HL 7873.JPG,healthy,0,g1012,s_reliability,reliability_train,contrast,7697356365623431003,,0.7303545967271267,,,42,0,0,healthy,0,4.108217,-3.2533667,-3.1937537,123
c2cdb1b74617d4a456af,data/plantvillage/raw/color/Apple___healthy/10f75d05-fa3e-4b14-b3d8-093292c218e6___RS_HL 7873.JPG,healthy,0,g1012,s_reliability,reliability_train,gaussian_blur,872841328728622432,,,1.4596118673875131,,42,0,0,healthy,0,0.7252872,-3.0601912,-0.17186919,123
bc67f5120716122d110d,data/plantvillage/raw/color/Apple___healthy/10f75d05-fa3e-4b14-b3d8-093292c218e6___RS_HL 7873.JPG,healthy,0,g1012,s_reliability,reliability_train,gaussian_noise,4839982961941657383,,,,0.04691331931389009,42,0,0,healthy,0,4.5162716,-3.1722398,-3.6447856,123
9d1510bc340e6806a5c0,data/plantvillage/raw/color/Apple___healthy/122d2ed7-efb5-4a82-a6f0-74e9524e83ff___RS_HL 5702.JPG,healthy,0,g1024,s_reliability,reliability_train,original,,,,,,42,0,0,healthy,0,6.47212,-3.2759557,-4.3197207,123
8a6d6a250f6199569dd0,data/plantvillage/raw/color/Apple___healthy/122d2ed7-efb5-4a82-a6f0-74e9524e83ff___RS_HL 5702.JPG,healthy,0,g1024,s_reliability,reliability_train,brightness,2938827979348571892,1.043194162018532,,,,42,0,0,healthy,0,6.6727023,-3.3803604,-4.348505,123
66657392bed323d43406,data/plantvillage/raw/color/Apple___healthy/122d2ed7-efb5-4a82-a6f0-74e9524e83ff___RS_HL 5702.JPG,healthy,0,g1024,s_reliability,reliability_train,contrast,238509718509373447,,1.2620037990049804,,,42,0,0,healthy,0,5.90917,-3.2068632,-4.0026817,123
301c188fb8f9a54cb530,data/plantvillage/raw/color/Apple___healthy/122d2ed7-efb5-4a82-a6f0-74e9524e83ff___RS_HL 5702.JPG,healthy,0,g1024,s_reliability,reliability_train,gaussian_blur,5687775257650993631,,,0.7403579322503967,,42,0,0,healthy,0,5.106751,-3.772005,-2.3985896,123
cb6da6f7ff0b58af9cd2,data/plantvillage/raw/color/Apple___healthy/122d2ed7-efb5-4a82-a6f0-74e9524e83ff___RS_HL 5702.JPG,healthy,0,g1024,s_reliability,reliability_train,gaussian_noise,9216522196797325313,,,,0.04892181296794958,42,0,0,healthy,0,6.924699,-3.1633282,-4.711218,123
47e5cebbc1bac1fdefb6,data/plantvillage/raw/color/Apple___healthy/1230a95a-5f08-4fd6-b6e9-44c0c7b1fe8c___RS_HL 8092.JPG,healthy,0,g1025,s_reliability,reliability_train,original,,,,,,42,0,0,healthy,0,4.1769648,-0.96482235,-3.7225056,123
e614ef5c8ae4be271078,data/plantvillage/raw/color/Apple___healthy/1230a95a-5f08-4fd6-b6e9-44c0c7b1fe8c___RS_HL 8092.JPG,healthy,0,g1025,s_reliability,reliability_train,brightness,7969770929928713769,1.153707329217389,,,,42,0,0,healthy,0,3.6709158,-0.52337646,-3.6675003,123
e480e6af78b11cf91462,data/plantvillage/raw/color/Apple___healthy/1230a95a-5f08-4fd6-b6e9-44c0c7b1fe8c___RS_HL 8092.JPG,healthy,0,g1025,s_reliability,reliability_train,contrast,5029934732931458191,,1.0009603379502359,,,42,0,0,healthy,0,4.194659,-0.9672389,-3.7387083,123
1054e903db333d71e2f0,data/plantvillage/raw/color/Apple___healthy/1230a95a-5f08-4fd6-b6e9-44c0c7b1fe8c___RS_HL 8092.JPG,healthy,0,g1025,s_reliability,reliability_train,gaussian_blur,5771635819209898773,,,0.9340649123924728,,42,0,0,healthy,0,2.822904,-0.7557461,-2.7504275,123
82378deebf6894530b08,data/plantvillage/raw/color/Apple___healthy/1230a95a-5f08-4fd6-b6e9-44c0c7b1fe8c___RS_HL 8092.JPG,healthy,0,g1025,s_reliability,reliability_train,gaussian_noise,4292452900353326736,,,,0.03394732618165814,42,0,0,healthy,0,3.3630195,-0.2233112,-3.8965855,123
f812962aabb32723096d,data/plantvillage/raw/color/Apple___healthy/1331fd38-acdf-488f-a5db-8dfcecfa5690___RS_HL 7381.JPG,healthy,0,g1031,s_reliability,reliability_train,original,,,,,,42,0,0,healthy,0,5.0618415,-2.5234861,-4.899205,123
16b15bd0d19678bb37d6,data/plantvillage/raw/color/Apple___healthy/1331fd38-acdf-488f-a5db-8dfcecfa5690___RS_HL 7381.JPG,healthy,0,g1031,s_reliability,reliability_train,brightness,5802731267368083257,1.1559346265050217,,,,42,0,0,healthy,0,5.019636,-2.7140017,-4.7279677,123
65b4999529c6ba20a4bf,data/plantvillage/raw/color/Apple___healthy/1331fd38-acdf-488f-a5db-8dfcecfa5690___RS_HL 7381.JPG,healthy,0,g1031,s_reliability,reliability_train,contrast,7732907331130101933,,0.7444979028196742,,,42,0,0,healthy,0,3.8458595,-1.7766967,-4.6271744,123
a0649f9998a1fcebadfa,data/plantvillage/raw/color/Apple___healthy/1331fd38-acdf-488f-a5db-8dfcecfa5690___RS_HL 7381.JPG,healthy,0,g1031,s_reliability,reliability_train,gaussian_blur,6175199157573693001,,,0.9723052600989738,,42,0,0,healthy,0,2.1371446,-2.76708,-2.1529627,123
286fe4b1920cabbeb92f,data/plantvillage/raw/color/Apple___healthy/1331fd38-acdf-488f-a5db-8dfcecfa5690___RS_HL 7381.JPG,healthy,0,g1031,s_reliability,reliability_train,gaussian_noise,3338775063657819850,,,,0.012165094554888425,42,0,0,healthy,0,5.143357,-2.491511,-4.977318,123
62e63bdebf731e7e331a,data/plantvillage/raw/color/Apple___healthy/1356ba06-a72d-480b-b9e5-7bc349d9e605___RS_HL 6208.JPG,healthy,0,g1033,s_reliability,reliability_train,original,,,,,,42,0,0,healthy,0,5.2936277,-4.667574,-1.7267431,123
eb58f82dcefd41308c03,data/plantvillage/raw/color/Apple___healthy/1356ba06-a72d-480b-b9e5-7bc349d9e605___RS_HL 6208.JPG,healthy,0,g1033,s_reliability,reliability_train,brightness,6986502084615239859,0.8115458874588882,,,,42,0,0,healthy,0,5.531986,-4.8492813,-1.7704346,123
772dd6104c5262610a44,data/plantvillage/raw/color/Apple___healthy/1356ba06-a72d-480b-b9e5-7bc349d9e605___RS_HL 6208.JPG,healthy,0,g1033,s_reliability,reliability_train,contrast,6481133085813165989,,1.2888533359696266,,,42,0,0,healthy,0,5.4362597,-4.6948156,-1.747681,123
391348a390558ca4d74c,data/plantvillage/raw/color/Apple___healthy/1356ba06-a72d-480b-b9e5-7bc349d9e605___RS_HL 6208.JPG,healthy,0,g1033,s_reliability,reliability_train,gaussian_blur,8793894531593253634,,,0.7820252156286511,,42,0,0,healthy,0,4.7665644,-4.3896637,-1.4613146,123
e047b3d57749464fbbc4,data/plantvillage/raw/color/Apple___healthy/1356ba06-a72d-480b-b9e5-7bc349d9e605___RS_HL 6208.JPG,healthy,0,g1033,s_reliability,reliability_train,gaussian_noise,8385275551437895769,,,,0.02413290534140625,42,0,0,healthy,0,5.1327505,-4.154136,-2.12478,123
018d5eb656f9e17cad74,data/plantvillage/raw/color/Apple___healthy/1495b096-6249-4f8c-b9e5-37e09fc21d1a___RS_HL 7716.JPG,healthy,0,g1051,s_reliability,reliability_val,original,,,,,,42,0,0,healthy,0,4.5519733,-1.4796295,-4.7377963,123
27baa6e6efea3baab51a,data/plantvillage/raw/color/Apple___healthy/1495b096-6249-4f8c-b9e5-37e09fc21d1a___RS_HL 7716.JPG,healthy,0,g1051,s_reliability,reliability_val,brightness,396510406574863872,1.0904443549761929,,,,42,0,0,healthy,0,4.2048216,-1.2232275,-4.7485204,123
a9f53d21491b81aed698,data/plantvillage/raw/color/Apple___healthy/1495b096-6249-4f8c-b9e5-37e09fc21d1a___RS_HL 7716.JPG,healthy,0,g1051,s_reliability,reliability_val,contrast,8029274360114542402,,0.9449139296157019,,,42,0,0,healthy,0,4.6172905,-1.5473045,-4.69603,123
2ec619c76576d71abdc0,data/plantvillage/raw/color/Apple___healthy/1495b096-6249-4f8c-b9e5-37e09fc21d1a___RS_HL 7716.JPG,healthy,0,g1051,s_reliability,reliability_val,gaussian_blur,7653521717149890517,,,0.7217909267835522,,42,0,0,healthy,0,3.3452752,-1.6301916,-3.6335716,123
87bcf16125e4fb384e74,data/plantvillage/raw/color/Apple___healthy/1495b096-6249-4f8c-b9e5-37e09fc21d1a___RS_HL 7716.JPG,healthy,0,g1051,s_reliability,reliability_val,gaussian_noise,9194818205269157942,,,,0.024338904835351567,42,0,0,healthy,0,4.4986424,-1.2795085,-4.8998075,123
bb0d2e0badde8b89019f,data/plantvillage/raw/color/Apple___healthy/14c691eb-78de-417f-8832-93427151a6e1___RS_HL 8090.JPG,healthy,0,g1056,s_reliability,reliability_train,original,,,,,,42,0,0,healthy,0,6.8584385,-1.9241672,-6.461422,123
0109d3e5a4736bf3677a,data/plantvillage/raw/color/Apple___healthy/14c691eb-78de-417f-8832-93427151a6e1___RS_HL 8090.JPG,healthy,0,g1056,s_reliability,reliability_train,brightness,9166084220381054943,0.7413090203792538,,,,42,0,0,healthy,0,7.2216916,-2.115085,-6.443779,123
0e4d31142c2b6c948937,data/plantvillage/raw/color/Apple___healthy/14c691eb-78de-417f-8832-93427151a6e1___RS_HL 8090.JPG,healthy,0,g1056,s_reliability,reliability_train,contrast,3033833379530759856,,1.2166633859813478,,,42,0,0,healthy,0,6.6151156,-1.6317725,-6.526224,123
ccd4c0766ad3d415b3a3,data/plantvillage/raw/color/Apple___healthy/14c691eb-78de-417f-8832-93427151a6e1___RS_HL 8090.JPG,healthy,0,g1056,s_reliability,reliability_train,gaussian_blur,2101826231254733034,,,1.3918600044277938,,42,0,0,healthy,0,2.1402378,-1.706331,-2.2677388,123
52b83c46a9963907e7e0,data/plantvillage/raw/color/Apple___healthy/14c691eb-78de-417f-8832-93427151a6e1___RS_HL 8090.JPG,healthy,0,g1056,s_reliability,reliability_train,gaussian_noise,9132172287452114096,,,,0.04289604568187124,42,0,0,healthy,0,6.882407,-1.7055264,-6.626852,123
09eb3180d443be4959a2,data/plantvillage/raw/color/Apple___healthy/15b10e4e-2d9b-463e-85c0-d66ba29c5b49___RS_HL 7506.JPG,healthy,0,g1063,s_reliability,reliability_train,original,,,,,,42,0,0,healthy,0,7.0263205,-3.7565098,-4.684089,123
7324306d89c5b2d66d63,data/plantvillage/raw/color/Apple___healthy/15b10e4e-2d9b-463e-85c0-d66ba29c5b49___RS_HL 7506.JPG,healthy,0,g1063,s_reliability,reliability_train,brightness,2974158510047394103,0.9595241085418778,,,,42,0,0,healthy,0,7.2243342,-3.855289,-4.7130604,123
a2abb2dcb77dd46bac25,data/plantvillage/raw/color/Apple___healthy/15b10e4e-2d9b-463e-85c0-d66ba29c5b49___RS_HL 7506.JPG,healthy,0,g1063,s_reliability,reliability_train,contrast,7263054087269268006,,1.0834826011134757,,,42,0,0,healthy,0,6.901499,-3.5633416,-4.807475,123
77c4873f6a48fa426248,data/plantvillage/raw/color/Apple___healthy/15b10e4e-2d9b-463e-85c0-d66ba29c5b49___RS_HL 7506.JPG,healthy,0,g1063,s_reliability,reliability_train,gaussian_blur,1119026184543957616,,,1.3240433031468317,,42,0,0,healthy,0,4.986853,-4.077831,-2.236024,123
8e2e83b686162e071d06,data/plantvillage/raw/color/Apple___healthy/15b10e4e-2d9b-463e-85c0-d66ba29c5b49___RS_HL 7506.JPG,healthy,0,g1063,s_reliability,reliability_train,gaussian_noise,8754041797465708706,,,,0.02799796610460241,42,0,0,healthy,0,6.807548,-3.5407314,-4.754269,123
3cd052e3ad85c62dd9bc,data/plantvillage/raw/color/Apple___healthy/1652d645-fb1b-4529-acbe-17093566cd2a___RS_HL 8074.JPG,healthy,0,g1067,s_reliability,reliability_train,original,,,,,,42,0,0,healthy,0,7.7038884,-3.409066,-4.7493563,123
40766999c1979e94de86,data/plantvillage/raw/color/Apple___healthy/1652d645-fb1b-4529-acbe-17093566cd2a___RS_HL 8074.JPG,healthy,0,g1067,s_reliability,reliability_train,brightness,9153067409815295511,1.1556105243876882,,,,42,0,0,healthy,0,7.8451343,-3.4786203,-4.8268747,123
b69129421ba776ec404c,data/plantvillage/raw/color/Apple___healthy/1652d645-fb1b-4529-acbe-17093566cd2a___RS_HL 8074.JPG,healthy,0,g1067,s_reliability,reliability_train,contrast,3497282943307542029,,1.257474758116894,,,42,0,0,healthy,0,8.384681,-3.6782973,-5.0813518,123
e2bba33c6eacf92d4672,data/plantvillage/raw/color/Apple___healthy/1652d645-fb1b-4529-acbe-17093566cd2a___RS_HL 8074.JPG,healthy,0,g1067,s_reliability,reliability_train,gaussian_blur,1433323759921915091,,,0.6509888921491682,,42,0,0,healthy,0,6.5572557,-3.28841,-3.7796166,123
1aa0efffc0115317247e,data/plantvillage/raw/color/Apple___healthy/1652d645-fb1b-4529-acbe-17093566cd2a___RS_HL 8074.JPG,healthy,0,g1067,s_reliability,reliability_train,gaussian_noise,3427476922210258537,,,,0.04849010802412237,42,0,0,healthy,0,7.3175254,-2.9567368,-4.8760886,123
e106e03f52792593d380,data/plantvillage/raw/color/Apple___healthy/179ad6a1-385b-42a2-8232-538664869673___RS_HL 5771.JPG,healthy,0,g1077,s_reliability,reliability_train,original,,,,,,42,0,0,healthy,0,3.742229,-1.0003713,-4.519536,123
c51b99e56356e54395c0,data/plantvillage/raw/color/Apple___healthy/179ad6a1-385b-42a2-8232-538664869673___RS_HL 5771.JPG,healthy,0,g1077,s_reliability,reliability_train,brightness,3534641606915364662,0.9029736938702044,,,,42,0,0,healthy,0,3.6219726,-0.99861133,-4.388014,123
c214f2067bd4b8fce7ed,data/plantvillage/raw/color/Apple___healthy/179ad6a1-385b-42a2-8232-538664869673___RS_HL 5771.JPG,healthy,0,g1077,s_reliability,reliability_train,contrast,5131365503402358426,,0.9824263041091272,,,42,0,0,healthy,0,3.681554,-0.95656925,-4.5152683,123
d58300a5619a5475dfc5,data/plantvillage/raw/color/Apple___healthy/179ad6a1-385b-42a2-8232-538664869673___RS_HL 5771.JPG,healthy,0,g1077,s_reliability,reliability_train,gaussian_blur,2878890300387471427,,,1.3512638202898053,,42,0,0,healthy,0,1.8684129,-2.1578763,-1.7615869,123
e935a45fdbd9ccbaa348,data/plantvillage/raw/color/Apple___healthy/179ad6a1-385b-42a2-8232-538664869673___RS_HL 5771.JPG,healthy,0,g1077,s_reliability,reliability_train,gaussian_noise,673138685774792993,,,,0.012874457838294728,42,0,0,healthy,0,3.8459122,-1.0445161,-4.5373063,123
a2a6d8eb4c7f77121659,data/plantvillage/raw/color/Apple___healthy/18121688-72a8-414a-8e36-43060cdebb22___RS_HL 5747.JPG,healthy,0,g1080,s_reliability,reliability_train,original,,,,,,42,0,0,healthy,0,3.7368126,-0.35349834,-4.92136,123
865bff506ba2d96a27bf,data/plantvillage/raw/color/Apple___healthy/18121688-72a8-414a-8e36-43060cdebb22___RS_HL 5747.JPG,healthy,0,g1080,s_reliability,reliability_train,brightness,8463666508196201446,1.1150387569074476,,,,42,0,0,healthy,0,3.8085232,-0.34034312,-4.9744654,123
1e2182d97687181bdef4,data/plantvillage/raw/color/Apple___healthy/18121688-72a8-414a-8e36-43060cdebb22___RS_HL 5747.JPG,healthy,0,g1080,s_reliability,reliability_train,contrast,3962048760547650750,,1.0784239179188073,,,42,0,0,healthy,0,3.8320737,-0.35492772,-4.989164,123
b4cf5bbb47e8b8f550b8,data/plantvillage/raw/color/Apple___healthy/18121688-72a8-414a-8e36-43060cdebb22___RS_HL 5747.JPG,healthy,0,g1080,s_reliability,reliability_train,gaussian_blur,5144661240655074962,,,1.4035107091060302,,42,0,1,scab,1,-0.2708171,-0.08853344,-1.9314564,123
d6b39e617461e80d25bb,data/plantvillage/raw/color/Apple___healthy/18121688-72a8-414a-8e36-43060cdebb22___RS_HL 5747.JPG,healthy,0,g1080,s_reliability,reliability_train,gaussian_noise,1500826867988002890,,,,0.03083867113937458,42,0,0,healthy,0,3.8059633,-0.30130687,-4.962207,123
ae0554edb36e808cdba9,data/plantvillage/raw/color/Apple___healthy/1a593b62-fe23-462c-bf68-50f53f357609___RS_HL 6322.JPG,healthy,0,g1094,s_reliability,reliability_train,original,,,,,,42,0,0,healthy,0,5.0339174,-3.1304963,-4.0030313,123
c699898113ca74d31791,data/plantvillage/raw/color/Apple___healthy/1a593b62-fe23-462c-bf68-50f53f357609___RS_HL 6322.JPG,healthy,0,g1094,s_reliability,reliability_train,brightness,1999645260109827687,1.2335801787479665,,,,42,0,0,healthy,0,5.1229515,-2.9752257,-4.4361854,123
f22ae12217a9b45f220c,data/plantvillage/raw/color/Apple___healthy/1a593b62-fe23-462c-bf68-50f53f357609___RS_HL 6322.JPG,healthy,0,g1094,s_reliability,reliability_train,contrast,3510455206850691700,,0.8141257599227557,,,42,0,0,healthy,0,5.4181304,-3.1537926,-4.1712985,123
dfa75e3e5a38f7ef6fe3,data/plantvillage/raw/color/Apple___healthy/1a593b62-fe23-462c-bf68-50f53f357609___RS_HL 6322.JPG,healthy,0,g1094,s_reliability,reliability_train,gaussian_blur,3344415478676814952,,,0.5113511976570917,,42,0,0,healthy,0,4.413823,-3.0447621,-3.4768708,123
3d45066575953477b26d,data/plantvillage/raw/color/Apple___healthy/1a593b62-fe23-462c-bf68-50f53f357609___RS_HL 6322.JPG,healthy,0,g1094,s_reliability,reliability_train,gaussian_noise,3706690162733778449,,,,0.044035474284053557,42,0,0,healthy,0,5.714728,-3.027489,-4.5913115,123
2161e44ff00bd17602cc,data/plantvillage/raw/color/Apple___healthy/1b22388a-cf05-4795-892f-a5b6f35304d5___RS_HL 8141.JPG,healthy,0,g1100,s_reliability,reliability_train,original,,,,,,42,0,0,healthy,0,4.512302,-2.0183165,-4.849761,123
0785143174db77f4c196,data/plantvillage/raw/color/Apple___healthy/1b22388a-cf05-4795-892f-a5b6f35304d5___RS_HL 8141.JPG,healthy,0,g1100,s_reliability,reliability_train,brightness,568136254542047844,1.155872236855798,,,,42,0,0,healthy,0,4.8534703,-2.2330472,-4.9150634,123
dfbedf1bf0c3d4642594,data/plantvillage/raw/color/Apple___healthy/1b22388a-cf05-4795-892f-a5b6f35304d5___RS_HL 8141.JPG,healthy,0,g1100,s_reliability,reliability_train,contrast,6905694599089691616,,0.890054299760684,,,42,0,0,healthy,0,4.4544992,-2.0132692,-4.79604,123
32cdc687fc7c145868f1,data/plantvillage/raw/color/Apple___healthy/1b22388a-cf05-4795-892f-a5b6f35304d5___RS_HL 8141.JPG,healthy,0,g1100,s_reliability,reliability_train,gaussian_blur,5806219764760882667,,,0.9792612847564385,,42,0,0,healthy,0,2.1873784,-1.999474,-2.5357637,123
5d81bb837e9278f9c1e8,data/plantvillage/raw/color/Apple___healthy/1b22388a-cf05-4795-892f-a5b6f35304d5___RS_HL 8141.JPG,healthy,0,g1100,s_reliability,reliability_train,gaussian_noise,7418734637831421320,,,,0.01797974503199401,42,0,0,healthy,0,4.503121,-2.0188043,-4.843966,123
8669e8e8576edccca5b4,data/plantvillage/raw/color/Apple___healthy/1c116208-4ef8-4b42-ba20-92c3b9ca957c___RS_HL 5885.JPG,healthy,0,g1104,s_reliability,reliability_train,original,,,,,,42,0,1,scab,1,0.5867871,1.2716644,-4.697597,123
bbd6f1146e1fc77be060,data/plantvillage/raw/color/Apple___healthy/1c116208-4ef8-4b42-ba20-92c3b9ca957c___RS_HL 5885.JPG,healthy,0,g1104,s_reliability,reliability_train,brightness,6495807245440273286,0.8593783051780137,,,,42,0,1,scab,1,0.4540922,1.2752011,-4.6082625,123
a5c209877b8ca9fe9c06,data/plantvillage/raw/color/Apple___healthy/1c116208-4ef8-4b42-ba20-92c3b9ca957c___RS_HL 5885.JPG,healthy,0,g1104,s_reliability,reliability_train,contrast,4654271140799438621,,0.7233774146746228,,,42,0,1,scab,1,0.35583013,1.2734617,-4.5784373,123
4a27f27ebfb618490f93,data/plantvillage/raw/color/Apple___healthy/1c116208-4ef8-4b42-ba20-92c3b9ca957c___RS_HL 5885.JPG,healthy,0,g1104,s_reliability,reliability_train,gaussian_blur,5408544262108719522,,,0.5381351739562734,,42,0,1,scab,1,0.2827947,1.0708904,-4.21477,123
d51725eac882de9d8aad,data/plantvillage/raw/color/Apple___healthy/1c116208-4ef8-4b42-ba20-92c3b9ca957c___RS_HL 5885.JPG,healthy,0,g1104,s_reliability,reliability_train,gaussian_noise,4709415435389179203,,,,0.015050596346572544,42,0,1,scab,1,0.49786776,1.3375543,-4.712761,123
9f3f61b3d8e38611c165,data/plantvillage/raw/color/Apple___healthy/1c45cf6f-2e2e-4091-9bc9-24463f9fcf90___RS_HL 5733.JPG,healthy,0,g1108,s_reliability,reliability_train,original,,,,,,42,0,0,healthy,0,4.3449187,-0.5354219,-5.5250087,123
7d02f6b0dbe345a74310,data/plantvillage/raw/color/Apple___healthy/1c45cf6f-2e2e-4091-9bc9-24463f9fcf90___RS_HL 5733.JPG,healthy,0,g1108,s_reliability,reliability_train,brightness,5620111138511013140,0.7731527847860452,,,,42,0,0,healthy,0,4.863632,-0.30580732,-6.015195,123
af7a07c549a253be5ac9,data/plantvillage/raw/color/Apple___healthy/1c45cf6f-2e2e-4091-9bc9-24463f9fcf90___RS_HL 5733.JPG,healthy,0,g1108,s_reliability,reliability_train,contrast,8830666717852621285,,1.0587237257813613,,,42,0,0,healthy,0,4.4725285,-0.50907457,-5.631179,123
a8e240e44f6ad4d964b8,data/plantvillage/raw/color/Apple___healthy/1c45cf6f-2e2e-4091-9bc9-24463f9fcf90___RS_HL 5733.JPG,healthy,0,g1108,s_reliability,reliability_train,gaussian_blur,8152857369453585995,,,1.042640141967674,,42,0,0,healthy,0,2.6771832,-1.0472316,-3.5521753,123
d6bd153ba0a3ade8eba1,data/plantvillage/raw/color/Apple___healthy/1c45cf6f-2e2e-4091-9bc9-24463f9fcf90___RS_HL 5733.JPG,healthy,0,g1108,s_reliability,reliability_train,gaussian_noise,6116045547133970906,,,,0.03665765630211135,42,0,0,healthy,0,4.7234006,-0.106840976,-6.5112476,123
157a3d555dd6cfdc2236,data/plantvillage/raw/color/Apple___healthy/1c85fc77-1843-4a85-8f21-107385d5873c___RS_HL 7272.JPG,healthy,0,g1110,s_reliability,reliability_train,original,,,,,,42,0,1,scab,1,-0.29351908,1.3840568,-3.360953,123
6940ec415b9b061cc1d3,data/plantvillage/raw/color/Apple___healthy/1c85fc77-1843-4a85-8f21-107385d5873c___RS_HL 7272.JPG,healthy,0,g1110,s_reliability,reliability_train,brightness,4294730564163025835,1.031584809573137,,,,42,0,1,scab,1,-0.27012163,1.3711373,-3.3425725,123
32c18b5de8a514a56e61,data/plantvillage/raw/color/Apple___healthy/1c85fc77-1843-4a85-8f21-107385d5873c___RS_HL 7272.JPG,healthy,0,g1110,s_reliability,reliability_train,contrast,1393159699036129623,,0.8399310922472432,,,42,0,1,scab,1,-0.22929604,1.2301884,-3.3518903,123
2a01ea7bbd8b24fd6e5b,data/plantvillage/raw/color/Apple___healthy/1c85fc77-1843-4a85-8f21-107385d5873c___RS_HL 7272.JPG,healthy,0,g1110,s_reliability,reliability_train,gaussian_blur,1347480020617367121,,,1.2785851395389056,,42,0,1,scab,1,-2.950695,0.77199227,-0.6789269,123
9869574af68ce31b8edd,data/plantvillage/raw/color/Apple___healthy/1c85fc77-1843-4a85-8f21-107385d5873c___RS_HL 7272.JPG,healthy,0,g1110,s_reliability,reliability_train,gaussian_noise,7456851502446832112,,,,0.04699401220942534,42,0,1,scab,1,-0.10727234,1.4275465,-3.5332332,123
6c154c6dc928e325a133,data/plantvillage/raw/color/Apple___healthy/1cb890ab-c267-467f-abbc-be9023cb55ff___RS_HL 5667.JPG,healthy,0,g1111,s_reliability,reliability_train,original,,,,,,42,0,0,healthy,0,6.3783464,-2.5518234,-5.366651,123
25222937bf0143c53ab0,data/plantvillage/raw/color/Apple___healthy/1cb890ab-c267-467f-abbc-be9023cb55ff___RS_HL 5667.JPG,healthy,0,g1111,s_reliability,reliability_train,brightness,7112320536838714225,0.797303977007569,,,,42,0,0,healthy,0,6.048229,-2.5204577,-5.0995145,123
37ddd291e9e719144580,data/plantvillage/raw/color/Apple___healthy/1cb890ab-c267-467f-abbc-be9023cb55ff___RS_HL 5667.JPG,healthy,0,g1111,s_reliability,reliability_train,contrast,7636074378519711440,,0.9421568396889541,,,42,0,0,healthy,0,6.0137854,-2.4463708,-5.2363405,123
a2a37c858c427132da5a,data/plantvillage/raw/color/Apple___healthy/1cb890ab-c267-467f-abbc-be9023cb55ff___RS_HL 5667.JPG,healthy,0,g1111,s_reliability,reliability_train,gaussian_blur,8199953716105621140,,,0.6116349130541104,,42,0,0,healthy,0,4.936954,-2.9958997,-3.7048247,123
b4c2e714c8f7a025fc5a,data/plantvillage/raw/color/Apple___healthy/1cb890ab-c267-467f-abbc-be9023cb55ff___RS_HL 5667.JPG,healthy,0,g1111,s_reliability,reliability_train,gaussian_noise,6193619288903157722,,,,0.021020981938081235,42,0,0,healthy,0,6.500599,-2.6445339,-5.352682,123
f70f4815a211e963fecc,data/plantvillage/raw/color/Apple___healthy/1cbe6aef-57d4-4f2a-b8fb-0375db7084d3___RS_HL 7356.JPG,healthy,0,g1112,s_reliability,reliability_train,original,,,,,,42,0,0,healthy,0,7.455093,-1.8473314,-6.2416816,123
d721442375ff2e0ebc67,data/plantvillage/raw/color/Apple___healthy/1cbe6aef-57d4-4f2a-b8fb-0375db7084d3___RS_HL 7356.JPG,healthy,0,g1112,s_reliability,reliability_train,brightness,238320996780123349,1.0924935497637864,,,,42,0,0,healthy,0,7.2943783,-1.8335171,-6.0557923,123
bbd1cdc4d86c23facee7,data/plantvillage/raw/color/Apple___healthy/1cbe6aef-57d4-4f2a-b8fb-0375db7084d3___RS_HL 7356.JPG,healthy,0,g1112,s_reliability,reliability_train,contrast,970506892587934714,,0.9332716006839801,,,42,0,0,healthy,0,7.3723226,-1.824065,-6.2673244,123
a044b9b4a3a08fe73c0e,data/plantvillage/raw/color/Apple___healthy/1cbe6aef-57d4-4f2a-b8fb-0375db7084d3___RS_HL 7356.JPG,healthy,0,g1112,s_reliability,reliability_train,gaussian_blur,6126748381065847242,,,1.0027208336058093,,42,0,0,healthy,0,2.630242,-0.61736685,-3.756427,123
5e0c129bd8bf2b7a4730,data/plantvillage/raw/color/Apple___healthy/1cbe6aef-57d4-4f2a-b8fb-0375db7084d3___RS_HL 7356.JPG,healthy,0,g1112,s_reliability,reliability_train,gaussian_noise,4550518272296311462,,,,0.048506479516436905,42,0,0,healthy,0,7.7134485,-1.9018259,-6.5579667,123
f4801097ac3e5f58e5d2,data/plantvillage/raw/color/Apple___healthy/1ceda3e6-3df1-4a82-a5f5-6c62dbd8ccc3___RS_HL 8072.JPG,healthy,0,g1114,s_reliability,reliability_train,original,,,,,,42,0,0,healthy,0,4.497524,-1.9930148,-4.36653,123
eff437419e6fcb268a85,data/plantvillage/raw/color/Apple___healthy/1ceda3e6-3df1-4a82-a5f5-6c62dbd8ccc3___RS_HL 8072.JPG,healthy,0,g1114,s_reliability,reliability_train,brightness,3367718719605480727,1.240772554593552,,,,42,0,0,healthy,0,4.0348873,-1.5855889,-4.472158,123
93e0c05787d468308783,data/plantvillage/raw/color/Apple___healthy/1ceda3e6-3df1-4a82-a5f5-6c62dbd8ccc3___RS_HL 8072.JPG,healthy,0,g1114,s_reliability,reliability_train,contrast,3373271597181132169,,0.9519976540840622,,,42,0,0,healthy,0,4.4123397,-2.0122185,-4.262468,123
d092fd44b8444e0c9a7a,data/plantvillage/raw/color/Apple___healthy/1ceda3e6-3df1-4a82-a5f5-6c62dbd8ccc3___RS_HL 8072.JPG,healthy,0,g1114,s_reliability,reliability_train,gaussian_blur,8779257229037674226,,,0.5992549767146857,,42,0,0,healthy,0,4.7165504,-2.885053,-3.3223505,123
e1c6a8442f6ff5a7edee,data/plantvillage/raw/color/Apple___healthy/1ceda3e6-3df1-4a82-a5f5-6c62dbd8ccc3___RS_HL 8072.JPG,healthy,0,g1114,s_reliability,reliability_train,gaussian_noise,6025980671617824871,,,,0.0492662064018963,42,0,0,healthy,0,4.5397296,-1.6101956,-4.823255,123
82552214e4521d3f6838,data/plantvillage/raw/color/Apple___healthy/1d68db41-8cec-49d7-b702-d16e36348f6e___RS_HL 6300.JPG,healthy,0,g1118,s_reliability,reliability_val,original,,,,,,42,0,0,healthy,0,5.7220426,-3.3795397,-3.806816,123
00b4fcbaaa9e5295c6ea,data/plantvillage/raw/color/Apple___healthy/1d68db41-8cec-49d7-b702-d16e36348f6e___RS_HL 6300.JPG,healthy,0,g1118,s_reliability,reliability_val,brightness,5849248661417699786,1.0982232363096371,,,,42,0,0,healthy,0,5.764196,-3.2859795,-3.983877,123
a1b1da44319018068b3b,data/plantvillage/raw/color/Apple___healthy/1d68db41-8cec-49d7-b702-d16e36348f6e___RS_HL 6300.JPG,healthy,0,g1118,s_reliability,reliability_val,contrast,1893569585529247977,,0.7936747046537878,,,42,0,0,healthy,0,5.784677,-3.2573533,-4.069071,123
231908d38cbaa7e860ad,data/plantvillage/raw/color/Apple___healthy/1d68db41-8cec-49d7-b702-d16e36348f6e___RS_HL 6300.JPG,healthy,0,g1118,s_reliability,reliability_val,gaussian_blur,8553281958147754143,,,1.2814867132490426,,42,0,0,healthy,0,2.9335074,-3.413356,-1.8536681,123
d1949d6317e07bc6f33d,data/plantvillage/raw/color/Apple___healthy/1d68db41-8cec-49d7-b702-d16e36348f6e___RS_HL 6300.JPG,healthy,0,g1118,s_reliability,reliability_val,gaussian_noise,8306909104525436921,,,,0.04719391580660118,42,0,0,healthy,0,6.27688,-3.1775205,-4.39506,123
96f5545d5d70ffdfc193,data/plantvillage/raw/color/Apple___healthy/1d74d65a-039c-41d6-a459-13f946971ca1___RS_HL 7582.JPG,healthy,0,g1119,s_reliability,reliability_train,original,,,,,,42,0,0,healthy,0,4.8925548,-0.13731937,-5.640492,123
5f4407009b82f8c0abad,data/plantvillage/raw/color/Apple___healthy/1d74d65a-039c-41d6-a459-13f946971ca1___RS_HL 7582.JPG,healthy,0,g1119,s_reliability,reliability_train,brightness,163421668408231101,1.2464531265291021,,,,42,0,0,healthy,0,4.170073,0.5048689,-5.4897137,123
eb25865a9c9ea8566aee,data/plantvillage/raw/color/Apple___healthy/1d74d65a-039c-41d6-a459-13f946971ca1___RS_HL 7582.JPG,healthy,0,g1119,s_reliability,reliability_train,contrast,7057112084755721258,,0.9400550503696743,,,42,0,0,healthy,0,4.7984185,-0.08704704,-5.6137824,123
eaeb0c04e18d75d7949e,data/plantvillage/raw/color/Apple___healthy/1d74d65a-039c-41d6-a459-13f946971ca1___RS_HL 7582.JPG,healthy,0,g1119,s_reliability,reliability_train,gaussian_blur,8397594708204091010,,,0.7206251386941573,,42,0,0,healthy,0,3.3620956,-0.0742963,-4.2462134,123
18c072c16db3a59cc0f3,data/plantvillage/raw/color/Apple___healthy/1d74d65a-039c-41d6-a459-13f946971ca1___RS_HL 7582.JPG,healthy,0,g1119,s_reliability,reliability_train,gaussian_noise,3798035314171016734,,,,0.01873907364908475,42,0,0,healthy,0,4.810761,-0.07721285,-5.6031275,123
9681bb924683ecd1962c,data/plantvillage/raw/color/Apple___healthy/1dabd7f0-68f4-4d1b-b026-e314457de638___RS_HL 8153.JPG,healthy,0,g1123,s_reliability,reliability_train,original,,,,,,42,0,0,healthy,0,6.1670036,-2.9722655,-4.9993176,123
52bf8235c04c610115ad,data/plantvillage/raw/color/Apple___healthy/1dabd7f0-68f4-4d1b-b026-e314457de638___RS_HL 8153.JPG,healthy,0,g1123,s_reliability,reliability_train,brightness,8873111328839190977,0.7363254904065859,,,,42,0,0,healthy,0,6.083713,-2.6534355,-5.2221775,123
f0dc1bed3c08c7a1b3ad,data/plantvillage/raw/color/Apple___healthy/1dabd7f0-68f4-4d1b-b026-e314457de638___RS_HL 8153.JPG,healthy,0,g1123,s_reliability,reliability_train,contrast,8736784554669895319,,1.068754619659971,,,42,0,0,healthy,0,6.081674,-2.9236069,-5.007664,123
160f0ca2a6d5d46fe4cf,data/plantvillage/raw/color/Apple___healthy/1dabd7f0-68f4-4d1b-b026-e314457de638___RS_HL 8153.JPG,healthy,0,g1123,s_reliability,reliability_train,gaussian_blur,4348674916691926079,,,1.0692411745418924,,42,0,0,healthy,0,2.604122,-2.0116904,-3.1096117,123
17bb5a4966c9199db28a,data/plantvillage/raw/color/Apple___healthy/1dabd7f0-68f4-4d1b-b026-e314457de638___RS_HL 8153.JPG,healthy,0,g1123,s_reliability,reliability_train,gaussian_noise,5569148932075721880,,,,0.018371999465744374,42,0,0,healthy,0,6.060925,-2.966558,-4.8974805,123
8c146bef60aaeb9e8034,data/plantvillage/raw/color/Apple___healthy/1dbfc9d3-f568-4e19-a83c-8fa408cfea3a___RS_HL 5909.JPG,healthy,0,g1125,s_reliability,reliability_train,original,,,,,,42,0,0,healthy,0,6.3339643,-2.8616157,-4.152526,123
00537846be91f1077e11,data/plantvillage/raw/color/Apple___healthy/1dbfc9d3-f568-4e19-a83c-8fa408cfea3a___RS_HL 5909.JPG,healthy,0,g1125,s_reliability,reliability_train,brightness,4356571342298382717,0.8234930401291752,,,,42,0,0,healthy,0,6.592433,-2.7390466,-4.38976,123
56b60da1b6d8d420d6e3,data/plantvillage/raw/color/Apple___healthy/1dbfc9d3-f568-4e19-a83c-8fa408cfea3a___RS_HL 5909.JPG,healthy,0,g1125,s_reliability,reliability_train,contrast,439479980554065404,,1.0782333753333924,,,42,0,0,healthy,0,6.52093,-2.9532034,-4.242094,123
378f80294333e7fc127f,data/plantvillage/raw/color/Apple___healthy/1dbfc9d3-f568-4e19-a83c-8fa408cfea3a___RS_HL 5909.JPG,healthy,0,g1125,s_reliability,reliability_train,gaussian_blur,5283398278544233388,,,0.7635704825602222,,42,0,0,healthy,0,4.9732165,-3.0276184,-2.9433255,123
7dd19b47a15b8fa0c4e4,data/plantvillage/raw/color/Apple___healthy/1dbfc9d3-f568-4e19-a83c-8fa408cfea3a___RS_HL 5909.JPG,healthy,0,g1125,s_reliability,reliability_train,gaussian_noise,5525314597172192866,,,,0.011531899395586978,42,0,0,healthy,0,6.5395904,-2.9360814,-4.288243,123
262a480f15db7e1104db,data/plantvillage/raw/color/Apple___healthy/1f2ffb52-a697-43fc-a0d0-609d30e33bfe___RS_HL 6010.JPG,healthy,0,g1132,s_reliability,reliability_train,original,,,,,,42,0,0,healthy,0,4.5251765,-1.2127109,-5.315268,123
6163db33d456afc8af27,data/plantvillage/raw/color/Apple___healthy/1f2ffb52-a697-43fc-a0d0-609d30e33bfe___RS_HL 6010.JPG,healthy,0,g1132,s_reliability,reliability_train,brightness,528428871723047619,1.225542496448155,,,,42,0,0,healthy,0,4.746085,-1.1239983,-5.525652,123
61396eca6f01848eb400,data/plantvillage/raw/color/Apple___healthy/1f2ffb52-a697-43fc-a0d0-609d30e33bfe___RS_HL 6010.JPG,healthy,0,g1132,s_reliability,reliability_train,contrast,5980064327281058260,,1.1003722090953836,,,42,0,0,healthy,0,4.7009053,-1.1999115,-5.3953133,123
60ac7c1f200fda8a9171,data/plantvillage/raw/color/Apple___healthy/1f2ffb52-a697-43fc-a0d0-609d30e33bfe___RS_HL 6010.JPG,healthy,0,g1132,s_reliability,reliability_train,gaussian_blur,3315468645818729605,,,0.8602826100629007,,42,0,0,healthy,0,2.3298829,-0.66295004,-3.7935061,123
4181487cf36e36f5415f,data/plantvillage/raw/color/Apple___healthy/1f2ffb52-a697-43fc-a0d0-609d30e33bfe___RS_HL 6010.JPG,healthy,0,g1132,s_reliability,reliability_train,gaussian_noise,5841862549901847164,,,,0.027932268041791795,42,0,0,healthy,0,5.0157914,-1.293711,-5.4540954,123
9a597881514d51e50c38,data/plantvillage/raw/color/Apple___healthy/1fd5cde9-dc78-4b8d-a82c-ab9a29880894___RS_HL 7918.JPG,healthy,0,g1134,s_reliability,reliability_train,original,,,,,,42,0,0,healthy,0,6.4315896,-2.697614,-4.9462905,123
c9a968feb44d1b95a180,data/plantvillage/raw/color/Apple___healthy/1fd5cde9-dc78-4b8d-a82c-ab9a29880894___RS_HL 7918.JPG,healthy,0,g1134,s_reliability,reliability_train,brightness,8703251662309893388,0.7647895147899797,,,,42,0,0,healthy,0,6.452809,-2.9565117,-4.7585125,123
44d86347c49ec18dd90c,data/plantvillage/raw/color/Apple___healthy/1fd5cde9-dc78-4b8d-a82c-ab9a29880894___RS_HL 7918.JPG,healthy,0,g1134,s_reliability,reliability_train,contrast,6365845276400517002,,0.953828999154807,,,42,0,0,healthy,0,6.4166837,-2.7560425,-4.9064,123
0a60de7bc7da97c8e57e,data/plantvillage/raw/color/Apple___healthy/1fd5cde9-dc78-4b8d-a82c-ab9a29880894___RS_HL 7918.JPG,healthy,0,g1134,s_reliability,reliability_train,gaussian_blur,776014238362833983,,,0.8834484448318197,,42,0,0,healthy,0,4.9506884,-2.8820438,-3.177934,123
7e86a4c68e993e4a5d75,data/plantvillage/raw/color/Apple___healthy/1fd5cde9-dc78-4b8d-a82c-ab9a29880894___RS_HL 7918.JPG,healthy,0,g1134,s_reliability,reliability_train,gaussian_noise,3687871056954501735,,,,0.017561833466362524,42,0,0,healthy,0,6.3926315,-2.6447496,-4.969623,123
d0a79f5eb03a7364dac2,data/plantvillage/raw/color/Apple___healthy/1ff38f29-401d-4ec7-a99a-c4d3ccf42efc___RS_HL 7498.JPG,healthy,0,g1136,s_reliability,reliability_train,original,,,,,,42,0,0,healthy,0,3.7855198,-2.9065838,-3.13513,123
f2686078d12e0219b7fa,data/plantvillage/raw/color/Apple___healthy/1ff38f29-401d-4ec7-a99a-c4d3ccf42efc___RS_HL 7498.JPG,healthy,0,g1136,s_reliability,reliability_train,brightness,8826274851838208204,0.7891357516670366,,,,42,0,0,healthy,0,3.4625866,-2.854698,-2.9321346,123
11df79d1b579aabb57ac,data/plantvillage/raw/color/Apple___healthy/1ff38f29-401d-4ec7-a99a-c4d3ccf42efc___RS_HL 7498.JPG,healthy,0,g1136,s_reliability,reliability_train,contrast,943603156798058787,,0.8450123345624065,,,42,0,0,healthy,0,3.6300933,-2.900966,-2.991152,123
9e67ab909ca57118d931,data/plantvillage/raw/color/Apple___healthy/1ff38f29-401d-4ec7-a99a-c4d3ccf42efc___RS_HL 7498.JPG,healthy,0,g1136,s_reliability,reliability_train,gaussian_blur,1784384384435148292,,,0.709692155333637,,42,0,0,healthy,0,2.7038646,-3.4580758,-1.5691144,123
dbe9a3959377a4cde5c5,data/plantvillage/raw/color/Apple___healthy/1ff38f29-401d-4ec7-a99a-c4d3ccf42efc___RS_HL 7498.JPG,healthy,0,g1136,s_reliability,reliability_train,gaussian_noise,5460010999050138840,,,,0.04025867831854805,42,0,0,healthy,0,3.743081,-2.812224,-3.129976,123
7c3d10cf7f4bcc98361a,data/plantvillage/raw/color/Apple___healthy/203d4b1b-d358-43d5-bd7f-273e68993961___RS_HL 7590.JPG,healthy,0,g1139,s_reliability,reliability_train,original,,,,,,42,0,0,healthy,0,7.1417747,-2.4528294,-5.5543346,123
5acc74d82210ac220f75,data/plantvillage/raw/color/Apple___healthy/203d4b1b-d358-43d5-bd7f-273e68993961___RS_HL 7590.JPG,healthy,0,g1139,s_reliability,reliability_train,brightness,959095761037775261,0.9428906274967438,,,,42,0,0,healthy,0,7.31045,-2.5270748,-5.597849,123
0bff02e69c7384c93e3a,data/plantvillage/raw/color/Apple___healthy/203d4b1b-d358-43d5-bd7f-273e68993961___RS_HL 7590.JPG,healthy,0,g1139,s_reliability,reliability_train,contrast,1166794372659869891,,1.284551354859481,,,42,0,0,healthy,0,7.5670977,-2.6837137,-5.513332,123
02ba35f16b35583494de,data/plantvillage/raw/color/Apple___healthy/203d4b1b-d358-43d5-bd7f-273e68993961___RS_HL 7590.JPG,healthy,0,g1139,s_reliability,reliability_train,gaussian_blur,6697348260861316416,,,0.601277343172196,,42,0,0,healthy,0,5.5900817,-2.128599,-4.27078,123
766c49112ee480bde7e4,data/plantvillage/raw/color/Apple___healthy/203d4b1b-d358-43d5-bd7f-273e68993961___RS_HL 7590.JPG,healthy,0,g1139,s_reliability,reliability_train,gaussian_noise,8206994065168040366,,,,0.03181039799238533,42,0,0,healthy,0,7.2513185,-2.4009025,-5.6939454,123
89f2498d3252a187b3dd,data/plantvillage/raw/color/Apple___healthy/211f5e77-fdc9-4d96-9395-bb3647678c43___RS_HL 7364.JPG,healthy,0,g1148,s_reliability,reliability_val,original,,,,,,42,0,0,healthy,0,6.487018,-0.7231434,-6.8868623,123
47623a4661ccdc596e86,data/plantvillage/raw/color/Apple___healthy/211f5e77-fdc9-4d96-9395-bb3647678c43___RS_HL 7364.JPG,healthy,0,g1148,s_reliability,reliability_val,brightness,2782639239993187153,1.018039739360362,,,,42,0,0,healthy,0,6.385391,-0.64979225,-6.8794146,123
e573d7991d45cd885229,data/plantvillage/raw/color/Apple___healthy/211f5e77-fdc9-4d96-9395-bb3647678c43___RS_HL 7364.JPG,healthy,0,g1148,s_reliability,reliability_val,contrast,2166957090546328049,,0.7756020586569952,,,42,0,0,healthy,0,5.631483,-0.24532455,-6.819683,123
d071f0987ba96fb48aba,data/plantvillage/raw/color/Apple___healthy/211f5e77-fdc9-4d96-9395-bb3647678c43___RS_HL 7364.JPG,healthy,0,g1148,s_reliability,reliability_val,gaussian_blur,2929304390770881429,,,1.1845999031286776,,42,0,0,healthy,0,2.8263495,-0.07196988,-4.6606584,123
1bcb49f929b7573d7303,data/plantvillage/raw/color/Apple___healthy/211f5e77-fdc9-4d96-9395-bb3647678c43___RS_HL 7364.JPG,healthy,0,g1148,s_reliability,reliability_val,gaussian_noise,633127215477805685,,,,0.0386612680557092,42,0,0,healthy,0,6.8196135,-0.9142161,-6.921432,123
a8ad9b367c2093c3b120,data/plantvillage/raw/color/Apple___healthy/21c10a73-ebeb-4a16-898b-8b39d9d6eca2___RS_HL 6315.JPG,healthy,0,g1151,s_reliability,reliability_train,original,,,,,,42,0,0,healthy,0,5.8792706,-4.800582,-2.2166374,123
7a09a5e128eb9f6dc9b3,data/plantvillage/raw/color/Apple___healthy/21c10a73-ebeb-4a16-898b-8b39d9d6eca2___RS_HL 6315.JPG,healthy,0,g1151,s_reliability,reliability_train,brightness,3993087102242033058,0.9752695640278488,,,,42,0,0,healthy,0,5.9123716,-4.795007,-2.2432492,123
3ff643f80e9ffa035e5f,data/plantvillage/raw/color/Apple___healthy/21c10a73-ebeb-4a16-898b-8b39d9d6eca2___RS_HL 6315.JPG,healthy,0,g1151,s_reliability,reliability_train,contrast,4535592247346526373,,1.1928980530710795,,,42,0,0,healthy,0,6.0874867,-4.871082,-2.2535524,123
b1c8db1ec86e8e263c69,data/plantvillage/raw/color/Apple___healthy/21c10a73-ebeb-4a16-898b-8b39d9d6eca2___RS_HL 6315.JPG,healthy,0,g1151,s_reliability,reliability_train,gaussian_blur,5490556698797330675,,,1.388390087229791,,42,0,0,healthy,0,2.1997879,-3.9322033,0.025003774,123
c82f36610403a85c4c29,data/plantvillage/raw/color/Apple___healthy/21c10a73-ebeb-4a16-898b-8b39d9d6eca2___RS_HL 6315.JPG,healthy,0,g1151,s_reliability,reliability_train,gaussian_noise,2453488615168786282,,,,0.011632409911192099,42,0,0,healthy,0,5.866534,-4.8409324,-2.1966689,123
81aac50fa9ace5ff5a14,data/plantvillage/raw/color/Apple___healthy/228c3cfc-c511-4f1d-80ef-eb6a9e89cc0b___RS_HL 7383.JPG,healthy,0,g1159,s_reliability,reliability_train,original,,,,,,42,0,0,healthy,0,4.534542,-1.4595346,-5.379201,123
717a9dd06c32da98b226,data/plantvillage/raw/color/Apple___healthy/228c3cfc-c511-4f1d-80ef-eb6a9e89cc0b___RS_HL 7383.JPG,healthy,0,g1159,s_reliability,reliability_train,brightness,9137980323340339630,0.8536663730106395,,,,42,0,0,healthy,0,3.505544,-0.83363396,-5.260158,123
536d8c2dc93a57e91de1,data/plantvillage/raw/color/Apple___healthy/228c3cfc-c511-4f1d-80ef-eb6a9e89cc0b___RS_HL 7383.JPG,healthy,0,g1159,s_reliability,reliability_train,contrast,8007016313987593434,,0.7622884469240911,,,42,0,0,healthy,0,3.1443777,-0.7857258,-5.0090647,123
9e86875f87ffdc97b621,data/plantvillage/raw/color/Apple___healthy/228c3cfc-c511-4f1d-80ef-eb6a9e89cc0b___RS_HL 7383.JPG,healthy,0,g1159,s_reliability,reliability_train,gaussian_blur,5609601696647475444,,,1.1790396030526444,,42,0,0,healthy,0,0.474245,-1.4084625,-2.0299027,123
a1b836ee0279a0435a19,data/plantvillage/raw/color/Apple___healthy/228c3cfc-c511-4f1d-80ef-eb6a9e89cc0b___RS_HL 7383.JPG,healthy,0,g1159,s_reliability,reliability_train,gaussian_noise,8487728801327329727,,,,0.012758610075484081,42,0,0,healthy,0,4.5752616,-1.4475992,-5.425505,123
16a01480827311ffb709,data/plantvillage/raw/color/Apple___healthy/2301f2bb-7972-4fb8-8be6-246ce55ca3b6___RS_HL 6100.JPG,healthy,0,g1163,s_reliability,reliability_train,original,,,,,,42,0,0,healthy,0,4.7976403,-3.2767422,-3.3750389,123
311de7a6ee03155b2c4d,data/plantvillage/raw/color/Apple___healthy/2301f2bb-7972-4fb8-8be6-246ce55ca3b6___RS_HL 6100.JPG,healthy,0,g1163,s_reliability,reliability_train,brightness,76027223445369394,1.0771799237009827,,,,42,0,0,healthy,0,4.839693,-3.2239387,-3.517099,123
97cb839221c1e0eabb05,data/plantvillage/raw/color/Apple___healthy/2301f2bb-7972-4fb8-8be6-246ce55ca3b6___RS_HL 6100.JPG,healthy,0,g1163,s_reliability,reliability_train,contrast,6548141675550409790,,0.9285307233389793,,,42,0,0,healthy,0,4.4517612,-3.174294,-3.1958628,123
a369237943adc001d602,data/plantvillage/raw/color/Apple___healthy/2301f2bb-7972-4fb8-8be6-246ce55ca3b6___RS_HL 6100.JPG,healthy,0,g1163,s_reliability,reliability_train,gaussian_blur,7907017279750617537,,,1.2508880845356893,,42,0,0,healthy,0,2.8441803,-3.0904589,-1.3852946,123
68fe31fccdd964d6dd1d,data/plantvillage/raw/color/Apple___healthy/2301f2bb-7972-4fb8-8be6-246ce55ca3b6___RS_HL 6100.JPG,healthy,0,g1163,s_reliability,reliability_train,gaussian_noise,7456730383265734579,,,,0.02803734263823042,42,0,0,healthy,0,5.034047,-3.12127,-3.6766074,123
fa8ea0f79fe84a81d28f,data/plantvillage/raw/color/Apple___healthy/2796f6e4-6b9f-4b3b-9f96-a6788b2e0f02___RS_HL 5712.JPG,healthy,0,g1201,s_reliability,reliability_val,original,,,,,,42,0,0,healthy,0,4.947744,-1.0863464,-5.4124236,123
f83c848dd03fd5f8f3a2,data/plantvillage/raw/color/Apple___healthy/2796f6e4-6b9f-4b3b-9f96-a6788b2e0f02___RS_HL 5712.JPG,healthy,0,g1201,s_reliability,reliability_val,brightness,2703450303364386543,0.8448855246310926,,,,42,0,0,healthy,0,4.688694,-0.8697445,-5.3247566,123
505af74ae473dd6ed5d7,data/plantvillage/raw/color/Apple___healthy/2796f6e4-6b9f-4b3b-9f96-a6788b2e0f02___RS_HL 5712.JPG,healthy,0,g1201,s_reliability,reliability_val,contrast,5293813540211085888,,1.2445486248283602,,,42,0,0,healthy,0,4.835991,-0.8242928,-5.476403,123
d6188183a0c18ff8f2d6,data/plantvillage/raw/color/Apple___healthy/2796f6e4-6b9f-4b3b-9f96-a6788b2e0f02___RS_HL 5712.JPG,healthy,0,g1201,s_reliability,reliability_val,gaussian_blur,6590916720935184446,,,0.8858399823825662,,42,0,0,healthy,0,1.8048317,-0.6197688,-3.266133,123
bd730580cff6b64c4304,data/plantvillage/raw/color/Apple___healthy/2796f6e4-6b9f-4b3b-9f96-a6788b2e0f02___RS_HL 5712.JPG,healthy,0,g1201,s_reliability,reliability_val,gaussian_noise,3493732540545642347,,,,0.030721999110033177,42,0,0,healthy,0,4.791932,-0.860398,-5.4624915,123
d7a2518b46844b14ed20,data/plantvillage/raw/color/Apple___healthy/27d5e1e8-d30f-4514-bafe-f600ad03a871___RS_HL 7648.JPG,healthy,0,g1204,s_reliability,reliability_train,original,,,,,,42,0,0,healthy,0,4.057736,0.6604289,-6.3871627,123
e564ec8fe69ff50c589e,data/plantvillage/raw/color/Apple___healthy/27d5e1e8-d30f-4514-bafe-f600ad03a871___RS_HL 7648.JPG,healthy,0,g1204,s_reliability,reliability_train,brightness,7102113803878605584,1.1397125907601304,,,,42,0,0,healthy,0,3.957387,0.92571956,-6.554521,123
5182a3a34c05fab0b321,data/plantvillage/raw/color/Apple___healthy/27d5e1e8-d30f-4514-bafe-f600ad03a871___RS_HL 7648.JPG,healthy,0,g1204,s_reliability,reliability_train,contrast,7943949962473329255,,0.9836740623519302,,,42,0,0,healthy,0,4.1063695,0.6233468,-6.397812,123
059fefe54ead6688754c,data/plantvillage/raw/color/Apple___healthy/27d5e1e8-d30f-4514-bafe-f600ad03a871___RS_HL 7648.JPG,healthy,0,g1204,s_reliability,reliability_train,gaussian_blur,680007006083722432,,,0.6440171068447839,,42,0,0,healthy,0,3.4744043,0.6095383,-5.4292197,123
b4e4486718875d87366f,data/plantvillage/raw/color/Apple___healthy/27d5e1e8-d30f-4514-bafe-f600ad03a871___RS_HL 7648.JPG,healthy,0,g1204,s_reliability,reliability_train,gaussian_noise,2066858010042444566,,,,0.047861557320770055,42,0,0,healthy,0,3.9366543,1.241247,-6.9131494,123
d444757ef21ce1e7f2d5,data/plantvillage/raw/color/Apple___healthy/28c298e3-0846-4372-a9ab-562f2ce7cf9d___RS_HL 5846.JPG,healthy,0,g1210,s_reliability,reliability_train,original,,,,,,42,0,0,healthy,0,5.725639,-3.010968,-4.6359763,123
70faeea38cabad4e31c4,data/plantvillage/raw/color/Apple___healthy/28c298e3-0846-4372-a9ab-562f2ce7cf9d___RS_HL 5846.JPG,healthy,0,g1210,s_reliability,reliability_train,brightness,1223279542847626272,0.878939258915332,,,,42,0,0,healthy,0,5.6898737,-2.9467525,-4.6443214,123
47651c5719b82700a5e7,data/plantvillage/raw/color/Apple___healthy/28c298e3-0846-4372-a9ab-562f2ce7cf9d___RS_HL 5846.JPG,healthy,0,g1210,s_reliability,reliability_train,contrast,4235668580041845940,,1.0322994674885648,,,42,0,0,healthy,0,5.762895,-3.02645,-4.6490273,123
ea37ffd8259d17d78444,data/plantvillage/raw/color/Apple___healthy/28c298e3-0846-4372-a9ab-562f2ce7cf9d___RS_HL 5846.JPG,healthy,0,g1210,s_reliability,reliability_train,gaussian_blur,5545591305046163391,,,1.196413273273337,,42,0,0,healthy,0,2.0514677,-2.3048766,-1.9539307,123
6d0c52c47146bbeea1c4,data/plantvillage/raw/color/Apple___healthy/28c298e3-0846-4372-a9ab-562f2ce7cf9d___RS_HL 5846.JPG,healthy,0,g1210,s_reliability,reliability_train,gaussian_noise,6050820436884934051,,,,0.01843872761517385,42,0,0,healthy,0,5.926042,-3.088154,-4.714232,123
bef06bdb5d7027819189,data/plantvillage/raw/color/Apple___healthy/2a53473e-0c50-43d5-933c-a62576fb5f52___RS_HL 7664.JPG,healthy,0,g1216,s_reliability,reliability_train,original,,,,,,42,0,1,scab,1,-0.21838897,0.19161618,-3.3917687,123
8578ce117d050afe23bd,data/plantvillage/raw/color/Apple___healthy/2a53473e-0c50-43d5-933c-a62576fb5f52___RS_HL 7664.JPG,healthy,0,g1216,s_reliability,reliability_train,brightness,5668057314473260917,1.2980462932839956,,,,42,0,0,healthy,0,0.08548263,-0.054382462,-3.4073966,123
7d4c7d06111e0dd0a5f2,data/plantvillage/raw/color/Apple___healthy/2a53473e-0c50-43d5-933c-a62576fb5f52___RS_HL 7664.JPG,healthy,0,g1216,s_reliability,reliability_train,contrast,2405074277635272609,,0.8578963291079704,,,42,0,1,scab,1,-0.08830969,0.23917992,-3.5280588,123
e0e0276eb48a4e50d3cf,data/plantvillage/raw/color/Apple___healthy/2a53473e-0c50-43d5-933c-a62576fb5f52___RS_HL 7664.JPG,healthy,0,g1216,s_reliability,reliability_train,gaussian_blur,6062485407802971273,,,0.7087041649565587,,42,0,1,scab,1,-0.93180186,-0.57426614,-2.0351708,123
8ff84e2f02f118cbbdff,data/plantvillage/raw/color/Apple___healthy/2a53473e-0c50-43d5-933c-a62576fb5f52___RS_HL 7664.JPG,healthy,0,g1216,s_reliability,reliability_train,gaussian_noise,7770358262010007427,,,,0.02004401114473751,42,0,1,scab,1,-0.29974478,0.30884248,-3.5150967,123
152ffc339e0640233e9a,data/plantvillage/raw/color/Apple___healthy/2dc5f050-21dd-4b81-a1cb-ef2a9f72f134___RS_HL 5694.JPG,healthy,0,g1240,s_reliability,reliability_val,original,,,,,,42,0,0,healthy,0,6.506735,-3.783718,-3.9932876,123
0f6247ea108a14b51b80,data/plantvillage/raw/color/Apple___healthy/2dc5f050-21dd-4b81-a1cb-ef2a9f72f134___RS_HL 5694.JPG,healthy,0,g1240,s_reliability,reliability_val,brightness,694770860081988947,1.233261147462942,,,,42,0,0,healthy,0,7.0882497,-3.9926894,-4.2072263,123
42c32e885a9a1024a9f4,data/plantvillage/raw/color/Apple___healthy/2dc5f050-21dd-4b81-a1cb-ef2a9f72f134___RS_HL 5694.JPG,healthy,0,g1240,s_reliability,reliability_val,contrast,8626105305965798003,,0.7538463841078897,,,42,0,0,healthy,0,5.228305,-3.156635,-3.739501,123
2f6d52a072746f3e6595,data/plantvillage/raw/color/Apple___healthy/2dc5f050-21dd-4b81-a1cb-ef2a9f72f134___RS_HL 5694.JPG,healthy,0,g1240,s_reliability,reliability_val,gaussian_blur,5498471434286506849,,,0.8219007305820413,,42,0,0,healthy,0,4.350658,-3.2663796,-2.6068785,123
5646528a5dace2522682,data/plantvillage/raw/color/Apple___healthy/2dc5f050-21dd-4b81-a1cb-ef2a9f72f134___RS_HL 5694.JPG,healthy,0,g1240,s_reliability,reliability_val,gaussian_noise,8847279957385132366,,,,0.027637180189510356,42,0,0,healthy,0,7.075539,-3.8708584,-4.3990464,123
3ff2ab78330179b0753c,data/plantvillage/raw/color/Apple___healthy/30fb7843-8e70-407e-b361-aa54a7473c32___RS_HL 6143.JPG,healthy,0,g1251,s_reliability,reliability_train,original,,,,,,42,0,0,healthy,0,3.2848916,-1.8248978,-4.191896,123
d2f80edf9f7f843cf707,data/plantvillage/raw/color/Apple___healthy/30fb7843-8e70-407e-b361-aa54a7473c32___RS_HL 6143.JPG,healthy,0,g1251,s_reliability,reliability_train,brightness,6507908731194418276,0.9098364377586844,,,,42,0,0,healthy,0,3.3326926,-1.8443778,-4.142525,123
149e50b88fd0f5c9d22c,data/plantvillage/raw/color/Apple___healthy/30fb7843-8e70-407e-b361-aa54a7473c32___RS_HL 6143.JPG,healthy,0,g1251,s_reliability,reliability_train,contrast,991042964031982809,,1.032751462844221,,,42,0,0,healthy,0,3.2296305,-1.8137118,-4.1753783,123
d884b7f904ad4f00076e,data/plantvillage/raw/color/Apple___healthy/30fb7843-8e70-407e-b361-aa54a7473c32___RS_HL 6143.JPG,healthy,0,g1251,s_reliability,reliability_train,gaussian_blur,1441693133027942644,,,0.5809966487254026,,42,0,0,healthy,0,2.5260959,-2.1576881,-3.3092701,123
232144a2e397d0a0cb9d,data/plantvillage/raw/color/Apple___healthy/30fb7843-8e70-407e-b361-aa54a7473c32___RS_HL 6143.JPG,healthy,0,g1251,s_reliability,reliability_train,gaussian_noise,2873700154259373639,,,,0.026332181940528165,42,0,0,healthy,0,3.065216,-1.808665,-4.1873827,123
ad42fb02b428a54cc4d6,data/plantvillage/raw/color/Apple___healthy/313b7055-4346-4b7c-99fb-ada974f60486___RS_HL 6275.JPG,healthy,0,g1254,s_reliability,reliability_train,original,,,,,,42,0,0,healthy,0,3.1967938,-2.992099,-2.465798,123
b1228c7915ecb0b79669,data/plantvillage/raw/color/Apple___healthy/313b7055-4346-4b7c-99fb-ada974f60486___RS_HL 6275.JPG,healthy,0,g1254,s_reliability,reliability_train,brightness,4031633071217821672,1.2087550102926083,,,,42,0,0,healthy,0,3.0423512,-2.819142,-2.55328,123
de82771f7d14c4528138,data/plantvillage/raw/color/Apple___healthy/313b7055-4346-4b7c-99fb-ada974f60486___RS_HL 6275.JPG,healthy,0,g1254,s_reliability,reliability_train,contrast,4934718698620681324,,0.7533532153559923,,,42,0,0,healthy,0,3.3543987,-3.1103034,-2.4339318,123
f4b314467f9d3ff81fbb,data/plantvillage/raw/color/Apple___healthy/313b7055-4346-4b7c-99fb-ada974f60486___RS_HL 6275.JPG,healthy,0,g1254,s_reliability,reliability_train,gaussian_blur,2456963900554160061,,,0.9100716448261054,,42,0,0,healthy,0,0.18225263,-3.0155513,-0.15816787,123
281d1e531455e38e9d41,data/plantvillage/raw/color/Apple___healthy/313b7055-4346-4b7c-99fb-ada974f60486___RS_HL 6275.JPG,healthy,0,g1254,s_reliability,reliability_train,gaussian_noise,8553030769888312299,,,,0.03271852517803604,42,0,0,healthy,0,3.1752975,-2.8817906,-2.6451612,123
ee258a6e7d3790e15ecd,data/plantvillage/raw/color/Apple___healthy/3643fe1d-9523-47cf-9952-7e2ecb027338___RS_HL 5704.JPG,healthy,0,g1282,s_reliability,reliability_train,original,,,,,,42,0,0,healthy,0,6.313694,-3.14245,-4.623964,123
58bbb7ffec5b9ca66023,data/plantvillage/raw/color/Apple___healthy/3643fe1d-9523-47cf-9952-7e2ecb027338___RS_HL 5704.JPG,healthy,0,g1282,s_reliability,reliability_train,brightness,1436337365820781634,0.8705415468968665,,,,42,0,0,healthy,0,5.963498,-3.0320182,-4.4252195,123
b8d42feab3667ff305dd,data/plantvillage/raw/color/Apple___healthy/3643fe1d-9523-47cf-9952-7e2ecb027338___RS_HL 5704.JPG,healthy,0,g1282,s_reliability,reliability_train,contrast,4773320806585448449,,0.7255484270766305,,,42,0,0,healthy,0,4.8076367,-2.4084775,-4.221955,123
d44a3b04569f3627f90d,data/plantvillage/raw/color/Apple___healthy/3643fe1d-9523-47cf-9952-7e2ecb027338___RS_HL 5704.JPG,healthy,0,g1282,s_reliability,reliability_train,gaussian_blur,4287354328929027991,,,0.8281395841463869,,42,0,0,healthy,0,3.393357,-2.7036448,-2.6611488,123
dc139087ac78a1de7414,data/plantvillage/raw/color/Apple___healthy/3643fe1d-9523-47cf-9952-7e2ecb027338___RS_HL 5704.JPG,healthy,0,g1282,s_reliability,reliability_train,gaussian_noise,7704275642160923243,,,,0.016056267644541024,42,0,0,healthy,0,6.402719,-3.0827277,-4.7871866,123
7c921884d6e47fdf225d,data/plantvillage/raw/color/Apple___healthy/36ab2af7-aff6-4578-99ef-4cf5b6527a9c___RS_HL 7689.JPG,healthy,0,g1286,s_reliability,reliability_train,original,,,,,,42,0,0,healthy,0,4.253828,-3.2997754,-2.5021667,123
c3e67c75aee434abb2be,data/plantvillage/raw/color/Apple___healthy/36ab2af7-aff6-4578-99ef-4cf5b6527a9c___RS_HL 7689.JPG,healthy,0,g1286,s_reliability,reliability_train,brightness,7186526567955080485,1.1970913008838115,,,,42,0,0,healthy,0,4.4711776,-3.3279915,-2.4828594,123
a8d83ca4584c19285f80,data/plantvillage/raw/color/Apple___healthy/36ab2af7-aff6-4578-99ef-4cf5b6527a9c___RS_HL 7689.JPG,healthy,0,g1286,s_reliability,reliability_train,contrast,6021678748950535272,,0.8432978163325778,,,42,0,0,healthy,0,3.9569943,-3.1937406,-2.428576,123
c430d409bd62006fde1d,data/plantvillage/raw/color/Apple___healthy/36ab2af7-aff6-4578-99ef-4cf5b6527a9c___RS_HL 7689.JPG,healthy,0,g1286,s_reliability,reliability_train,gaussian_blur,689318212354321737,,,0.7998971471739549,,42,0,0,healthy,0,3.7156165,-3.500223,-1.5493854,123
9c1cfff6b34b342b9eab,data/plantvillage/raw/color/Apple___healthy/36ab2af7-aff6-4578-99ef-4cf5b6527a9c___RS_HL 7689.JPG,healthy,0,g1286,s_reliability,reliability_train,gaussian_noise,7061587563433493357,,,,0.03455730713067512,42,0,0,healthy,0,3.8802454,-3.1269138,-2.6204596,123
900a9c4a974c532cff81,data/plantvillage/raw/color/Apple___healthy/37fcfaf7-88f4-4735-99a2-8df576e0f248___RS_HL 8108.JPG,healthy,0,g1297,s_reliability,reliability_train,original,,,,,,42,0,0,healthy,0,6.7831044,-2.7424953,-5.472945,123
3fe55ba6993aa2607a6d,data/plantvillage/raw/color/Apple___healthy/37fcfaf7-88f4-4735-99a2-8df576e0f248___RS_HL 8108.JPG,healthy,0,g1297,s_reliability,reliability_train,brightness,3515002184077075230,0.8216530920192194,,,,42,0,0,healthy,0,6.881974,-2.8077977,-5.335875,123
b22959965104423b19d7,data/plantvillage/raw/color/Apple___healthy/37fcfaf7-88f4-4735-99a2-8df576e0f248___RS_HL 8108.JPG,healthy,0,g1297,s_reliability,reliability_train,contrast,9175911473063027850,,1.0860498519177133,,,42,0,0,healthy,0,6.795594,-2.6414127,-5.5751314,123
c002964e4d1c396c804d,data/plantvillage/raw/color/Apple___healthy/37fcfaf7-88f4-4735-99a2-8df576e0f248___RS_HL 8108.JPG,healthy,0,g1297,s_reliability,reliability_train,gaussian_blur,7679682485343962950,,,0.9295032693955191,,42,0,0,healthy,0,3.6554725,-2.6134386,-2.9818375,123
4403398904233c48e03a,data/plantvillage/raw/color/Apple___healthy/37fcfaf7-88f4-4735-99a2-8df576e0f248___RS_HL 8108.JPG,healthy,0,g1297,s_reliability,reliability_train,gaussian_noise,3629497641022287971,,,,0.04745415628632231,42,0,0,healthy,0,7.31966,-2.747385,-5.8684597,123
5fcc714c079aa0b23ecd,data/plantvillage/raw/color/Apple___healthy/39be15a0-4c7f-4a8e-9938-829bec85fd1c___RS_HL 6209.JPG,healthy,0,g1310,s_reliability,reliability_train,original,,,,,,42,0,0,healthy,0,4.0273285,-2.6461535,-3.2784746,123
400ce4ba628014a99828,data/plantvillage/raw/color/Apple___healthy/39be15a0-4c7f-4a8e-9938-829bec85fd1c___RS_HL 6209.JPG,healthy,0,g1310,s_reliability,reliability_train,brightness,6523549953377806711,0.862138712670931,,,,42,0,0,healthy,0,4.08792,-2.7632718,-3.1705759,123
b79a5739f102c6481510,data/plantvillage/raw/color/Apple___healthy/39be15a0-4c7f-4a8e-9938-829bec85fd1c___RS_HL 6209.JPG,healthy,0,g1310,s_reliability,reliability_train,contrast,2049057005806752270,,1.266953659292501,,,42,0,0,healthy,0,4.3264823,-2.6904151,-3.456346,123
d9b0af69c0e1868a9a5e,data/plantvillage/raw/color/Apple___healthy/39be15a0-4c7f-4a8e-9938-829bec85fd1c___RS_HL 6209.JPG,healthy,0,g1310,s_reliability,reliability_train,gaussian_blur,755465699465197521,,,1.162710359571595,,42,0,0,healthy,0,2.5736153,-2.4481661,-2.178947,123
0b35714bf14640267225,data/plantvillage/raw/color/Apple___healthy/39be15a0-4c7f-4a8e-9938-829bec85fd1c___RS_HL 6209.JPG,healthy,0,g1310,s_reliability,reliability_train,gaussian_noise,2966838873866014724,,,,0.014219410591589755,42,0,0,healthy,0,3.8616388,-2.5094714,-3.3065546,123
12745e29cc596a5219f1,data/plantvillage/raw/color/Apple___healthy/3a544ee5-490e-4a41-b03b-cf1700362448___RS_HL 6200.JPG,healthy,0,g1314,s_reliability,reliability_train,original,,,,,,42,0,0,healthy,0,3.0862904,-2.712076,-1.9212337,123
47d997bd4001dad4bde9,data/plantvillage/raw/color/Apple___healthy/3a544ee5-490e-4a41-b03b-cf1700362448___RS_HL 6200.JPG,healthy,0,g1314,s_reliability,reliability_train,brightness,7656307530927493294,0.906342180305821,,,,42,0,0,healthy,0,3.2022326,-2.5320845,-2.0383852,123
9a87f1374883734598b3,data/plantvillage/raw/color/Apple___healthy/3a544ee5-490e-4a41-b03b-cf1700362448___RS_HL 6200.JPG,healthy,0,g1314,s_reliability,reliability_train,contrast,3764337428900349033,,0.7287337957059071,,,42,0,0,healthy,0,3.183338,-2.3628213,-2.0879443,123
d842f687911ae0ba2d15,data/plantvillage/raw/color/Apple___healthy/3a544ee5-490e-4a41-b03b-cf1700362448___RS_HL 6200.JPG,healthy,0,g1314,s_reliability,reliability_train,gaussian_blur,8471188090023890342,,,0.7423535465299786,,42,0,0,healthy,0,2.5861695,-2.2600675,-1.8554059,123
8ff3b889789ba79bc314,data/plantvillage/raw/color/Apple___healthy/3a544ee5-490e-4a41-b03b-cf1700362448___RS_HL 6200.JPG,healthy,0,g1314,s_reliability,reliability_train,gaussian_noise,6628089321901661762,,,,0.03676815654237636,42,0,0,healthy,0,4.0400944,-2.767398,-2.6018689,123
3a71d2770cd4bd7d2c5b,data/plantvillage/raw/color/Apple___healthy/3a5916ba-0db8-4aff-a282-26f33b056832___RS_HL 8125.JPG,healthy,0,g1315,s_reliability,reliability_train,original,,,,,,42,0,0,healthy,0,4.0183496,-1.8468157,-4.363983,123
13029cf02e0dba54bb4d,data/plantvillage/raw/color/Apple___healthy/3a5916ba-0db8-4aff-a282-26f33b056832___RS_HL 8125.JPG,healthy,0,g1315,s_reliability,reliability_train,brightness,205854520266735257,1.279090068208498,,,,42,0,0,healthy,0,3.6973908,-1.6154486,-4.426768,123
65d8262102aaf0159db9,data/plantvillage/raw/color/Apple___healthy/3a5916ba-0db8-4aff-a282-26f33b056832___RS_HL 8125.JPG,healthy,0,g1315,s_reliability,reliability_train,contrast,7035875611162113097,,1.249376386288609,,,42,0,0,healthy,0,3.4048345,-1.4929701,-4.260164,123
110c45cd586cb554f17d,data/plantvillage/raw/color/Apple___healthy/3a5916ba-0db8-4aff-a282-26f33b056832___RS_HL 8125.JPG,healthy,0,g1315,s_reliability,reliability_train,gaussian_blur,1637446910467651912,,,1.2894823943395255,,42,0,0,healthy,0,2.0926094,-1.7043365,-1.9824209,123
956776813a4099b08f40,data/plantvillage/raw/color/Apple___healthy/3a5916ba-0db8-4aff-a282-26f33b056832___RS_HL 8125.JPG,healthy,0,g1315,s_reliability,reliability_train,gaussian_noise,8025661049749262528,,,,0.038070744084805756,42,0,0,healthy,0,3.5595906,-1.2496047,-4.691055,123
409fd3a82f1c67494fa5,data/plantvillage/raw/color/Apple___healthy/3a6789e3-2dd3-4513-b21d-be34f521c4a1___RS_HL 8031.JPG,healthy,0,g1316,s_reliability,reliability_train,original,,,,,,42,0,0,healthy,0,5.7318115,-2.6324596,-4.628286,123
df57ac91be5ec1924065,data/plantvillage/raw/color/Apple___healthy/3a6789e3-2dd3-4513-b21d-be34f521c4a1___RS_HL 8031.JPG,healthy,0,g1316,s_reliability,reliability_train,brightness,1241995756142752907,0.9988561310253641,,,,42,0,0,healthy,0,5.720921,-2.621526,-4.6318073,123
139fcb1e47c8ab889cae,data/plantvillage/raw/color/Apple___healthy/3a6789e3-2dd3-4513-b21d-be34f521c4a1___RS_HL 8031.JPG,healthy,0,g1316,s_reliability,reliability_train,contrast,8681369329633621756,,1.113046524466427,,,42,0,0,healthy,0,5.75399,-2.5668337,-4.729738,123
cc89c9609e38f34adcb9,data/plantvillage/raw/color/Apple___healthy/3a6789e3-2dd3-4513-b21d-be34f521c4a1___RS_HL 8031.JPG,healthy,0,g1316,s_reliability,reliability_train,gaussian_blur,8865796838953423729,,,0.5131841379519082,,42,0,0,healthy,0,5.3035703,-2.8674989,-3.8921375,123
bce6a67fe71b76737b14,data/plantvillage/raw/color/Apple___healthy/3a6789e3-2dd3-4513-b21d-be34f521c4a1___RS_HL 8031.JPG,healthy,0,g1316,s_reliability,reliability_train,gaussian_noise,5128861664652352332,,,,0.015792008214607904,42,0,0,healthy,0,5.8659463,-2.7351973,-4.625587,123
eceb237f3cdb70d04392,data/plantvillage/raw/color/Apple___healthy/3c3127c8-58c3-43ab-9b6f-75c641db96ce___RS_HL 7282.JPG,healthy,0,g1334,s_reliability,reliability_train,original,,,,,,42,0,0,healthy,0,2.407033,1.447971,-5.4825335,123
ef0842702f85e3a047b6,data/plantvillage/raw/color/Apple___healthy/3c3127c8-58c3-43ab-9b6f-75c641db96ce___RS_HL 7282.JPG,healthy,0,g1334,s_reliability,reliability_train,brightness,6258809867054233409,0.8974405563435552,,,,42,0,0,healthy,0,2.3422353,1.5014874,-5.531119,123
b281c6d4e1ebeb9e63e7,data/plantvillage/raw/color/Apple___healthy/3c3127c8-58c3-43ab-9b6f-75c641db96ce___RS_HL 7282.JPG,healthy,0,g1334,s_reliability,reliability_train,contrast,5248597774520752667,,1.2275643350806273,,,42,0,0,healthy,0,2.3610792,1.5419967,-5.5449533,123
5b2e8db1dbfefc66973e,data/plantvillage/raw/color/Apple___healthy/3c3127c8-58c3-43ab-9b6f-75c641db96ce___RS_HL 7282.JPG,healthy,0,g1334,s_reliability,reliability_train,gaussian_blur,7890006717637967904,,,1.292698201375426,,42,0,1,scab,1,-0.52072304,0.104700394,-1.7574865,123
da0ee4227545abce19b1,data/plantvillage/raw/color/Apple___healthy/3c3127c8-58c3-43ab-9b6f-75c641db96ce___RS_HL 7282.JPG,healthy,0,g1334,s_reliability,reliability_train,gaussian_noise,7349564608696765774,,,,0.018578379357722902,42,0,0,healthy,0,2.4602525,1.4501388,-5.540788,123
4b959e144a03990f295a,data/plantvillage/raw/color/Apple___healthy/3e19a6c4-e5d8-4649-b403-7a8fd36b88e2___RS_HL 7533.JPG,healthy,0,g1344,s_reliability,reliability_train,original,,,,,,42,0,0,healthy,0,7.4383473,-2.8082697,-5.7168884,123
3540c76da0b23dc47b51,data/plantvillage/raw/color/Apple___healthy/3e19a6c4-e5d8-4649-b403-7a8fd36b88e2___RS_HL 7533.JPG,healthy,0,g1344,s_reliability,reliability_train,brightness,8815151147530038372,1.224243250174725,,,,42,0,0,healthy,0,7.914412,-2.9155354,-5.99873,123
90f9243419aca1f2640a,data/plantvillage/raw/color/Apple___healthy/3e19a6c4-e5d8-4649-b403-7a8fd36b88e2___RS_HL 7533.JPG,healthy,0,g1344,s_reliability,reliability_train,contrast,496357760210893130,,0.7997251049670722,,,42,0,0,healthy,0,7.366593,-2.953838,-5.456684,123
0a5333e36e9c370bf53b,data/plantvillage/raw/color/Apple___healthy/3e19a6c4-e5d8-4649-b403-7a8fd36b88e2___RS_HL 7533.JPG,healthy,0,g1344,s_reliability,reliability_train,gaussian_blur,2533080944321075860,,,0.9570526412036207,,42,0,0,healthy,0,4.898373,-2.8071022,-3.1993515,123
930b26e812d529332429,data/plantvillage/raw/color/Apple___healthy/3e19a6c4-e5d8-4649-b403-7a8fd36b88e2___RS_HL 7533.JPG,healthy,0,g1344,s_reliability,reliability_train,gaussian_noise,2032042606409621447,,,,0.03168695160351392,42,0,0,healthy,0,7.3603034,-2.8208156,-5.6340847,123
c8967c910104ab7ae249,data/plantvillage/raw/color/Apple___healthy/3ecbb982-2844-4662-ad65-9a94fee38fa3___RS_HL 8060.JPG,healthy,0,g1348,s_reliability,reliability_train,original,,,,,,42,0,0,healthy,0,5.3405724,-2.1152527,-5.448297,123
2cae71e1311aba5b29da,data/plantvillage/raw/color/Apple___healthy/3ecbb982-2844-4662-ad65-9a94fee38fa3___RS_HL 8060.JPG,healthy,0,g1348,s_reliability,reliability_train,brightness,6261818532068539173,1.0546127199629467,,,,42,0,0,healthy,0,5.421669,-2.2195592,-5.37048,123
b7bd44196d406749ebf8,data/plantvillage/raw/color/Apple___healthy/3ecbb982-2844-4662-ad65-9a94fee38fa3___RS_HL 8060.JPG,healthy,0,g1348,s_reliability,reliability_train,contrast,7344028221641242476,,0.8145703592746425,,,42,0,0,healthy,0,5.171643,-2.0224679,-5.3312063,123
62b59c921393b6b77278,data/plantvillage/raw/color/Apple___healthy/3ecbb982-2844-4662-ad65-9a94fee38fa3___RS_HL 8060.JPG,healthy,0,g1348,s_reliability,reliability_train,gaussian_blur,2468952683676613073,,,0.8033459185713173,,42,0,0,healthy,0,2.9933953,-2.433619,-3.0589278,123
e323e9fcc8512398561c,data/plantvillage/raw/color/Apple___healthy/3ecbb982-2844-4662-ad65-9a94fee38fa3___RS_HL 8060.JPG,healthy,0,g1348,s_reliability,reliability_train,gaussian_noise,912712397371915938,,,,0.0194837463655053,42,0,0,healthy,0,5.391156,-2.1560326,-5.458432,123
75d69d1b8e44b73fdd6a,data/plantvillage/raw/color/Apple___healthy/3ee00792-0430-445e-8c25-970607d2759d___RS_HL 7810.JPG,healthy,0,g1350,s_reliability,reliability_train,original,,,,,,42,0,0,healthy,0,5.703527,-0.71035916,-6.5937495,123
b8e6505cf23ba298dcb7,data/plantvillage/raw/color/Apple___healthy/3ee00792-0430-445e-8c25-970607d2759d___RS_HL 7810.JPG,healthy,0,g1350,s_reliability,reliability_train,brightness,3978865019950285422,0.7205131658037681,,,,42,0,0,healthy,0,5.791503,-0.7108029,-6.5960474,123
94f9ff49d9d6d0ad4655,data/plantvillage/raw/color/Apple___healthy/3ee00792-0430-445e-8c25-970607d2759d___RS_HL 7810.JPG,healthy,0,g1350,s_reliability,reliability_train,contrast,2697017036946214052,,0.7305777888574931,,,42,0,0,healthy,0,5.205269,-0.64429516,-6.2905884,123
572b7d8684df43eb663c,data/plantvillage/raw/color/Apple___healthy/3ee00792-0430-445e-8c25-970607d2759d___RS_HL 7810.JPG,healthy,0,g1350,s_reliability,reliability_train,gaussian_blur,6088947642697741781,,,1.3645398607941799,,42,0,0,healthy,0,2.1934485,0.2720826,-4.502492,123
92dc9f70602b6f88e157,data/plantvillage/raw/color/Apple___healthy/3ee00792-0430-445e-8c25-970607d2759d___RS_HL 7810.JPG,healthy,0,g1350,s_reliability,reliability_train,gaussian_noise,4928243922050948077,,,,0.021994690401382806,42,0,0,healthy,0,5.800931,-0.8497485,-6.498281,123
07b1fccc206ce62410f2,data/plantvillage/raw/color/Apple___healthy/3fdbd8fe-f026-4fef-b02d-b451fb60cb86___RS_HL 7353.JPG,healthy,0,g1355,s_reliability,reliability_train,original,,,,,,42,0,0,healthy,0,3.3186975,-0.21858335,-5.525366,123
be5f73113069ead09d54,data/plantvillage/raw/color/Apple___healthy/3fdbd8fe-f026-4fef-b02d-b451fb60cb86___RS_HL 7353.JPG,healthy,0,g1355,s_reliability,reliability_train,brightness,6450791447265683093,1.2539589195692333,,,,42,0,0,healthy,0,4.0088983,-0.63276666,-5.584175,123
75130cf9278e68fe47b7,data/plantvillage/raw/color/Apple___healthy/3fdbd8fe-f026-4fef-b02d-b451fb60cb86___RS_HL 7353.JPG,healthy,0,g1355,s_reliability,reliability_train,contrast,7553668962718951215,,1.0923227598578475,,,42,0,0,healthy,0,3.4699457,-0.23787901,-5.667254,123
655f1683723a32f5b1b8,data/plantvillage/raw/color/Apple___healthy/3fdbd8fe-f026-4fef-b02d-b451fb60cb86___RS_HL 7353.JPG,healthy,0,g1355,s_reliability,reliability_train,gaussian_blur,2460142792813140522,,,0.6096785773741586,,42,0,0,healthy,0,2.3881907,-0.5825356,-4.252383,123
fbcca6ac72089fb1c1aa,data/plantvillage/raw/color/Apple___healthy/3fdbd8fe-f026-4fef-b02d-b451fb60cb86___RS_HL 7353.JPG,healthy,0,g1355,s_reliability,reliability_train,gaussian_noise,2191585714661714038,,,,0.042177608453317826,42,0,0,healthy,0,3.7488644,-0.54242426,-5.4631753,123
53eaf42a1219d088b379,data/plantvillage/raw/color/Apple___healthy/405ca310-f708-4815-b121-5bb315d98f6f___RS_HL 6122.JPG,healthy,0,g1360,s_reliability,reliability_train,original,,,,,,42,0,0,healthy,0,5.3664317,-2.7522738,-4.3975797,123
afe5304d6acc9ff6b308,data/plantvillage/raw/color/Apple___healthy/405ca310-f708-4815-b121-5bb315d98f6f___RS_HL 6122.JPG,healthy,0,g1360,s_reliability,reliability_train,brightness,1039800509337618418,1.0648198303083638,,,,42,0,0,healthy,0,5.364295,-2.7162466,-4.4623594,123
107f16fd0a8acab821c6,data/plantvillage/raw/color/Apple___healthy/405ca310-f708-4815-b121-5bb315d98f6f___RS_HL 6122.JPG,healthy,0,g1360,s_reliability,reliability_train,contrast,1459617272680474982,,0.9035059486996793,,,42,0,0,healthy,0,5.031466,-2.723273,-4.2068105,123
a87ead22d5c58d3a29d2,data/plantvillage/raw/color/Apple___healthy/405ca310-f708-4815-b121-5bb315d98f6f___RS_HL 6122.JPG,healthy,0,g1360,s_reliability,reliability_train,gaussian_blur,3519049683091209609,,,0.7196036779490695,,42,0,0,healthy,0,3.4242167,-2.3150232,-3.2326856,123
9f4adfb8cef68b1b4e36,data/plantvillage/raw/color/Apple___healthy/405ca310-f708-4815-b121-5bb315d98f6f___RS_HL 6122.JPG,healthy,0,g1360,s_reliability,reliability_train,gaussian_noise,1475290202179802283,,,,0.012314371975360738,42,0,0,healthy,0,5.4131827,-2.6996598,-4.4801364,123
badd7e6a89a9fb00a7af,data/plantvillage/raw/color/Apple___healthy/42fdd9ce-6860-4862-8717-4f147884c7d6___RS_HL 5739.JPG,healthy,0,g1371,s_reliability,reliability_val,original,,,,,,42,0,0,healthy,0,3.9563534,-0.88956326,-5.165074,123
58360bf71ca9c7a35c14,data/plantvillage/raw/color/Apple___healthy/42fdd9ce-6860-4862-8717-4f147884c7d6___RS_HL 5739.JPG,healthy,0,g1371,s_reliability,reliability_val,brightness,6236508226364944581,1.0008078788225458,,,,42,0,0,healthy,0,3.9563534,-0.88956326,-5.165074,123
ce67132b1071c9c747b5,data/plantvillage/raw/color/Apple___healthy/42fdd9ce-6860-4862-8717-4f147884c7d6___RS_HL 5739.JPG,healthy,0,g1371,s_reliability,reliability_val,contrast,5929414054936513595,,1.0589715909137976,,,42,0,0,healthy,0,4.3603745,-1.1449387,-5.208158,123
b9fcfaa7401d7d6339b0,data/plantvillage/raw/color/Apple___healthy/42fdd9ce-6860-4862-8717-4f147884c7d6___RS_HL 5739.JPG,healthy,0,g1371,s_reliability,reliability_val,gaussian_blur,8167123783358559771,,,1.3567383638777089,,42,0,0,healthy,0,1.5588729,-1.1328844,-2.1748908,123
6d440ee96d87b310cc1e,data/plantvillage/raw/color/Apple___healthy/42fdd9ce-6860-4862-8717-4f147884c7d6___RS_HL 5739.JPG,healthy,0,g1371,s_reliability,reliability_val,gaussian_noise,3790065866006675726,,,,0.013532369936064633,42,0,0,healthy,0,4.094042,-0.9006271,-5.250945,123
383b557624f40bf3b168,data/plantvillage/raw/color/Apple___healthy/47c9915d-7fb5-4426-a1b8-5928c3b20666___RS_HL 7565.JPG,healthy,0,g1399,s_reliability,reliability_train,original,,,,,,42,0,0,healthy,0,5.4688244,-3.551976,-3.5043364,123
900c46302ee197dedd5f,data/plantvillage/raw/color/Apple___healthy/47c9915d-7fb5-4426-a1b8-5928c3b20666___RS_HL 7565.JPG,healthy,0,g1399,s_reliability,reliability_train,brightness,3458179382525340230,0.8768280760596563,,,,42,0,0,healthy,0,5.4249816,-3.653602,-3.3252468,123
e42208311ce93a1ab5b0,data/plantvillage/raw/color/Apple___healthy/47c9915d-7fb5-4426-a1b8-5928c3b20666___RS_HL 7565.JPG,healthy,0,g1399,s_reliability,reliability_train,contrast,4792116895924824997,,1.2968273833813166,,,42,0,0,healthy,0,5.524773,-3.2260659,-3.7948067,123
8a2d27cfc8eefb680ae0,data/plantvillage/raw/color/Apple___healthy/47c9915d-7fb5-4426-a1b8-5928c3b20666___RS_HL 7565.JPG,healthy,0,g1399,s_reliability,reliability_train,gaussian_blur,2398796723348435533,,,0.7610477701779235,,42,0,0,healthy,0,4.110598,-3.361329,-2.184777,123
4118685767a39f4308c8,data/plantvillage/raw/color/Apple___healthy/47c9915d-7fb5-4426-a1b8-5928c3b20666___RS_HL 7565.JPG,healthy,0,g1399,s_reliability,reliability_train,gaussian_noise,6826190666832784370,,,,0.018806707301706235,42,0,0,healthy,0,5.475886,-3.54766,-3.5053773,123
6f4ea95168506bb53b15,data/plantvillage/raw/color/Apple___healthy/48ff38b5-5af1-44e5-9d94-ee9a32715aba___RS_HL 6109.JPG,healthy,0,g1405,s_reliability,reliability_train,original,,,,,,42,0,0,healthy,0,8.233337,-3.282862,-5.982678,123
ef0b081f8f0dc27bdead,data/plantvillage/raw/color/Apple___healthy/48ff38b5-5af1-44e5-9d94-ee9a32715aba___RS_HL 6109.JPG,healthy,0,g1405,s_reliability,reliability_train,brightness,8265568081454588576,0.8748784983346176,,,,42,0,0,healthy,0,8.271443,-3.2354836,-6.0250216,123
cef6b0f522e99ab6937e,data/plantvillage/raw/color/Apple___healthy/48ff38b5-5af1-44e5-9d94-ee9a32715aba___RS_HL 6109.JPG,healthy,0,g1405,s_reliability,reliability_train,contrast,7639465631479528904,,1.1937847371430166,,,42,0,0,healthy,0,8.391427,-3.333824,-6.0403366,123
6be7d1e001d066dc8d97,data/plantvillage/raw/color/Apple___healthy/48ff38b5-5af1-44e5-9d94-ee9a32715aba___RS_HL 6109.JPG,healthy,0,g1405,s_reliability,reliability_train,gaussian_blur,8245089935101121542,,,1.0490862675960422,,42,0,0,healthy,0,5.160747,-2.9245262,-3.4735317,123
8a90030e94288d41b9aa,data/plantvillage/raw/color/Apple___healthy/48ff38b5-5af1-44e5-9d94-ee9a32715aba___RS_HL 6109.JPG,healthy,0,g1405,s_reliability,reliability_train,gaussian_noise,7754948854122344681,,,,0.040074627492996145,42,0,0,healthy,0,8.207477,-3.0125258,-6.3243194,123
abdae9e442a7760befcd,data/plantvillage/raw/color/Apple___healthy/491f5957-ed75-4198-b988-4f0c834cd4ec___RS_HL 6043.JPG,healthy,0,g1406,s_reliability,reliability_train,original,,,,,,42,0,0,healthy,0,7.1095185,-5.152314,-3.6152277,123
14873ea6bddf0c017790,data/plantvillage/raw/color/Apple___healthy/491f5957-ed75-4198-b988-4f0c834cd4ec___RS_HL 6043.JPG,healthy,0,g1406,s_reliability,reliability_train,brightness,8712182422052623379,0.749331904213608,,,,42,0,0,healthy,0,7.1876764,-4.9735956,-3.6315763,123
b10351bd64183aac6028,data/plantvillage/raw/color/Apple___healthy/491f5957-ed75-4198-b988-4f0c834cd4ec___RS_HL 6043.JPG,healthy,0,g1406,s_reliability,reliability_train,contrast,973035005138600045,,1.016263078111101,,,42,0,0,healthy,0,7.092409,-5.183249,-3.5932443,123
c1880091262475cbdc95,data/plantvillage/raw/color/Apple___healthy/491f5957-ed75-4198-b988-4f0c834cd4ec___RS_HL 6043.JPG,healthy,0,g1406,s_reliability,reliability_train,gaussian_blur,786433876287483055,,,0.5755903064464003,,42,0,0,healthy,0,6.0324197,-4.985287,-2.7499566,123
2c5207664a6b77c9e869,data/plantvillage/raw/color/Apple___healthy/491f5957-ed75-4198-b988-4f0c834cd4ec___RS_HL 6043.JPG,healthy,0,g1406,s_reliability,reliability_train,gaussian_noise,1838935000179726131,,,,0.03435577916383729,42,0,0,healthy,0,6.9758463,-4.9356384,-3.798967,123
b654ff402e57aefa750b,data/plantvillage/raw/color/Apple___healthy/49cc68a3-a1df-47c2-99d5-c2cb3a4c0227___RS_HL 7854.JPG,healthy,0,g1410,s_reliability,reliability_train,original,,,,,,42,0,0,healthy,0,4.5298886,-1.1823786,-5.248361,123
347884eb867a831784fe,data/plantvillage/raw/color/Apple___healthy/49cc68a3-a1df-47c2-99d5-c2cb3a4c0227___RS_HL 7854.JPG,healthy,0,g1410,s_reliability,reliability_train,brightness,6551864916529704329,1.1746838285936612,,,,42,0,0,healthy,0,4.759612,-1.3405459,-5.185111,123
bf3c6bed49b3e5fb6453,data/plantvillage/raw/color/Apple___healthy/49cc68a3-a1df-47c2-99d5-c2cb3a4c0227___RS_HL 7854.JPG,healthy,0,g1410,s_reliability,reliability_train,contrast,826129369475956326,,0.8772023655068188,,,42,0,0,healthy,0,4.3260565,-1.1060921,-5.1730824,123
668cbd5f00c194569f21,data/plantvillage/raw/color/Apple___healthy/49cc68a3-a1df-47c2-99d5-c2cb3a4c0227___RS_HL 7854.JPG,healthy,0,g1410,s_reliability,reliability_train,gaussian_blur,8931555925963929645,,,1.0791082339134248,,42,0,0,healthy,0,1.3330317,-0.65794665,-2.8327806,123
a9a3695cfc952cf10b6b,data/plantvillage/raw/color/Apple___healthy/49cc68a3-a1df-47c2-99d5-c2cb3a4c0227___RS_HL 7854.JPG,healthy,0,g1410,s_reliability,reliability_train,gaussian_noise,8358645326937114705,,,,0.019871033849552834,42,0,0,healthy,0,4.73157,-1.3068714,-5.247428,123
5e4949b0e988a7b4f924,data/plantvillage/raw/color/Apple___healthy/49d18ffd-bfd4-435d-bffb-fe66ec0e3af6___RS_HL 5647.JPG,healthy,0,g1411,s_reliability,reliability_train,original,,,,,,42,0,0,healthy,0,5.237882,-1.6138469,-5.226283,123
f550299b32333210cfb1,data/plantvillage/raw/color/Apple___healthy/49d18ffd-bfd4-435d-bffb-fe66ec0e3af6___RS_HL 5647.JPG,healthy,0,g1411,s_reliability,reliability_train,brightness,38995610282541778,1.2569655608313366,,,,42,0,0,healthy,0,5.4639726,-1.818699,-5.179094,123
06cc6310c262acf850b1,data/plantvillage/raw/color/Apple___healthy/49d18ffd-bfd4-435d-bffb-fe66ec0e3af6___RS_HL 5647.JPG,healthy,0,g1411,s_reliability,reliability_train,contrast,2206902783178441924,,1.2489931559982672,,,42,0,0,healthy,0,4.6768694,-1.4448133,-5.066059,123
ebcbfbb69763f4cf4af6,data/plantvillage/raw/color/Apple___healthy/49d18ffd-bfd4-435d-bffb-fe66ec0e3af6___RS_HL 5647.JPG,healthy,0,g1411,s_reliability,reliability_train,gaussian_blur,89483872878067575,,,1.2713781969409033,,42,0,0,healthy,0,1.8263153,-1.606859,-2.5158951,123
141b0ae20644d2e4c73f,data/plantvillage/raw/color/Apple___healthy/49d18ffd-bfd4-435d-bffb-fe66ec0e3af6___RS_HL 5647.JPG,healthy,0,g1411,s_reliability,reliability_train,gaussian_noise,4607686504422074694,,,,0.029359664991704934,42,0,0,healthy,0,5.649105,-1.6769359,-5.410086,123
f0360e754a59adc11eaf,data/plantvillage/raw/color/Apple___healthy/4c7d424b-d418-4b72-84a9-2a639eabb5ec___RS_HL 5734.JPG,healthy,0,g1432,s_reliability,reliability_train,original,,,,,,42,0,0,healthy,0,6.8399215,-1.7969048,-6.242423,123
4b6ee945897151a15594,data/plantvillage/raw/color/Apple___healthy/4c7d424b-d418-4b72-84a9-2a639eabb5ec___RS_HL 5734.JPG,healthy,0,g1432,s_reliability,reliability_train,brightness,6097414055730541397,0.7618365613552616,,,,42,0,0,healthy,0,6.7540636,-1.7938514,-6.151992,123
23b14c08683f10dacee4,data/plantvillage/raw/color/Apple___healthy/4c7d424b-d418-4b72-84a9-2a639eabb5ec___RS_HL 5734.JPG,healthy,0,g1432,s_reliability,reliability_train,contrast,6576857618568072840,,0.7820240262505029,,,42,0,0,healthy,0,6.2968683,-1.5547533,-6.0919156,123
8aedb5b2882d21656530,data/plantvillage/raw/color/Apple___healthy/4c7d424b-d418-4b72-84a9-2a639eabb5ec___RS_HL 5734.JPG,healthy,0,g1432,s_reliability,reliability_train,gaussian_blur,8676902910120535653,,,0.7158830374556387,,42,0,0,healthy,0,5.685965,-2.508225,-4.70076,123
efaa2e4bde452d0bf96d,data/plantvillage/raw/color/Apple___healthy/4c7d424b-d418-4b72-84a9-2a639eabb5ec___RS_HL 5734.JPG,healthy,0,g1432,s_reliability,reliability_train,gaussian_noise,8049166399150233634,,,,0.04564838132841404,42,0,0,healthy,0,7.1081557,-1.9159365,-6.295458,123
9a40c191d201013da7c4,data/plantvillage/raw/color/Apple___healthy/4c7e1a5a-fc48-43a8-959d-c7c8ad6462b9___RS_HL 7561.JPG,healthy,0,g1433,s_reliability,reliability_train,original,,,,,,42,0,0,healthy,0,3.052233,-0.18954693,-4.919484,123
a99b8f779266087c19fb,data/plantvillage/raw/color/Apple___healthy/4c7e1a5a-fc48-43a8-959d-c7c8ad6462b9___RS_HL 7561.JPG,healthy,0,g1433,s_reliability,reliability_train,brightness,899148586515125989,0.8870756119306357,,,,42,0,0,healthy,0,2.8941634,-0.07447549,-4.92969,123
990ae312dd5fd0bd570a,data/plantvillage/raw/color/Apple___healthy/4c7e1a5a-fc48-43a8-959d-c7c8ad6462b9___RS_HL 7561.JPG,healthy,0,g1433,s_reliability,reliability_train,contrast,2668759872662818711,,1.1098759500625826,,,42,0,0,healthy,0,3.0467806,-0.16063425,-4.963037,123
844c5a734730b6d423fd,data/plantvillage/raw/color/Apple___healthy/4c7e1a5a-fc48-43a8-959d-c7c8ad6462b9___RS_HL 7561.JPG,healthy,0,g1433,s_reliability,reliability_train,gaussian_blur,6121903965305092752,,,1.3064505511801876,,42,0,1,scab,1,-0.6939063,0.43573856,-2.4006455,123
73e4bbd1605d605b941c,data/plantvillage/raw/color/Apple___healthy/4c7e1a5a-fc48-43a8-959d-c7c8ad6462b9___RS_HL 7561.JPG,healthy,0,g1433,s_reliability,reliability_train,gaussian_noise,937509096791775372,,,,0.039946421581772244,42,0,0,healthy,0,3.275128,-0.084216855,-5.1506906,123
6e11c63e79a2debedd53,data/plantvillage/raw/color/Apple___healthy/4cf06978-a0b5-43a0-8da3-fda45eee2e1c___RS_HL 5777.JPG,healthy,0,g1437,s_reliability,reliability_train,original,,,,,,42,0,0,healthy,0,6.6421924,-2.5702846,-4.88009,123
a0fd7dd2a3a226110975,data/plantvillage/raw/color/Apple___healthy/4cf06978-a0b5-43a0-8da3-fda45eee2e1c___RS_HL 5777.JPG,healthy,0,g1437,s_reliability,reliability_train,brightness,5270724279091708818,0.8159364425948474,,,,42,0,0,healthy,0,6.383048,-2.4633245,-4.7831354,123
2f5409ad90cb9801b5bf,data/plantvillage/raw/color/Apple___healthy/4cf06978-a0b5-43a0-8da3-fda45eee2e1c___RS_HL 5777.JPG,healthy,0,g1437,s_reliability,reliability_train,contrast,5623552690521448384,,0.7439587782307833,,,42,0,0,healthy,0,5.2359877,-2.0737362,-4.386733,123
4a031748798a1929560b,data/plantvillage/raw/color/Apple___healthy/4cf06978-a0b5-43a0-8da3-fda45eee2e1c___RS_HL 5777.JPG,healthy,0,g1437,s_reliability,reliability_train,gaussian_blur,6379474819202474013,,,1.0881912169353511,,42,0,0,healthy,0,4.472703,-2.8312664,-3.059416,123
cf15b007de996116134b,data/plantvillage/raw/color/Apple___healthy/4cf06978-a0b5-43a0-8da3-fda45eee2e1c___RS_HL 5777.JPG,healthy,0,g1437,s_reliability,reliability_train,gaussian_noise,8755860516129494549,,,,0.019971439971688817,42,0,0,healthy,0,6.6863265,-2.5182257,-4.974029,123
bc2a2f7b218092fbd7a3,data/plantvillage/raw/color/Apple___healthy/4e817ac6-818a-431f-af6d-e44477f9b649___RS_HL 7616.JPG,healthy,0,g1447,s_reliability,reliability_val,original,,,,,,42,0,0,healthy,0,5.0085015,-2.583413,-4.555881,123
5f7092c1be0ee43fb570,data/plantvillage/raw/color/Apple___healthy/4e817ac6-818a-431f-af6d-e44477f9b649___RS_HL 7616.JPG,healthy,0,g1447,s_reliability,reliability_val,brightness,8272766428416713486,0.7076234249463137,,,,42,0,0,healthy,0,5.106642,-2.187431,-5.057937,123
03afb10be3128cbf4f7e,data/plantvillage/raw/color/Apple___healthy/4e817ac6-818a-431f-af6d-e44477f9b649___RS_HL 7616.JPG,healthy,0,g1447,s_reliability,reliability_val,contrast,8691162153853494799,,0.861478383678493,,,42,0,0,healthy,0,5.056328,-2.6797364,-4.484701,123
fc9a32755227c3357992,data/plantvillage/raw/color/Apple___healthy/4e817ac6-818a-431f-af6d-e44477f9b649___RS_HL 7616.JPG,healthy,0,g1447,s_reliability,reliability_val,gaussian_blur,504532771044227479,,,0.5855702785021818,,42,0,0,healthy,0,3.4485734,-2.5003674,-3.3048425,123
56d71cd45b5f64fb1d01,data/plantvillage/raw/color/Apple___healthy/4e817ac6-818a-431f-af6d-e44477f9b649___RS_HL 7616.JPG,healthy,0,g1447,s_reliability,reliability_val,gaussian_noise,7501607120797526877,,,,0.02531252212843504,42,0,0,healthy,0,5.127129,-2.5814607,-4.6730785,123
0e324bf68a07276848fa,data/plantvillage/raw/color/Apple___healthy/4ffc00fe-a8ce-4103-9fab-30165684d8c5___RS_HL 7490.JPG,healthy,0,g1457,s_reliability,reliability_val,original,,,,,,42,0,0,healthy,0,4.415897,-2.9509234,-3.6875305,123
bef78ef5a7748eae8e39,data/plantvillage/raw/color/Apple___healthy/4ffc00fe-a8ce-4103-9fab-30165684d8c5___RS_HL 7490.JPG,healthy,0,g1457,s_reliability,reliability_val,brightness,8965277051811695334,1.0886976116934013,,,,42,0,0,healthy,0,4.281746,-2.9429998,-3.5826652,123
431f604de6cf6e529871,data/plantvillage/raw/color/Apple___healthy/4ffc00fe-a8ce-4103-9fab-30165684d8c5___RS_HL 7490.JPG,healthy,0,g1457,s_reliability,reliability_val,contrast,1554522888076616006,,0.7178376150358542,,,42,0,0,healthy,0,4.6780157,-3.0408,-3.691239,123
f252a155e5f9d6753293,data/plantvillage/raw/color/Apple___healthy/4ffc00fe-a8ce-4103-9fab-30165684d8c5___RS_HL 7490.JPG,healthy,0,g1457,s_reliability,reliability_val,gaussian_blur,2748145623421535822,,,1.4060595249914383,,42,0,0,healthy,0,0.9787246,-2.848465,-1.0744674,123
fba00b91318e4d11e6ec,data/plantvillage/raw/color/Apple___healthy/4ffc00fe-a8ce-4103-9fab-30165684d8c5___RS_HL 7490.JPG,healthy,0,g1457,s_reliability,reliability_val,gaussian_noise,462896590816366934,,,,0.047153158880600045,42,0,0,healthy,0,4.355959,-2.5141814,-4.04636,123
dfcab7d2bce2d550ceb8,data/plantvillage/raw/color/Apple___healthy/51ad3661-ed25-4c8f-9f90-44f8f0f042e0___RS_HL 7645.JPG,healthy,0,g1466,s_reliability,reliability_train,original,,,,,,42,0,0,healthy,0,3.8176777,-3.4955938,-2.178012,123
2ebdb1b0a95e4d05981f,data/plantvillage/raw/color/Apple___healthy/51ad3661-ed25-4c8f-9f90-44f8f0f042e0___RS_HL 7645.JPG,healthy,0,g1466,s_reliability,reliability_train,brightness,3165673064858696729,0.7414182785335581,,,,42,0,0,healthy,0,4.3851676,-3.6023157,-2.4670625,123
04d32120dae8932b7c69,data/plantvillage/raw/color/Apple___healthy/51ad3661-ed25-4c8f-9f90-44f8f0f042e0___RS_HL 7645.JPG,healthy,0,g1466,s_reliability,reliability_train,contrast,6057929921280189513,,1.2016337042170917,,,42,0,0,healthy,0,3.6848786,-3.3408775,-2.2948446,123
7c86c156417d27dd503f,data/plantvillage/raw/color/Apple___healthy/51ad3661-ed25-4c8f-9f90-44f8f0f042e0___RS_HL 7645.JPG,healthy,0,g1466,s_reliability,reliability_train,gaussian_blur,7638337203520799418,,,0.6834166568232849,,42,0,0,healthy,0,2.9027226,-3.4821174,-1.3240001,123
0e5c05b282ac6140cb8f,data/plantvillage/raw/color/Apple___healthy/51ad3661-ed25-4c8f-9f90-44f8f0f042e0___RS_HL 7645.JPG,healthy,0,g1466,s_reliability,reliability_train,gaussian_noise,2766239035338017498,,,,0.015578864432342798,42,0,0,healthy,0,3.8855827,-3.472688,-2.2581787,123
756be669e872a4cc5396,data/plantvillage/raw/color/Apple___healthy/5348c7f1-02d4-40ae-989e-1537043644cf___RS_HL 7657.JPG,healthy,0,g1478,s_reliability,reliability_train,original,,,,,,42,0,0,healthy,0,4.663689,-1.1452328,-4.4466653,123
ea2d705b1fc32261d708,data/plantvillage/raw/color/Apple___healthy/5348c7f1-02d4-40ae-989e-1537043644cf___RS_HL 7657.JPG,healthy,0,g1478,s_reliability,reliability_train,brightness,6359110260529476195,1.045731529517582,,,,42,0,0,healthy,0,4.6688395,-1.075315,-4.4801493,123
bd7d2d1f71f8c2d2130d,data/plantvillage/raw/color/Apple___healthy/5348c7f1-02d4-40ae-989e-1537043644cf___RS_HL 7657.JPG,healthy,0,g1478,s_reliability,reliability_train,contrast,217541770573802525,,1.1981669504262342,,,42,0,0,healthy,0,4.5606318,-0.7114487,-4.662361,123
3c69ba83f2977a54460c,data/plantvillage/raw/color/Apple___healthy/5348c7f1-02d4-40ae-989e-1537043644cf___RS_HL 7657.JPG,healthy,0,g1478,s_reliability,reliability_train,gaussian_blur,1988877725652765000,,,0.9819114453820889,,42,0,0,healthy,0,3.0310009,-1.3290584,-3.2445204,123
981b42c0e6b2086884fa,data/plantvillage/raw/color/Apple___healthy/5348c7f1-02d4-40ae-989e-1537043644cf___RS_HL 7657.JPG,healthy,0,g1478,s_reliability,reliability_train,gaussian_noise,494349574615025371,,,,0.039080262380177526,42,0,0,healthy,0,4.74989,-0.7935266,-4.8085055,123
a002885e72727396b4a9,data/plantvillage/raw/color/Apple___healthy/53ad897b-864f-414f-84e7-0ea0ce53fa1d___RS_HL 7273.JPG,healthy,0,g1481,s_reliability,reliability_train,original,,,,,,42,0,0,healthy,0,2.236009,-0.119924754,-3.7118952,123
8790cb443f20892a6166,data/plantvillage/raw/color/Apple___healthy/53ad897b-864f-414f-84e7-0ea0ce53fa1d___RS_HL 7273.JPG,healthy,0,g1481,s_reliability,reliability_train,brightness,1113252340624148348,0.8871686025162454,,,,42,0,0,healthy,0,2.062518,-0.15724258,-3.6411874,123
5e8a6c60781418b186cc,data/plantvillage/raw/color/Apple___healthy/53ad897b-864f-414f-84e7-0ea0ce53fa1d___RS_HL 7273.JPG,healthy,0,g1481,s_reliability,reliability_train,contrast,2596376182190596817,,1.2257803369253724,,,42,0,0,healthy,0,2.311524,-0.068694614,-3.5839632,123
060d0e85ce4b2a0826e4,data/plantvillage/raw/color/Apple___healthy/53ad897b-864f-414f-84e7-0ea0ce53fa1d___RS_HL 7273.JPG,healthy,0,g1481,s_reliability,reliability_train,gaussian_blur,8157573867186126205,,,0.9771442367444192,,42,0,0,healthy,0,0.9657085,-0.71276015,-1.894247,123
2c94898b655221f6f32b,data/plantvillage/raw/color/Apple___healthy/53ad897b-864f-414f-84e7-0ea0ce53fa1d___RS_HL 7273.JPG,healthy,0,g1481,s_reliability,reliability_train,gaussian_noise,610073413191036128,,,,0.04537245464377365,42,0,0,healthy,0,2.0894077,0.079367675,-3.7582822,123
2bd656c7dc901c1122f9,data/plantvillage/raw/color/Apple___healthy/53d09cc6-89ef-4180-a823-31c5f6566656___RS_HL 6070.JPG,healthy,0,g1483,s_reliability,reliability_val,original,,,,,,42,0,0,healthy,0,7.340567,-2.690635,-5.81485,123
16898e28ec1b96a206ed,data/plantvillage/raw/color/Apple___healthy/53d09cc6-89ef-4180-a823-31c5f6566656___RS_HL 6070.JPG,healthy,0,g1483,s_reliability,reliability_val,brightness,2238701526703798451,0.9671397929189355,,,,42,0,0,healthy,0,7.3065047,-2.6696503,-5.7873898,123
f82dc967932655c1299a,data/plantvillage/raw/color/Apple___healthy/53d09cc6-89ef-4180-a823-31c5f6566656___RS_HL 6070.JPG,healthy,0,g1483,s_reliability,reliability_val,contrast,9131374616145801325,,0.8754488242035272,,,42,0,0,healthy,0,6.791747,-2.5286434,-5.576952,123
1d3c836d40f0c57ba72f,data/plantvillage/raw/color/Apple___healthy/53d09cc6-89ef-4180-a823-31c5f6566656___RS_HL 6070.JPG,healthy,0,g1483,s_reliability,reliability_val,gaussian_blur,7887380826148214169,,,0.6645919905507529,,42,0,0,healthy,0,6.2031717,-2.6057718,-4.9923434,123
e617bf1827d6b439e722,data/plantvillage/raw/color/Apple___healthy/53d09cc6-89ef-4180-a823-31c5f6566656___RS_HL 6070.JPG,healthy,0,g1483,s_reliability,reliability_val,gaussian_noise,5120092060712034611,,,,0.026919448147694647,42,0,0,healthy,0,7.235371,-2.4180057,-6.075629,123
ce007dea7325d47b5b61,data/plantvillage/raw/color/Apple___healthy/54c9c89e-7cb7-4c1e-8bbe-f33ca90df541___RS_HL 7766.JPG,healthy,0,g1484,s_reliability,reliability_train,original,,,,,,42,0,0,healthy,0,5.8268228,-1.961871,-5.830341,123
0f9a861f97ffb55ba710,data/plantvillage/raw/color/Apple___healthy/54c9c89e-7cb7-4c1e-8bbe-f33ca90df541___RS_HL 7766.JPG,healthy,0,g1484,s_reliability,reliability_train,brightness,3068897504643314368,1.0400154455227972,,,,42,0,0,healthy,0,5.8226304,-1.9782225,-5.806292,123
d20258b401334e7dab6b,data/plantvillage/raw/color/Apple___healthy/54c9c89e-7cb7-4c1e-8bbe-f33ca90df541___RS_HL 7766.JPG,healthy,0,g1484,s_reliability,reliability_train,contrast,7704007147832224455,,1.0186487552692074,,,42,0,0,healthy,0,5.7910457,-1.9335483,-5.830491,123
74d4e3efc9297bc0b4f8,data/plantvillage/raw/color/Apple___healthy/54c9c89e-7cb7-4c1e-8bbe-f33ca90df541___RS_HL 7766.JPG,healthy,0,g1484,s_reliability,reliability_train,gaussian_blur,4755359280625894804,,,1.2583801313193592,,42,0,0,healthy,0,1.5346375,-1.7679406,-2.820389,123
f7272e9beb2446c3621c,data/plantvillage/raw/color/Apple___healthy/54c9c89e-7cb7-4c1e-8bbe-f33ca90df541___RS_HL 7766.JPG,healthy,0,g1484,s_reliability,reliability_train,gaussian_noise,4078785035294965766,,,,0.019052110458599177,42,0,0,healthy,0,5.828808,-1.9676148,-5.8614874,123
8996fdcb5eeb24d61c0c,data/plantvillage/raw/color/Apple___healthy/567114a3-0ce7-42e3-8245-ca6f3e27cf43___RS_HL 8001.JPG,healthy,0,g1497,s_reliability,reliability_train,original,,,,,,42,0,0,healthy,0,5.049175,-1.3235104,-5.441594,123
f351fc7adeaec1f6f825,data/plantvillage/raw/color/Apple___healthy/567114a3-0ce7-42e3-8245-ca6f3e27cf43___RS_HL 8001.JPG,healthy,0,g1497,s_reliability,reliability_train,brightness,8088162282007623705,0.959139249982941,,,,42,0,0,healthy,0,5.048291,-1.2743648,-5.484971,123
0be561fb3617cd1a7b92,data/plantvillage/raw/color/Apple___healthy/567114a3-0ce7-42e3-8245-ca6f3e27cf43___RS_HL 8001.JPG,healthy,0,g1497,s_reliability,reliability_train,contrast,7609225866446402016,,1.2847478078294174,,,42,0,0,healthy,0,5.5417037,-1.5187224,-5.66833,123
386f9c5885ba630fd613,data/plantvillage/raw/color/Apple___healthy/567114a3-0ce7-42e3-8245-ca6f3e27cf43___RS_HL 8001.JPG,healthy,0,g1497,s_reliability,reliability_train,gaussian_blur,7098207904840036793,,,0.5574318204788808,,42,0,0,healthy,0,3.5909011,-1.494724,-4.081279,123
cb626a0279ec13d1d38e,data/plantvillage/raw/color/Apple___healthy/567114a3-0ce7-42e3-8245-ca6f3e27cf43___RS_HL 8001.JPG,healthy,0,g1497,s_reliability,reliability_train,gaussian_noise,6256359453476808949,,,,0.049611426268527214,42,0,0,healthy,0,4.917383,-0.95116955,-5.7387233,123
36d2bd585c3fe6175296,data/plantvillage/raw/color/Apple___healthy/56c024f5-844e-47d0-a936-d1617219125c___RS_HL 7776.JPG,healthy,0,g1501,s_reliability,reliability_train,original,,,,,,42,0,0,healthy,0,3.385935,-2.6505857,-3.5791323,123
7228529e3248c4e8c412,data/plantvillage/raw/color/Apple___healthy/56c024f5-844e-47d0-a936-d1617219125c___RS_HL 7776.JPG,healthy,0,g1501,s_reliability,reliability_train,brightness,541501397559995801,0.785766551518446,,,,42,0,0,healthy,0,3.5674071,-2.7811062,-3.590302,123
9ffd65a6036aeee6e247,data/plantvillage/raw/color/Apple___healthy/56c024f5-844e-47d0-a936-d1617219125c___RS_HL 7776.JPG,healthy,0,g1501,s_reliability,reliability_train,contrast,4600129455390426382,,1.1112737157049173,,,42,0,0,healthy,0,3.3757305,-2.568006,-3.6314332,123
54d063f6555234211171,data/plantvillage/raw/color/Apple___healthy/56c024f5-844e-47d0-a936-d1617219125c___RS_HL 7776.JPG,healthy,0,g1501,s_reliability,reliability_train,gaussian_blur,1718581694196434915,,,1.0265063996198442,,42,0,0,healthy,0,1.0621958,-3.0630438,-1.101462,123
452bf42617ae5e755c82,data/plantvillage/raw/color/Apple___healthy/56c024f5-844e-47d0-a936-d1617219125c___RS_HL 7776.JPG,healthy,0,g1501,s_reliability,reliability_train,gaussian_noise,1856449655640038766,,,,0.026434035084449338,42,0,0,healthy,0,3.4170244,-2.6158836,-3.6050475,123
469b33f1abfea5c70f1b,data/plantvillage/raw/color/Apple___healthy/5820f6e9-8564-4b16-b548-4565567b07c0___RS_HL 7793.JPG,healthy,0,g1509,s_reliability,reliability_val,original,,,,,,42,0,0,healthy,0,6.0872583,-4.5232544,-3.315108,123
b5a00f29046fbe978373,data/plantvillage/raw/color/Apple___healthy/5820f6e9-8564-4b16-b548-4565567b07c0___RS_HL 7793.JPG,healthy,0,g1509,s_reliability,reliability_val,brightness,1665453520450782447,0.819205475262164,,,,42,0,0,healthy,0,6.008414,-4.3160214,-3.4767432,123
4c2ce6542dab16c00bd5,data/plantvillage/raw/color/Apple___healthy/5820f6e9-8564-4b16-b548-4565567b07c0___RS_HL 7793.JPG,healthy,0,g1509,s_reliability,reliability_val,contrast,9123031017387689301,,0.9425647822581287,,,42,0,0,healthy,0,6.0361805,-4.5467114,-3.2716076,123
6e532070482dcf39bfb9,data/plantvillage/raw/color/Apple___healthy/5820f6e9-8564-4b16-b548-4565567b07c0___RS_HL 7793.JPG,healthy,0,g1509,s_reliability,reliability_val,gaussian_blur,2729061760565039708,,,1.0213164996446853,,42,0,0,healthy,0,2.274848,-4.313489,-0.48268977,123
ada8c3210e7bb3a0b09c,data/plantvillage/raw/color/Apple___healthy/5820f6e9-8564-4b16-b548-4565567b07c0___RS_HL 7793.JPG,healthy,0,g1509,s_reliability,reliability_val,gaussian_noise,3656273056936406663,,,,0.031881224960282006,42,0,0,healthy,0,6.087134,-4.3658395,-3.4346113,123
d2bdfa398990bdc70fd0,data/plantvillage/raw/color/Apple___healthy/58bebbd8-1cfa-486b-86b3-64cf33697320___RS_HL 7651.JPG,healthy,0,g1512,s_reliability,reliability_val,original,,,,,,42,0,0,healthy,0,2.4252212,-0.6936544,-3.6373975,123
2c76eea49e4b2d8b6982,data/plantvillage/raw/color/Apple___healthy/58bebbd8-1cfa-486b-86b3-64cf33697320___RS_HL 7651.JPG,healthy,0,g1512,s_reliability,reliability_val,brightness,8318462555587832718,1.1105480448004454,,,,42,0,0,healthy,0,2.4120398,-0.71066517,-3.604804,123
d6518df1d3439fa1e613,data/plantvillage/raw/color/Apple___healthy/58bebbd8-1cfa-486b-86b3-64cf33697320___RS_HL 7651.JPG,healthy,0,g1512,s_reliability,reliability_val,contrast,3219539688727839685,,1.2878230273667106,,,42,0,0,healthy,0,2.1974587,-0.48463526,-3.774882,123
3b1d621caa12f185636b,data/plantvillage/raw/color/Apple___healthy/58bebbd8-1cfa-486b-86b3-64cf33697320___RS_HL 7651.JPG,healthy,0,g1512,s_reliability,reliability_val,gaussian_blur,3777490093566635183,,,0.9456380543459444,,42,0,0,healthy,0,0.3881262,-0.09065063,-2.4418623,123
11c2ab662ffd2b470083,data/plantvillage/raw/color/Apple___healthy/58bebbd8-1cfa-486b-86b3-64cf33697320___RS_HL 7651.JPG,healthy,0,g1512,s_reliability,reliability_val,gaussian_noise,9025296508272137029,,,,0.025173568652256263,42,0,0,healthy,0,2.7631993,-0.7837582,-3.7220943,123
938c47438d4e5a6da2c3,data/plantvillage/raw/color/Apple___healthy/5915bea7-aecc-4247-acfe-6e115e7c9836___RS_HL 7703.JPG,healthy,0,g1514,s_reliability,reliability_train,original,,,,,,42,0,0,healthy,0,4.2672625,-1.8337147,-3.9882393,123
b37fc6c9b843ec00cf68,data/plantvillage/raw/color/Apple___healthy/5915bea7-aecc-4247-acfe-6e115e7c9836___RS_HL 7703.JPG,healthy,0,g1514,s_reliability,reliability_train,brightness,4813658850703206446,0.8153170901584577,,,,42,0,0,healthy,0,4.267316,-1.959478,-3.8234773,123
d5fc3ac7eb6d01ba5e00,data/plantvillage/raw/color/Apple___healthy/5915bea7-aecc-4247-acfe-6e115e7c9836___RS_HL 7703.JPG,healthy,0,g1514,s_reliability,reliability_train,contrast,5539601601508599669,,1.2101504546396042,,,42,0,0,healthy,0,4.2236943,-1.6708686,-4.0715294,123
04aa4b7fca5f1db74ee6,data/plantvillage/raw/color/Apple___healthy/5915bea7-aecc-4247-acfe-6e115e7c9836___RS_HL 7703.JPG,healthy,0,g1514,s_reliability,reliability_train,gaussian_blur,1956446068504089844,,,0.8704087350923484,,42,0,0,healthy,0,2.3954782,-1.8713708,-2.304857,123
2191a8413de50c092e9d,data/plantvillage/raw/color/Apple___healthy/5915bea7-aecc-4247-acfe-6e115e7c9836___RS_HL 7703.JPG,healthy,0,g1514,s_reliability,reliability_train,gaussian_noise,878659319579690382,,,,0.04813666508467836,42,0,0,healthy,0,4.077946,-1.4252077,-4.255654,123
ff5ac91f5185a82379cc,data/plantvillage/raw/color/Apple___healthy/5a92a89d-a10e-423c-aed8-8505e04e15dc___RS_HL 7836.JPG,healthy,0,g1522,s_reliability,reliability_train,original,,,,,,42,0,0,healthy,0,5.223706,-0.32280496,-6.67238,123
e4d3f4288f4797f83ded,data/plantvillage/raw/color/Apple___healthy/5a92a89d-a10e-423c-aed8-8505e04e15dc___RS_HL 7836.JPG,healthy,0,g1522,s_reliability,reliability_train,brightness,1520830202213271353,0.7105541686127609,,,,42,0,0,healthy,0,4.9874206,-0.08221214,-6.628432,123
6f8352c8293a653d9e72,data/plantvillage/raw/color/Apple___healthy/5a92a89d-a10e-423c-aed8-8505e04e15dc___RS_HL 7836.JPG,healthy,0,g1522,s_reliability,reliability_train,contrast,7202220593507275012,,1.2666514892497158,,,42,0,0,healthy,0,5.301465,-0.38142738,-6.665877,123
2a6f91c403a4687e197a,data/plantvillage/raw/color/Apple___healthy/5a92a89d-a10e-423c-aed8-8505e04e15dc___RS_HL 7836.JPG,healthy,0,g1522,s_reliability,reliability_train,gaussian_blur,7586075286391560238,,,1.2198522228633966,,42,0,0,healthy,0,1.8844391,-0.28211537,-4.0818715,123
78d55e166b505600b09d,data/plantvillage/raw/color/Apple___healthy/5a92a89d-a10e-423c-aed8-8505e04e15dc___RS_HL 7836.JPG,healthy,0,g1522,s_reliability,reliability_train,gaussian_noise,2237914848724011583,,,,0.026075836441134287,42,0,0,healthy,0,5.1979575,-0.24407658,-6.756847,123
054c81d313b2df8743af,data/plantvillage/raw/color/Apple___healthy/5dba053d-d3b0-49b9-babc-4f1e8e7d3f59___RS_HL 6235.JPG,healthy,0,g1542,s_reliability,reliability_train,original,,,,,,42,0,0,healthy,0,6.4158435,-4.7175455,-3.713456,123
619b4b2bdefe6ccc496c,data/plantvillage/raw/color/Apple___healthy/5dba053d-d3b0-49b9-babc-4f1e8e7d3f59___RS_HL 6235.JPG,healthy,0,g1542,s_reliability,reliability_train,brightness,9180746232764080045,1.2735993753733963,,,,42,0,0,healthy,0,6.5438967,-4.5767536,-3.9680123,123
dae7a85ea32643a9c717,data/plantvillage/raw/color/Apple___healthy/5dba053d-d3b0-49b9-babc-4f1e8e7d3f59___RS_HL 6235.JPG,healthy,0,g1542,s_reliability,reliability_train,contrast,702612241584296332,,1.2713012610038763,,,42,0,0,healthy,0,6.693426,-4.734136,-3.9434147,123
7cd4245acce590c3f16c,data/plantvillage/raw/color/Apple___healthy/5dba053d-d3b0-49b9-babc-4f1e8e7d3f59___RS_HL 6235.JPG,healthy,0,g1542,s_reliability,reliability_train,gaussian_blur,6759611384020336553,,,1.4829724354902942,,42,0,0,healthy,0,1.5176625,-3.8126085,-1.3072771,123
d37cb5c853d26e00a5c7,data/plantvillage/raw/color/Apple___healthy/5dba053d-d3b0-49b9-babc-4f1e8e7d3f59___RS_HL 6235.JPG,healthy,0,g1542,s_reliability,reliability_train,gaussian_noise,6557061088614018559,,,,0.022804024882217944,42,0,0,healthy,0,6.1827593,-4.5068383,-3.7884412,123
f956f09b68034332ea2a,data/plantvillage/raw/color/Apple___healthy/5ded9dac-20e0-4e68-a202-43c6723c335d___RS_HL 6186.JPG,healthy,0,g1544,s_reliability,reliability_train,original,,,,,,42,0,0,healthy,0,4.3222566,-3.3242414,-2.4085,123
4e17249a1e92c4066c6a,data/plantvillage/raw/color/Apple___healthy/5ded9dac-20e0-4e68-a202-43c6723c335d___RS_HL 6186.JPG,healthy,0,g1544,s_reliability,reliability_train,brightness,6698776600177037617,0.8143449480241347,,,,42,0,0,healthy,0,4.2482753,-3.1465514,-2.5115857,123
4aa4fc2aad7c79e521f7,data/plantvillage/raw/color/Apple___healthy/5ded9dac-20e0-4e68-a202-43c6723c335d___RS_HL 6186.JPG,healthy,0,g1544,s_reliability,reliability_train,contrast,4555699789360588498,,1.0861282301536361,,,42,0,0,healthy,0,4.379901,-3.3212738,-2.428883,123
e2e76ecf5afe85c680cf,data/plantvillage/raw/color/Apple___healthy/5ded9dac-20e0-4e68-a202-43c6723c335d___RS_HL 6186.JPG,healthy,0,g1544,s_reliability,reliability_train,gaussian_blur,5398747873461211392,,,0.8078967758601332,,42,0,0,healthy,0,3.948954,-3.703901,-1.5648094,123
9386b3d69127f5b9a329,data/plantvillage/raw/color/Apple___healthy/5ded9dac-20e0-4e68-a202-43c6723c335d___RS_HL 6186.JPG,healthy,0,g1544,s_reliability,reliability_train,gaussian_noise,8453326461897653036,,,,0.016840170508898,42,0,0,healthy,0,4.3315496,-3.183584,-2.5168428,123
c4ad5cf92a746b9a48cc,data/plantvillage/raw/color/Apple___healthy/5fc41ba8-baf5-47ce-b6e5-3741dd3b154f___RS_HL 5965.JPG,healthy,0,g1555,s_reliability,reliability_val,original,,,,,,42,0,0,healthy,0,6.8026037,-3.497405,-4.751169,123
fd70d338c13b10c8b791,data/plantvillage/raw/color/Apple___healthy/5fc41ba8-baf5-47ce-b6e5-3741dd3b154f___RS_HL 5965.JPG,healthy,0,g1555,s_reliability,reliability_val,brightness,3848770044722356946,1.10300745867071,,,,42,0,0,healthy,0,6.8166523,-3.4578216,-4.8279066,123
1a340752d27e12a56021,data/plantvillage/raw/color/Apple___healthy/5fc41ba8-baf5-47ce-b6e5-3741dd3b154f___RS_HL 5965.JPG,healthy,0,g1555,s_reliability,reliability_val,contrast,6169332320879995814,,0.8130174467925076,,,42,0,0,healthy,0,6.6651297,-3.4299357,-4.718138,123
1656140c4f50cbbd15e0,data/plantvillage/raw/color/Apple___healthy/5fc41ba8-baf5-47ce-b6e5-3741dd3b154f___RS_HL 5965.JPG,healthy,0,g1555,s_reliability,reliability_val,gaussian_blur,6246565240410994486,,,1.357733801647408,,42,0,0,healthy,0,0.13663311,-2.6099377,-0.33144918,123
3bbecbcac8cd70e02279,data/plantvillage/raw/color/Apple___healthy/5fc41ba8-baf5-47ce-b6e5-3741dd3b154f___RS_HL 5965.JPG,healthy,0,g1555,s_reliability,reliability_val,gaussian_noise,1205591697574462902,,,,0.04527162978220524,42,0,0,healthy,0,6.8935246,-3.5246675,-4.8109703,123
2ff76cc02d31b6d26983,data/plantvillage/raw/color/Apple___healthy/60a20878-4945-491b-adff-ca8829824261___RS_HL 5847.JPG,healthy,0,g1565,s_reliability,reliability_train,original,,,,,,42,0,0,healthy,0,6.7037416,-1.7929367,-6.7971644,123
19dda0a523fdf8a26ccb,data/plantvillage/raw/color/Apple___healthy/60a20878-4945-491b-adff-ca8829824261___RS_HL 5847.JPG,healthy,0,g1565,s_reliability,reliability_train,brightness,9046161888782899406,1.0170575221227374,,,,42,0,0,healthy,0,6.7050924,-1.7858396,-6.796302,123
bcc373c4699b9e4d7f3c,data/plantvillage/raw/color/Apple___healthy/60a20878-4945-491b-adff-ca8829824261___RS_HL 5847.JPG,healthy,0,g1565,s_reliability,reliability_train,contrast,3744931820277286163,,1.0882339357678585,,,42,0,0,healthy,0,6.809633,-1.8303702,-6.8224483,123
6ec1dcebc5cff60e2330,data/plantvillage/raw/color/Apple___healthy/60a20878-4945-491b-adff-ca8829824261___RS_HL 5847.JPG,healthy,0,g1565,s_reliability,reliability_train,gaussian_blur,1496450909663397664,,,0.9015543741573525,,42,0,0,healthy,0,3.2606256,-1.5225534,-4.614871,123
8f0375e6fad2f280571a,data/plantvillage/raw/color/Apple___healthy/60a20878-4945-491b-adff-ca8829824261___RS_HL 5847.JPG,healthy,0,g1565,s_reliability,reliability_train,gaussian_noise,8009160448469391274,,,,0.03592810216359713,42,0,0,healthy,0,6.5719123,-1.320646,-7.2094603,123
23f8d4797274059e8237,data/plantvillage/raw/color/Apple___healthy/61697828-b645-4f07-844a-dc9902713d3e___RS_HL 7363.JPG,healthy,0,g1569,s_reliability,reliability_train,original,,,,,,42,0,0,healthy,0,6.4320374,-0.6914893,-7.4975376,123
3b30f5d3d82cd3ff45bb,data/plantvillage/raw/color/Apple___healthy/61697828-b645-4f07-844a-dc9902713d3e___RS_HL 7363.JPG,healthy,0,g1569,s_reliability,reliability_train,brightness,4553213890440796,0.7127740746881823,,,,42,0,0,healthy,0,5.404459,-0.40541694,-6.874999,123
4524708380c141fed925,data/plantvillage/raw/color/Apple___healthy/61697828-b645-4f07-844a-dc9902713d3e___RS_HL 7363.JPG,healthy,0,g1569,s_reliability,reliability_train,contrast,6118654058088136555,,0.846232134548017,,,42,0,0,healthy,0,5.90045,-0.5474884,-7.2321053,123
3d6cd6bc29e6b46e168e,data/plantvillage/raw/color/Apple___healthy/61697828-b645-4f07-844a-dc9902713d3e___RS_HL 7363.JPG,healthy,0,g1569,s_reliability,reliability_train,gaussian_blur,4507931789681029809,,,1.0979952126676378,,42,0,0,healthy,0,3.028914,-0.5810908,-4.617967,123
22b3007fa78dec978867,data/plantvillage/raw/color/Apple___healthy/61697828-b645-4f07-844a-dc9902713d3e___RS_HL 7363.JPG,healthy,0,g1569,s_reliability,reliability_train,gaussian_noise,8508861503649342078,,,,0.011897293378685765,42,0,0,healthy,0,6.3431997,-0.5734692,-7.5482607,123
c49d1d4eec350382346e,data/plantvillage/raw/color/Apple___healthy/62c6270f-9667-492e-be5b-ee599927718a___RS_HL 7671.JPG,healthy,0,g1578,s_reliability,reliability_train,original,,,,,,42,0,0,healthy,0,6.239132,-3.433775,-4.668772,123
e9cad67a53b689980929,data/plantvillage/raw/color/Apple___healthy/62c6270f-9667-492e-be5b-ee599927718a___RS_HL 7671.JPG,healthy,0,g1578,s_reliability,reliability_train,brightness,3206698903280183814,1.245658470833784,,,,42,0,0,healthy,0,6.5559106,-3.6738195,-4.608658,123
8e09095f1ea394ce1d6c,data/plantvillage/raw/color/Apple___healthy/62c6270f-9667-492e-be5b-ee599927718a___RS_HL 7671.JPG,healthy,0,g1578,s_reliability,reliability_train,contrast,311215401289934020,,1.1893121180558888,,,42,0,0,healthy,0,6.5099382,-3.332137,-5.002972,123
3d6cabd1965c61f4ba93,data/plantvillage/raw/color/Apple___healthy/62c6270f-9667-492e-be5b-ee599927718a___RS_HL 7671.JPG,healthy,0,g1578,s_reliability,reliability_train,gaussian_blur,6778085851040425589,,,0.5240264129173925,,42,0,0,healthy,0,5.1183267,-3.7031918,-3.4089215,123
ef0c2c66442614a48177,data/plantvillage/raw/color/Apple___healthy/62c6270f-9667-492e-be5b-ee599927718a___RS_HL 7671.JPG,healthy,0,g1578,s_reliability,reliability_train,gaussian_noise,7145615940980829406,,,,0.03255935120826167,42,0,0,healthy,0,6.201317,-3.1302826,-4.946182,123
4cee15cc085844ed827d,data/plantvillage/raw/color/Apple___healthy/62e8755e-c7c8-4eb9-b937-4dd4f1e14723___RS_HL 7339.JPG,healthy,0,g1580,s_reliability,reliability_train,original,,,,,,42,0,0,healthy,0,3.066516,-0.8125974,-4.611849,123
acbd83199f2449fa3685,data/plantvillage/raw/color/Apple___healthy/62e8755e-c7c8-4eb9-b937-4dd4f1e14723___RS_HL 7339.JPG,healthy,0,g1580,s_reliability,reliability_train,brightness,4474030306595499517,0.8232739501173341,,,,42,0,0,healthy,0,2.4584987,-0.6363264,-4.410515,123
251de5703dc1540228c9,data/plantvillage/raw/color/Apple___healthy/62e8755e-c7c8-4eb9-b937-4dd4f1e14723___RS_HL 7339.JPG,healthy,0,g1580,s_reliability,reliability_train,contrast,1785614443469663418,,1.2044977120316895,,,42,0,0,healthy,0,2.7668905,-0.8585816,-4.474606,123
0ffc42a93aeb55d70c4a,data/plantvillage/raw/color/Apple___healthy/62e8755e-c7c8-4eb9-b937-4dd4f1e14723___RS_HL 7339.JPG,healthy,0,g1580,s_reliability,reliability_train,gaussian_blur,3187969662926004872,,,1.3302162597939335,,42,0,0,healthy,0,0.06723122,-0.8465246,-2.0800095,123
90789847eb6006f8bd6b,data/plantvillage/raw/color/Apple___healthy/62e8755e-c7c8-4eb9-b937-4dd4f1e14723___RS_HL 7339.JPG,healthy,0,g1580,s_reliability,reliability_train,gaussian_noise,2583743789454976824,,,,0.014228341233709751,42,0,0,healthy,0,3.042106,-0.8216713,-4.577878,123
5705d8f7a99cc4f30577,data/plantvillage/raw/color/Apple___healthy/643e172f-02bf-4021-9587-6cfd21c8a344___RS_HL 6053.JPG,healthy,0,g1586,s_reliability,reliability_train,original,,,,,,42,0,0,healthy,0,5.5939555,-3.4502335,-3.5262907,123
7d29655d52d5290a7502,data/plantvillage/raw/color/Apple___healthy/643e172f-02bf-4021-9587-6cfd21c8a344___RS_HL 6053.JPG,healthy,0,g1586,s_reliability,reliability_train,brightness,4027836987365189007,0.9665707600829745,,,,42,0,0,healthy,0,5.5961742,-3.459615,-3.5137439,123
e697b07c76b3ee510a65,data/plantvillage/raw/color/Apple___healthy/643e172f-02bf-4021-9587-6cfd21c8a344___RS_HL 6053.JPG,healthy,0,g1586,s_reliability,reliability_train,contrast,4480820476796363203,,0.7843017752131747,,,42,0,0,healthy,0,5.1392593,-3.3357995,-3.2682238,123
121e7c2bdcd578b7c174,data/plantvillage/raw/color/Apple___healthy/643e172f-02bf-4021-9587-6cfd21c8a344___RS_HL 6053.JPG,healthy,0,g1586,s_reliability,reliability_train,gaussian_blur,879020309806117943,,,1.1066442153148397,,42,0,0,healthy,0,3.7489328,-3.4178789,-1.7570171,123
056c24f0b793a27728cf,data/plantvillage/raw/color/Apple___healthy/643e172f-02bf-4021-9587-6cfd21c8a344___RS_HL 6053.JPG,healthy,0,g1586,s_reliability,reliability_train,gaussian_noise,1742599745733844233,,,,0.0340727072399673,42,0,0,healthy,0,5.4418445,-3.2077394,-3.5720382,123
d50ce1f515dc67c06d93,data/plantvillage/raw/color/Apple___healthy/65a6866e-a6ea-46d5-a8ca-413f98cd8b7a___RS_HL 5817.JPG,healthy,0,g1591,s_reliability,reliability_train,original,,,,,,42,0,0,healthy,0,4.902914,-1.7892504,-4.958524,123
1950a4a8f36b62454194,data/plantvillage/raw/color/Apple___healthy/65a6866e-a6ea-46d5-a8ca-413f98cd8b7a___RS_HL 5817.JPG,healthy,0,g1591,s_reliability,reliability_train,brightness,983194984890588393,0.9465294319501985,,,,42,0,0,healthy,0,4.711175,-1.694906,-4.8893585,123
c612d4ece9858e73f831,data/plantvillage/raw/color/Apple___healthy/65a6866e-a6ea-46d5-a8ca-413f98cd8b7a___RS_HL 5817.JPG,healthy,0,g1591,s_reliability,reliability_train,contrast,7734915965148239532,,0.812220154377498,,,42,0,0,healthy,0,4.3068223,-1.3744243,-5.050464,123
f2d5c9c4593efe0082ca,data/plantvillage/raw/color/Apple___healthy/65a6866e-a6ea-46d5-a8ca-413f98cd8b7a___RS_HL 5817.JPG,healthy,0,g1591,s_reliability,reliability_train,gaussian_blur,7351807212792895188,,,1.4036627690165902,,42,0,0,healthy,0,1.8846781,-2.3172064,-1.7734675,123
f96c152e64dbeb31e81b,data/plantvillage/raw/color/Apple___healthy/65a6866e-a6ea-46d5-a8ca-413f98cd8b7a___RS_HL 5817.JPG,healthy,0,g1591,s_reliability,reliability_train,gaussian_noise,1802616994174151263,,,,0.015917843262082468,42,0,0,healthy,0,4.9515095,-1.6731153,-5.089454,123
8280201ccfa571f3c75f,data/plantvillage/raw/color/Apple___healthy/682b3d72-607f-404f-b9e8-48acc1574f41___RS_HL 7419.JPG,healthy,0,g1604,s_reliability,reliability_val,original,,,,,,42,0,0,healthy,0,4.6704597,-2.6937292,-3.9975734,123
31b0ed1cfaae953027e1,data/plantvillage/raw/color/Apple___healthy/682b3d72-607f-404f-b9e8-48acc1574f41___RS_HL 7419.JPG,healthy,0,g1604,s_reliability,reliability_val,brightness,3042372791019992581,1.2285266294556647,,,,42,0,0,healthy,0,5.162993,-3.108517,-3.9263003,123
493798e82e94ea95a3f0,data/plantvillage/raw/color/Apple___healthy/682b3d72-607f-404f-b9e8-48acc1574f41___RS_HL 7419.JPG,healthy,0,g1604,s_reliability,reliability_val,contrast,5457156303165301251,,1.0038784156727072,,,42,0,0,healthy,0,4.7750273,-2.7269096,-4.041139,123
0eb905bcff918e081ab1,data/plantvillage/raw/color/Apple___healthy/682b3d72-607f-404f-b9e8-48acc1574f41___RS_HL 7419.JPG,healthy,0,g1604,s_reliability,reliability_val,gaussian_blur,8273758236353462374,,,0.8389809067335718,,42,0,0,healthy,0,3.0804515,-2.4191828,-2.7335207,123
26542484c30b2bb9d8b2,data/plantvillage/raw/color/Apple___healthy/682b3d72-607f-404f-b9e8-48acc1574f41___RS_HL 7419.JPG,healthy,0,g1604,s_reliability,reliability_val,gaussian_noise,4486354613231312511,,,,0.01878348383651072,42,0,0,healthy,0,4.9287596,-2.9375148,-3.9391496,123
fee2aaa8b11fa594f92c,data/plantvillage/raw/color/Apple___healthy/688b1671-7399-46a1-b93e-53b11cf210f7___RS_HL 7842.JPG,healthy,0,g1608,s_reliability,reliability_train,original,,,,,,42,0,0,healthy,0,4.9538937,-3.0618157,-3.5227063,123
d01c406f4322d49de387,data/plantvillage/raw/color/Apple___healthy/688b1671-7399-46a1-b93e-53b11cf210f7___RS_HL 7842.JPG,healthy,0,g1608,s_reliability,reliability_train,brightness,2676501946423293547,1.2236224507668134,,,,42,0,0,healthy,0,4.952914,-2.5381234,-3.91145,123
d04883df8f4af14b1a23,data/plantvillage/raw/color/Apple___healthy/688b1671-7399-46a1-b93e-53b11cf210f7___RS_HL 7842.JPG,healthy,0,g1608,s_reliability,reliability_train,contrast,635364943235897498,,0.8023841006687206,,,42,0,0,healthy,0,4.753051,-2.9244344,-3.5992675,123
23d520f215f2441092ef,data/plantvillage/raw/color/Apple___healthy/688b1671-7399-46a1-b93e-53b11cf210f7___RS_HL 7842.JPG,healthy,0,g1608,s_reliability,reliability_train,gaussian_blur,3547875458991845162,,,0.8340288240771796,,42,0,0,healthy,0,1.877656,-2.797662,-1.4101735,123
d1a93b268d4ca16100e3,data/plantvillage/raw/color/Apple___healthy/688b1671-7399-46a1-b93e-53b11cf210f7___RS_HL 7842.JPG,healthy,0,g1608,s_reliability,reliability_train,gaussian_noise,2901055583425020879,,,,0.03235823905491634,42,0,0,healthy,0,4.987044,-3.158469,-3.5017352,123
c8f4b75f4a1a13f606e4,data/plantvillage/raw/color/Apple___healthy/6b11324f-6b70-40d7-9cd2-f7d36b0c69cd___RS_HL 7431.JPG,healthy,0,g1624,s_reliability,reliability_train,original,,,,,,42,0,0,healthy,0,4.5032444,-2.0069156,-4.12339,123
a318574085db3bda0606,data/plantvillage/raw/color/Apple___healthy/6b11324f-6b70-40d7-9cd2-f7d36b0c69cd___RS_HL 7431.JPG,healthy,0,g1624,s_reliability,reliability_train,brightness,3868479921522050785,0.947207896660402,,,,42,0,0,healthy,0,4.442171,-1.9208581,-4.1925755,123
f86d4cf6748724983edb,data/plantvillage/raw/color/Apple___healthy/6b11324f-6b70-40d7-9cd2-f7d36b0c69cd___RS_HL 7431.JPG,healthy,0,g1624,s_reliability,reliability_train,contrast,858441112036798557,,0.8741820402882413,,,42,0,0,healthy,0,3.8123095,-1.3511753,-4.194377,123
40d58ec51a076a6b5611,data/plantvillage/raw/color/Apple___healthy/6b11324f-6b70-40d7-9cd2-f7d36b0c69cd___RS_HL 7431.JPG,healthy,0,g1624,s_reliability,reliability_train,gaussian_blur,4454891848424644955,,,0.5717394462692422,,42,0,0,healthy,0,3.2804434,-2.1827548,-3.012708,123
f756ef0483e0fb8dcfe0,data/plantvillage/raw/color/Apple___healthy/6b11324f-6b70-40d7-9cd2-f7d36b0c69cd___RS_HL 7431.JPG,healthy,0,g1624,s_reliability,reliability_train,gaussian_noise,6571650671872303284,,,,0.021041112580680386,42,0,0,healthy,0,4.601245,-2.0120852,-4.186079,123
6c6b86b430b397df3ae8,data/plantvillage/raw/color/Apple___healthy/6dd6bf2b-b606-46fd-af76-6c9166c7d626___RS_HL 7276.JPG,healthy,0,g1630,s_reliability,reliability_train,original,,,,,,42,0,0,healthy,0,2.3672912,0.5800708,-4.923318,123
30d2a739863c3c07dd31,data/plantvillage/raw/color/Apple___healthy/6dd6bf2b-b606-46fd-af76-6c9166c7d626___RS_HL 7276.JPG,healthy,0,g1630,s_reliability,reliability_train,brightness,7121332562574220602,0.9255306096609139,,,,42,0,0,healthy,0,2.189181,0.60055953,-4.852587,123
46a9fed817f082bbdefb,data/plantvillage/raw/color/Apple___healthy/6dd6bf2b-b606-46fd-af76-6c9166c7d626___RS_HL 7276.JPG,healthy,0,g1630,s_reliability,reliability_train,contrast,8719202720325631914,,0.9397585220552213,,,42,0,0,healthy,0,2.3015883,0.53260905,-4.881632,123
2106e7b76e2cddae2c40,data/plantvillage/raw/color/Apple___healthy/6dd6bf2b-b606-46fd-af76-6c9166c7d626___RS_HL 7276.JPG,healthy,0,g1630,s_reliability,reliability_train,gaussian_blur,2129392217765690931,,,0.6750079551887821,,42,0,0,healthy,0,0.979791,0.17383333,-3.3582218,123
5e5cbdb026e2e0bb2f20,data/plantvillage/raw/color/Apple___healthy/6dd6bf2b-b606-46fd-af76-6c9166c7d626___RS_HL 7276.JPG,healthy,0,g1630,s_reliability,reliability_train,gaussian_noise,3965098531213667549,,,,0.032511991364121744,42,0,0,healthy,0,2.3489316,0.83593374,-5.0934043,123
62637f3e874bba88e8b8,data/plantvillage/raw/color/Apple___healthy/7007d57a-a05a-41b5-a80f-9fe33debaf1a___RS_HL 7354.JPG,healthy,0,g1639,s_reliability,reliability_train,original,,,,,,42,0,0,healthy,0,5.9699492,-2.903542,-4.6848755,123
5552cc9a0ab4a9519c21,data/plantvillage/raw/color/Apple___healthy/7007d57a-a05a-41b5-a80f-9fe33debaf1a___RS_HL 7354.JPG,healthy,0,g1639,s_reliability,reliability_train,brightness,2071621706127865055,1.215981187750525,,,,42,0,0,healthy,0,5.9174204,-3.140474,-4.4140863,123
a23db5daf89d8b333b30,data/plantvillage/raw/color/Apple___healthy/7007d57a-a05a-41b5-a80f-9fe33debaf1a___RS_HL 7354.JPG,healthy,0,g1639,s_reliability,reliability_train,contrast,8861365151044404140,,0.9904059655569724,,,42,0,0,healthy,0,5.8926,-2.8747103,-4.6519685,123
a0be6866ea8af0b90e2d,data/plantvillage/raw/color/Apple___healthy/7007d57a-a05a-41b5-a80f-9fe33debaf1a___RS_HL 7354.JPG,healthy,0,g1639,s_reliability,reliability_train,gaussian_blur,2887271617519179745,,,1.1152802214830588,,42,0,0,healthy,0,2.0898178,-2.3756318,-1.9779938,123
e10ba82cd3ebdf87a0b3,data/plantvillage/raw/color/Apple___healthy/7007d57a-a05a-41b5-a80f-9fe33debaf1a___RS_HL 7354.JPG,healthy,0,g1639,s_reliability,reliability_train,gaussian_noise,3878149075681198178,,,,0.02916067136295307,42,0,0,healthy,0,6.17125,-2.9715095,-4.7783904,123
7dfab821c1213630343d,data/plantvillage/raw/color/Apple___healthy/70491e38-2a9e-4fb7-9ab5-dfa49d46b202___RS_HL 7758.JPG,healthy,0,g1640,s_reliability,reliability_train,original,,,,,,42,0,0,healthy,0,6.394199,-3.1113534,-5.06248,123
2a265d5cdf76b91132a9,data/plantvillage/raw/color/Apple___healthy/70491e38-2a9e-4fb7-9ab5-dfa49d46b202___RS_HL 7758.JPG,healthy,0,g1640,s_reliability,reliability_train,brightness,8787338008446775969,0.9260242709492961,,,,42,0,0,healthy,0,6.1366925,-2.987034,-5.013823,123
d14e3124e25be18b90a2,data/plantvillage/raw/color/Apple___healthy/70491e38-2a9e-4fb7-9ab5-dfa49d46b202___RS_HL 7758.JPG,healthy,0,g1640,s_reliability,reliability_train,contrast,3617451204796488155,,1.0359099625955137,,,42,0,0,healthy,0,6.4049134,-3.0581052,-5.115766,123
c5d8ceef5466db6213c4,data/plantvillage/raw/color/Apple___healthy/70491e38-2a9e-4fb7-9ab5-dfa49d46b202___RS_HL 7758.JPG,healthy,0,g1640,s_reliability,reliability_train,gaussian_blur,4638972763124595631,,,0.6834035612170918,,42,0,0,healthy,0,4.1994143,-2.95087,-3.3514955,123
d9867d0deabf61d6bbaa,data/plantvillage/raw/color/Apple___healthy/70491e38-2a9e-4fb7-9ab5-dfa49d46b202___RS_HL 7758.JPG,healthy,0,g1640,s_reliability,reliability_train,gaussian_noise,4501340090217783592,,,,0.020263412973000577,42,0,0,healthy,0,6.4115443,-3.0174897,-5.1851096,123
db76304e141648d6bb0f,data/plantvillage/raw/color/Apple___healthy/74bda678-63b6-44fb-8e8f-259788239618___RS_HL 5830.JPG,healthy,0,g1666,s_reliability,reliability_val,original,,,,,,42,0,0,healthy,0,4.2081347,-0.111658655,-5.7943063,123
25599d7bd9bd9252ad55,data/plantvillage/raw/color/Apple___healthy/74bda678-63b6-44fb-8e8f-259788239618___RS_HL 5830.JPG,healthy,0,g1666,s_reliability,reliability_val,brightness,8354729676495637886,1.207860540290557,,,,42,0,0,healthy,0,4.2343183,-0.23913658,-5.7772346,123
1e8ac5cf52c3d3498b67,data/plantvillage/raw/color/Apple___healthy/74bda678-63b6-44fb-8e8f-259788239618___RS_HL 5830.JPG,healthy,0,g1666,s_reliability,reliability_val,contrast,7522526750397469942,,0.8785054656281108,,,42,0,0,healthy,0,4.293769,-0.23940432,-5.7739687,123
6cf4101d8888838bd75c,data/plantvillage/raw/color/Apple___healthy/74bda678-63b6-44fb-8e8f-259788239618___RS_HL 5830.JPG,healthy,0,g1666,s_reliability,reliability_val,gaussian_blur,2164098246229587426,,,0.7293104970803048,,42,0,0,healthy,0,3.1790445,-1.0749243,-4.1644807,123
6fe2dd462393deb9b7dc,data/plantvillage/raw/color/Apple___healthy/74bda678-63b6-44fb-8e8f-259788239618___RS_HL 5830.JPG,healthy,0,g1666,s_reliability,reliability_val,gaussian_noise,5234303615009274950,,,,0.04604918583585833,42,0,0,healthy,0,4.8435497,-0.07823556,-6.3076215,123
bfc3c3347abccaa0eb40,data/plantvillage/raw/color/Apple___healthy/7671e6ca-f9a9-4657-a96a-1bcf0df3abe7___RS_HL 6231.JPG,healthy,0,g1683,s_reliability,reliability_train,original,,,,,,42,0,0,healthy,0,5.346298,-1.8734455,-4.628079,123
40a22dd7529c975fdc29,data/plantvillage/raw/color/Apple___healthy/7671e6ca-f9a9-4657-a96a-1bcf0df3abe7___RS_HL 6231.JPG,healthy,0,g1683,s_reliability,reliability_train,brightness,2568053198855927744,1.06684715511878,,,,42,0,0,healthy,0,5.43189,-1.9023217,-4.727364,123
67e7c638f3e23db0a7b7,data/plantvillage/raw/color/Apple___healthy/7671e6ca-f9a9-4657-a96a-1bcf0df3abe7___RS_HL 6231.JPG,healthy,0,g1683,s_reliability,reliability_train,contrast,6087336636125829222,,0.8965795062677628,,,42,0,0,healthy,0,5.0903397,-1.7383504,-4.607897,123
0dad5db4b05ad8de7ffb,data/plantvillage/raw/color/Apple___healthy/7671e6ca-f9a9-4657-a96a-1bcf0df3abe7___RS_HL 6231.JPG,healthy,0,g1683,s_reliability,reliability_train,gaussian_blur,2241253917325606941,,,0.5571744632299291,,42,0,0,healthy,0,5.068509,-1.725188,-4.3079686,123
41f98bf85b9cf03036f5,data/plantvillage/raw/color/Apple___healthy/7671e6ca-f9a9-4657-a96a-1bcf0df3abe7___RS_HL 6231.JPG,healthy,0,g1683,s_reliability,reliability_train,gaussian_noise,5941119765925625453,,,,0.03920457942774523,42,0,0,healthy,0,4.9842525,-1.6224139,-4.6384254,123
66bab726da9a4c70b642,data/plantvillage/raw/color/Apple___healthy/77273304-be77-4b74-a4ed-cd42826f4635___RS_HL 8178.JPG,healthy,0,g1689,s_reliability,reliability_train,original,,,,,,42,0,0,healthy,0,3.9684904,-2.901579,-3.3797176,123
56350bfe255c9866cc9b,data/plantvillage/raw/color/Apple___healthy/77273304-be77-4b74-a4ed-cd42826f4635___RS_HL 8178.JPG,healthy,0,g1689,s_reliability,reliability_train,brightness,925772265463839786,0.8789070931289287,,,,42,0,0,healthy,0,3.663373,-2.7071035,-3.304126,123
956427552dc5c5856662,data/plantvillage/raw/color/Apple___healthy/77273304-be77-4b74-a4ed-cd42826f4635___RS_HL 8178.JPG,healthy,0,g1689,s_reliability,reliability_train,contrast,5668153979025068303,,0.8086133881916739,,,42,0,0,healthy,0,3.2357967,-2.5693123,-3.0344353,123
a8a803a3519dca51b3e6,data/plantvillage/raw/color/Apple___healthy/77273304-be77-4b74-a4ed-cd42826f4635___RS_HL 8178.JPG,healthy,0,g1689,s_reliability,reliability_train,gaussian_blur,1824845727553203789,,,0.966528495953287,,42,0,0,healthy,0,1.5613406,-3.1884706,-1.0361967,123
bdaf035f59b1ca00dbf5,data/plantvillage/raw/color/Apple___healthy/77273304-be77-4b74-a4ed-cd42826f4635___RS_HL 8178.JPG,healthy,0,g1689,s_reliability,reliability_train,gaussian_noise,721288192030575115,,,,0.027337485524234505,42,0,0,healthy,0,4.539891,-3.037102,-3.6648598,123
be341a1d2f52c5bbb3a2,data/plantvillage/raw/color/Apple___healthy/772e7314-c24e-4126-aa12-224b27098319___RS_HL 5663.JPG,healthy,0,g1690,s_reliability,reliability_train,original,,,,,,42,0,0,healthy,0,5.0435605,-0.729629,-7.1157947,123
25a0e74764d512b36044,data/plantvillage/raw/color/Apple___healthy/772e7314-c24e-4126-aa12-224b27098319___RS_HL 5663.JPG,healthy,0,g1690,s_reliability,reliability_train,brightness,6525611451130918285,1.2739090785046931,,,,42,0,0,healthy,0,5.3221297,-1.1079701,-6.966238,123
497cd4fca83db3274031,data/plantvillage/raw/color/Apple___healthy/772e7314-c24e-4126-aa12-224b27098319___RS_HL 5663.JPG,healthy,0,g1690,s_reliability,reliability_train,contrast,6541153134783984717,,0.9159047233775282,,,42,0,0,healthy,0,4.7666492,-0.59810346,-7.0148854,123
54bbb9d2481014bf7007,data/plantvillage/raw/color/Apple___healthy/772e7314-c24e-4126-aa12-224b27098319___RS_HL 5663.JPG,healthy,0,g1690,s_reliability,reliability_train,gaussian_blur,1053296519042487790,,,0.6803326294852688,,42,0,0,healthy,0,3.8359241,-1.3412302,-5.3812943,123
1ec12cd43eceab816d2d,data/plantvillage/raw/color/Apple___healthy/772e7314-c24e-4126-aa12-224b27098319___RS_HL 5663.JPG,healthy,0,g1690,s_reliability,reliability_train,gaussian_noise,8641491889984266806,,,,0.026246528427929947,42,0,0,healthy,0,5.633692,-0.93907166,-7.3415856,123
acf2add78aa95fcb4789,data/plantvillage/raw/color/Apple___healthy/777d6fd1-feb3-4dac-afa7-79b507d48ffa___RS_HL 5859.JPG,healthy,0,g1692,s_reliability,reliability_train,original,,,,,,42,0,0,healthy,0,4.066494,-1.1706818,-5.1621985,123
036e9327bb71a85d2704,data/plantvillage/raw/color/Apple___healthy/777d6fd1-feb3-4dac-afa7-79b507d48ffa___RS_HL 5859.JPG,healthy,0,g1692,s_reliability,reliability_train,brightness,510693475742337781,0.9988266236926207,,,,42,0,0,healthy,0,4.1200027,-1.1896834,-5.1678677,123
48ba290ab0c1b0720c8c,data/plantvillage/raw/color/Apple___healthy/777d6fd1-feb3-4dac-afa7-79b507d48ffa___RS_HL 5859.JPG,healthy,0,g1692,s_reliability,reliability_train,contrast,7229913262090452369,,1.0155887063914888,,,42,0,0,healthy,0,4.1853905,-1.2173221,-5.1894693,123
724b7709a4c8d2857cfd,data/plantvillage/raw/color/Apple___healthy/777d6fd1-feb3-4dac-afa7-79b507d48ffa___RS_HL 5859.JPG,healthy,0,g1692,s_reliability,reliability_train,gaussian_blur,1065079050517430028,,,0.6128414056768683,,42,0,0,healthy,0,2.6182597,-1.0168277,-4.0571976,123
9c31736c3d3776292b0a,data/plantvillage/raw/color/Apple___healthy/777d6fd1-feb3-4dac-afa7-79b507d48ffa___RS_HL 5859.JPG,healthy,0,g1692,s_reliability,reliability_train,gaussian_noise,6202070551490669704,,,,0.03831151589816529,42,0,0,healthy,0,4.3461566,-1.2065439,-5.2869477,123
f5dfb6ff4ac84392e939,data/plantvillage/raw/color/Apple___healthy/77dcceb4-6a47-42b6-837a-0b60999cd2d1___RS_HL 7471.JPG,healthy,0,g1698,s_reliability,reliability_train,original,,,,,,42,0,0,healthy,0,4.7958508,-1.2991576,-4.7788,123
1e12493cc372f36ee5c9,data/plantvillage/raw/color/Apple___healthy/77dcceb4-6a47-42b6-837a-0b60999cd2d1___RS_HL 7471.JPG,healthy,0,g1698,s_reliability,reliability_train,brightness,1970191286625249840,1.1072611014568954,,,,42,0,0,healthy,0,5.1125536,-1.4381456,-4.750351,123
7042567355dd393e5edc,data/plantvillage/raw/color/Apple___healthy/77dcceb4-6a47-42b6-837a-0b60999cd2d1___RS_HL 7471.JPG,healthy,0,g1698,s_reliability,reliability_train,contrast,7203960130090820988,,1.1945294529388388,,,42,0,0,healthy,0,4.2970777,-1.2201082,-4.430714,123
e727b38dca4ec2cbafcc,data/plantvillage/raw/color/Apple___healthy/77dcceb4-6a47-42b6-837a-0b60999cd2d1___RS_HL 7471.JPG,healthy,0,g1698,s_reliability,reliability_train,gaussian_blur,3269117759306177396,,,1.149139426924851,,42,0,0,healthy,0,0.4404459,-0.76266974,-1.7740815,123
4f72d7145d4e20122118,data/plantvillage/raw/color/Apple___healthy/77dcceb4-6a47-42b6-837a-0b60999cd2d1___RS_HL 7471.JPG,healthy,0,g1698,s_reliability,reliability_train,gaussian_noise,2868177552483715581,,,,0.035047558001354236,42,0,0,healthy,0,4.7277136,-1.1689091,-4.9263835,123
b7562aaa635bccb621b5,data/plantvillage/raw/color/Apple___healthy/7a5ad785-c05e-49bd-b1e0-4d9405bedfb5___RS_HL 7804.JPG,healthy,0,g1712,s_reliability,reliability_train,original,,,,,,42,0,0,healthy,0,4.1908574,-2.0567698,-3.77995,123
2c5313ff155ecf26238f,data/plantvillage/raw/color/Apple___healthy/7a5ad785-c05e-49bd-b1e0-4d9405bedfb5___RS_HL 7804.JPG,healthy,0,g1712,s_reliability,reliability_train,brightness,1604897318618125669,1.1220735716507304,,,,42,0,0,healthy,0,4.593049,-2.3522034,-3.8135407,123
339b645169bf594abf4e,data/plantvillage/raw/color/Apple___healthy/7a5ad785-c05e-49bd-b1e0-4d9405bedfb5___RS_HL 7804.JPG,healthy,0,g1712,s_reliability,reliability_train,contrast,8397058424270068818,,0.8098436377224171,,,42,0,0,healthy,0,3.533473,-1.851091,-3.4552453,123
7f7e582bca0d3f030262,data/plantvillage/raw/color/Apple___healthy/7a5ad785-c05e-49bd-b1e0-4d9405bedfb5___RS_HL 7804.JPG,healthy,0,g1712,s_reliability,reliability_train,gaussian_blur,9219420852774414020,,,0.5290412297267945,,42,0,0,healthy,0,3.6585987,-2.4951825,-2.846714,123
c1ddd21cfa764084aca3,data/plantvillage/raw/color/Apple___healthy/7a5ad785-c05e-49bd-b1e0-4d9405bedfb5___RS_HL 7804.JPG,healthy,0,g1712,s_reliability,reliability_train,gaussian_noise,6280340153829253972,,,,0.04609581619717097,42,0,0,healthy,0,3.9720852,-1.3428841,-4.2493553,123
5cb2b78374c622dcf48c,data/plantvillage/raw/color/Apple___healthy/7c388477-2953-4b3d-8f22-7f9eed5fff5c___RS_HL 7527.JPG,healthy,0,g1725,s_reliability,reliability_train,original,,,,,,42,0,0,healthy,0,5.39121,-1.0633571,-5.7613955,123
147cd5de1bf9b287a210,data/plantvillage/raw/color/Apple___healthy/7c388477-2953-4b3d-8f22-7f9eed5fff5c___RS_HL 7527.JPG,healthy,0,g1725,s_reliability,reliability_train,brightness,3223485374606188688,1.2041985876420518,,,,42,0,0,healthy,0,5.219142,-0.54930615,-6.0011177,123
d6dc56ba293941b21aa4,data/plantvillage/raw/color/Apple___healthy/7c388477-2953-4b3d-8f22-7f9eed5fff5c___RS_HL 7527.JPG,healthy,0,g1725,s_reliability,reliability_train,contrast,5571053278352681525,,0.7757712870291704,,,42,0,0,healthy,0,6.039758,-1.8902392,-5.348835,123
2a8cbada13c42f5a90b1,data/plantvillage/raw/color/Apple___healthy/7c388477-2953-4b3d-8f22-7f9eed5fff5c___RS_HL 7527.JPG,healthy,0,g1725,s_reliability,reliability_train,gaussian_blur,6667656703383072614,,,1.09603715371721,,42,0,0,healthy,0,2.69112,-1.9269238,-2.681658,123
ce53806a886069f06217,data/plantvillage/raw/color/Apple___healthy/7c388477-2953-4b3d-8f22-7f9eed5fff5c___RS_HL 7527.JPG,healthy,0,g1725,s_reliability,reliability_train,gaussian_noise,7822252749604465707,,,,0.03575452947350419,42,0,0,healthy,0,5.0642285,-0.6697939,-5.8591614,123
440f1eb228743354fed7,data/plantvillage/raw/color/Apple___healthy/7ea27d6d-f7a0-44b3-b6a2-f24455deb48b___RS_HL 7589.JPG,healthy,0,g1736,s_reliability,reliability_val,original,,,,,,42,0,0,healthy,0,6.4502945,-4.088302,-3.9141016,123
2734ca607fd70455034e,data/plantvillage/raw/color/Apple___healthy/7ea27d6d-f7a0-44b3-b6a2-f24455deb48b___RS_HL 7589.JPG,healthy,0,g1736,s_reliability,reliability_val,brightness,8461396108859844478,0.7365126531468182,,,,42,0,0,healthy,0,6.669966,-4.0061855,-4.0244346,123
cef48b3577dc5e0a01e3,data/plantvillage/raw/color/Apple___healthy/7ea27d6d-f7a0-44b3-b6a2-f24455deb48b___RS_HL 7589.JPG,healthy,0,g1736,s_reliability,reliability_val,contrast,6570767950816044419,,1.082659119312884,,,42,0,0,healthy,0,6.649155,-4.062754,-4.0280466,123
52e59b9f60ced82ea9ef,data/plantvillage/raw/color/Apple___healthy/7ea27d6d-f7a0-44b3-b6a2-f24455deb48b___RS_HL 7589.JPG,healthy,0,g1736,s_reliability,reliability_val,gaussian_blur,4189166333204638915,,,1.1444246746815927,,42,0,0,healthy,0,4.5104375,-3.406967,-2.0526996,123
7eaa49ccf8707e04d511,data/plantvillage/raw/color/Apple___healthy/7ea27d6d-f7a0-44b3-b6a2-f24455deb48b___RS_HL 7589.JPG,healthy,0,g1736,s_reliability,reliability_val,gaussian_noise,6693634688655919635,,,,0.01225544827394252,42,0,0,healthy,0,6.373436,-4.019516,-3.912517,123
63e62dc16eadcb09efc5,data/plantvillage/raw/color/Apple___healthy/7f447118-8a9c-4e77-8333-d411d1124c7f___RS_HL 5849.JPG,healthy,0,g1739,s_reliability,reliability_train,original,,,,,,42,0,0,healthy,0,6.3982434,-2.2566278,-5.432718,123
237119d24042859fe750,data/plantvillage/raw/color/Apple___healthy/7f447118-8a9c-4e77-8333-d411d1124c7f___RS_HL 5849.JPG,healthy,0,g1739,s_reliability,reliability_train,brightness,4559969354747361765,1.176140409009688,,,,42,0,0,healthy,0,6.5382977,-2.5924065,-5.0939026,123
3329ae88688f86e4b74e,data/plantvillage/raw/color/Apple___healthy/7f447118-8a9c-4e77-8333-d411d1124c7f___RS_HL 5849.JPG,healthy,0,g1739,s_reliability,reliability_train,contrast,857716227801718330,,1.2739113638626567,,,42,0,0,healthy,0,6.411965,-2.6407678,-4.802434,123
153abe96744be0a2c687,data/plantvillage/raw/color/Apple___healthy/7f447118-8a9c-4e77-8333-d411d1124c7f___RS_HL 5849.JPG,healthy,0,g1739,s_reliability,reliability_train,gaussian_blur,8558102354260090045,,,1.4402705044855328,,42,0,0,healthy,0,2.568149,-1.846183,-2.271653,123
792e8258089cc2d943c2,data/plantvillage/raw/color/Apple___healthy/7f447118-8a9c-4e77-8333-d411d1124c7f___RS_HL 5849.JPG,healthy,0,g1739,s_reliability,reliability_train,gaussian_noise,2061329993026902096,,,,0.012156087108141055,42,0,0,healthy,0,6.4729605,-2.2402945,-5.524099,123
f4b11ececbaf6bcb1f76,data/plantvillage/raw/color/Apple___healthy/8042447f-f615-4683-b8fc-267e746a4744___RS_HL 7820.JPG,healthy,0,g1747,s_reliability,reliability_train,original,,,,,,42,0,0,healthy,0,7.034938,-3.532528,-4.8843637,123
9c76ff17793cfb104d46,data/plantvillage/raw/color/Apple___healthy/8042447f-f615-4683-b8fc-267e746a4744___RS_HL 7820.JPG,healthy,0,g1747,s_reliability,reliability_train,brightness,3362727343854424021,0.9969025343491731,,,,42,0,0,healthy,0,7.0512304,-3.5310142,-4.8986197,123
e33aac1c56cf74274508,data/plantvillage/raw/color/Apple___healthy/8042447f-f615-4683-b8fc-267e746a4744___RS_HL 7820.JPG,healthy,0,g1747,s_reliability,reliability_train,contrast,5474877740709770939,,1.2475215145269782,,,42,0,0,healthy,0,6.8389125,-3.31012,-4.997005,123
dc14f276323d1eea2803,data/plantvillage/raw/color/Apple___healthy/8042447f-f615-4683-b8fc-267e746a4744___RS_HL 7820.JPG,healthy,0,g1747,s_reliability,reliability_train,gaussian_blur,4121906129337101089,,,0.8879106841293843,,42,0,0,healthy,0,4.6171284,-3.562403,-2.782223,123
00c10df868720e5baf01,data/plantvillage/raw/color/Apple___healthy/8042447f-f615-4683-b8fc-267e746a4744___RS_HL 7820.JPG,healthy,0,g1747,s_reliability,reliability_train,gaussian_noise,7265155174349985714,,,,0.030500196357401768,42,0,0,healthy,0,7.1298876,-3.4719546,-5.03508,123
b45398e12bf0ddf3ad0a,data/plantvillage/raw/color/Apple___healthy/81bf7931-e6d7-4f6d-aae5-9de7d0c4ae33___RS_HL 7893.JPG,healthy,0,g1757,s_reliability,reliability_val,original,,,,,,42,0,0,healthy,0,2.8601,-0.28551623,-4.3894114,123
985310a493f033f2a1f9,data/plantvillage/raw/color/Apple___healthy/81bf7931-e6d7-4f6d-aae5-9de7d0c4ae33___RS_HL 7893.JPG,healthy,0,g1757,s_reliability,reliability_val,brightness,4501925940684797647,0.7394327246360354,,,,42,0,0,healthy,0,3.185896,-0.21656358,-4.598927,123
4e30bde41aea52007cd6,data/plantvillage/raw/color/Apple___healthy/81bf7931-e6d7-4f6d-aae5-9de7d0c4ae33___RS_HL 7893.JPG,healthy,0,g1757,s_reliability,reliability_val,contrast,4732947288737176290,,0.7364563645374665,,,42,0,0,healthy,0,2.632147,-0.30801675,-4.191977,123
62f3c7f5c735308ecf7c,data/plantvillage/raw/color/Apple___healthy/81bf7931-e6d7-4f6d-aae5-9de7d0c4ae33___RS_HL 7893.JPG,healthy,0,g1757,s_reliability,reliability_val,gaussian_blur,5235676522751155221,,,0.8153389941494824,,42,0,0,healthy,0,1.4495672,0.0029888554,-3.1111004,123
dfc904c7d802fb1f1be9,data/plantvillage/raw/color/Apple___healthy/81bf7931-e6d7-4f6d-aae5-9de7d0c4ae33___RS_HL 7893.JPG,healthy,0,g1757,s_reliability,reliability_val,gaussian_noise,4096262201804750935,,,,0.04713442708140202,42,0,0,healthy,0,3.6821067,-0.30544445,-4.815585,123
d67f1170a29c33532acb,data/plantvillage/raw/color/Apple___healthy/8201f21f-cd54-4ff6-9fc7-f3e97b0a8b42___RS_HL 8077.JPG,healthy,0,g1759,s_reliability,reliability_train,original,,,,,,42,0,0,healthy,0,4.8391175,-2.4609292,-4.350366,123
c76bf23f3cefdcfaf5ae,data/plantvillage/raw/color/Apple___healthy/8201f21f-cd54-4ff6-9fc7-f3e97b0a8b42___RS_HL 8077.JPG,healthy,0,g1759,s_reliability,reliability_train,brightness,7085768647861312085,1.078993010580627,,,,42,0,0,healthy,0,4.8011017,-2.419351,-4.4487104,123
9ab15db4c23df754cb1e,data/plantvillage/raw/color/Apple___healthy/8201f21f-cd54-4ff6-9fc7-f3e97b0a8b42___RS_HL 8077.JPG,healthy,0,g1759,s_reliability,reliability_train,contrast,6726328180983986845,,1.130735223542589,,,42,0,0,healthy,0,4.851097,-2.3881128,-4.5097103,123
b22e7f1746830c05a354,data/plantvillage/raw/color/Apple___healthy/8201f21f-cd54-4ff6-9fc7-f3e97b0a8b42___RS_HL 8077.JPG,healthy,0,g1759,s_reliability,reliability_train,gaussian_blur,8895324890442009947,,,1.245501110710363,,42,0,0,healthy,0,2.2337058,-2.3597467,-1.6876388,123
4567728fac1a0827da8d,data/plantvillage/raw/color/Apple___healthy/8201f21f-cd54-4ff6-9fc7-f3e97b0a8b42___RS_HL 8077.JPG,healthy,0,g1759,s_reliability,reliability_train,gaussian_noise,4120115303559709157,,,,0.02215336252473238,42,0,0,healthy,0,4.7887025,-2.3833003,-4.412158,123
065c1f38138fde6d43c9,data/plantvillage/raw/color/Apple___healthy/826bd506-04f2-424d-89da-7fe6ad6926b2___RS_HL 5757.JPG,healthy,0,g1760,s_reliability,reliability_train,original,,,,,,42,0,0,healthy,0,6.6798816,-1.9580652,-6.3729057,123
9fc824e93065e9fc60a2,data/plantvillage/raw/color/Apple___healthy/826bd506-04f2-424d-89da-7fe6ad6926b2___RS_HL 5757.JPG,healthy,0,g1760,s_reliability,reliability_train,brightness,372664427268121784,0.9674453486671806,,,,42,0,0,healthy,0,6.6629133,-1.9695674,-6.343249,123
d1a1233527572ac0c136,data/plantvillage/raw/color/Apple___healthy/826bd506-04f2-424d-89da-7fe6ad6926b2___RS_HL 5757.JPG,healthy,0,g1760,s_reliability,reliability_train,contrast,8462381416327046229,,0.9342141410845698,,,42,0,0,healthy,0,6.381012,-1.8409564,-6.275776,123
23f7c908257ed95e06e5,data/plantvillage/raw/color/Apple___healthy/826bd506-04f2-424d-89da-7fe6ad6926b2___RS_HL 5757.JPG,healthy,0,g1760,s_reliability,reliability_train,gaussian_blur,2572962370864418561,,,1.037227323707203,,42,0,0,healthy,0,3.4930413,-2.042991,-3.496956,123
631ddcd13b4858aa4327,data/plantvillage/raw/color/Apple___healthy/826bd506-04f2-424d-89da-7fe6ad6926b2___RS_HL 5757.JPG,healthy,0,g1760,s_reliability,reliability_train,gaussian_noise,3719151614268812614,,,,0.026555975047038792,42,0,0,healthy,0,6.690478,-1.9221368,-6.457695,123
1acdc4d3daaa2f0fd911,data/plantvillage/raw/color/Apple___healthy/828a6b50-e2fb-4e63-a595-556aa41d43a7___RS_HL 6250.JPG,healthy,0,g1761,s_reliability,reliability_train,original,,,,,,42,0,0,healthy,0,4.2135677,-2.6901872,-3.5560884,123
64d1febd3d52988e418b,data/plantvillage/raw/color/Apple___healthy/828a6b50-e2fb-4e63-a595-556aa41d43a7___RS_HL 6250.JPG,healthy,0,g1761,s_reliability,reliability_train,brightness,6447087462197887357,1.1535229743885125,,,,42,0,0,healthy,0,4.4648643,-2.7081487,-3.7961361,123
363b515a09bd74262c80,data/plantvillage/raw/color/Apple___healthy/828a6b50-e2fb-4e63-a595-556aa41d43a7___RS_HL 6250.JPG,healthy,0,g1761,s_reliability,reliability_train,contrast,8233069009094032829,,1.2321900676634696,,,42,0,0,healthy,0,4.7133937,-2.7711515,-3.7998173,123
5ddcfa31b3dec617a381,data/plantvillage/raw/color/Apple___healthy/828a6b50-e2fb-4e63-a595-556aa41d43a7___RS_HL 6250.JPG,healthy,0,g1761,s_reliability,reliability_train,gaussian_blur,3358344525796942655,,,1.197074391911462,,42,0,0,healthy,0,1.223793,-2.849446,-0.47298157,123
6ee02d8be19ec62a3042,data/plantvillage/raw/color/Apple___healthy/828a6b50-e2fb-4e63-a595-556aa41d43a7___RS_HL 6250.JPG,healthy,0,g1761,s_reliability,reliability_train,gaussian_noise,749017393570377023,,,,0.03622863941987599,42,0,0,healthy,0,4.996985,-2.9489965,-3.8913772,123
68149d675946fb39667b,data/plantvillage/raw/color/Apple___healthy/84ed8ffd-a47f-4b52-befa-938a10012a4c___RS_HL 6135.JPG,healthy,0,g1776,s_reliability,reliability_train,original,,,,,,42,0,0,healthy,0,7.3329873,-3.397781,-4.4963064,123
39a2ebbc4a609d4b85ee,data/plantvillage/raw/color/Apple___healthy/84ed8ffd-a47f-4b52-befa-938a10012a4c___RS_HL 6135.JPG,healthy,0,g1776,s_reliability,reliability_train,brightness,6789558132708485257,1.0194409321933724,,,,42,0,0,healthy,0,7.2744603,-3.3594315,-4.4841022,123
ca33a7a6199217aed259,data/plantvillage/raw/color/Apple___healthy/84ed8ffd-a47f-4b52-befa-938a10012a4c___RS_HL 6135.JPG,healthy,0,g1776,s_reliability,reliability_train,contrast,2432412430996057878,,1.109186187765761,,,42,0,0,healthy,0,7.491578,-3.428974,-4.546505,123
7d5bd965c70edfa0e8b1,data/plantvillage/raw/color/Apple___healthy/84ed8ffd-a47f-4b52-befa-938a10012a4c___RS_HL 6135.JPG,healthy,0,g1776,s_reliability,reliability_train,gaussian_blur,8659387467588441063,,,0.6815151337459453,,42,0,0,healthy,0,6.0466185,-3.3138916,-3.8291545,123
ecbaa4da22adfeaa9f18,data/plantvillage/raw/color/Apple___healthy/84ed8ffd-a47f-4b52-befa-938a10012a4c___RS_HL 6135.JPG,healthy,0,g1776,s_reliability,reliability_train,gaussian_noise,3271724345642598775,,,,0.019432566205927954,42,0,0,healthy,0,7.439656,-3.3858593,-4.5573964,123
4b432d0c4f048cec0e92,data/plantvillage/raw/color/Apple___healthy/8558ed98-6e99-4d7e-98e1-9437bd4d2382___RS_HL 5766.JPG,healthy,0,g1779,s_reliability,reliability_train,original,,,,,,42,0,0,healthy,0,6.4964185,-2.1604142,-5.783595,123
3a67c29eee0df6529dc1,data/plantvillage/raw/color/Apple___healthy/8558ed98-6e99-4d7e-98e1-9437bd4d2382___RS_HL 5766.JPG,healthy,0,g1779,s_reliability,reliability_train,brightness,9107260815472995184,0.9625635639498918,,,,42,0,0,healthy,0,6.520742,-2.197487,-5.7561727,123
b1410ecb735b9cccd629,data/plantvillage/raw/color/Apple___healthy/8558ed98-6e99-4d7e-98e1-9437bd4d2382___RS_HL 5766.JPG,healthy,0,g1779,s_reliability,reliability_train,contrast,3162719292621830988,,0.8033790223104266,,,42,0,0,healthy,0,5.4730783,-1.7563076,-5.4031467,123
96163f328ffe124b62ee,data/plantvillage/raw/color/Apple___healthy/8558ed98-6e99-4d7e-98e1-9437bd4d2382___RS_HL 5766.JPG,healthy,0,g1779,s_reliability,reliability_train,gaussian_blur,751654310768418450,,,0.9407708163587952,,42,0,0,healthy,0,3.1875224,-1.9558911,-3.0383184,123
741862ff4ee566cb6315,data/plantvillage/raw/color/Apple___healthy/8558ed98-6e99-4d7e-98e1-9437bd4d2382___RS_HL 5766.JPG,healthy,0,g1779,s_reliability,reliability_train,gaussian_noise,3028278714416323596,,,,0.04434332719948029,42,0,0,healthy,0,7.3868294,-2.5959945,-5.9785495,123
68e11d49bb9b7ae12460,data/plantvillage/raw/color/Apple___healthy/8656f9ff-3a95-4350-af32-82ed2fbff533___RS_HL 7976.JPG,healthy,0,g1784,s_reliability,reliability_val,original,,,,,,42,0,0,healthy,0,6.849983,-2.824352,-4.706781,123
244e6deb1d998084f35b,data/plantvillage/raw/color/Apple___healthy/8656f9ff-3a95-4350-af32-82ed2fbff533___RS_HL 7976.JPG,healthy,0,g1784,s_reliability,reliability_val,brightness,4633566739156206685,0.7622302636247528,,,,42,0,0,healthy,0,7.0320673,-3.2931998,-4.4258547,123
1f627b72779558aba772,data/plantvillage/raw/color/Apple___healthy/8656f9ff-3a95-4350-af32-82ed2fbff533___RS_HL 7976.JPG,healthy,0,g1784,s_reliability,reliability_val,contrast,7771063872522735287,,1.297576369500566,,,42,0,0,healthy,0,6.6398196,-2.4900794,-4.6900144,123
2373a528133bf3565f4f,data/plantvillage/raw/color/Apple___healthy/8656f9ff-3a95-4350-af32-82ed2fbff533___RS_HL 7976.JPG,healthy,0,g1784,s_reliability,reliability_val,gaussian_blur,4253427391049967742,,,0.9525676749753236,,42,0,0,healthy,0,4.8774867,-2.5577893,-3.2044055,123
8d16046ef028fac1d0c7,data/plantvillage/raw/color/Apple___healthy/8656f9ff-3a95-4350-af32-82ed2fbff533___RS_HL 7976.JPG,healthy,0,g1784,s_reliability,reliability_val,gaussian_noise,8413667823310744120,,,,0.04857651827824165,42,0,0,healthy,0,7.1472635,-3.0113351,-4.801136,123
af3245e748b52fc93ca5,data/plantvillage/raw/color/Apple___healthy/8673df90-01fb-4dde-9510-6743bfefb367___RS_HL 6069.JPG,healthy,0,g1785,s_reliability,reliability_train,original,,,,,,42,0,0,healthy,0,6.0699596,-1.2693932,-6.7577415,123
ddfe4f36da5c63b5d0ba,data/plantvillage/raw/color/Apple___healthy/8673df90-01fb-4dde-9510-6743bfefb367___RS_HL 6069.JPG,healthy,0,g1785,s_reliability,reliability_train,brightness,6667953114870525311,0.9753758064350833,,,,42,0,0,healthy,0,6.1540017,-1.297703,-6.785459,123
120d4eaed8d5668a9af2,data/plantvillage/raw/color/Apple___healthy/8673df90-01fb-4dde-9510-6743bfefb367___RS_HL 6069.JPG,healthy,0,g1785,s_reliability,reliability_train,contrast,902036892705712262,,1.0945233205271678,,,42,0,0,healthy,0,6.1437783,-1.2077864,-6.8758903,123
f0acc875c5f1034a81b3,data/plantvillage/raw/color/Apple___healthy/8673df90-01fb-4dde-9510-6743bfefb367___RS_HL 6069.JPG,healthy,0,g1785,s_reliability,reliability_train,gaussian_blur,7591684160204380553,,,0.7163080692355139,,42,0,0,healthy,0,4.1355977,-1.121077,-5.175575,123
fc550ed727c2db594f15,data/plantvillage/raw/color/Apple___healthy/8673df90-01fb-4dde-9510-6743bfefb367___RS_HL 6069.JPG,healthy,0,g1785,s_reliability,reliability_train,gaussian_noise,3366347545393325150,,,,0.024452389991861695,42,0,0,healthy,0,6.3321147,-1.3874974,-6.85047,123
e79078cac943fba8c14e,data/plantvillage/raw/color/Apple___healthy/86f3c6c0-3038-45dc-9307-3f548f20b74b___RS_HL 6318.JPG,healthy,0,g1789,s_reliability,reliability_train,original,,,,,,42,0,0,healthy,0,5.731427,-2.5933027,-5.501594,123
a0e5c4bbb10cd746b898,data/plantvillage/raw/color/Apple___healthy/86f3c6c0-3038-45dc-9307-3f548f20b74b___RS_HL 6318.JPG,healthy,0,g1789,s_reliability,reliability_train,brightness,5148021623721417787,0.7850546205110411,,,,42,0,0,healthy,0,5.6475577,-2.6924012,-5.27504,123
4f9921e09fdfda601c7a,data/plantvillage/raw/color/Apple___healthy/86f3c6c0-3038-45dc-9307-3f548f20b74b___RS_HL 6318.JPG,healthy,0,g1789,s_reliability,reliability_train,contrast,6461414002697797000,,0.95376406124335,,,42,0,0,healthy,0,5.6825953,-2.61575,-5.441268,123
1156c36d374ddce48e2e,data/plantvillage/raw/color/Apple___healthy/86f3c6c0-3038-45dc-9307-3f548f20b74b___RS_HL 6318.JPG,healthy,0,g1789,s_reliability,reliability_train,gaussian_blur,4529780705366286719,,,1.0803503941376245,,42,0,0,healthy,0,3.760912,-3.1746435,-3.1492121,123
b009b1b35a5785b7457d,data/plantvillage/raw/color/Apple___healthy/86f3c6c0-3038-45dc-9307-3f548f20b74b___RS_HL 6318.JPG,healthy,0,g1789,s_reliability,reliability_train,gaussian_noise,359762338404851851,,,,0.021391652476119447,42,0,0,healthy,0,5.556188,-2.5699642,-5.3686404,123
86a545077a7e88bebbb5,data/plantvillage/raw/color/Apple___healthy/86f6b322-e7af-4d91-b0c3-c5c6d6336fa5___RS_HL 7422.JPG,healthy,0,g1790,s_reliability,reliability_train,original,,,,,,42,0,0,healthy,0,3.3483708,-1.0557549,-4.652448,123
2dabdcf932ef0a22e341,data/plantvillage/raw/color/Apple___healthy/86f6b322-e7af-4d91-b0c3-c5c6d6336fa5___RS_HL 7422.JPG,healthy,0,g1790,s_reliability,reliability_train,brightness,8141228903556820872,1.0130736088636854,,,,42,0,0,healthy,0,3.4363496,-1.1181859,-4.648683,123
3965f13a20a0e959d090,data/plantvillage/raw/color/Apple___healthy/86f6b322-e7af-4d91-b0c3-c5c6d6336fa5___RS_HL 7422.JPG,healthy,0,g1790,s_reliability,reliability_train,contrast,1548104415308583315,,1.1247396348202927,,,42,0,0,healthy,0,3.8911471,-1.4281449,-4.671765,123
086f0dbcba416764ee2b,data/plantvillage/raw/color/Apple___healthy/86f6b322-e7af-4d91-b0c3-c5c6d6336fa5___RS_HL 7422.JPG,healthy,0,g1790,s_reliability,reliability_train,gaussian_blur,7281526616654057826,,,1.3001826810648027,,42,0,0,healthy,0,-0.2443964,-1.8625448,-0.93210983,123
36d7e0c6ff9a3b1bdca2,data/plantvillage/raw/color/Apple___healthy/86f6b322-e7af-4d91-b0c3-c5c6d6336fa5___RS_HL 7422.JPG,healthy,0,g1790,s_reliability,reliability_train,gaussian_noise,8828919648632029212,,,,0.018740848399034456,42,0,0,healthy,0,3.6528265,-1.2554289,-4.6603055,123
c3a6a15d00c68f6cca6a,data/plantvillage/raw/color/Apple___healthy/8704d8b7-1368-441a-bad0-9f05b1cb6e7b___RS_HL 7623.JPG,healthy,0,g1791,s_reliability,reliability_val,original,,,,,,42,0,0,healthy,0,4.88635,-1.5661203,-4.502578,123
9ed4cb81fb5b6ed3e120,data/plantvillage/raw/color/Apple___healthy/8704d8b7-1368-441a-bad0-9f05b1cb6e7b___RS_HL 7623.JPG,healthy,0,g1791,s_reliability,reliability_val,brightness,3883854136351593654,1.065333919005868,,,,42,0,0,healthy,0,4.904015,-1.6396048,-4.4636073,123
470c55417d080ab46d96,data/plantvillage/raw/color/Apple___healthy/8704d8b7-1368-441a-bad0-9f05b1cb6e7b___RS_HL 7623.JPG,healthy,0,g1791,s_reliability,reliability_val,contrast,7301530891217453076,,0.8808088279097759,,,42,0,0,healthy,0,4.951039,-1.6285148,-4.430421,123
d7324b8c8042830f4287,data/plantvillage/raw/color/Apple___healthy/8704d8b7-1368-441a-bad0-9f05b1cb6e7b___RS_HL 7623.JPG,healthy,0,g1791,s_reliability,reliability_val,gaussian_blur,4235451986328628444,,,0.5429217876798199,,42,0,0,healthy,0,3.8885458,-1.4147243,-3.8311055,123
92425fb5608c2084a689,data/plantvillage/raw/color/Apple___healthy/8704d8b7-1368-441a-bad0-9f05b1cb6e7b___RS_HL 7623.JPG,healthy,0,g1791,s_reliability,reliability_val,gaussian_noise,5677361784830102227,,,,0.02150736608902042,42,0,0,healthy,0,4.845302,-1.3592303,-4.605474,123
7400dff5ef9a7f66d163,data/plantvillage/raw/color/Apple___healthy/885dd825-a34b-4149-bbb0-445fa62a4e64___RS_HL 7814.JPG,healthy,0,g1802,s_reliability,reliability_train,original,,,,,,42,0,0,healthy,0,5.741975,-1.9681215,-5.643788,123
693f7f6e67ec9dce60b6,data/plantvillage/raw/color/Apple___healthy/885dd825-a34b-4149-bbb0-445fa62a4e64___RS_HL 7814.JPG,healthy,0,g1802,s_reliability,reliability_train,brightness,34677126861473775,0.7504540095930385,,,,42,0,0,healthy,0,5.4662275,-1.6273043,-5.6353655,123
99881143d74c22924744,data/plantvillage/raw/color/Apple___healthy/885dd825-a34b-4149-bbb0-445fa62a4e64___RS_HL 7814.JPG,healthy,0,g1802,s_reliability,reliability_train,contrast,984631177354158694,,0.9278464728653344,,,42,0,0,healthy,0,5.6160965,-1.9105871,-5.5700445,123
4ac9ca2509cca1c02911,data/plantvillage/raw/color/Apple___healthy/885dd825-a34b-4149-bbb0-445fa62a4e64___RS_HL 7814.JPG,healthy,0,g1802,s_reliability,reliability_train,gaussian_blur,5247933437956969322,,,0.8953332416091414,,42,0,0,healthy,0,4.184619,-2.3881476,-3.924395,123
3392956cad40d597b10a,data/plantvillage/raw/color/Apple___healthy/885dd825-a34b-4149-bbb0-445fa62a4e64___RS_HL 7814.JPG,healthy,0,g1802,s_reliability,reliability_train,gaussian_noise,6682533094146373233,,,,0.04652627312773085,42,0,0,healthy,0,4.9824357,-1.4269269,-5.441977,123
3d7ed42f5a8542776a0d,data/plantvillage/raw/color/Apple___healthy/8912707b-6c5d-4744-ad9c-b5d3564a0850___RS_HL 7796.JPG,healthy,0,g1807,s_reliability,reliability_val,original,,,,,,42,0,0,healthy,0,8.404426,-3.359597,-5.96429,123
62b518ff7a94f7b6fd42,data/plantvillage/raw/color/Apple___healthy/8912707b-6c5d-4744-ad9c-b5d3564a0850___RS_HL 7796.JPG,healthy,0,g1807,s_reliability,reliability_val,brightness,7130888762320695273,1.2348134446896983,,,,42,0,0,healthy,0,8.69581,-3.505482,-5.94285,123
daea35dd46b3b36d6e5d,data/plantvillage/raw/color/Apple___healthy/8912707b-6c5d-4744-ad9c-b5d3564a0850___RS_HL 7796.JPG,healthy,0,g1807,s_reliability,reliability_val,contrast,4719910304779180215,,1.1892975089031341,,,42,0,0,healthy,0,8.5149765,-3.2959187,-6.1057415,123
4f638b76bacd7f4e7f7b,data/plantvillage/raw/color/Apple___healthy/8912707b-6c5d-4744-ad9c-b5d3564a0850___RS_HL 7796.JPG,healthy,0,g1807,s_reliability,reliability_val,gaussian_blur,3186208604189555252,,,0.9074197641595325,,42,0,0,healthy,0,5.464456,-3.4467745,-3.4881914,123
c2472e7e2bb80014469f,data/plantvillage/raw/color/Apple___healthy/8912707b-6c5d-4744-ad9c-b5d3564a0850___RS_HL 7796.JPG,healthy,0,g1807,s_reliability,reliability_val,gaussian_noise,4675258558360528356,,,,0.0485142048537672,42,0,0,healthy,0,8.35209,-3.1388788,-6.184929,123
3a6b451ee4f530544d50,data/plantvillage/raw/color/Apple___healthy/892258ae-052d-4df5-8a8c-27924cd64a85___RS_HL 7497.JPG,healthy,0,g1808,s_reliability,reliability_val,original,,,,,,42,0,0,healthy,0,5.19999,-3.1509302,-4.0594473,123
b0c2798088ed2c0f1468,data/plantvillage/raw/color/Apple___healthy/892258ae-052d-4df5-8a8c-27924cd64a85___RS_HL 7497.JPG,healthy,0,g1808,s_reliability,reliability_val,brightness,7303247685771727578,0.9834856550751165,,,,42,0,0,healthy,0,5.227372,-3.1519587,-4.0908895,123
f6def0f0c4e2575aa7c8,data/plantvillage/raw/color/Apple___healthy/892258ae-052d-4df5-8a8c-27924cd64a85___RS_HL 7497.JPG,healthy,0,g1808,s_reliability,reliability_val,contrast,2892688360631126188,,1.2042238295766676,,,42,0,0,healthy,0,5.0272818,-2.8771975,-4.1634483,123
68035f250c8989084f27,data/plantvillage/raw/color/Apple___healthy/892258ae-052d-4df5-8a8c-27924cd64a85___RS_HL 7497.JPG,healthy,0,g1808,s_reliability,reliability_val,gaussian_blur,622758977296360700,,,1.3089859489485023,,42,0,0,healthy,0,1.5117226,-2.8314512,-1.0983313,123
00962256507fcaddc245,data/plantvillage/raw/color/Apple___healthy/892258ae-052d-4df5-8a8c-27924cd64a85___RS_HL 7497.JPG,healthy,0,g1808,s_reliability,reliability_val,gaussian_noise,5548768327862041194,,,,0.04975152743914649,42,0,0,healthy,0,5.044678,-2.827121,-4.172176,123
4ca91804853892650711,data/plantvillage/raw/color/Apple___healthy/8c43ceb4-000b-441b-887f-ef495da381e2___RS_HL 7864.JPG,healthy,0,g1829,s_reliability,reliability_val,original,,,,,,42,0,0,healthy,0,6.270706,-2.8138342,-5.2377415,123
37bba836c6876675e118,data/plantvillage/raw/color/Apple___healthy/8c43ceb4-000b-441b-887f-ef495da381e2___RS_HL 7864.JPG,healthy,0,g1829,s_reliability,reliability_val,brightness,442893380542778377,0.8629403878975311,,,,42,0,0,healthy,0,6.270217,-2.749343,-5.258417,123
20b98e33c562dd86777d,data/plantvillage/raw/color/Apple___healthy/8c43ceb4-000b-441b-887f-ef495da381e2___RS_HL 7864.JPG,healthy,0,g1829,s_reliability,reliability_val,contrast,7888005134756588594,,0.9781323221178957,,,42,0,0,healthy,0,6.318765,-2.8269746,-5.258586,123
07748c9cc884ccb23eac,data/plantvillage/raw/color/Apple___healthy/8c43ceb4-000b-441b-887f-ef495da381e2___RS_HL 7864.JPG,healthy,0,g1829,s_reliability,reliability_val,gaussian_blur,1116685487271137563,,,1.2113876816808438,,42,0,0,healthy,0,4.6734247,-3.4141414,-2.8229182,123
5bb96c91a99b2a92401d,data/plantvillage/raw/color/Apple___healthy/8c43ceb4-000b-441b-887f-ef495da381e2___RS_HL 7864.JPG,healthy,0,g1829,s_reliability,reliability_val,gaussian_noise,199534835537334105,,,,0.014543631143245608,42,0,0,healthy,0,6.343612,-2.825173,-5.284313,123
fcdafc863dd38fbae726,data/plantvillage/raw/color/Apple___healthy/8cf66a75-d71b-4808-a251-c929ecfa80bc___RS_HL 7514.JPG,healthy,0,g1840,s_reliability,reliability_train,original,,,,,,42,0,0,healthy,0,2.0796654,-1.1996696,-3.9899192,123
9aa7a977add521faffb0,data/plantvillage/raw/color/Apple___healthy/8cf66a75-d71b-4808-a251-c929ecfa80bc___RS_HL 7514.JPG,healthy,0,g1840,s_reliability,reliability_train,brightness,6489493224659641893,0.8174475188153751,,,,42,0,0,healthy,0,2.1883667,-1.2358441,-4.062139,123
fef33c9b69941bf12fa9,data/plantvillage/raw/color/Apple___healthy/8cf66a75-d71b-4808-a251-c929ecfa80bc___RS_HL 7514.JPG,healthy,0,g1840,s_reliability,reliability_train,contrast,8084697104747952663,,1.2160175593597182,,,42,0,0,healthy,0,1.9497526,-0.9469423,-4.2532883,123
70c736878b021f7f5ec5,data/plantvillage/raw/color/Apple___healthy/8cf66a75-d71b-4808-a251-c929ecfa80bc___RS_HL 7514.JPG,healthy,0,g1840,s_reliability,reliability_train,gaussian_blur,6724611363939190832,,,0.8678140774399431,,42,0,0,healthy,0,0.020473078,-1.4097967,-1.9231895,123
c311141687b1df38d48e,data/plantvillage/raw/color/Apple___healthy/8cf66a75-d71b-4808-a251-c929ecfa80bc___RS_HL 7514.JPG,healthy,0,g1840,s_reliability,reliability_train,gaussian_noise,1452234681306433947,,,,0.01428067747790672,42,0,0,healthy,0,1.960726,-1.1714128,-3.9439158,123
93b06982dec7ee7a4958,data/plantvillage/raw/color/Apple___healthy/8fdd8420-f139-40e5-8121-b76d43dcee32___RS_HL 6075.JPG,healthy,0,g1856,s_reliability,reliability_val,original,,,,,,42,0,0,healthy,0,4.768788,-1.8290424,-4.588168,123
11f547064181e5a6caaf,data/plantvillage/raw/color/Apple___healthy/8fdd8420-f139-40e5-8121-b76d43dcee32___RS_HL 6075.JPG,healthy,0,g1856,s_reliability,reliability_val,brightness,8566681897718023584,0.9274165110801023,,,,42,0,0,healthy,0,4.8001776,-1.8563623,-4.5576425,123
0ec7414422ab5ddde371,data/plantvillage/raw/color/Apple___healthy/8fdd8420-f139-40e5-8121-b76d43dcee32___RS_HL 6075.JPG,healthy,0,g1856,s_reliability,reliability_val,contrast,4290346760852546943,,1.2394271042685445,,,42,0,0,healthy,0,4.7368674,-1.8209057,-4.629255,123
253648562e707cb287c8,data/plantvillage/raw/color/Apple___healthy/8fdd8420-f139-40e5-8121-b76d43dcee32___RS_HL 6075.JPG,healthy,0,g1856,s_reliability,reliability_val,gaussian_blur,10885151449650607,,,0.8450482488202264,,42,0,0,healthy,0,3.2427537,-1.2213761,-4.022545,123
efb1491ce88d76978ba6,data/plantvillage/raw/color/Apple___healthy/8fdd8420-f139-40e5-8121-b76d43dcee32___RS_HL 6075.JPG,healthy,0,g1856,s_reliability,reliability_val,gaussian_noise,5259447045530092303,,,,0.03415213510974358,42,0,0,healthy,0,4.653603,-1.2134714,-5.2147098,123
4bfb57c449ea67756377,data/plantvillage/raw/color/Apple___healthy/9130029f-854a-4099-bc98-74170edfb660___RS_HL 7448.JPG,healthy,0,g1859,s_reliability,reliability_train,original,,,,,,42,0,0,healthy,0,6.3416815,-1.4510134,-6.534431,123
b61f851e934811cd4a0b,data/plantvillage/raw/color/Apple___healthy/9130029f-854a-4099-bc98-74170edfb660___RS_HL 7448.JPG,healthy,0,g1859,s_reliability,reliability_train,brightness,617713328224103008,0.8549854666638101,,,,42,0,0,healthy,0,5.744249,-1.3531371,-6.2740226,123
3950b0139152ffefd9e4,data/plantvillage/raw/color/Apple___healthy/9130029f-854a-4099-bc98-74170edfb660___RS_HL 7448.JPG,healthy,0,g1859,s_reliability,reliability_train,contrast,8689270853568759360,,1.051596257041171,,,42,0,0,healthy,0,6.388717,-1.4766482,-6.5380235,123
8a02a7f8d48b4856c2b4,data/plantvillage/raw/color/Apple___healthy/9130029f-854a-4099-bc98-74170edfb660___RS_HL 7448.JPG,healthy,0,g1859,s_reliability,reliability_train,gaussian_blur,5749991674468305054,,,0.7839065504247535,,42,0,0,healthy,0,4.2534814,-1.1717978,-4.9612975,123
35e29cbf6419d3569bfe,data/plantvillage/raw/color/Apple___healthy/9130029f-854a-4099-bc98-74170edfb660___RS_HL 7448.JPG,healthy,0,g1859,s_reliability,reliability_train,gaussian_noise,8764464257606327540,,,,0.03859201533689564,42,0,0,healthy,0,6.3687453,-1.4976044,-6.5653305,123
b4ca87d6484853d67011,data/plantvillage/raw/color/Apple___healthy/91a935c4-659c-4344-8355-eba55d673af5___RS_HL 8189.JPG,healthy,0,g1861,s_reliability,reliability_train,original,,,,,,42,0,0,healthy,0,6.0420284,-1.6844364,-5.9611087,123
2c130a032f99d1a7b8f4,data/plantvillage/raw/color/Apple___healthy/91a935c4-659c-4344-8355-eba55d673af5___RS_HL 8189.JPG,healthy,0,g1861,s_reliability,reliability_train,brightness,5530928034500348235,1.0456029175113304,,,,42,0,0,healthy,0,6.029587,-1.6600357,-5.961079,123
af23f2690b8ec9e38cae,data/plantvillage/raw/color/Apple___healthy/91a935c4-659c-4344-8355-eba55d673af5___RS_HL 8189.JPG,healthy,0,g1861,s_reliability,reliability_train,contrast,1104704807331207625,,1.289500365041885,,,42,0,0,healthy,0,6.0183625,-1.5285078,-6.002645,123
3f482874b0543ea22553,data/plantvillage/raw/color/Apple___healthy/91a935c4-659c-4344-8355-eba55d673af5___RS_HL 8189.JPG,healthy,0,g1861,s_reliability,reliability_train,gaussian_blur,6667787468902733789,,,1.00340904948645,,42,0,0,healthy,0,3.4934278,-2.4727843,-3.1688106,123
f6e93ee2c2fb59f92352,data/plantvillage/raw/color/Apple___healthy/91a935c4-659c-4344-8355-eba55d673af5___RS_HL 8189.JPG,healthy,0,g1861,s_reliability,reliability_train,gaussian_noise,2008701485633389838,,,,0.04129425701703683,42,0,0,healthy,0,6.227884,-1.5482974,-6.314955,123
5dd61ab350a3837cb4b4,data/plantvillage/raw/color/Apple___healthy/936c7bd1-5902-499b-b03b-bcf1f9434a06___RS_HL 7785.JPG,healthy,0,g1870,s_reliability,reliability_train,original,,,,,,42,0,0,healthy,0,4.243266,-2.1605034,-4.1766267,123
c60a91994fe0523d1f15,data/plantvillage/raw/color/Apple___healthy/936c7bd1-5902-499b-b03b-bcf1f9434a06___RS_HL 7785.JPG,healthy,0,g1870,s_reliability,reliability_train,brightness,8290317845572749897,0.7946847881990368,,,,42,0,0,healthy,0,4.1166596,-2.0349028,-4.1510167,123
5c001a39cf7b2c89e341,data/plantvillage/raw/color/Apple___healthy/936c7bd1-5902-499b-b03b-bcf1f9434a06___RS_HL 7785.JPG,healthy,0,g1870,s_reliability,reliability_train,contrast,5542107705714447855,,1.0622136911697584,,,42,0,0,healthy,0,4.2950573,-2.0608401,-4.333426,123
00bd2d474990f3b22f4d,data/plantvillage/raw/color/Apple___healthy/936c7bd1-5902-499b-b03b-bcf1f9434a06___RS_HL 7785.JPG,healthy,0,g1870,s_reliability,reliability_train,gaussian_blur,1861333911468434456,,,1.3208661959931902,,42,0,0,healthy,0,0.32531685,-2.0321891,-1.489572,123
2dbf95177c51463dd308,data/plantvillage/raw/color/Apple___healthy/936c7bd1-5902-499b-b03b-bcf1f9434a06___RS_HL 7785.JPG,healthy,0,g1870,s_reliability,reliability_train,gaussian_noise,644953203520733456,,,,0.045246863850923115,42,0,0,healthy,0,4.309927,-1.9440385,-4.3468795,123
400e1abd86b6a0dbf61c,data/plantvillage/raw/color/Apple___healthy/946b311a-cb67-46d4-8c8b-0d91ebd456f3___RS_HL 5809.JPG,healthy,0,g1872,s_reliability,reliability_train,original,,,,,,42,0,0,healthy,0,5.0548005,-0.79130733,-6.140871,123
3fe7fc88e9cc9943fdae,data/plantvillage/raw/color/Apple___healthy/946b311a-cb67-46d4-8c8b-0d91ebd456f3___RS_HL 5809.JPG,healthy,0,g1872,s_reliability,reliability_train,brightness,4346519377275891308,1.232812310963028,,,,42,0,0,healthy,0,5.9198117,-1.3742781,-6.171203,123
86da7a19f704b88ad8d0,data/plantvillage/raw/color/Apple___healthy/946b311a-cb67-46d4-8c8b-0d91ebd456f3___RS_HL 5809.JPG,healthy,0,g1872,s_reliability,reliability_train,contrast,7728313644811592890,,1.028516772330181,,,42,0,0,healthy,0,5.3473773,-0.9419642,-6.2117105,123
dcf86ab9f78301867ffb,data/plantvillage/raw/color/Apple___healthy/946b311a-cb67-46d4-8c8b-0d91ebd456f3___RS_HL 5809.JPG,healthy,0,g1872,s_reliability,reliability_train,gaussian_blur,5610280750097587833,,,0.6114910902925653,,42,0,0,healthy,0,3.2085178,-0.5310336,-4.8822894,123
2b726bea9e0699444e04,data/plantvillage/raw/color/Apple___healthy/946b311a-cb67-46d4-8c8b-0d91ebd456f3___RS_HL 5809.JPG,healthy,0,g1872,s_reliability,reliability_train,gaussian_noise,3786769626696775123,,,,0.013625310784070619,42,0,0,healthy,0,5.172187,-0.8247345,-6.210758,123
bc239e573b6980cecc91,data/plantvillage/raw/color/Apple___healthy/94b7e2c6-9081-4546-b411-c89c0dd219e7___RS_HL 7416.JPG,healthy,0,g1874,s_reliability,reliability_train,original,,,,,,42,0,0,healthy,0,3.929571,-1.6645111,-4.0770044,123
0cf118a015a1f9d9624a,data/plantvillage/raw/color/Apple___healthy/94b7e2c6-9081-4546-b411-c89c0dd219e7___RS_HL 7416.JPG,healthy,0,g1874,s_reliability,reliability_train,brightness,4734594347736574873,1.0977409699277767,,,,42,0,0,healthy,0,4.021696,-1.7597334,-4.006248,123
32de8a852cd8ae4670f4,data/plantvillage/raw/color/Apple___healthy/94b7e2c6-9081-4546-b411-c89c0dd219e7___RS_HL 7416.JPG,healthy,0,g1874,s_reliability,reliability_train,contrast,6452505134031584570,,1.2433911477794837,,,42,0,0,healthy,0,3.4141943,-1.4112568,-3.9384887,123
d5599b77014a902e4592,data/plantvillage/raw/color/Apple___healthy/94b7e2c6-9081-4546-b411-c89c0dd219e7___RS_HL 7416.JPG,healthy,0,g1874,s_reliability,reliability_train,gaussian_blur,5270241956883880584,,,1.1314968742684097,,42,0,0,healthy,0,1.1357687,-0.75197965,-1.7665708,123
5a3988cfe7501d2282ef,data/plantvillage/raw/color/Apple___healthy/94b7e2c6-9081-4546-b411-c89c0dd219e7___RS_HL 7416.JPG,healthy,0,g1874,s_reliability,reliability_train,gaussian_noise,4806708810469444199,,,,0.03404450891632789,42,0,0,healthy,0,3.6423323,-1.131093,-4.4415784,123
d182cec77d3c9abc19a8,data/plantvillage/raw/color/Apple___healthy/957a4a41-e0d8-4dc3-8ed8-43f8c2ac3684___RS_HL 8157.JPG,healthy,0,g1883,s_reliability,reliability_train,original,,,,,,42,0,0,healthy,0,3.8246822,-2.806594,-3.2486823,123
5db5cd2d4c57859f3a84,data/plantvillage/raw/color/Apple___healthy/957a4a41-e0d8-4dc3-8ed8-43f8c2ac3684___RS_HL 8157.JPG,healthy,0,g1883,s_reliability,reliability_train,brightness,4145684413329137229,1.2732888263376538,,,,42,0,0,healthy,0,4.051691,-3.1831193,-2.9979644,123
513eee761cf54a79df5a,data/plantvillage/raw/color/Apple___healthy/957a4a41-e0d8-4dc3-8ed8-43f8c2ac3684___RS_HL 8157.JPG,healthy,0,g1883,s_reliability,reliability_train,contrast,688955310915382849,,1.2666986957519664,,,42,0,0,healthy,0,3.6483512,-2.6801915,-3.3006995,123
6f9c2e69d4a2a79289a4,data/plantvillage/raw/color/Apple___healthy/957a4a41-e0d8-4dc3-8ed8-43f8c2ac3684___RS_HL 8157.JPG,healthy,0,g1883,s_reliability,reliability_train,gaussian_blur,8739409851346600077,,,0.5315553801564492,,42,0,0,healthy,0,2.435603,-2.9045134,-1.9436184,123
971ec63ad2917a28977e,data/plantvillage/raw/color/Apple___healthy/957a4a41-e0d8-4dc3-8ed8-43f8c2ac3684___RS_HL 8157.JPG,healthy,0,g1883,s_reliability,reliability_train,gaussian_noise,5006608506346652390,,,,0.0373135348669873,42,0,0,healthy,0,3.956029,-2.6818502,-3.4786944,123
8c5fe013853ff6fe5827,data/plantvillage/raw/color/Apple___healthy/96fa4629-851e-4706-b397-f27c6f6f272c___RS_HL 7913.JPG,healthy,0,g1892,s_reliability,reliability_train,original,,,,,,42,0,0,healthy,0,4.7815413,-2.862678,-3.1843984,123
53593506e01bee537a0e,data/plantvillage/raw/color/Apple___healthy/96fa4629-851e-4706-b397-f27c6f6f272c___RS_HL 7913.JPG,healthy,0,g1892,s_reliability,reliability_train,brightness,7281533706131126736,0.9915051043339931,,,,42,0,0,healthy,0,4.778007,-2.874577,-3.1714203,123
04cd0b89e8802a45a7b8,data/plantvillage/raw/color/Apple___healthy/96fa4629-851e-4706-b397-f27c6f6f272c___RS_HL 7913.JPG,healthy,0,g1892,s_reliability,reliability_train,contrast,6591352456539894812,,1.0399685700557613,,,42,0,0,healthy,0,4.7856603,-2.826116,-3.2277327,123
fbeffeee9b8fd58d0e07,data/plantvillage/raw/color/Apple___healthy/96fa4629-851e-4706-b397-f27c6f6f272c___RS_HL 7913.JPG,healthy,0,g1892,s_reliability,reliability_train,gaussian_blur,4583409225173665560,,,0.7091106964667288,,42,0,0,healthy,0,3.4541643,-2.9964828,-1.7452904,123
f6b2419272e0a0fcca0f,data/plantvillage/raw/color/Apple___healthy/96fa4629-851e-4706-b397-f27c6f6f272c___RS_HL 7913.JPG,healthy,0,g1892,s_reliability,reliability_train,gaussian_noise,6149644228982855019,,,,0.032407327076602974,42,0,0,healthy,0,4.7285504,-2.8693848,-3.1543174,123
176d5876f43a45d60f82,data/plantvillage/raw/color/Apple___healthy/9871fd63-1ee8-436a-a1b3-c6104350400b___RS_HL 5693.JPG,healthy,0,g1896,s_reliability,reliability_train,original,,,,,,42,0,0,healthy,0,4.6620364,-3.7594967,-3.141059,123
f421921206f0c40ca75b,data/plantvillage/raw/color/Apple___healthy/9871fd63-1ee8-436a-a1b3-c6104350400b___RS_HL 5693.JPG,healthy,0,g1896,s_reliability,reliability_train,brightness,6049913073971642523,1.1633303858295767,,,,42,0,0,healthy,0,4.4676805,-3.7355278,-3.0655613,123
a5d6f416766ba390a185,data/plantvillage/raw/color/Apple___healthy/9871fd63-1ee8-436a-a1b3-c6104350400b___RS_HL 5693.JPG,healthy,0,g1896,s_reliability,reliability_train,contrast,9109514323232307943,,0.8680564693499646,,,42,0,0,healthy,0,4.2003603,-3.4401288,-3.1598823,123
06d651c2da68c1edbb4c,data/plantvillage/raw/color/Apple___healthy/9871fd63-1ee8-436a-a1b3-c6104350400b___RS_HL 5693.JPG,healthy,0,g1896,s_reliability,reliability_train,gaussian_blur,94850985751576519,,,1.1140438806594561,,42,0,0,healthy,0,2.2158816,-4.262512,-0.36500084,123
d20df9f8cb6f38ffa43e,data/plantvillage/raw/color/Apple___healthy/9871fd63-1ee8-436a-a1b3-c6104350400b___RS_HL 5693.JPG,healthy,0,g1896,s_reliability,reliability_train,gaussian_noise,7888199902558858820,,,,0.01929535255542668,42,0,0,healthy,0,4.944534,-3.8260396,-3.2553244,123
58690268d85904ea3a7f,data/plantvillage/raw/color/Apple___healthy/98f456da-9871-48b8-b74a-a251dcfd1f9e___RS_HL 6123.JPG,healthy,0,g1899,s_reliability,reliability_val,original,,,,,,42,0,0,healthy,0,4.346123,-2.3833022,-3.281498,123
c2fbda2e93918d893270,data/plantvillage/raw/color/Apple___healthy/98f456da-9871-48b8-b74a-a251dcfd1f9e___RS_HL 6123.JPG,healthy,0,g1899,s_reliability,reliability_val,brightness,2375881174345535529,1.065177003067107,,,,42,0,0,healthy,0,4.46438,-2.4277442,-3.3198044,123
cd487db4699923359e8e,data/plantvillage/raw/color/Apple___healthy/98f456da-9871-48b8-b74a-a251dcfd1f9e___RS_HL 6123.JPG,healthy,0,g1899,s_reliability,reliability_val,contrast,4746089702696105851,,0.7010768674849032,,,42,0,0,healthy,0,4.52651,-2.4013798,-3.4586246,123
9038e63133d1ab2dabf5,data/plantvillage/raw/color/Apple___healthy/98f456da-9871-48b8-b74a-a251dcfd1f9e___RS_HL 6123.JPG,healthy,0,g1899,s_reliability,reliability_val,gaussian_blur,3975648159843501024,,,0.990481898380084,,42,0,0,healthy,0,1.3708527,-1.5205619,-1.4889637,123
d28a322e50e58705e10e,data/plantvillage/raw/color/Apple___healthy/98f456da-9871-48b8-b74a-a251dcfd1f9e___RS_HL 6123.JPG,healthy,0,g1899,s_reliability,reliability_val,gaussian_noise,5443168342623259513,,,,0.04492118749895274,42,0,0,healthy,0,4.9801326,-2.3375068,-3.7792883,123
f06221a3c35855908993,data/plantvillage/raw/color/Apple___healthy/990838f4-b976-45bb-859d-95de901acc8c___RS_HL 7365.JPG,healthy,0,g1900,s_reliability,reliability_train,original,,,,,,42,0,0,healthy,0,6.623521,-0.22316214,-7.6763053,123
ace79f23f8f5a6baac86,data/plantvillage/raw/color/Apple___healthy/990838f4-b976-45bb-859d-95de901acc8c___RS_HL 7365.JPG,healthy,0,g1900,s_reliability,reliability_train,brightness,2825269867955978274,0.8559336114236955,,,,42,0,0,healthy,0,6.2918153,0.06422568,-7.65479,123
df35a5cb8b07ddaf9795,data/plantvillage/raw/color/Apple___healthy/990838f4-b976-45bb-859d-95de901acc8c___RS_HL 7365.JPG,healthy,0,g1900,s_reliability,reliability_train,contrast,1394262844960427002,,1.2021487143899199,,,42,0,0,healthy,0,6.7193975,-0.3110361,-7.5811033,123
297697cf3c805f0e0694,data/plantvillage/raw/color/Apple___healthy/990838f4-b976-45bb-859d-95de901acc8c___RS_HL 7365.JPG,healthy,0,g1900,s_reliability,reliability_train,gaussian_blur,5688232788058480434,,,0.8224795107806221,,42,0,0,healthy,0,4.8066597,-0.29589877,-5.767857,123
35e4b404f136e6c782ee,data/plantvillage/raw/color/Apple___healthy/990838f4-b976-45bb-859d-95de901acc8c___RS_HL 7365.JPG,healthy,0,g1900,s_reliability,reliability_train,gaussian_noise,8110887724248917447,,,,0.03560458140728037,42,0,0,healthy,0,6.764891,-0.2616321,-7.7138796,123
62fbac19daa0f0b41dba,data/plantvillage/raw/color/Apple___healthy/9ae0c2e4-ff70-4be7-a231-65d4c2acd8ee___RS_HL 7476.JPG,healthy,0,g1912,s_reliability,reliability_train,original,,,,,,42,0,0,healthy,0,4.7555137,-3.5855734,-2.5904696,123
26f7f750d956be1e11c4,data/plantvillage/raw/color/Apple___healthy/9ae0c2e4-ff70-4be7-a231-65d4c2acd8ee___RS_HL 7476.JPG,healthy,0,g1912,s_reliability,reliability_train,brightness,1957392015398206129,1.2053108793343164,,,,42,0,0,healthy,0,4.2949123,-3.2367125,-2.5698504,123
b7aaf7657ef02f9516cb,data/plantvillage/raw/color/Apple___healthy/9ae0c2e4-ff70-4be7-a231-65d4c2acd8ee___RS_HL 7476.JPG,healthy,0,g1912,s_reliability,reliability_train,contrast,4533524086223755762,,0.9123918244022174,,,42,0,0,healthy,0,5.0249686,-3.8569257,-2.541477,123
47a6f7c622ecc0aa4e61,data/plantvillage/raw/color/Apple___healthy/9ae0c2e4-ff70-4be7-a231-65d4c2acd8ee___RS_HL 7476.JPG,healthy,0,g1912,s_reliability,reliability_train,gaussian_blur,2209691604365263776,,,0.9317948613434373,,42,0,0,healthy,0,3.7902653,-3.7075078,-0.81323075,123
962b5ebfafc42b024339,data/plantvillage/raw/color/Apple___healthy/9ae0c2e4-ff70-4be7-a231-65d4c2acd8ee___RS_HL 7476.JPG,healthy,0,g1912,s_reliability,reliability_train,gaussian_noise,8970161104145363465,,,,0.031093844717937448,42,0,0,healthy,0,4.313924,-3.1327755,-2.7014287,123
ce166dd54dd358ace9fd,data/plantvillage/raw/color/Apple___healthy/9d135274-b26e-4925-8215-13c928b56b81___RS_HL 7583.JPG,healthy,0,g1919,s_reliability,reliability_train,original,,,,,,42,0,0,healthy,0,6.055943,-2.5076914,-5.061619,123
4e6232b173db47a3b284,data/plantvillage/raw/color/Apple___healthy/9d135274-b26e-4925-8215-13c928b56b81___RS_HL 7583.JPG,healthy,0,g1919,s_reliability,reliability_train,brightness,2496828560817089328,0.9289551454714737,,,,42,0,0,healthy,0,6.1289964,-2.5469134,-5.0474105,123
f734e210431fb8e8a1fb,data/plantvillage/raw/color/Apple___healthy/9d135274-b26e-4925-8215-13c928b56b81___RS_HL 7583.JPG,healthy,0,g1919,s_reliability,reliability_train,contrast,7455392386517940213,,0.8822189345032996,,,42,0,0,healthy,0,6.0831785,-2.614633,-5.0032873,123
17439244a9448b8d652d,data/plantvillage/raw/color/Apple___healthy/9d135274-b26e-4925-8215-13c928b56b81___RS_HL 7583.JPG,healthy,0,g1919,s_reliability,reliability_train,gaussian_blur,2655500414527947852,,,1.4692445853578215,,42,0,0,healthy,0,3.8173883,-2.1240005,-2.4782906,123
674b2592c059a226af92,data/plantvillage/raw/color/Apple___healthy/9d135274-b26e-4925-8215-13c928b56b81___RS_HL 7583.JPG,healthy,0,g1919,s_reliability,reliability_train,gaussian_noise,7264646315966373933,,,,0.047480674929105175,42,0,0,healthy,0,5.984,-2.12714,-5.303654,123
3ebe330997c9e5e06d97,data/plantvillage/raw/color/Apple___healthy/9d72b93c-59d4-41ec-b346-954a1e8e57bb___RS_HL 6284.JPG,healthy,0,g1923,s_reliability,reliability_train,original,,,,,,42,0,0,healthy,0,4.6770034,-0.6721646,-5.569867,123
5c7b54e2830e6086c036,data/plantvillage/raw/color/Apple___healthy/9d72b93c-59d4-41ec-b346-954a1e8e57bb___RS_HL 6284.JPG,healthy,0,g1923,s_reliability,reliability_train,brightness,5410603710412675424,0.9731675997741046,,,,42,0,0,healthy,0,4.6433983,-0.6693072,-5.545289,123
6fbaa3a19923dafbc359,data/plantvillage/raw/color/Apple___healthy/9d72b93c-59d4-41ec-b346-954a1e8e57bb___RS_HL 6284.JPG,healthy,0,g1923,s_reliability,reliability_train,contrast,476341538980532251,,0.7100883873466084,,,42,0,0,healthy,0,4.390027,-0.32501024,-5.689601,123
455aa0e486bf5616d78d,data/plantvillage/raw/color/Apple___healthy/9d72b93c-59d4-41ec-b346-954a1e8e57bb___RS_HL 6284.JPG,healthy,0,g1923,s_reliability,reliability_train,gaussian_blur,962401696441103433,,,1.1696123256116482,,42,0,0,healthy,0,0.084426224,0.05106212,-2.7046142,123
5a194652e896f0ceb4e6,data/plantvillage/raw/color/Apple___healthy/9d72b93c-59d4-41ec-b346-954a1e8e57bb___RS_HL 6284.JPG,healthy,0,g1923,s_reliability,reliability_train,gaussian_noise,8927862717784226049,,,,0.016696836448092073,42,0,0,healthy,0,4.8162603,-0.67043364,-5.686765,123
43f2a5936f0b69a27e39,data/plantvillage/raw/color/Apple___healthy/9dba8abe-f50e-45fe-aa32-17dd4445189b___RS_HL 7489.JPG,healthy,0,g1926,s_reliability,reliability_val,original,,,,,,42,0,0,healthy,0,2.934236,0.96504295,-5.8486133,123
69ad8d9e3c67da633c57,data/plantvillage/raw/color/Apple___healthy/9dba8abe-f50e-45fe-aa32-17dd4445189b___RS_HL 7489.JPG,healthy,0,g1926,s_reliability,reliability_val,brightness,3490148310667869488,1.0640459043962534,,,,42,0,0,healthy,0,2.7553005,1.1575171,-5.9434557,123
dfc694bf178d1fafa492,data/plantvillage/raw/color/Apple___healthy/9dba8abe-f50e-45fe-aa32-17dd4445189b___RS_HL 7489.JPG,healthy,0,g1926,s_reliability,reliability_val,contrast,4717053552065967909,,1.1516539296688726,,,42,0,0,healthy,0,2.8277774,1.2286912,-6.110806,123
da923c515a4476b91419,data/plantvillage/raw/color/Apple___healthy/9dba8abe-f50e-45fe-aa32-17dd4445189b___RS_HL 7489.JPG,healthy,0,g1926,s_reliability,reliability_val,gaussian_blur,7220956373241524960,,,1.218154582305878,,42,0,0,healthy,0,1.361417,0.008629779,-3.0318604,123
8928d39c9ac4e0914fe7,data/plantvillage/raw/color/Apple___healthy/9dba8abe-f50e-45fe-aa32-17dd4445189b___RS_HL 7489.JPG,healthy,0,g1926,s_reliability,reliability_val,gaussian_noise,708718347463870207,,,,0.029588679405449916,42,0,0,healthy,0,2.9703534,1.1291668,-6.0186553,123
7f2827e026bf8a7740a1,data/plantvillage/raw/color/Apple___healthy/9ec4f654-e45e-4910-8b1f-8b9825cefbd1___RS_HL 8173.JPG,healthy,0,g1931,s_reliability,reliability_train,original,,,,,,42,0,0,healthy,0,4.530209,-2.2631085,-4.863403,123
3aecc8ab0feb1400a943,data/plantvillage/raw/color/Apple___healthy/9ec4f654-e45e-4910-8b1f-8b9825cefbd1___RS_HL 8173.JPG,healthy,0,g1931,s_reliability,reliability_train,brightness,5889509873856454709,1.1941101513855408,,,,42,0,0,healthy,0,4.1810336,-2.025561,-4.9186563,123
48dfb3c23aa126687935,data/plantvillage/raw/color/Apple___healthy/9ec4f654-e45e-4910-8b1f-8b9825cefbd1___RS_HL 8173.JPG,healthy,0,g1931,s_reliability,reliability_train,contrast,1169175704921809747,,1.0776320349437893,,,42,0,0,healthy,0,4.5634828,-2.1816409,-4.9548893,123
a90e80a99dafe5477e05,data/plantvillage/raw/color/Apple___healthy/9ec4f654-e45e-4910-8b1f-8b9825cefbd1___RS_HL 8173.JPG,healthy,0,g1931,s_reliability,reliability_train,gaussian_blur,5614500218162616196,,,1.2204465478440092,,42,0,0,healthy,0,1.8587373,-1.4150748,-3.6309834,123
ce74537ef6254adac9d7,data/plantvillage/raw/color/Apple___healthy/9ec4f654-e45e-4910-8b1f-8b9825cefbd1___RS_HL 8173.JPG,healthy,0,g1931,s_reliability,reliability_train,gaussian_noise,7721875719979419660,,,,0.026390747379426635,42,0,0,healthy,0,4.4548664,-2.067163,-5.073873,123
6ad20d15631a9520ed6e,data/plantvillage/raw/color/Apple___healthy/9ee2b5e6-46cf-400f-a82f-660a2ac05157___RS_HL 5643.JPG,healthy,0,g1933,s_reliability,reliability_train,original,,,,,,42,0,0,healthy,0,5.726026,-1.3183938,-6.353379,123
0421dc65b012419aa65d,data/plantvillage/raw/color/Apple___healthy/9ee2b5e6-46cf-400f-a82f-660a2ac05157___RS_HL 5643.JPG,healthy,0,g1933,s_reliability,reliability_train,brightness,6844261724214958249,0.735598146778062,,,,42,0,0,healthy,0,5.510684,-1.2894094,-6.168335,123
98dd13e79f54e070a3ad,data/plantvillage/raw/color/Apple___healthy/9ee2b5e6-46cf-400f-a82f-660a2ac05157___RS_HL 5643.JPG,healthy,0,g1933,s_reliability,reliability_train,contrast,1464826971361628951,,0.9320385533748609,,,42,0,0,healthy,0,5.6527257,-1.3251348,-6.28049,123
63fbebf200c76f83fbec,data/plantvillage/raw/color/Apple___healthy/9ee2b5e6-46cf-400f-a82f-660a2ac05157___RS_HL 5643.JPG,healthy,0,g1933,s_reliability,reliability_train,gaussian_blur,5487144235537111549,,,1.4529892953848034,,42,0,0,healthy,0,3.0276268,-1.3288792,-3.3676314,123
db63c826e2b8f85d9fb8,data/plantvillage/raw/color/Apple___healthy/9ee2b5e6-46cf-400f-a82f-660a2ac05157___RS_HL 5643.JPG,healthy,0,g1933,s_reliability,reliability_train,gaussian_noise,1259086190682439627,,,,0.01975947765504236,42,0,0,healthy,0,5.841683,-1.3350377,-6.459909,123
268953a3588e3dffd298,data/plantvillage/raw/color/Apple___healthy/9f6f67e7-5369-4642-9594-a29fba331a5c___RS_HL 5907.JPG,healthy,0,g1936,s_reliability,reliability_train,original,,,,,,42,0,0,healthy,0,4.914159,-2.9825015,-3.4724188,123
97af82316d8388c0efde,data/plantvillage/raw/color/Apple___healthy/9f6f67e7-5369-4642-9594-a29fba331a5c___RS_HL 5907.JPG,healthy,0,g1936,s_reliability,reliability_train,brightness,1525063315300645881,0.7178000443873906,,,,42,0,0,healthy,0,4.796852,-2.8765724,-3.3589792,123
f6ccac1436002dcfdb43,data/plantvillage/raw/color/Apple___healthy/9f6f67e7-5369-4642-9594-a29fba331a5c___RS_HL 5907.JPG,healthy,0,g1936,s_reliability,reliability_train,contrast,7723155209668242984,,1.247457665498863,,,42,0,0,healthy,0,4.807622,-3.1298695,-3.3308766,123
d0c86ccf68d7d87a5eff,data/plantvillage/raw/color/Apple___healthy/9f6f67e7-5369-4642-9594-a29fba331a5c___RS_HL 5907.JPG,healthy,0,g1936,s_reliability,reliability_train,gaussian_blur,7733449514054732309,,,1.2319199901595452,,42,0,0,healthy,0,2.7763178,-3.3495774,-0.9839204,123
b9c1cc520590e71575b7,data/plantvillage/raw/color/Apple___healthy/9f6f67e7-5369-4642-9594-a29fba331a5c___RS_HL 5907.JPG,healthy,0,g1936,s_reliability,reliability_train,gaussian_noise,8735681164023291135,,,,0.02063931400322449,42,0,0,healthy,0,4.8288965,-2.8620563,-3.568241,123
d95428f39b5f96bf3083,data/plantvillage/raw/color/Apple___healthy/9fe1ea92-d106-4bc5-a0da-072a67c3260b___RS_HL 7828.JPG,healthy,0,g1940,s_reliability,reliability_train,original,,,,,,42,0,0,healthy,0,4.5646424,-1.9852446,-4.6244416,123
e052452f37a32f44b0b7,data/plantvillage/raw/color/Apple___healthy/9fe1ea92-d106-4bc5-a0da-072a67c3260b___RS_HL 7828.JPG,healthy,0,g1940,s_reliability,reliability_train,brightness,7537652849366290316,1.2549368799159533,,,,42,0,0,healthy,0,5.229696,-2.1314552,-4.8737893,123
fe3d598357e537725911,data/plantvillage/raw/color/Apple___healthy/9fe1ea92-d106-4bc5-a0da-072a67c3260b___RS_HL 7828.JPG,healthy,0,g1940,s_reliability,reliability_train,contrast,4453287939242804643,,0.7876709072994226,,,42,0,0,healthy,0,3.1057093,-1.6354105,-4.0146074,123
bf4c3e382fdd3ca1fc96,data/plantvillage/raw/color/Apple___healthy/9fe1ea92-d106-4bc5-a0da-072a67c3260b___RS_HL 7828.JPG,healthy,0,g1940,s_reliability,reliability_train,gaussian_blur,1185428530719799766,,,1.001869554949702,,42,0,0,healthy,0,1.5476032,-1.2999611,-2.7192152,123
115ab7fbaa39d97dd130,data/plantvillage/raw/color/Apple___healthy/9fe1ea92-d106-4bc5-a0da-072a67c3260b___RS_HL 7828.JPG,healthy,0,g1940,s_reliability,reliability_train,gaussian_noise,3009397494064730673,,,,0.020046633580939298,42,0,0,healthy,0,4.762177,-1.972728,-4.7825575,123
291e75e2681e0a00ff12,data/plantvillage/raw/color/Apple___healthy/a09b0571-6876-487c-bf88-bb378dd4f0cc___RS_HL 8057.JPG,healthy,0,g1946,s_reliability,reliability_train,original,,,,,,42,0,0,healthy,0,5.6745043,-3.959937,-3.3502223,123
1dc12b0acf02e6ff4b4e,data/plantvillage/raw/color/Apple___healthy/a09b0571-6876-487c-bf88-bb378dd4f0cc___RS_HL 8057.JPG,healthy,0,g1946,s_reliability,reliability_train,brightness,2019809555721059264,0.76739901303399,,,,42,0,0,healthy,0,6.054761,-4.1426296,-3.5240335,123
c712ad8b2086ae2090a3,data/plantvillage/raw/color/Apple___healthy/a09b0571-6876-487c-bf88-bb378dd4f0cc___RS_HL 8057.JPG,healthy,0,g1946,s_reliability,reliability_train,contrast,6514965221761357719,,0.7858207579393416,,,42,0,0,healthy,0,5.438888,-3.9291728,-3.2219646,123
a4f57ecf7fae8a037bca,data/plantvillage/raw/color/Apple___healthy/a09b0571-6876-487c-bf88-bb378dd4f0cc___RS_HL 8057.JPG,healthy,0,g1946,s_reliability,reliability_train,gaussian_blur,1173719677833698608,,,1.1174517018710808,,42,0,0,healthy,0,3.3623865,-3.8438294,-1.4837842,123
3ed9d9fa5664a650e28a,data/plantvillage/raw/color/Apple___healthy/a09b0571-6876-487c-bf88-bb378dd4f0cc___RS_HL 8057.JPG,healthy,0,g1946,s_reliability,reliability_train,gaussian_noise,5631761365092704992,,,,0.040952880366396806,42,0,0,healthy,0,5.969644,-3.9143846,-3.6551294,123
1f2067988d37126fd56c,data/plantvillage/raw/color/Apple___healthy/a117c853-363a-443a-b489-323fb4239f07___RS_HL 5697.JPG,healthy,0,g1950,s_reliability,reliability_train,original,,,,,,42,0,0,healthy,0,6.5806627,-4.626914,-3.3100715,123
165de95daddfac3f5fc7,data/plantvillage/raw/color/Apple___healthy/a117c853-363a-443a-b489-323fb4239f07___RS_HL 5697.JPG,healthy,0,g1950,s_reliability,reliability_train,brightness,200198696414775433,1.2585435631650108,,,,42,0,0,healthy,0,6.8791704,-5.06517,-3.0792055,123
8aa65913a022724a4697,data/plantvillage/raw/color/Apple___healthy/a117c853-363a-443a-b489-323fb4239f07___RS_HL 5697.JPG,healthy,0,g1950,s_reliability,reliability_train,contrast,7557549151658895338,,1.145875503296426,,,42,0,0,healthy,0,6.8656497,-4.869424,-3.2407503,123
564a311cf4d6d7b63a8f,data/plantvillage/raw/color/Apple___healthy/a117c853-363a-443a-b489-323fb4239f07___RS_HL 5697.JPG,healthy,0,g1950,s_reliability,reliability_train,gaussian_blur,592185314910367776,,,1.1433295691966534,,42,0,0,healthy,0,3.7197556,-4.9246974,-0.41079715,123
b0924808ea34da86caf6,data/plantvillage/raw/color/Apple___healthy/a117c853-363a-443a-b489-323fb4239f07___RS_HL 5697.JPG,healthy,0,g1950,s_reliability,reliability_train,gaussian_noise,3857529363920070534,,,,0.010502513698274454,42,0,0,healthy,0,6.6854177,-4.660713,-3.3538842,123
3b0c84c008c713ea7e7c,data/plantvillage/raw/color/Apple___healthy/a1630d3e-2f30-455e-b259-d92b7b332588___RS_HL 5768.JPG,healthy,0,g1952,s_reliability,reliability_train,original,,,,,,42,0,0,healthy,0,3.489247,-0.89511794,-4.8156066,123
824702add8fc93b309c7,data/plantvillage/raw/color/Apple___healthy/a1630d3e-2f30-455e-b259-d92b7b332588___RS_HL 5768.JPG,healthy,0,g1952,s_reliability,reliability_train,brightness,7323973441651217455,1.037976151727697,,,,42,0,0,healthy,0,3.4378123,-0.8692489,-4.8304143,123
7458964da5c2aa8f6ee8,data/plantvillage/raw/color/Apple___healthy/a1630d3e-2f30-455e-b259-d92b7b332588___RS_HL 5768.JPG,healthy,0,g1952,s_reliability,reliability_train,contrast,1916090955602599114,,0.9016428344573691,,,42,0,0,healthy,0,2.944481,-0.7298898,-4.5206413,123
a7614ce60b9edb3b2ad5,data/plantvillage/raw/color/Apple___healthy/a1630d3e-2f30-455e-b259-d92b7b332588___RS_HL 5768.JPG,healthy,0,g1952,s_reliability,reliability_train,gaussian_blur,508180416453821016,,,1.4510213468179836,,42,0,0,healthy,0,1.1521665,-1.2651634,-2.6907685,123
c67f9a23a17b447831c2,data/plantvillage/raw/color/Apple___healthy/a1630d3e-2f30-455e-b259-d92b7b332588___RS_HL 5768.JPG,healthy,0,g1952,s_reliability,reliability_train,gaussian_noise,5086208195814214850,,,,0.043669520019979154,42,0,0,healthy,0,3.8129072,-1.0155282,-4.843591,123
c0fc222e691930d7f756,data/plantvillage/raw/color/Apple___healthy/a1867bda-d965-4389-8a19-ed13c82df5f6___RS_HL 7655.JPG,healthy,0,g1956,s_reliability,reliability_train,original,,,,,,42,0,0,healthy,0,4.303547,-0.40185508,-4.8638964,123
3862022265e6d1181e4e,data/plantvillage/raw/color/Apple___healthy/a1867bda-d965-4389-8a19-ed13c82df5f6___RS_HL 7655.JPG,healthy,0,g1956,s_reliability,reliability_train,brightness,1067742482402185797,1.1766983730129448,,,,42,0,0,healthy,0,4.003962,-0.23604651,-4.4960604,123
2d63883e0c49477bed84,data/plantvillage/raw/color/Apple___healthy/a1867bda-d965-4389-8a19-ed13c82df5f6___RS_HL 7655.JPG,healthy,0,g1956,s_reliability,reliability_train,contrast,3086120819903391749,,0.8926281147413446,,,42,0,0,healthy,0,4.3134356,-0.40628996,-4.9278216,123
0de1065b5cc61ef1d2e5,data/plantvillage/raw/color/Apple___healthy/a1867bda-d965-4389-8a19-ed13c82df5f6___RS_HL 7655.JPG,healthy,0,g1956,s_reliability,reliability_train,gaussian_blur,8811861850106089010,,,0.714795155014272,,42,0,0,healthy,0,3.1368117,-0.19559982,-4.098639,123
ad28f21930f8830eef7c,data/plantvillage/raw/color/Apple___healthy/a1867bda-d965-4389-8a19-ed13c82df5f6___RS_HL 7655.JPG,healthy,0,g1956,s_reliability,reliability_train,gaussian_noise,1750480815429188158,,,,0.015685421179192995,42,0,0,healthy,0,4.303551,-0.322966,-4.953149,123
83069301cdf56a80ab10,data/plantvillage/raw/color/Apple___healthy/a30bee25-14fb-43d2-9ab2-b179c920839c___RS_HL 5778.JPG,healthy,0,g1962,s_reliability,reliability_train,original,,,,,,42,0,0,healthy,0,4.949391,-0.66877836,-5.893688,123
6c1690f0b39ac3935ffe,data/plantvillage/raw/color/Apple___healthy/a30bee25-14fb-43d2-9ab2-b179c920839c___RS_HL 5778.JPG,healthy,0,g1962,s_reliability,reliability_train,brightness,7956716195833132514,1.1469676709956917,,,,42,0,0,healthy,0,5.6417446,-1.0802827,-5.985383,123
750aa69031df88357c52,data/plantvillage/raw/color/Apple___healthy/a30bee25-14fb-43d2-9ab2-b179c920839c___RS_HL 5778.JPG,healthy,0,g1962,s_reliability,reliability_train,contrast,446752020952832803,,0.7102759170505923,,,42,0,0,healthy,0,3.5758238,-0.010982019,-5.507253,123
b123de8073cb284b74c8,data/plantvillage/raw/color/Apple___healthy/a30bee25-14fb-43d2-9ab2-b179c920839c___RS_HL 5778.JPG,healthy,0,g1962,s_reliability,reliability_train,gaussian_blur,5154750465720268183,,,0.7976636148402988,,42,0,0,healthy,0,3.3508852,-1.0978272,-4.2160687,123
08f4771b5c0d883f91cc,data/plantvillage/raw/color/Apple___healthy/a30bee25-14fb-43d2-9ab2-b179c920839c___RS_HL 5778.JPG,healthy,0,g1962,s_reliability,reliability_train,gaussian_noise,5941214265869941181,,,,0.04950729295885943,42,0,0,healthy,0,5.2799516,-0.6571006,-6.0708075,123
f70c2b05fada9f715e68,data/plantvillage/raw/color/Apple___healthy/a3d2fcfa-645e-419e-91a5-ab626f5fab6c___RS_HL 5930.JPG,healthy,0,g1967,s_reliability,reliability_train,original,,,,,,42,0,0,healthy,0,1.6021637,-4.194405,-0.3669984,123
bd325086f7cc09dfef3a,data/plantvillage/raw/color/Apple___healthy/a3d2fcfa-645e-419e-91a5-ab626f5fab6c___RS_HL 5930.JPG,healthy,0,g1967,s_reliability,reliability_train,brightness,5075507837146037700,1.1602725828286666,,,,42,0,0,healthy,0,1.4141833,-4.0630217,-0.28799328,123
a7069b41b7581c9f6c13,data/plantvillage/raw/color/Apple___healthy/a3d2fcfa-645e-419e-91a5-ab626f5fab6c___RS_HL 5930.JPG,healthy,0,g1967,s_reliability,reliability_train,contrast,3074414387165632344,,1.0553895232743908,,,42,0,0,healthy,0,1.6508075,-4.2571898,-0.31093577,123
3df0eca651c7ef846159,data/plantvillage/raw/color/Apple___healthy/a3d2fcfa-645e-419e-91a5-ab626f5fab6c___RS_HL 5930.JPG,healthy,0,g1967,s_reliability,reliability_train,gaussian_blur,4397072969192598289,,,0.6811640583382815,,42,0,0,healthy,0,0.86523676,-4.219299,0.039263383,123
5f7129e272aca36b0407,data/plantvillage/raw/color/Apple___healthy/a3d2fcfa-645e-419e-91a5-ab626f5fab6c___RS_HL 5930.JPG,healthy,0,g1967,s_reliability,reliability_train,gaussian_noise,4729869661707367205,,,,0.033304702432114336,42,0,0,healthy,0,2.1514475,-4.3250175,-0.74907583,123
2cdd6a826d45fb07dec0,data/plantvillage/raw/color/Apple___healthy/a4c37f29-8f5a-4a06-b6c4-367d523d452a___RS_HL 7374.JPG,healthy,0,g1974,s_reliability,reliability_val,original,,,,,,42,0,0,healthy,0,3.1065457,-1.2107102,-3.7519085,123
5a959739cb1c2d14358c,data/plantvillage/raw/color/Apple___healthy/a4c37f29-8f5a-4a06-b6c4-367d523d452a___RS_HL 7374.JPG,healthy,0,g1974,s_reliability,reliability_val,brightness,7898961004063620482,0.7349515465280065,,,,42,0,0,healthy,0,1.4660217,-0.2839311,-3.3043468,123
64e2c3865e60c6fb17e8,data/plantvillage/raw/color/Apple___healthy/a4c37f29-8f5a-4a06-b6c4-367d523d452a___RS_HL 7374.JPG,healthy,0,g1974,s_reliability,reliability_val,contrast,7556187443793209943,,1.2494489160017606,,,42,0,0,healthy,0,2.0556796,-0.76751155,-3.3605618,123
3402bc8abd6cfcd98497,data/plantvillage/raw/color/Apple___healthy/a4c37f29-8f5a-4a06-b6c4-367d523d452a___RS_HL 7374.JPG,healthy,0,g1974,s_reliability,reliability_val,gaussian_blur,1091700716879289725,,,0.7303080351563106,,42,0,0,healthy,0,1.7371337,-1.3663775,-2.391413,123
2ab4ef8ffe3212a47d4c,data/plantvillage/raw/color/Apple___healthy/a4c37f29-8f5a-4a06-b6c4-367d523d452a___RS_HL 7374.JPG,healthy,0,g1974,s_reliability,reliability_val,gaussian_noise,486533051707874144,,,,0.0417766127975099,42,0,0,healthy,0,2.8315518,-0.94372183,-3.9967086,123
070c93342984907550b5,data/plantvillage/raw/color/Apple___healthy/a5121b4f-be3e-4911-9d15-2678a0ccf66d___RS_HL 7751.JPG,healthy,0,g1978,s_reliability,reliability_train,original,,,,,,42,0,0,healthy,0,6.3808312,-3.2577956,-4.234793,123
3e2f91f593215cb74dbd,data/plantvillage/raw/color/Apple___healthy/a5121b4f-be3e-4911-9d15-2678a0ccf66d___RS_HL 7751.JPG,healthy,0,g1978,s_reliability,reliability_train,brightness,7992976223824075641,1.2663086675174542,,,,42,0,0,healthy,0,6.65114,-3.0283198,-4.5829754,123
ca44bd998478676c0bbb,data/plantvillage/raw/color/Apple___healthy/a5121b4f-be3e-4911-9d15-2678a0ccf66d___RS_HL 7751.JPG,healthy,0,g1978,s_reliability,reliability_train,contrast,1753327160021163720,,0.7735294452513153,,,42,0,0,healthy,0,5.892448,-3.0680282,-4.1143417,123
c2e35077939544fb09bc,data/plantvillage/raw/color/Apple___healthy/a5121b4f-be3e-4911-9d15-2678a0ccf66d___RS_HL 7751.JPG,healthy,0,g1978,s_reliability,reliability_train,gaussian_blur,165241369601886178,,,1.0345128096220702,,42,0,0,healthy,0,2.8115385,-3.183801,-1.5260786,123
77bab7017ae61cd9a00e,data/plantvillage/raw/color/Apple___healthy/a5121b4f-be3e-4911-9d15-2678a0ccf66d___RS_HL 7751.JPG,healthy,0,g1978,s_reliability,reliability_train,gaussian_noise,8566740453195156263,,,,0.02610663587989611,42,0,0,healthy,0,6.3865294,-3.1752331,-4.3619585,123
f4bab3c8d15a189a3bf0,data/plantvillage/raw/color/Apple___healthy/a88f01ad-8550-49f1-9757-e9e9649d81b2___RS_HL 7360.JPG,healthy,0,g1993,s_reliability,reliability_val,original,,,,,,42,0,0,healthy,0,5.057706,-1.3581728,-5.219218,123
515db098cd592ec1f181,data/plantvillage/raw/color/Apple___healthy/a88f01ad-8550-49f1-9757-e9e9649d81b2___RS_HL 7360.JPG,healthy,0,g1993,s_reliability,reliability_val,brightness,7500708774172815379,0.8118947388103231,,,,42,0,0,healthy,0,4.5119815,-0.96805817,-5.3009562,123
b40a33c9771842e3a4aa,data/plantvillage/raw/color/Apple___healthy/a88f01ad-8550-49f1-9757-e9e9649d81b2___RS_HL 7360.JPG,healthy,0,g1993,s_reliability,reliability_val,contrast,535255375431193790,,0.7241075819315624,,,42,0,0,healthy,0,4.1545577,-0.9583274,-5.0777216,123
80e98451433a526bdcbd,data/plantvillage/raw/color/Apple___healthy/a88f01ad-8550-49f1-9757-e9e9649d81b2___RS_HL 7360.JPG,healthy,0,g1993,s_reliability,reliability_val,gaussian_blur,6433988538793917785,,,1.2908847358483613,,42,0,0,healthy,0,0.8338141,-1.2911838,-1.7641842,123
cbd404a40a2932fb959b,data/plantvillage/raw/color/Apple___healthy/a88f01ad-8550-49f1-9757-e9e9649d81b2___RS_HL 7360.JPG,healthy,0,g1993,s_reliability,reliability_val,gaussian_noise,3927204207686837137,,,,0.041024757851550686,42,0,0,healthy,0,5.5478196,-1.454109,-5.5113673,123
1253f252c744319318e6,data/plantvillage/raw/color/Apple___healthy/ab56c266-3b13-43f0-9856-587367a3b45a___RS_HL 5770.JPG,healthy,0,g2006,s_reliability,reliability_train,original,,,,,,42,0,0,healthy,0,3.4281592,-1.1674619,-4.6775374,123
b55f533d2a63b55cb278,data/plantvillage/raw/color/Apple___healthy/ab56c266-3b13-43f0-9856-587367a3b45a___RS_HL 5770.JPG,healthy,0,g2006,s_reliability,reliability_train,brightness,451514512543377409,0.8839924642081585,,,,42,0,0,healthy,0,3.4402373,-1.1522224,-4.654136,123
305dd07a673f4728150a,data/plantvillage/raw/color/Apple___healthy/ab56c266-3b13-43f0-9856-587367a3b45a___RS_HL 5770.JPG,healthy,0,g2006,s_reliability,reliability_train,contrast,4388648076040762014,,0.7673279338694884,,,42,0,0,healthy,0,2.8006585,-1.1479354,-4.193096,123
c1bf9cd022bb8ab89e90,data/plantvillage/raw/color/Apple___healthy/ab56c266-3b13-43f0-9856-587367a3b45a___RS_HL 5770.JPG,healthy,0,g2006,s_reliability,reliability_train,gaussian_blur,6465789348957909642,,,1.2830599820721533,,42,0,0,healthy,0,-0.45078146,-0.98457116,-1.5297388,123
302e7c28b0aa7f646b30,data/plantvillage/raw/color/Apple___healthy/ab56c266-3b13-43f0-9856-587367a3b45a___RS_HL 5770.JPG,healthy,0,g2006,s_reliability,reliability_train,gaussian_noise,6118476766142093037,,,,0.04407345886675848,42,0,0,healthy,0,3.8529005,-0.7136285,-5.504979,123
e3852d02097ebb4eeb3f,data/plantvillage/raw/color/Apple___healthy/ac41e650-367c-4a74-b26e-0a983bc1223b___RS_HL 7743.JPG,healthy,0,g2012,s_reliability,reliability_train,original,,,,,,42,0,0,healthy,0,3.6266143,-0.9988632,-4.1341534,123
06766d3e861eca137d90,data/plantvillage/raw/color/Apple___healthy/ac41e650-367c-4a74-b26e-0a983bc1223b___RS_HL 7743.JPG,healthy,0,g2012,s_reliability,reliability_train,brightness,7713814557536224564,0.8882149151885678,,,,42,0,0,healthy,0,3.5164702,-1.0685648,-3.9628785,123
795b0b5c48f9c3fc09f3,data/plantvillage/raw/color/Apple___healthy/ac41e650-367c-4a74-b26e-0a983bc1223b___RS_HL 7743.JPG,healthy,0,g2012,s_reliability,reliability_train,contrast,1966902615970420452,,1.2620992901688532,,,42,0,0,healthy,0,3.6932664,-0.7437641,-4.2866697,123
a53a94443e04257797bb,data/plantvillage/raw/color/Apple___healthy/ac41e650-367c-4a74-b26e-0a983bc1223b___RS_HL 7743.JPG,healthy,0,g2012,s_reliability,reliability_train,gaussian_blur,1798259220780833073,,,1.4576806590925004,,42,0,0,healthy,0,-0.08150114,-0.49905547,-1.1333611,123
45f91dbcb93bb88f834a,data/plantvillage/raw/color/Apple___healthy/ac41e650-367c-4a74-b26e-0a983bc1223b___RS_HL 7743.JPG,healthy,0,g2012,s_reliability,reliability_train,gaussian_noise,4685519702170125109,,,,0.04708561648270997,42,0,0,healthy,0,2.909258,-0.41275063,-4.139412,123
09e66af59f86feadcd5e,data/plantvillage/raw/color/Apple___healthy/ac9eef55-7ba7-4663-913a-6c68fc5b3376___RS_HL 5696.JPG,healthy,0,g2016,s_reliability,reliability_train,original,,,,,,42,0,0,healthy,0,7.78642,-3.720488,-5.1925893,123
6cebc39202a0a858fd55,data/plantvillage/raw/color/Apple___healthy/ac9eef55-7ba7-4663-913a-6c68fc5b3376___RS_HL 5696.JPG,healthy,0,g2016,s_reliability,reliability_train,brightness,2181875437142406949,1.2644341940202617,,,,42,0,0,healthy,0,8.345961,-3.8779304,-5.332648,123
22f461519d51c81c70fd,data/plantvillage/raw/color/Apple___healthy/ac9eef55-7ba7-4663-913a-6c68fc5b3376___RS_HL 5696.JPG,healthy,0,g2016,s_reliability,reliability_train,contrast,420369281112985065,,0.9077061235780632,,,42,0,0,healthy,0,7.068106,-3.4467838,-5.002442,123
6c1dc2383775c56450c0,data/plantvillage/raw/color/Apple___healthy/ac9eef55-7ba7-4663-913a-6c68fc5b3376___RS_HL 5696.JPG,healthy,0,g2016,s_reliability,reliability_train,gaussian_blur,4388417118540763769,,,0.9508285800921739,,42,0,0,healthy,0,4.155259,-2.9889247,-3.1559095,123
7bd36e10b885987b970e,data/plantvillage/raw/color/Apple___healthy/ac9eef55-7ba7-4663-913a-6c68fc5b3376___RS_HL 5696.JPG,healthy,0,g2016,s_reliability,reliability_train,gaussian_noise,6983981520002202230,,,,0.026404415395693534,42,0,0,healthy,0,8.322244,-3.8847203,-5.384637,123
744902081ddfac40a186,data/plantvillage/raw/color/Apple___healthy/af413561-59ca-4d3a-9e7d-34711b946db4___RS_HL 6298.JPG,healthy,0,g2032,s_reliability,reliability_train,original,,,,,,42,0,0,healthy,0,5.2182145,-4.3495293,-3.008803,123
2d4533a774fd4a1f2f27,data/plantvillage/raw/color/Apple___healthy/af413561-59ca-4d3a-9e7d-34711b946db4___RS_HL 6298.JPG,healthy,0,g2032,s_reliability,reliability_train,brightness,8199595439608167233,0.9889335125215225,,,,42,0,0,healthy,0,5.1699457,-4.3624063,-2.9629552,123
16e63094ee7862347562,data/plantvillage/raw/color/Apple___healthy/af413561-59ca-4d3a-9e7d-34711b946db4___RS_HL 6298.JPG,healthy,0,g2032,s_reliability,reliability_train,contrast,5730671122905601923,,1.1627440952004102,,,42,0,0,healthy,0,5.3879414,-4.3737044,-3.1133926,123
68e54cfa3e13d69ab905,data/plantvillage/raw/color/Apple___healthy/af413561-59ca-4d3a-9e7d-34711b946db4___RS_HL 6298.JPG,healthy,0,g2032,s_reliability,reliability_train,gaussian_blur,8320925033306606058,,,0.5903022859214198,,42,0,0,healthy,0,3.6819546,-4.2666693,-1.8622683,123
b15427e5ed9955de0c3b,data/plantvillage/raw/color/Apple___healthy/af413561-59ca-4d3a-9e7d-34711b946db4___RS_HL 6298.JPG,healthy,0,g2032,s_reliability,reliability_train,gaussian_noise,1363805099464080102,,,,0.027320267348527723,42,0,0,healthy,0,5.286997,-4.3532267,-2.999604,123
63893e739ea2c66c11c4,data/plantvillage/raw/color/Apple___healthy/b0178b88-d413-498c-a6de-1d7cef560d3a___RS_HL 7925.JPG,healthy,0,g2036,s_reliability,reliability_train,original,,,,,,42,0,0,healthy,0,6.225944,-2.0414014,-5.0724792,123
054b4dad6c2b9a9b861b,data/plantvillage/raw/color/Apple___healthy/b0178b88-d413-498c-a6de-1d7cef560d3a___RS_HL 7925.JPG,healthy,0,g2036,s_reliability,reliability_train,brightness,5492418601785591051,1.040595192750638,,,,42,0,0,healthy,0,6.3787484,-2.1452343,-5.0620303,123
bc210691884254ad33b6,data/plantvillage/raw/color/Apple___healthy/b0178b88-d413-498c-a6de-1d7cef560d3a___RS_HL 7925.JPG,healthy,0,g2036,s_reliability,reliability_train,contrast,2604726697876932199,,1.286382156053878,,,42,0,0,healthy,0,6.370069,-2.1223674,-5.087507,123
55b95e030db525278e14,data/plantvillage/raw/color/Apple___healthy/b0178b88-d413-498c-a6de-1d7cef560d3a___RS_HL 7925.JPG,healthy,0,g2036,s_reliability,reliability_train,gaussian_blur,3885239844635962475,,,1.0599791249609647,,42,0,0,healthy,0,3.8263927,-2.1835349,-2.9656794,123
0d4ab6824ad10676e67c,data/plantvillage/raw/color/Apple___healthy/b0178b88-d413-498c-a6de-1d7cef560d3a___RS_HL 7925.JPG,healthy,0,g2036,s_reliability,reliability_train,gaussian_noise,7736519202645945334,,,,0.046990988000148524,42,0,0,healthy,0,6.427285,-2.2097065,-5.083964,123
c014d9de167931d8920f,data/plantvillage/raw/color/Apple___healthy/b228e0e9-6082-4f02-a31e-11077fff799a___RS_HL 8143.JPG,healthy,0,g2048,s_reliability,reliability_train,original,,,,,,42,0,0,healthy,0,4.3445067,-3.9771461,-2.8165321,123
17ceda6fec27cd197ba3,data/plantvillage/raw/color/Apple___healthy/b228e0e9-6082-4f02-a31e-11077fff799a___RS_HL 8143.JPG,healthy,0,g2048,s_reliability,reliability_train,brightness,7637982741032775424,1.1705180812361504,,,,42,0,0,healthy,0,4.295999,-3.9868405,-2.7236547,123
847f420aee99fed89484,data/plantvillage/raw/color/Apple___healthy/b228e0e9-6082-4f02-a31e-11077fff799a___RS_HL 8143.JPG,healthy,0,g2048,s_reliability,reliability_train,contrast,2006005395170838457,,1.196111763122233,,,42,0,0,healthy,0,4.315288,-3.739054,-3.0650907,123
82f6efda7e07ecc824e0,data/plantvillage/raw/color/Apple___healthy/b228e0e9-6082-4f02-a31e-11077fff799a___RS_HL 8143.JPG,healthy,0,g2048,s_reliability,reliability_train,gaussian_blur,1781274265058439557,,,0.9401300438385838,,42,0,0,healthy,0,2.273171,-4.1428394,-0.7278708,123
0def429112ec7e6e4d00,data/plantvillage/raw/color/Apple___healthy/b228e0e9-6082-4f02-a31e-11077fff799a___RS_HL 8143.JPG,healthy,0,g2048,s_reliability,reliability_train,gaussian_noise,3322207022313814604,,,,0.04985034398722949,42,0,0,healthy,0,4.4926014,-3.3413637,-3.4938028,123
8cfcec343a400fc28a96,data/plantvillage/raw/color/Apple___healthy/b31c759a-547a-46de-937f-56714107db63___RS_HL 5857.JPG,healthy,0,g2052,s_reliability,reliability_train,original,,,,,,42,0,0,healthy,0,5.6406965,-1.3404745,-5.9227915,123
9b516bdcb4c6e4d4c135,data/plantvillage/raw/color/Apple___healthy/b31c759a-547a-46de-937f-56714107db63___RS_HL 5857.JPG,healthy,0,g2052,s_reliability,reliability_train,brightness,4776868927905034655,1.073415129158139,,,,42,0,0,healthy,0,5.7335205,-1.3492612,-5.9922385,123
677e40d0e3c206a175f0,data/plantvillage/raw/color/Apple___healthy/b31c759a-547a-46de-937f-56714107db63___RS_HL 5857.JPG,healthy,0,g2052,s_reliability,reliability_train,contrast,7493919670663009087,,1.105498708664748,,,42,0,0,healthy,0,5.8037896,-1.3963459,-6.0592647,123
99a0275708a18491dae4,data/plantvillage/raw/color/Apple___healthy/b31c759a-547a-46de-937f-56714107db63___RS_HL 5857.JPG,healthy,0,g2052,s_reliability,reliability_train,gaussian_blur,5389729614572656442,,,0.7087394573119055,,42,0,0,healthy,0,4.965057,-1.7030723,-4.9187183,123
f71e3a9ecb82b3352db7,data/plantvillage/raw/color/Apple___healthy/b31c759a-547a-46de-937f-56714107db63___RS_HL 5857.JPG,healthy,0,g2052,s_reliability,reliability_train,gaussian_noise,1649962379641599326,,,,0.026142903337634048,42,0,0,healthy,0,5.8246336,-1.3823417,-6.0020742,123
160f9bb94b09e1efcc97,data/plantvillage/raw/color/Apple___healthy/b3731461-8db1-42f5-9976-5f3b8b72935b___RS_HL 5973.JPG,healthy,0,g2056,s_reliability,reliability_val,original,,,,,,42,0,0,healthy,0,3.5067272,-4.4676533,-1.4784865,123
8885ae1dc8102ed621f9,data/plantvillage/raw/color/Apple___healthy/b3731461-8db1-42f5-9976-5f3b8b72935b___RS_HL 5973.JPG,healthy,0,g2056,s_reliability,reliability_val,brightness,4714727046780064339,0.7875658312668739,,,,42,0,0,healthy,0,4.0121207,-4.2507954,-1.9248835,123
2c60a57a15112d0ba617,data/plantvillage/raw/color/Apple___healthy/b3731461-8db1-42f5-9976-5f3b8b72935b___RS_HL 5973.JPG,healthy,0,g2056,s_reliability,reliability_val,contrast,6385588251591397663,,1.2822563415305734,,,42,0,0,healthy,0,3.855452,-4.575665,-1.5489964,123
4a34568047a560e04c9a,data/plantvillage/raw/color/Apple___healthy/b3731461-8db1-42f5-9976-5f3b8b72935b___RS_HL 5973.JPG,healthy,0,g2056,s_reliability,reliability_val,gaussian_blur,3419429777540369926,,,1.3460412565313944,,42,0,2,rust,1,0.025515968,-4.7858624,1.7327263,123
8af7a48f8fcb1014a457,data/plantvillage/raw/color/Apple___healthy/b3731461-8db1-42f5-9976-5f3b8b72935b___RS_HL 5973.JPG,healthy,0,g2056,s_reliability,reliability_val,gaussian_noise,4009949446650723733,,,,0.04752258620926362,42,0,0,healthy,0,4.1657662,-4.196456,-2.1128573,123
73628dbb90eead517cb4,data/plantvillage/raw/color/Apple___healthy/b3a6e935-5855-48b2-905a-e3d6e1806e94___RS_HL 5688.JPG,healthy,0,g2058,s_reliability,reliability_train,original,,,,,,42,0,0,healthy,0,6.6345778,-0.8868043,-7.476906,123
3534e484cccdf0d7cd34,data/plantvillage/raw/color/Apple___healthy/b3a6e935-5855-48b2-905a-e3d6e1806e94___RS_HL 5688.JPG,healthy,0,g2058,s_reliability,reliability_train,brightness,1557578092205089252,0.8328826552240327,,,,42,0,0,healthy,0,6.3947134,-0.8223406,-7.366413,123
2aa38fbb21c9e5417f44,data/plantvillage/raw/color/Apple___healthy/b3a6e935-5855-48b2-905a-e3d6e1806e94___RS_HL 5688.JPG,healthy,0,g2058,s_reliability,reliability_train,contrast,4365394970387706490,,1.26964990020902,,,42,0,0,healthy,0,6.2419095,-0.8034386,-6.737089,123
ed5b28457cd2f8e393ae,data/plantvillage/raw/color/Apple___healthy/b3a6e935-5855-48b2-905a-e3d6e1806e94___RS_HL 5688.JPG,healthy,0,g2058,s_reliability,reliability_train,gaussian_blur,9135699124895660896,,,1.4844609674448979,,42,0,0,healthy,0,3.4673316,-0.7324754,-5.226681,123
8f2c6cbb34c8b9e68573,data/plantvillage/raw/color/Apple___healthy/b3a6e935-5855-48b2-905a-e3d6e1806e94___RS_HL 5688.JPG,healthy,0,g2058,s_reliability,reliability_train,gaussian_noise,1845308470184377975,,,,0.019697229979750715,42,0,0,healthy,0,6.7421103,-0.8467113,-7.6209154,123
794b44ebb2444282ec0c,data/plantvillage/raw/color/Apple___healthy/b681e485-e0a6-489f-b9c9-c67d67e70801___RS_HL 5874.JPG,healthy,0,g2065,s_reliability,reliability_train,original,,,,,,42,0,0,healthy,0,4.524393,-0.53806555,-6.0539904,123
5cf2009b309a19fe4628,data/plantvillage/raw/color/Apple___healthy/b681e485-e0a6-489f-b9c9-c67d67e70801___RS_HL 5874.JPG,healthy,0,g2065,s_reliability,reliability_train,brightness,1680582776402040823,0.9833869774273425,,,,42,0,0,healthy,0,4.500112,-0.55134565,-6.012479,123
c733ee7a80bb9ac34ca0,data/plantvillage/raw/color/Apple___healthy/b681e485-e0a6-489f-b9c9-c67d67e70801___RS_HL 5874.JPG,healthy,0,g2065,s_reliability,reliability_train,contrast,5902776104711382083,,1.0231692700704949,,,42,0,0,healthy,0,4.588809,-0.55841774,-6.0683084,123
31e633bacad86a375cba,data/plantvillage/raw/color/Apple___healthy/b681e485-e0a6-489f-b9c9-c67d67e70801___RS_HL 5874.JPG,healthy,0,g2065,s_reliability,reliability_train,gaussian_blur,4708892453808620805,,,1.0526122812565537,,42,0,0,healthy,0,1.6263192,-0.5443489,-3.607411,123
d2c4d3ce026cbf30a268,data/plantvillage/raw/color/Apple___healthy/b681e485-e0a6-489f-b9c9-c67d67e70801___RS_HL 5874.JPG,healthy,0,g2065,s_reliability,reliability_train,gaussian_noise,1162522399652330452,,,,0.0246761782972328,42,0,0,healthy,0,4.5937805,-0.60576695,-6.0745144,123
cfab5c96afc0dab85cf0,data/plantvillage/raw/color/Apple___healthy/b68238fa-2e01-43b2-bf8c-0e9d38848b02___RS_HL 6289.JPG,healthy,0,g2066,s_reliability,reliability_val,original,,,,,,42,0,0,healthy,0,4.997818,-3.3455307,-3.456858,123
68be8c726f9f5a718049,data/plantvillage/raw/color/Apple___healthy/b68238fa-2e01-43b2-bf8c-0e9d38848b02___RS_HL 6289.JPG,healthy,0,g2066,s_reliability,reliability_val,brightness,8457567747609506247,0.782399998924246,,,,42,0,0,healthy,0,4.8597345,-3.4381611,-3.2287304,123
68fee5889423ffdae47c,data/plantvillage/raw/color/Apple___healthy/b68238fa-2e01-43b2-bf8c-0e9d38848b02___RS_HL 6289.JPG,healthy,0,g2066,s_reliability,reliability_val,contrast,8774000798985531735,,1.0603544629313357,,,42,0,0,healthy,0,5.0219655,-3.3081665,-3.513656,123
6abec8924216e97e4be1,data/plantvillage/raw/color/Apple___healthy/b68238fa-2e01-43b2-bf8c-0e9d38848b02___RS_HL 6289.JPG,healthy,0,g2066,s_reliability,reliability_val,gaussian_blur,7869332010863974810,,,0.7342636898935917,,42,0,0,healthy,0,3.4588068,-3.3383253,-2.2723558,123
473b56d5d14684bc027a,data/plantvillage/raw/color/Apple___healthy/b68238fa-2e01-43b2-bf8c-0e9d38848b02___RS_HL 6289.JPG,healthy,0,g2066,s_reliability,reliability_val,gaussian_noise,2482522779772872238,,,,0.03583691907425137,42,0,0,healthy,0,5.4763646,-3.2091045,-3.9670792,123
2502e2067afee52a04c0,data/plantvillage/raw/color/Apple___healthy/b776b468-ee06-4871-98da-3998ead30369___RS_HL 7438.JPG,healthy,0,g2070,s_reliability,reliability_train,original,,,,,,42,0,0,healthy,0,4.747019,-3.4787786,-3.2687724,123
feb9cab263530de1b591,data/plantvillage/raw/color/Apple___healthy/b776b468-ee06-4871-98da-3998ead30369___RS_HL 7438.JPG,healthy,0,g2070,s_reliability,reliability_train,brightness,2365677643134394711,1.0750175719115558,,,,42,0,0,healthy,0,5.056994,-3.62235,-3.3452523,123
ce2d1faf72e93b46c967,data/plantvillage/raw/color/Apple___healthy/b776b468-ee06-4871-98da-3998ead30369___RS_HL 7438.JPG,healthy,0,g2070,s_reliability,reliability_train,contrast,9116424773941449745,,1.1582506044210392,,,42,0,0,healthy,0,4.518939,-3.3934457,-3.0884764,123
3b2b5d0c03a4ba870436,data/plantvillage/raw/color/Apple___healthy/b776b468-ee06-4871-98da-3998ead30369___RS_HL 7438.JPG,healthy,0,g2070,s_reliability,reliability_train,gaussian_blur,4214952760034534401,,,1.145537661875724,,42,0,0,healthy,0,0.7038597,-2.865919,-0.4725834,123
43d21f64228f02b6a398,data/plantvillage/raw/color/Apple___healthy/b776b468-ee06-4871-98da-3998ead30369___RS_HL 7438.JPG,healthy,0,g2070,s_reliability,reliability_train,gaussian_noise,8988735410193991802,,,,0.04292261798365551,42,0,0,healthy,0,5.031781,-3.5769386,-3.370497,123
914929a7b6e6dc1da420,data/plantvillage/raw/color/Apple___healthy/b85dfb75-f620-427c-9108-02547560a2b4___RS_HL 5913.JPG,healthy,0,g2076,s_reliability,reliability_train,original,,,,,,42,0,0,healthy,0,4.7720175,-3.5245163,-2.5531533,123
e58e134fcc430ee89ec7,data/plantvillage/raw/color/Apple___healthy/b85dfb75-f620-427c-9108-02547560a2b4___RS_HL 5913.JPG,healthy,0,g2076,s_reliability,reliability_train,brightness,8793225143273527977,0.8240762318657053,,,,42,0,0,healthy,0,5.001628,-3.3595483,-2.8617923,123
0f91858be88370d9de90,data/plantvillage/raw/color/Apple___healthy/b85dfb75-f620-427c-9108-02547560a2b4___RS_HL 5913.JPG,healthy,0,g2076,s_reliability,reliability_train,contrast,6265584697138144249,,1.0196394665234805,,,42,0,0,healthy,0,4.6430492,-3.5545442,-2.4271367,123
06ad2989bdd028d57844,data/plantvillage/raw/color/Apple___healthy/b85dfb75-f620-427c-9108-02547560a2b4___RS_HL 5913.JPG,healthy,0,g2076,s_reliability,reliability_train,gaussian_blur,8792802007609175368,,,1.0849505554052472,,42,0,0,healthy,0,2.8722415,-3.4503522,-1.0670699,123
48434e8f2d35659598af,data/plantvillage/raw/color/Apple___healthy/b85dfb75-f620-427c-9108-02547560a2b4___RS_HL 5913.JPG,healthy,0,g2076,s_reliability,reliability_train,gaussian_noise,5061046377607003889,,,,0.042060955853097264,42,0,0,healthy,0,4.6757765,-3.4823034,-2.486741,123
04d2b4a60c21f8d6ec2c,data/plantvillage/raw/color/Apple___healthy/ba04fd9d-8914-4513-bc3a-2b8c3998fe83___RS_HL 7256.JPG,healthy,0,g2087,s_reliability,reliability_train,original,,,,,,42,0,0,healthy,0,3.0344675,-1.2589346,-3.5676954,123
dc36a0b7a3a467c0e987,data/plantvillage/raw/color/Apple___healthy/ba04fd9d-8914-4513-bc3a-2b8c3998fe83___RS_HL 7256.JPG,healthy,0,g2087,s_reliability,reliability_train,brightness,1797921920118738268,0.9750794405813554,,,,42,0,0,healthy,0,2.938909,-1.2778643,-3.4787774,123
148bc3c742bfa25ec639,data/plantvillage/raw/color/Apple___healthy/ba04fd9d-8914-4513-bc3a-2b8c3998fe83___RS_HL 7256.JPG,healthy,0,g2087,s_reliability,reliability_train,contrast,438113381768895326,,1.0730466078895762,,,42,0,0,healthy,0,3.0843196,-1.2624459,-3.6195502,123
361f095e4ca4bd4d69af,data/plantvillage/raw/color/Apple___healthy/ba04fd9d-8914-4513-bc3a-2b8c3998fe83___RS_HL 7256.JPG,healthy,0,g2087,s_reliability,reliability_train,gaussian_blur,4751290530091350662,,,1.0119356399405826,,42,0,0,healthy,0,0.62870365,-1.6421498,-0.8987244,123
96b69ecb0c23fd6313ff,data/plantvillage/raw/color/Apple___healthy/ba04fd9d-8914-4513-bc3a-2b8c3998fe83___RS_HL 7256.JPG,healthy,0,g2087,s_reliability,reliability_train,gaussian_noise,1742269739191165336,,,,0.029219425287541373,42,0,0,healthy,0,3.032536,-1.3266108,-3.5079808,123
7721a2f5d01660e128ba,data/plantvillage/raw/color/Apple___healthy/ba78848a-d307-4ba9-bb8e-34de742de684___RS_HL 7266.JPG,healthy,0,g2093,s_reliability,reliability_train,original,,,,,,42,0,0,healthy,0,3.3702426,-1.0500525,-4.111253,123
9612d51fc0b1da50df6d,data/plantvillage/raw/color/Apple___healthy/ba78848a-d307-4ba9-bb8e-34de742de684___RS_HL 7266.JPG,healthy,0,g2093,s_reliability,reliability_train,brightness,180513268911619436,1.2057437902938726,,,,42,0,0,healthy,0,3.3409905,-0.9376386,-4.1188293,123
e8ce493e638642d12931,data/plantvillage/raw/color/Apple___healthy/ba78848a-d307-4ba9-bb8e-34de742de684___RS_HL 7266.JPG,healthy,0,g2093,s_reliability,reliability_train,contrast,6656166065330326980,,0.7337856621956077,,,42,0,0,healthy,0,2.9628026,-1.1568135,-3.7224834,123
d1fc300c3500dfaf4322,data/plantvillage/raw/color/Apple___healthy/ba78848a-d307-4ba9-bb8e-34de742de684___RS_HL 7266.JPG,healthy,0,g2093,s_reliability,reliability_train,gaussian_blur,6324544314400759133,,,0.9060317365141395,,42,0,0,healthy,0,1.1856986,-0.92302877,-2.3550496,123
920f573ac66cba575dd7,data/plantvillage/raw/color/Apple___healthy/ba78848a-d307-4ba9-bb8e-34de742de684___RS_HL 7266.JPG,healthy,0,g2093,s_reliability,reliability_train,gaussian_noise,8329810117937817382,,,,0.01784257470756679,42,0,0,healthy,0,3.4235067,-1.0770842,-4.1071043,123
cf5548f25743edc0cbcb,data/plantvillage/raw/color/Apple___healthy/bc0818a9-ad35-4d9d-93c7-20a9901c0781___RS_HL 8098.JPG,healthy,0,g2101,s_reliability,reliability_val,original,,,,,,42,0,0,healthy,0,7.3122697,-3.6211329,-4.9864063,123
c5da03b69c50479a35a8,data/plantvillage/raw/color/Apple___healthy/bc0818a9-ad35-4d9d-93c7-20a9901c0781___RS_HL 8098.JPG,healthy,0,g2101,s_reliability,reliability_val,brightness,8799735336434726382,1.1911884074886696,,,,42,0,0,healthy,0,7.1645203,-3.5509474,-4.936992,123
22263a5e23990c1da4b5,data/plantvillage/raw/color/Apple___healthy/bc0818a9-ad35-4d9d-93c7-20a9901c0781___RS_HL 8098.JPG,healthy,0,g2101,s_reliability,reliability_val,contrast,8902078070277646931,,1.0630424896404822,,,42,0,0,healthy,0,7.3425875,-3.5613964,-5.0773506,123
a3544a52fd98140addcd,data/plantvillage/raw/color/Apple___healthy/bc0818a9-ad35-4d9d-93c7-20a9901c0781___RS_HL 8098.JPG,healthy,0,g2101,s_reliability,reliability_val,gaussian_blur,5838627005906542724,,,1.4980776906589175,,42,0,0,healthy,0,3.0655386,-4.0860167,-0.79833215,123
f49f3d9cdcaee007e3e1,data/plantvillage/raw/color/Apple___healthy/bc0818a9-ad35-4d9d-93c7-20a9901c0781___RS_HL 8098.JPG,healthy,0,g2101,s_reliability,reliability_val,gaussian_noise,6057847952184625287,,,,0.021363723166747527,42,0,0,healthy,0,7.791579,-3.7098658,-5.2457476,123
fb2efa36c811ccac5edb,data/plantvillage/raw/color/Apple___healthy/bd802f98-838a-4703-b38d-5db77ddac1b8___RS_HL 8154.JPG,healthy,0,g2109,s_reliability,reliability_train,original,,,,,,42,0,0,healthy,0,6.942456,-3.2789805,-4.8334446,123
7f53cd330d2ea1fe791d,data/plantvillage/raw/color/Apple___healthy/bd802f98-838a-4703-b38d-5db77ddac1b8___RS_HL 8154.JPG,healthy,0,g2109,s_reliability,reliability_train,brightness,9127502360244515742,1.0745386500691125,,,,42,0,0,healthy,0,6.851278,-3.1319792,-4.939454,123
95fe9696745ad8eed9ca,data/plantvillage/raw/color/Apple___healthy/bd802f98-838a-4703-b38d-5db77ddac1b8___RS_HL 8154.JPG,healthy,0,g2109,s_reliability,reliability_train,contrast,2071369085903572210,,0.7312516795632684,,,42,0,0,healthy,0,6.042709,-3.1595545,-4.3576646,123
21aa9884eacc2caefb52,data/plantvillage/raw/color/Apple___healthy/bd802f98-838a-4703-b38d-5db77ddac1b8___RS_HL 8154.JPG,healthy,0,g2109,s_reliability,reliability_train,gaussian_blur,4730092531262903168,,,1.370288419602689,,42,0,0,healthy,0,3.3451664,-2.9034402,-2.007573,123
97bbe061f5b08f600ae9,data/plantvillage/raw/color/Apple___healthy/bd802f98-838a-4703-b38d-5db77ddac1b8___RS_HL 8154.JPG,healthy,0,g2109,s_reliability,reliability_train,gaussian_noise,901818618789934454,,,,0.039976350567291326,42,0,0,healthy,0,6.924273,-3.3957617,-4.8935523,123
63022531ff9fa6fc0d45,data/plantvillage/raw/color/Apple___healthy/bd9222f6-b97a-4e5b-ac0f-ff320f5f7180___RS_HL 7630.JPG,healthy,0,g2113,s_reliability,reliability_val,original,,,,,,42,0,0,healthy,0,4.977644,-0.7430778,-5.907622,123
390bd4462123782ef427,data/plantvillage/raw/color/Apple___healthy/bd9222f6-b97a-4e5b-ac0f-ff320f5f7180___RS_HL 7630.JPG,healthy,0,g2113,s_reliability,reliability_val,brightness,172015498134347704,1.175835998070807,,,,42,0,0,healthy,0,4.93554,-0.691379,-5.9892926,123
f0854de0092f6d905a02,data/plantvillage/raw/color/Apple___healthy/bd9222f6-b97a-4e5b-ac0f-ff320f5f7180___RS_HL 7630.JPG,healthy,0,g2113,s_reliability,reliability_val,contrast,1577609515580477337,,0.7522504153515164,,,42,0,0,healthy,0,4.888908,-0.8932901,-5.5806084,123
db77dd87a49dcc26424e,data/plantvillage/raw/color/Apple___healthy/bd9222f6-b97a-4e5b-ac0f-ff320f5f7180___RS_HL 7630.JPG,healthy,0,g2113,s_reliability,reliability_val,gaussian_blur,4790145554200165788,,,1.0741143929785053,,42,0,0,healthy,0,3.240131,-0.8249016,-4.224976,123
245a46211af3d8cc0fa3,data/plantvillage/raw/color/Apple___healthy/bd9222f6-b97a-4e5b-ac0f-ff320f5f7180___RS_HL 7630.JPG,healthy,0,g2113,s_reliability,reliability_val,gaussian_noise,3926349062987368425,,,,0.013728333983041923,42,0,0,healthy,0,4.9336762,-0.7391106,-5.881047,123
8221998e3131b7c66a72,data/plantvillage/raw/color/Apple___healthy/be0f61c7-6307-4492-8a2c-50987ca6890e___RS_HL 7403.JPG,healthy,0,g2118,s_reliability,reliability_train,original,,,,,,42,0,0,healthy,0,4.9545646,-2.8305552,-3.8710546,123
2e21325ce3d08a600010,data/plantvillage/raw/color/Apple___healthy/be0f61c7-6307-4492-8a2c-50987ca6890e___RS_HL 7403.JPG,healthy,0,g2118,s_reliability,reliability_train,brightness,9121134459745642125,1.2434822609539822,,,,42,0,0,healthy,0,5.199608,-3.1847394,-3.6209674,123
7b79c93fc6b10ba34a80,data/plantvillage/raw/color/Apple___healthy/be0f61c7-6307-4492-8a2c-50987ca6890e___RS_HL 7403.JPG,healthy,0,g2118,s_reliability,reliability_train,contrast,2399888761978609597,,0.8268785206328331,,,42,0,0,healthy,0,4.0782566,-2.2813327,-3.8094847,123
20b720a3564367538a11,data/plantvillage/raw/color/Apple___healthy/be0f61c7-6307-4492-8a2c-50987ca6890e___RS_HL 7403.JPG,healthy,0,g2118,s_reliability,reliability_train,gaussian_blur,1348339869800633035,,,1.459088779663769,,42,0,0,healthy,0,0.8350369,-2.9210114,-0.33022043,123
def40ccdb802d9030596,data/plantvillage/raw/color/Apple___healthy/be0f61c7-6307-4492-8a2c-50987ca6890e___RS_HL 7403.JPG,healthy,0,g2118,s_reliability,reliability_train,gaussian_noise,6399073601265097094,,,,0.017409783859069407,42,0,0,healthy,0,5.0170918,-2.9482386,-3.7767656,123
86e3dc387cc38132ee5e,data/plantvillage/raw/color/Apple___healthy/bf26ad48-1ebb-4186-a52c-e249dc19317e___RS_HL 8195.JPG,healthy,0,g2126,s_reliability,reliability_train,original,,,,,,42,0,0,healthy,0,6.1028275,-3.535013,-4.342619,123
096673625b34be9bafa8,data/plantvillage/raw/color/Apple___healthy/bf26ad48-1ebb-4186-a52c-e249dc19317e___RS_HL 8195.JPG,healthy,0,g2126,s_reliability,reliability_train,brightness,8227145813088676731,0.976378392652633,,,,42,0,0,healthy,0,6.0492015,-3.5086477,-4.3149085,123
3146ebb62de44e56e0f9,data/plantvillage/raw/color/Apple___healthy/bf26ad48-1ebb-4186-a52c-e249dc19317e___RS_HL 8195.JPG,healthy,0,g2126,s_reliability,reliability_train,contrast,2056087432683652734,,1.0382942568963212,,,42,0,0,healthy,0,6.184369,-3.5381143,-4.3679132,123
a9f65182625141ed8ddf,data/plantvillage/raw/color/Apple___healthy/bf26ad48-1ebb-4186-a52c-e249dc19317e___RS_HL 8195.JPG,healthy,0,g2126,s_reliability,reliability_train,gaussian_blur,370705917543667655,,,0.6733940116910309,,42,0,0,healthy,0,5.61663,-4.166533,-3.0680773,123
a678a9c3a9d5feb9ad65,data/plantvillage/raw/color/Apple___healthy/bf26ad48-1ebb-4186-a52c-e249dc19317e___RS_HL 8195.JPG,healthy,0,g2126,s_reliability,reliability_train,gaussian_noise,2746301745903897519,,,,0.027721141446319215,42,0,0,healthy,0,6.006855,-3.341697,-4.516462,123
888b52343da7f4711815,data/plantvillage/raw/color/Apple___healthy/c0045dfa-da87-423c-a78c-07eb2fd456f3___RS_HL 7764.JPG,healthy,0,g2135,s_reliability,reliability_train,original,,,,,,42,0,0,healthy,0,6.6897225,-1.9506478,-5.9990025,123
096e12326ba1358ab7bc,data/plantvillage/raw/color/Apple___healthy/c0045dfa-da87-423c-a78c-07eb2fd456f3___RS_HL 7764.JPG,healthy,0,g2135,s_reliability,reliability_train,brightness,1532155772140127187,0.7931166418417321,,,,42,0,0,healthy,0,6.3888364,-1.9760032,-5.7118664,123
f58852c48802d7043b39,data/plantvillage/raw/color/Apple___healthy/c0045dfa-da87-423c-a78c-07eb2fd456f3___RS_HL 7764.JPG,healthy,0,g2135,s_reliability,reliability_train,contrast,775863984280875838,,0.9335391385990268,,,42,0,0,healthy,0,6.7278743,-2.0337617,-5.918532,123
4963d9da05435f66c46e,data/plantvillage/raw/color/Apple___healthy/c0045dfa-da87-423c-a78c-07eb2fd456f3___RS_HL 7764.JPG,healthy,0,g2135,s_reliability,reliability_train,gaussian_blur,7247662756099903798,,,0.926635856422753,,42,0,0,healthy,0,3.8117166,-1.7886329,-3.4005468,123
6e5e47b091aad1e7a036,data/plantvillage/raw/color/Apple___healthy/c0045dfa-da87-423c-a78c-07eb2fd456f3___RS_HL 7764.JPG,healthy,0,g2135,s_reliability,reliability_train,gaussian_noise,5304108229709561733,,,,0.013365112575058654,42,0,0,healthy,0,6.7184186,-1.9716613,-6.0033674,123
2bb6537ddc619451a37d,data/plantvillage/raw/color/Apple___healthy/c07b5a20-2ebb-44b8-8a17-f8ce3890de91___RS_HL 7638.JPG,healthy,0,g2139,s_reliability,reliability_val,original,,,,,,42,0,0,healthy,0,4.5543027,-1.2513934,-3.8073192,123
f1b6e0934442c95160a6,data/plantvillage/raw/color/Apple___healthy/c07b5a20-2ebb-44b8-8a17-f8ce3890de91___RS_HL 7638.JPG,healthy,0,g2139,s_reliability,reliability_val,brightness,4136809796246448102,1.1644180034227662,,,,42,0,0,healthy,0,4.2614303,-0.9460393,-3.740245,123
066b0d32ec838be62e22,data/plantvillage/raw/color/Apple___healthy/c07b5a20-2ebb-44b8-8a17-f8ce3890de91___RS_HL 7638.JPG,healthy,0,g2139,s_reliability,reliability_val,contrast,6682999832582545643,,0.9094378625301304,,,42,0,0,healthy,0,4.597922,-1.3141472,-3.8007224,123
7a3f6527b2d2ee39723a,data/plantvillage/raw/color/Apple___healthy/c07b5a20-2ebb-44b8-8a17-f8ce3890de91___RS_HL 7638.JPG,healthy,0,g2139,s_reliability,reliability_val,gaussian_blur,3732462432036423482,,,0.5425326936863613,,42,0,0,healthy,0,3.719563,-1.293914,-3.2789023,123
1423e1eff43e520c37a1,data/plantvillage/raw/color/Apple___healthy/c07b5a20-2ebb-44b8-8a17-f8ce3890de91___RS_HL 7638.JPG,healthy,0,g2139,s_reliability,reliability_val,gaussian_noise,8446512876443846145,,,,0.019923722101704684,42,0,0,healthy,0,4.524839,-1.0418608,-3.952524,123
7e758aef47a2c0d2ea82,data/plantvillage/raw/color/Apple___healthy/c08ff541-b426-4e5b-8630-98b5246b7d20___RS_HL 5642.JPG,healthy,0,g2140,s_reliability,reliability_val,original,,,,,,42,0,0,healthy,0,6.6768823,-2.2290993,-5.6212845,123
59eab770ef4c82f5bb5e,data/plantvillage/raw/color/Apple___healthy/c08ff541-b426-4e5b-8630-98b5246b7d20___RS_HL 5642.JPG,healthy,0,g2140,s_reliability,reliability_val,brightness,7901447760014914251,0.8321592187134841,,,,42,0,0,healthy,0,6.747106,-2.3078394,-5.571255,123
340c40ac5a402d0b0b14,data/plantvillage/raw/color/Apple___healthy/c08ff541-b426-4e5b-8630-98b5246b7d20___RS_HL 5642.JPG,healthy,0,g2140,s_reliability,reliability_val,contrast,7040978899187286917,,0.8991585219142556,,,42,0,0,healthy,0,6.2329617,-2.032387,-5.524701,123
58d462692c51c595ac13,data/plantvillage/raw/color/Apple___healthy/c08ff541-b426-4e5b-8630-98b5246b7d20___RS_HL 5642.JPG,healthy,0,g2140,s_reliability,reliability_val,gaussian_blur,1129685229107744488,,,1.1421320484811093,,42,0,0,healthy,0,3.794758,-2.183557,-2.9853463,123
308dce40c23b2e5b7069,data/plantvillage/raw/color/Apple___healthy/c08ff541-b426-4e5b-8630-98b5246b7d20___RS_HL 5642.JPG,healthy,0,g2140,s_reliability,reliability_val,gaussian_noise,3658720964194921241,,,,0.033149885763990604,42,0,0,healthy,0,6.5545206,-2.089556,-5.6762514,123
76a8543645381c52d935,data/plantvillage/raw/color/Apple___healthy/c09a02e7-f47a-4dea-b648-eaad0d9f3df1___RS_HL 6037.JPG,healthy,0,g2141,s_reliability,reliability_train,original,,,,,,42,0,0,healthy,0,5.465629,-4.4331045,-2.7417767,123
6a2f501c947e679f4f20,data/plantvillage/raw/color/Apple___healthy/c09a02e7-f47a-4dea-b648-eaad0d9f3df1___RS_HL 6037.JPG,healthy,0,g2141,s_reliability,reliability_train,brightness,7318574128096411402,1.1855160279488623,,,,42,0,0,healthy,0,5.745127,-4.6586103,-2.8389585,123
946fa4518aa9f2d5dc6a,data/plantvillage/raw/color/Apple___healthy/c09a02e7-f47a-4dea-b648-eaad0d9f3df1___RS_HL 6037.JPG,healthy,0,g2141,s_reliability,reliability_train,contrast,3111374834762598035,,0.9047617592988995,,,42,0,0,healthy,0,5.2119,-4.3138723,-2.6899862,123
ee652b1447143f8f85e8,data/plantvillage/raw/color/Apple___healthy/c09a02e7-f47a-4dea-b648-eaad0d9f3df1___RS_HL 6037.JPG,healthy,0,g2141,s_reliability,reliability_train,gaussian_blur,7061840616175433430,,,1.1269335419549655,,42,0,0,healthy,0,3.1911445,-3.7157626,-1.3358086,123
2d5b2821ad6017de922b,data/plantvillage/raw/color/Apple___healthy/c09a02e7-f47a-4dea-b648-eaad0d9f3df1___RS_HL 6037.JPG,healthy,0,g2141,s_reliability,reliability_train,gaussian_noise,4482699771422407971,,,,0.025298880006848164,42,0,0,healthy,0,5.4624357,-4.258256,-2.8219953,123
3ac461c53350246cd845,data/plantvillage/raw/color/Apple___healthy/c1b8e085-537b-4a2d-890f-76f0dabb4757___RS_HL 7928.JPG,healthy,0,g2144,s_reliability,reliability_train,original,,,,,,42,0,0,healthy,0,4.5163155,-2.4500873,-4.1419706,123
f579f873ef99dce65c51,data/plantvillage/raw/color/Apple___healthy/c1b8e085-537b-4a2d-890f-76f0dabb4757___RS_HL 7928.JPG,healthy,0,g2144,s_reliability,reliability_train,brightness,1677776963707918586,1.2760265259765902,,,,42,0,0,healthy,0,4.7262883,-2.7106056,-4.0308356,123
421293c9aad272f74b0a,data/plantvillage/raw/color/Apple___healthy/c1b8e085-537b-4a2d-890f-76f0dabb4757___RS_HL 7928.JPG,healthy,0,g2144,s_reliability,reliability_train,contrast,5161992963489675810,,1.1510633574445606,,,42,0,0,healthy,0,4.3310614,-2.4062178,-4.065594,123
0183e5521c14f5926f7d,data/plantvillage/raw/color/Apple___healthy/c1b8e085-537b-4a2d-890f-76f0dabb4757___RS_HL 7928.JPG,healthy,0,g2144,s_reliability,reliability_train,gaussian_blur,8152934542376510886,,,0.8090933183456908,,42,0,0,healthy,0,2.6208398,-2.7417972,-2.196642,123
9b658006bd18434f5565,data/plantvillage/raw/color/Apple___healthy/c1b8e085-537b-4a2d-890f-76f0dabb4757___RS_HL 7928.JPG,healthy,0,g2144,s_reliability,reliability_train,gaussian_noise,5007149080097467802,,,,0.044034355099742205,42,0,0,healthy,0,4.8665404,-2.4836698,-4.353105,123
e69efec21c669a324563,data/plantvillage/raw/color/Apple___healthy/c25d42b9-915a-442d-bdae-d1405e76b8a8___RS_HL 6179.JPG,healthy,0,g2149,s_reliability,reliability_train,original,,,,,,42,0,0,healthy,0,5.499918,-4.8722286,-2.4127188,123
58d6150421542ba6bff2,data/plantvillage/raw/color/Apple___healthy/c25d42b9-915a-442d-bdae-d1405e76b8a8___RS_HL 6179.JPG,healthy,0,g2149,s_reliability,reliability_train,brightness,4975643983549160138,0.7828723129237003,,,,42,0,0,healthy,0,5.4822345,-4.60478,-2.6485775,123
c3b2b05adad34ae3e9cd,data/plantvillage/raw/color/Apple___healthy/c25d42b9-915a-442d-bdae-d1405e76b8a8___RS_HL 6179.JPG,healthy,0,g2149,s_reliability,reliability_train,contrast,1845452395850228451,,1.0076742398983352,,,42,0,0,healthy,0,5.476998,-4.861697,-2.406214,123
24b542153842a1d5398b,data/plantvillage/raw/color/Apple___healthy/c25d42b9-915a-442d-bdae-d1405e76b8a8___RS_HL 6179.JPG,healthy,0,g2149,s_reliability,reliability_train,gaussian_blur,5608949054174404126,,,1.2117603423095487,,42,0,0,healthy,0,3.057051,-4.157972,-0.62844545,123
b9681b88dc47bb44bd33,data/plantvillage/raw/color/Apple___healthy/c25d42b9-915a-442d-bdae-d1405e76b8a8___RS_HL 6179.JPG,healthy,0,g2149,s_reliability,reliability_train,gaussian_noise,2363685273175047632,,,,0.01793314336763409,42,0,0,healthy,0,5.328135,-4.7461586,-2.407243,123
e1c97c5e292b2a6dbbde,data/plantvillage/raw/color/Apple___healthy/c2aa2c88-d07b-4df4-80c7-1ba703254844___RS_HL 5727.JPG,healthy,0,g2151,s_reliability,reliability_train,original,,,,,,42,0,0,healthy,0,7.0374155,-1.4419383,-6.3005705,123
1a6cfda8efeb2f5bb136,data/plantvillage/raw/color/Apple___healthy/c2aa2c88-d07b-4df4-80c7-1ba703254844___RS_HL 5727.JPG,healthy,0,g2151,s_reliability,reliability_train,brightness,6201872872046183563,1.273212599505423,,,,42,0,0,healthy,0,7.0860367,-1.4675946,-6.367349,123
1815407a8b8f1ac9b00d,data/plantvillage/raw/color/Apple___healthy/c2aa2c88-d07b-4df4-80c7-1ba703254844___RS_HL 5727.JPG,healthy,0,g2151,s_reliability,reliability_train,contrast,3181043192243917182,,1.2471065682876934,,,42,0,0,healthy,0,6.3732815,-1.2276349,-5.911864,123
cbbe1180db7338481052,data/plantvillage/raw/color/Apple___healthy/c2aa2c88-d07b-4df4-80c7-1ba703254844___RS_HL 5727.JPG,healthy,0,g2151,s_reliability,reliability_train,gaussian_blur,2564162601311862432,,,1.316633947873317,,42,0,0,healthy,0,3.4381523,-0.7756,-3.7898612,123
40422b4f368270506cc2,data/plantvillage/raw/color/Apple___healthy/c2aa2c88-d07b-4df4-80c7-1ba703254844___RS_HL 5727.JPG,healthy,0,g2151,s_reliability,reliability_train,gaussian_noise,6784817004498070987,,,,0.048790632152740106,42,0,0,healthy,0,7.2506585,-1.1870334,-6.798891,123
75b0869adf8aae41dd63,data/plantvillage/raw/color/Apple___healthy/c3d84f64-28b0-4ea7-a45a-ea564a9b801e___RS_HL 5648.JPG,healthy,0,g2158,s_reliability,reliability_train,original,,,,,,42,0,0,healthy,0,4.7228827,-1.4577882,-4.967157,123
35ac56fb741a094f2716,data/plantvillage/raw/color/Apple___healthy/c3d84f64-28b0-4ea7-a45a-ea564a9b801e___RS_HL 5648.JPG,healthy,0,g2158,s_reliability,reliability_train,brightness,7994818079403712818,1.2575528817467188,,,,42,0,0,healthy,0,4.600953,-1.558181,-4.7677355,123
64402d869636aaa4a088,data/plantvillage/raw/color/Apple___healthy/c3d84f64-28b0-4ea7-a45a-ea564a9b801e___RS_HL 5648.JPG,healthy,0,g2158,s_reliability,reliability_train,contrast,1212969349029424454,,1.205650426023518,,,42,0,0,healthy,0,4.537732,-1.3703749,-4.853245,123
df5ed01dcdacf76e3125,data/plantvillage/raw/color/Apple___healthy/c3d84f64-28b0-4ea7-a45a-ea564a9b801e___RS_HL 5648.JPG,healthy,0,g2158,s_reliability,reliability_train,gaussian_blur,5136720669961115547,,,1.1422573694045977,,42,0,0,healthy,0,1.6798397,-1.35393,-2.68403,123
56e905d1a2dc46828ec1,data/plantvillage/raw/color/Apple___healthy/c3d84f64-28b0-4ea7-a45a-ea564a9b801e___RS_HL 5648.JPG,healthy,0,g2158,s_reliability,reliability_train,gaussian_noise,7852498339695922455,,,,0.04366808621332278,42,0,0,healthy,0,4.7420497,-1.366702,-5.019942,123
457d1a37e95138172a1d,data/plantvillage/raw/color/Apple___healthy/c6086c14-d6e9-4c87-8bfe-1275b959bcf7___RS_HL 7369.JPG,healthy,0,g2172,s_reliability,reliability_train,original,,,,,,42,0,0,healthy,0,5.0195107,-3.3214495,-3.3746195,123
ede64b1785f2d8d8ba4b,data/plantvillage/raw/color/Apple___healthy/c6086c14-d6e9-4c87-8bfe-1275b959bcf7___RS_HL 7369.JPG,healthy,0,g2172,s_reliability,reliability_train,brightness,5394427658917039094,0.9354401784262952,,,,42,0,0,healthy,0,4.690886,-3.1481671,-3.3683262,123
e054ff9e13f3bb0bc32a,data/plantvillage/raw/color/Apple___healthy/c6086c14-d6e9-4c87-8bfe-1275b959bcf7___RS_HL 7369.JPG,healthy,0,g2172,s_reliability,reliability_train,contrast,7789996325212330467,,0.7916179709294502,,,42,0,0,healthy,0,3.742485,-2.676781,-3.2198548,123
b7a34ce31c963501f0ae,data/plantvillage/raw/color/Apple___healthy/c6086c14-d6e9-4c87-8bfe-1275b959bcf7___RS_HL 7369.JPG,healthy,0,g2172,s_reliability,reliability_train,gaussian_blur,8629583409565100548,,,1.2716252582297112,,42,0,0,healthy,0,0.4601766,-2.9743738,0.060056373,123
b0ca338f7c89770cae29,data/plantvillage/raw/color/Apple___healthy/c6086c14-d6e9-4c87-8bfe-1275b959bcf7___RS_HL 7369.JPG,healthy,0,g2172,s_reliability,reliability_train,gaussian_noise,2254907848757832646,,,,0.011241313295914832,42,0,0,healthy,0,5.094057,-3.3631237,-3.3962312,123
a9679fcd52c3ba748012,data/plantvillage/raw/color/Apple___healthy/c73cded7-83a5-4c2f-8f38-0b225165822c___RS_HL 5826.JPG,healthy,0,g2179,s_reliability,reliability_train,original,,,,,,42,0,0,healthy,0,4.7664065,0.096715055,-6.9230237,123
e8abc3fecbb4b1d1ea38,data/plantvillage/raw/color/Apple___healthy/c73cded7-83a5-4c2f-8f38-0b225165822c___RS_HL 5826.JPG,healthy,0,g2179,s_reliability,reliability_train,brightness,6113367042011943218,1.215894431776288,,,,42,0,0,healthy,0,5.1620784,0.028206583,-7.0533276,123
a584311c6b1f3e8cb2ef,data/plantvillage/raw/color/Apple___healthy/c73cded7-83a5-4c2f-8f38-0b225165822c___RS_HL 5826.JPG,healthy,0,g2179,s_reliability,reliability_train,contrast,3791320965133240713,,0.9556493379130255,,,42,0,0,healthy,0,4.678601,0.07861125,-6.845581,123
a59e6807e7f43a94b241,data/plantvillage/raw/color/Apple___healthy/c73cded7-83a5-4c2f-8f38-0b225165822c___RS_HL 5826.JPG,healthy,0,g2179,s_reliability,reliability_train,gaussian_blur,7382405189823223510,,,1.042292375793967,,42,0,0,healthy,0,1.9936088,-0.48101285,-4.27493,123
ac3c5b8a37c97c04a0a3,data/plantvillage/raw/color/Apple___healthy/c73cded7-83a5-4c2f-8f38-0b225165822c___RS_HL 5826.JPG,healthy,0,g2179,s_reliability,reliability_train,gaussian_noise,119254409845564898,,,,0.04006657299981804,42,0,0,healthy,0,4.6094193,0.44564816,-7.144047,123
d8d013fe8824113a8843,data/plantvillage/raw/color/Apple___healthy/c866af3f-3279-42b7-8e3d-f4f1a84f733b___RS_HL 5883.JPG,healthy,0,g2184,s_reliability,reliability_train,original,,,,,,42,0,0,healthy,0,3.7607234,0.6908719,-5.998766,123
3146e51c9588f5387b83,data/plantvillage/raw/color/Apple___healthy/c866af3f-3279-42b7-8e3d-f4f1a84f733b___RS_HL 5883.JPG,healthy,0,g2184,s_reliability,reliability_train,brightness,330768210966878635,0.8890688501277324,,,,42,0,0,healthy,0,3.684167,0.75714487,-5.984247,123
028fd09ceb969a90d691,data/plantvillage/raw/color/Apple___healthy/c866af3f-3279-42b7-8e3d-f4f1a84f733b___RS_HL 5883.JPG,healthy,0,g2184,s_reliability,reliability_train,contrast,5028767337899419748,,0.8100007568238327,,,42,0,0,healthy,0,3.534131,0.8083454,-5.9829297,123
1d5dbb1003cb4af040b8,data/plantvillage/raw/color/Apple___healthy/c866af3f-3279-42b7-8e3d-f4f1a84f733b___RS_HL 5883.JPG,healthy,0,g2184,s_reliability,reliability_train,gaussian_blur,2920656181605310539,,,1.006898562633301,,42,0,0,healthy,0,1.1712779,0.5501711,-3.5561724,123
ba4708c1b17a170c183d,data/plantvillage/raw/color/Apple___healthy/c866af3f-3279-42b7-8e3d-f4f1a84f733b___RS_HL 5883.JPG,healthy,0,g2184,s_reliability,reliability_train,gaussian_noise,1152016542204788266,,,,0.04851951592932933,42,0,0,healthy,0,3.66157,1.1878066,-6.4534135,123
8a4505126d63ec85f759,data/plantvillage/raw/color/Apple___healthy/c93d7101-89bf-48d9-bcb2-3957da7131ff___RS_HL 8035.JPG,healthy,0,g2194,s_reliability,reliability_train,original,,,,,,42,0,0,healthy,0,7.59123,-2.8307426,-5.4475684,123
7ceb163ba4d4d5c781b7,data/plantvillage/raw/color/Apple___healthy/c93d7101-89bf-48d9-bcb2-3957da7131ff___RS_HL 8035.JPG,healthy,0,g2194,s_reliability,reliability_train,brightness,5558281756690160530,1.2342082225566018,,,,42,0,0,healthy,0,7.1119127,-2.2965238,-5.5579963,123
cc9dc915bd10b312bd21,data/plantvillage/raw/color/Apple___healthy/c93d7101-89bf-48d9-bcb2-3957da7131ff___RS_HL 8035.JPG,healthy,0,g2194,s_reliability,reliability_train,contrast,1727359253534302747,,1.1531299635432988,,,42,0,0,healthy,0,7.5494227,-2.727947,-5.4320254,123
1b253d31926640ac3ca3,data/plantvillage/raw/color/Apple___healthy/c93d7101-89bf-48d9-bcb2-3957da7131ff___RS_HL 8035.JPG,healthy,0,g2194,s_reliability,reliability_train,gaussian_blur,6823915968152106117,,,1.105232134183948,,42,0,0,healthy,0,4.214429,-2.7113538,-2.350129,123
1b5ffcc52a4b37788c3d,data/plantvillage/raw/color/Apple___healthy/c93d7101-89bf-48d9-bcb2-3957da7131ff___RS_HL 8035.JPG,healthy,0,g2194,s_reliability,reliability_train,gaussian_noise,6750806713100144370,,,,0.047024848288745466,42,0,0,healthy,0,7.575874,-2.8243299,-5.424523,123
82ed3d908665f2e1dc62,data/plantvillage/raw/color/Apple___healthy/c9ea6277-0581-43dd-91d6-3fddfdf447be___RS_HL 7412.JPG,healthy,0,g2201,s_reliability,reliability_train,original,,,,,,42,0,0,healthy,0,5.929321,-3.1388857,-4.4949994,123
822c0094bef49ad08600,data/plantvillage/raw/color/Apple___healthy/c9ea6277-0581-43dd-91d6-3fddfdf447be___RS_HL 7412.JPG,healthy,0,g2201,s_reliability,reliability_train,brightness,1124035242754723277,0.8019236110275227,,,,42,0,0,healthy,0,5.674143,-2.7678354,-4.772272,123
94c2782dd6d8123420e6,data/plantvillage/raw/color/Apple___healthy/c9ea6277-0581-43dd-91d6-3fddfdf447be___RS_HL 7412.JPG,healthy,0,g2201,s_reliability,reliability_train,contrast,2955705320888015645,,1.2402788890882799,,,42,0,0,healthy,0,5.9016385,-3.283457,-4.3021526,123
39e79f2f41950698819a,data/plantvillage/raw/color/Apple___healthy/c9ea6277-0581-43dd-91d6-3fddfdf447be___RS_HL 7412.JPG,healthy,0,g2201,s_reliability,reliability_train,gaussian_blur,4061784450760376337,,,1.2924075736535614,,42,0,0,healthy,0,1.6197722,-2.1511333,-1.8180556,123
f9ec2d35b0aa7dd62e70,data/plantvillage/raw/color/Apple___healthy/c9ea6277-0581-43dd-91d6-3fddfdf447be___RS_HL 7412.JPG,healthy,0,g2201,s_reliability,reliability_train,gaussian_noise,3925436085287329716,,,,0.04505315712271693,42,0,0,healthy,0,5.781225,-3.3384366,-4.183932,123
8500a0cf656fe4b1fed3,data/plantvillage/raw/color/Apple___healthy/ca1cb6e7-c72f-4c06-b7c8-b370b48a74c6___RS_HL 5691.JPG,healthy,0,g2205,s_reliability,reliability_train,original,,,,,,42,0,0,healthy,0,5.0651236,1.1506023,-8.163921,123
967900037b163b43e812,data/plantvillage/raw/color/Apple___healthy/ca1cb6e7-c72f-4c06-b7c8-b370b48a74c6___RS_HL 5691.JPG,healthy,0,g2205,s_reliability,reliability_train,brightness,64681054543535096,1.001574255859222,,,,42,0,0,healthy,0,5.0651236,1.1506023,-8.163921,123
83b1045b83dca0a99383,data/plantvillage/raw/color/Apple___healthy/ca1cb6e7-c72f-4c06-b7c8-b370b48a74c6___RS_HL 5691.JPG,healthy,0,g2205,s_reliability,reliability_train,contrast,5758528568764750168,,0.7633893097679888,,,42,0,0,healthy,0,4.778632,1.1373855,-7.931961,123
eee0a6bc0885f2422383,data/plantvillage/raw/color/Apple___healthy/ca1cb6e7-c72f-4c06-b7c8-b370b48a74c6___RS_HL 5691.JPG,healthy,0,g2205,s_reliability,reliability_train,gaussian_blur,6625218194976635370,,,0.904363199516303,,42,0,0,healthy,0,2.349325,1.310706,-6.0373554,123
596b5eac10966d1b10a7,data/plantvillage/raw/color/Apple___healthy/ca1cb6e7-c72f-4c06-b7c8-b370b48a74c6___RS_HL 5691.JPG,healthy,0,g2205,s_reliability,reliability_train,gaussian_noise,6547022880932985936,,,,0.023021299768056377,42,0,0,healthy,0,5.17873,1.4445146,-8.599017,123
bebca8e78ed688ce6e11,data/plantvillage/raw/color/Apple___healthy/ca4458ac-56ef-41f3-b7a9-6084846069fd___RS_HL 6072.JPG,healthy,0,g2206,s_reliability,reliability_train,original,,,,,,42,0,0,healthy,0,1.8237772,-2.5457242,-2.2726722,123
a70d299b7492ea987647,data/plantvillage/raw/color/Apple___healthy/ca4458ac-56ef-41f3-b7a9-6084846069fd___RS_HL 6072.JPG,healthy,0,g2206,s_reliability,reliability_train,brightness,5264637720931447667,1.0428163542857307,,,,42,0,0,healthy,0,1.7962307,-2.5444574,-2.2600489,123
a3cb9cc297a5198d4314,data/plantvillage/raw/color/Apple___healthy/ca4458ac-56ef-41f3-b7a9-6084846069fd___RS_HL 6072.JPG,healthy,0,g2206,s_reliability,reliability_train,contrast,5567781488950657950,,1.0330599578339454,,,42,0,0,healthy,0,1.8370819,-2.5350666,-2.301706,123
fcfb03ff1f10602f4529,data/plantvillage/raw/color/Apple___healthy/ca4458ac-56ef-41f3-b7a9-6084846069fd___RS_HL 6072.JPG,healthy,0,g2206,s_reliability,reliability_train,gaussian_blur,8320185244374521532,,,0.5419395901439416,,42,0,0,healthy,0,1.3845948,-2.3931084,-1.9875642,123
42d33cd20760f08f4231,data/plantvillage/raw/color/Apple___healthy/ca4458ac-56ef-41f3-b7a9-6084846069fd___RS_HL 6072.JPG,healthy,0,g2206,s_reliability,reliability_train,gaussian_noise,6758029274646793271,,,,0.038366033395993086,42,0,0,healthy,0,2.0641325,-2.4487731,-2.5688584,123
2c8e862b7a76a72c7d9a,data/plantvillage/raw/color/Apple___healthy/ca66c694-e8cb-47df-84af-b4c46de1fd3e___RS_HL 7862.JPG,healthy,0,g2207,s_reliability,reliability_train,original,,,,,,42,0,0,healthy,0,4.9630527,-1.213612,-5.0744624,123
25311328ae267eaff434,data/plantvillage/raw/color/Apple___healthy/ca66c694-e8cb-47df-84af-b4c46de1fd3e___RS_HL 7862.JPG,healthy,0,g2207,s_reliability,reliability_train,brightness,466335382305044982,0.9759496994748276,,,,42,0,0,healthy,0,4.93178,-1.1756452,-5.099608,123
790c75a443f9cf6af08c,data/plantvillage/raw/color/Apple___healthy/ca66c694-e8cb-47df-84af-b4c46de1fd3e___RS_HL 7862.JPG,healthy,0,g2207,s_reliability,reliability_train,contrast,7668705425055595804,,0.8728316710111689,,,42,0,0,healthy,0,4.8140707,-1.2420765,-5.0463834,123
fc98debdff75f77a1270,data/plantvillage/raw/color/Apple___healthy/ca66c694-e8cb-47df-84af-b4c46de1fd3e___RS_HL 7862.JPG,healthy,0,g2207,s_reliability,reliability_train,gaussian_blur,4102053552798075551,,,0.7664091708947995,,42,0,0,healthy,0,3.9874723,-1.5233436,-3.8163698,123
29392ad67b2e1afaaba2,data/plantvillage/raw/color/Apple___healthy/ca66c694-e8cb-47df-84af-b4c46de1fd3e___RS_HL 7862.JPG,healthy,0,g2207,s_reliability,reliability_train,gaussian_noise,2561215519920667653,,,,0.016396574973629334,42,0,0,healthy,0,4.7811947,-1.0700134,-4.993534,123
026ae6bb37c3a7c491ff,data/plantvillage/raw/color/Apple___healthy/ce955079-4dde-4b96-9240-5348dbb3c774___RS_HL 7760.JPG,healthy,0,g2227,s_reliability,reliability_train,original,,,,,,42,0,0,healthy,0,6.021998,-2.4878852,-5.3060117,123
53cd8cb3f6e383bfd265,data/plantvillage/raw/color/Apple___healthy/ce955079-4dde-4b96-9240-5348dbb3c774___RS_HL 7760.JPG,healthy,0,g2227,s_reliability,reliability_train,brightness,1542284079762645356,0.8204426885087397,,,,42,0,0,healthy,0,5.7672496,-2.4970787,-5.140394,123
a1b7603737810ee4898a,data/plantvillage/raw/color/Apple___healthy/ce955079-4dde-4b96-9240-5348dbb3c774___RS_HL 7760.JPG,healthy,0,g2227,s_reliability,reliability_train,contrast,7018544803103880387,,0.7474248611541382,,,42,0,0,healthy,0,4.7521925,-1.9712543,-4.7443423,123
edb4b76e7149a9d7a29d,data/plantvillage/raw/color/Apple___healthy/ce955079-4dde-4b96-9240-5348dbb3c774___RS_HL 7760.JPG,healthy,0,g2227,s_reliability,reliability_train,gaussian_blur,8795465109502907689,,,0.9078707653865126,,42,0,0,healthy,0,3.1339114,-2.561007,-2.6898847,123
caedc674c1a54d23b8ef,data/plantvillage/raw/color/Apple___healthy/ce955079-4dde-4b96-9240-5348dbb3c774___RS_HL 7760.JPG,healthy,0,g2227,s_reliability,reliability_train,gaussian_noise,6794807253845001703,,,,0.028518212000563203,42,0,0,healthy,0,5.9993434,-2.4748163,-5.3228965,123
c31a6cfbc0906d1d9c63,data/plantvillage/raw/color/Apple___healthy/ceead707-a3f7-4ac7-801e-113399dcf68a___RS_HL 7254.JPG,healthy,0,g2231,s_reliability,reliability_train,original,,,,,,42,0,0,healthy,0,2.9407196,-1.0777527,-3.260864,123
c5ce2bae713f9fb0eae5,data/plantvillage/raw/color/Apple___healthy/ceead707-a3f7-4ac7-801e-113399dcf68a___RS_HL 7254.JPG,healthy,0,g2231,s_reliability,reliability_train,brightness,5310635950468506830,1.2125850553548485,,,,42,0,0,healthy,0,3.553466,-1.3145027,-3.5441794,123
836fcd3974f32a14d979,data/plantvillage/raw/color/Apple___healthy/ceead707-a3f7-4ac7-801e-113399dcf68a___RS_HL 7254.JPG,healthy,0,g2231,s_reliability,reliability_train,contrast,8453389600264170856,,1.2282785937120335,,,42,0,0,healthy,0,3.310017,-1.4079221,-3.282839,123
d91e84bedb8d68823a3f,data/plantvillage/raw/color/Apple___healthy/ceead707-a3f7-4ac7-801e-113399dcf68a___RS_HL 7254.JPG,healthy,0,g2231,s_reliability,reliability_train,gaussian_blur,8141292800331339798,,,1.2618486595911564,,42,0,0,healthy,0,0.73162246,-1.1243608,-0.6302025,123
0a5bb8376d428fbd973b,data/plantvillage/raw/color/Apple___healthy/ceead707-a3f7-4ac7-801e-113399dcf68a___RS_HL 7254.JPG,healthy,0,g2231,s_reliability,reliability_train,gaussian_noise,1437456683084059539,,,,0.016770878553564152,42,0,0,healthy,0,3.0745053,-1.108587,-3.3365066,123
07d023b11083c959c28a,data/plantvillage/raw/color/Apple___healthy/d2fc2f4e-9094-4e38-bc7a-f40c5c059280___RS_HL 8170.JPG,healthy,0,g2255,s_reliability,reliability_train,original,,,,,,42,0,0,healthy,0,3.748435,-0.4163873,-5.923013,123
f647ec36803b0188365c,data/plantvillage/raw/color/Apple___healthy/d2fc2f4e-9094-4e38-bc7a-f40c5c059280___RS_HL 8170.JPG,healthy,0,g2255,s_reliability,reliability_train,brightness,6468456812140489579,1.1322657762255826,,,,42,0,0,healthy,0,3.9108536,-0.6065983,-5.8717136,123
68263bee62a01ab0344b,data/plantvillage/raw/color/Apple___healthy/d2fc2f4e-9094-4e38-bc7a-f40c5c059280___RS_HL 8170.JPG,healthy,0,g2255,s_reliability,reliability_train,contrast,1346612767160249970,,0.7335255042392433,,,42,0,0,healthy,0,3.0874836,-0.19046184,-5.5200324,123
eaa6a11f933239e30b8b,data/plantvillage/raw/color/Apple___healthy/d2fc2f4e-9094-4e38-bc7a-f40c5c059280___RS_HL 8170.JPG,healthy,0,g2255,s_reliability,reliability_train,gaussian_blur,4626427805772643900,,,0.864117616238262,,42,0,0,healthy,0,1.769212,-1.094586,-3.4085069,123
1c69c05045c5295e52b0,data/plantvillage/raw/color/Apple___healthy/d2fc2f4e-9094-4e38-bc7a-f40c5c059280___RS_HL 8170.JPG,healthy,0,g2255,s_reliability,reliability_train,gaussian_noise,4832447173228070878,,,,0.015262237558385237,42,0,0,healthy,0,3.8351061,-0.48718086,-5.894969,123
933697676eef75f2dea5,data/plantvillage/raw/color/Apple___healthy/d321145e-6ab0-4ad2-8109-f34ee4389149___RS_HL 7848.JPG,healthy,0,g2257,s_reliability,reliability_val,original,,,,,,42,0,0,healthy,0,6.364884,-2.122253,-5.5945344,123
85d8e884694090ae82db,data/plantvillage/raw/color/Apple___healthy/d321145e-6ab0-4ad2-8109-f34ee4389149___RS_HL 7848.JPG,healthy,0,g2257,s_reliability,reliability_val,brightness,7240918213609358812,1.1989368870284907,,,,42,0,0,healthy,0,6.333273,-1.9092488,-5.752377,123
1b2a607c1808e9dd3b62,data/plantvillage/raw/color/Apple___healthy/d321145e-6ab0-4ad2-8109-f34ee4389149___RS_HL 7848.JPG,healthy,0,g2257,s_reliability,reliability_val,contrast,1554124224010787712,,0.8517547009289641,,,42,0,0,healthy,0,5.3661885,-1.5674833,-5.4192314,123
f45581caa5461bae0ba4,data/plantvillage/raw/color/Apple___healthy/d321145e-6ab0-4ad2-8109-f34ee4389149___RS_HL 7848.JPG,healthy,0,g2257,s_reliability,reliability_val,gaussian_blur,2447524551001015328,,,0.5169470114245289,,42,0,0,healthy,0,5.7973795,-2.7115114,-4.3956046,123
2c3d181c4a1c7148b784,data/plantvillage/raw/color/Apple___healthy/d321145e-6ab0-4ad2-8109-f34ee4389149___RS_HL 7848.JPG,healthy,0,g2257,s_reliability,reliability_val,gaussian_noise,8354090274434472574,,,,0.02834789039347236,42,0,0,healthy,0,6.415201,-2.1583154,-5.584496,123
aca4dfdcf5a10586f76b,data/plantvillage/raw/color/Apple___healthy/d3780b4b-4bf7-484a-ab4a-2c2f0894f930___RS_HL 7681.JPG,healthy,0,g2262,s_reliability,reliability_train,original,,,,,,42,0,0,healthy,0,4.9847918,-4.150005,-2.6838045,123
ee25016d28a8aba2e13a,data/plantvillage/raw/color/Apple___healthy/d3780b4b-4bf7-484a-ab4a-2c2f0894f930___RS_HL 7681.JPG,healthy,0,g2262,s_reliability,reliability_train,brightness,7985091599855404209,0.7534664862685114,,,,42,0,0,healthy,0,5.376366,-4.0839605,-2.9445548,123
071adc5de8dfb1e561e3,data/plantvillage/raw/color/Apple___healthy/d3780b4b-4bf7-484a-ab4a-2c2f0894f930___RS_HL 7681.JPG,healthy,0,g2262,s_reliability,reliability_train,contrast,1053766888687025902,,1.028712888849292,,,42,0,0,healthy,0,4.997407,-4.1435165,-2.7003481,123
c4ec50aa8930bf69bec4,data/plantvillage/raw/color/Apple___healthy/d3780b4b-4bf7-484a-ab4a-2c2f0894f930___RS_HL 7681.JPG,healthy,0,g2262,s_reliability,reliability_train,gaussian_blur,25533960688011505,,,1.1468409048329589,,42,0,0,healthy,0,4.100219,-4.303998,-1.4773782,123
1c850543ab4e2ecc4f0b,data/plantvillage/raw/color/Apple___healthy/d3780b4b-4bf7-484a-ab4a-2c2f0894f930___RS_HL 7681.JPG,healthy,0,g2262,s_reliability,reliability_train,gaussian_noise,7114091361769678981,,,,0.025364090548107496,42,0,0,healthy,0,4.8291564,-3.5571313,-3.1209714,123
ed91d747d6981c6f5e37,data/plantvillage/raw/color/Apple___healthy/d3f4f38e-212e-451f-9a8f-26a6ea5e3877___RS_HL 5924.JPG,healthy,0,g2266,s_reliability,reliability_val,original,,,,,,42,0,0,healthy,0,3.3651276,-3.9816084,-1.4141293,123
96da1f2193c767ed06ec,data/plantvillage/raw/color/Apple___healthy/d3f4f38e-212e-451f-9a8f-26a6ea5e3877___RS_HL 5924.JPG,healthy,0,g2266,s_reliability,reliability_val,brightness,2981637758456907665,0.9253968463171397,,,,42,0,0,healthy,0,3.9430406,-4.1517096,-1.6528624,123
f61fa378ea1e293e0e61,data/plantvillage/raw/color/Apple___healthy/d3f4f38e-212e-451f-9a8f-26a6ea5e3877___RS_HL 5924.JPG,healthy,0,g2266,s_reliability,reliability_val,contrast,2558785740828479110,,0.9478839864961279,,,42,0,0,healthy,0,3.3867514,-3.943856,-1.485316,123
c7f7a40c0f59dc7684ba,data/plantvillage/raw/color/Apple___healthy/d3f4f38e-212e-451f-9a8f-26a6ea5e3877___RS_HL 5924.JPG,healthy,0,g2266,s_reliability,reliability_val,gaussian_blur,2191862666935754441,,,1.399781896157981,,42,0,2,rust,1,0.57996404,-4.3391123,0.7968025,123
8df82b9f69aaa064abc1,data/plantvillage/raw/color/Apple___healthy/d3f4f38e-212e-451f-9a8f-26a6ea5e3877___RS_HL 5924.JPG,healthy,0,g2266,s_reliability,reliability_val,gaussian_noise,5448603449935727185,,,,0.02899310854153478,42,0,0,healthy,0,3.4834433,-3.8744452,-1.557304,123
767c95c8c8d4a210d9d2,data/plantvillage/raw/color/Apple___healthy/d4008303-6d94-458e-b0f4-61044cc427ae___RS_HL 7709.JPG,healthy,0,g2267,s_reliability,reliability_train,original,,,,,,42,0,0,healthy,0,5.160729,-2.7575965,-4.058929,123
53cec4484c176d8aca3c,data/plantvillage/raw/color/Apple___healthy/d4008303-6d94-458e-b0f4-61044cc427ae___RS_HL 7709.JPG,healthy,0,g2267,s_reliability,reliability_train,brightness,2334795289973209140,1.154159976352562,,,,42,0,0,healthy,0,4.9594336,-2.5641713,-4.116994,123
2a7fa4fc64510ec769bc,data/plantvillage/raw/color/Apple___healthy/d4008303-6d94-458e-b0f4-61044cc427ae___RS_HL 7709.JPG,healthy,0,g2267,s_reliability,reliability_train,contrast,1261241023615781527,,0.9862975612478377,,,42,0,0,healthy,0,5.120748,-2.7064166,-4.075507,123
45f72deb9d2d01cddb45,data/plantvillage/raw/color/Apple___healthy/d4008303-6d94-458e-b0f4-61044cc427ae___RS_HL 7709.JPG,healthy,0,g2267,s_reliability,reliability_train,gaussian_blur,256010252319876584,,,1.3404890207405364,,42,0,0,healthy,0,1.0872471,-3.1693113,-0.1254589,123
de76ef27c4a4f83ab311,data/plantvillage/raw/color/Apple___healthy/d4008303-6d94-458e-b0f4-61044cc427ae___RS_HL 7709.JPG,healthy,0,g2267,s_reliability,reliability_train,gaussian_noise,9006962048028483303,,,,0.02405633632397878,42,0,0,healthy,0,5.084889,-2.4669144,-4.3283277,123
5161e84446db0f27569e,data/plantvillage/raw/color/Apple___healthy/d454a4da-a867-45f8-962e-465946df58c9___RS_HL 5876.JPG,healthy,0,g2271,s_reliability,reliability_train,original,,,,,,42,0,0,healthy,0,4.6533604,-2.2834413,-4.0609,123
8cc6201e1cc11c9fd627,data/plantvillage/raw/color/Apple___healthy/d454a4da-a867-45f8-962e-465946df58c9___RS_HL 5876.JPG,healthy,0,g2271,s_reliability,reliability_train,brightness,6169021669804944118,1.0560692784008823,,,,42,0,0,healthy,0,4.77808,-2.3479168,-4.1050057,123
f4719df0f0833e36b15c,data/plantvillage/raw/color/Apple___healthy/d454a4da-a867-45f8-962e-465946df58c9___RS_HL 5876.JPG,healthy,0,g2271,s_reliability,reliability_train,contrast,8725784492066914337,,1.2018445464132816,,,42,0,0,healthy,0,4.6958175,-2.4842396,-3.9438617,123
ecefd23826dbc9bc649c,data/plantvillage/raw/color/Apple___healthy/d454a4da-a867-45f8-962e-465946df58c9___RS_HL 5876.JPG,healthy,0,g2271,s_reliability,reliability_train,gaussian_blur,5463419465575760699,,,1.1671908757698994,,42,0,0,healthy,0,2.8797994,-2.8910563,-1.642408,123
e118c0129303c2c3912d,data/plantvillage/raw/color/Apple___healthy/d454a4da-a867-45f8-962e-465946df58c9___RS_HL 5876.JPG,healthy,0,g2271,s_reliability,reliability_train,gaussian_noise,4446408235600930143,,,,0.0380692766300087,42,0,0,healthy,0,4.509069,-2.1865387,-4.0413814,123
eb2ca9adc084c6accf8f,data/plantvillage/raw/color/Apple___healthy/d496c802-e976-49b5-af09-b698fcf991f7___RS_HL 7429.JPG,healthy,0,g2273,s_reliability,reliability_val,original,,,,,,42,0,0,healthy,0,5.364997,-2.7547932,-4.6071076,123
03599b048706c2c186ac,data/plantvillage/raw/color/Apple___healthy/d496c802-e976-49b5-af09-b698fcf991f7___RS_HL 7429.JPG,healthy,0,g2273,s_reliability,reliability_val,brightness,7233176357989027782,0.8556027472715627,,,,42,0,0,healthy,0,4.557822,-2.2783024,-4.52053,123
656a6d88319a230d79aa,data/plantvillage/raw/color/Apple___healthy/d496c802-e976-49b5-af09-b698fcf991f7___RS_HL 7429.JPG,healthy,0,g2273,s_reliability,reliability_val,contrast,8497454864755871324,,1.0974075273681088,,,42,0,0,healthy,0,5.3449535,-2.703259,-4.6611605,123
54f3e9dfb62345dad257,data/plantvillage/raw/color/Apple___healthy/d496c802-e976-49b5-af09-b698fcf991f7___RS_HL 7429.JPG,healthy,0,g2273,s_reliability,reliability_val,gaussian_blur,8062780642358526487,,,1.441907036184698,,42,0,0,healthy,0,0.9332583,-2.4275835,-1.153751,123
ab63f21390b750139e52,data/plantvillage/raw/color/Apple___healthy/d496c802-e976-49b5-af09-b698fcf991f7___RS_HL 7429.JPG,healthy,0,g2273,s_reliability,reliability_val,gaussian_noise,4029612547774427263,,,,0.011969409890368831,42,0,0,healthy,0,5.39809,-2.7946959,-4.601558,123
5fdff54fac67560e58df,data/plantvillage/raw/color/Apple___healthy/d4ddb36a-e4cf-41be-b3f6-16c584e62b9a___RS_HL 7994.JPG,healthy,0,g2274,s_reliability,reliability_train,original,,,,,,42,0,0,healthy,0,7.6766047,-3.3447711,-5.2920175,123
8ae81da9a217bf1a3c43,data/plantvillage/raw/color/Apple___healthy/d4ddb36a-e4cf-41be-b3f6-16c584e62b9a___RS_HL 7994.JPG,healthy,0,g2274,s_reliability,reliability_train,brightness,1732076417330915879,0.8750190131705179,,,,42,0,0,healthy,0,8.018768,-3.5277016,-5.317869,123
f6792bdabee8949fd423,data/plantvillage/raw/color/Apple___healthy/d4ddb36a-e4cf-41be-b3f6-16c584e62b9a___RS_HL 7994.JPG,healthy,0,g2274,s_reliability,reliability_train,contrast,1286096844891523655,,0.7520257236420421,,,42,0,0,healthy,0,7.708253,-3.573833,-5.0719075,123
a4344ec450c0ccb982ad,data/plantvillage/raw/color/Apple___healthy/d4ddb36a-e4cf-41be-b3f6-16c584e62b9a___RS_HL 7994.JPG,healthy,0,g2274,s_reliability,reliability_train,gaussian_blur,3953322693364382018,,,0.6194079817586239,,42,0,0,healthy,0,6.417425,-3.1197655,-4.2493443,123
34739ed811d9d08b6136,data/plantvillage/raw/color/Apple___healthy/d4ddb36a-e4cf-41be-b3f6-16c584e62b9a___RS_HL 7994.JPG,healthy,0,g2274,s_reliability,reliability_train,gaussian_noise,1469503581617424041,,,,0.03590786486430634,42,0,0,healthy,0,7.7035346,-3.3280683,-5.3235297,123
cea895e3fbda16797c81,data/plantvillage/raw/color/Apple___healthy/d54ab4d3-cd8b-4485-81b5-a38273f5fe1f___RS_HL 6076.JPG,healthy,0,g2277,s_reliability,reliability_train,original,,,,,,42,0,0,healthy,0,3.612116,-1.9062738,-3.7742121,123
ece7163799d50e1acc7e,data/plantvillage/raw/color/Apple___healthy/d54ab4d3-cd8b-4485-81b5-a38273f5fe1f___RS_HL 6076.JPG,healthy,0,g2277,s_reliability,reliability_train,brightness,277414334100087495,1.1195462649971049,,,,42,0,0,healthy,0,3.595204,-1.7794503,-3.9343286,123
610cbedfacac2eac8ccc,data/plantvillage/raw/color/Apple___healthy/d54ab4d3-cd8b-4485-81b5-a38273f5fe1f___RS_HL 6076.JPG,healthy,0,g2277,s_reliability,reliability_train,contrast,1373571178732355401,,1.172178381164237,,,42,0,0,healthy,0,3.6112947,-1.9617687,-3.7334495,123
652cfe8879107cd9e8a8,data/plantvillage/raw/color/Apple___healthy/d54ab4d3-cd8b-4485-81b5-a38273f5fe1f___RS_HL 6076.JPG,healthy,0,g2277,s_reliability,reliability_train,gaussian_blur,7271150436489529694,,,1.2415344528171643,,42,0,0,healthy,0,1.9203506,-1.8289782,-2.4125311,123
9d87814a89246d22d3c9,data/plantvillage/raw/color/Apple___healthy/d54ab4d3-cd8b-4485-81b5-a38273f5fe1f___RS_HL 6076.JPG,healthy,0,g2277,s_reliability,reliability_train,gaussian_noise,6724538409071446176,,,,0.03134786606637666,42,0,0,healthy,0,3.8604705,-1.7608252,-4.1164002,123
1eec212f0de5b5e7d342,data/plantvillage/raw/color/Apple___healthy/d5c866b2-7eb2-421a-a42a-906308cbffb2___RS_HL 6116.JPG,healthy,0,g2283,s_reliability,reliability_train,original,,,,,,42,0,0,healthy,0,7.110015,-3.064596,-4.6641464,123
30883619a64ca57e1558,data/plantvillage/raw/color/Apple___healthy/d5c866b2-7eb2-421a-a42a-906308cbffb2___RS_HL 6116.JPG,healthy,0,g2283,s_reliability,reliability_train,brightness,5395906820683111891,1.2292669258953648,,,,42,0,0,healthy,0,7.1415544,-2.6449804,-5.203385,123
68d98e218fabb28f1002,data/plantvillage/raw/color/Apple___healthy/d5c866b2-7eb2-421a-a42a-906308cbffb2___RS_HL 6116.JPG,healthy,0,g2283,s_reliability,reliability_train,contrast,7559018705915090576,,0.834532657962628,,,42,0,0,healthy,0,6.620131,-2.731615,-4.7216735,123
91fe6a08cae52df43ad4,data/plantvillage/raw/color/Apple___healthy/d5c866b2-7eb2-421a-a42a-906308cbffb2___RS_HL 6116.JPG,healthy,0,g2283,s_reliability,reliability_train,gaussian_blur,7999294828995705845,,,0.5730446638810166,,42,0,0,healthy,0,5.96665,-2.5939093,-4.1733136,123
c110ec6bf782e5c0868c,data/plantvillage/raw/color/Apple___healthy/d5c866b2-7eb2-421a-a42a-906308cbffb2___RS_HL 6116.JPG,healthy,0,g2283,s_reliability,reliability_train,gaussian_noise,7486434704773484841,,,,0.014240370723260613,42,0,0,healthy,0,7.5439076,-2.9825256,-5.1315527,123
131a11168ef31ece78f6,data/plantvillage/raw/color/Apple___healthy/d6035c7f-f163-4c6b-ba51-d61d10ca1fed___RS_HL 8109.JPG,healthy,0,g2286,s_reliability,reliability_train,original,,,,,,42,0,0,healthy,0,5.956745,-3.373726,-4.7366567,123
ff1d443bfaa5255176a4,data/plantvillage/raw/color/Apple___healthy/d6035c7f-f163-4c6b-ba51-d61d10ca1fed___RS_HL 8109.JPG,healthy,0,g2286,s_reliability,reliability_train,brightness,8842583361182006729,1.2002268772188331,,,,42,0,0,healthy,0,5.7850347,-3.573028,-4.4392447,123
5ef4d8cda538519468ba,data/plantvillage/raw/color/Apple___healthy/d6035c7f-f163-4c6b-ba51-d61d10ca1fed___RS_HL 8109.JPG,healthy,0,g2286,s_reliability,reliability_train,contrast,5266377005358006665,,1.1634604366493946,,,42,0,0,healthy,0,6.032579,-3.4095232,-4.7293634,123
568576291a651a034290,data/plantvillage/raw/color/Apple___healthy/d6035c7f-f163-4c6b-ba51-d61d10ca1fed___RS_HL 8109.JPG,healthy,0,g2286,s_reliability,reliability_train,gaussian_blur,4954905237798247040,,,0.9670207484951963,,42,0,0,healthy,0,1.9366353,-2.5896227,-2.2699747,123
256edd39532a64be1ee9,data/plantvillage/raw/color/Apple___healthy/d6035c7f-f163-4c6b-ba51-d61d10ca1fed___RS_HL 8109.JPG,healthy,0,g2286,s_reliability,reliability_train,gaussian_noise,4215733763111044919,,,,0.04661140562633441,42,0,0,healthy,0,6.2204776,-3.1883647,-5.1174836,123
2b0a8a71170a7ce3c29c,data/plantvillage/raw/color/Apple___healthy/d6318793-dacc-4b58-bb19-043324042180___RS_HL 7246.JPG,healthy,0,g2288,s_reliability,reliability_train,original,,,,,,42,0,0,healthy,0,3.6046822,-0.76269335,-4.480477,123
13a1f7579fa2007a6692,data/plantvillage/raw/color/Apple___healthy/d6318793-dacc-4b58-bb19-043324042180___RS_HL 7246.JPG,healthy,0,g2288,s_reliability,reliability_train,brightness,7648705746289747354,1.1356218106827443,,,,42,0,0,healthy,0,3.7109947,-0.7719069,-4.350873,123
2146545895b8eb683501,data/plantvillage/raw/color/Apple___healthy/d6318793-dacc-4b58-bb19-043324042180___RS_HL 7246.JPG,healthy,0,g2288,s_reliability,reliability_train,contrast,7009159958867341444,,1.1714167012657704,,,42,0,0,healthy,0,3.9318154,-0.88727945,-4.556029,123
51ccd83c497d4142d68d,data/plantvillage/raw/color/Apple___healthy/d6318793-dacc-4b58-bb19-043324042180___RS_HL 7246.JPG,healthy,0,g2288,s_reliability,reliability_train,gaussian_blur,248302630640730181,,,1.1084157086756088,,42,0,0,healthy,0,1.2661271,-1.3339437,-1.7248201,123
10c25bf98bb1313097e9,data/plantvillage/raw/color/Apple___healthy/d6318793-dacc-4b58-bb19-043324042180___RS_HL 7246.JPG,healthy,0,g2288,s_reliability,reliability_train,gaussian_noise,6033303987218542802,,,,0.042636497605105045,42,0,0,healthy,0,3.8156323,-0.87528014,-4.5273423,123
18df7de59f5bd8ba8bfc,data/plantvillage/raw/color/Apple___healthy/d7308460-64d2-4e9e-aa0d-5b4f62d378ef___RS_HL 5802.JPG,healthy,0,g2296,s_reliability,reliability_train,original,,,,,,42,0,0,healthy,0,2.107182,0.21165906,-4.7125764,123
fa08e0711e52321948b9,data/plantvillage/raw/color/Apple___healthy/d7308460-64d2-4e9e-aa0d-5b4f62d378ef___RS_HL 5802.JPG,healthy,0,g2296,s_reliability,reliability_train,brightness,8524866080257295766,1.046598002987117,,,,42,0,0,healthy,0,2.1050956,0.16280632,-4.6864586,123
c6715e7b7dfdfd8a2fa0,data/plantvillage/raw/color/Apple___healthy/d7308460-64d2-4e9e-aa0d-5b4f62d378ef___RS_HL 5802.JPG,healthy,0,g2296,s_reliability,reliability_train,contrast,4011456816077714262,,1.242576856809603,,,42,0,0,healthy,0,1.8760054,0.29601467,-4.563615,123
87d3d3cdd43115518c48,data/plantvillage/raw/color/Apple___healthy/d7308460-64d2-4e9e-aa0d-5b4f62d378ef___RS_HL 5802.JPG,healthy,0,g2296,s_reliability,reliability_train,gaussian_blur,2041487503672951103,,,1.3126718309375303,,42,0,1,scab,1,-0.3038922,0.25442237,-2.4466884,123
cd4a77afe7488693cbcd,data/plantvillage/raw/color/Apple___healthy/d7308460-64d2-4e9e-aa0d-5b4f62d378ef___RS_HL 5802.JPG,healthy,0,g2296,s_reliability,reliability_train,gaussian_noise,1579598555606233489,,,,0.03967527321575154,42,0,0,healthy,0,2.1313074,0.87508565,-5.3881083,123
08d99a8a65804fa40236,data/plantvillage/raw/color/Apple___healthy/d81744f3-b4a1-4343-b956-7975fe630b83___RS_HL 7343.JPG,healthy,0,g2304,s_reliability,reliability_val,original,,,,,,42,0,0,healthy,0,7.3632417,-1.3089199,-7.4246473,123
9422e86a40fd38d9cad5,data/plantvillage/raw/color/Apple___healthy/d81744f3-b4a1-4343-b956-7975fe630b83___RS_HL 7343.JPG,healthy,0,g2304,s_reliability,reliability_val,brightness,9004112187373193623,1.1037005761421859,,,,42,0,0,healthy,0,7.4788733,-1.4602151,-7.375329,123
d69192a381aa4e257bb7,data/plantvillage/raw/color/Apple___healthy/d81744f3-b4a1-4343-b956-7975fe630b83___RS_HL 7343.JPG,healthy,0,g2304,s_reliability,reliability_val,contrast,3861685303634954882,,1.1134869050190488,,,42,0,0,healthy,0,7.5881205,-1.7050868,-7.2089767,123
6f64b24348c41fd49b8a,data/plantvillage/raw/color/Apple___healthy/d81744f3-b4a1-4343-b956-7975fe630b83___RS_HL 7343.JPG,healthy,0,g2304,s_reliability,reliability_val,gaussian_blur,6912349265821558802,,,1.349358860511282,,42,0,0,healthy,0,4.404696,-1.443473,-4.340897,123
63d5ec2357e17a412a1d,data/plantvillage/raw/color/Apple___healthy/d81744f3-b4a1-4343-b956-7975fe630b83___RS_HL 7343.JPG,healthy,0,g2304,s_reliability,reliability_val,gaussian_noise,6148788528084716072,,,,0.03345287305268495,42,0,0,healthy,0,7.0687227,-1.0517453,-7.4783187,123
6073654a7206fed4f0c8,data/plantvillage/raw/color/Apple___healthy/d8bd2900-b811-43a1-9ed7-05aa5f3f2649___RS_HL 7794.JPG,healthy,0,g2313,s_reliability,reliability_train,original,,,,,,42,0,0,healthy,0,4.6148124,0.97621185,-7.3984528,123
fd5070a4c978386899fd,data/plantvillage/raw/color/Apple___healthy/d8bd2900-b811-43a1-9ed7-05aa5f3f2649___RS_HL 7794.JPG,healthy,0,g2313,s_reliability,reliability_train,brightness,2038823277207537573,1.1652760629470338,,,,42,0,0,healthy,0,5.163803,0.60449976,-7.3776402,123
132bfb4e97115a540f3e,data/plantvillage/raw/color/Apple___healthy/d8bd2900-b811-43a1-9ed7-05aa5f3f2649___RS_HL 7794.JPG,healthy,0,g2313,s_reliability,reliability_train,contrast,7861661551736495634,,1.1538694757391381,,,42,0,0,healthy,0,5.5982685,0.381032,-7.4437394,123
745dbb053407275bacba,data/plantvillage/raw/color/Apple___healthy/d8bd2900-b811-43a1-9ed7-05aa5f3f2649___RS_HL 7794.JPG,healthy,0,g2313,s_reliability,reliability_train,gaussian_blur,6441778940470655527,,,1.1226646053846414,,42,0,0,healthy,0,1.2541438,1.1019349,-4.072549,123
c61a691055ef6fd441b7,data/plantvillage/raw/color/Apple___healthy/d8bd2900-b811-43a1-9ed7-05aa5f3f2649___RS_HL 7794.JPG,healthy,0,g2313,s_reliability,reliability_train,gaussian_noise,3300770267999615839,,,,0.03400326548708795,42,0,0,healthy,0,4.928116,0.7846763,-7.5161023,123
439b92a876a05b9b4f73,data/plantvillage/raw/color/Apple___healthy/d96d3f24-2fb9-4650-8cd4-c58e1a42f18f___RS_HL 8176.JPG,healthy,0,g2318,s_reliability,reliability_train,original,,,,,,42,0,0,healthy,0,3.9729304,-3.9914713,-2.2005095,123
aedf2e07f7e580b8f2bd,data/plantvillage/raw/color/Apple___healthy/d96d3f24-2fb9-4650-8cd4-c58e1a42f18f___RS_HL 8176.JPG,healthy,0,g2318,s_reliability,reliability_train,brightness,7744779308757660452,1.0048979651984828,,,,42,0,0,healthy,0,3.9786434,-3.9935253,-2.1982443,123
6eb0bcc82c15cee6c93d,data/plantvillage/raw/color/Apple___healthy/d96d3f24-2fb9-4650-8cd4-c58e1a42f18f___RS_HL 8176.JPG,healthy,0,g2318,s_reliability,reliability_train,contrast,1657587835123405271,,0.8184445738267544,,,42,0,0,healthy,0,3.8099225,-4.0597353,-2.0417736,123
5590acbb05077c372d43,data/plantvillage/raw/color/Apple___healthy/d96d3f24-2fb9-4650-8cd4-c58e1a42f18f___RS_HL 8176.JPG,healthy,0,g2318,s_reliability,reliability_train,gaussian_blur,9026712436030653576,,,0.8891894882774578,,42,0,0,healthy,0,2.2753043,-3.7632453,-1.0323279,123
6aada0db894b0cea2fdb,data/plantvillage/raw/color/Apple___healthy/d96d3f24-2fb9-4650-8cd4-c58e1a42f18f___RS_HL 8176.JPG,healthy,0,g2318,s_reliability,reliability_train,gaussian_noise,6966292812315976134,,,,0.01957338574471624,42,0,0,healthy,0,3.8610625,-3.8623378,-2.252156,123
01883960dd2ce32f09f0,data/plantvillage/raw/color/Apple___healthy/d9de1954-e451-48e5-ad8b-5aeca90fe7ea___RS_HL 6034.JPG,healthy,0,g2323,s_reliability,reliability_val,original,,,,,,42,0,0,healthy,0,6.67492,-3.7528865,-3.7877407,123
d0983b4ed13acb94a192,data/plantvillage/raw/color/Apple___healthy/d9de1954-e451-48e5-ad8b-5aeca90fe7ea___RS_HL 6034.JPG,healthy,0,g2323,s_reliability,reliability_val,brightness,3605095274535287239,1.0394195066730658,,,,42,0,0,healthy,0,6.605294,-3.7036746,-3.812074,123
ac59a60488cfa892f9a0,data/plantvillage/raw/color/Apple___healthy/d9de1954-e451-48e5-ad8b-5aeca90fe7ea___RS_HL 6034.JPG,healthy,0,g2323,s_reliability,reliability_val,contrast,5900172534603771464,,1.0675909070244702,,,42,0,0,healthy,0,7.0363536,-3.8713062,-3.9286873,123
c42e61fff8b13988736d,data/plantvillage/raw/color/Apple___healthy/d9de1954-e451-48e5-ad8b-5aeca90fe7ea___RS_HL 6034.JPG,healthy,0,g2323,s_reliability,reliability_val,gaussian_blur,3658211877732491549,,,0.674066298949335,,42,0,0,healthy,0,5.302169,-3.4291894,-2.9526234,123
96c2fb52cd627a5b9c55,data/plantvillage/raw/color/Apple___healthy/d9de1954-e451-48e5-ad8b-5aeca90fe7ea___RS_HL 6034.JPG,healthy,0,g2323,s_reliability,reliability_val,gaussian_noise,7207545269186030805,,,,0.03164639869802263,42,0,0,healthy,0,7.238132,-3.918068,-4.1595473,123
d1d0f12b43e165a12bff,data/plantvillage/raw/color/Apple___healthy/daf045c7-3756-4753-922e-8f36a84a3422___RS_HL 5719.JPG,healthy,0,g2331,s_reliability,reliability_train,original,,,,,,42,0,0,healthy,0,5.8074627,-3.019394,-4.70996,123
edba718d4672c18c86e9,data/plantvillage/raw/color/Apple___healthy/daf045c7-3756-4753-922e-8f36a84a3422___RS_HL 5719.JPG,healthy,0,g2331,s_reliability,reliability_train,brightness,8563477167527768014,0.9525289631266214,,,,42,0,0,healthy,0,5.7316375,-2.9403856,-4.7166233,123
4c99cb41935918e04c50,data/plantvillage/raw/color/Apple___healthy/daf045c7-3756-4753-922e-8f36a84a3422___RS_HL 5719.JPG,healthy,0,g2331,s_reliability,reliability_train,contrast,1169757139853859877,,0.9251180499134537,,,42,0,0,healthy,0,5.7663097,-2.994857,-4.689533,123
dbcb9c27136085b79983,data/plantvillage/raw/color/Apple___healthy/daf045c7-3756-4753-922e-8f36a84a3422___RS_HL 5719.JPG,healthy,0,g2331,s_reliability,reliability_train,gaussian_blur,2748432240967746165,,,0.9432371544366331,,42,0,0,healthy,0,3.1898394,-3.503609,-2.086961,123
5ddbec8d2589543ba0ae,data/plantvillage/raw/color/Apple___healthy/daf045c7-3756-4753-922e-8f36a84a3422___RS_HL 5719.JPG,healthy,0,g2331,s_reliability,reliability_train,gaussian_noise,5382544457837294005,,,,0.021679024351924397,42,0,0,healthy,0,5.884233,-2.9337604,-4.849655,123
42ad250f8b8545d03cde,data/plantvillage/raw/color/Apple___healthy/db172d76-ff08-4bd5-bd0b-6231f432434a___RS_HL 5725.JPG,healthy,0,g2332,s_reliability,reliability_val,original,,,,,,42,0,0,healthy,0,7.524406,-3.6416044,-5.005479,123
dde152f9afa58222311b,data/plantvillage/raw/color/Apple___healthy/db172d76-ff08-4bd5-bd0b-6231f432434a___RS_HL 5725.JPG,healthy,0,g2332,s_reliability,reliability_val,brightness,1224071924973507316,0.7850897309130984,,,,42,0,0,healthy,0,7.5608945,-3.6280048,-4.9435625,123
394bb5e4b5cbb982fe67,data/plantvillage/raw/color/Apple___healthy/db172d76-ff08-4bd5-bd0b-6231f432434a___RS_HL 5725.JPG,healthy,0,g2332,s_reliability,reliability_val,contrast,8276019118343007048,,0.8728620669679714,,,42,0,0,healthy,0,6.975436,-3.3530605,-4.861949,123
cfdc07dc26c50ad58e46,data/plantvillage/raw/color/Apple___healthy/db172d76-ff08-4bd5-bd0b-6231f432434a___RS_HL 5725.JPG,healthy,0,g2332,s_reliability,reliability_val,gaussian_blur,4398695001896037844,,,0.6917472417611569,,42,0,0,healthy,0,5.944305,-4.2849755,-3.0912583,123
a28ec450e4a8c2474cef,data/plantvillage/raw/color/Apple___healthy/db172d76-ff08-4bd5-bd0b-6231f432434a___RS_HL 5725.JPG,healthy,0,g2332,s_reliability,reliability_val,gaussian_noise,7956334839601318110,,,,0.04095610621882344,42,0,0,healthy,0,7.721266,-3.6717038,-5.2075977,123
5ac87e15e7865518bee5,data/plantvillage/raw/color/Apple___healthy/dbea92a9-9473-4cb1-b181-341789de0681___RS_HL 5708.JPG,healthy,0,g2339,s_reliability,reliability_val,original,,,,,,42,0,0,healthy,0,6.1195316,-0.79334503,-6.5849805,123
7f07b41579f7cc8031c4,data/plantvillage/raw/color/Apple___healthy/dbea92a9-9473-4cb1-b181-341789de0681___RS_HL 5708.JPG,healthy,0,g2339,s_reliability,reliability_val,brightness,7211727296233039454,1.2504587993292233,,,,42,0,0,healthy,0,6.6253943,-1.0784314,-6.7064786,123
6d0acaffa8de1caa0885,data/plantvillage/raw/color/Apple___healthy/dbea92a9-9473-4cb1-b181-341789de0681___RS_HL 5708.JPG,healthy,0,g2339,s_reliability,reliability_val,contrast,569883126522957043,,1.0065395683475136,,,42,0,0,healthy,0,6.197038,-0.83799297,-6.6016765,123
0867b611bfa17084fb0d,data/plantvillage/raw/color/Apple___healthy/dbea92a9-9473-4cb1-b181-341789de0681___RS_HL 5708.JPG,healthy,0,g2339,s_reliability,reliability_val,gaussian_blur,4265510153686431550,,,0.844091133165631,,42,0,0,healthy,0,4.8737845,-1.2990922,-5.1747117,123
001b104c8c1335157533,data/plantvillage/raw/color/Apple___healthy/dbea92a9-9473-4cb1-b181-341789de0681___RS_HL 5708.JPG,healthy,0,g2339,s_reliability,reliability_val,gaussian_noise,5519265153189941254,,,,0.020425639698175797,42,0,0,healthy,0,6.520404,-1.043458,-6.6490307,123
080c489b7b9427ffbaf7,data/plantvillage/raw/color/Apple___healthy/dd2b6b6b-2278-4f52-8009-2d57037ab3f2___RS_HL 5670.JPG,healthy,0,g2344,s_reliability,reliability_val,original,,,,,,42,0,0,healthy,0,5.1627717,-1.4581118,-5.4299955,123
abedea82ff8845a8a8d1,data/plantvillage/raw/color/Apple___healthy/dd2b6b6b-2278-4f52-8009-2d57037ab3f2___RS_HL 5670.JPG,healthy,0,g2344,s_reliability,reliability_val,brightness,276067225677315937,1.0275503986538892,,,,42,0,0,healthy,0,5.265037,-1.5106446,-5.4517875,123
d05cde561283d5ad406f,data/plantvillage/raw/color/Apple___healthy/dd2b6b6b-2278-4f52-8009-2d57037ab3f2___RS_HL 5670.JPG,healthy,0,g2344,s_reliability,reliability_val,contrast,4442499829749962785,,1.1017855974263677,,,42,0,0,healthy,0,5.4349,-1.5276285,-5.5036516,123
38de00481e9876a45a87,data/plantvillage/raw/color/Apple___healthy/dd2b6b6b-2278-4f52-8009-2d57037ab3f2___RS_HL 5670.JPG,healthy,0,g2344,s_reliability,reliability_val,gaussian_blur,7872596634293296655,,,1.1738503140243601,,42,0,0,healthy,0,0.5170518,-0.6958525,-2.5002892,123
c018c00e42e4d9f7061f,data/plantvillage/raw/color/Apple___healthy/dd2b6b6b-2278-4f52-8009-2d57037ab3f2___RS_HL 5670.JPG,healthy,0,g2344,s_reliability,reliability_val,gaussian_noise,3148483517658350696,,,,0.01433534980532035,42,0,0,healthy,0,5.2504168,-1.4726862,-5.4943285,123
3fa1b3342df3aab77ae2,data/plantvillage/raw/color/Apple___healthy/de864ffe-aea2-4c80-bd60-adfc8787be7f___RS_HL 5985.JPG,healthy,0,g2352,s_reliability,reliability_train,original,,,,,,42,0,0,healthy,0,4.839158,-3.119816,-3.3087676,123
63be8cbf9dd8ee037fa8,data/plantvillage/raw/color/Apple___healthy/de864ffe-aea2-4c80-bd60-adfc8787be7f___RS_HL 5985.JPG,healthy,0,g2352,s_reliability,reliability_train,brightness,3280634071097645731,1.2532488947885627,,,,42,0,0,healthy,0,4.973202,-3.1080477,-3.589823,123
079487e9fde8602ad5c1,data/plantvillage/raw/color/Apple___healthy/de864ffe-aea2-4c80-bd60-adfc8787be7f___RS_HL 5985.JPG,healthy,0,g2352,s_reliability,reliability_train,contrast,2410135613963281607,,1.0698788521297633,,,42,0,0,healthy,0,5.276174,-3.2838788,-3.43809,123
ee33eec1312a5ea7781c,data/plantvillage/raw/color/Apple___healthy/de864ffe-aea2-4c80-bd60-adfc8787be7f___RS_HL 5985.JPG,healthy,0,g2352,s_reliability,reliability_train,gaussian_blur,6182952535856395009,,,1.399507853184382,,42,0,0,healthy,0,3.0814905,-2.0163486,-2.2142909,123
479f826e00392f414605,data/plantvillage/raw/color/Apple___healthy/de864ffe-aea2-4c80-bd60-adfc8787be7f___RS_HL 5985.JPG,healthy,0,g2352,s_reliability,reliability_train,gaussian_noise,5947883231809346496,,,,0.03173082402316855,42,0,0,healthy,0,5.264936,-3.0973995,-3.689367,123
0b0ab695e3de6e17d541,data/plantvillage/raw/color/Apple___healthy/df6bce5a-1d1b-49f6-a9cb-8f262701b335___RS_HL 8164.JPG,healthy,0,g2359,s_reliability,reliability_train,original,,,,,,42,0,0,healthy,0,4.8709807,-2.329842,-4.8347588,123
7b2fb5c36cec4b73235b,data/plantvillage/raw/color/Apple___healthy/df6bce5a-1d1b-49f6-a9cb-8f262701b335___RS_HL 8164.JPG,healthy,0,g2359,s_reliability,reliability_train,brightness,794567065637632670,1.2249106416297735,,,,42,0,0,healthy,0,4.816351,-2.4001188,-4.663989,123
8bc8ba20dfb684a6090a,data/plantvillage/raw/color/Apple___healthy/df6bce5a-1d1b-49f6-a9cb-8f262701b335___RS_HL 8164.JPG,healthy,0,g2359,s_reliability,reliability_train,contrast,7656278800243067735,,0.774462822634062,,,42,0,0,healthy,0,3.7579288,-1.6808149,-4.6107335,123
56a524717cb0c5c5aa2f,data/plantvillage/raw/color/Apple___healthy/df6bce5a-1d1b-49f6-a9cb-8f262701b335___RS_HL 8164.JPG,healthy,0,g2359,s_reliability,reliability_train,gaussian_blur,2908832196600831251,,,1.0478816471967214,,42,0,0,healthy,0,3.2086072,-3.0353398,-2.3705676,123
c31b0f7b3e9525dd45db,data/plantvillage/raw/color/Apple___healthy/df6bce5a-1d1b-49f6-a9cb-8f262701b335___RS_HL 8164.JPG,healthy,0,g2359,s_reliability,reliability_train,gaussian_noise,6805855932290882774,,,,0.020730821037254946,42,0,0,healthy,0,5.1192904,-2.4084477,-4.9488225,123
312f980ebbf67c9960d0,data/plantvillage/raw/color/Apple___healthy/e0b3b9e7-70ab-4cd5-ba2f-2924568dc837___RS_HL 7774.JPG,healthy,0,g2364,s_reliability,reliability_val,original,,,,,,42,0,0,healthy,0,5.092859,-3.4790854,-3.2049754,123
2fb045879d0e06260e89,data/plantvillage/raw/color/Apple___healthy/e0b3b9e7-70ab-4cd5-ba2f-2924568dc837___RS_HL 7774.JPG,healthy,0,g2364,s_reliability,reliability_val,brightness,6409045471138692313,0.7639359618958512,,,,42,0,0,healthy,0,4.730345,-3.1462548,-3.2787023,123
6b7d0328191aae9d1a3e,data/plantvillage/raw/color/Apple___healthy/e0b3b9e7-70ab-4cd5-ba2f-2924568dc837___RS_HL 7774.JPG,healthy,0,g2364,s_reliability,reliability_val,contrast,6919427159941534164,,1.2556611312130987,,,42,0,0,healthy,0,5.1131954,-3.4412787,-3.2175233,123
b3902522ede81c8e6cf5,data/plantvillage/raw/color/Apple___healthy/e0b3b9e7-70ab-4cd5-ba2f-2924568dc837___RS_HL 7774.JPG,healthy,0,g2364,s_reliability,reliability_val,gaussian_blur,2281212045899336191,,,0.8762323050823887,,42,0,0,healthy,0,2.1706977,-3.2384317,-0.8108579,123
68ea251c04eb51e98852,data/plantvillage/raw/color/Apple___healthy/e0b3b9e7-70ab-4cd5-ba2f-2924568dc837___RS_HL 7774.JPG,healthy,0,g2364,s_reliability,reliability_val,gaussian_noise,4537798966437301818,,,,0.021659652920268856,42,0,0,healthy,0,5.1867266,-3.4815047,-3.2432237,123
f56f9f61b376988d230e,data/plantvillage/raw/color/Apple___healthy/e1feed76-9ae7-449b-8c58-aebd806c680b___RS_HL 8034.JPG,healthy,0,g2372,s_reliability,reliability_val,original,,,,,,42,0,0,healthy,0,7.1238375,-3.4605157,-4.6360793,123
5dc99f989d826a963d99,data/plantvillage/raw/color/Apple___healthy/e1feed76-9ae7-449b-8c58-aebd806c680b___RS_HL 8034.JPG,healthy,0,g2372,s_reliability,reliability_val,brightness,3437059477423252326,0.8741282388826677,,,,42,0,0,healthy,0,7.2161016,-3.5236595,-4.574488,123
4bef6c7e151a8521eaac,data/plantvillage/raw/color/Apple___healthy/e1feed76-9ae7-449b-8c58-aebd806c680b___RS_HL 8034.JPG,healthy,0,g2372,s_reliability,reliability_val,contrast,8307589071805161610,,1.0391306442315829,,,42,0,0,healthy,0,7.2197194,-3.4533372,-4.7037225,123
32a3bfcfdef9580d5fa5,data/plantvillage/raw/color/Apple___healthy/e1feed76-9ae7-449b-8c58-aebd806c680b___RS_HL 8034.JPG,healthy,0,g2372,s_reliability,reliability_val,gaussian_blur,40780067124341004,,,1.1478786634130587,,42,0,0,healthy,0,4.5873895,-3.3928094,-2.024578,123
091e2af838ab78a22514,data/plantvillage/raw/color/Apple___healthy/e1feed76-9ae7-449b-8c58-aebd806c680b___RS_HL 8034.JPG,healthy,0,g2372,s_reliability,reliability_val,gaussian_noise,2085402653019739294,,,,0.04129636555156211,42,0,0,healthy,0,6.963094,-3.2115667,-4.75638,123
ab59c919e33e5803c6c1,data/plantvillage/raw/color/Apple___healthy/e2af3daf-392f-4661-baf0-f4d4522a07f9___RS_HL 5652.JPG,healthy,0,g2377,s_reliability,reliability_train,original,,,,,,42,0,0,healthy,0,6.80596,-2.5719604,-5.3508205,123
5a91408745bf1d6a58ca,data/plantvillage/raw/color/Apple___healthy/e2af3daf-392f-4661-baf0-f4d4522a07f9___RS_HL 5652.JPG,healthy,0,g2377,s_reliability,reliability_train,brightness,637520245979288044,1.2041042689561747,,,,42,0,0,healthy,0,7.075197,-2.9489145,-5.1941547,123
2e2adc5611d1c661c8e0,data/plantvillage/raw/color/Apple___healthy/e2af3daf-392f-4661-baf0-f4d4522a07f9___RS_HL 5652.JPG,healthy,0,g2377,s_reliability,reliability_train,contrast,2208956903874893206,,0.8560015984870688,,,42,0,0,healthy,0,6.032235,-2.1899161,-5.193709,123
f100042f655636fe6356,data/plantvillage/raw/color/Apple___healthy/e2af3daf-392f-4661-baf0-f4d4522a07f9___RS_HL 5652.JPG,healthy,0,g2377,s_reliability,reliability_train,gaussian_blur,9046048332791084724,,,1.1949125304174495,,42,0,0,healthy,0,3.4633152,-2.5070698,-2.640208,123
b86200b5a6a1473eea7f,data/plantvillage/raw/color/Apple___healthy/e2af3daf-392f-4661-baf0-f4d4522a07f9___RS_HL 5652.JPG,healthy,0,g2377,s_reliability,reliability_train,gaussian_noise,2939720112553386036,,,,0.027601985023514276,42,0,0,healthy,0,7.018681,-2.587805,-5.51248,123
f73f48e82baae6939838,data/plantvillage/raw/color/Apple___healthy/e35729f0-09b8-4cd4-a04c-30c9b49095c5___RS_HL 6068.JPG,healthy,0,g2383,s_reliability,reliability_val,original,,,,,,42,0,0,healthy,0,4.836096,-1.2142612,-5.2513466,123
65a1fa44ab59e14ff994,data/plantvillage/raw/color/Apple___healthy/e35729f0-09b8-4cd4-a04c-30c9b49095c5___RS_HL 6068.JPG,healthy,0,g2383,s_reliability,reliability_val,brightness,4871005172967506498,0.8597980501814668,,,,42,0,0,healthy,0,4.6625547,-0.943233,-5.354009,123
de2ba9de0558fd1d21fd,data/plantvillage/raw/color/Apple___healthy/e35729f0-09b8-4cd4-a04c-30c9b49095c5___RS_HL 6068.JPG,healthy,0,g2383,s_reliability,reliability_val,contrast,557838891321900251,,1.221451508108217,,,42,0,0,healthy,0,5.062292,-1.2686317,-5.3194404,123
984d964862761fad2f1b,data/plantvillage/raw/color/Apple___healthy/e35729f0-09b8-4cd4-a04c-30c9b49095c5___RS_HL 6068.JPG,healthy,0,g2383,s_reliability,reliability_val,gaussian_blur,8386591308596525897,,,0.9287016739944087,,42,0,0,healthy,0,2.6165278,-0.6222213,-3.8431518,123
544b532285b6d77f50f1,data/plantvillage/raw/color/Apple___healthy/e35729f0-09b8-4cd4-a04c-30c9b49095c5___RS_HL 6068.JPG,healthy,0,g2383,s_reliability,reliability_val,gaussian_noise,6931575106889941300,,,,0.01496183117057977,42,0,0,healthy,0,4.6907935,-1.03972,-5.312756,123
9a8447ee119f2b333744,data/plantvillage/raw/color/Apple___healthy/e3a3c4f3-12b0-49f2-a14c-c73cdc542e74___RS_HL 7773.JPG,healthy,0,g2385,s_reliability,reliability_train,original,,,,,,42,0,0,healthy,0,7.056003,-3.9674976,-4.7740364,123
243608fa71be7671ce4d,data/plantvillage/raw/color/Apple___healthy/e3a3c4f3-12b0-49f2-a14c-c73cdc542e74___RS_HL 7773.JPG,healthy,0,g2385,s_reliability,reliability_train,brightness,8765644846104192836,0.9483932409831941,,,,42,0,0,healthy,0,6.77748,-3.7167768,-4.756929,123
dc068efde9249bda3b28,data/plantvillage/raw/color/Apple___healthy/e3a3c4f3-12b0-49f2-a14c-c73cdc542e74___RS_HL 7773.JPG,healthy,0,g2385,s_reliability,reliability_train,contrast,4321238648934197324,,0.7868175279193127,,,42,0,0,healthy,0,5.3480716,-3.0465121,-4.1378,123
3e3fddc181a76d0868c5,data/plantvillage/raw/color/Apple___healthy/e3a3c4f3-12b0-49f2-a14c-c73cdc542e74___RS_HL 7773.JPG,healthy,0,g2385,s_reliability,reliability_train,gaussian_blur,821418727478224306,,,1.0213201974220436,,42,0,0,healthy,0,3.3784902,-3.81424,-1.8327804,123
ad082ee92e82e9c0e692,data/plantvillage/raw/color/Apple___healthy/e3a3c4f3-12b0-49f2-a14c-c73cdc542e74___RS_HL 7773.JPG,healthy,0,g2385,s_reliability,reliability_train,gaussian_noise,7829581099148334965,,,,0.04994961900141689,42,0,0,healthy,0,6.8511167,-3.7406507,-4.7487106,123
ad71fa5fc99b218fb829,data/plantvillage/raw/color/Apple___healthy/e439a002-e035-401e-a1aa-77f99fbd65ad___RS_HL 5880.JPG,healthy,0,g2388,s_reliability,reliability_train,original,,,,,,42,0,0,healthy,0,5.672246,-1.794657,-5.471426,123
1ff92af6677eb23603c8,data/plantvillage/raw/color/Apple___healthy/e439a002-e035-401e-a1aa-77f99fbd65ad___RS_HL 5880.JPG,healthy,0,g2388,s_reliability,reliability_train,brightness,7655105049204806237,1.0621173450095691,,,,42,0,0,healthy,0,5.772879,-1.8415458,-5.5349765,123
8b8d2013aaa33fe5b9da,data/plantvillage/raw/color/Apple___healthy/e439a002-e035-401e-a1aa-77f99fbd65ad___RS_HL 5880.JPG,healthy,0,g2388,s_reliability,reliability_train,contrast,4700191796877293195,,1.098077158995059,,,42,0,0,healthy,0,5.837206,-1.7966453,-5.5616107,123
8101793579f031281f78,data/plantvillage/raw/color/Apple___healthy/e439a002-e035-401e-a1aa-77f99fbd65ad___RS_HL 5880.JPG,healthy,0,g2388,s_reliability,reliability_train,gaussian_blur,7978337411395859216,,,0.7685825884603593,,42,0,0,healthy,0,3.8993971,-2.1573453,-3.42179,123
a46ccbbef02077235b06,data/plantvillage/raw/color/Apple___healthy/e439a002-e035-401e-a1aa-77f99fbd65ad___RS_HL 5880.JPG,healthy,0,g2388,s_reliability,reliability_train,gaussian_noise,5132115574989054888,,,,0.03944596408462634,42,0,0,healthy,0,5.743303,-1.5710661,-5.688776,123
d9cde09b6b5f98910644,data/plantvillage/raw/color/Apple___healthy/e77cdcd7-1279-4cd1-87db-9d80721311b4___RS_HL 6283.JPG,healthy,0,g2400,s_reliability,reliability_train,original,,,,,,42,0,0,healthy,0,4.916146,-1.3348391,-5.373929,123
9992e3bd61bcd5ea270a,data/plantvillage/raw/color/Apple___healthy/e77cdcd7-1279-4cd1-87db-9d80721311b4___RS_HL 6283.JPG,healthy,0,g2400,s_reliability,reliability_train,brightness,7426497857790609556,0.9935470453992199,,,,42,0,0,healthy,0,4.91806,-1.3328058,-5.3734055,123
b002340ef51a384ef40b,data/plantvillage/raw/color/Apple___healthy/e77cdcd7-1279-4cd1-87db-9d80721311b4___RS_HL 6283.JPG,healthy,0,g2400,s_reliability,reliability_train,contrast,2026327184808896427,,0.9120226441671961,,,42,0,0,healthy,0,4.9483433,-1.2897183,-5.4321365,123
9d3123ce2f558da5daeb,data/plantvillage/raw/color/Apple___healthy/e77cdcd7-1279-4cd1-87db-9d80721311b4___RS_HL 6283.JPG,healthy,0,g2400,s_reliability,reliability_train,gaussian_blur,6515263330407215617,,,1.4057476432720757,,42,0,0,healthy,0,1.2966442,-0.8402646,-2.2006085,123
fc493541b81042665a35,data/plantvillage/raw/color/Apple___healthy/e77cdcd7-1279-4cd1-87db-9d80721311b4___RS_HL 6283.JPG,healthy,0,g2400,s_reliability,reliability_train,gaussian_noise,2588827690534518184,,,,0.030054364329632557,42,0,0,healthy,0,5.293588,-1.4039938,-5.5622926,123
82e3edee1f974ddeb94f,data/plantvillage/raw/color/Apple___healthy/ec1bf8ec-0876-4971-8df1-20f766ac3df2___RS_HL 7666.JPG,healthy,0,g2419,s_reliability,reliability_train,original,,,,,,42,0,0,healthy,0,6.122059,-4.204369,-3.1745374,123
b8fc31d7921a4dfcff21,data/plantvillage/raw/color/Apple___healthy/ec1bf8ec-0876-4971-8df1-20f766ac3df2___RS_HL 7666.JPG,healthy,0,g2419,s_reliability,reliability_train,brightness,7987676030128040555,0.7232400951716734,,,,42,0,0,healthy,0,6.329686,-4.2301445,-3.2591307,123
83551d4124c8c697c1e0,data/plantvillage/raw/color/Apple___healthy/ec1bf8ec-0876-4971-8df1-20f766ac3df2___RS_HL 7666.JPG,healthy,0,g2419,s_reliability,reliability_train,contrast,2138164516656095664,,1.1133322391087632,,,42,0,0,healthy,0,6.120614,-4.1505966,-3.255908,123
a43eba5c0e9c8c26b4f5,data/plantvillage/raw/color/Apple___healthy/ec1bf8ec-0876-4971-8df1-20f766ac3df2___RS_HL 7666.JPG,healthy,0,g2419,s_reliability,reliability_train,gaussian_blur,5367513207900929481,,,0.7248557110803534,,42,0,0,healthy,0,5.142424,-4.5080767,-1.9847555,123
9e3e5422e53150e9ab4d,data/plantvillage/raw/color/Apple___healthy/ec1bf8ec-0876-4971-8df1-20f766ac3df2___RS_HL 7666.JPG,healthy,0,g2419,s_reliability,reliability_train,gaussian_noise,1226910309115464239,,,,0.04406484922225197,42,0,0,healthy,0,6.3872085,-4.198572,-3.4621127,123
2f7067a14824266c5e69,data/plantvillage/raw/color/Apple___healthy/ec274680-0ee1-49d4-af42-48c6fe0da457___RS_HL 7306.JPG,healthy,0,g2420,s_reliability,reliability_train,original,,,,,,42,0,0,healthy,0,2.6713343,-0.5421882,-3.790816,123
d53132868237dc8afe0a,data/plantvillage/raw/color/Apple___healthy/ec274680-0ee1-49d4-af42-48c6fe0da457___RS_HL 7306.JPG,healthy,0,g2420,s_reliability,reliability_train,brightness,220986536118334634,1.009654630957668,,,,42,0,0,healthy,0,2.6208181,-0.5084827,-3.7771978,123
e21592b57a7f19db61b0,data/plantvillage/raw/color/Apple___healthy/ec274680-0ee1-49d4-af42-48c6fe0da457___RS_HL 7306.JPG,healthy,0,g2420,s_reliability,reliability_train,contrast,6785935810447135055,,0.8639104145653292,,,42,0,0,healthy,0,2.5314066,-0.5609334,-3.7498858,123
c78476111655c9bb9e89,data/plantvillage/raw/color/Apple___healthy/ec274680-0ee1-49d4-af42-48c6fe0da457___RS_HL 7306.JPG,healthy,0,g2420,s_reliability,reliability_train,gaussian_blur,7268134423667907472,,,1.3768951025406602,,42,0,2,rust,1,-0.32814288,-1.4385005,-0.22858326,123
9f15e7b7745af46d8e0d,data/plantvillage/raw/color/Apple___healthy/ec274680-0ee1-49d4-af42-48c6fe0da457___RS_HL 7306.JPG,healthy,0,g2420,s_reliability,reliability_train,gaussian_noise,4344170387121762335,,,,0.01616656549964738,42,0,0,healthy,0,2.4858038,-0.41208467,-3.7439075,123
163167e37c1363418f3c,data/plantvillage/raw/color/Apple___healthy/eee67012-27f6-45d5-9365-2561429f046d___RS_HL 8165.JPG,healthy,0,g2436,s_reliability,reliability_train,original,,,,,,42,0,0,healthy,0,5.5883055,-3.370645,-4.410784,123
f9a8f88086948147c271,data/plantvillage/raw/color/Apple___healthy/eee67012-27f6-45d5-9365-2561429f046d___RS_HL 8165.JPG,healthy,0,g2436,s_reliability,reliability_train,brightness,189989805852965463,1.068439672138619,,,,42,0,0,healthy,0,5.604266,-3.3305001,-4.4884863,123
f6b8af70c1eb39b60c7c,data/plantvillage/raw/color/Apple___healthy/eee67012-27f6-45d5-9365-2561429f046d___RS_HL 8165.JPG,healthy,0,g2436,s_reliability,reliability_train,contrast,534311089720446306,,1.263352725092657,,,42,0,0,healthy,0,5.1113462,-2.8686268,-4.651973,123
dd411aa05dd0b657f037,data/plantvillage/raw/color/Apple___healthy/eee67012-27f6-45d5-9365-2561429f046d___RS_HL 8165.JPG,healthy,0,g2436,s_reliability,reliability_train,gaussian_blur,4274762601827120558,,,1.4434227530095836,,42,0,0,healthy,0,1.8006817,-3.0445302,-1.6344343,123
2032db191f12b7a3a829,data/plantvillage/raw/color/Apple___healthy/eee67012-27f6-45d5-9365-2561429f046d___RS_HL 8165.JPG,healthy,0,g2436,s_reliability,reliability_train,gaussian_noise,2598192555491167103,,,,0.046549208374066044,42,0,0,healthy,0,5.3994226,-3.0762079,-4.5297003,123
35278c0e087aa823dd29,data/plantvillage/raw/color/Apple___healthy/ef39563c-7897-48be-b7d5-5371b873b110___RS_HL 8024.JPG,healthy,0,g2438,s_reliability,reliability_val,original,,,,,,42,0,0,healthy,0,4.5934906,-1.9204253,-4.7965627,123
47f50cd51f77db714263,data/plantvillage/raw/color/Apple___healthy/ef39563c-7897-48be-b7d5-5371b873b110___RS_HL 8024.JPG,healthy,0,g2438,s_reliability,reliability_val,brightness,6996244170949694370,1.186370300567663,,,,42,0,0,healthy,0,4.6217403,-2.0547316,-4.688527,123
4c565435ba3cc3d3be69,data/plantvillage/raw/color/Apple___healthy/ef39563c-7897-48be-b7d5-5371b873b110___RS_HL 8024.JPG,healthy,0,g2438,s_reliability,reliability_val,contrast,4793249237452021803,,0.9817384756322116,,,42,0,0,healthy,0,4.6224117,-1.9528805,-4.7788997,123
48a305f45e59c50eb37d,data/plantvillage/raw/color/Apple___healthy/ef39563c-7897-48be-b7d5-5371b873b110___RS_HL 8024.JPG,healthy,0,g2438,s_reliability,reliability_val,gaussian_blur,4831093218402465585,,,1.2584016794590065,,42,0,0,healthy,0,1.5408355,-2.263628,-1.6581725,123
e727516d1da757a0f2ef,data/plantvillage/raw/color/Apple___healthy/ef39563c-7897-48be-b7d5-5371b873b110___RS_HL 8024.JPG,healthy,0,g2438,s_reliability,reliability_val,gaussian_noise,3071857031181834642,,,,0.04896427249067124,42,0,0,healthy,0,4.7182045,-1.7807009,-4.951188,123
3d0baec620e1306b676c,data/plantvillage/raw/color/Apple___healthy/efcddd81-0718-4555-ac8f-f417cc6e6280___RS_HL 7912.JPG,healthy,0,g2439,s_reliability,reliability_val,original,,,,,,42,0,0,healthy,0,4.848404,-2.3675904,-3.9895709,123
b8ebbba300c25019be63,data/plantvillage/raw/color/Apple___healthy/efcddd81-0718-4555-ac8f-f417cc6e6280___RS_HL 7912.JPG,healthy,0,g2439,s_reliability,reliability_val,brightness,7854603801949128663,0.743618820567704,,,,42,0,0,healthy,0,4.6254253,-2.0608478,-4.0770526,123
874f78b1f244a0a656af,data/plantvillage/raw/color/Apple___healthy/efcddd81-0718-4555-ac8f-f417cc6e6280___RS_HL 7912.JPG,healthy,0,g2439,s_reliability,reliability_val,contrast,7934016994424957136,,0.7415606752913227,,,42,0,0,healthy,0,4.6927414,-2.3817918,-3.860779,123
4ce8219078b47cd777e0,data/plantvillage/raw/color/Apple___healthy/efcddd81-0718-4555-ac8f-f417cc6e6280___RS_HL 7912.JPG,healthy,0,g2439,s_reliability,reliability_val,gaussian_blur,7294735830650431388,,,1.1468904668765312,,42,0,0,healthy,0,1.4763551,-1.9313744,-1.7050434,123
de8aa343bfd839b79b1c,data/plantvillage/raw/color/Apple___healthy/efcddd81-0718-4555-ac8f-f417cc6e6280___RS_HL 7912.JPG,healthy,0,g2439,s_reliability,reliability_val,gaussian_noise,7513541387298594557,,,,0.028420163673314076,42,0,0,healthy,0,4.981536,-2.4366527,-4.0155344,123
c6d3600b6e372acf78fd,data/plantvillage/raw/color/Apple___healthy/eff8a4a7-8aa4-4549-ae15-035f85c15486___RS_HL 7783.JPG,healthy,0,g2440,s_reliability,reliability_train,original,,,,,,42,0,0,healthy,0,2.6329448,-1.3483648,-3.8224988,123
ed8f4d9b7b26db40710b,data/plantvillage/raw/color/Apple___healthy/eff8a4a7-8aa4-4549-ae15-035f85c15486___RS_HL 7783.JPG,healthy,0,g2440,s_reliability,reliability_train,brightness,1185236010484503773,1.0912750771363318,,,,42,0,0,healthy,0,2.6717312,-1.3544012,-3.8104444,123
b8e71f90ea4f32906330,data/plantvillage/raw/color/Apple___healthy/eff8a4a7-8aa4-4549-ae15-035f85c15486___RS_HL 7783.JPG,healthy,0,g2440,s_reliability,reliability_train,contrast,5337894444943874936,,1.242942048516233,,,42,0,0,healthy,0,2.8042116,-1.2340357,-4.0433173,123
3bd4a907c732f81844f0,data/plantvillage/raw/color/Apple___healthy/eff8a4a7-8aa4-4549-ae15-035f85c15486___RS_HL 7783.JPG,healthy,0,g2440,s_reliability,reliability_train,gaussian_blur,1473788484786346713,,,0.8525524366150462,,42,0,0,healthy,0,1.1365492,-2.3655882,-1.3718984,123
be13077b0ee25048bd8b,data/plantvillage/raw/color/Apple___healthy/eff8a4a7-8aa4-4549-ae15-035f85c15486___RS_HL 7783.JPG,healthy,0,g2440,s_reliability,reliability_train,gaussian_noise,4971897119437211173,,,,0.0321732861311922,42,0,0,healthy,0,2.6723595,-1.3663309,-3.7520382,123
332c7f761a5653e24b9b,data/plantvillage/raw/color/Apple___healthy/f09b090f-bff1-4fc9-87ad-1b9e05373698___RS_HL 6035.JPG,healthy,0,g2445,s_reliability,reliability_train,original,,,,,,42,0,0,healthy,0,6.5744905,-3.4129572,-4.458064,123
de3baf72c24d789c710d,data/plantvillage/raw/color/Apple___healthy/f09b090f-bff1-4fc9-87ad-1b9e05373698___RS_HL 6035.JPG,healthy,0,g2445,s_reliability,reliability_train,brightness,6629415940413032221,0.8687543084874427,,,,42,0,0,healthy,0,6.407931,-3.2878478,-4.442993,123
a154aa58afad13d62c27,data/plantvillage/raw/color/Apple___healthy/f09b090f-bff1-4fc9-87ad-1b9e05373698___RS_HL 6035.JPG,healthy,0,g2445,s_reliability,reliability_train,contrast,299656887961082649,,0.9101281854402783,,,42,0,0,healthy,0,6.1704607,-3.2433012,-4.297634,123
69bb329ef1677345ef1a,data/plantvillage/raw/color/Apple___healthy/f09b090f-bff1-4fc9-87ad-1b9e05373698___RS_HL 6035.JPG,healthy,0,g2445,s_reliability,reliability_train,gaussian_blur,563026878617219762,,,0.6744464049803709,,42,0,0,healthy,0,5.7246714,-3.3575823,-3.7487173,123
a029ea39f8a84956ba38,data/plantvillage/raw/color/Apple___healthy/f09b090f-bff1-4fc9-87ad-1b9e05373698___RS_HL 6035.JPG,healthy,0,g2445,s_reliability,reliability_train,gaussian_noise,2961949401640761309,,,,0.04863045640361331,42,0,0,healthy,0,7.5374126,-3.5857863,-5.074855,123
8bff3cd9296e4e01daac,data/plantvillage/raw/color/Apple___healthy/f2314f38-fd6f-4bee-b26e-ad095508beab___RS_HL 6145.JPG,healthy,0,g2457,s_reliability,reliability_train,original,,,,,,42,0,0,healthy,0,6.4079905,-3.6857991,-4.233293,123
bb8fa3cefd6185562ced,data/plantvillage/raw/color/Apple___healthy/f2314f38-fd6f-4bee-b26e-ad095508beab___RS_HL 6145.JPG,healthy,0,g2457,s_reliability,reliability_train,brightness,772336415437396276,1.2026354080548864,,,,42,0,0,healthy,0,6.435353,-3.8529701,-4.2009034,123
502dcf59e966f129e8bf,data/plantvillage/raw/color/Apple___healthy/f2314f38-fd6f-4bee-b26e-ad095508beab___RS_HL 6145.JPG,healthy,0,g2457,s_reliability,reliability_train,contrast,8719398754418026940,,0.8257442833067278,,,42,0,0,healthy,0,6.277988,-3.5173512,-4.2180705,123
a5558ffb356e4286c4d6,data/plantvillage/raw/color/Apple___healthy/f2314f38-fd6f-4bee-b26e-ad095508beab___RS_HL 6145.JPG,healthy,0,g2457,s_reliability,reliability_train,gaussian_blur,3926122223616629411,,,1.3290190566180653,,42,0,0,healthy,0,2.9628296,-3.1169026,-1.6056986,123
61d078f58cfc5e322e71,data/plantvillage/raw/color/Apple___healthy/f2314f38-fd6f-4bee-b26e-ad095508beab___RS_HL 6145.JPG,healthy,0,g2457,s_reliability,reliability_train,gaussian_noise,5838671658641665255,,,,0.04862741767670341,42,0,0,healthy,0,6.2706423,-3.1373272,-4.4899917,123
ed1882a9047c0b33a37f,data/plantvillage/raw/color/Apple___healthy/f7416f1d-cd65-4f2e-be3e-ca701e693df5___RS_HL 7920.JPG,healthy,0,g2484,s_reliability,reliability_val,original,,,,,,42,0,0,healthy,0,5.872395,-2.7099426,-4.7911134,123
78815c9e054e2556747b,data/plantvillage/raw/color/Apple___healthy/f7416f1d-cd65-4f2e-be3e-ca701e693df5___RS_HL 7920.JPG,healthy,0,g2484,s_reliability,reliability_val,brightness,4359477458417931357,1.2317189105631696,,,,42,0,0,healthy,0,6.025696,-2.8548982,-4.730874,123
8276751faf9dae30f8bf,data/plantvillage/raw/color/Apple___healthy/f7416f1d-cd65-4f2e-be3e-ca701e693df5___RS_HL 7920.JPG,healthy,0,g2484,s_reliability,reliability_val,contrast,8423463805504921224,,1.1676215226305835,,,42,0,0,healthy,0,5.8131924,-2.6074095,-4.814326,123
2cbae7bbc37d20304bbb,data/plantvillage/raw/color/Apple___healthy/f7416f1d-cd65-4f2e-be3e-ca701e693df5___RS_HL 7920.JPG,healthy,0,g2484,s_reliability,reliability_val,gaussian_blur,6373553025923913498,,,0.9149248819933326,,42,0,0,healthy,0,4.306273,-3.3065479,-2.8742085,123
141114689251e2cf9ac7,data/plantvillage/raw/color/Apple___healthy/f7416f1d-cd65-4f2e-be3e-ca701e693df5___RS_HL 7920.JPG,healthy,0,g2484,s_reliability,reliability_val,gaussian_noise,6260467427647153001,,,,0.04196347914618679,42,0,0,healthy,0,5.562199,-2.1154149,-5.2018285,123
9a269c88d59f4e9ed8cc,data/plantvillage/raw/color/Apple___healthy/f7b5ebd2-2471-4a99-9944-e25696aa5fa8___RS_HL 6233.JPG,healthy,0,g2490,s_reliability,reliability_train,original,,,,,,42,0,0,healthy,0,5.0758295,-1.9494267,-4.828982,123
4c88a13d7ba783cbfaf5,data/plantvillage/raw/color/Apple___healthy/f7b5ebd2-2471-4a99-9944-e25696aa5fa8___RS_HL 6233.JPG,healthy,0,g2490,s_reliability,reliability_train,brightness,2063959800542382168,1.1924852835128938,,,,42,0,0,healthy,0,5.2620134,-1.9883566,-4.9648414,123
26b222c7999039468023,data/plantvillage/raw/color/Apple___healthy/f7b5ebd2-2471-4a99-9944-e25696aa5fa8___RS_HL 6233.JPG,healthy,0,g2490,s_reliability,reliability_train,contrast,5912840315589991832,,0.8539736699788918,,,42,0,0,healthy,0,5.0136623,-1.916406,-4.724828,123
2f7853ab39fa4821685f,data/plantvillage/raw/color/Apple___healthy/f7b5ebd2-2471-4a99-9944-e25696aa5fa8___RS_HL 6233.JPG,healthy,0,g2490,s_reliability,reliability_train,gaussian_blur,5573519119509403411,,,1.00902254399286,,42,0,0,healthy,0,2.5613348,-2.173433,-2.443086,123
674f4a34948b656124d5,data/plantvillage/raw/color/Apple___healthy/f7b5ebd2-2471-4a99-9944-e25696aa5fa8___RS_HL 6233.JPG,healthy,0,g2490,s_reliability,reliability_train,gaussian_noise,5350448562760456341,,,,0.01610316395366882,42,0,0,healthy,0,5.0700865,-1.8770378,-4.9013104,123
76e8804528121f2c63cb,data/plantvillage/raw/color/Apple___healthy/f867a4ff-fe32-4bc4-9fee-9403c5ade149___RS_HL 5752.JPG,healthy,0,g2496,s_reliability,reliability_train,original,,,,,,42,0,0,healthy,0,7.4424443,-1.4758686,-6.741546,123
ab43e26904c2e928affa,data/plantvillage/raw/color/Apple___healthy/f867a4ff-fe32-4bc4-9fee-9403c5ade149___RS_HL 5752.JPG,healthy,0,g2496,s_reliability,reliability_train,brightness,9143008897961289878,1.2072127780198731,,,,42,0,0,healthy,0,7.8885903,-1.6605941,-6.881886,123
381bfe31bff2c2c07021,data/plantvillage/raw/color/Apple___healthy/f867a4ff-fe32-4bc4-9fee-9403c5ade149___RS_HL 5752.JPG,healthy,0,g2496,s_reliability,reliability_train,contrast,5455176447635669463,,0.8298298151866623,,,42,0,0,healthy,0,6.034165,-0.7770683,-6.3540835,123
24a0b88e7a29d256f63f,data/plantvillage/raw/color/Apple___healthy/f867a4ff-fe32-4bc4-9fee-9403c5ade149___RS_HL 5752.JPG,healthy,0,g2496,s_reliability,reliability_train,gaussian_blur,8001894094008250401,,,0.6313287372008985,,42,0,0,healthy,0,6.3285303,-2.099267,-5.035957,123
3f8cac1ea0f8cd258d62,data/plantvillage/raw/color/Apple___healthy/f867a4ff-fe32-4bc4-9fee-9403c5ade149___RS_HL 5752.JPG,healthy,0,g2496,s_reliability,reliability_train,gaussian_noise,8522186780292781365,,,,0.047388256724811624,42,0,0,healthy,0,7.970109,-1.650496,-7.027524,123
b81756566c995bfd299e,data/plantvillage/raw/color/Apple___healthy/f995325a-1135-4bde-89a6-121b0fde8c6c___RS_HL 5891.JPG,healthy,0,g2505,s_reliability,reliability_train,original,,,,,,42,0,0,healthy,0,5.2952986,-3.4135935,-2.9523878,123
f0caf322df69c14a45e9,data/plantvillage/raw/color/Apple___healthy/f995325a-1135-4bde-89a6-121b0fde8c6c___RS_HL 5891.JPG,healthy,0,g2505,s_reliability,reliability_train,brightness,6869346574417228529,1.0368738183476585,,,,42,0,0,healthy,0,5.302837,-3.3148885,-3.0687263,123
912b77cc5a9029152e7a,data/plantvillage/raw/color/Apple___healthy/f995325a-1135-4bde-89a6-121b0fde8c6c___RS_HL 5891.JPG,healthy,0,g2505,s_reliability,reliability_train,contrast,6656211639019693140,,0.8143105419399964,,,42,0,0,healthy,0,5.4820666,-3.4392245,-3.0384483,123
73d652b6f4d8d638a707,data/plantvillage/raw/color/Apple___healthy/f995325a-1135-4bde-89a6-121b0fde8c6c___RS_HL 5891.JPG,healthy,0,g2505,s_reliability,reliability_train,gaussian_blur,7092296445892592735,,,1.322986619444158,,42,0,0,healthy,0,2.1517663,-3.3946471,-0.5444861,123
b8c9536cb4ef73c73c31,data/plantvillage/raw/color/Apple___healthy/f995325a-1135-4bde-89a6-121b0fde8c6c___RS_HL 5891.JPG,healthy,0,g2505,s_reliability,reliability_train,gaussian_noise,4977405919153055644,,,,0.029070997488886745,42,0,0,healthy,0,5.0976696,-3.2178493,-3.0365484,123
37b546ae9733e98e9737,data/plantvillage/raw/color/Apple___healthy/fb723b31-aac6-4412-aa97-efcab9cc99a4___RS_HL 8101.JPG,healthy,0,g2514,s_reliability,reliability_val,original,,,,,,42,0,0,healthy,0,6.6908765,-2.050934,-5.783725,123
0be2fd30fcfe33f81022,data/plantvillage/raw/color/Apple___healthy/fb723b31-aac6-4412-aa97-efcab9cc99a4___RS_HL 8101.JPG,healthy,0,g2514,s_reliability,reliability_val,brightness,536713051145895983,0.9679341342254071,,,,42,0,0,healthy,0,6.736416,-2.1084852,-5.754089,123
e4c09c8a99bc0af630c3,data/plantvillage/raw/color/Apple___healthy/fb723b31-aac6-4412-aa97-efcab9cc99a4___RS_HL 8101.JPG,healthy,0,g2514,s_reliability,reliability_val,contrast,4246211401210950196,,1.198930036425837,,,42,0,0,healthy,0,6.501063,-1.7738061,-5.9117074,123
b67f35cf14e553324c78,data/plantvillage/raw/color/Apple___healthy/fb723b31-aac6-4412-aa97-efcab9cc99a4___RS_HL 8101.JPG,healthy,0,g2514,s_reliability,reliability_val,gaussian_blur,7766005488903383831,,,0.9026216687339459,,42,0,0,healthy,0,4.925067,-2.1719587,-3.4498155,123
f7e8db2bf9eb238bb41b,data/plantvillage/raw/color/Apple___healthy/fb723b31-aac6-4412-aa97-efcab9cc99a4___RS_HL 8101.JPG,healthy,0,g2514,s_reliability,reliability_val,gaussian_noise,3342293063549930586,,,,0.01348866729981351,42,0,0,healthy,0,6.6673427,-2.0088627,-5.8227706,123
2bf80fd6ef56b5427da0,data/plantvillage/raw/color/Apple___healthy/fda25357-1076-4707-83e7-d409448a11a8___RS_HL 6221.JPG,healthy,0,g2523,s_reliability,reliability_train,original,,,,,,42,0,0,healthy,0,3.6060266,-2.2464697,-3.7774734,123
9a05a527035f648fc883,data/plantvillage/raw/color/Apple___healthy/fda25357-1076-4707-83e7-d409448a11a8___RS_HL 6221.JPG,healthy,0,g2523,s_reliability,reliability_train,brightness,9200765848649428338,0.9418561754693296,,,,42,0,0,healthy,0,3.6102853,-2.2298434,-3.8023603,123
56049dbb318bcc31c17e,data/plantvillage/raw/color/Apple___healthy/fda25357-1076-4707-83e7-d409448a11a8___RS_HL 6221.JPG,healthy,0,g2523,s_reliability,reliability_train,contrast,578103468573148835,,1.2353042009556323,,,42,0,0,healthy,0,3.9690664,-2.3039515,-3.978119,123
58588724e8fc5978ae42,data/plantvillage/raw/color/Apple___healthy/fda25357-1076-4707-83e7-d409448a11a8___RS_HL 6221.JPG,healthy,0,g2523,s_reliability,reliability_train,gaussian_blur,2567392647564852991,,,1.3818671641142535,,42,0,0,healthy,0,0.15994987,-1.7509902,-1.5423237,123
c263e9a9dd54dd3cd8ef,data/plantvillage/raw/color/Apple___healthy/fda25357-1076-4707-83e7-d409448a11a8___RS_HL 6221.JPG,healthy,0,g2523,s_reliability,reliability_train,gaussian_noise,6122316175600551091,,,,0.020653769660684964,42,0,0,healthy,0,3.7708588,-1.9892546,-4.199148,123
46a0e6523f8e4ce96e3b,data/plantvillage/raw/color/Apple___healthy/fea00538-32c3-4876-8833-40652becc30c___RS_HL 5761.JPG,healthy,0,g2530,s_reliability,reliability_train,original,,,,,,42,0,0,healthy,0,5.4322114,-0.8803348,-6.0495334,123
20f7088d126a64f10279,data/plantvillage/raw/color/Apple___healthy/fea00538-32c3-4876-8833-40652becc30c___RS_HL 5761.JPG,healthy,0,g2530,s_reliability,reliability_train,brightness,6767160455960747245,0.7464821509683723,,,,42,0,0,healthy,0,5.179883,-0.8576476,-5.8179917,123
a0c172bb55ef9753188a,data/plantvillage/raw/color/Apple___healthy/fea00538-32c3-4876-8833-40652becc30c___RS_HL 5761.JPG,healthy,0,g2530,s_reliability,reliability_train,contrast,4490138560816570135,,1.257797578293228,,,42,0,0,healthy,0,5.177219,-0.8598835,-5.995647,123
6d6ae32a1487adf0da4f,data/plantvillage/raw/color/Apple___healthy/fea00538-32c3-4876-8833-40652becc30c___RS_HL 5761.JPG,healthy,0,g2530,s_reliability,reliability_train,gaussian_blur,6877305992116323865,,,0.6475893085311231,,42,0,0,healthy,0,4.7966385,-1.499692,-4.972228,123
64e379dad716d4adb367,data/plantvillage/raw/color/Apple___healthy/fea00538-32c3-4876-8833-40652becc30c___RS_HL 5761.JPG,healthy,0,g2530,s_reliability,reliability_train,gaussian_noise,8155657922131587209,,,,0.03267752948600909,42,0,0,healthy,0,5.545326,-0.84066343,-6.195434,123
2f6c75551512a2e79122,data/plantvillage/raw/color/Apple___healthy/feb2c7d8-0cfd-4eb1-86d0-78a893dd8943___RS_HL 7866.JPG,healthy,0,g2532,s_reliability,reliability_train,original,,,,,,42,0,0,healthy,0,3.7712226,-3.1460955,-2.3088958,123
ba1e784aa47f2fb490b0,data/plantvillage/raw/color/Apple___healthy/feb2c7d8-0cfd-4eb1-86d0-78a893dd8943___RS_HL 7866.JPG,healthy,0,g2532,s_reliability,reliability_train,brightness,3605648499600144422,0.9125195476159824,,,,42,0,0,healthy,0,3.6391556,-3.0662286,-2.3067238,123
21a198066a72bfede767,data/plantvillage/raw/color/Apple___healthy/feb2c7d8-0cfd-4eb1-86d0-78a893dd8943___RS_HL 7866.JPG,healthy,0,g2532,s_reliability,reliability_train,contrast,1026391629416439833,,1.244608984816079,,,42,0,0,healthy,0,3.6566145,-2.7796104,-2.504615,123
e745da20af62c3b1c444,data/plantvillage/raw/color/Apple___healthy/feb2c7d8-0cfd-4eb1-86d0-78a893dd8943___RS_HL 7866.JPG,healthy,0,g2532,s_reliability,reliability_train,gaussian_blur,6233031138160942446,,,0.8497843792015919,,42,0,0,healthy,0,2.4777331,-3.711156,-1.0555382,123
d55d323d49bbd3e68bef,data/plantvillage/raw/color/Apple___healthy/feb2c7d8-0cfd-4eb1-86d0-78a893dd8943___RS_HL 7866.JPG,healthy,0,g2532,s_reliability,reliability_train,gaussian_noise,5346822554028665402,,,,0.03415050617465853,42,0,0,healthy,0,3.9983318,-2.9859588,-2.591727,123
cbaaec47dbe959c64b72,data/plantvillage/raw/color/Apple___healthy/ff89a869-8eb9-4a0a-9132-dc63e94421bd___RS_HL 7649.JPG,healthy,0,g2536,s_reliability,reliability_val,original,,,,,,42,0,0,healthy,0,4.563845,-2.328086,-3.9980483,123
69321030be90f32a3a37,data/plantvillage/raw/color/Apple___healthy/ff89a869-8eb9-4a0a-9132-dc63e94421bd___RS_HL 7649.JPG,healthy,0,g2536,s_reliability,reliability_val,brightness,6510888100655619039,0.8836478293313617,,,,42,0,0,healthy,0,4.569672,-2.0572813,-4.163989,123
6a1f32477eec8e1a0980,data/plantvillage/raw/color/Apple___healthy/ff89a869-8eb9-4a0a-9132-dc63e94421bd___RS_HL 7649.JPG,healthy,0,g2536,s_reliability,reliability_val,contrast,1052450415211902463,,0.8505808027920276,,,42,0,0,healthy,0,4.577612,-2.284818,-3.9385054,123
74c4ba00793c1c7eba27,data/plantvillage/raw/color/Apple___healthy/ff89a869-8eb9-4a0a-9132-dc63e94421bd___RS_HL 7649.JPG,healthy,0,g2536,s_reliability,reliability_val,gaussian_blur,1733191470771762205,,,1.2394974851476,,42,0,0,healthy,0,3.232511,-3.4517505,-1.7445365,123
5804e7a3abb2b6af3795,data/plantvillage/raw/color/Apple___healthy/ff89a869-8eb9-4a0a-9132-dc63e94421bd___RS_HL 7649.JPG,healthy,0,g2536,s_reliability,reliability_val,gaussian_noise,8147000119447011947,,,,0.027752484908512537,42,0,0,healthy,0,3.9985583,-1.8793601,-4.056185,123
