path,label,group_id,subset
data/plantvillage/raw/color/Apple___Apple_scab/00075aa8-d81a-4184-8541-b692b78d398a___FREC_Scab 3335.JPG,scab,g0001,s_train
data/plantvillage/raw/color/Apple___Apple_scab/01a66316-0e98-4d3b-a56f-d78752cd043f___FREC_Scab 3003.JPG,scab,g0002,s_train
data/plantvillage/raw/color/Apple___Apple_scab/01f3deaa-6143-4b6c-9c22-620a46d8be04___FREC_Scab 3112.JPG,scab,g0003,s_train
data/plantvillage/raw/color/Apple___Apple_scab/0208f4eb-45a4-4399-904e-989ac2c6257c___FREC_Scab 3037.JPG,scab,g0004,s_reliability
data/plantvillage/raw/color/Apple___Apple_scab/023123cb-7b69-4c9f-a521-766d7c8543bb___FREC_Scab 3487.JPG,scab,g0005,s_calibration
data/plantvillage/raw/color/Apple___Apple_scab/0261a6e4-21f8-481a-8827-b674e6955644___FREC_Scab 3055.JPG,scab,g0006,s_train
data/plantvillage/raw/color/Apple___Apple_scab/029424b0-0ef5-491b-9ef5-069190d24d8f___FREC_Scab 3504.JPG,scab,g0007,s_train
data/plantvillage/raw/color/Apple___Apple_scab/03354abb-aa1c-4f9d-a1ef-9f40505cd539___FREC_Scab 3355.JPG,scab,g0008,s_train
data/plantvillage/raw/color/Apple___Apple_scab/0340dc35-5215-48ab-8db7-06af99fcb358___FREC_Scab 2966.JPG,scab,g0009,s_calibration
data/plantvillage/raw/color/Apple___Apple_scab/0395b847-2c73-4674-826f-33a6afb5b4fe___FREC_Scab 3287.JPG,scab,g0010,s_train
data/plantvillage/raw/color/Apple___Apple_scab/03eccb1a-0368-4ac7-9f48-7546037b775a___FREC_Scab 3334.JPG,scab,g0011,s_train
data/plantvillage/raw/color/Apple___Apple_scab/0537ad56-3d24-4e97-a947-65b9b37f8988___FREC_Scab 3079.JPG,scab,g0012,s_train
data/plantvillage/raw/color/Apple___Apple_scab/058d5e64-2c57-45ba-94cb-ac83fd1885a0___FREC_Scab 3181.JPG,scab,g0013,s_train
data/plantvillage/raw/color/Apple___Apple_scab/0631708e-5bac-4611-8ff9-6d5ee87ce3b3___FREC_Scab 3252.JPG,scab,g0014,s_train
data/plantvillage/raw/color/Apple___Apple_scab/0672ab32-9fce-41f3-ae69-e39c48a0a292___FREC_Scab 3347.JPG,scab,g0015,s_train
data/plantvillage/raw/color/Apple___Apple_scab/06cf74b6-d895-4a09-b3b1-bc63579f8c33___FREC_Scab 3128.JPG,scab,g0016,s_train
data/plantvillage/raw/color/Apple___Apple_scab/073b509f-c1ea-4e61-881b-2e874c5f4199___FREC_Scab 3286.JPG,scab,g0017,s_calibration
data/plantvillage/raw/color/Apple___Apple_scab/075b1885-250b-4b3e-8168-e54efdbb04e8___FREC_Scab 3173.JPG,scab,g0018,s_test
data/plantvillage/raw/color/Apple___Apple_scab/0812e1e4-6d1b-4264-8f23-6519354fc5a6___FREC_Scab 3293.JPG,scab,g0019,s_train
data/plantvillage/raw/color/Apple___Apple_scab/0896ecbc-1af2-4868-8279-ed302acb29bc___FREC_Scab 3339.JPG,scab,g0020,s_test
data/plantvillage/raw/color/Apple___Apple_scab/08c42d78-aa7b-4106-b0c1-b260f898dcba___FREC_Scab 3151.JPG,scab,g0021,s_train
data/plantvillage/raw/color/Apple___Apple_scab/095c9131-a0cb-47de-898a-f9371f208c01___FREC_Scab 3109.JPG,scab,g0022,s_train
data/plantvillage/raw/color/Apple___Apple_scab/09ba6ad9-aa8d-4493-b1bf-818a4b30c4aa___FREC_Scab 2981.JPG,scab,g0023,s_test
data/plantvillage/raw/color/Apple___Apple_scab/09e40e4f-f8bc-4537-b20d-0b244760dbf4___FREC_Scab 3216.JPG,scab,g0024,s_calibration
data/plantvillage/raw/color/Apple___Apple_scab/0a14783a-838a-4d4f-a671-ff98011714c6___FREC_Scab 3288.JPG,scab,g0025,s_test
data/plantvillage/raw/color/Apple___Apple_scab/0a5e9323-dbad-432d-ac58-d291718345d9___FREC_Scab 3417.JPG,scab,g0026,s_train
data/plantvillage/raw/color/Apple___Apple_scab/0a6812de-7416-4ffe-aba9-307599a02c84___FREC_Scab 2973.JPG,scab,g0027,s_reliability
data/plantvillage/raw/color/Apple___Apple_scab/0a769a71-052a-4f19-a4d8-b0f0cb75541c___FREC_Scab 3165.JPG,scab,g0028,s_train
data/plantvillage/raw/color/Apple___Apple_scab/0b170906-9436-4c0d-84c1-c396ad9d909b___FREC_Scab 3101.JPG,scab,g0029,s_train
data/plantvillage/raw/color/Apple___Apple_scab/0b1e31fa-cbc0-41ed-9139-c794e6855e82___FREC_Scab 3089.JPG,scab,g0030,s_val
data/plantvillage/raw/color/Apple___Apple_scab/0b4a52e3-e15e-4117-b2e8-7cdb5dca3ce9___FREC_Scab 3137.JPG,scab,g0031,s_calibration
data/plantvillage/raw/color/Apple___Apple_scab/0c620ec5-11cf-4120-94ab-1311e99df147___FREC_Scab 3131.JPG,scab,g0032,s_reliability
data/plantvillage/raw/color/Apple___Apple_scab/0cbfa4fa-63d8-43ce-9385-ff140e524b69___FREC_Scab 3164.JPG,scab,g0033,s_test
data/plantvillage/raw/color/Apple___Apple_scab/0d3c0790-7833-470b-ac6e-94d0a3bf3e7c___FREC_Scab 2959.JPG,scab,g0034,s_train
data/plantvillage/raw/color/Apple___Apple_scab/0d8d5b80-962d-4381-8d3b-9eca3f2f1bb0___FREC_Scab 3449.JPG,scab,g0035,s_train
data/plantvillage/raw/color/Apple___Apple_scab/0db71c1d-93d7-4481-b0d0-b73f995131a9___FREC_Scab 2976.JPG,scab,g0036,s_test
data/plantvillage/raw/color/Apple___Apple_scab/0e90fe4a-e8b6-4186-9429-a9fea180af9a___FREC_Scab 3391.JPG,scab,g0037,s_train
data/plantvillage/raw/color/Apple___Apple_scab/0ea78733-9404-4536-8793-a108c66269b3___FREC_Scab 3145.JPG,scab,g0038,s_test
data/plantvillage/raw/color/Apple___Apple_scab/10072248-60e2-4190-b4df-14e8ab61008c___FREC_Scab 3445.JPG,scab,g0039,s_val
data/plantvillage/raw/color/Apple___Apple_scab/106aaa5f-c98d-482d-88ef-8e5170e9072d___FREC_Scab 3489.JPG,scab,g0040,s_train
data/plantvillage/raw/color/Apple___Apple_scab/11c50257-617e-4a6a-a996-2b195af9ada4___FREC_Scab 3462.JPG,scab,g0041,s_reliability
data/plantvillage/raw/color/Apple___Apple_scab/11f5b020-3dfd-400c-9819-7d229bc5f929___FREC_Scab 2945.JPG,scab,g0042,s_test
data/plantvillage/raw/color/Apple___Apple_scab/12bc3d5c-2409-426e-b6cb-a08cbf488153___FREC_Scab 3154.JPG,scab,g0043,s_train
data/plantvillage/raw/color/Apple___Apple_scab/133c27cd-57f6-4790-b446-972327e13194___FREC_Scab 3362.JPG,scab,g0044,s_train
data/plantvillage/raw/color/Apple___Apple_scab/13b10b04-7da6-4d34-8b43-258239a25ffd___FREC_Scab 2990.JPG,scab,g0045,s_train
data/plantvillage/raw/color/Apple___Apple_scab/13b16e68-c82c-4de8-ab34-877ff352e821___FREC_Scab 3180.JPG,scab,g0046,s_reliability
data/plantvillage/raw/color/Apple___Apple_scab/13f31401-f65a-4025-823a-4f2738e8bff9___FREC_Scab 3062.JPG,scab,g0047,s_reliability
data/plantvillage/raw/color/Apple___Apple_scab/14c623e5-051c-42f6-9e4f-f7a93e6a723c___FREC_Scab 2965.JPG,scab,g0048,s_reliability
data/plantvillage/raw/color/Apple___Apple_scab/1547f817-6a4d-4cbc-8ce0-7dff293562ee___FREC_Scab 3194.JPG,scab,g0049,s_train
data/plantvillage/raw/color/Apple___Apple_scab/154842bb-6ee3-4176-9007-cf7a43cfe140___FREC_Scab 3434.JPG,scab,g0050,s_calibration
data/plantvillage/raw/color/Apple___Apple_scab/15bfa086-7d4a-43c0-800d-2fe8255ba50c___FREC_Scab 3150.JPG,scab,g0051,s_train
data/plantvillage/raw/color/Apple___Apple_scab/162d8ca4-7cd3-46f1-904f-09721df3e498___FREC_Scab 3336.JPG,scab,g0052,s_train
data/plantvillage/raw/color/Apple___Apple_scab/1637ad84-640c-41e7-9be7-6d8e7769b875___FREC_Scab 3110.JPG,scab,g0053,s_train
data/plantvillage/raw/color/Apple___Apple_scab/176a93ed-6c2d-4828-ada1-87f1688b509b___FREC_Scab 3083.JPG,scab,g0054,s_train
data/plantvillage/raw/color/Apple___Apple_scab/18ab74ed-8e95-4787-b2e1-1283594bd00b___FREC_Scab 3012.JPG,scab,g0055,s_train
data/plantvillage/raw/color/Apple___Apple_scab/18e95262-fb0a-472c-93ab-e03138a360dc___FREC_Scab 3366.JPG,scab,g0056,s_train
data/plantvillage/raw/color/Apple___Apple_scab/18ea82fd-4e16-416f-8ad9-54e0f6601693___FREC_Scab 3127.JPG,scab,g0057,s_train
data/plantvillage/raw/color/Apple___Apple_scab/1962d1ec-fb66-4583-b631-81cd23ecf063___FREC_Scab 3238.JPG,scab,g0058,s_test
data/plantvillage/raw/color/Apple___Apple_scab/1a21aabb-6f74-4644-8d9e-a517568b7e9c___FREC_Scab 3095.JPG,scab,g0059,s_train
data/plantvillage/raw/color/Apple___Apple_scab/1a304331-98b5-473f-bbb1-c33b8441052a___FREC_Scab 3296.JPG,scab,g0060,s_train
data/plantvillage/raw/color/Apple___Apple_scab/1a4047d7-23d6-4bba-ba10-b6e7005ea01b___FREC_Scab 3193.JPG,scab,g0061,s_train
data/plantvillage/raw/color/Apple___Apple_scab/1a41bab0-45e0-4dda-a798-9bf4a998f1b6___FREC_Scab 3450.JPG,scab,g0062,s_val
data/plantvillage/raw/color/Apple___Apple_scab/1b1004c8-99e9-4c85-8fe5-b1c11d558cf8___FREC_Scab 3300.JPG,scab,g0063,s_train
data/plantvillage/raw/color/Apple___Apple_scab/1bc60205-27cc-4d10-bc87-7e968573e5d5___FREC_Scab 3531.JPG,scab,g0064,s_train
data/plantvillage/raw/color/Apple___Apple_scab/1bcc3b5d-7e00-43fb-983e-95ae271a715b___FREC_Scab 3061.JPG,scab,g0065,s_train
data/plantvillage/raw/color/Apple___Apple_scab/1c10ab31-02b9-4008-b66f-9b44d8a9d323___FREC_Scab 3084.JPG,scab,g0066,s_reliability
data/plantvillage/raw/color/Apple___Apple_scab/1cb869ea-0a4c-47d7-9def-a88c16b72ddc___FREC_Scab 3350.JPG,scab,g0067,s_train
data/plantvillage/raw/color/Apple___Apple_scab/1cdf2779-8cb1-4ae4-be70-b0eeb1abb0f8___FREC_Scab 3370.JPG,scab,g0068,s_train
data/plantvillage/raw/color/Apple___Apple_scab/1ceeeee0-40bd-4ac9-8a57-59385bf5df8a___FREC_Scab 3001.JPG,scab,g0069,s_val
data/plantvillage/raw/color/Apple___Apple_scab/1d81b4c1-072d-4cf7-b1ca-ce43f59822d8___FREC_Scab 3406.JPG,scab,g0070,s_train
data/plantvillage/raw/color/Apple___Apple_scab/1d9d67e2-5603-4710-ae2b-6cb0b922ae61___FREC_Scab 3122.JPG,scab,g0071,s_train
data/plantvillage/raw/color/Apple___Apple_scab/1f6abf22-93fa-48f0-a509-cc3e210f75f0___FREC_Scab 3172.JPG,scab,g0072,s_val
data/plantvillage/raw/color/Apple___Apple_scab/1f97d75c-db85-4344-8687-82ca56454d17___FREC_Scab 3408.JPG,scab,g0073,s_train
data/plantvillage/raw/color/Apple___Apple_scab/1f98b949-4df2-45cf-8572-3b4a753be21a___FREC_Scab 2907.JPG,scab,g0074,s_test
data/plantvillage/raw/color/Apple___Apple_scab/201d8b27-5a38-43e5-8065-f7fe039ad781___FREC_Scab 3058.JPG,scab,g0075,s_test
data/plantvillage/raw/color/Apple___Apple_scab/20f4f8d1-7527-420b-a90d-e17b9e45549a___FREC_Scab 2997.JPG,scab,g0076,s_train
data/plantvillage/raw/color/Apple___Apple_scab/222a9802-f14c-433e-9d18-d0668ed3c279___FREC_Scab 3239.JPG,scab,g0077,s_train
data/plantvillage/raw/color/Apple___Apple_scab/22c12d6a-3c17-45be-b53b-f17f1b3f5168___FREC_Scab 3206.JPG,scab,g0078,s_reliability
data/plantvillage/raw/color/Apple___Apple_scab/233b7aec-ccec-47a3-b5bd-27e154d7a8f7___FREC_Scab 2912.JPG,scab,g0079,s_calibration
data/plantvillage/raw/color/Apple___Apple_scab/23466313-6a2c-46e7-ad89-1f95dd2d3b40___FREC_Scab 3517.JPG,scab,g0080,s_train
data/plantvillage/raw/color/Apple___Apple_scab/23576562-df0c-46bb-8c50-1bf03412097f___FREC_Scab 3086.JPG,scab,g0081,s_train
data/plantvillage/raw/color/Apple___Apple_scab/23f31e0d-3330-4752-9f83-8aba28c90ccb___FREC_Scab 3178.JPG,scab,g0082,s_train
data/plantvillage/raw/color/Apple___Apple_scab/2438c1f0-556e-4575-b382-96e17f908e34___FREC_Scab 3230.JPG,scab,g0083,s_calibration
data/plantvillage/raw/color/Apple___Apple_scab/246c33b0-fac8-4cca-ae8b-17947338b8b2___FREC_Scab 3091.JPG,scab,g0084,s_train
data/plantvillage/raw/color/Apple___Apple_scab/24d43ad3-24e6-4236-8ef7-59b268520ca3___FREC_Scab 3533.JPG,scab,g0085,s_test
data/plantvillage/raw/color/Apple___Apple_scab/252087d7-57c9-4ebe-b6c4-840d6c5dfcb1___FREC_Scab 3329.JPG,scab,g0086,s_train
data/plantvillage/raw/color/Apple___Apple_scab/258ce9eb-2b67-475b-b09c-0bc83b0987f1___FREC_Scab 3033.JPG,scab,g0087,s_calibration
data/plantvillage/raw/color/Apple___Apple_scab/25aeb397-bc36-4fe5-affe-6b8195d4f282___FREC_Scab 3494.JPG,scab,g0088,s_test
data/plantvillage/raw/color/Apple___Apple_scab/268a2ad1-d649-4ec0-add3-61cc8f54f479___FREC_Scab 3235.JPG,scab,g0089,s_test
data/plantvillage/raw/color/Apple___Apple_scab/26a31865-1d42-4bd6-8b67-02cbedfd6f64___FREC_Scab 3516.JPG,scab,g0090,s_calibration
data/plantvillage/raw/color/Apple___Apple_scab/270dd6be-95f4-4fd1-8423-b698663b3f72___FREC_Scab 2954.JPG,scab,g0091,s_train
data/plantvillage/raw/color/Apple___Apple_scab/27338275-3c75-4bbf-8d74-7b90e9d224d3___FREC_Scab 3269.JPG,scab,g0092,s_test
data/plantvillage/raw/color/Apple___Apple_scab/276ed34e-9987-4b38-b83b-8626504fc204___FREC_Scab 3050.JPG,scab,g0093,s_train
data/plantvillage/raw/color/Apple___Apple_scab/29ab8216-ec38-4efd-9c77-21068fa899a4___FREC_Scab 3241.JPG,scab,g0094,s_calibration
data/plantvillage/raw/color/Apple___Apple_scab/2a59761b-c91c-451c-8e13-d9dc3aff8d29___FREC_Scab 3503.JPG,scab,g0095,s_reliability
data/plantvillage/raw/color/Apple___Apple_scab/2a800c84-902e-4aa8-af13-4e020d6f17dd___FREC_Scab 3124.JPG,scab,g0096,s_train
data/plantvillage/raw/color/Apple___Apple_scab/2a97b29d-8a63-47ab-bd5b-c14832a586c8___FREC_Scab 3242.JPG,scab,g0097,s_calibration
data/plantvillage/raw/color/Apple___Apple_scab/2ae81857-0615-4a6a-8d13-1ace0c62284d___FREC_Scab 2992.JPG,scab,g0098,s_train
data/plantvillage/raw/color/Apple___Apple_scab/2bc018ba-3c49-4cf4-9411-a93b7b196f45___FREC_Scab 3326.JPG,scab,g0099,s_train
data/plantvillage/raw/color/Apple___Apple_scab/2bc50b52-0d7d-41a3-be8a-8d070341d87f___FREC_Scab 3476.JPG,scab,g0100,s_test
data/plantvillage/raw/color/Apple___Apple_scab/2bfd8ee0-af6b-42fd-ae61-fc5e92ec1b67___FREC_Scab 2988.JPG,scab,g0101,s_train
data/plantvillage/raw/color/Apple___Apple_scab/2c648fcd-d637-4559-beaa-9dd6079646fb___FREC_Scab 3213.JPG,scab,g0102,s_test
data/plantvillage/raw/color/Apple___Apple_scab/2c7ca7c8-1a6c-4811-b9b0-b054c11a5397___FREC_Scab 3260.JPG,scab,g0103,s_train
data/plantvillage/raw/color/Apple___Apple_scab/2c89ceaf-748c-4371-80d0-d01855f04a92___FREC_Scab 2962.JPG,scab,g0104,s_reliability
data/plantvillage/raw/color/Apple___Apple_scab/2d329823-7ad5-4189-89b7-4bdf24f9c393___FREC_Scab 3507.JPG,scab,g0105,s_test
data/plantvillage/raw/color/Apple___Apple_scab/2d4c8a12-a34c-4c8b-b357-271d87532ece___FREC_Scab 3090.JPG,scab,g0106,s_train
data/plantvillage/raw/color/Apple___Apple_scab/2d5265d2-be99-4e9f-a085-d309cc01b751___FREC_Scab 3023.JPG,scab,g0107,s_reliability
data/plantvillage/raw/color/Apple___Apple_scab/2dd8b8f8-46b0-4bc6-b817-ea7163f4b28b___FREC_Scab 3473.JPG,scab,g0108,s_train
data/plantvillage/raw/color/Apple___Apple_scab/2e264ee0-7679-4ad2-a19a-1ac4d2e84079___FREC_Scab 2984.JPG,scab,g0109,s_calibration
data/plantvillage/raw/color/Apple___Apple_scab/2f1e68c0-c059-46fd-bbf3-f160817abdc3___FREC_Scab 3535.JPG,scab,g0110,s_train
data/plantvillage/raw/color/Apple___Apple_scab/2f668a95-80ab-40ac-98ef-657bd85b668b___FREC_Scab 3247.JPG,scab,g0111,s_train
data/plantvillage/raw/color/Apple___Apple_scab/30111fee-0c22-4ca4-aeb4-ac14a9a5d651___FREC_Scab 3097.JPG,scab,g0112,s_train
data/plantvillage/raw/color/Apple___Apple_scab/320dff9e-6d59-4bec-9e7c-930444343e3b___FREC_Scab 3398.JPG,scab,g0113,s_train
data/plantvillage/raw/color/Apple___Apple_scab/321c7135-853f-444d-9952-a893e660d966___FREC_Scab 2958.JPG,scab,g0114,s_calibration
data/plantvillage/raw/color/Apple___Apple_scab/32454154-edbf-464f-8097-e99a3d9a15af___FREC_Scab 2936.JPG,scab,g0115,s_test
data/plantvillage/raw/color/Apple___Apple_scab/32550bbb-cdf1-4805-8167-27dc5a8e87d2___FREC_Scab 3195.JPG,scab,g0116,s_reliability
data/plantvillage/raw/color/Apple___Apple_scab/334f8e1a-5989-476e-88f4-8a45c304e12c___FREC_Scab 3035.JPG,scab,g0117,s_train
data/plantvillage/raw/color/Apple___Apple_scab/33ebf0dd-f971-4f11-aa93-45df7d55a9ea___FREC_Scab 3182.JPG,scab,g0118,s_val
data/plantvillage/raw/color/Apple___Apple_scab/34c2823b-d1c5-4bd8-a5a7-74bdef959e10___FREC_Scab 3484.JPG,scab,g0119,s_val
data/plantvillage/raw/color/Apple___Apple_scab/34c37353-8429-499e-bd38-ac7501f79e90___FREC_Scab 3501.JPG,scab,g0120,s_train
data/plantvillage/raw/color/Apple___Apple_scab/3523d2d8-0da9-4b83-b09d-21bd96860a3d___FREC_Scab 3499.JPG,scab,g0121,s_train
data/plantvillage/raw/color/Apple___Apple_scab/352a5659-3552-4e94-8333-c3715d38cc27___FREC_Scab 3049.JPG,scab,g0122,s_train
data/plantvillage/raw/color/Apple___Apple_scab/35694cb9-efe9-441a-a810-13e065de7925___FREC_Scab 3320.JPG,scab,g0123,s_calibration
data/plantvillage/raw/color/Apple___Apple_scab/35fde58e-46ea-4d1b-9580-ead7a2d0cb3b___FREC_Scab 2952.JPG,scab,g0124,s_reliability
data/plantvillage/raw/color/Apple___Apple_scab/3636b2d7-b888-437b-b4e3-a8af4bb62763___FREC_Scab 3148.JPG,scab,g0125,s_test
data/plantvillage/raw/color/Apple___Apple_scab/3652fd23-ba4c-4958-8db8-3aff8f614dfd___FREC_Scab 3377.JPG,scab,g0126,s_test
data/plantvillage/raw/color/Apple___Apple_scab/36d99a07-4a43-4416-b204-6886f71d5039___FREC_Scab 3294.JPG,scab,g0127,s_train
data/plantvillage/raw/color/Apple___Apple_scab/37659856-0fc8-430b-871a-af4f0b557e49___FREC_Scab 3081.JPG,scab,g0128,s_train
data/plantvillage/raw/color/Apple___Apple_scab/376aaef3-8649-43aa-89f8-166bd349a3d3___FREC_Scab 3064.JPG,scab,g0129,s_test
data/plantvillage/raw/color/Apple___Apple_scab/38e76f0a-63cb-460a-b0fa-f20e561dc2c0___FREC_Scab 3481.JPG,scab,g0130,s_reliability
data/plantvillage/raw/color/Apple___Apple_scab/3bf2f5f8-4578-405a-88c6-c5338620a078___FREC_Scab 3059.JPG,scab,g0131,s_train
data/plantvillage/raw/color/Apple___Apple_scab/3c27bbd7-b305-4ab0-8a85-5061363cf632___FREC_Scab 3183.JPG,scab,g0132,s_calibration
data/plantvillage/raw/color/Apple___Apple_scab/3c2f46e3-9f96-4912-a9d5-7a046aa6a1b2___FREC_Scab 2967.JPG,scab,g0133,s_train
data/plantvillage/raw/color/Apple___Apple_scab/3d34bd1c-fae9-446a-a629-147b5e8d5d6b___FREC_Scab 3103.JPG,scab,g0134,s_train
data/plantvillage/raw/color/Apple___Apple_scab/3dd3d59c-be2a-4f29-8fa1-d4f37d7fb894___FREC_Scab 3412.JPG,scab,g0135,s_train
data/plantvillage/raw/color/Apple___Apple_scab/3eb26abb-a392-4cc4-9be2-d5e4bb8f3660___FREC_Scab 2969.JPG,scab,g0136,s_reliability
data/plantvillage/raw/color/Apple___Apple_scab/3f65aa69-06c9-423f-ac7a-e2ab6edf63ca___FREC_Scab 3360.JPG,scab,g0137,s_test
data/plantvillage/raw/color/Apple___Apple_scab/4098b029-fcda-4d2f-9703-c16e6e5fae49___FREC_Scab 3455.JPG,scab,g0138,s_val
data/plantvillage/raw/color/Apple___Apple_scab/40a5e87c-ee32-4d67-9b28-926e94638a1d___FREC_Scab 3251.JPG,scab,g0139,s_reliability
data/plantvillage/raw/color/Apple___Apple_scab/40d60cf0-1311-40c7-9e7e-579e74c92027___FREC_Scab 3136.JPG,scab,g0140,s_train
data/plantvillage/raw/color/Apple___Apple_scab/40df2c3f-673e-4da8-a172-65fd5a656c1d___FREC_Scab 2957.JPG,scab,g0141,s_val
data/plantvillage/raw/color/Apple___Apple_scab/4147e694-ce1f-47ea-b641-899e60ef3f3a___FREC_Scab 3278.JPG,scab,g0142,s_train
data/plantvillage/raw/color/Apple___Apple_scab/4151028c-c8bc-4394-b4a7-aff414864c15___FREC_Scab 3418.JPG,scab,g0143,s_train
data/plantvillage/raw/color/Apple___Apple_scab/419c16b2-13aa-485b-8342-3760707e21f9___FREC_Scab 3285.JPG,scab,g0144,s_val
data/plantvillage/raw/color/Apple___Apple_scab/41c2bb79-44fb-48f4-864f-eec35e3442f5___FREC_Scab 2931.JPG,scab,g0145,s_val
data/plantvillage/raw/color/Apple___Apple_scab/41c30a63-9e26-4ced-8110-038a2e36b095___FREC_Scab 3298.JPG,scab,g0146,s_train
data/plantvillage/raw/color/Apple___Apple_scab/43712608-0fa2-4be2-91a0-242aca469cb4___FREC_Scab 2985.JPG,scab,g0147,s_reliability
data/plantvillage/raw/color/Apple___Apple_scab/43f68711-decd-4831-bf5c-99fa40abe339___FREC_Scab 3413.JPG,scab,g0148,s_train
data/plantvillage/raw/color/Apple___Apple_scab/4442b558-4db4-4de3-82c3-7524b59bb315___FREC_Scab 2961.JPG,scab,g0149,s_train
data/plantvillage/raw/color/Apple___Apple_scab/444c4ed0-3bee-4059-870a-a15a00f0e37e___FREC_Scab 3067.JPG,scab,g0150,s_train
data/plantvillage/raw/color/Apple___Apple_scab/4495850d-4478-4680-a657-c082a8ea69ed___FREC_Scab 3534.JPG,scab,g0151,s_train
data/plantvillage/raw/color/Apple___Apple_scab/44b52928-c5dd-48f4-b2c8-b128032c49dd___FREC_Scab 3518.JPG,scab,g0152,s_val
data/plantvillage/raw/color/Apple___Apple_scab/44d28651-473c-4e9b-81ec-212893669fba___FREC_Scab 3477.JPG,scab,g0153,s_train
data/plantvillage/raw/color/Apple___Apple_scab/44dbb7a4-4c41-4d4c-9e34-9e665a35926c___FREC_Scab 3438.JPG,scab,g0154,s_test
data/plantvillage/raw/color/Apple___Apple_scab/44dcf367-d162-407e-8ea8-e363ab8ff5c4___FREC_Scab 3282.JPG,scab,g0155,s_val
data/plantvillage/raw/color/Apple___Apple_scab/45000608-507a-46f5-be52-3ee24d0fb47d___FREC_Scab 3113.JPG,scab,g0156,s_test
data/plantvillage/raw/color/Apple___Apple_scab/4512edee-9d3b-451e-845d-86666feebe99___FREC_Scab 3328.JPG,scab,g0157,s_train
data/plantvillage/raw/color/Apple___Apple_scab/453b09e4-6469-47f9-8599-f87e1d6eddf3___FREC_Scab 3048.JPG,scab,g0158,s_test
data/plantvillage/raw/color/Apple___Apple_scab/45512c84-e453-459c-b12f-1d08ce44001b___FREC_Scab 3072.JPG,scab,g0159,s_reliability
data/plantvillage/raw/color/Apple___Apple_scab/4555c009-6c33-4913-accc-fd1a8355646b___FREC_Scab 2929.JPG,scab,g0160,s_train
data/plantvillage/raw/color/Apple___Apple_scab/45a699f2-a02d-4f1f-b628-6d445c58a595___FREC_Scab 3291.JPG,scab,g0161,s_val
data/plantvillage/raw/color/Apple___Apple_scab/45e34a1f-1d46-42e8-921d-c82f2c9e7cd1___FREC_Scab 3228.JPG,scab,g0162,s_test
data/plantvillage/raw/color/Apple___Apple_scab/45ee8aaa-1a08-46ed-8ac8-bba8e40c61d6___FREC_Scab 2986.JPG,scab,g0163,s_train
data/plantvillage/raw/color/Apple___Apple_scab/461eeeb9-5bf1-4c0a-a7dd-6967917b4537___FREC_Scab 3098.JPG,scab,g0164,s_val
data/plantvillage/raw/color/Apple___Apple_scab/462f0ef8-5460-4f5c-8935-62a204d3fc08___FREC_Scab 2924.JPG,scab,g0165,s_train
data/plantvillage/raw/color/Apple___Apple_scab/470bece4-7eb2-4ec1-917a-278559afe463___FREC_Scab 3250.JPG,scab,g0166,s_train
data/plantvillage/raw/color/Apple___Apple_scab/474cf33e-0289-4014-bb8a-8004b87b471b___FREC_Scab 3425.JPG,scab,g0167,s_train
data/plantvillage/raw/color/Apple___Apple_scab/47b3d8bb-2461-4593-a0fe-a6adf0925a9a___FREC_Scab 2974.JPG,scab,g0168,s_train
data/plantvillage/raw/color/Apple___Apple_scab/47ebb7a4-a8e0-4a57-95e5-dd8e9d1235a2___FREC_Scab 3147.JPG,scab,g0169,s_train
data/plantvillage/raw/color/Apple___Apple_scab/48420763-bd18-49b4-9ab4-69319b5733f2___FREC_Scab 3201.JPG,scab,g0170,s_val
data/plantvillage/raw/color/Apple___Apple_scab/48dcb319-8b65-4bac-bba4-aa8ffa8abdd0___FREC_Scab 3519.JPG,scab,g0171,s_reliability
data/plantvillage/raw/color/Apple___Apple_scab/48e62e54-d02a-41bb-8486-234408706e69___FREC_Scab 3190.JPG,scab,g0172,s_train
data/plantvillage/raw/color/Apple___Apple_scab/4940cd87-695e-4f4d-8a45-5490812447cc___FREC_Scab 3044.JPG,scab,g0173,s_reliability
data/plantvillage/raw/color/Apple___Apple_scab/495816a8-4d85-47a5-9aca-a09f3f30a068___FREC_Scab 3443.JPG,scab,g0174,s_train
data/plantvillage/raw/color/Apple___Apple_scab/4a50158d-dcd0-4a1f-885e-2d9b16a4e344___FREC_Scab 3205.JPG,scab,g0175,s_train
data/plantvillage/raw/color/Apple___Apple_scab/4a7f12ff-a785-4d12-8943-f1644789a21b___FREC_Scab 2916.JPG,scab,g0176,s_train
data/plantvillage/raw/color/Apple___Apple_scab/4abca5eb-2376-4551-be42-25bbb5400fc7___FREC_Scab 3268.JPG,scab,g0177,s_calibration
data/plantvillage/raw/color/Apple___Apple_scab/4b4b59d5-3c6d-4ce5-b349-616fecb850ff___FREC_Scab 3447.JPG,scab,g0178,s_train
data/plantvillage/raw/color/Apple___Apple_scab/4b51cc5d-4122-451b-8598-81ea29dc7cd4___FREC_Scab 3290.JPG,scab,g0179,s_train
data/plantvillage/raw/color/Apple___Apple_scab/4b7c40cd-b145-4945-b649-3576a1d898dc___FREC_Scab 3343.JPG,scab,g0180,s_train
data/plantvillage/raw/color/Apple___Apple_scab/4bb38e05-1d5a-40c6-8638-10db134db682___FREC_Scab 3390.JPG,scab,g0181,s_reliability
data/plantvillage/raw/color/Apple___Apple_scab/4be9d1d9-2170-4856-a81e-e53e7aa5dbf7___FREC_Scab 3082.JPG,scab,g0182,s_train
data/plantvillage/raw/color/Apple___Apple_scab/4d02c4a9-4b0d-4b4b-9695-91f08228ee53___FREC_Scab 3274.JPG,scab,g0183,s_calibration
data/plantvillage/raw/color/Apple___Apple_scab/4d3bcf15-cc49-4189-82e1-780efdf625a8___FREC_Scab 3254.JPG,scab,g0184,s_reliability
data/plantvillage/raw/color/Apple___Apple_scab/4e2c27a7-4be1-4c86-a07b-bc2a64c1bff9___FREC_Scab 3018.JPG,scab,g0185,s_train
data/plantvillage/raw/color/Apple___Apple_scab/4e770559-e332-470e-aae3-c7ad0399dd20___FREC_Scab 3513.JPG,scab,g0186,s_train
data/plantvillage/raw/color/Apple___Apple_scab/50dca3b7-fe83-426b-9fa7-a4e80df022aa___FREC_Scab 3488.JPG,scab,g0187,s_train
data/plantvillage/raw/color/Apple___Apple_scab/51530f6a-2bee-4008-8e77-eeda281e9195___FREC_Scab 3209.JPG,scab,g0188,s_train
data/plantvillage/raw/color/Apple___Apple_scab/517d0958-b10e-4260-a736-7a4bbb9706c0___FREC_Scab 3497.JPG,scab,g0189,s_train
data/plantvillage/raw/color/Apple___Apple_scab/518ab601-3736-4d3b-9770-a0efba601c0e___FREC_Scab 3231.JPG,scab,g0190,s_calibration
data/plantvillage/raw/color/Apple___Apple_scab/51929389-451f-4c78-a66b-b644e82a33b6___FREC_Scab 3528.JPG,scab,g0191,s_reliability
data/plantvillage/raw/color/Apple___Apple_scab/52d5723a-b498-4759-89a1-a7d815689716___FREC_Scab 3034.JPG,scab,g0192,s_reliability
data/plantvillage/raw/color/Apple___Apple_scab/53035d10-9f2b-4c90-ab75-dfde2a9af82f___FREC_Scab 2915.JPG,scab,g0193,s_calibration
data/plantvillage/raw/color/Apple___Apple_scab/5345e6fb-1829-457f-ac86-6683d762c9ea___FREC_Scab 3482.JPG,scab,g0194,s_train
data/plantvillage/raw/color/Apple___Apple_scab/536ce9e9-6c98-42c6-9447-f38073b3e9da___FREC_Scab 3222.JPG,scab,g0195,s_train
data/plantvillage/raw/color/Apple___Apple_scab/537873ed-fc63-4df3-bb6a-a5bf4c742619___FREC_Scab 3505.JPG,scab,g0196,s_reliability
data/plantvillage/raw/color/Apple___Apple_scab/53c67c39-c05f-4b2e-939e-23d44a32efac___FREC_Scab 3087.JPG,scab,g0197,s_test
data/plantvillage/raw/color/Apple___Apple_scab/53d37faf-7a68-4fe2-ac1f-5438637742d4___FREC_Scab 3080.JPG,scab,g0198,s_train
data/plantvillage/raw/color/Apple___Apple_scab/53fe6519-da0a-4183-80d6-a18828a33223___FREC_Scab 3283.JPG,scab,g0199,s_train
data/plantvillage/raw/color/Apple___Apple_scab/550b0aab-e777-4942-a186-fc910e0fa89b___FREC_Scab 3253.JPG,scab,g0200,s_train
data/plantvillage/raw/color/Apple___Apple_scab/5581f206-7305-4430-be5f-8de62689fb70___FREC_Scab 2918.JPG,scab,g0201,s_train
data/plantvillage/raw/color/Apple___Apple_scab/55cd6283-a5b1-47e9-b061-c7692c8ba781___FREC_Scab 3460.JPG,scab,g0202,s_train
data/plantvillage/raw/color/Apple___Apple_scab/563a51b6-2342-4922-b76d-0a6bb69a11f9___FREC_Scab 3107.JPG,scab,g0203,s_train
data/plantvillage/raw/color/Apple___Apple_scab/5893bd90-486f-42cf-9fcd-a4dc1e208246___FREC_Scab 3236.JPG,scab,g0204,s_val
data/plantvillage/raw/color/Apple___Apple_scab/5990ed9f-ffe8-4622-bd26-e536ea5e1109___FREC_Scab 3042.JPG,scab,g0205,s_train
data/plantvillage/raw/color/Apple___Apple_scab/59c9641b-c84e-4595-8f2c-13b5f914aa4a___FREC_Scab 3060.JPG,scab,g0206,s_train
data/plantvillage/raw/color/Apple___Apple_scab/5a178d63-372d-48c4-adb8-d616130ba3f0___FREC_Scab 3104.JPG,scab,g0207,s_train
data/plantvillage/raw/color/Apple___Apple_scab/5a923f64-b733-47a7-90f5-2786cd9c85ce___FREC_Scab 3234.JPG,scab,g0208,s_val
data/plantvillage/raw/color/Apple___Apple_scab/5b74fa7a-008d-42b2-b8c0-07bd4642153a___FREC_Scab 3162.JPG,scab,g0209,s_train
data/plantvillage/raw/color/Apple___Apple_scab/5c0af4dd-f185-4fc9-ae2c-a697a235d660___FREC_Scab 2955.JPG,scab,g0210,s_calibration
data/plantvillage/raw/color/Apple___Apple_scab/5cd3df15-31a2-4076-9d1a-8735fa1dccdf___FREC_Scab 3410.JPG,scab,g0211,s_val
data/plantvillage/raw/color/Apple___Apple_scab/5d398d0d-256d-4de5-8dcd-f3b455da2b76___FREC_Scab 3522.JPG,scab,g0212,s_test
data/plantvillage/raw/color/Apple___Apple_scab/5dbcba87-93fa-4c21-8abd-bc20c93b359f___FREC_Scab 3258.JPG,scab,g0213,s_train
data/plantvillage/raw/color/Apple___Apple_scab/5e96dd82-f2d2-4a19-a9cd-46165d6623f9___FREC_Scab 3218.JPG,scab,g0214,s_test
data/plantvillage/raw/color/Apple___Apple_scab/5eb564a6-cd74-4c90-95d9-611a6301369d___FREC_Scab 3099.JPG,scab,g0215,s_reliability
data/plantvillage/raw/color/Apple___Apple_scab/5f312356-04d0-44d0-ba06-4e3c33907b03___FREC_Scab 3349.JPG,scab,g0216,s_train
data/plantvillage/raw/color/Apple___Apple_scab/5fcb921d-3329-443c-a708-37c3943f5493___FREC_Scab 2987.JPG,scab,g0217,s_train
data/plantvillage/raw/color/Apple___Apple_scab/60226bd7-db11-4d7e-ba29-a5136f6bebe0___FREC_Scab 3470.JPG,scab,g0218,s_reliability
data/plantvillage/raw/color/Apple___Apple_scab/60f3ba82-caf1-4cf7-998c-b0005458fa38___FREC_Scab 3226.JPG,scab,g0219,s_reliability
data/plantvillage/raw/color/Apple___Apple_scab/6105e3bd-339c-47bd-9764-4ba9b7059a6b___FREC_Scab 3096.JPG,scab,g0220,s_train
data/plantvillage/raw/color/Apple___Apple_scab/61373045-a7a5-4213-94fb-7d81638d5561___FREC_Scab 3430.JPG,scab,g0221,s_reliability
data/plantvillage/raw/color/Apple___Apple_scab/61643f40-eb9a-4c6b-8de5-c12319fc7680___FREC_Scab 3114.JPG,scab,g0222,s_train
data/plantvillage/raw/color/Apple___Apple_scab/6171eecd-e385-4010-b9cd-5982f4674fee___FREC_Scab 2911.JPG,scab,g0223,s_calibration
data/plantvillage/raw/color/Apple___Apple_scab/623fb084-dbac-42fb-b636-7cfcb89ba9f6___FREC_Scab 3437.JPG,scab,g0224,s_reliability
data/plantvillage/raw/color/Apple___Apple_scab/62c3478f-3ab0-48df-962f-9d7782ec364d___FREC_Scab 2925.JPG,scab,g0225,s_train
data/plantvillage/raw/color/Apple___Apple_scab/62f548e4-13e0-4e62-bcbc-2bc2c68251f3___FREC_Scab 3273.JPG,scab,g0226,s_train
data/plantvillage/raw/color/Apple___Apple_scab/6344cfa8-2c26-4498-b366-817d56285212___FREC_Scab 2964.JPG,scab,g0227,s_train
data/plantvillage/raw/color/Apple___Apple_scab/63a29431-0e93-4e5d-b28d-3956edd10d01___FREC_Scab 3197.JPG,scab,g0228,s_train
data/plantvillage/raw/color/Apple___Apple_scab/63cf5c0e-0a65-4261-9034-ba75466ee918___FREC_Scab 3385.JPG,scab,g0229,s_test
data/plantvillage/raw/color/Apple___Apple_scab/63e1d796-f00e-4c24-9871-2eae6f9c9ced___FREC_Scab 3078.JPG,scab,g0230,s_reliability
data/plantvillage/raw/color/Apple___Apple_scab/64863bd8-baca-47b6-b07b-516df2659919___FREC_Scab 3149.JPG,scab,g0231,s_val
data/plantvillage/raw/color/Apple___Apple_scab/64e20068-6685-4a30-a812-fd817117d628___FREC_Scab 3485.JPG,scab,g0232,s_train
data/plantvillage/raw/color/Apple___Apple_scab/650f4395-7428-404a-b65c-8fd36f204dd6___FREC_Scab 3111.JPG,scab,g0233,s_train
data/plantvillage/raw/color/Apple___Apple_scab/656265b3-9f9a-4a20-83f5-e5d6be938dcd___FREC_Scab 3454.JPG,scab,g0234,s_train
data/plantvillage/raw/color/Apple___Apple_scab/659a6491-b20d-4ff6-a3be-243266b4df0c___FREC_Scab 3155.JPG,scab,g0235,s_train
data/plantvillage/raw/color/Apple___Apple_scab/65c52553-6152-46d4-a576-3ef4984a6ad4___FREC_Scab 3524.JPG,scab,g0236,s_val
data/plantvillage/raw/color/Apple___Apple_scab/6639559d-7af6-40b0-9677-a8dcfe036435___FREC_Scab 3342.JPG,scab,g0237,s_train
data/plantvillage/raw/color/Apple___Apple_scab/663ad178-6346-4b89-8074-6655f1be1578___FREC_Scab 3500.JPG,scab,g0238,s_reliability
data/plantvillage/raw/color/Apple___Apple_scab/6643566f-d980-4bdb-88d7-4d3ab3c771fa___FREC_Scab 3038.JPG,scab,g0239,s_reliability
data/plantvillage/raw/color/Apple___Apple_scab/66fab3e4-d6e3-4a6d-aff0-4fe011ef8eb3___FREC_Scab 3153.JPG,scab,g0240,s_reliability
data/plantvillage/raw/color/Apple___Apple_scab/670efd0e-9a5e-44db-bd5a-4ffb5c5e5a7d___FREC_Scab 3108.JPG,scab,g0241,s_val
data/plantvillage/raw/color/Apple___Apple_scab/675f0b56-9d0b-45b3-8c8e-820efae75274___FREC_Scab 3006.JPG,scab,g0242,s_train
data/plantvillage/raw/color/Apple___Apple_scab/679c439b-740f-45cb-a9ba-d2984694fb25___FREC_Scab 2950.JPG,scab,g0243,s_test
data/plantvillage/raw/color/Apple___Apple_scab/67c7e9f9-19ca-4fb5-a2b1-8efdeed7b9e2___FREC_Scab 3397.JPG,scab,g0244,s_reliability
data/plantvillage/raw/color/Apple___Apple_scab/67f122a8-fb8f-4b8c-bd45-3cf11db238b8___FREC_Scab 3140.JPG,scab,g0245,s_train
data/plantvillage/raw/color/Apple___Apple_scab/680c56ea-dc23-4b7b-baeb-f51b156c98f6___FREC_Scab 3416.JPG,scab,g0246,s_calibration
data/plantvillage/raw/color/Apple___Apple_scab/6823f5d3-b27b-4a34-a417-5fc5bd99f9d7___FREC_Scab 2975.JPG,scab,g0247,s_val
data/plantvillage/raw/color/Apple___Apple_scab/68a57535-547d-4287-89cc-6d8acc265372___FREC_Scab 3351.JPG,scab,g0248,s_calibration
data/plantvillage/raw/color/Apple___Apple_scab/69a10285-eacb-4c83-b410-18e62bf33ef9___FREC_Scab 2908.JPG,scab,g0249,s_train
data/plantvillage/raw/color/Apple___Apple_scab/6a006aa9-a9f2-4269-9fd9-7a879f01faf1___FREC_Scab 3117.JPG,scab,g0250,s_reliability
data/plantvillage/raw/color/Apple___Apple_scab/6a19d31f-b5e3-4732-a82c-e3d5b1d26c60___FREC_Scab 3537.JPG,scab,g0251,s_test
data/plantvillage/raw/color/Apple___Apple_scab/6a1f119d-d210-4a87-b17f-699436b82bef___FREC_Scab 3025.JPG,scab,g0252,s_test
data/plantvillage/raw/color/Apple___Apple_scab/6a2c0f48-b0f7-4bd9-b7b8-7410c1ef4048___FREC_Scab 2999.JPG,scab,g0253,s_train
data/plantvillage/raw/color/Apple___Apple_scab/6a61688a-c972-4f8f-b3b7-46fd00264240___FREC_Scab 3271.JPG,scab,g0254,s_val
data/plantvillage/raw/color/Apple___Apple_scab/6b5e1187-9b7b-4b4c-912f-b2175619f35f___FREC_Scab 3121.JPG,scab,g0255,s_reliability
data/plantvillage/raw/color/Apple___Apple_scab/6b66d8dd-af9f-43b5-a43f-6e4c6d64bede___FREC_Scab 3248.JPG,scab,g0256,s_reliability
data/plantvillage/raw/color/Apple___Apple_scab/6b6b2140-bb67-4342-adad-8cba97a5ecbe___FREC_Scab 3388.JPG,scab,g0257,s_train
data/plantvillage/raw/color/Apple___Apple_scab/6b784953-7e31-4cec-a3d5-82f3b6bbdd00___FREC_Scab 3352.JPG,scab,g0258,s_train
data/plantvillage/raw/color/Apple___Apple_scab/6b9ef56b-3338-4d2b-a5e4-a1547234e6d6___FREC_Scab 3474.JPG,scab,g0259,s_test
data/plantvillage/raw/color/Apple___Apple_scab/6cbf7fa9-e7b4-4cf6-9184-0ef06446704e___FREC_Scab 3016.JPG,scab,g0260,s_train
data/plantvillage/raw/color/Apple___Apple_scab/6cee3edf-8909-418f-a27f-5e175e7ccd77___FREC_Scab 2951.JPG,scab,g0261,s_calibration
data/plantvillage/raw/color/Apple___Apple_scab/6d6f5a72-4c92-4163-b3dc-9a8f74f9edb7___FREC_Scab 3480.JPG,scab,g0262,s_train
data/plantvillage/raw/color/Apple___Apple_scab/6d9f5940-0ec4-4ccf-8003-719410b7f47c___FREC_Scab 3373.JPG,scab,g0263,s_val
data/plantvillage/raw/color/Apple___Apple_scab/6dd6a502-d5b3-4f3d-9231-e7dbd7b54908___FREC_Scab 2937.JPG,scab,g0264,s_train
data/plantvillage/raw/color/Apple___Apple_scab/6e17c808-c071-4eae-befd-bf7e2ed0d9e1___FREC_Scab 3256.JPG,scab,g0265,s_train
data/plantvillage/raw/color/Apple___Apple_scab/6e620ce9-bf70-41af-8778-dd46247a3327___FREC_Scab 3405.JPG,scab,g0266,s_train
data/plantvillage/raw/color/Apple___Apple_scab/6e8ed8d7-45e0-446a-aad1-d7ccf4a861fe___FREC_Scab 3068.JPG,scab,g0267,s_train
data/plantvillage/raw/color/Apple___Apple_scab/6fb41b7b-d1f0-451c-988a-1083d038acdb___FREC_Scab 3094.JPG,scab,g0268,s_train
data/plantvillage/raw/color/Apple___Apple_scab/6fb62aa7-c3d4-457a-b95d-a8b3102cccd8___FREC_Scab 3005.JPG,scab,g0269,s_reliability
data/plantvillage/raw/color/Apple___Apple_scab/70fa2c8f-5657-444f-b57b-3ad6755acc74___FREC_Scab 3275.JPG,scab,g0270,s_test
data/plantvillage/raw/color/Apple___Apple_scab/716a13b6-1747-40d8-96d7-5ec1c183b3b5___FREC_Scab 3004.JPG,scab,g0271,s_test
data/plantvillage/raw/color/Apple___Apple_scab/71c26585-883f-41e9-939c-5f1683cdf4ed___FREC_Scab 3302.JPG,scab,g0272,s_calibration
data/plantvillage/raw/color/Apple___Apple_scab/72317b7f-8162-4454-b6db-c2e6e5455911___FREC_Scab 3088.JPG,scab,g0273,s_reliability
data/plantvillage/raw/color/Apple___Apple_scab/72d9363f-1e23-4154-92bd-5f34a149d444___FREC_Scab 2980.JPG,scab,g0274,s_calibration
data/plantvillage/raw/color/Apple___Apple_scab/7308b9c4-3408-48ff-bd4a-b07350421e60___FREC_Scab 3508.JPG,scab,g0275,s_test
data/plantvillage/raw/color/Apple___Apple_scab/730f20de-a19f-4320-89bf-027dceeff9b5___FREC_Scab 3185.JPG,scab,g0276,s_calibration
data/plantvillage/raw/color/Apple___Apple_scab/73204011-6f70-4300-a908-adf4334104fd___FREC_Scab 3319.JPG,scab,g0277,s_train
data/plantvillage/raw/color/Apple___Apple_scab/745cfcfa-5b39-46ad-8c40-96086e71f6ee___FREC_Scab 3448.JPG,scab,g0278,s_train
data/plantvillage/raw/color/Apple___Apple_scab/74813834-38bc-4301-93ff-39b208eb52bc___FREC_Scab 3315.JPG,scab,g0279,s_train
data/plantvillage/raw/color/Apple___Apple_scab/748e82aa-02b1-4ca7-9fd3-e0184f20644f___FREC_Scab 3354.JPG,scab,g0280,s_calibration
data/plantvillage/raw/color/Apple___Apple_scab/74f429dd-0b33-41e1-a689-17f8b62dd614___FREC_Scab 3186.JPG,scab,g0281,s_train
data/plantvillage/raw/color/Apple___Apple_scab/75896d3d-899a-4143-9262-c44bcea75237___FREC_Scab 3295.JPG,scab,g0282,s_test
data/plantvillage/raw/color/Apple___Apple_scab/75eca8b6-4446-4bf4-9d10-7d38ed44199a___FREC_Scab 3475.JPG,scab,g0283,s_calibration
data/plantvillage/raw/color/Apple___Apple_scab/76e50482-74b2-468f-8556-7669e1682f1e___FREC_Scab 3323.JPG,scab,g0284,s_reliability
data/plantvillage/raw/color/Apple___Apple_scab/76eca386-c7c1-4807-ae27-13c793d06e02___FREC_Scab 3272.JPG,scab,g0285,s_train
data/plantvillage/raw/color/Apple___Apple_scab/774fb249-80b5-4575-ab5a-5459a9c14ef6___FREC_Scab 3024.JPG,scab,g0286,s_calibration
data/plantvillage/raw/color/Apple___Apple_scab/7897b5dc-7aa6-48b2-8c18-a30fcd6cae94___FREC_Scab 3203.JPG,scab,g0287,s_test
data/plantvillage/raw/color/Apple___Apple_scab/78f8b36a-5126-4105-9699-39387015452f___FREC_Scab 2983.JPG,scab,g0288,s_test
data/plantvillage/raw/color/Apple___Apple_scab/792c3972-8724-45b6-8ba0-eec0f675bc50___FREC_Scab 3120.JPG,scab,g0289,s_reliability
data/plantvillage/raw/color/Apple___Apple_scab/795c112f-bd6c-4d70-8986-b1c2fb62cbf2___FREC_Scab 3384.JPG,scab,g0290,s_train
data/plantvillage/raw/color/Apple___Apple_scab/7966ec90-1939-40ea-a4f7-99aca4fe8af5___FREC_Scab 3402.JPG,scab,g0291,s_train
data/plantvillage/raw/color/Apple___Apple_scab/7b17fb27-2af4-4c90-b499-0c0658ba7262___FREC_Scab 2943.JPG,scab,g0292,s_calibration
data/plantvillage/raw/color/Apple___Apple_scab/7b3e4313-9abb-4105-8be9-2020f1101e58___FREC_Scab 3441.JPG,scab,g0293,s_train
data/plantvillage/raw/color/Apple___Apple_scab/7b7c32e3-68f8-4280-acda-4c6e67f4725f___FREC_Scab 3340.JPG,scab,g0294,s_val
data/plantvillage/raw/color/Apple___Apple_scab/7bc2b2d5-b2b6-4ac2-9bbe-322ce8d7d9bb___FREC_Scab 2944.JPG,scab,g0295,s_reliability
data/plantvillage/raw/color/Apple___Apple_scab/7be1e0a3-01d0-40c3-9628-f69952550267___FREC_Scab 3263.JPG,scab,g0296,s_train
data/plantvillage/raw/color/Apple___Apple_scab/7bf25c0a-6594-4777-9a67-49a6487bb203___FREC_Scab 2993.JPG,scab,g0297,s_reliability
data/plantvillage/raw/color/Apple___Apple_scab/7c0710e7-2ad4-44c4-a6f6-ffeb5573f8e7___FREC_Scab 3208.JPG,scab,g0298,s_train
data/plantvillage/raw/color/Apple___Apple_scab/7c66bda4-301c-4987-85b8-fd8230c5a2f2___FREC_Scab 3324.JPG,scab,g0299,s_train
data/plantvillage/raw/color/Apple___Apple_scab/7c83792f-d375-42fb-a5a0-1bc2cb3a8eff___FREC_Scab 2914.JPG,scab,g0300,s_calibration
data/plantvillage/raw/color/Apple___Apple_scab/7ceb532d-1a58-4a25-bbff-8dd04a117744___FREC_Scab 3422.JPG,scab,g0301,s_reliability
data/plantvillage/raw/color/Apple___Apple_scab/7dbdcba3-395b-413e-bc22-cd0d0e11a1c9___FREC_Scab 3363.JPG,scab,g0302,s_reliability
data/plantvillage/raw/color/Apple___Apple_scab/7e2bacbd-f92b-417e-879f-002f3862718c___FREC_Scab 3374.JPG,scab,g0303,s_test
data/plantvillage/raw/color/Apple___Apple_scab/7e4bbd7a-b494-426f-9f08-755ce4a399e7___FREC_Scab 3331.JPG,scab,g0304,s_train
data/plantvillage/raw/color/Apple___Apple_scab/7e64fdef-9cb7-40ed-9f40-f3c97d6e0e8a___FREC_Scab 3536.JPG,scab,g0305,s_train
data/plantvillage/raw/color/Apple___Apple_scab/7ead14ac-9bdd-42a9-bde9-b70d8b6694b7___FREC_Scab 3356.JPG,scab,g0306,s_val
data/plantvillage/raw/color/Apple___Apple_scab/7ed79254-3e04-4e08-9c80-088cd9d7d8c9___FREC_Scab 3310.JPG,scab,g0307,s_train
data/plantvillage/raw/color/Apple___Apple_scab/7edff180-8238-44d7-bba1-07749e649dae___FREC_Scab 3071.JPG,scab,g0308,s_train
data/plantvillage/raw/color/Apple___Apple_scab/7efdde34-c75b-40bc-92ef-48de08ec0709___FREC_Scab 3027.JPG,scab,g0309,s_calibration
data/plantvillage/raw/color/Apple___Apple_scab/7f21c995-332c-4a60-9b18-b279917d7ffa___FREC_Scab 3277.JPG,scab,g0310,s_train
data/plantvillage/raw/color/Apple___Apple_scab/7f4d7ebc-7d2b-454f-8f61-b5dc469a16b7___FREC_Scab 3010.JPG,scab,g0311,s_train
data/plantvillage/raw/color/Apple___Apple_scab/7f7b25d4-f895-4f8e-80ad-db72a9b19a2e___FREC_Scab 3451.JPG,scab,g0312,s_train
data/plantvillage/raw/color/Apple___Apple_scab/808207df-2000-4050-a720-bd23997710b8___FREC_Scab 3270.JPG,scab,g0313,s_train
data/plantvillage/raw/color/Apple___Apple_scab/80870a3d-e028-47c6-9548-cef00d68be2c___FREC_Scab 3469.JPG,scab,g0314,s_test
data/plantvillage/raw/color/Apple___Apple_scab/80894f41-f887-4d0c-8b09-0a7cd24fbe18___FREC_Scab 3526.JPG,scab,g0315,s_train
data/plantvillage/raw/color/Apple___Apple_scab/80ddd81b-9c75-4711-8012-7ee68af378db___FREC_Scab 3458.JPG,scab,g0316,s_val
data/plantvillage/raw/color/Apple___Apple_scab/815d2612-ee00-407a-8a0d-d0d94c7e0a9f___FREC_Scab 3461.JPG,scab,g0317,s_train
data/plantvillage/raw/color/Apple___Apple_scab/81c34d6d-e734-4ee7-9645-0f8f80c809c7___FREC_Scab 3276.JPG,scab,g0318,s_train
data/plantvillage/raw/color/Apple___Apple_scab/82488f15-ffb8-495f-b09f-3810e447681a___FREC_Scab 3007.JPG,scab,g0319,s_train
data/plantvillage/raw/color/Apple___Apple_scab/82f4f2fc-b28e-4834-95b8-3d7b144f8b15___FREC_Scab 3063.JPG,scab,g0320,s_val
data/plantvillage/raw/color/Apple___Apple_scab/83b1935d-f1fc-4b9f-876e-c0dbbb2fcb03___FREC_Scab 3486.JPG,scab,g0321,s_test
data/plantvillage/raw/color/Apple___Apple_scab/83d10707-6253-4717-8c8a-6ea3ebb1e0e1___FREC_Scab 3138.JPG,scab,g0322,s_train
data/plantvillage/raw/color/Apple___Apple_scab/83dc6270-1c10-4c76-a1a2-6b562fcb4e4c___FREC_Scab 3478.JPG,scab,g0323,s_test
data/plantvillage/raw/color/Apple___Apple_scab/8406c2d8-abac-4992-bf23-6728a84d5437___FREC_Scab 3371.JPG,scab,g0324,s_train
data/plantvillage/raw/color/Apple___Apple_scab/8455ff58-ba10-44ee-abfc-0055cf6f0449___FREC_Scab 3135.JPG,scab,g0325,s_train
data/plantvillage/raw/color/Apple___Apple_scab/84671985-6989-4451-b61d-c32dda7d7c5f___FREC_Scab 3379.JPG,scab,g0326,s_test
data/plantvillage/raw/color/Apple___Apple_scab/84ba6fe9-427e-415b-8bfe-a1f8670e1537___FREC_Scab 3530.JPG,scab,g0327,s_val
data/plantvillage/raw/color/Apple___Apple_scab/84ca9b3d-80c2-476a-a3ae-c085ea721548___FREC_Scab 3132.JPG,scab,g0328,s_train
data/plantvillage/raw/color/Apple___Apple_scab/84e61e7e-f106-442c-a954-63dc3a57d5d5___FREC_Scab 3057.JPG,scab,g0329,s_calibration
data/plantvillage/raw/color/Apple___Apple_scab/84ef6106-d401-44fb-a5c9-be5ef93cb4e7___FREC_Scab 2921.JPG,scab,g0330,s_val
data/plantvillage/raw/color/Apple___Apple_scab/85aad925-f1e2-463e-840b-266d49a56d1f___FREC_Scab 3100.JPG,scab,g0331,s_train
data/plantvillage/raw/color/Apple___Apple_scab/86054e9e-26b4-42b5-b192-58ddee7b0c34___FREC_Scab 3011.JPG,scab,g0332,s_calibration
data/plantvillage/raw/color/Apple___Apple_scab/8632c6b9-84e1-4779-9294-71548ff838e5___FREC_Scab 3423.JPG,scab,g0333,s_test
data/plantvillage/raw/color/Apple___Apple_scab/8727408d-c5b9-41c4-abd7-dd8e6978efff___FREC_Scab 2995.JPG,scab,g0334,s_train
data/plantvillage/raw/color/Apple___Apple_scab/88079400-60e9-4317-b917-0bee6c8c16f5___FREC_Scab 3411.JPG,scab,g0335,s_train
data/plantvillage/raw/color/Apple___Apple_scab/88b51f59-08ed-41fe-8402-69f0964f87fe___FREC_Scab 3299.JPG,scab,g0336,s_test
data/plantvillage/raw/color/Apple___Apple_scab/892da302-54b8-43a1-960d-055f5eb3f0a1___FREC_Scab 3019.JPG,scab,g0337,s_train
data/plantvillage/raw/color/Apple___Apple_scab/895252c3-5047-4e87-8e13-2cdd765f3e0a___FREC_Scab 3056.JPG,scab,g0338,s_train
data/plantvillage/raw/color/Apple___Apple_scab/89888e39-a951-4507-a9c4-193aead90f64___FREC_Scab 3160.JPG,scab,g0339,s_reliability
data/plantvillage/raw/color/Apple___Apple_scab/89937e2f-6ec2-483d-9ba4-1c7c61859cb0___FREC_Scab 3394.JPG,scab,g0340,s_train
data/plantvillage/raw/color/Apple___Apple_scab/8a212787-77fb-40dc-a028-92d5ff2d6c7c___FREC_Scab 3043.JPG,scab,g0341,s_test
data/plantvillage/raw/color/Apple___Apple_scab/8a8f8dd2-a938-4288-a8ec-56ef0aaa2d4f___FREC_Scab 2947.JPG,scab,g0342,s_test
data/plantvillage/raw/color/Apple___Apple_scab/8b28fdba-2f54-45dc-a671-a2743f127c45___FREC_Scab 3346.JPG,scab,g0343,s_test
data/plantvillage/raw/color/Apple___Apple_scab/8bcbb4fb-c733-4fc7-92d2-6e4a442e592e___FREC_Scab 3506.JPG,scab,g0344,s_test
data/plantvillage/raw/color/Apple___Apple_scab/8c5418d9-37db-450f-a20e-7fccfe69f57a___FREC_Scab 3404.JPG,scab,g0345,s_val
data/plantvillage/raw/color/Apple___Apple_scab/8c71b810-5fe3-415e-863b-6bb0b1fb1455___FREC_Scab 3221.JPG,scab,g0346,s_train
data/plantvillage/raw/color/Apple___Apple_scab/8c72c236-8f13-4087-8d1d-f365211563f0___FREC_Scab 3196.JPG,scab,g0347,s_train
data/plantvillage/raw/color/Apple___Apple_scab/8c916434-af92-4360-9833-0422aa510f7e___FREC_Scab 3245.JPG,scab,g0348,s_train
data/plantvillage/raw/color/Apple___Apple_scab/8d2bd2f9-2c65-43f7-95f7-22f7f404ba13___FREC_Scab 3232.JPG,scab,g0349,s_train
data/plantvillage/raw/color/Apple___Apple_scab/8df36a92-b562-4bff-975b-ff08d8da40f6___FREC_Scab 3119.JPG,scab,g0350,s_train
data/plantvillage/raw/color/Apple___Apple_scab/8e04135b-2279-43a7-af41-147d96395478___FREC_Scab 3143.JPG,scab,g0351,s_train
data/plantvillage/raw/color/Apple___Apple_scab/8eaf0422-c84e-4521-8628-85cf2fc91e7c___FREC_Scab 2989.JPG,scab,g0352,s_test
data/plantvillage/raw/color/Apple___Apple_scab/8edca1d5-7ab9-47b6-bdd0-b61e4a11621e___FREC_Scab 3512.JPG,scab,g0353,s_train
data/plantvillage/raw/color/Apple___Apple_scab/900e46e0-2f82-4062-8963-50fa06834c38___FREC_Scab 3301.JPG,scab,g0354,s_val
data/plantvillage/raw/color/Apple___Apple_scab/9082fc1b-6621-48be-9953-50d3de9a6661___FREC_Scab 3065.JPG,scab,g0355,s_val
data/plantvillage/raw/color/Apple___Apple_scab/9100bed7-65dd-4425-840b-503f9db78ef8___FREC_Scab 3076.JPG,scab,g0356,s_train
data/plantvillage/raw/color/Apple___Apple_scab/919f1400-c9b6-4343-9708-0e70deabb85d___FREC_Scab 2941.JPG,scab,g0357,s_reliability
data/plantvillage/raw/color/Apple___Apple_scab/91decba3-10b0-4d3e-974c-bcc7729e867d___FREC_Scab 3527.JPG,scab,g0358,s_train
data/plantvillage/raw/color/Apple___Apple_scab/925b4276-9d62-4a3d-9dfd-1613ed40685a___FREC_Scab 2994.JPG,scab,g0359,s_train
data/plantvillage/raw/color/Apple___Apple_scab/9431682d-6de3-4b1f-bdde-11b706fe2e85___FREC_Scab 3029.JPG,scab,g0360,s_train
data/plantvillage/raw/color/Apple___Apple_scab/9474d631-06bc-45e0-bdcc-2aff28b34856___FREC_Scab 3358.JPG,scab,g0361,s_train
data/plantvillage/raw/color/Apple___Apple_scab/94ef05b0-aee5-4956-8a07-67808c0ca84c___FREC_Scab 3376.JPG,scab,g0362,s_train
data/plantvillage/raw/color/Apple___Apple_scab/9555b45b-0080-4d26-8b54-a343b9bf0ffc___FREC_Scab 3313.JPG,scab,g0363,s_train
data/plantvillage/raw/color/Apple___Apple_scab/95c2cc04-5581-48ca-8001-9644bb488b12___FREC_Scab 3163.JPG,scab,g0364,s_test
data/plantvillage/raw/color/Apple___Apple_scab/96a26f9f-76b9-456a-b39f-d390ff20bc58___FREC_Scab 3257.JPG,scab,g0365,s_reliability
data/plantvillage/raw/color/Apple___Apple_scab/96f7f6b4-4dd6-4887-b6b2-89449271274f___FREC_Scab 3047.JPG,scab,g0366,s_train
data/plantvillage/raw/color/Apple___Apple_scab/97294a06-04ae-440f-b130-ddff2817c727___FREC_Scab 3372.JPG,scab,g0367,s_train
data/plantvillage/raw/color/Apple___Apple_scab/975c76b5-0c9f-4179-bc48-20b37d3113e6___FREC_Scab 3463.JPG,scab,g0368,s_train
data/plantvillage/raw/color/Apple___Apple_scab/97cd53cf-e95a-4d40-b77c-15ccf9bbb8f3___FREC_Scab 3134.JPG,scab,g0369,s_val
data/plantvillage/raw/color/Apple___Apple_scab/97d9b70c-15fc-4463-a7cd-129e7bccef1c___FREC_Scab 2910.JPG,scab,g0370,s_calibration
data/plantvillage/raw/color/Apple___Apple_scab/98259104-a5dd-4751-88f2-27923a2317a3___FREC_Scab 3419.JPG,scab,g0371,s_reliability
data/plantvillage/raw/color/Apple___Apple_scab/98d39524-dfe5-42c0-999d-110aa1c49b85___FREC_Scab 3259.JPG,scab,g0372,s_train
data/plantvillage/raw/color/Apple___Apple_scab/98e6e72f-092d-41dc-93e1-22bfc1ea2abd___FREC_Scab 2953.JPG,scab,g0373,s_test
data/plantvillage/raw/color/Apple___Apple_scab/98f72edf-a354-43de-8734-a697d8cdd3f5___FREC_Scab 3400.JPG,scab,g0374,s_train
data/plantvillage/raw/color/Apple___Apple_scab/99a971b6-cd13-4ed2-8fc5-0d6769945578___FREC_Scab 3130.JPG,scab,g0375,s_train
data/plantvillage/raw/color/Apple___Apple_scab/99e03a3c-c68f-4648-af09-877c57d6b115___FREC_Scab 3054.JPG,scab,g0376,s_val
data/plantvillage/raw/color/Apple___Apple_scab/99f409b1-0e19-43e6-bbc5-95c5368f86be___FREC_Scab 3051.JPG,scab,g0377,s_val
data/plantvillage/raw/color/Apple___Apple_scab/9a544639-1fc6-4c45-88e4-3049c2bc0814___FREC_Scab 3439.JPG,scab,g0378,s_train
data/plantvillage/raw/color/Apple___Apple_scab/9a82c830-7854-4f7f-84c5-f7414cd238b0___FREC_Scab 3069.JPG,scab,g0379,s_train
data/plantvillage/raw/color/Apple___Apple_scab/9ac984f5-d42c-4321-ae2e-7fbde038aa38___FREC_Scab 3369.JPG,scab,g0380,s_calibration
data/plantvillage/raw/color/Apple___Apple_scab/9b7399aa-1c3c-4137-ae4e-196cd23fe573___FREC_Scab 3468.JPG,scab,g0381,s_train
data/plantvillage/raw/color/Apple___Apple_scab/9c04ca1c-e5f5-4a03-8205-544c1475a18c___FREC_Scab 3502.JPG,scab,g0382,s_train
data/plantvillage/raw/color/Apple___Apple_scab/9cbb6419-1670-45d5-a8ad-90cf9eaac971___FREC_Scab 3075.JPG,scab,g0383,s_reliability
data/plantvillage/raw/color/Apple___Apple_scab/9d586b46-914c-4715-a406-484a597e3bab___FREC_Scab 2998.JPG,scab,g0384,s_val
data/plantvillage/raw/color/Apple___Apple_scab/9dac36c9-3c32-44be-8752-0f03666cbb76___FREC_Scab 3365.JPG,scab,g0385,s_train
data/plantvillage/raw/color/Apple___Apple_scab/9e399a72-a81f-4a43-8542-ebc4e96ba346___FREC_Scab 2930.JPG,scab,g0386,s_train
data/plantvillage/raw/color/Apple___Apple_scab/9e4d949f-0d9b-4b61-8ce9-574664176efc___FREC_Scab 3022.JPG,scab,g0387,s_test
data/plantvillage/raw/color/Apple___Apple_scab/9eab7829-c658-4544-b6ba-f7fb10035aab___FREC_Scab 3382.JPG,scab,g0388,s_train
data/plantvillage/raw/color/Apple___Apple_scab/9efcd800-e927-4595-8eb8-26d36524242a___FREC_Scab 3026.JPG,scab,g0389,s_train
data/plantvillage/raw/color/Apple___Apple_scab/9f76829c-655e-4f75-b5fd-2ddfd01f963a___FREC_Scab 3337.JPG,scab,g0390,s_val
data/plantvillage/raw/color/Apple___Apple_scab/9f815013-3c21-403b-80ca-c69cd82d6251___FREC_Scab 2963.JPG,scab,g0391,s_train
data/plantvillage/raw/color/Apple___Apple_scab/9fd8d7c3-3321-49fc-a7dc-165ccc353c78___FREC_Scab 3177.JPG,scab,g0392,s_train
data/plantvillage/raw/color/Apple___Apple_scab/a031daf8-94a3-476b-b2e4-dc39a4ee843d___FREC_Scab 3233.JPG,scab,g0393,s_train
data/plantvillage/raw/color/Apple___Apple_scab/a038a218-4c69-4f5a-9887-80fac9888782___FREC_Scab 3008.JPG,scab,g0394,s_reliability
data/plantvillage/raw/color/Apple___Apple_scab/a0fb83fc-d5a2-4ddf-9a04-c2bf96e5027f___FREC_Scab 3175.JPG,scab,g0395,s_train
data/plantvillage/raw/color/Apple___Apple_scab/a0fd13e3-e36c-4386-beb2-ec6a587bfd70___FREC_Scab 3053.JPG,scab,g0396,s_train
data/plantvillage/raw/color/Apple___Apple_scab/a15c8e33-6b90-489e-800d-99b3056235c2___FREC_Scab 3466.JPG,scab,g0397,s_train
data/plantvillage/raw/color/Apple___Apple_scab/a2d4e28d-efb1-4b5c-8f39-de90392f007a___FREC_Scab 3139.JPG,scab,g0398,s_test
data/plantvillage/raw/color/Apple___Apple_scab/a2d623ff-8e4d-40e3-a6c5-3d61e7355f92___FREC_Scab 2949.JPG,scab,g0399,s_train
data/plantvillage/raw/color/Apple___Apple_scab/a2d74032-fd6c-469b-897a-054705e03dec___FREC_Scab 3028.JPG,scab,g0400,s_test
data/plantvillage/raw/color/Apple___Apple_scab/a31b7944-c213-4b83-a586-004d0522e355___FREC_Scab 3341.JPG,scab,g0401,s_test
data/plantvillage/raw/color/Apple___Apple_scab/a3824376-87d9-464c-b78e-e35d029d43f2___FREC_Scab 3249.JPG,scab,g0402,s_train
data/plantvillage/raw/color/Apple___Apple_scab/a5ed05d8-9815-41b7-b481-332e48cfde56___FREC_Scab 3415.JPG,scab,g0403,s_reliability
data/plantvillage/raw/color/Apple___Apple_scab/a6ba4b1c-285a-432d-ae70-df3e37e5e6c1___FREC_Scab 3002.JPG,scab,g0404,s_train
data/plantvillage/raw/color/Apple___Apple_scab/a72a9033-d2b9-4c64-93bc-7e5a1a0ea4ae___FREC_Scab 3284.JPG,scab,g0405,s_reliability
data/plantvillage/raw/color/Apple___Apple_scab/a7609a35-fd75-4ec3-868a-eb97b9ffd096___FREC_Scab 3032.JPG,scab,g0406,s_train
data/plantvillage/raw/color/Apple___Apple_scab/a8037811-6ce4-4611-ace1-1b6492374135___FREC_Scab 3126.JPG,scab,g0407,s_reliability
data/plantvillage/raw/color/Apple___Apple_scab/a88d758c-0c4f-4214-b91d-e5645aa97113___FREC_Scab 3424.JPG,scab,g0408,s_train
data/plantvillage/raw/color/Apple___Apple_scab/a93dc267-cd94-49fd-9766-8afe67ba747a___FREC_Scab 3125.JPG,scab,g0409,s_train
data/plantvillage/raw/color/Apple___Apple_scab/ab0ab3b2-0893-46c6-8f66-9469e8340b64___FREC_Scab 3368.JPG,scab,g0410,s_reliability
data/plantvillage/raw/color/Apple___Apple_scab/ab7d0d06-b45c-4472-a708-c2a1d65ee748___FREC_Scab 3152.JPG,scab,g0021,s_train
data/plantvillage/raw/color/Apple___Apple_scab/aba69098-9c79-46cc-ba1f-6f88a456b56f___FREC_Scab 3039.JPG,scab,g0411,s_train
data/plantvillage/raw/color/Apple___Apple_scab/abd8b296-db97-40c0-af5b-39e03f4dec16___FREC_Scab 3041.JPG,scab,g0412,s_val
data/plantvillage/raw/color/Apple___Apple_scab/abfd8972-51b1-4715-a358-54e8e2afa071___FREC_Scab 3267.JPG,scab,g0413,s_val
data/plantvillage/raw/color/Apple___Apple_scab/ac3ae45a-aaff-44c0-979d-6a2a8ba50ccf___FREC_Scab 3520.JPG,scab,g0414,s_train
data/plantvillage/raw/color/Apple___Apple_scab/ac61c972-546d-4977-ac4a-085f98bbf206___FREC_Scab 3308.JPG,scab,g0415,s_train
data/plantvillage/raw/color/Apple___Apple_scab/ac8466c6-8a4f-4757-bb4d-d63f4b6a6928___FREC_Scab 3436.JPG,scab,g0416,s_train
data/plantvillage/raw/color/Apple___Apple_scab/ad6539ea-7bc6-4f4a-810f-63ee95db8bfe___FREC_Scab 3184.JPG,scab,g0417,s_test
data/plantvillage/raw/color/Apple___Apple_scab/add9ce00-e304-4632-82f2-ddc86a6be5f6___FREC_Scab 3472.JPG,scab,g0108,s_train
data/plantvillage/raw/color/Apple___Apple_scab/ade2b601-d2ea-4f5b-afc2-2c88aefea6b6___FREC_Scab 3464.JPG,scab,g0418,s_train
data/plantvillage/raw/color/Apple___Apple_scab/adfdba4a-a725-4c5b-8b1c-96e8b20baa7b___FREC_Scab 3265.JPG,scab,g0419,s_calibration
data/plantvillage/raw/color/Apple___Apple_scab/ae02ce53-61ad-41d0-870a-a5a8b2fb3e93___FREC_Scab 3359.JPG,scab,g0420,s_train
data/plantvillage/raw/color/Apple___Apple_scab/ae035eb1-0214-4964-b018-14fca52713fc___FREC_Scab 3166.JPG,scab,g0421,s_train
data/plantvillage/raw/color/Apple___Apple_scab/af598e54-dae1-47e5-aefc-0b0a419dfa07___FREC_Scab 3211.JPG,scab,g0422,s_test
data/plantvillage/raw/color/Apple___Apple_scab/af82e889-9ec0-437c-85b8-7a6a5caf73a1___FREC_Scab 3338.JPG,scab,g0423,s_val
data/plantvillage/raw/color/Apple___Apple_scab/afab688d-242c-4e62-abef-ba277df5a76d___FREC_Scab 3188.JPG,scab,g0424,s_train
data/plantvillage/raw/color/Apple___Apple_scab/afc6c0d9-46a0-4275-a2f5-bb241017dbe4___FREC_Scab 3020.JPG,scab,g0425,s_test
data/plantvillage/raw/color/Apple___Apple_scab/aff87313-e090-401b-aa23-92fba4c55fae___FREC_Scab 3305.JPG,scab,g0426,s_test
data/plantvillage/raw/color/Apple___Apple_scab/affb666c-6915-48e6-ba8a-92385af75826___FREC_Scab 3395.JPG,scab,g0427,s_train
data/plantvillage/raw/color/Apple___Apple_scab/b006c4b8-5f33-4794-91bd-7aaa430e6ceb___FREC_Scab 3498.JPG,scab,g0428,s_train
data/plantvillage/raw/color/Apple___Apple_scab/b011c870-c5a5-4990-9ddd-e00e02613780___FREC_Scab 3493.JPG,scab,g0429,s_test
data/plantvillage/raw/color/Apple___Apple_scab/b02a7f1d-3cfc-489e-9e74-983059c6980d___FREC_Scab 3244.JPG,scab,g0430,s_train
data/plantvillage/raw/color/Apple___Apple_scab/b0586996-77d5-4d02-8112-14eb67895bcf___FREC_Scab 3000.JPG,scab,g0431,s_reliability
data/plantvillage/raw/color/Apple___Apple_scab/b0613c0d-0e9d-4e47-9743-57f5da39a092___FREC_Scab 3311.JPG,scab,g0432,s_reliability
data/plantvillage/raw/color/Apple___Apple_scab/b0744c40-7396-4efb-9d0e-d7b1f22a9dd4___FREC_Scab 3407.JPG,scab,g0433,s_reliability
data/plantvillage/raw/color/Apple___Apple_scab/b0b2a38c-396d-4d25-b346-5947e2c787d9___FREC_Scab 3077.JPG,scab,g0434,s_val
data/plantvillage/raw/color/Apple___Apple_scab/b10dceaa-a764-46b4-bd61-bc9fb13579ca___FREC_Scab 3141.JPG,scab,g0435,s_calibration
data/plantvillage/raw/color/Apple___Apple_scab/b18d07ee-d2e2-4cc2-876c-e03e3839f3b6___FREC_Scab 3427.JPG,scab,g0436,s_reliability
data/plantvillage/raw/color/Apple___Apple_scab/b19aef4d-ee91-4768-9520-8fdfee2578b4___FREC_Scab 3396.JPG,scab,g0437,s_train
data/plantvillage/raw/color/Apple___Apple_scab/b19d8a20-6d33-4ad5-848b-e618c07756b7___FREC_Scab 3198.JPG,scab,g0438,s_train
data/plantvillage/raw/color/Apple___Apple_scab/b1efda88-84a3-4d96-b3bf-48d7e12155e9___FREC_Scab 3009.JPG,scab,g0439,s_val
data/plantvillage/raw/color/Apple___Apple_scab/b24daaef-81e1-47fc-a858-b8c8b346d956___FREC_Scab 2927.JPG,scab,g0440,s_test
data/plantvillage/raw/color/Apple___Apple_scab/b2567b00-d781-4177-9c3f-6a7b9f47941f___FREC_Scab 3414.JPG,scab,g0441,s_train
data/plantvillage/raw/color/Apple___Apple_scab/b34550a7-6327-4993-b112-16eedf8f0353___FREC_Scab 2922.JPG,scab,g0442,s_calibration
data/plantvillage/raw/color/Apple___Apple_scab/b3b884bb-55ff-42dd-81d6-d8260acd4ad5___FREC_Scab 3281.JPG,scab,g0443,s_reliability
data/plantvillage/raw/color/Apple___Apple_scab/b4162101-daaa-4e98-bd83-e00f38cf5946___FREC_Scab 2968.JPG,scab,g0444,s_train
data/plantvillage/raw/color/Apple___Apple_scab/b4b9c80a-f741-416d-a7e6-6d9566ea731e___FREC_Scab 3399.JPG,scab,g0445,s_calibration
data/plantvillage/raw/color/Apple___Apple_scab/b4d26d69-8318-4898-93be-561f78c18d5a___FREC_Scab 3133.JPG,scab,g0446,s_train
data/plantvillage/raw/color/Apple___Apple_scab/b4dd08e1-926f-41e0-b266-c2f37cea3203___FREC_Scab 3030.JPG,scab,g0447,s_train
data/plantvillage/raw/color/Apple___Apple_scab/b56bccc2-4489-412c-83ac-ef0c7672ee70___FREC_Scab 3479.JPG,scab,g0448,s_train
data/plantvillage/raw/color/Apple___Apple_scab/b67039ac-fa02-4db5-9aad-a429c329263f___FREC_Scab 3435.JPG,scab,g0449,s_train
data/plantvillage/raw/color/Apple___Apple_scab/b7740d56-4540-44f5-82c4-3916da0cba20___FREC_Scab 3229.JPG,scab,g0450,s_train
data/plantvillage/raw/color/Apple___Apple_scab/b8199a66-9ef5-498c-b55d-9a05d67433a5___FREC_Scab 2920.JPG,scab,g0451,s_train
data/plantvillage/raw/color/Apple___Apple_scab/b84c8919-1f8c-4751-a759-e0ec84839020___FREC_Scab 3264.JPG,scab,g0452,s_val
data/plantvillage/raw/color/Apple___Apple_scab/b8829a11-a69e-479f-977e-3890cd1d76b1___FREC_Scab 3144.JPG,scab,g0453,s_reliability
data/plantvillage/raw/color/Apple___Apple_scab/b963d384-123e-48e5-ac66-a1e87f33ba0b___FREC_Scab 3021.JPG,scab,g0454,s_train
data/plantvillage/raw/color/Apple___Apple_scab/b98c71e9-79a0-4e8d-9c8d-0438c4fe8a57___FREC_Scab 2948.JPG,scab,g0455,s_test
data/plantvillage/raw/color/Apple___Apple_scab/b98ecede-7f6f-4e39-a761-4dc37699507b___FREC_Scab 2971.JPG,scab,g0456,s_train
data/plantvillage/raw/color/Apple___Apple_scab/ba0c02a0-3597-44e5-826d-00398a68d65b___FREC_Scab 2939.JPG,scab,g0457,s_val
data/plantvillage/raw/color/Apple___Apple_scab/ba325c11-e91c-4f5e-9ae0-76f8f0bb24df___FREC_Scab 3523.JPG,scab,g0458,s_calibration
data/plantvillage/raw/color/Apple___Apple_scab/ba94f188-df0b-41fd-94e3-f0ed4924e23e___FREC_Scab 3102.JPG,scab,g0459,s_train
data/plantvillage/raw/color/Apple___Apple_scab/baa200af-fc0e-4f13-abec-389605a604a7___FREC_Scab 3220.JPG,scab,g0460,s_calibration
data/plantvillage/raw/color/Apple___Apple_scab/baa34f65-7a7a-4308-ad86-4fe8f0da288d___FREC_Scab 3115.JPG,scab,g0461,s_train
data/plantvillage/raw/color/Apple___Apple_scab/bb495423-1617-447c-95cd-52ebabee1a59___FREC_Scab 3199.JPG,scab,g0462,s_reliability
data/plantvillage/raw/color/Apple___Apple_scab/bbab7c92-4287-4e69-82b0-5c37fea5897c___FREC_Scab 3017.JPG,scab,g0463,s_test
data/plantvillage/raw/color/Apple___Apple_scab/bbcecb36-bad4-4aa5-812b-00a402427943___FREC_Scab 3279.JPG,scab,g0464,s_train
data/plantvillage/raw/color/Apple___Apple_scab/bc2ce052-84b8-4de9-bd9d-7528869b62dc___FREC_Scab 3309.JPG,scab,g0465,s_calibration
data/plantvillage/raw/color/Apple___Apple_scab/bc7769cc-805e-42ef-bbcf-0c134ff03276___FREC_Scab 2909.JPG,scab,g0466,s_test
data/plantvillage/raw/color/Apple___Apple_scab/bc93b0fd-568f-4969-9d2d-c94d5f340e7e___FREC_Scab 3357.JPG,scab,g0467,s_reliability
data/plantvillage/raw/color/Apple___Apple_scab/bca5ef0a-0555-4f76-9f9c-c01bee56b816___FREC_Scab 3200.JPG,scab,g0468,s_test
data/plantvillage/raw/color/Apple___Apple_scab/bce3ba0b-a142-4b28-8cb3-eb6bb6a3b8a2___FREC_Scab 3142.JPG,scab,g0469,s_reliability
data/plantvillage/raw/color/Apple___Apple_scab/bceb695a-e877-4b2b-bf05-241661d511d4___FREC_Scab 3240.JPG,scab,g0470,s_train
data/plantvillage/raw/color/Apple___Apple_scab/bda4a657-9bc8-4a02-a450-d38c7056172a___FREC_Scab 3316.JPG,scab,g0471,s_train
data/plantvillage/raw/color/Apple___Apple_scab/bdaae6b2-8ff5-4a4c-9286-a2393063cdaf___FREC_Scab 3491.JPG,scab,g0472,s_test
data/plantvillage/raw/color/Apple___Apple_scab/be076652-b1bd-430c-a752-db525c1dfcfd___FREC_Scab 3367.JPG,scab,g0473,s_reliability
data/plantvillage/raw/color/Apple___Apple_scab/be0ae8eb-76ea-4aba-bc29-175812af0f8d___FREC_Scab 3421.JPG,scab,g0474,s_val
data/plantvillage/raw/color/Apple___Apple_scab/be10c6a0-b99b-4c91-b78f-141a12beb70c___FREC_Scab 3106.JPG,scab,g0475,s_reliability
data/plantvillage/raw/color/Apple___Apple_scab/be23de1a-2db8-4d7f-8b5f-cee56829d49c___FREC_Scab 2991.JPG,scab,g0476,s_reliability
data/plantvillage/raw/color/Apple___Apple_scab/be517ff5-5e63-4f6a-9f55-1522c9ec972b___FREC_Scab 3123.JPG,scab,g0477,s_train
data/plantvillage/raw/color/Apple___Apple_scab/bef6e86f-946a-4c2e-be1d-6b2913be449d___FREC_Scab 3187.JPG,scab,g0478,s_train
data/plantvillage/raw/color/Apple___Apple_scab/bf99a731-b08d-47af-8d65-196bbb0ca2e3___FREC_Scab 3344.JPG,scab,g0479,s_reliability
data/plantvillage/raw/color/Apple___Apple_scab/bf9a1cb3-baa2-42f6-881b-c77864b3019c___FREC_Scab 3189.JPG,scab,g0480,s_test
data/plantvillage/raw/color/Apple___Apple_scab/c0b4c09e-80d2-4f4e-a87f-eecd09f656fd___FREC_Scab 3452.JPG,scab,g0481,s_test
data/plantvillage/raw/color/Apple___Apple_scab/c0bfed2f-ace7-44dd-9410-440b5eea4d89___FREC_Scab 3266.JPG,scab,g0482,s_calibration
data/plantvillage/raw/color/Apple___Apple_scab/c0f4f71a-8f53-4a0a-816f-d400a445680a___FREC_Scab 3459.JPG,scab,g0483,s_train
data/plantvillage/raw/color/Apple___Apple_scab/c190660f-6116-465c-8ca6-fc56f9844a30___FREC_Scab 3432.JPG,scab,g0484,s_calibration
data/plantvillage/raw/color/Apple___Apple_scab/c270319e-61d4-4376-a3e8-b159ff712dd4___FREC_Scab 3401.JPG,scab,g0485,s_test
data/plantvillage/raw/color/Apple___Apple_scab/c27b45af-c362-4d37-ab5b-ee197a3670de___FREC_Scab 3521.JPG,scab,g0486,s_val
data/plantvillage/raw/color/Apple___Apple_scab/c2997bb6-d9ae-4ffc-bc3f-c85510480e13___FREC_Scab 3428.JPG,scab,g0487,s_reliability
data/plantvillage/raw/color/Apple___Apple_scab/c3cb1c6c-30f6-4fda-9887-eaeb7e071ca9___FREC_Scab 2913.JPG,scab,g0488,s_calibration
data/plantvillage/raw/color/Apple___Apple_scab/c3d356bb-504c-48f7-b7aa-4feb5c009d6d___FREC_Scab 3383.JPG,scab,g0489,s_test
data/plantvillage/raw/color/Apple___Apple_scab/c4175126-9e07-4465-9574-0229bb5b1f41___FREC_Scab 3304.JPG,scab,g0490,s_reliability
data/plantvillage/raw/color/Apple___Apple_scab/c4a3c215-aa1e-4d1c-b545-1ab2b15812fe___FREC_Scab 2938.JPG,scab,g0491,s_train
data/plantvillage/raw/color/Apple___Apple_scab/c4e2b47d-d3c9-418e-9e60-78cead67c5d7___FREC_Scab 2928.JPG,scab,g0492,s_train
data/plantvillage/raw/color/Apple___Apple_scab/c51ed52b-7c1a-47fa-83c2-097502ee09b9___FREC_Scab 3146.JPG,scab,g0493,s_train
data/plantvillage/raw/color/Apple___Apple_scab/c54db2df-2fe4-44e0-8a54-aee97e74acf5___FREC_Scab 3318.JPG,scab,g0494,s_train
data/plantvillage/raw/color/Apple___Apple_scab/c563cf1c-da17-4c03-b3e8-b306334e0270___FREC_Scab 2933.JPG,scab,g0495,s_train
data/plantvillage/raw/color/Apple___Apple_scab/c665dad4-adfc-40a3-b1cc-a29aed48d93c___FREC_Scab 3246.JPG,scab,g0496,s_train
data/plantvillage/raw/color/Apple___Apple_scab/c6e7fae4-cacb-4058-a933-d38ea04ee42e___FREC_Scab 3348.JPG,scab,g0497,s_train
data/plantvillage/raw/color/Apple___Apple_scab/c71e8ee2-8865-4e45-be5a-3303c17337bd___FREC_Scab 3403.JPG,scab,g0498,s_train
data/plantvillage/raw/color/Apple___Apple_scab/c745cec0-6c89-4bee-b0c2-a71a925b7f1b___FREC_Scab 3227.JPG,scab,g0499,s_train
data/plantvillage/raw/color/Apple___Apple_scab/c777c2ac-ea64-4aad-a97a-90b35e2db603___FREC_Scab 3156.JPG,scab,g0500,s_reliability
data/plantvillage/raw/color/Apple___Apple_scab/c7a9601c-b927-413d-8bc8-2175e573b128___FREC_Scab 3031.JPG,scab,g0501,s_test
data/plantvillage/raw/color/Apple___Apple_scab/c7dc7cfa-559a-4950-ba71-90d11dfe0b56___FREC_Scab 3381.JPG,scab,g0502,s_reliability
data/plantvillage/raw/color/Apple___Apple_scab/c84037f0-a9ba-46fc-9e44-ca67914ae7d0___FREC_Scab 3171.JPG,scab,g0503,s_val
data/plantvillage/raw/color/Apple___Apple_scab/c9535536-7e19-474d-9ea2-734d4576e6b7___FREC_Scab 2977.JPG,scab,g0504,s_calibration
data/plantvillage/raw/color/Apple___Apple_scab/ca37bd3e-47ec-415d-8012-81e4efcc6be5___FREC_Scab 2917.JPG,scab,g0505,s_calibration
data/plantvillage/raw/color/Apple___Apple_scab/cad140d1-bf93-4d65-bae8-c2e332f1346f___FREC_Scab 3426.JPG,scab,g0506,s_train
data/plantvillage/raw/color/Apple___Apple_scab/cb36375a-3a30-4d01-8764-358eb6300f16___FREC_Scab 3378.JPG,scab,g0507,s_test
data/plantvillage/raw/color/Apple___Apple_scab/cbbdd77b-93f5-4f45-b35d-2b05ab1c8eb4___FREC_Scab 3465.JPG,scab,g0508,s_val
data/plantvillage/raw/color/Apple___Apple_scab/cbc265da-87e2-449e-8585-b744f9371772___FREC_Scab 3431.JPG,scab,g0509,s_reliability
data/plantvillage/raw/color/Apple___Apple_scab/cbf63da6-f1a7-41e0-b581-6f5b6cff2bc2___FREC_Scab 3496.JPG,scab,g0510,s_test
data/plantvillage/raw/color/Apple___Apple_scab/cc62ab3a-f945-4aa3-add4-03887b49007a___FREC_Scab 2960.JPG,scab,g0511,s_train
data/plantvillage/raw/color/Apple___Apple_scab/cc729eed-8d8e-4a23-9b27-db78e418543d___FREC_Scab 3092.JPG,scab,g0512,s_train
data/plantvillage/raw/color/Apple___Apple_scab/cd5654a1-a27a-49f1-8d97-22101a905278___FREC_Scab 3179.JPG,scab,g0513,s_train
data/plantvillage/raw/color/Apple___Apple_scab/cd7234b0-3c97-4763-9d16-5a97c87140f7___FREC_Scab 3207.JPG,scab,g0514,s_train
data/plantvillage/raw/color/Apple___Apple_scab/cd7bc55c-1c47-4af7-9875-f29147d54115___FREC_Scab 3471.JPG,scab,g0515,s_train
data/plantvillage/raw/color/Apple___Apple_scab/ce7338f4-ed12-4014-8d2f-4b674b672357___FREC_Scab 3532.JPG,scab,g0516,s_train
data/plantvillage/raw/color/Apple___Apple_scab/ced72cdb-0358-420c-abdd-1c94ba303435___FREC_Scab 3217.JPG,scab,g0517,s_test
data/plantvillage/raw/color/Apple___Apple_scab/cf1d9afc-3473-4c97-ae0b-6f2352d9d595___FREC_Scab 3457.JPG,scab,g0518,s_reliability
data/plantvillage/raw/color/Apple___Apple_scab/cff69c82-7901-400a-b45c-6343624edfc3___FREC_Scab 3192.JPG,scab,g0519,s_train
data/plantvillage/raw/color/Apple___Apple_scab/d01086a5-c14e-424a-8825-47343752c0a0___FREC_Scab 3170.JPG,scab,g0520,s_reliability
data/plantvillage/raw/color/Apple___Apple_scab/d08d117d-d394-4e24-83c2-cd7fd96894ce___FREC_Scab 3093.JPG,scab,g0521,s_train
data/plantvillage/raw/color/Apple___Apple_scab/d1745979-75a6-4b00-a544-cf5ba043e7e0___FREC_Scab 3330.JPG,scab,g0522,s_test
data/plantvillage/raw/color/Apple___Apple_scab/d1773f0b-f049-4bb1-b13f-d33b96078ab3___FREC_Scab 3046.JPG,scab,g0523,s_reliability
data/plantvillage/raw/color/Apple___Apple_scab/d1938082-a2de-49ad-8ca2-4b1947a7e107___FREC_Scab 3212.JPG,scab,g0524,s_train
data/plantvillage/raw/color/Apple___Apple_scab/d1a9a2ab-6d10-4c1a-87e1-349117b2700f___FREC_Scab 3389.JPG,scab,g0525,s_reliability
data/plantvillage/raw/color/Apple___Apple_scab/d250df8f-72ee-40c2-a620-0e0e0fa36971___FREC_Scab 3070.JPG,scab,g0526,s_val
data/plantvillage/raw/color/Apple___Apple_scab/d42691a9-d8a5-43f9-b9e6-7a2cd5bc8371___FREC_Scab 3224.JPG,scab,g0527,s_calibration
data/plantvillage/raw/color/Apple___Apple_scab/d480dbfb-ce18-40cf-a183-9bc52ec9195d___FREC_Scab 3303.JPG,scab,g0528,s_train
data/plantvillage/raw/color/Apple___Apple_scab/d48c6280-ceec-4b35-bc04-bbbf56995203___FREC_Scab 3262.JPG,scab,g0529,s_train
data/plantvillage/raw/color/Apple___Apple_scab/d608ac35-eaf8-43e2-b429-f9b433126023___FREC_Scab 3386.JPG,scab,g0530,s_val
data/plantvillage/raw/color/Apple___Apple_scab/d652b023-0ade-4f34-a490-206a87489e5e___FREC_Scab 3066.JPG,scab,g0531,s_reliability
data/plantvillage/raw/color/Apple___Apple_scab/d66bf6da-1199-4f2b-9776-8cbc4529b268___FREC_Scab 3157.JPG,scab,g0532,s_train
data/plantvillage/raw/color/Apple___Apple_scab/d72cdbbd-7982-4198-8bf7-a053ed69bba1___FREC_Scab 3529.JPG,scab,g0533,s_calibration
data/plantvillage/raw/color/Apple___Apple_scab/d730c2c9-ac5f-4c4e-b568-2f3e8b43b1a9___FREC_Scab 3074.JPG,scab,g0534,s_train
data/plantvillage/raw/color/Apple___Apple_scab/d736e5ee-f15e-453e-a14a-390d226e24a7___FREC_Scab 3322.JPG,scab,g0535,s_train
data/plantvillage/raw/color/Apple___Apple_scab/d7ac8a6f-7c88-47ac-9387-eefb672e9776___FREC_Scab 3392.JPG,scab,g0536,s_val
data/plantvillage/raw/color/Apple___Apple_scab/d7bdef33-fa84-4240-a931-8a568d62cee7___FREC_Scab 2946.JPG,scab,g0537,s_reliability
data/plantvillage/raw/color/Apple___Apple_scab/d842b34b-d2ab-48fc-9e78-ef586308c359___FREC_Scab 2982.JPG,scab,g0538,s_reliability
data/plantvillage/raw/color/Apple___Apple_scab/d8aeb323-17d2-4123-9988-3c2346558bc6___FREC_Scab 2996.JPG,scab,g0539,s_val
data/plantvillage/raw/color/Apple___Apple_scab/d8b8a834-08df-43d9-8a1a-4bc8e508a1e3___FREC_Scab 3280.JPG,scab,g0540,s_test
data/plantvillage/raw/color/Apple___Apple_scab/d94dd9a8-f2ad-45c4-bf45-3a361f5e2efa___FREC_Scab 3442.JPG,scab,g0541,s_test
data/plantvillage/raw/color/Apple___Apple_scab/d9a98a38-faa1-47dc-9710-28a86f024a29___FREC_Scab 3490.JPG,scab,g0542,s_val
data/plantvillage/raw/color/Apple___Apple_scab/da09f1db-51a0-4142-855a-7783a3f92114___FREC_Scab 2978.JPG,scab,g0543,s_val
data/plantvillage/raw/color/Apple___Apple_scab/daf6db9e-a600-449c-8b66-482ab50ea431___FREC_Scab 3237.JPG,scab,g0544,s_train
data/plantvillage/raw/color/Apple___Apple_scab/db71d62d-b06f-4aa2-a512-d3e5956fcffe___FREC_Scab 3444.JPG,scab,g0545,s_test
data/plantvillage/raw/color/Apple___Apple_scab/dbf66e2f-cf58-418c-9dcd-14254af3ddb1___FREC_Scab 2934.JPG,scab,g0546,s_test
data/plantvillage/raw/color/Apple___Apple_scab/dbf6dab4-0765-454c-8cb9-6b4329bca971___FREC_Scab 3225.JPG,scab,g0547,s_calibration
data/plantvillage/raw/color/Apple___Apple_scab/dc12e2fd-e41b-43b5-9874-09661913316e___FREC_Scab 3073.JPG,scab,g0548,s_train
data/plantvillage/raw/color/Apple___Apple_scab/dce5b716-54ad-420c-911c-476b838c4be9___FREC_Scab 3045.JPG,scab,g0549,s_train
data/plantvillage/raw/color/Apple___Apple_scab/dd46079c-b12c-4687-9db9-5d45b7f0e510___FREC_Scab 3327.JPG,scab,g0550,s_reliability
data/plantvillage/raw/color/Apple___Apple_scab/de341ebf-f335-4120-be2e-2640de5bde93___FREC_Scab 3375.JPG,scab,g0551,s_test
data/plantvillage/raw/color/Apple___Apple_scab/de6e3dd8-b2b8-4bce-aa4f-83cc514f2007___FREC_Scab 3511.JPG,scab,g0552,s_train
data/plantvillage/raw/color/Apple___Apple_scab/de8933ae-509d-48ae-8cd7-9097ad1e6d2d___FREC_Scab 3307.JPG,scab,g0553,s_val
data/plantvillage/raw/color/Apple___Apple_scab/debd9885-73c5-4ba8-9a95-f820846cec77___FREC_Scab 3433.JPG,scab,g0554,s_calibration
data/plantvillage/raw/color/Apple___Apple_scab/deda82bc-976d-4dd8-8599-283d622249bb___FREC_Scab 3085.JPG,scab,g0555,s_test
data/plantvillage/raw/color/Apple___Apple_scab/dfa24368-8ba9-4c02-9c3e-9e9a62a8d479___FREC_Scab 3215.JPG,scab,g0556,s_train
data/plantvillage/raw/color/Apple___Apple_scab/e0291fa3-bb60-4c05-85da-28a10a1562e9___FREC_Scab 3214.JPG,scab,g0557,s_train
data/plantvillage/raw/color/Apple___Apple_scab/e0bf6219-02d8-4255-88e2-a99afb1ad355___FREC_Scab 3515.JPG,scab,g0558,s_train
data/plantvillage/raw/color/Apple___Apple_scab/e12cb6bc-9831-4a22-ba1f-95d3e7c1c62a___FREC_Scab 3040.JPG,scab,g0559,s_test
data/plantvillage/raw/color/Apple___Apple_scab/e17c9433-0a90-4dd8-a2d8-08bb65c3d3d2___FREC_Scab 3306.JPG,scab,g0560,s_val
data/plantvillage/raw/color/Apple___Apple_scab/e181fe6a-6865-4ae7-8b3e-0ce6f70ac63b___FREC_Scab 3223.JPG,scab,g0561,s_val
data/plantvillage/raw/color/Apple___Apple_scab/e2746374-a734-4d96-9dc8-503fbd35effa___FREC_Scab 2979.JPG,scab,g0562,s_train
data/plantvillage/raw/color/Apple___Apple_scab/e3509da1-332c-4e43-977a-c57978ff6a38___FREC_Scab 3219.JPG,scab,g0563,s_test
data/plantvillage/raw/color/Apple___Apple_scab/e3891103-ded4-418f-bae1-91c282a30dcb___FREC_Scab 3159.JPG,scab,g0564,s_train
data/plantvillage/raw/color/Apple___Apple_scab/e5d9029b-ba16-44c2-be95-66199f1a8a96___FREC_Scab 3317.JPG,scab,g0565,s_train
data/plantvillage/raw/color/Apple___Apple_scab/e6fcead3-7234-4e51-80fc-056372588d85___FREC_Scab 2940.JPG,scab,g0566,s_train
data/plantvillage/raw/color/Apple___Apple_scab/e7115dcb-8124-42c9-bf6b-40740173d2ba___FREC_Scab 3353.JPG,scab,g0567,s_train
data/plantvillage/raw/color/Apple___Apple_scab/e893d964-8a40-46f5-b8ae-0a0f0cd79296___FREC_Scab 3333.JPG,scab,g0568,s_reliability
data/plantvillage/raw/color/Apple___Apple_scab/e8f5c962-6f40-443e-9913-5a43b5f2ef07___FREC_Scab 3191.JPG,scab,g0569,s_calibration
data/plantvillage/raw/color/Apple___Apple_scab/e8fc927f-fac2-4386-be3c-0a8ad0ddd83d___FREC_Scab 3292.JPG,scab,g0570,s_train
data/plantvillage/raw/color/Apple___Apple_scab/e9155e73-7f58-441b-a36b-d513bd051742___FREC_Scab 3509.JPG,scab,g0571,s_train
data/plantvillage/raw/color/Apple___Apple_scab/ea693d65-bcc9-4e76-9d64-cba561b520cc___FREC_Scab 3345.JPG,scab,g0572,s_test
data/plantvillage/raw/color/Apple___Apple_scab/eb3fa649-d717-4769-9f69-57f88c166455___FREC_Scab 3387.JPG,scab,g0573,s_reliability
data/plantvillage/raw/color/Apple___Apple_scab/eca2a279-0f7f-40a7-b2c4-a9bc500f4f5b___FREC_Scab 3015.JPG,scab,g0574,s_calibration
data/plantvillage/raw/color/Apple___Apple_scab/ecbac6b5-e07f-4a0d-a670-1d3b97f01104___FREC_Scab 3168.JPG,scab,g0575,s_reliability
data/plantvillage/raw/color/Apple___Apple_scab/ed1d17cd-a5c2-4b10-996f-53f316df30b7___FREC_Scab 3456.JPG,scab,g0576,s_train
data/plantvillage/raw/color/Apple___Apple_scab/ed33dbe0-edc4-4ad8-85c2-0495f384e3fe___FREC_Scab 3467.JPG,scab,g0577,s_train
data/plantvillage/raw/color/Apple___Apple_scab/ed3fa713-5de5-4298-96c1-9cf5bb830078___FREC_Scab 3105.JPG,scab,g0578,s_calibration
data/plantvillage/raw/color/Apple___Apple_scab/eda0a3b5-fe6e-4646-acc6-7db5179e3e96___FREC_Scab 3380.JPG,scab,g0579,s_train
data/plantvillage/raw/color/Apple___Apple_scab/edb3d65b-533a-490a-a3fd-46e686d3e690___FREC_Scab 3453.JPG,scab,g0580,s_train
data/plantvillage/raw/color/Apple___Apple_scab/eeae3585-0e6e-456c-bbdf-b099b6b4e11c___FREC_Scab 3297.JPG,scab,g0581,s_test
data/plantvillage/raw/color/Apple___Apple_scab/ef0593e6-f8bc-4501-9c2a-8ee8a6ff33fc___FREC_Scab 3495.JPG,scab,g0582,s_train
data/plantvillage/raw/color/Apple___Apple_scab/ef359032-085f-44ba-a63d-493a1724eca4___FREC_Scab 3202.JPG,scab,g0583,s_train
data/plantvillage/raw/color/Apple___Apple_scab/ef40de8f-19ee-4a7f-b9de-f37ebcbac26c___FREC_Scab 3364.JPG,scab,g0584,s_train
data/plantvillage/raw/color/Apple___Apple_scab/ef91867f-33c5-4063-9783-44fd47238fe0___FREC_Scab 2935.JPG,scab,g0585,s_reliability
data/plantvillage/raw/color/Apple___Apple_scab/f0963f8c-18f5-42db-853a-8d52d40d8c07___FREC_Scab 2956.JPG,scab,g0586,s_train
data/plantvillage/raw/color/Apple___Apple_scab/f0b1c450-fdbd-402f-9309-e7d5d06bc0e7___FREC_Scab 3210.JPG,scab,g0587,s_calibration
data/plantvillage/raw/color/Apple___Apple_scab/f0bbc28f-b6d6-4db3-b924-984a1e988510___FREC_Scab 3204.JPG,scab,g0588,s_train
data/plantvillage/raw/color/Apple___Apple_scab/f0d56524-1296-4a54-bafa-9b620baf9f1d___FREC_Scab 2942.JPG,scab,g0589,s_val
data/plantvillage/raw/color/Apple___Apple_scab/f1017472-d391-4a66-b9b2-d52916cd0c0b___FREC_Scab 3176.JPG,scab,g0590,s_reliability
data/plantvillage/raw/color/Apple___Apple_scab/f105cc0d-1cc5-4726-b46d-f5bd9c9aacc1___FREC_Scab 3321.JPG,scab,g0591,s_train
data/plantvillage/raw/color/Apple___Apple_scab/f141c7f9-66b7-4052-b5c7-db3df1a894f2___FREC_Scab 3261.JPG,scab,g0592,s_train
data/plantvillage/raw/color/Apple___Apple_scab/f18c0441-917e-4f34-b26e-a1a71d0adec2___FREC_Scab 3429.JPG,scab,g0593,s_train
data/plantvillage/raw/color/Apple___Apple_scab/f2391b26-b388-4ffc-b735-9b8d859d1ffa___FREC_Scab 3312.JPG,scab,g0594,s_train
data/plantvillage/raw/color/Apple___Apple_scab/f27fd3ff-a3b7-486a-883c-f91488883555___FREC_Scab 3158.JPG,scab,g0595,s_train
data/plantvillage/raw/color/Apple___Apple_scab/f2d6beb9-e8b1-49f6-b7b7-903b51565435___FREC_Scab 3393.JPG,scab,g0596,s_train
data/plantvillage/raw/color/Apple___Apple_scab/f2fb711e-3bcb-4729-9352-205c8dd0576f___FREC_Scab 3118.JPG,scab,g0597,s_train
data/plantvillage/raw/color/Apple___Apple_scab/f3303560-12ce-4e37-b62c-bfb5aad8aa0d___FREC_Scab 3332.JPG,scab,g0598,s_train
data/plantvillage/raw/color/Apple___Apple_scab/f33a08e5-03bb-4b97-991c-a1332866043d___FREC_Scab 2923.JPG,scab,g0599,s_test
data/plantvillage/raw/color/Apple___Apple_scab/f34d9619-f182-4b2f-b1a3-1658cc298f9b___FREC_Scab 3440.JPG,scab,g0600,s_train
data/plantvillage/raw/color/Apple___Apple_scab/f3b61d33-8875-46a0-be57-ad3bda4cb5c6___FREC_Scab 3243.JPG,scab,g0601,s_train
data/plantvillage/raw/color/Apple___Apple_scab/f50d9c8b-ffd4-47aa-aac1-46762c0b1a26___FREC_Scab 3483.JPG,scab,g0602,s_test
data/plantvillage/raw/color/Apple___Apple_scab/f6144504-015b-426e-a967-0712cf7621e4___FREC_Scab 3420.JPG,scab,g0603,s_test
data/plantvillage/raw/color/Apple___Apple_scab/f684504f-ca6d-4f06-bb0e-2b296e3829b8___FREC_Scab 3314.JPG,scab,g0604,s_train
data/plantvillage/raw/color/Apple___Apple_scab/f6946261-1a18-4306-ba87-ca25344d9bd2___FREC_Scab 3525.JPG,scab,g0605,s_reliability
data/plantvillage/raw/color/Apple___Apple_scab/f777466d-15ee-4269-b90c-0d64bd099c0f___FREC_Scab 3409.JPG,scab,g0606,s_train
data/plantvillage/raw/color/Apple___Apple_scab/f79134e9-f8b2-4855-96bd-6b3ce814b32a___FREC_Scab 3116.JPG,scab,g0607,s_val
data/plantvillage/raw/color/Apple___Apple_scab/f79c50ef-d89d-4371-b581-810b37eb2ac9___FREC_Scab 3255.JPG,scab,g0608,s_reliability
data/plantvillage/raw/color/Apple___Apple_scab/f7c4bd45-5098-4b2c-bbfb-2e47c8f2d711___FREC_Scab 3361.JPG,scab,g0385,s_train
data/plantvillage/raw/color/Apple___Apple_scab/f887b059-f797-442d-b2b6-a9cab0f76f43___FREC_Scab 3169.JPG,scab,g0609,s_test
data/plantvillage/raw/color/Apple___Apple_scab/f8e48799-c566-4b86-b7c8-a0e290fb7f25___FREC_Scab 3167.JPG,scab,g0610,s_reliability
data/plantvillage/raw/color/Apple___Apple_scab/f8ef99d9-9d01-4aeb-9248-e8c312c9a981___FREC_Scab 3129.JPG,scab,g0611,s_calibration
data/plantvillage/raw/color/Apple___Apple_scab/f957b91b-878a-4f53-b8b5-a8bf7fa2c773___FREC_Scab 2970.JPG,scab,g0612,s_reliability
data/plantvillage/raw/color/Apple___Apple_scab/f96cb3b3-172a-44d8-9720-d6a3ed87ced9___FREC_Scab 3036.JPG,scab,g0613,s_reliability
data/plantvillage/raw/color/Apple___Apple_scab/f9e4b1bc-36b0-40df-bb48-4e6ed48ec8b5___FREC_Scab 3514.JPG,scab,g0614,s_train
data/plantvillage/raw/color/Apple___Apple_scab/fa9c1112-27fc-42db-930d-7e4956267ab5___FREC_Scab 3174.JPG,scab,g0615,s_train
data/plantvillage/raw/color/Apple___Apple_scab/fb911d9c-0445-4d0f-886e-50458b82d6c2___FREC_Scab 2972.JPG,scab,g0616,s_train
data/plantvillage/raw/color/Apple___Apple_scab/fb942296-ba33-40e5-ada0-6700365cf71d___FREC_Scab 2919.JPG,scab,g0617,s_calibration
data/plantvillage/raw/color/Apple___Apple_scab/fbd09d7f-e816-408a-946e-e4009ec8cae1___FREC_Scab 3289.JPG,scab,g0618,s_train
data/plantvillage/raw/color/Apple___Apple_scab/fc9c12dc-1bdb-402d-ada8-dc1b33c84d5b___FREC_Scab 2932.JPG,scab,g0619,s_calibration
data/plantvillage/raw/color/Apple___Apple_scab/fcb1ce1e-f60c-4a65-bfa4-157009760dad___FREC_Scab 3052.JPG,scab,g0620,s_val
data/plantvillage/raw/color/Apple___Apple_scab/fcd4d0fd-30c9-4b05-b0ea-ca74fd3cad72___FREC_Scab 3510.JPG,scab,g0621,s_calibration
data/plantvillage/raw/color/Apple___Apple_scab/fcee4ece-01ce-45aa-a0f1-f20aa2ec8efb___FREC_Scab 3325.JPG,scab,g0622,s_train
data/plantvillage/raw/color/Apple___Apple_scab/fd3ae59f-e06e-403b-b317-83ee68aa9ea7___FREC_Scab 3492.JPG,scab,g0623,s_reliability
data/plantvillage/raw/color/Apple___Apple_scab/fd5a96b7-6623-41cc-b34c-3b940ea27286___FREC_Scab 3013.JPG,scab,g0624,s_val
data/plantvillage/raw/color/Apple___Apple_scab/fdc58f83-8a94-4f0c-aefe-c6f2b5028682___FREC_Scab 3014.JPG,scab,g0625,s_reliability
data/plantvillage/raw/color/Apple___Apple_scab/fed05dda-1d4d-4de4-bbf2-517640b3c999___FREC_Scab 3446.JPG,scab,g0626,s_calibration
data/plantvillage/raw/color/Apple___Apple_scab/ff99efdc-a9f8-4360-9c64-f8274f456be5___FREC_Scab 3161.JPG,scab,g0627,s_test
data/plantvillage/raw/color/Apple___Cedar_apple_rust/025b2b9a-0ec4-4132-96ac-7f2832d0db4a___FREC_C.Rust 3655.JPG,rust,g0628,s_calibration
data/plantvillage/raw/color/Apple___Cedar_apple_rust/0321e067-d13b-47d0-b3a6-76ba6f357d02___FREC_C.Rust 3667.JPG,rust,g0629,s_reliability
data/plantvillage/raw/color/Apple___Cedar_apple_rust/0340baaa-e9cc-4c04-8f9b-c204180d9ae3___FREC_C.Rust 3805.JPG,rust,g0630,s_val
data/plantvillage/raw/color/Apple___Cedar_apple_rust/04da297e-5238-41b1-a8a0-0c87c6c2f21f___FREC_C.Rust 4394.JPG,rust,g0631,s_calibration
data/plantvillage/raw/color/Apple___Cedar_apple_rust/052e3deb-0499-4685-bc39-cea7f1df0700___FREC_C.Rust 3742.JPG,rust,g0632,s_train
data/plantvillage/raw/color/Apple___Cedar_apple_rust/064b14b5-af1b-4bcf-afe7-a061e5669dbb___FREC_C.Rust 9839.JPG,rust,g0633,s_train
data/plantvillage/raw/color/Apple___Cedar_apple_rust/072f23fb-0b1a-43b9-a548-3981120ff33c___FREC_C.Rust 0133.JPG,rust,g0634,s_val
data/plantvillage/raw/color/Apple___Cedar_apple_rust/09239528-a0a0-4a2d-af03-c5d5f7a27710___FREC_C.Rust 4024.JPG,rust,g0635,s_calibration
data/plantvillage/raw/color/Apple___Cedar_apple_rust/097f37e1-d490-42e6-84d2-51e5385bf886___FREC_C.Rust 9861.JPG,rust,g0636,s_train
data/plantvillage/raw/color/Apple___Cedar_apple_rust/0a41c25a-f9a6-4c34-8e5c-7f89a6ac4c40___FREC_C.Rust 9807.JPG,rust,g0637,s_reliability
data/plantvillage/raw/color/Apple___Cedar_apple_rust/0cd24b0c-0a9d-483f-8734-5c08988e029f___FREC_C.Rust 3762.JPG,rust,g0638,s_val
data/plantvillage/raw/color/Apple___Cedar_apple_rust/0ce943e7-3fed-41cb-8430-0e0f54ff2bc4___FREC_C.Rust 0014.JPG,rust,g0639,s_train
data/plantvillage/raw/color/Apple___Cedar_apple_rust/0fbdccdc-fb96-475a-92bb-65734592c895___FREC_C.Rust 3619.JPG,rust,g0640,s_train
data/plantvillage/raw/color/Apple___Cedar_apple_rust/112cfc79-00ab-4920-a235-977c134bdb5d___FREC_C.Rust 4365.JPG,rust,g0641,s_train
data/plantvillage/raw/color/Apple___Cedar_apple_rust/11a41b2a-5bf3-458a-801c-0898dd280c1e___FREC_C.Rust 9874.JPG,rust,g0642,s_test
data/plantvillage/raw/color/Apple___Cedar_apple_rust/1440b8ad-ba66-44dc-aeff-13515fe5eb68___FREC_C.Rust 3816.JPG,rust,g0643,s_train
data/plantvillage/raw/color/Apple___Cedar_apple_rust/1798ac41-0f49-4007-9df5-7e41e3077e51___FREC_C.Rust 3656.JPG,rust,g0644,s_reliability
data/plantvillage/raw/color/Apple___Cedar_apple_rust/17b9f64c-4660-424f-9c8e-d9a49654e512___FREC_C.Rust 3776.JPG,rust,g0645,s_train
data/plantvillage/raw/color/Apple___Cedar_apple_rust/18ba5927-bf67-47ff-bdcf-11056e368b60___FREC_C.Rust 4258.JPG,rust,g0646,s_test
data/plantvillage/raw/color/Apple___Cedar_apple_rust/19335371-d443-4629-bb10-ef4e0b7215c0___FREC_C.Rust 0064.JPG,rust,g0647,s_test
data/plantvillage/raw/color/Apple___Cedar_apple_rust/1a67f47d-d35d-4c47-a336-af8ec6141113___FREC_C.Rust 4404.JPG,rust,g0648,s_val
data/plantvillage/raw/color/Apple___Cedar_apple_rust/1a69060b-e45e-4d95-881c-f6d1960dffcd___FREC_C.Rust 0065.JPG,rust,g0649,s_test
data/plantvillage/raw/color/Apple___Cedar_apple_rust/1a80b84d-1a5a-4e23-8deb-823ba928e29a___FREC_C.Rust 4431.JPG,rust,g0650,s_reliability
data/plantvillage/raw/color/Apple___Cedar_apple_rust/1b567c7d-1041-4240-a56c-8ea94e6252b4___FREC_C.Rust 4245.JPG,rust,g0651,s_train
data/plantvillage/raw/color/Apple___Cedar_apple_rust/1cfc6e73-1d86-4fb9-bffb-010163531711___FREC_C.Rust 3944.JPG,rust,g0652,s_train
data/plantvillage/raw/color/Apple___Cedar_apple_rust/1d4dee76-8af5-4bce-ba44-ef87ffd664de___FREC_C.Rust 3628.JPG,rust,g0653,s_train
data/plantvillage/raw/color/Apple___Cedar_apple_rust/1e099d8e-b40c-4cf3-bb52-4e77b5a2dc69___FREC_C.Rust 0155.JPG,rust,g0654,s_calibration
data/plantvillage/raw/color/Apple___Cedar_apple_rust/1ec3e679-2b1e-4243-9e62-67f8f04314b3___FREC_C.Rust 4328.JPG,rust,g0655,s_train
data/plantvillage/raw/color/Apple___Cedar_apple_rust/20ef08f2-96ae-4148-942c-3d7708cd94d8___FREC_C.Rust 9830.JPG,rust,g0656,s_reliability
data/plantvillage/raw/color/Apple___Cedar_apple_rust/23f6e0fa-3860-48a5-a3f4-4e64b54a3046___FREC_C.Rust 4336.JPG,rust,g0657,s_calibration
data/plantvillage/raw/color/Apple___Cedar_apple_rust/24f68f21-8edb-49df-b0f1-d75ac66631fd___FREC_C.Rust 9937.JPG,rust,g0658,s_test
data/plantvillage/raw/color/Apple___Cedar_apple_rust/252e347b-262e-4dd8-8d6d-852324d5bcfd___FREC_C.Rust 3841.JPG,rust,g0659,s_train
data/plantvillage/raw/color/Apple___Cedar_apple_rust/2770fd33-4612-4c09-80a7-dbac2ec8ff82___FREC_C.Rust 4049.JPG,rust,g0660,s_test
data/plantvillage/raw/color/Apple___Cedar_apple_rust/27d7abba-647b-4f0c-aa4a-3978dccd4f5b___FREC_C.Rust 4092.JPG,rust,g0661,s_train
data/plantvillage/raw/color/Apple___Cedar_apple_rust/2824df6c-6e1e-4dc5-9035-098c32988662___FREC_C.Rust 4292.JPG,rust,g0662,s_train
data/plantvillage/raw/color/Apple___Cedar_apple_rust/290ad123-7702-4219-9773-17e07f22438c___FREC_C.Rust 4444.JPG,rust,g0663,s_test
data/plantvillage/raw/color/Apple___Cedar_apple_rust/2a6fe192-977f-482c-8af7-3465448920f4___FREC_C.Rust 9919.JPG,rust,g0664,s_train
data/plantvillage/raw/color/Apple___Cedar_apple_rust/2ac8d689-f30a-4eee-a856-86c92f8dcbd2___FREC_C.Rust 3952.JPG,rust,g0665,s_reliability
data/plantvillage/raw/color/Apple___Cedar_apple_rust/2af1177b-1a2f-4dbe-b7f1-93118342d44e___FREC_C.Rust 0036.JPG,rust,g0666,s_train
data/plantvillage/raw/color/Apple___Cedar_apple_rust/2dd8a8e6-8774-49a9-a712-9fa6b9ef21f3___FREC_C.Rust 3594.JPG,rust,g0667,s_train
data/plantvillage/raw/color/Apple___Cedar_apple_rust/2ddde539-6c5f-4d76-8611-14761bb240de___FREC_C.Rust 3564.JPG,rust,g0668,s_reliability
data/plantvillage/raw/color/Apple___Cedar_apple_rust/30ae56d0-6974-4ad2-b4bf-486a97dcff5f___FREC_C.Rust 4088.JPG,rust,g0669,s_calibration
data/plantvillage/raw/color/Apple___Cedar_apple_rust/31cd0e16-01aa-442a-af4d-1162ac8a7b81___FREC_C.Rust 9889.JPG,rust,g0670,s_val
data/plantvillage/raw/color/Apple___Cedar_apple_rust/32ba7e2f-7ad8-480e-9f37-28469e6802af___FREC_C.Rust 9811.JPG,rust,g0671,s_train
data/plantvillage/raw/color/Apple___Cedar_apple_rust/3590e70d-8ab1-453d-ae81-0f77bdda3f60___FREC_C.Rust 3824.JPG,rust,g0672,s_calibration
data/plantvillage/raw/color/Apple___Cedar_apple_rust/3762c9a3-83db-44b7-88be-07c048ad293b___FREC_C.Rust 9945.JPG,rust,g0673,s_test
data/plantvillage/raw/color/Apple___Cedar_apple_rust/38395894-268c-4ae1-827d-679f97e1a262___FREC_C.Rust 3998.JPG,rust,g0674,s_train
data/plantvillage/raw/color/Apple___Cedar_apple_rust/39c00da9-396e-4bd3-8e4a-f701c11d4fa7___FREC_C.Rust 3907.JPG,rust,g0675,s_reliability
data/plantvillage/raw/color/Apple___Cedar_apple_rust/3b1e5132-71dd-4e75-b04a-513a3851ca02___FREC_C.Rust 4439.JPG,rust,g0676,s_train
data/plantvillage/raw/color/Apple___Cedar_apple_rust/3c412dc8-dbe2-43db-92ba-28ce72f835f6___FREC_C.Rust 9930.JPG,rust,g0677,s_train
data/plantvillage/raw/color/Apple___Cedar_apple_rust/3dc7b8db-79dd-4206-b3f0-7091d28475b2___FREC_C.Rust 0079.JPG,rust,g0678,s_train
data/plantvillage/raw/color/Apple___Cedar_apple_rust/3dcf5bf7-744a-439e-881b-10f73fd83616___FREC_C.Rust 3642.JPG,rust,g0679,s_test
data/plantvillage/raw/color/Apple___Cedar_apple_rust/3dde7bc6-90e6-4057-a1e7-c2580ccf03a2___FREC_C.Rust 0092.JPG,rust,g0680,s_test
data/plantvillage/raw/color/Apple___Cedar_apple_rust/3e123b1b-a57d-4689-8211-e270c19fd4a9___FREC_C.Rust 9962.JPG,rust,g0681,s_train
data/plantvillage/raw/color/Apple___Cedar_apple_rust/3e4303ad-6293-4522-821b-ef5dd3b658ce___FREC_C.Rust 3686.JPG,rust,g0682,s_train
data/plantvillage/raw/color/Apple___Cedar_apple_rust/3ea747af-ed9d-44f1-a8b6-61503adf0a4b___FREC_C.Rust 4174.JPG,rust,g0683,s_reliability
data/plantvillage/raw/color/Apple___Cedar_apple_rust/3ef85bf3-728f-46d7-95cc-a5bddf34db98___FREC_C.Rust 3885.JPG,rust,g0684,s_train
data/plantvillage/raw/color/Apple___Cedar_apple_rust/3f9bd33d-ceeb-49fa-8874-d9cc013ca018___FREC_C.Rust 4183.JPG,rust,g0685,s_calibration
data/plantvillage/raw/color/Apple___Cedar_apple_rust/3fb3806c-db88-491d-b9b0-191b3d5964cd___FREC_C.Rust 4130.JPG,rust,g0686,s_reliability
data/plantvillage/raw/color/Apple___Cedar_apple_rust/3fe25d8e-4497-49bd-b4e0-9c7dd3c3c6cd___FREC_C.Rust 9960.JPG,rust,g0687,s_test
data/plantvillage/raw/color/Apple___Cedar_apple_rust/402aad30-3914-4227-a9b4-4d40a49fae72___FREC_C.Rust 0230.JPG,rust,g0688,s_train
data/plantvillage/raw/color/Apple___Cedar_apple_rust/40761a05-eac1-44d2-b543-7e83ee6507ba___FREC_C.Rust 3556.JPG,rust,g0689,s_train
data/plantvillage/raw/color/Apple___Cedar_apple_rust/4134586e-a00a-4c53-8f8d-c275ef0d5f5f___FREC_C.Rust 3676.JPG,rust,g0690,s_val
data/plantvillage/raw/color/Apple___Cedar_apple_rust/42bbd61a-bfa0-4adf-a064-407165f70ecf___FREC_C.Rust 4199.JPG,rust,g0691,s_train
data/plantvillage/raw/color/Apple___Cedar_apple_rust/43850a33-b2c2-4d67-aa90-685f8f76da3a___FREC_C.Rust 3664.JPG,rust,g0692,s_train
data/plantvillage/raw/color/Apple___Cedar_apple_rust/4444fa5c-3ad7-49cf-9384-8686b691e4b8___FREC_C.Rust 3600.JPG,rust,g0693,s_train
data/plantvillage/raw/color/Apple___Cedar_apple_rust/4485494e-e310-49b5-9ca8-73608ec4e83c___FREC_C.Rust 3631.JPG,rust,g0694,s_calibration
data/plantvillage/raw/color/Apple___Cedar_apple_rust/46597071-9826-4f76-b853-083b76c5ef63___FREC_C.Rust 3666.JPG,rust,g0695,s_reliability
data/plantvillage/raw/color/Apple___Cedar_apple_rust/46aef257-999e-4158-9107-c5f5c7c8016a___FREC_C.Rust 4147.JPG,rust,g0696,s_reliability
data/plantvillage/raw/color/Apple___Cedar_apple_rust/46b6b57e-9c90-4de7-9fb1-b8b674d51f38___FREC_C.Rust 9857.JPG,rust,g0697,s_reliability
data/plantvillage/raw/color/Apple___Cedar_apple_rust/492e83ef-7407-42f1-a0e2-e272cf1cdbc1___FREC_C.Rust 0024.JPG,rust,g0698,s_reliability
data/plantvillage/raw/color/Apple___Cedar_apple_rust/4abb2c64-458c-473b-bbe4-4b9bc69cd035___FREC_C.Rust 9974.JPG,rust,g0699,s_calibration
data/plantvillage/raw/color/Apple___Cedar_apple_rust/4bd5f28f-beb3-4b27-b4f1-7e94b332ef93___FREC_C.Rust 9932.JPG,rust,g0700,s_train
data/plantvillage/raw/color/Apple___Cedar_apple_rust/4d7f4b74-59f6-431e-afa3-6fbbb9ac90ea___FREC_C.Rust 0145.JPG,rust,g0701,s_test
data/plantvillage/raw/color/Apple___Cedar_apple_rust/4dc8e2a8-4374-488a-afc6-fd0ea7f15c88___FREC_C.Rust 3991.JPG,rust,g0702,s_train
data/plantvillage/raw/color/Apple___Cedar_apple_rust/4ddf4752-f02c-40ae-a2a8-19095f07137d___FREC_C.Rust 3733.JPG,rust,g0703,s_train
data/plantvillage/raw/color/Apple___Cedar_apple_rust/4e469367-da28-4b4b-a06e-18d64f0433bc___FREC_C.Rust 4014.JPG,rust,g0704,s_train
data/plantvillage/raw/color/Apple___Cedar_apple_rust/4e6676b6-154c-4f7d-a355-bcc00a397c3d___FREC_C.Rust 9853.JPG,rust,g0705,s_train
data/plantvillage/raw/color/Apple___Cedar_apple_rust/4fd1cebf-96dd-4786-b1df-021dac153ca7___FREC_C.Rust 9953.JPG,rust,g0706,s_train
data/plantvillage/raw/color/Apple___Cedar_apple_rust/4fe22d35-3e93-414a-83fc-1be230cec721___FREC_C.Rust 4424.JPG,rust,g0707,s_train
data/plantvillage/raw/color/Apple___Cedar_apple_rust/503fa8ad-36cc-41ea-997c-d61727a7677c___FREC_C.Rust 3842.JPG,rust,g0708,s_train
data/plantvillage/raw/color/Apple___Cedar_apple_rust/5069c246-1254-4396-a0f3-11bb6becd234___FREC_C.Rust 9868.JPG,rust,g0709,s_test
data/plantvillage/raw/color/Apple___Cedar_apple_rust/5271addc-c445-4af1-ba68-318c7b509e1f___FREC_C.Rust 3585.JPG,rust,g0710,s_reliability
data/plantvillage/raw/color/Apple___Cedar_apple_rust/5367e167-14f3-4d65-bd93-4c4b693e0bc7___FREC_C.Rust 4109.JPG,rust,g0711,s_calibration
data/plantvillage/raw/color/Apple___Cedar_apple_rust/54f60420-248f-41f6-be1a-a0be7936005f___FREC_C.Rust 3801.JPG,rust,g0712,s_train
data/plantvillage/raw/color/Apple___Cedar_apple_rust/56cc0223-46b0-44d3-ba43-66d3def44f1d___FREC_C.Rust 3834.JPG,rust,g0713,s_train
data/plantvillage/raw/color/Apple___Cedar_apple_rust/57a522fe-b1f4-47e0-9b4c-b30635b402f7___FREC_C.Rust 4226.JPG,rust,g0714,s_test
data/plantvillage/raw/color/Apple___Cedar_apple_rust/57be14d8-a24b-4354-acce-98b3a47f4512___FREC_C.Rust 4057.JPG,rust,g0715,s_train
data/plantvillage/raw/color/Apple___Cedar_apple_rust/58c70126-b289-441f-a608-eff6a2df3762___FREC_C.Rust 3654.JPG,rust,g0716,s_calibration
data/plantvillage/raw/color/Apple___Cedar_apple_rust/5b047b56-77e8-4bbd-8b5c-7c72821b50f0___FREC_C.Rust 0101.JPG,rust,g0717,s_train
data/plantvillage/raw/color/Apple___Cedar_apple_rust/5b0cb1a1-e3ef-4503-8833-a8b013ab6e92___FREC_C.Rust 3599.JPG,rust,g0718,s_train
data/plantvillage/raw/color/Apple___Cedar_apple_rust/5b1f2adb-5065-4b7f-8b51-bc5695ad5ebb___FREC_C.Rust 9802.JPG,rust,g0719,s_train
data/plantvillage/raw/color/Apple___Cedar_apple_rust/5ba35826-8831-4638-a443-5c28f80c4de8___FREC_C.Rust 0212.JPG,rust,g0720,s_calibration
data/plantvillage/raw/color/Apple___Cedar_apple_rust/5c2677da-56e7-47bc-bc21-31a1db9ff5bf___FREC_C.Rust 9799.JPG,rust,g0721,s_reliability
data/plantvillage/raw/color/Apple___Cedar_apple_rust/5c9da5f6-93f9-4fba-8adc-49a6392a7467___FREC_C.Rust 3909.JPG,rust,g0722,s_test
data/plantvillage/raw/color/Apple___Cedar_apple_rust/5cc20b25-edc1-4ec9-afc8-c19a5ef1cfda___FREC_C.Rust 3540.JPG,rust,g0723,s_val
data/plantvillage/raw/color/Apple___Cedar_apple_rust/5d4e82f2-d720-45fa-b913-13773583ee0f___FREC_C.Rust 4181.JPG,rust,g0724,s_train
data/plantvillage/raw/color/Apple___Cedar_apple_rust/5d85daec-3dd3-4c35-aceb-2a9cf0eb87ad___FREC_C.Rust 3710.JPG,rust,g0725,s_train
data/plantvillage/raw/color/Apple___Cedar_apple_rust/5eba8ca8-b4f7-4f49-9481-9703adc53678___FREC_C.Rust 3732.JPG,rust,g0726,s_val
data/plantvillage/raw/color/Apple___Cedar_apple_rust/60ecab05-90df-45d5-8a50-edb8635aac87___FREC_C.Rust 4155.JPG,rust,g0727,s_reliability
data/plantvillage/raw/color/Apple___Cedar_apple_rust/669c0bde-c75a-4495-92ea-e7d6be6de1bc___FREC_C.Rust 4410.JPG,rust,g0728,s_train
data/plantvillage/raw/color/Apple___Cedar_apple_rust/68a4878f-c220-49ff-a858-5b026e56e7b0___FREC_C.Rust 9844.JPG,rust,g0729,s_test
data/plantvillage/raw/color/Apple___Cedar_apple_rust/69561ee3-9a1f-42cd-a2fc-f3f06102747c___FREC_C.Rust 0190.JPG,rust,g0730,s_val
data/plantvillage/raw/color/Apple___Cedar_apple_rust/69ceb6f0-6e63-4676-90a6-288ae97b0c2f___FREC_C.Rust 0107.JPG,rust,g0731,s_train
data/plantvillage/raw/color/Apple___Cedar_apple_rust/6a858b72-4061-4fa1-a83d-04d83f83ad77___FREC_C.Rust 4281.JPG,rust,g0732,s_train
data/plantvillage/raw/color/Apple___Cedar_apple_rust/6b9f9f65-4359-40a4-bdba-3db5057489f4___FREC_C.Rust 3748.JPG,rust,g0733,s_test
data/plantvillage/raw/color/Apple___Cedar_apple_rust/6ddafe85-27e6-4ca2-915f-2db6015cdf29___FREC_C.Rust 3983.JPG,rust,g0734,s_calibration
data/plantvillage/raw/color/Apple___Cedar_apple_rust/6fa42fea-4fcd-4cfe-bfbd-c03ee2d7bb3f___FREC_C.Rust 0163.JPG,rust,g0735,s_train
data/plantvillage/raw/color/Apple___Cedar_apple_rust/6fe0e179-4491-4257-a1d3-9cff9e9e2d27___FREC_C.Rust 0225.JPG,rust,g0736,s_reliability
data/plantvillage/raw/color/Apple___Cedar_apple_rust/70190de6-c93f-4b1e-9c6d-19b0b424f42f___FREC_C.Rust 4315.JPG,rust,g0737,s_val
data/plantvillage/raw/color/Apple___Cedar_apple_rust/71c08a14-4875-40dc-b35c-8216951ffd8a___FREC_C.Rust 0195.JPG,rust,g0738,s_train
data/plantvillage/raw/color/Apple___Cedar_apple_rust/743ddf7b-a620-436d-b69b-125044a0d9fc___FREC_C.Rust 0037.JPG,rust,g0739,s_calibration
data/plantvillage/raw/color/Apple___Cedar_apple_rust/763123be-8a12-4d7a-8fa5-deff863b70f9___FREC_C.Rust 3691.JPG,rust,g0740,s_train
data/plantvillage/raw/color/Apple___Cedar_apple_rust/77f413dd-06cd-4e01-92f9-fdb8d0320b68___FREC_C.Rust 0089.JPG,rust,g0741,s_train
data/plantvillage/raw/color/Apple___Cedar_apple_rust/78821840-5d27-43ae-b830-c54e9f84432d___FREC_C.Rust 9891.JPG,rust,g0742,s_train
data/plantvillage/raw/color/Apple___Cedar_apple_rust/79e57aaf-f825-4818-9594-621327134e0b___FREC_C.Rust 4219.JPG,rust,g0743,s_train
data/plantvillage/raw/color/Apple___Cedar_apple_rust/7b2dd7f1-d16e-47b6-8750-cfaf315aad87___FREC_C.Rust 0109.JPG,rust,g0744,s_val
data/plantvillage/raw/color/Apple___Cedar_apple_rust/7ba80ce1-562a-404b-a8e9-273cd917081a___FREC_C.Rust 9833.JPG,rust,g0745,s_train
data/plantvillage/raw/color/Apple___Cedar_apple_rust/7c4829bb-fb00-42fc-b19f-1fc057aa61c3___FREC_C.Rust 9986.JPG,rust,g0746,s_train
data/plantvillage/raw/color/Apple___Cedar_apple_rust/7ca50f21-d7c4-4fab-90ab-daabd7dd960d___FREC_C.Rust 3913.JPG,rust,g0747,s_train
data/plantvillage/raw/color/Apple___Cedar_apple_rust/7ce07da8-973f-467f-98af-642a1ffbea04___FREC_C.Rust 4334.JPG,rust,g0748,s_test
data/plantvillage/raw/color/Apple___Cedar_apple_rust/7d3aae9a-3fdd-4b83-b41f-7dd3e0400986___FREC_C.Rust 3616.JPG,rust,g0749,s_train
data/plantvillage/raw/color/Apple___Cedar_apple_rust/7ddc6bbf-42d1-4c84-b695-88077058656f___FREC_C.Rust 4079.JPG,rust,g0750,s_val
data/plantvillage/raw/color/Apple___Cedar_apple_rust/7e32ce27-bc89-4fca-9f49-c50de91210d1___FREC_C.Rust 4425.JPG,rust,g0751,s_reliability
data/plantvillage/raw/color/Apple___Cedar_apple_rust/7e6e24dd-b8e6-4668-b4ae-a2480441bb78___FREC_C.Rust 3627.JPG,rust,g0752,s_train
data/plantvillage/raw/color/Apple___Cedar_apple_rust/809c7104-6f46-4117-8c8c-6d5491b2178d___FREC_C.Rust 3839.JPG,rust,g0753,s_train
data/plantvillage/raw/color/Apple___Cedar_apple_rust/81049e31-d2ea-4372-9865-c7f1479a513a___FREC_C.Rust 3833.JPG,rust,g0754,s_train
data/plantvillage/raw/color/Apple___Cedar_apple_rust/811b2953-8508-4327-944e-8d999211790c___FREC_C.Rust 3891.JPG,rust,g0755,s_reliability
data/plantvillage/raw/color/Apple___Cedar_apple_rust/821d427b-7aff-475c-8d76-6c984e09463f___FREC_C.Rust 3760.JPG,rust,g0756,s_reliability
data/plantvillage/raw/color/Apple___Cedar_apple_rust/82ecdc54-ded2-4767-b865-c1df8ac85eaf___FREC_C.Rust 0128.JPG,rust,g0757,s_val
data/plantvillage/raw/color/Apple___Cedar_apple_rust/8306d4f0-6a4f-4f02-86ca-72b1a950f420___FREC_C.Rust 0175.JPG,rust,g0758,s_reliability
data/plantvillage/raw/color/Apple___Cedar_apple_rust/83a6031c-8219-4f22-8476-530c6bb1ee31___FREC_C.Rust 3765.JPG,rust,g0759,s_train
data/plantvillage/raw/color/Apple___Cedar_apple_rust/848e865c-bdbb-41eb-a4d1-90f1d49d1d74___FREC_C.Rust 0067.JPG,rust,g0760,s_train
data/plantvillage/raw/color/Apple___Cedar_apple_rust/84eda310-5cbd-4de7-949d-471213cd0016___FREC_C.Rust 3679.JPG,rust,g0761,s_reliability
data/plantvillage/raw/color/Apple___Cedar_apple_rust/859d4241-7bfc-4ac1-825d-f129ce1bf2fe___FREC_C.Rust 3731.JPG,rust,g0762,s_calibration
data/plantvillage/raw/color/Apple___Cedar_apple_rust/85b2d11e-4682-4699-9196-fba13b6232d5___FREC_C.Rust 3718.JPG,rust,g0763,s_test
data/plantvillage/raw/color/Apple___Cedar_apple_rust/85c546e8-0e5c-4d84-9ec8-3ebb53942b98___FREC_C.Rust 9847.JPG,rust,g0764,s_train
data/plantvillage/raw/color/Apple___Cedar_apple_rust/85eb91f6-f8f0-438e-afbc-ca12551ee404___FREC_C.Rust 9884.JPG,rust,g0765,s_reliability
data/plantvillage/raw/color/Apple___Cedar_apple_rust/85f1b51d-ad5e-4ec2-a46b-2a9dade22e2a___FREC_C.Rust 9971.JPG,rust,g0766,s_train
data/plantvillage/raw/color/Apple___Cedar_apple_rust/87ea6ae6-eaf6-468d-85cd-cded92ba526f___FREC_C.Rust 9963.JPG,rust,g0767,s_test
data/plantvillage/raw/color/Apple___Cedar_apple_rust/8817af29-8b64-4fae-be6d-f05a2eed6b85___FREC_C.Rust 3695.JPG,rust,g0768,s_train
data/plantvillage/raw/color/Apple___Cedar_apple_rust/891545af-a393-4733-89a9-847a6da455ab___FREC_C.Rust 4182.JPG,rust,g0769,s_train
data/plantvillage/raw/color/Apple___Cedar_apple_rust/8a2c7dda-c639-47f2-8f10-3bd33d24a08e___FREC_C.Rust 3929.JPG,rust,g0770,s_val
data/plantvillage/raw/color/Apple___Cedar_apple_rust/8c16e58c-0272-4c95-a53c-1984bd6bb83e___FREC_C.Rust 0059.JPG,rust,g0771,s_train
data/plantvillage/raw/color/Apple___Cedar_apple_rust/8e4fc487-528e-4ff9-94dd-165332126018___FREC_C.Rust 9890.JPG,rust,g0772,s_train
data/plantvillage/raw/color/Apple___Cedar_apple_rust/8e50e865-0621-442a-945d-f402f328151b___FREC_C.Rust 3699.JPG,rust,g0773,s_val
data/plantvillage/raw/color/Apple___Cedar_apple_rust/8fd46690-5e57-47f6-8d99-235d4738411f___FREC_C.Rust 0074.JPG,rust,g0774,s_val
data/plantvillage/raw/color/Apple___Cedar_apple_rust/90355db8-e997-4ab6-a1a3-14aca5e55395___FREC_C.Rust 9907.JPG,rust,g0775,s_reliability
data/plantvillage/raw/color/Apple___Cedar_apple_rust/90a124ff-56a1-46be-bac4-0bd424599cbc___FREC_C.Rust 4300.JPG,rust,g0776,s_train
data/plantvillage/raw/color/Apple___Cedar_apple_rust/90bff1e0-f71d-4963-93cb-8a9a16f49e74___FREC_C.Rust 9939.JPG,rust,g0777,s_train
data/plantvillage/raw/color/Apple___Cedar_apple_rust/915ea730-231d-408d-baea-d2554d47bfa9___FREC_C.Rust 9809.JPG,rust,g0778,s_reliability
data/plantvillage/raw/color/Apple___Cedar_apple_rust/91ba83a7-5138-4cec-9fe4-e8729484836b___FREC_C.Rust 0058.JPG,rust,g0779,s_calibration
data/plantvillage/raw/color/Apple___Cedar_apple_rust/91c6f875-414d-4449-937c-488718a84921___FREC_C.Rust 3756.JPG,rust,g0780,s_train
data/plantvillage/raw/color/Apple___Cedar_apple_rust/9251881a-0cf0-48e1-80c5-562704abb40c___FREC_C.Rust 3681.JPG,rust,g0781,s_train
data/plantvillage/raw/color/Apple___Cedar_apple_rust/928e5ee5-6568-4e73-afbf-8251794d33a8___FREC_C.Rust 3747.JPG,rust,g0782,s_train
data/plantvillage/raw/color/Apple___Cedar_apple_rust/92d7ce46-da77-4c87-a58b-81a44b0a9a58___FREC_C.Rust 4351.JPG,rust,g0783,s_train
data/plantvillage/raw/color/Apple___Cedar_apple_rust/92f2fe26-624c-4620-8210-0e2ff92e594d___FREC_C.Rust 4354.JPG,rust,g0784,s_train
data/plantvillage/raw/color/Apple___Cedar_apple_rust/9360a196-fc3f-495e-ab9b-1803bcd87921___FREC_C.Rust 3818.JPG,rust,g0785,s_test
data/plantvillage/raw/color/Apple___Cedar_apple_rust/949d3f98-9992-4f2d-8384-a74d3e9a4ae8___FREC_C.Rust 0197.JPG,rust,g0786,s_train
data/plantvillage/raw/color/Apple___Cedar_apple_rust/94d6b99f-2ac4-4a88-823f-3c607358d057___FREC_C.Rust 9826.JPG,rust,g0787,s_val
data/plantvillage/raw/color/Apple___Cedar_apple_rust/96a1d021-2c27-46a0-9891-41e449e4910e___FREC_C.Rust 3610.JPG,rust,g0788,s_train
data/plantvillage/raw/color/Apple___Cedar_apple_rust/96bec7bd-9c12-4284-a298-d20379abb4a2___FREC_C.Rust 3815.JPG,rust,g0789,s_train
data/plantvillage/raw/color/Apple___Cedar_apple_rust/98db1965-ab83-41ac-bd9b-a029d42a236c___FREC_C.Rust 9878.JPG,rust,g0790,s_train
data/plantvillage/raw/color/Apple___Cedar_apple_rust/99efb674-1e97-4f94-978a-a87c24dde48a___FREC_C.Rust 9995.JPG,rust,g0791,s_val
data/plantvillage/raw/color/Apple___Cedar_apple_rust/99efeabc-dafd-45ca-8111-91ec6aae3a7b___FREC_C.Rust 4089.JPG,rust,g0792,s_calibration
data/plantvillage/raw/color/Apple___Cedar_apple_rust/9ace7aaf-8950-43b5-bafb-2c63f8839c20___FREC_C.Rust 9867.JPG,rust,g0793,s_train
data/plantvillage/raw/color/Apple___Cedar_apple_rust/9b3023a6-f35a-46b4-be98-022eb2ac42e4___FREC_C.Rust 9801.JPG,rust,g0794,s_calibration
data/plantvillage/raw/color/Apple___Cedar_apple_rust/9bbb97c5-a05b-4853-a30e-3b3ec1917067___FREC_C.Rust 3674.JPG,rust,g0795,s_train
data/plantvillage/raw/color/Apple___Cedar_apple_rust/9d03ec86-ab87-4193-8589-9cfeada9fe70___FREC_C.Rust 4442.JPG,rust,g0796,s_val
data/plantvillage/raw/color/Apple___Cedar_apple_rust/9dad463d-4f26-4fa5-b500-7b85613dbf46___FREC_C.Rust 9824.JPG,rust,g0797,s_train
data/plantvillage/raw/color/Apple___Cedar_apple_rust/9e83b384-97cc-4b00-a283-cbed301e876a___FREC_C.Rust 4052.JPG,rust,g0798,s_test
data/plantvillage/raw/color/Apple___Cedar_apple_rust/9ebff92f-999c-49d0-9235-6c98aaa63bbd___FREC_C.Rust 4206.JPG,rust,g0799,s_train
data/plantvillage/raw/color/Apple___Cedar_apple_rust/9f7d070e-f51d-4b14-86e4-6f059ea4eca7___FREC_C.Rust 0210.JPG,rust,g0800,s_train
data/plantvillage/raw/color/Apple___Cedar_apple_rust/9f8d81c0-6a20-47df-b52a-46820078fd74___FREC_C.Rust 3626.JPG,rust,g0801,s_train
data/plantvillage/raw/color/Apple___Cedar_apple_rust/a0277f94-ece7-4f93-8b26-adea371f0a32___FREC_C.Rust 9917.JPG,rust,g0802,s_val
data/plantvillage/raw/color/Apple___Cedar_apple_rust/a3141843-3628-45c2-ac01-5b1726744c6d___FREC_C.Rust 9906.JPG,rust,g0803,s_reliability
data/plantvillage/raw/color/Apple___Cedar_apple_rust/a39baf45-f09c-4b1f-a382-25c8f61f49c0___FREC_C.Rust 4123.JPG,rust,g0804,s_train
data/plantvillage/raw/color/Apple___Cedar_apple_rust/a3bfb6c7-1f1e-407a-a2cf-40b316896185___FREC_C.Rust 9819.JPG,rust,g0805,s_train
data/plantvillage/raw/color/Apple___Cedar_apple_rust/a4e8bc4c-4522-4a7d-b7c9-70c4b220561e___FREC_C.Rust 3570.JPG,rust,g0806,s_test
data/plantvillage/raw/color/Apple___Cedar_apple_rust/a523f082-e20a-40a4-b91a-6806b3794f29___FREC_C.Rust 3965.JPG,rust,g0807,s_train
data/plantvillage/raw/color/Apple___Cedar_apple_rust/a5644e1f-cc61-4ecc-a642-a39cb32cf157___FREC_C.Rust 4450.JPG,rust,g0808,s_test
data/plantvillage/raw/color/Apple___Cedar_apple_rust/a6ff61c5-74e4-48a5-b3c4-f8a80d3a1eca___FREC_C.Rust 4327.JPG,rust,g0809,s_train
data/plantvillage/raw/color/Apple___Cedar_apple_rust/a7918302-395d-4bd8-854b-b2a335f1cc3f___FREC_C.Rust 4075.JPG,rust,g0810,s_calibration
data/plantvillage/raw/color/Apple___Cedar_apple_rust/a88eb7c4-930a-448e-923e-bef22327fe25___FREC_C.Rust 0044.JPG,rust,g0811,s_train
data/plantvillage/raw/color/Apple___Cedar_apple_rust/a9c36955-73f5-43d5-9e1e-03672ed95b38___FREC_C.Rust 3893.JPG,rust,g0812,s_test
data/plantvillage/raw/color/Apple___Cedar_apple_rust/aa87fd23-a302-4e4e-80e7-18a261b17fd5___FREC_C.Rust 9989.JPG,rust,g0813,s_reliability
data/plantvillage/raw/color/Apple___Cedar_apple_rust/accd43fa-2496-47ad-a24b-81da9e5f82b7___FREC_C.Rust 3783.JPG,rust,g0814,s_reliability
data/plantvillage/raw/color/Apple___Cedar_apple_rust/ad8d7957-d361-44cd-ab49-f58e23870614___FREC_C.Rust 0110.JPG,rust,g0815,s_train
data/plantvillage/raw/color/Apple___Cedar_apple_rust/adc62175-3fb6-4273-81d2-818c75ba0ab1___FREC_C.Rust 0233.JPG,rust,g0816,s_train
data/plantvillage/raw/color/Apple___Cedar_apple_rust/af89cf7a-446b-4a39-b454-99a611c10ed2___FREC_C.Rust 3862.JPG,rust,g0817,s_calibration
data/plantvillage/raw/color/Apple___Cedar_apple_rust/affae282-693e-4078-b037-de7037ecdcdc___FREC_C.Rust 9909.JPG,rust,g0818,s_train
data/plantvillage/raw/color/Apple___Cedar_apple_rust/b14f7df6-7a6c-44e6-80a4-c0c11318a9a9___FREC_C.Rust 4260.JPG,rust,g0819,s_train
data/plantvillage/raw/color/Apple___Cedar_apple_rust/b1a2c1e8-e1a6-4d25-9d5b-1488e9d8b0ee___FREC_C.Rust 3938.JPG,rust,g0820,s_train
data/plantvillage/raw/color/Apple___Cedar_apple_rust/b20f66dd-3447-4d83-96d8-b63d03741f47___FREC_C.Rust 3621.JPG,rust,g0821,s_train
data/plantvillage/raw/color/Apple___Cedar_apple_rust/b2723e0b-7e61-48ae-b50e-0cee5d437cb3___FREC_C.Rust 3823.JPG,rust,g0822,s_train
data/plantvillage/raw/color/Apple___Cedar_apple_rust/b401cded-e2cb-4907-b475-5373142735d9___FREC_C.Rust 3766.JPG,rust,g0823,s_test
data/plantvillage/raw/color/Apple___Cedar_apple_rust/b5869aff-ad9c-4d28-8e57-c20e21d25c01___FREC_C.Rust 3561.JPG,rust,g0824,s_val
data/plantvillage/raw/color/Apple___Cedar_apple_rust/b5a75c29-c79a-4db0-8976-e33e48628ccb___FREC_C.Rust 9966.JPG,rust,g0825,s_test
data/plantvillage/raw/color/Apple___Cedar_apple_rust/b75430d8-c8a2-4620-9bbb-88c301cba700___FREC_C.Rust 4385.JPG,rust,g0826,s_calibration
data/plantvillage/raw/color/Apple___Cedar_apple_rust/b83383d6-f476-412f-b8b8-6965a795ef7b___FREC_C.Rust 3541.JPG,rust,g0827,s_test
data/plantvillage/raw/color/Apple___Cedar_apple_rust/b845075b-dbb8-4b69-bec2-36e99cee7f3c___FREC_C.Rust 4038.JPG,rust,g0828,s_reliability
data/plantvillage/raw/color/Apple___Cedar_apple_rust/b884b0a2-44bb-4bf5-b335-946b1757c822___FREC_C.Rust 3955.JPG,rust,g0829,s_train
data/plantvillage/raw/color/Apple___Cedar_apple_rust/bc863aa7-2cb6-44f1-b060-4cd78237d7a3___FREC_C.Rust 3566.JPG,rust,g0830,s_reliability
data/plantvillage/raw/color/Apple___Cedar_apple_rust/bcc248dc-0c65-46f0-b80e-bac2b8db5045___FREC_C.Rust 0013.JPG,rust,g0831,s_test
data/plantvillage/raw/color/Apple___Cedar_apple_rust/bd0ead39-9628-46b3-9feb-c3496af0ae8b___FREC_C.Rust 0015.JPG,rust,g0832,s_train
data/plantvillage/raw/color/Apple___Cedar_apple_rust/bdf1ac66-9dd3-4590-8e49-ee0e754a69f5___FREC_C.Rust 0151.JPG,rust,g0833,s_reliability
data/plantvillage/raw/color/Apple___Cedar_apple_rust/bee59bef-1155-40bd-97a3-8c600c33e6b5___FREC_C.Rust 0082.JPG,rust,g0834,s_val
data/plantvillage/raw/color/Apple___Cedar_apple_rust/c16bbb5c-bd59-4568-80a4-ac10eb488a4e___FREC_C.Rust 4274.JPG,rust,g0835,s_train
data/plantvillage/raw/color/Apple___Cedar_apple_rust/c1d81b03-9e29-4f99-813b-1a9578defbc8___FREC_C.Rust 3942.JPG,rust,g0836,s_calibration
data/plantvillage/raw/color/Apple___Cedar_apple_rust/c5912efe-a2cc-4203-bc9c-bdc58adcf6a3___FREC_C.Rust 9821.JPG,rust,g0837,s_train
data/plantvillage/raw/color/Apple___Cedar_apple_rust/c66745e3-7285-461a-959e-0f2f25b0e198___FREC_C.Rust 3746.JPG,rust,g0838,s_test
data/plantvillage/raw/color/Apple___Cedar_apple_rust/c8ef20c5-1117-4774-aeec-0f263f9f3b3c___FREC_C.Rust 3853.JPG,rust,g0839,s_train
data/plantvillage/raw/color/Apple___Cedar_apple_rust/c915957c-39df-4299-8061-f1f94293529a___FREC_C.Rust 3660.JPG,rust,g0840,s_train
data/plantvillage/raw/color/Apple___Cedar_apple_rust/cc887bc3-fb12-407d-9a11-d8f829e3d6a0___FREC_C.Rust 0127.JPG,rust,g0841,s_train
data/plantvillage/raw/color/Apple___Cedar_apple_rust/cdb4821f-1d1b-4f61-982f-2057ca1b7ecb___FREC_C.Rust 4270.JPG,rust,g0842,s_train
data/plantvillage/raw/color/Apple___Cedar_apple_rust/cf570118-397c-434d-b158-d3539dd12786___FREC_C.Rust 0122.JPG,rust,g0843,s_reliability
data/plantvillage/raw/color/Apple___Cedar_apple_rust/cf65a122-3455-40dc-8ba0-f6f71c4b0782___FREC_C.Rust 3673.JPG,rust,g0844,s_train
data/plantvillage/raw/color/Apple___Cedar_apple_rust/d2465b2c-5b95-4557-b086-211e6e7a73d2___FREC_C.Rust 0045.JPG,rust,g0845,s_test
data/plantvillage/raw/color/Apple___Cedar_apple_rust/d3df6ac8-4b20-460a-ad91-68e50d49078c___FREC_C.Rust 3879.JPG,rust,g0846,s_train
data/plantvillage/raw/color/Apple___Cedar_apple_rust/d4165e95-f43c-41e5-a177-cc5ad823b5b0___FREC_C.Rust 3781.JPG,rust,g0847,s_reliability
data/plantvillage/raw/color/Apple___Cedar_apple_rust/d4547913-b1ce-4620-b078-dbf24ea71764___FREC_C.Rust 4197.JPG,rust,g0848,s_train
data/plantvillage/raw/color/Apple___Cedar_apple_rust/d46c67aa-e05c-48f7-9287-fbc727396c9e___FREC_C.Rust 4036.JPG,rust,g0849,s_train
data/plantvillage/raw/color/Apple___Cedar_apple_rust/d4cda9ab-6b06-4551-ad3d-ee61dd78450a___FREC_C.Rust 3592.JPG,rust,g0850,s_train
data/plantvillage/raw/color/Apple___Cedar_apple_rust/d523dfa0-a337-44db-a994-669ac6e0a87c___FREC_C.Rust 4006.JPG,rust,g0851,s_train
data/plantvillage/raw/color/Apple___Cedar_apple_rust/d5839d69-9c98-4ea7-811b-03b40e7fc991___FREC_C.Rust 3869.JPG,rust,g0852,s_train
data/plantvillage/raw/color/Apple___Cedar_apple_rust/d58e68d2-a041-445c-8639-7359edd4827c___FREC_C.Rust 3558.JPG,rust,g0853,s_test
data/plantvillage/raw/color/Apple___Cedar_apple_rust/d5d4f65c-aeca-4965-82d4-05d179dfa92e___FREC_C.Rust 4382.JPG,rust,g0854,s_reliability
data/plantvillage/raw/color/Apple___Cedar_apple_rust/d6485527-aab0-463c-b895-64d7612f45f1___FREC_C.Rust 0144.JPG,rust,g0855,s_calibration
data/plantvillage/raw/color/Apple___Cedar_apple_rust/d64bd246-5ab0-4b1e-b522-3f69668214d1___FREC_C.Rust 4290.JPG,rust,g0856,s_train
data/plantvillage/raw/color/Apple___Cedar_apple_rust/d79cfdd6-fa8a-4a96-aa90-3c347bb9c800___FREC_C.Rust 4125.JPG,rust,g0857,s_test
data/plantvillage/raw/color/Apple___Cedar_apple_rust/d7fb4740-9707-484f-9809-b7efa8f7851d___FREC_C.Rust 4344.JPG,rust,g0858,s_test
data/plantvillage/raw/color/Apple___Cedar_apple_rust/d836e354-b8ec-4747-abb6-a92804c390b5___FREC_C.Rust 0023.JPG,rust,g0859,s_train
data/plantvillage/raw/color/Apple___Cedar_apple_rust/d9db24c6-22b7-4786-8cb9-a1a805fd9fc5___FREC_C.Rust 3803.JPG,rust,g0860,s_train
data/plantvillage/raw/color/Apple___Cedar_apple_rust/daf0438c-72e3-49af-b23a-50b0d136b18c___FREC_C.Rust 0182.JPG,rust,g0861,s_reliability
data/plantvillage/raw/color/Apple___Cedar_apple_rust/db3ca396-a1ed-416d-902e-9265335cf132___FREC_C.Rust 3711.JPG,rust,g0862,s_train
data/plantvillage/raw/color/Apple___Cedar_apple_rust/dc75b693-0cd6-4a48-b0a0-e442070df2cc___FREC_C.Rust 9951.JPG,rust,g0863,s_train
data/plantvillage/raw/color/Apple___Cedar_apple_rust/de0d25d1-eb08-4b9a-ac44-07d755d1fca0___FREC_C.Rust 9856.JPG,rust,g0864,s_calibration
data/plantvillage/raw/color/Apple___Cedar_apple_rust/de78e9f9-5e7f-47e2-b750-7d510e876bae___FREC_C.Rust 3611.JPG,rust,g0865,s_val
data/plantvillage/raw/color/Apple___Cedar_apple_rust/dec47754-abfe-496b-a310-47d1fbb077ba___FREC_C.Rust 9910.JPG,rust,g0866,s_reliability
data/plantvillage/raw/color/Apple___Cedar_apple_rust/dee4cbf1-9bdd-451a-b1bb-21756fd981e9___FREC_C.Rust 3727.JPG,rust,g0867,s_train
data/plantvillage/raw/color/Apple___Cedar_apple_rust/e0d2045f-215f-4aeb-be90-0859ce7c49cc___FREC_C.Rust 3613.JPG,rust,g0868,s_train
data/plantvillage/raw/color/Apple___Cedar_apple_rust/e1140e29-f2c5-43ca-b69c-981f278d0b86___FREC_C.Rust 3569.JPG,rust,g0869,s_val
data/plantvillage/raw/color/Apple___Cedar_apple_rust/e15e3b48-edda-485d-b5a0-0d876f441b73___FREC_C.Rust 3692.JPG,rust,g0870,s_test
data/plantvillage/raw/color/Apple___Cedar_apple_rust/e21f859e-9fee-43ee-a1ca-722c55885ad2___FREC_C.Rust 3852.JPG,rust,g0871,s_train
data/plantvillage/raw/color/Apple___Cedar_apple_rust/e4b8b876-3bfa-4e82-bb17-92293b4b5be8___FREC_C.Rust 4170.JPG,rust,g0872,s_test
data/plantvillage/raw/color/Apple___Cedar_apple_rust/e5521dec-ea35-479d-93be-38743927db53___FREC_C.Rust 4356.JPG,rust,g0873,s_train
data/plantvillage/raw/color/Apple___Cedar_apple_rust/e733b839-3fac-4c4e-ac1c-38fa89c1e739___FREC_C.Rust 3546.JPG,rust,g0874,s_calibration
data/plantvillage/raw/color/Apple___Cedar_apple_rust/e908463e-59ee-4eac-b1c9-4a79850030bc___FREC_C.Rust 9980.JPG,rust,g0875,s_reliability
data/plantvillage/raw/color/Apple___Cedar_apple_rust/e95a95f3-6650-4134-82fe-d6eae344b27d___FREC_C.Rust 3587.JPG,rust,g0876,s_train
data/plantvillage/raw/color/Apple___Cedar_apple_rust/ea119d19-1b3a-4767-af1d-e8b148a3bb8d___FREC_C.Rust 3579.JPG,rust,g0877,s_reliability
data/plantvillage/raw/color/Apple___Cedar_apple_rust/eb94b818-0cd7-4233-8315-1138c258eb88___FREC_C.Rust 0164.JPG,rust,g0878,s_train
data/plantvillage/raw/color/Apple___Cedar_apple_rust/ec8120c7-f9b9-4831-a7b3-242a9c22a17a___FREC_C.Rust 3720.JPG,rust,g0879,s_train
data/plantvillage/raw/color/Apple___Cedar_apple_rust/edf726ff-0eff-46a5-90d3-23badf249c46___FREC_C.Rust 9972.JPG,rust,g0880,s_val
data/plantvillage/raw/color/Apple___Cedar_apple_rust/ee625c73-927a-4959-ac97-d98a753ae99c___FREC_C.Rust 9904.JPG,rust,g0881,s_test
data/plantvillage/raw/color/Apple___Cedar_apple_rust/ee7229ad-03bd-4ca3-9814-ace05f041b4c___FREC_C.Rust 0187.JPG,rust,g0882,s_train
data/plantvillage/raw/color/Apple___Cedar_apple_rust/f02732b5-5250-4c05-80cf-fa68e71fee69___FREC_C.Rust 0234.JPG,rust,g0883,s_val
data/plantvillage/raw/color/Apple___Cedar_apple_rust/f0d04e6e-18c3-4c74-a56c-609b5035f358___FREC_C.Rust 4231.JPG,rust,g0884,s_test
data/plantvillage/raw/color/Apple___Cedar_apple_rust/f167b41b-c294-47e4-aed9-9ff7923176a5___FREC_C.Rust 3969.JPG,rust,g0885,s_train
data/plantvillage/raw/color/Apple___Cedar_apple_rust/f2c49716-d630-4dfa-8104-e98b8a9d7497___FREC_C.Rust 9897.JPG,rust,g0886,s_train
data/plantvillage/raw/color/Apple___Cedar_apple_rust/f416a057-5518-4df4-8c12-660cd636166c___FREC_C.Rust 4412.JPG,rust,g0887,s_train
data/plantvillage/raw/color/Apple___Cedar_apple_rust/f5a27cbb-be27-4416-b9ae-a811e885c131___FREC_C.Rust 3788.JPG,rust,g0888,s_test
data/plantvillage/raw/color/Apple___Cedar_apple_rust/f6af5eb5-6338-48a2-8b23-c7143b7f4a62___FREC_C.Rust 0016.JPG,rust,g0832,s_train
data/plantvillage/raw/color/Apple___Cedar_apple_rust/f90bff66-b339-4a6f-acf4-85ed13aebff8___FREC_C.Rust 9843.JPG,rust,g0889,s_val
data/plantvillage/raw/color/Apple___Cedar_apple_rust/fa148283-75ee-4806-8282-63662a2e05c1___FREC_C.Rust 4416.JPG,rust,g0890,s_train
data/plantvillage/raw/color/Apple___Cedar_apple_rust/fb11d069-d664-4666-ab51-3a7a4284e495___FREC_C.Rust 3791.JPG,rust,g0891,s_reliability
data/plantvillage/raw/color/Apple___Cedar_apple_rust/fb27b16c-4ac1-45e9-abd2-487a1a528fb0___FREC_C.Rust 0206.JPG,rust,g0892,s_reliability
data/plantvillage/raw/color/Apple___Cedar_apple_rust/fbf3ccdb-6130-47f3-b5e3-3d2726b4b5c7___FREC_C.Rust 4237.JPG,rust,g0893,s_train
data/plantvillage/raw/color/Apple___Cedar_apple_rust/fc170fda-2b0d-4b02-a569-fbe37a23264d___FREC_C.Rust 3704.JPG,rust,g0894,s_train
data/plantvillage/raw/color/Apple___Cedar_apple_rust/fc477749-2fe6-48a5-9393-5eedeb7cedc3___FREC_C.Rust 3826.JPG,rust,g0895,s_test
data/plantvillage/raw/color/Apple___Cedar_apple_rust/fcf12448-e50c-45a6-a70c-ea8a60ebb6ac___FREC_C.Rust 0204.JPG,rust,g0896,s_calibration
data/plantvillage/raw/color/Apple___Cedar_apple_rust/fcfc7057-7de6-466b-9f7e-9b767deaf266___FREC_C.Rust 3807.JPG,rust,g0897,s_train
data/plantvillage/raw/color/Apple___Cedar_apple_rust/fdaecc2c-c48c-447d-9cdc-5d52efdc979a___FREC_C.Rust 3858.JPG,rust,g0898,s_test
data/plantvillage/raw/color/Apple___Cedar_apple_rust/fe8e7208-9986-428c-abff-98da6ba8809a___FREC_C.Rust 4161.JPG,rust,g0899,s_train
data/plantvillage/raw/color/Apple___Cedar_apple_rust/fec27618-f75c-4a6e-b2e7-d290fcb5b9bd___FREC_C.Rust 3550.JPG,rust,g0900,s_train
data/plantvillage/raw/color/Apple___Cedar_apple_rust/ffd73dc5-8b5b-4d7b-b44d-640ae3489190___FREC_C.Rust 9944.JPG,rust,g0901,s_val
data/plantvillage/raw/color/Apple___healthy/0055dd26-23a7-4415-ac61-e0b44ebfaf80___RS_HL 5672.JPG,healthy,g0902,s_reliability
data/plantvillage/raw/color/Apple___healthy/00907d8b-6ae6-4306-bfd7-d54471981a86___RS_HL 5709.JPG,healthy,g0903,s_val
data/plantvillage/raw/color/Apple___healthy/0098dbd9-286a-4d6a-bf4b-5459d66f88c0___RS_HL 5776.JPG,healthy,g0904,s_test
data/plantvillage/raw/color/Apple___healthy/00a6039c-e425-4f7d-81b1-d6b0e668517e___RS_HL 7669.JPG,healthy,g0905,s_reliability
data/plantvillage/raw/color/Apple___healthy/00fca0da-2db3-481b-b98a-9b67bb7b105c___RS_HL 7708.JPG,healthy,g0906,s_val
data/plantvillage/raw/color/Apple___healthy/010125c0-e6f2-4f3d-b469-dd98ffecbb01___RS_HL 7948.JPG,healthy,g0907,s_train
data/plantvillage/raw/color/Apple___healthy/011d02f3-5c3c-4484-a384-b1a0a0dbdec1___RS_HL 7544.JPG,healthy,g0908,s_reliability
data/plantvillage/raw/color/Apple___healthy/013b7c70-5e3b-42b7-86af-167815a5b04f___RS_HL 7480.JPG,healthy,g0909,s_train
data/plantvillage/raw/color/Apple___healthy/017fd21b-142f-4988-849a-5fd316ea9a1b___RS_HL 6279.JPG,healthy,g0910,s_train
data/plantvillage/raw/color/Apple___healthy/0181db4e-718e-41bc-b6ed-92863471fa85___RS_HL 5941.JPG,healthy,g0911,s_train
data/plantvillage/raw/color/Apple___healthy/0199bffc-baee-499f-8e03-5dadb8b671be___RS_HL 8042.JPG,healthy,g0912,s_train
data/plantvillage/raw/color/Apple___healthy/01b32971-5125-4982-98e2-22daa9ae864a___RS_HL 7977.JPG,healthy,g0913,s_val
data/plantvillage/raw/color/Apple___healthy/01efa999-757d-487e-8250-27c7854c0ca8___RS_HL 7515.JPG,healthy,g0914,s_reliability
data/plantvillage/raw/color/Apple___healthy/022b515d-41fd-448e-abac-e8722c32d864___RS_HL 8131.JPG,healthy,g0915,s_reliability
data/plantvillage/raw/color/Apple___healthy/023810b0-18e6-4352-9dfa-c2f4c034cda5___RS_HL 7538.JPG,healthy,g0916,s_val
data/plantvillage/raw/color/Apple___healthy/02720439-ecbd-4c7a-9382-4c8156b6f15b___RS_HL 5918.JPG,healthy,g0917,s_train
data/plantvillage/raw/color/Apple___healthy/02847045-4405-467c-9ccb-7ba2ab1d574c___RS_HL 5943.JPG,healthy,g0918,s_val
data/plantvillage/raw/color/Apple___healthy/02a0f44c-9cbe-4a2e-9710-296692635ec6___RS_HL 5789.JPG,healthy,g0919,s_train
data/plantvillage/raw/color/Apple___healthy/02cd3257-a42f-4fbc-8056-a41d5aabfbc3___RS_HL 8029.JPG,healthy,g0920,s_train
data/plantvillage/raw/color/Apple___healthy/02d0257a-d21a-43a4-9348-472043df801e___RS_HL 6065.JPG,healthy,g0921,s_train
data/plantvillage/raw/color/Apple___healthy/02fe229e-2b2e-4e1e-b56f-3af97996bee6___RS_HL 8134.JPG,healthy,g0922,s_val
data/plantvillage/raw/color/Apple___healthy/03109942-bfa2-4728-b375-4f02a95957de___RS_HL 8066.JPG,healthy,g0923,s_train
data/plantvillage/raw/color/Apple___healthy/03152113-855b-4eab-8a4f-7d78d92240d0___RS_HL 5838.JPG,healthy,g0924,s_train
data/plantvillage/raw/color/Apple___healthy/036e9351-118e-4795-9f80-74c369b98c88___RS_HL 7513.JPG,healthy,g0925,s_test
data/plantvillage/raw/color/Apple___healthy/039d297c-374b-47cd-bed1-a94ac757eb8b___RS_HL 7612.JPG,healthy,g0926,s_train
data/plantvillage/raw/color/Apple___healthy/03aebf5c-6cca-40da-b61d-f3f83e1cbf9e___RS_HL 8080.JPG,healthy,g0927,s_train
data/plantvillage/raw/color/Apple___healthy/03cb0cf0-04cf-4549-a2b8-44ed75b2e56c___RS_HL 7460.JPG,healthy,g0928,s_train
data/plantvillage/raw/color/Apple___healthy/03d420e7-42a1-41d8-9600-16d577043c64___RS_HL 5738.JPG,healthy,g0929,s_reliability
data/plantvillage/raw/color/Apple___healthy/03d9267c-935a-487b-a27f-fa22f935b299___RS_HL 5671.JPG,healthy,g0930,s_train
data/plantvillage/raw/color/Apple___healthy/03f6a4b2-d08b-4f7f-8a8e-d132ff3eca8b___RS_HL 6226.JPG,healthy,g0931,s_val
data/plantvillage/raw/color/Apple___healthy/04032305-5ca9-4110-b517-461f13c95f18___RS_HL 7446.JPG,healthy,g0932,s_reliability
data/plantvillage/raw/color/Apple___healthy/04125537-801d-4e15-b66c-224b09b4e1a7___RS_HL 7457.JPG,healthy,g0933,s_reliability
data/plantvillage/raw/color/Apple___healthy/041482f6-6dd6-4ac9-9e59-e973c9bcaf6d___RS_HL 8155.JPG,healthy,g0934,s_train
data/plantvillage/raw/color/Apple___healthy/04467511-de12-439c-853f-ef4d99785541___RS_HL 7367.JPG,healthy,g0935,s_test
data/plantvillage/raw/color/Apple___healthy/044a96a2-d5ac-490b-8c57-2c1859cdf8f3___RS_HL 7991.JPG,healthy,g0936,s_train
data/plantvillage/raw/color/Apple___healthy/0460b7aa-4eb0-4c0b-80e5-055ced6684a3___RS_HL 6287.JPG,healthy,g0937,s_train
data/plantvillage/raw/color/Apple___healthy/04d4f065-5cb8-4122-b479-d1362d007276___RS_HL 7719.JPG,healthy,g0938,s_train
data/plantvillage/raw/color/Apple___healthy/04f426ce-8f6f-400a-94f9-c513255d2fa4___RS_HL 7823.JPG,healthy,g0939,s_test
data/plantvillage/raw/color/Apple___healthy/0576bbc4-37b3-413c-8a35-4138c2da69a7___RS_HL 8038.JPG,healthy,g0940,s_train
data/plantvillage/raw/color/Apple___healthy/0580ddaa-0221-4adc-8b64-8ce1842f5f07___RS_HL 6242.JPG,healthy,g0941,s_reliability
data/plantvillage/raw/color/Apple___healthy/05e20036-a134-46c0-a06f-3c5d4768d787___RS_HL 5856.JPG,healthy,g0942,s_test
data/plantvillage/raw/color/Apple___healthy/063d4c39-48ee-4c1a-903a-fe1d8da621e1___RS_HL 7694.JPG,healthy,g0943,s_test
data/plantvillage/raw/color/Apple___healthy/0646a42e-9fdd-4914-9879-50843fe1ac6d___RS_HL 6111.JPG,healthy,g0944,s_train
data/plantvillage/raw/color/Apple___healthy/0692eda2-32c3-4f9a-b249-bb8112356999___RS_HL 6307.JPG,healthy,g0945,s_train
data/plantvillage/raw/color/Apple___healthy/06b0742a-6d5d-40c6-a02e-ecaa7e1279f0___RS_HL 7639.JPG,healthy,g0946,s_train
data/plantvillage/raw/color/Apple___healthy/06c0c5f7-59cd-498b-8284-51290720a18d___RS_HL 7636.JPG,healthy,g0947,s_train
data/plantvillage/raw/color/Apple___healthy/06dad629-8898-4e90-bd0d-f1b34350b7a1___RS_HL 7387.JPG,healthy,g0948,s_train
data/plantvillage/raw/color/Apple___healthy/0756094c-e815-4897-8b74-5ec4e4cc59b6___RS_HL 7956.JPG,healthy,g0949,s_train
data/plantvillage/raw/color/Apple___healthy/076255ae-2574-415a-b9db-feb739266656___RS_HL 7540.JPG,healthy,g0950,s_test
data/plantvillage/raw/color/Apple___healthy/0776a839-af75-4f70-81b5-2c8dbecc0c55___RS_HL 7851.JPG,healthy,g0951,s_train
data/plantvillage/raw/color/Apple___healthy/07778a5c-8037-425f-aa83-d10b1e1d5db4___RS_HL 7269.JPG,healthy,g0952,s_reliability
data/plantvillage/raw/color/Apple___healthy/0793dfa6-3728-409b-a5dc-7f3c07528dde___RS_HL 7379.JPG,healthy,g0953,s_val
data/plantvillage/raw/color/Apple___healthy/07942abf-8326-4742-bcba-52ddba093974___RS_HL 5731.JPG,healthy,g0954,s_reliability
data/plantvillage/raw/color/Apple___healthy/079543ef-5ba8-46ad-95de-7c006c7e7f36___RS_HL 7570.JPG,healthy,g0955,s_train
data/plantvillage/raw/color/Apple___healthy/0802be25-38cf-4c85-bc3b-31988cafadcd___RS_HL 8084.JPG,healthy,g0956,s_calibration
data/plantvillage/raw/color/Apple___healthy/0872ffc6-d9db-4ba7-a2bf-1fb0f537cafb___RS_HL 6129.JPG,healthy,g0957,s_test
data/plantvillage/raw/color/Apple___healthy/08aaa4e8-ed92-49d3-9ac3-1f6c59740017___RS_HL 7701.JPG,healthy,g0958,s_train
data/plantvillage/raw/color/Apple___healthy/08da0395-feee-4f66-b88b-2fa171d9521d___RS_HL 7779.JPG,healthy,g0959,s_train
data/plantvillage/raw/color/Apple___healthy/08f0fe63-3c64-49a2-b413-c0de91abcafd___RS_HL 8008.JPG,healthy,g0960,s_train
data/plantvillage/raw/color/Apple___healthy/09074cd1-a3f0-4d64-97d9-16919451bd58___RS_HL 6258.JPG,healthy,g0961,s_train
data/plantvillage/raw/color/Apple___healthy/09293103-81bd-45ef-b3ce-d163441d6b18___RS_HL 7337.JPG,healthy,g0962,s_train
data/plantvillage/raw/color/Apple___healthy/09994dfa-4aab-4ada-9ef2-431d050e1e38___RS_HL 5658.JPG,healthy,g0963,s_reliability
data/plantvillage/raw/color/Apple___healthy/09ad370f-ca6e-48fc-9b4b-990b0d9f6cd3___RS_HL 8135.JPG,healthy,g0964,s_train
data/plantvillage/raw/color/Apple___healthy/09b428ff-8046-4c05-9dc3-991b58e4a649___RS_HL 7731.JPG,healthy,g0965,s_train
data/plantvillage/raw/color/Apple___healthy/0a02e8cb-b715-497f-a16a-c28b3409f927___RS_HL 7432.JPG,healthy,g0966,s_val
data/plantvillage/raw/color/Apple___healthy/0a285c8b-1c31-48d4-89f2-af8b9edc36f6___RS_HL 5759.JPG,healthy,g0967,s_train
data/plantvillage/raw/color/Apple___healthy/0a553fc0-fc2c-4598-baba-3bc10191447c___RS_HL 5969.JPG,healthy,g0968,s_train
data/plantvillage/raw/color/Apple___healthy/0adc1c5b-8958-47c0-a152-f28078c214f1___RS_HL 7825.JPG,healthy,g0969,s_train
data/plantvillage/raw/color/Apple___healthy/0afaaf78-6ec5-49ee-a070-f6217039ed2d___RS_HL 7827.JPG,healthy,g0970,s_train
data/plantvillage/raw/color/Apple___healthy/0b00a1a8-b525-4392-bb6c-3ffb7d824bee___RS_HL 7904.JPG,healthy,g0971,s_train
data/plantvillage/raw/color/Apple___healthy/0b6ec66f-fe63-4eef-8068-cf8ed0baf0de___RS_HL 7482.JPG,healthy,g0972,s_val
data/plantvillage/raw/color/Apple___healthy/0b91573d-d0f3-4e57-b7e5-e1924f537f0e___RS_HL 6216.JPG,healthy,g0973,s_train
data/plantvillage/raw/color/Apple___healthy/0bb2ddc5-d1f4-4fc2-be6b-6b63c60790df___RS_HL 7550.JPG,healthy,g0974,s_test
data/plantvillage/raw/color/Apple___healthy/0bc2127e-99b9-44ea-bb2b-4e1b0b0f7624___RS_HL 7777.JPG,healthy,g0975,s_reliability
data/plantvillage/raw/color/Apple___healthy/0bff693d-bab0-4438-9dac-e4503e5e83bb___RS_HL 5741.JPG,healthy,g0976,s_train
data/plantvillage/raw/color/Apple___healthy/0c056dd8-2040-48cf-a9a8-53d8ae5662d0___RS_HL 7987.JPG,healthy,g0977,s_test
data/plantvillage/raw/color/Apple___healthy/0c30f1f2-9eed-4861-bf66-eceae1b0b625___RS_HL 7430.JPG,healthy,g0978,s_reliability
data/plantvillage/raw/color/Apple___healthy/0c55b379-c6e7-4b89-959f-abc506fed437___RS_HL 5927.JPG,healthy,g0979,s_val
data/plantvillage/raw/color/Apple___healthy/0c83f4eb-4949-47c8-bf63-312d16e64913___RS_HL 7619.JPG,healthy,g0980,s_reliability
data/plantvillage/raw/color/Apple___healthy/0ca762d0-3853-4018-896e-8f01e29cb144___RS_HL 7558.JPG,healthy,g0981,s_test
data/plantvillage/raw/color/Apple___healthy/0ce497e6-8184-4ef6-9a9f-c46b66c898c3___RS_HL 6036.JPG,healthy,g0982,s_train
data/plantvillage/raw/color/Apple___healthy/0cfa2ddf-56d9-4f62-89a4-f74e220f1859___RS_HL 6196.JPG,healthy,g0983,s_train
data/plantvillage/raw/color/Apple___healthy/0d01a8a3-9faa-4a1f-afe0-be6bffa42056___RS_HL 6204.JPG,healthy,g0984,s_test
data/plantvillage/raw/color/Apple___healthy/0d072074-0253-4a6b-a4cb-02f520c46942___RS_HL 5805.JPG,healthy,g0985,s_test
data/plantvillage/raw/color/Apple___healthy/0d3fa72f-0441-45e8-b30f-a83904f48f99___RS_HL 6261.JPG,healthy,g0986,s_train
data/plantvillage/raw/color/Apple___healthy/0d6e0971-a3d3-4773-b694-b2161248fdaf___RS_HL 5836.JPG,healthy,g0987,s_test
data/plantvillage/raw/color/Apple___healthy/0d776b17-9724-44b9-9186-c89fd17bcf16___RS_HL 8073.JPG,healthy,g0988,s_train
data/plantvillage/raw/color/Apple___healthy/0da48999-25da-4373-8277-3718a8203d0a___RS_HL 8012.JPG,healthy,g0989,s_reliability
data/plantvillage/raw/color/Apple___healthy/0da8c59a-e54c-4408-ae3c-06d54608b20a___RS_HL 6236.JPG,healthy,g0990,s_reliability
data/plantvillage/raw/color/Apple___healthy/0e277198-95a0-4700-a7b0-f1881af2b1c0___RS_HL 7285.JPG,healthy,g0991,s_train
data/plantvillage/raw/color/Apple___healthy/0e3c0777-c214-4749-b8ae-4985274d2f9e___RS_HL 7984.JPG,healthy,g0992,s_reliability
data/plantvillage/raw/color/Apple___healthy/0e857e3d-34ff-4549-b8ef-4d699aacb178___RS_HL 7511.JPG,healthy,g0993,s_train
data/plantvillage/raw/color/Apple___healthy/0e8c4b90-36d4-4b8c-a134-88c344e97ac2___RS_HL 5721.JPG,healthy,g0994,s_train
data/plantvillage/raw/color/Apple___healthy/0e99efe9-d414-4091-b7b4-6ba6856db3d9___RS_HL 5841.JPG,healthy,g0995,s_test
data/plantvillage/raw/color/Apple___healthy/0e9d1f0c-19b3-4765-87cc-470413d16275___RS_HL 7637.JPG,healthy,g0996,s_calibration
data/plantvillage/raw/color/Apple___healthy/0eacfbb6-3d68-4a89-b8f8-6b2d328102af___RS_HL 7961.JPG,healthy,g0997,s_test
data/plantvillage/raw/color/Apple___healthy/0ebf06b5-7471-42d7-b8d6-5a53127f90f3___RS_HL 8163.JPG,healthy,g0998,s_reliability
data/plantvillage/raw/color/Apple___healthy/0ec3bd54-80a1-4dcd-9411-bcfafd147272___RS_HL 7534.JPG,healthy,g0999,s_train
data/plantvillage/raw/color/Apple___healthy/0eceac69-c7bf-4e9e-a249-7ae23dcf065f___RS_HL 5888.JPG,healthy,g1000,s_train
data/plantvillage/raw/color/Apple___healthy/0eeeccc7-f3fb-4b7a-90ec-750fbf10f7e6___RS_HL 6249.JPG,healthy,g1001,s_train
data/plantvillage/raw/color/Apple___healthy/0f33804a-5389-49cc-abb1-c414b243991b___RS_HL 7321.JPG,healthy,g1002,s_train
data/plantvillage/raw/color/Apple___healthy/0f56566e-6151-4ede-b10b-2b1f04f23659___RS_HL 7359.JPG,healthy,g1003,s_test
data/plantvillage/raw/color/Apple___healthy/0f5cb632-9b97-48ce-88d6-45bf321175ce___RS_HL 6088.JPG,healthy,g1004,s_train
data/plantvillage/raw/color/Apple___healthy/0f6184c4-18d9-42c5-93d7-e9c4abe85560___RS_HL 7286.JPG,healthy,g1005,s_val
data/plantvillage/raw/color/Apple___healthy/0f78db5b-0775-4132-b7d6-6a5eb5f4682a___RS_HL 6006.JPG,healthy,g1006,s_test
data/plantvillage/raw/color/Apple___healthy/0fef497f-8fc7-45ee-ad1c-f4e9237fdaf4___RS_HL 7283.JPG,healthy,g1007,s_train
data/plantvillage/raw/color/Apple___healthy/1017bf7f-5a1e-459e-af55-c9a0f83f1b23___RS_HL 5868.JPG,healthy,g1008,s_train
data/plantvillage/raw/color/Apple___healthy/101c9dba-0628-40fd-a4af-cb7f4848d414___RS_HL 7358.JPG,healthy,g1009,s_test
data/plantvillage/raw/color/Apple___healthy/10b8f12c-d16a-4fa0-b70a-5f066f6a1c5c___RS_HL 7312.JPG,healthy,g1010,s_test
data/plantvillage/raw/color/Apple___healthy/10f68987-caf7-4e29-aa26-b48e074212f4___RS_HL 6130.JPG,healthy,g1011,s_train
data/plantvillage/raw/color/Apple___healthy/10f75d05-fa3e-4b14-b3d8-093292c218e6___RS_HL 7873.JPG,healthy,g1012,s_reliability
data/plantvillage/raw/color/Apple___healthy/1116c1cc-48d8-4bb5-8349-099690ba0b0b___RS_HL 5980.JPG,healthy,g1013,s_train
data/plantvillage/raw/color/Apple___healthy/1141dcab-cf2a-40e4-8b19-a33aa318f875___RS_HL 5689.JPG,healthy,g1014,s_train
data/plantvillage/raw/color/Apple___healthy/115ce7f7-f1b1-4f24-a96f-07107c9e703c___RS_HL 5791.JPG,healthy,g1015,s_train
data/plantvillage/raw/color/Apple___healthy/11636fd2-75f3-40e5-99c4-777589bfc392___RS_HL 8203.JPG,healthy,g1016,s_test
data/plantvillage/raw/color/Apple___healthy/11749aa9-4b07-4cd8-8605-356de6d4cc68___RS_HL 7684.JPG,healthy,g1017,s_train
data/plantvillage/raw/color/Apple___healthy/118160af-d2a3-48ef-8134-cf72f0588cfe___RS_HL 7456.JPG,healthy,g1018,s_train
data/plantvillage/raw/color/Apple___healthy/11bc4ba3-5d5e-4b1e-a5e3-27122256864a___RS_HL 7371.JPG,healthy,g1019,s_val
data/plantvillage/raw/color/Apple___healthy/11beda66-01e9-4bfd-be37-c0f8646d1478___RS_HL 6271.JPG,healthy,g1020,s_train
data/plantvillage/raw/color/Apple___healthy/11c35e07-255e-42cf-b8e9-4533c35ce2c6___RS_HL 7500.JPG,healthy,g1021,s_val
data/plantvillage/raw/color/Apple___healthy/11dc8fb3-42f9-4d14-9e20-3252e18eb802___RS_HL 6278.JPG,healthy,g1022,s_train
data/plantvillage/raw/color/Apple___healthy/12253089-92a5-4a3d-b742-f554cc2a0fe0___RS_HL 5756.JPG,healthy,g1023,s_test
data/plantvillage/raw/color/Apple___healthy/122d2ed7-efb5-4a82-a6f0-74e9524e83ff___RS_HL 5702.JPG,healthy,g1024,s_reliability
data/plantvillage/raw/color/Apple___healthy/1230a95a-5f08-4fd6-b6e9-44c0c7b1fe8c___RS_HL 8092.JPG,healthy,g1025,s_reliability
data/plantvillage/raw/color/Apple___healthy/123de292-f902-404e-bfc9-3f248342f418___RS_HL 7542.JPG,healthy,g1026,s_val
data/plantvillage/raw/color/Apple___healthy/129abcae-51bd-43d9-9f30-c4e07523186a___RS_HL 7769.JPG,healthy,g1027,s_train
data/plantvillage/raw/color/Apple___healthy/12f455c2-a44e-4069-a8fb-b7bec17d23c1___RS_HL 5895.JPG,healthy,g1028,s_train
data/plantvillage/raw/color/Apple___healthy/130a93b4-92ca-4883-b003-37954a929dbf___RS_HL 7855.JPG,healthy,g1029,s_calibration
data/plantvillage/raw/color/Apple___healthy/13227870-bd81-48a1-97a0-8c5bcecef8f7___RS_HL 7452.JPG,healthy,g1030,s_train
data/plantvillage/raw/color/Apple___healthy/13298d36-4425-437d-ae8e-c7d70e200084___RS_HL 6271.JPG,healthy,g1020,s_train
data/plantvillage/raw/color/Apple___healthy/1331fd38-acdf-488f-a5db-8dfcecfa5690___RS_HL 7381.JPG,healthy,g1031,s_reliability
data/plantvillage/raw/color/Apple___healthy/133aae4b-64c8-4def-8f1d-cdc4e1bb73a7___RS_HL 6180.JPG,healthy,g1032,s_test
data/plantvillage/raw/color/Apple___healthy/1356ba06-a72d-480b-b9e5-7bc349d9e605___RS_HL 6208.JPG,healthy,g1033,s_reliability
data/plantvillage/raw/color/Apple___healthy/13575fc3-1674-4511-a124-2ed065f00cda___RS_HL 7351.JPG,healthy,g1034,s_train
data/plantvillage/raw/color/Apple___healthy/13866bf5-0193-41b4-8e26-cb09d35e8697___RS_HL 5945.JPG,healthy,g1035,s_train
data/plantvillage/raw/color/Apple___healthy/1398b04d-e259-418b-a5db-d4b20b7a3380___RS_HL 7536.JPG,healthy,g1036,s_test
data/plantvillage/raw/color/Apple___healthy/139cb003-2cc1-43ce-bbdf-29767f9e2ce0___RS_HL 7386.JPG,healthy,g1037,s_calibration
data/plantvillage/raw/color/Apple___healthy/139ff5a7-102b-4434-b540-eb6930e6d968___RS_HL 7910.JPG,healthy,g1038,s_train
data/plantvillage/raw/color/Apple___healthy/13a06d54-2bd9-4bd0-a260-1c193ac4caa8___RS_HL 6293.JPG,healthy,g1039,s_train
data/plantvillage/raw/color/Apple___healthy/13bbfa7e-e864-414e-a16b-cb08688604ae___RS_HL 6190.JPG,healthy,g1040,s_train
data/plantvillage/raw/color/Apple___healthy/13c8382b-ca6c-45f5-a6d0-acd67fb28651___RS_HL 7284.JPG,healthy,g1041,s_calibration
data/plantvillage/raw/color/Apple___healthy/13cdbdbe-be7f-463c-9085-9ae160412772___RS_HL 6286.JPG,healthy,g1042,s_val
data/plantvillage/raw/color/Apple___healthy/13dba956-2c74-400e-a2ac-b06baeee5e38___RS_HL 7571.JPG,healthy,g1043,s_val
data/plantvillage/raw/color/Apple___healthy/13ee12c2-f465-4e44-a81f-36695ded6955___RS_HL 7897.JPG,healthy,g1044,s_calibration
data/plantvillage/raw/color/Apple___healthy/14009d84-bca8-4054-b09d-7fd4241c74a6___RS_HL 7907.JPG,healthy,g1045,s_test
data/plantvillage/raw/color/Apple___healthy/14284447-1510-439f-bb04-8977e8fa8cbb___RS_HL 6257.JPG,healthy,g1046,s_train
data/plantvillage/raw/color/Apple___healthy/1477ac33-4284-4db3-9a91-dbd61e6183e3___RS_HL 8059.JPG,healthy,g1047,s_test
data/plantvillage/raw/color/Apple___healthy/14828181-53d0-4dfb-92b1-d7a52602f3cb___RS_HL 7517.JPG,healthy,g1048,s_val
data/plantvillage/raw/color/Apple___healthy/14896dc0-688d-456f-b5ec-a037695b0193___RS_HL 6268.JPG,healthy,g1049,s_train
data/plantvillage/raw/color/Apple___healthy/1490daeb-9cfb-4456-bb27-dd836f9e07a6___RS_HL 5959.JPG,healthy,g1050,s_test
data/plantvillage/raw/color/Apple___healthy/1495b096-6249-4f8c-b9e5-37e09fc21d1a___RS_HL 7716.JPG,healthy,g1051,s_reliability
data/plantvillage/raw/color/Apple___healthy/1497c20f-448a-48e2-9cf0-b4fc8cfa848a___RS_HL 6292.JPG,healthy,g1052,s_train
data/plantvillage/raw/color/Apple___healthy/14a71f70-0cd9-416c-88c9-5a76e0473e07___RS_HL 7884.JPG,healthy,g1053,s_train
data/plantvillage/raw/color/Apple___healthy/14bb032e-5462-40e4-9056-0e9c3eb47946___RS_HL 7301.JPG,healthy,g1054,s_test
data/plantvillage/raw/color/Apple___healthy/14c60de6-5641-4531-b2af-d1b767c28176___RS_HL 8161.JPG,healthy,g1055,s_train
data/plantvillage/raw/color/Apple___healthy/14c691eb-78de-417f-8832-93427151a6e1___RS_HL 8090.JPG,healthy,g1056,s_reliability
data/plantvillage/raw/color/Apple___healthy/14e92721-00a0-4696-9392-d3f633082454___RS_HL 5654.JPG,healthy,g1057,s_test
data/plantvillage/raw/color/Apple___healthy/153e84e2-1849-4cf6-96b7-a1507376d496___RS_HL 8198.JPG,healthy,g1058,s_train
data/plantvillage/raw/color/Apple___healthy/153ee5ec-b8c2-4dd1-9387-cb0e796f301b___RS_HL 7563.JPG,healthy,g1059,s_train
data/plantvillage/raw/color/Apple___healthy/1598eb2e-21c6-4fda-9080-945551c7f2ee___RS_HL 7501.JPG,healthy,g1060,s_test
data/plantvillage/raw/color/Apple___healthy/15a995e0-2e4a-486b-8509-db35d944ce6d___RS_HL 8086.JPG,healthy,g1061,s_train
data/plantvillage/raw/color/Apple___healthy/15ad1bbe-d6da-4b40-aa05-38d394273595___RS_HL 8046.JPG,healthy,g1062,s_train
data/plantvillage/raw/color/Apple___healthy/15b10e4e-2d9b-463e-85c0-d66ba29c5b49___RS_HL 7506.JPG,healthy,g1063,s_reliability
data/plantvillage/raw/color/Apple___healthy/15bacfc9-1875-48b3-9b91-8b60f030d7ca___RS_HL 7240.JPG,healthy,g1064,s_test
data/plantvillage/raw/color/Apple___healthy/1617e81b-190b-41e8-b258-cf432f65b7ab___RS_HL 6058.JPG,healthy,g1065,s_train
data/plantvillage/raw/color/Apple___healthy/1630633a-63cb-433f-96bc-bc47a933506c___RS_HL 5718.JPG,healthy,g1066,s_train
data/plantvillage/raw/color/Apple___healthy/1652d645-fb1b-4529-acbe-17093566cd2a___RS_HL 8074.JPG,healthy,g1067,s_reliability
data/plantvillage/raw/color/Apple___healthy/16590622-481b-4f63-ac18-7f590f6af49a___RS_HL 7846.JPG,healthy,g1068,s_train
data/plantvillage/raw/color/Apple___healthy/167f191e-491b-471a-8dc7-ba76315fef0a___RS_HL 7279.JPG,healthy,g1069,s_test
data/plantvillage/raw/color/Apple___healthy/167f64e6-c4c5-423b-8506-9b8210d5fd75___RS_HL 7926.JPG,healthy,g1070,s_train
data/plantvillage/raw/color/Apple___healthy/168d6d21-9d72-43c0-acca-b216f64ee87b___RS_HL 7942.JPG,healthy,g1071,s_test
data/plantvillage/raw/color/Apple___healthy/16b2b778-a864-496e-b292-3e9b4029902b___RS_HL 6178.JPG,healthy,g1072,s_train
data/plantvillage/raw/color/Apple___healthy/16f4ae2e-0592-4a9b-ba7d-df9db0cc04fc___RS_HL 7688.JPG,healthy,g1073,s_train
data/plantvillage/raw/color/Apple___healthy/176a0917-16d8-43c6-8698-1ae095282e66___RS_HL 7903.JPG,healthy,g1074,s_train
data/plantvillage/raw/color/Apple___healthy/177523d1-d9b9-4ba5-94b9-22d5832aa664___RS_HL 5762.JPG,healthy,g1075,s_test
data/plantvillage/raw/color/Apple___healthy/177ee310-d918-4756-ab59-f6f5a1b9e446___RS_HL 7740.JPG,healthy,g1076,s_train
data/plantvillage/raw/color/Apple___healthy/179ad6a1-385b-42a2-8232-538664869673___RS_HL 5771.JPG,healthy,g1077,s_reliability
data/plantvillage/raw/color/Apple___healthy/17af118c-a4aa-49c6-b31b-b7de49b58dfa___RS_HL 7557.JPG,healthy,g1078,s_train
data/plantvillage/raw/color/Apple___healthy/17e328e5-37ef-4f34-b610-092fdfbbb314___RS_HL 5915.JPG,healthy,g1079,s_test
data/plantvillage/raw/color/Apple___healthy/18121688-72a8-414a-8e36-43060cdebb22___RS_HL 5747.JPG,healthy,g1080,s_reliability
data/plantvillage/raw/color/Apple___healthy/181ce194-fdc9-4f0b-ae8d-0c621f723279___RS_HL 7487.JPG,healthy,g1081,s_train
data/plantvillage/raw/color/Apple___healthy/18571abd-0d3c-42de-a257-f46c1a6d1517___RS_HL 6126.JPG,healthy,g1082,s_val
data/plantvillage/raw/color/Apple___healthy/18873cb4-cf30-414d-9ffd-c965879d84b1___RS_HL 6239.JPG,healthy,g1083,s_train
data/plantvillage/raw/color/Apple___healthy/188d8d1c-a33a-4513-b97f-466135939339___RS_HL 8151.JPG,healthy,g1084,s_train
data/plantvillage/raw/color/Apple___healthy/189c5270-4ba6-4c14-bfb2-3a7dd4d3e7aa___RS_HL 5984.JPG,healthy,g1085,s_test
data/plantvillage/raw/color/Apple___healthy/18a10d55-e00c-4bb7-9ea6-d11bf0de070e___RS_HL 7252.JPG,healthy,g1086,s_train
data/plantvillage/raw/color/Apple___healthy/19331cca-70bd-47e9-8e0e-2b3ea81f2d1c___RS_HL 5655.JPG,healthy,g1087,s_test
data/plantvillage/raw/color/Apple___healthy/194c4f91-31be-425f-8ac9-698202cf507d___RS_HL 7470.JPG,healthy,g1088,s_test
data/plantvillage/raw/color/Apple___healthy/198ed991-931b-444a-986d-a3facdb8255b___RS_HL 8105.JPG,healthy,g1089,s_train
data/plantvillage/raw/color/Apple___healthy/19b3dc29-de7d-46e8-af14-7451d779f424___RS_HL 7373.JPG,healthy,g1090,s_test
data/plantvillage/raw/color/Apple___healthy/1a0ddafd-c52e-4ea1-ab34-a302cdc27be1___RS_HL 5785.JPG,healthy,g1091,s_test
data/plantvillage/raw/color/Apple___healthy/1a1937a5-c204-4bde-8f70-58b619125c88___RS_HL 7722.JPG,healthy,g1092,s_train
data/plantvillage/raw/color/Apple___healthy/1a219a0d-defa-4ed1-8878-e3f6aeac847b___RS_HL 6046.JPG,healthy,g1093,s_calibration
data/plantvillage/raw/color/Apple___healthy/1a593b62-fe23-462c-bf68-50f53f357609___RS_HL 6322.JPG,healthy,g1094,s_reliability
data/plantvillage/raw/color/Apple___healthy/1a905d2f-3b54-41b4-bab8-3c2b0845a91d___RS_HL 7958.JPG,healthy,g1095,s_calibration
data/plantvillage/raw/color/Apple___healthy/1aa82164-61f2-4baf-b99d-41f18f6e98cc___RS_HL 8087.JPG,healthy,g1096,s_train
data/plantvillage/raw/color/Apple___healthy/1aaa3665-febe-407c-8830-7919b093305e___RS_HL 7803.JPG,healthy,g1097,s_test
data/plantvillage/raw/color/Apple___healthy/1ab5e019-e5f0-4d8e-a252-94cb0aab8b0a___RS_HL 6269.JPG,healthy,g1098,s_train
data/plantvillage/raw/color/Apple___healthy/1ab74120-9cfd-47dd-9a80-ee37f2328be6___RS_HL 7667.JPG,healthy,g1099,s_test
data/plantvillage/raw/color/Apple___healthy/1b22388a-cf05-4795-892f-a5b6f35304d5___RS_HL 8141.JPG,healthy,g1100,s_reliability
data/plantvillage/raw/color/Apple___healthy/1b36926c-faee-4b6c-9f66-26d1377b9a78___RS_HL 7662.JPG,healthy,g1101,s_train
data/plantvillage/raw/color/Apple___healthy/1b7e4b68-0062-410d-a57f-48177145dfb6___RS_HL 7734.JPG,healthy,g1102,s_train
data/plantvillage/raw/color/Apple___healthy/1b9f5fe1-6d06-4ff6-a35d-3155f623e4fb___RS_HL 6228.JPG,healthy,g1103,s_test
data/plantvillage/raw/color/Apple___healthy/1c116208-4ef8-4b42-ba20-92c3b9ca957c___RS_HL 5885.JPG,healthy,g1104,s_reliability
data/plantvillage/raw/color/Apple___healthy/1c2b0674-384b-4cad-8704-80781a89d78a___RS_HL 5848.JPG,healthy,g1105,s_train
data/plantvillage/raw/color/Apple___healthy/1c2b51f1-5439-449a-9ca0-52dd158018fc___RS_HL 7998.JPG,healthy,g1106,s_calibration
data/plantvillage/raw/color/Apple___healthy/1c34397e-9b33-436e-83fc-bd42014fdfa6___RS_HL 5687.JPG,healthy,g1107,s_train
data/plantvillage/raw/color/Apple___healthy/1c45cf6f-2e2e-4091-9bc9-24463f9fcf90___RS_HL 5733.JPG,healthy,g1108,s_reliability
data/plantvillage/raw/color/Apple___healthy/1c807ca4-b6f5-4123-8d3b-cd44238df38d___RS_HL 6140.JPG,healthy,g1109,s_train
data/plantvillage/raw/color/Apple___healthy/1c85fc77-1843-4a85-8f21-107385d5873c___RS_HL 7272.JPG,healthy,g1110,s_reliability
data/plantvillage/raw/color/Apple___healthy/1cb890ab-c267-467f-abbc-be9023cb55ff___RS_HL 5667.JPG,healthy,g1111,s_reliability
data/plantvillage/raw/color/Apple___healthy/1cbe6aef-57d4-4f2a-b8fb-0375db7084d3___RS_HL 7356.JPG,healthy,g1112,s_reliability
data/plantvillage/raw/color/Apple___healthy/1cd322aa-2fdf-4e50-bb72-f9ebe031f385___RS_HL 7315.JPG,healthy,g1113,s_train
data/plantvillage/raw/color/Apple___healthy/1ceda3e6-3df1-4a82-a5f5-6c62dbd8ccc3___RS_HL 8072.JPG,healthy,g1114,s_reliability
data/plantvillage/raw/color/Apple___healthy/1cf4ad6b-8c00-42de-aff0-ee2662c54df1___RS_HL 7462.JPG,healthy,g1115,s_train
data/plantvillage/raw/color/Apple___healthy/1d44a5a9-c15c-40d5-b2d6-bbd9e84c96ea___RS_HL 7923.JPG,healthy,g1116,s_train
data/plantvillage/raw/color/Apple___healthy/1d4ea234-bb1b-44ec-9114-d1ea9abece5c___RS_HL 8002.JPG,healthy,g1117,s_train
data/plantvillage/raw/color/Apple___healthy/1d68db41-8cec-49d7-b702-d16e36348f6e___RS_HL 6300.JPG,healthy,g1118,s_reliability
data/plantvillage/raw/color/Apple___healthy/1d74d65a-039c-41d6-a459-13f946971ca1___RS_HL 7582.JPG,healthy,g1119,s_reliability
data/plantvillage/raw/color/Apple___healthy/1d74fb02-045f-4919-b360-46e51ee33e82___RS_HL 6086.JPG,healthy,g1120,s_calibration
data/plantvillage/raw/color/Apple___healthy/1d7c71d2-fac0-4ee6-8def-765282cb744c___RS_HL 5758.JPG,healthy,g1121,s_val
data/plantvillage/raw/color/Apple___healthy/1d98a80e-f33b-44e5-99de-89fb990211f5___RS_HL 7834.JPG,healthy,g1122,s_train
data/plantvillage/raw/color/Apple___healthy/1dabd7f0-68f4-4d1b-b026-e314457de638___RS_HL 8153.JPG,healthy,g1123,s_reliability
data/plantvillage/raw/color/Apple___healthy/1db9945a-de31-4e5f-9f95-2888c6330057___RS_HL 7901.JPG,healthy,g1124,s_train
data/plantvillage/raw/color/Apple___healthy/1dbfc9d3-f568-4e19-a83c-8fa408cfea3a___RS_HL 5909.JPG,healthy,g1125,s_reliability
data/plantvillage/raw/color/Apple___healthy/1e59b25e-551a-4343-a551-cd03abdb5cac___RS_HL 7376.JPG,healthy,g1126,s_test
data/plantvillage/raw/color/Apple___healthy/1ec5d93e-76ab-44cf-a53e-ef3f741a095a___RS_HL 7504.JPG,healthy,g1127,s_val
data/plantvillage/raw/color/Apple___healthy/1ecec99b-aeb0-4261-85cf-ac2e8cc80ebd___RS_HL 6073.JPG,healthy,g1128,s_train
data/plantvillage/raw/color/Apple___healthy/1ee2a8ac-77e7-4799-bff1-be48e8aa9ae5___RS_HL 7303.JPG,healthy,g1129,s_train
data/plantvillage/raw/color/Apple___healthy/1f2a82f5-af63-46b8-9c18-d8b9567db343___RS_HL 7849.JPG,healthy,g1130,s_test
data/plantvillage/raw/color/Apple___healthy/1f2d1c4b-78cd-418a-b0c3-2565b530fe5b___RS_HL 7572.JPG,healthy,g1131,s_train
data/plantvillage/raw/color/Apple___healthy/1f2ffb52-a697-43fc-a0d0-609d30e33bfe___RS_HL 6010.JPG,healthy,g1132,s_reliability
data/plantvillage/raw/color/Apple___healthy/1fae0947-05ec-4487-a8d4-5ce3c860a21f___RS_HL 7962.JPG,healthy,g1133,s_train
data/plantvillage/raw/color/Apple___healthy/1fd5cde9-dc78-4b8d-a82c-ab9a29880894___RS_HL 7918.JPG,healthy,g1134,s_reliability
data/plantvillage/raw/color/Apple___healthy/1fdc99ae-fbc7-480f-9cde-e80b54744c0d___RS_HL 7972.JPG,healthy,g1135,s_train
data/plantvillage/raw/color/Apple___healthy/1ff38f29-401d-4ec7-a99a-c4d3ccf42efc___RS_HL 7498.JPG,healthy,g1136,s_reliability
data/plantvillage/raw/color/Apple___healthy/20102c8b-dde0-47d2-8035-7ceeb42f1961___RS_HL 6207.JPG,healthy,g1137,s_train
data/plantvillage/raw/color/Apple___healthy/201de0e4-a74d-4dff-9b5b-e997d36e63d7___RS_HL 7569.JPG,healthy,g1138,s_test
data/plantvillage/raw/color/Apple___healthy/203d4b1b-d358-43d5-bd7f-273e68993961___RS_HL 7590.JPG,healthy,g1139,s_reliability
data/plantvillage/raw/color/Apple___healthy/2056f48c-137e-4a96-b26d-1c6dae33ee47___RS_HL 7567.JPG,healthy,g1140,s_train
data/plantvillage/raw/color/Apple___healthy/2074d81b-88ad-40f7-9e7a-cd24c2435ea9___RS_HL 5804.JPG,healthy,g1141,s_train
data/plantvillage/raw/color/Apple___healthy/2076cebe-cecb-463f-9a0a-a20c4e53e5f3___RS_HL 5900.JPG,healthy,g1142,s_train
data/plantvillage/raw/color/Apple___healthy/20828c75-15bc-4c31-a3ef-4ee3bfb7081b___RS_HL 8065.JPG,healthy,g1143,s_train
data/plantvillage/raw/color/Apple___healthy/20a6a1df-7c88-4c01-bfe0-2110c1eb0324___RS_HL 8133.JPG,healthy,g1144,s_train
data/plantvillage/raw/color/Apple___healthy/20c2fcd9-0df2-4a18-a976-5a4f2e3f22aa___RS_HL 7882.JPG,healthy,g1145,s_train
data/plantvillage/raw/color/Apple___healthy/20d16569-6237-4038-b6a9-2b2e5375beea___RS_HL 6042.JPG,healthy,g1146,s_test
data/plantvillage/raw/color/Apple___healthy/2116b976-703d-46af-b8a0-ee3ff8e4afa4___RS_HL 5793.JPG,healthy,g1147,s_train
data/plantvillage/raw/color/Apple___healthy/211f5e77-fdc9-4d96-9395-bb3647678c43___RS_HL 7364.JPG,healthy,g1148,s_reliability
data/plantvillage/raw/color/Apple___healthy/21321d47-a7a7-40e7-9514-cfa4f45e2f22___RS_HL 5651.JPG,healthy,g1149,s_train
data/plantvillage/raw/color/Apple___healthy/21b1f887-6f78-4da8-b676-d9e53cb8b24d___RS_HL 6012.JPG,healthy,g1150,s_test
data/plantvillage/raw/color/Apple___healthy/21c10a73-ebeb-4a16-898b-8b39d9d6eca2___RS_HL 6315.JPG,healthy,g1151,s_reliability
data/plantvillage/raw/color/Apple___healthy/21c42956-0894-43bf-a1b8-787ef33594c2___RS_HL 7686.JPG,healthy,g1152,s_train
data/plantvillage/raw/color/Apple___healthy/221bfc6b-53d8-4677-8590-8f51530a9661___RS_HL 7260.JPG,healthy,g1153,s_val
data/plantvillage/raw/color/Apple___healthy/22289256-19f2-49b7-a1b6-f1210557543b___RS_HL 7985.JPG,healthy,g1154,s_train
data/plantvillage/raw/color/Apple___healthy/223dbe3b-9f96-473b-a6a6-ea354777ae1f___RS_HL 8040.JPG,healthy,g1155,s_train
data/plantvillage/raw/color/Apple___healthy/2255256e-1e76-4c19-8d32-f168ac6eeaa2___RS_HL 5784.JPG,healthy,g1156,s_train
data/plantvillage/raw/color/Apple___healthy/2260f331-0610-4dd8-9d8e-270115aba39b___RS_HL 6033.JPG,healthy,g1157,s_train
data/plantvillage/raw/color/Apple___healthy/2270f63e-fbad-41fd-95a4-4700006191f7___RS_HL 8000.JPG,healthy,g1158,s_test
data/plantvillage/raw/color/Apple___healthy/228c3cfc-c511-4f1d-80ef-eb6a9e89cc0b___RS_HL 7383.JPG,healthy,g1159,s_reliability
data/plantvillage/raw/color/Apple___healthy/229d89f1-b2ac-4427-b7e7-47139f62b73d___RS_HL 7341.JPG,healthy,g1160,s_val
data/plantvillage/raw/color/Apple___healthy/22ccba73-f485-4c4d-a6a8-faaaa7c90e1f___RS_HL 7824.JPG,healthy,g1161,s_train
data/plantvillage/raw/color/Apple___healthy/22e6ab6c-375c-475f-8888-3d2f6d939111___RS_HL 7625.JPG,healthy,g1162,s_calibration
data/plantvillage/raw/color/Apple___healthy/2301f2bb-7972-4fb8-8be6-246ce55ca3b6___RS_HL 6100.JPG,healthy,g1163,s_reliability
data/plantvillage/raw/color/Apple___healthy/230a4c38-8e59-4c1d-bda8-ee3401e6507b___RS_HL 7945.JPG,healthy,g1164,s_test
data/plantvillage/raw/color/Apple___healthy/232e37bf-da7c-4c4e-94fd-ce592dd37786___RS_HL 7770.JPG,healthy,g1165,s_train
data/plantvillage/raw/color/Apple___healthy/23307db5-ba40-498c-9b96-2c6b65f40c27___RS_HL 6096.JPG,healthy,g1166,s_calibration
data/plantvillage/raw/color/Apple___healthy/2331c0e7-475e-4304-8f4e-d98f80778a08___RS_HL 8043.JPG,healthy,g1167,s_train
data/plantvillage/raw/color/Apple___healthy/2345cf40-76a9-4bb3-9e7c-8d185dd41905___RS_HL 8123.JPG,healthy,g1168,s_train
data/plantvillage/raw/color/Apple___healthy/23484fef-f518-486c-8469-c33469e4ac11___RS_HL 6117.JPG,healthy,g1169,s_calibration
data/plantvillage/raw/color/Apple___healthy/234fbf88-be8a-4b45-a93d-493b6e83215c___RS_HL 8182.JPG,healthy,g1170,s_train
data/plantvillage/raw/color/Apple___healthy/2363daeb-88d5-43f3-925b-be7360c10394___RS_HL 5828.JPG,healthy,g1171,s_train
data/plantvillage/raw/color/Apple___healthy/236eab7b-6301-4764-8e70-7b3b87ecc904___RS_HL 8147.JPG,healthy,g1172,s_test
data/plantvillage/raw/color/Apple___healthy/2381a136-3832-4e59-a7d6-9fe4702ef0a0___RS_HL 7580.JPG,healthy,g1173,s_test
data/plantvillage/raw/color/Apple___healthy/238b94a0-eed1-4c28-8396-2de2e7247f72___RS_HL 8107.JPG,healthy,g1174,s_train
data/plantvillage/raw/color/Apple___healthy/238ba7d8-807f-4af5-8524-5259b80cff9e___RS_HL 8119.JPG,healthy,g1175,s_calibration
data/plantvillage/raw/color/Apple___healthy/23a11b8b-6812-481e-9258-e07cc24fdad4___RS_HL 5898.JPG,healthy,g1176,s_test
data/plantvillage/raw/color/Apple___healthy/23a80c76-8642-4e07-b157-b73eff76c44e___RS_HL 5906.JPG,healthy,g1177,s_train
data/plantvillage/raw/color/Apple___healthy/23b5f9bf-18d8-43d3-a289-6398a7abde91___RS_HL 7914.JPG,healthy,g1178,s_val
data/plantvillage/raw/color/Apple___healthy/23ea1618-d554-47fb-bc03-a1b978f14fbf___RS_HL 6008.JPG,healthy,g1179,s_train
data/plantvillage/raw/color/Apple___healthy/2408e9ef-1a03-44f4-9432-e24113c409e3___RS_HL 7556.JPG,healthy,g1180,s_train
data/plantvillage/raw/color/Apple___healthy/24adc938-da71-4d2a-9c7e-f2dc3a73c908___RS_HL 7307.JPG,healthy,g1181,s_calibration
data/plantvillage/raw/color/Apple___healthy/24cddc8a-d7e6-4ebf-9771-b3844913f02e___RS_HL 5966.JPG,healthy,g1182,s_test
data/plantvillage/raw/color/Apple___healthy/2514a94f-5f1b-4792-92e7-63b6a552225a___RS_HL 8186.JPG,healthy,g1183,s_train
data/plantvillage/raw/color/Apple___healthy/253bd68f-d969-4fa8-9373-6c49ba5fb274___RS_HL 7439.JPG,healthy,g1184,s_train
data/plantvillage/raw/color/Apple___healthy/2551a3b8-b5dd-4716-88e6-517a012a44f1___RS_HL 7551.JPG,healthy,g1185,s_val
data/plantvillage/raw/color/Apple___healthy/25aa6094-5f2e-4551-9349-a3fe0edd3b92___RS_HL 7296.JPG,healthy,g1186,s_val
data/plantvillage/raw/color/Apple___healthy/25de086c-ea7e-42b0-83fd-bc7d1e584d0a___RS_HL 5852.JPG,healthy,g1187,s_train
data/plantvillage/raw/color/Apple___healthy/263c9e0a-4cba-451c-98bf-77ce71af1b82___RS_HL 6237.JPG,healthy,g1188,s_val
data/plantvillage/raw/color/Apple___healthy/264deb35-dd16-459c-bbd5-4991f6b21be3___RS_HL 5842.JPG,healthy,g1189,s_val
data/plantvillage/raw/color/Apple___healthy/2693000f-ad26-46ae-9d5f-3fb67de2b86c___RS_HL 8206.JPG,healthy,g1190,s_train
data/plantvillage/raw/color/Apple___healthy/269865f0-68b7-4046-8076-22e347b36567___RS_HL 6256.JPG,healthy,g1191,s_test
data/plantvillage/raw/color/Apple___healthy/26e85922-aaf1-4cc6-8bdb-2fb0222a4b8c___RS_HL 7624.JPG,healthy,g1192,s_train
data/plantvillage/raw/color/Apple___healthy/26f830c1-f86f-438b-9045-3531ef02ea9c___RS_HL 8122.JPG,healthy,g1193,s_test
data/plantvillage/raw/color/Apple___healthy/270ca100-e754-4ed1-9fe8-0d3270cba958___RS_HL 5660.JPG,healthy,g1194,s_val
data/plantvillage/raw/color/Apple___healthy/2710a9e1-5834-4606-9e2c-477c0415882e___RS_HL 7564.JPG,healthy,g1195,s_train
data/plantvillage/raw/color/Apple___healthy/2735c32b-b407-4714-b190-2b35d8e9a61f___RS_HL 8104.JPG,healthy,g1196,s_train
data/plantvillage/raw/color/Apple___healthy/274144ec-893c-43fb-ad9a-18f71ead2e58___RS_HL 5971.JPG,healthy,g1197,s_test
data/plantvillage/raw/color/Apple___healthy/2766f4b1-33d2-4532-aab2-a7fb037b87bf___RS_HL 6155.JPG,healthy,g1198,s_train
data/plantvillage/raw/color/Apple___healthy/2768d40f-209f-4f71-a90a-a5f748fe299a___RS_HL 5938.JPG,healthy,g1199,s_train
data/plantvillage/raw/color/Apple___healthy/278e3aec-395c-457a-8fd0-ddf0ad8f3056___RS_HL 7377.JPG,healthy,g1200,s_train
data/plantvillage/raw/color/Apple___healthy/2796f6e4-6b9f-4b3b-9f96-a6788b2e0f02___RS_HL 5712.JPG,healthy,g1201,s_reliability
data/plantvillage/raw/color/Apple___healthy/27af3831-cc86-4c30-96a5-98d5a2375fcd___RS_HL 8183.JPG,healthy,g1202,s_train
data/plantvillage/raw/color/Apple___healthy/27b057d7-929a-436f-905d-fd8339bf1bca___RS_HL 7366.JPG,healthy,g1203,s_train
data/plantvillage/raw/color/Apple___healthy/27d5e1e8-d30f-4514-bafe-f600ad03a871___RS_HL 7648.JPG,healthy,g1204,s_reliability
data/plantvillage/raw/color/Apple___healthy/281380c3-d61a-442c-8e1a-a8058645ff01___RS_HL 7350.JPG,healthy,g1205,s_train
data/plantvillage/raw/color/Apple___healthy/2836a80f-2aa7-46b1-8d64-0cf10037eb67___RS_HL 7268.JPG,healthy,g1206,s_train
data/plantvillage/raw/color/Apple___healthy/28682886-ee9f-4698-854f-8f196c01b67a___RS_HL 6101.JPG,healthy,g1207,s_calibration
data/plantvillage/raw/color/Apple___healthy/288e87b5-654d-434e-a5bc-3f8adaff8cc5___RS_HL 5714.JPG,healthy,g1208,s_train
data/plantvillage/raw/color/Apple___healthy/28b993ef-31f6-42a9-b39b-933a18c0b532___RS_HL 7798.JPG,healthy,g1209,s_train
data/plantvillage/raw/color/Apple___healthy/28c298e3-0846-4372-a9ab-562f2ce7cf9d___RS_HL 5846.JPG,healthy,g1210,s_reliability
data/plantvillage/raw/color/Apple___healthy/291f66c2-6044-4485-861a-8fa3aa625ddd___RS_HL 7520.JPG,healthy,g1211,s_test
data/plantvillage/raw/color/Apple___healthy/2922187c-ac88-45e4-96ae-2aa396d50bda___RS_HL 5700.JPG,healthy,g1212,s_train
data/plantvillage/raw/color/Apple___healthy/29745ef7-133c-4f61-a5bd-592790f81a32___RS_HL 6326.JPG,healthy,g1213,s_train
data/plantvillage/raw/color/Apple___healthy/298c8daf-43cc-4f65-b2db-65623425e5f8___RS_HL 6103.JPG,healthy,g1214,s_train
data/plantvillage/raw/color/Apple___healthy/2a485bb5-c59f-4af0-837a-063b60e0c3c8___RS_HL 6025.JPG,healthy,g1215,s_train
data/plantvillage/raw/color/Apple___healthy/2a53473e-0c50-43d5-933c-a62576fb5f52___RS_HL 7664.JPG,healthy,g1216,s_reliability
data/plantvillage/raw/color/Apple___healthy/2a73c206-19c5-4f7c-80da-1bdf62354562___RS_HL 6082.JPG,healthy,g1217,s_train
data/plantvillage/raw/color/Apple___healthy/2a986e85-7e83-443a-871e-c590d5a25845___RS_HL 6000.JPG,healthy,g1218,s_train
data/plantvillage/raw/color/Apple___healthy/2ab9dfe3-b810-428c-843c-e257a25c4447___RS_HL 7576.JPG,healthy,g1219,s_calibration
data/plantvillage/raw/color/Apple___healthy/2abb295b-31c5-4e5f-b5c7-94ca57e94305___RS_HL 6277.JPG,healthy,g1220,s_test
data/plantvillage/raw/color/Apple___healthy/2ae4c8d8-309c-4dfa-8bde-b985b2a81272___RS_HL 7659.JPG,healthy,g1221,s_test
data/plantvillage/raw/color/Apple___healthy/2b044129-3011-4709-8947-18c1a3bf014d___RS_HL 7919.JPG,healthy,g1222,s_train
data/plantvillage/raw/color/Apple___healthy/2b0d21b2-2320-4cb4-8d40-4684f0c91e55___RS_HL 7505.JPG,healthy,g1223,s_train
data/plantvillage/raw/color/Apple___healthy/2b21526f-9ab0-444b-829a-fa97cd727733___RS_HL 7844.JPG,healthy,g1224,s_val
data/plantvillage/raw/color/Apple___healthy/2b3fa6ff-a37a-497e-b122-5b29ae419bec___RS_HL 5979.JPG,healthy,g1225,s_val
data/plantvillage/raw/color/Apple___healthy/2b48ce1f-c273-4c10-a7b9-2528944097b4___RS_HL 7787.JPG,healthy,g1226,s_train
data/plantvillage/raw/color/Apple___healthy/2b76e710-42aa-4732-9d60-c7fdaa14f9fa___RS_HL 5822.JPG,healthy,g1227,s_train
data/plantvillage/raw/color/Apple___healthy/2b76f048-cc2d-4e91-9652-ca3608dd0481___RS_HL 6201.JPG,healthy,g1228,s_test
data/plantvillage/raw/color/Apple___healthy/2b96d8f8-6642-4897-b43e-dde7fb2fcb2a___RS_HL 7295.JPG,healthy,g1229,s_calibration
data/plantvillage/raw/color/Apple___healthy/2ba31dd4-36d6-4cda-b2e6-c1f53a174d4d___RS_HL 6305.JPG,healthy,g1230,s_train
data/plantvillage/raw/color/Apple___healthy/2bbd0a49-9a1c-473b-bdf3-51f154db463e___RS_HL 6081.JPG,healthy,g1231,s_train
data/plantvillage/raw/color/Apple___healthy/2bf54e83-c962-4b46-84b1-d5a8a7b686da___RS_HL 5858.JPG,healthy,g1232,s_test
data/plantvillage/raw/color/Apple___healthy/2c7fe12b-945d-4828-a327-fc17eb0c4afc___RS_HL 5942.JPG,healthy,g1233,s_train
data/plantvillage/raw/color/Apple___healthy/2cad835a-1b47-4cad-b08e-acfd29cf5883___RS_HL 7647.JPG,healthy,g1234,s_calibration
data/plantvillage/raw/color/Apple___healthy/2d1542c5-6771-4433-a912-313e77945d85___RS_HL 5683.JPG,healthy,g1235,s_val
data/plantvillage/raw/color/Apple___healthy/2d62f422-484f-4fa9-af67-f2724cfe5564___RS_HL 7441.JPG,healthy,g1236,s_calibration
data/plantvillage/raw/color/Apple___healthy/2d6efa59-1d5a-4f92-8879-2fdfa163d404___RS_HL 6157.JPG,healthy,g1237,s_calibration
data/plantvillage/raw/color/Apple___healthy/2d7f4c07-f4f4-4589-aa82-49e05e5b253b___RS_HL 8056.JPG,healthy,g1238,s_train
data/plantvillage/raw/color/Apple___healthy/2da4c099-fc85-4895-bedc-8a0241ed23b5___RS_HL 5754.JPG,healthy,g1239,s_test
data/plantvillage/raw/color/Apple___healthy/2dc5f050-21dd-4b81-a1cb-ef2a9f72f134___RS_HL 5694.JPG,healthy,g1240,s_reliability
data/plantvillage/raw/color/Apple___healthy/2e403d36-e4f2-4323-a78c-5a7330f1083c___RS_HL 7857.JPG,healthy,g1241,s_train
data/plantvillage/raw/color/Apple___healthy/2e599aab-11dd-4073-845e-b45a6accb4de___RS_HL 8009.JPG,healthy,g1242,s_test
data/plantvillage/raw/color/Apple___healthy/2e6c2a31-e580-49ad-aa9e-31c11f0ff4b3___RS_HL 8137.JPG,healthy,g1243,s_test
data/plantvillage/raw/color/Apple___healthy/2e7471ae-fd24-4038-9caf-98f4cf2a6946___RS_HL 7437.JPG,healthy,g1244,s_train
data/plantvillage/raw/color/Apple___healthy/2f2f3662-f870-4b42-b00a-cf098b974d85___RS_HL 8140.JPG,healthy,g1245,s_train
data/plantvillage/raw/color/Apple___healthy/2fae96ef-fe0f-4004-bbb7-259c62cde5c3___RS_HL 7953.JPG,healthy,g1246,s_train
data/plantvillage/raw/color/Apple___healthy/2fbd9205-be67-4f43-be2a-93a8def382a6___RS_HL 7680.JPG,healthy,g1247,s_val
data/plantvillage/raw/color/Apple___healthy/303603ae-edae-45ba-914d-ab522db7089b___RS_HL 7400.JPG,healthy,g1248,s_train
data/plantvillage/raw/color/Apple___healthy/30995ef5-ad2d-4949-b0e0-f98b074b4a96___RS_HL 7378.JPG,healthy,g1249,s_val
data/plantvillage/raw/color/Apple___healthy/30eff8c3-a67c-42d3-b1c6-b17aa2ab8ea4___RS_HL 7461.JPG,healthy,g1250,s_calibration
data/plantvillage/raw/color/Apple___healthy/30fb7843-8e70-407e-b361-aa54a7473c32___RS_HL 6143.JPG,healthy,g1251,s_reliability
data/plantvillage/raw/color/Apple___healthy/30fb851f-052b-4b63-bc29-6d824a764fd5___RS_HL 5916.JPG,healthy,g1252,s_calibration
data/plantvillage/raw/color/Apple___healthy/3100088b-5df1-43b2-a1d9-8ff1d414b67b___RS_HL 5834.JPG,healthy,g1253,s_train
data/plantvillage/raw/color/Apple___healthy/313b7055-4346-4b7c-99fb-ada974f60486___RS_HL 6275.JPG,healthy,g1254,s_reliability
data/plantvillage/raw/color/Apple___healthy/314b2ac4-0d06-4940-8517-0d4c1072acbf___RS_HL 5929.JPG,healthy,g1255,s_train
data/plantvillage/raw/color/Apple___healthy/31c8c28a-ba8f-4869-a623-949d6c67275d___RS_HL 8177.JPG,healthy,g1256,s_train
data/plantvillage/raw/color/Apple___healthy/32073031-1afb-4a9e-ad8b-2d19ef6bb00a___RS_HL 7362.JPG,healthy,g1257,s_val
data/plantvillage/raw/color/Apple___healthy/32a59e5f-9167-42d4-8040-40563e416572___RS_HL 6156.JPG,healthy,g1258,s_val
data/plantvillage/raw/color/Apple___healthy/32b6be5f-6482-4bd2-876d-c2a518afed09___RS_HL 6163.JPG,healthy,g1259,s_train
data/plantvillage/raw/color/Apple___healthy/32d7538b-1c41-49c4-a67e-4ef228aaa438___RS_HL 7529.JPG,healthy,g1260,s_test
data/plantvillage/raw/color/Apple___healthy/32da947b-7d05-459b-a5dc-b4481bb09f48___RS_HL 7450.JPG,healthy,g1261,s_train
data/plantvillage/raw/color/Apple___healthy/33426aa7-70c4-4cf0-b275-1a4c3e782a92___RS_HL 7600.JPG,healthy,g1262,s_train
data/plantvillage/raw/color/Apple___healthy/336a5bb9-179f-44fb-a4d1-c59a40d90306___RS_HL 5978.JPG,healthy,g1263,s_train
data/plantvillage/raw/color/Apple___healthy/336c4870-9f2f-4cdc-ba05-f9d27271ef07___RS_HL 7670.JPG,healthy,g1264,s_test
data/plantvillage/raw/color/Apple___healthy/33acc3da-5f90-49e4-b70d-b3d60921e08e___RS_HL 7263.JPG,healthy,g1265,s_test
data/plantvillage/raw/color/Apple___healthy/33c721c9-aa91-4173-8695-916b61852017___RS_HL 7816.JPG,healthy,g1266,s_train
data/plantvillage/raw/color/Apple___healthy/33f6e93f-9275-445e-a795-e1ef9c20db7b___RS_HL 8051.JPG,healthy,g1267,s_test
data/plantvillage/raw/color/Apple___healthy/34121ffc-269b-481e-bbf5-96356da9f137___RS_HL 6185.JPG,healthy,g1268,s_train
data/plantvillage/raw/color/Apple___healthy/34881ed6-417b-41a6-9f03-1b9be5f09bb6___RS_HL 7463.JPG,healthy,g1269,s_val
data/plantvillage/raw/color/Apple___healthy/349251ed-2e99-4af9-b432-2a63202a0985___RS_HL 6120.JPG,healthy,g1270,s_train
data/plantvillage/raw/color/Apple___healthy/34960f92-a973-4d36-b388-f63b339b86bc___RS_HL 6167.JPG,healthy,g1271,s_train
data/plantvillage/raw/color/Apple___healthy/34a96778-25fe-4e97-910e-56b39fc2bdd6___RS_HL 6263.JPG,healthy,g1272,s_test
data/plantvillage/raw/color/Apple___healthy/34b8de2a-d30e-4e52-8269-d65cc4e444f6___RS_HL 7717.JPG,healthy,g1273,s_train
data/plantvillage/raw/color/Apple___healthy/34edd324-8b91-417c-bb4c-3bf0dbe348d2___RS_HL 7698.JPG,healthy,g1274,s_train
data/plantvillage/raw/color/Apple___healthy/350182de-38b1-43bf-b189-1fec53a7f499___RS_HL 7867.JPG,healthy,g1275,s_train
data/plantvillage/raw/color/Apple___healthy/3518d065-38fa-4e26-aa0f-6addc2d2968a___RS_HL 7615.JPG,healthy,g1276,s_train
data/plantvillage/raw/color/Apple___healthy/3561a457-ec26-442a-925a-cdbe7f37a430___RS_HL 5786.JPG,healthy,g1277,s_calibration
data/plantvillage/raw/color/Apple___healthy/359c0812-8e11-45cf-98f7-95840b503b01___RS_HL 5650.JPG,healthy,g1278,s_train
data/plantvillage/raw/color/Apple___healthy/35acdaad-cf75-4ea6-ae8b-02f5a6e7caeb___RS_HL 7620.JPG,healthy,g1279,s_train
data/plantvillage/raw/color/Apple___healthy/35f0c52c-8a43-4bf2-8d55-2a827dbc5c4d___RS_HL 7251.JPG,healthy,g1280,s_train
data/plantvillage/raw/color/Apple___healthy/36321868-bd15-45bc-94f7-b86603f7460d___RS_HL 5772.JPG,healthy,g1281,s_test
data/plantvillage/raw/color/Apple___healthy/3643fe1d-9523-47cf-9952-7e2ecb027338___RS_HL 5704.JPG,healthy,g1282,s_reliability
data/plantvillage/raw/color/Apple___healthy/3645e3b0-e9c5-4b10-aea6-ce0ba996c059___RS_HL 7267.JPG,healthy,g1283,s_train
data/plantvillage/raw/color/Apple___healthy/3673d121-b5de-481c-b057-d4ee5b4959b1___RS_HL 6269.JPG,healthy,g1098,s_train
data/plantvillage/raw/color/Apple___healthy/367d7a43-f910-4714-918f-f4b9ffde5a91___RS_HL 7692.JPG,healthy,g1284,s_train
data/plantvillage/raw/color/Apple___healthy/36980863-22cb-4e05-a1f6-53039a89993a___RS_HL 5934.JPG,healthy,g1285,s_train
data/plantvillage/raw/color/Apple___healthy/36ab2af7-aff6-4578-99ef-4cf5b6527a9c___RS_HL 7689.JPG,healthy,g1286,s_reliability
data/plantvillage/raw/color/Apple___healthy/36b2cda3-5c11-45e2-962e-d9d9ba5a4896___RS_HL 7711.JPG,healthy,g1287,s_train
data/plantvillage/raw/color/Apple___healthy/36c00bef-25c2-48ae-9505-41827bcd83d8___RS_HL 6085.JPG,healthy,g1288,s_train
data/plantvillage/raw/color/Apple___healthy/36cc892a-a8de-4547-939d-6dcaf2a8f179___RS_HL 7553.JPG,healthy,g1289,s_train
data/plantvillage/raw/color/Apple___healthy/3737a846-d49c-4f70-bb38-a11922e093d5___RS_HL 8017.JPG,healthy,g1290,s_test
data/plantvillage/raw/color/Apple___healthy/37581d20-bd40-4aca-81ae-00d83473d578___RS_HL 8091.JPG,healthy,g1291,s_test
data/plantvillage/raw/color/Apple___healthy/375f1e44-235c-4ef0-a156-077b71abeed3___RS_HL 8162.JPG,healthy,g1292,s_train
data/plantvillage/raw/color/Apple___healthy/375f472f-7a4e-41fd-af0e-b6da455dfc58___RS_HL 7477.JPG,healthy,g1293,s_train
data/plantvillage/raw/color/Apple___healthy/37715958-a2d4-41d6-9672-9cafd0f1c146___RS_HL 7502.JPG,healthy,g1294,s_test
data/plantvillage/raw/color/Apple___healthy/37b1cd89-582a-40ce-b2ec-6a635e1fea17___RS_HL 6151.JPG,healthy,g1295,s_train
data/plantvillage/raw/color/Apple___healthy/37b9da4a-2823-48fb-ba35-4138a44acf53___RS_HL 5954.JPG,healthy,g1296,s_train
data/plantvillage/raw/color/Apple___healthy/37fcfaf7-88f4-4735-99a2-8df576e0f248___RS_HL 8108.JPG,healthy,g1297,s_reliability
data/plantvillage/raw/color/Apple___healthy/3817a269-0274-4a5c-b851-46e91b10788f___RS_HL 5720.JPG,healthy,g1298,s_train
data/plantvillage/raw/color/Apple___healthy/381f3abb-208f-4f52-b7a2-57e35f31c373___RS_HL 5680.JPG,healthy,g1299,s_train
data/plantvillage/raw/color/Apple___healthy/38292be8-d182-458a-adcd-343435c343ec___RS_HL 5801.JPG,healthy,g1300,s_test
data/plantvillage/raw/color/Apple___healthy/3829531e-aa99-481f-ab73-23690ea06417___RS_HL 8144.JPG,healthy,g1301,s_train
data/plantvillage/raw/color/Apple___healthy/38394f24-6b80-4231-b2c4-850325c0718d___RS_HL 7968.JPG,healthy,g1302,s_train
data/plantvillage/raw/color/Apple___healthy/386af887-8be7-4b99-9ef1-ee0eb5ba7d87___RS_HL 6030.JPG,healthy,g1303,s_train
data/plantvillage/raw/color/Apple___healthy/3876f449-0cd6-4910-9321-f56a28621c51___RS_HL 7775.JPG,healthy,g1304,s_train
data/plantvillage/raw/color/Apple___healthy/38c039b6-23f0-4fc2-a0df-e5ec3f523a09___RS_HL 5887.JPG,healthy,g1305,s_train
data/plantvillage/raw/color/Apple___healthy/38db4391-44e3-4aae-bb9d-51e8e03500b7___RS_HL 6321.JPG,healthy,g1306,s_train
data/plantvillage/raw/color/Apple___healthy/3969a6d5-f626-4a6a-bc72-3d38d1cff967___RS_HL 6092.JPG,healthy,g1307,s_train
data/plantvillage/raw/color/Apple___healthy/398f4455-d008-4d69-a58d-b0a1f228abaa___RS_HL 5729.JPG,healthy,g1308,s_calibration
data/plantvillage/raw/color/Apple___healthy/39bd8139-dfe4-45ec-8bf9-d9cabbdd1ea8___RS_HL 5659.JPG,healthy,g1309,s_train
data/plantvillage/raw/color/Apple___healthy/39be15a0-4c7f-4a8e-9938-829bec85fd1c___RS_HL 6209.JPG,healthy,g1310,s_reliability
data/plantvillage/raw/color/Apple___healthy/39f64aba-4bf0-434c-9800-4a0b6bc324bd___RS_HL 7934.JPG,healthy,g1311,s_train
data/plantvillage/raw/color/Apple___healthy/3a1ca70b-00f0-4a0b-a973-8db1da714e6c___RS_HL 7759.JPG,healthy,g1312,s_test
data/plantvillage/raw/color/Apple___healthy/3a26bfb8-eb90-4f61-bc32-8cbe65c708df___RS_HL 6174.JPG,healthy,g1313,s_test
data/plantvillage/raw/color/Apple___healthy/3a544ee5-490e-4a41-b03b-cf1700362448___RS_HL 6200.JPG,healthy,g1314,s_reliability
data/plantvillage/raw/color/Apple___healthy/3a5916ba-0db8-4aff-a282-26f33b056832___RS_HL 8125.JPG,healthy,g1315,s_reliability
data/plantvillage/raw/color/Apple___healthy/3a6789e3-2dd3-4513-b21d-be34f521c4a1___RS_HL 8031.JPG,healthy,g1316,s_reliability
data/plantvillage/raw/color/Apple___healthy/3a74b441-4ab0-412f-ae66-f28f4b1d9df2___RS_HL 5968.JPG,healthy,g1317,s_train
data/plantvillage/raw/color/Apple___healthy/3a80eee6-d03a-4ac9-8f73-5f251f568840___RS_HL 5935.JPG,healthy,g1318,s_train
data/plantvillage/raw/color/Apple___healthy/3ab37181-78d5-4bf2-8d20-a233d3c685aa___RS_HL 7407.JPG,healthy,g1319,s_train
data/plantvillage/raw/color/Apple___healthy/3abb0d3f-f131-4025-af6d-68bd6f4d253e___RS_HL 8110.JPG,healthy,g1320,s_val
data/plantvillage/raw/color/Apple___healthy/3adc3359-b27d-4eea-bffc-7422a9a15536___RS_HL 5755.JPG,healthy,g1321,s_train
data/plantvillage/raw/color/Apple___healthy/3af9dc00-a64b-4b45-a034-1d190e5277ea___RS_HL 7788.JPG,healthy,g1322,s_train
data/plantvillage/raw/color/Apple___healthy/3aff0cab-c5f0-4fd5-8a7a-2a81160da701___RS_HL 7392.JPG,healthy,g1323,s_train
data/plantvillage/raw/color/Apple___healthy/3b0f637d-dd22-44a0-a4b4-2a7792e2ac76___RS_HL 7258.JPG,healthy,g1324,s_train
data/plantvillage/raw/color/Apple___healthy/3b471f38-5b31-4f0c-83de-1ac26c92f63f___RS_HL 7408.JPG,healthy,g1325,s_test
data/plantvillage/raw/color/Apple___healthy/3b59f785-afa8-4204-b6fd-467404734888___RS_HL 6144.JPG,healthy,g1326,s_train
data/plantvillage/raw/color/Apple___healthy/3b7ee41f-9af2-4425-a7ea-574ef63979c8___RS_HL 7838.JPG,healthy,g1327,s_train
data/plantvillage/raw/color/Apple___healthy/3b9d4604-18c3-49a7-8ac3-07386ae370fb___RS_HL 8179.JPG,healthy,g1328,s_train
data/plantvillage/raw/color/Apple___healthy/3bd24003-1163-40f4-8b1f-21aad7fc4b4b___RS_HL 5912.JPG,healthy,g1329,s_train
data/plantvillage/raw/color/Apple___healthy/3bde3d8d-8a44-4e06-9492-a54a9844bf90___RS_HL 7318.JPG,healthy,g1330,s_train
data/plantvillage/raw/color/Apple___healthy/3bfeaca2-de0b-4a2c-adc0-06adc87a1386___RS_HL 7425.JPG,healthy,g1331,s_train
data/plantvillage/raw/color/Apple___healthy/3c047601-ed4d-4178-8bed-33a65e5f4b6d___RS_HL 6001.JPG,healthy,g1332,s_train
data/plantvillage/raw/color/Apple___healthy/3c1fd0db-4090-485a-9d59-4293714b482c___RS_HL 7581.JPG,healthy,g1333,s_calibration
data/plantvillage/raw/color/Apple___healthy/3c3127c8-58c3-43ab-9b6f-75c641db96ce___RS_HL 7282.JPG,healthy,g1334,s_reliability
data/plantvillage/raw/color/Apple___healthy/3c469e15-452e-4332-9f4b-93104f32d5e9___RS_HL 7954.JPG,healthy,g1335,s_calibration
data/plantvillage/raw/color/Apple___healthy/3c5ca000-1c26-46bf-8974-fd6599744059___RS_HL 7596.JPG,healthy,g1336,s_train
data/plantvillage/raw/color/Apple___healthy/3c739f46-0ab2-4441-8fa9-cbc16d7609cb___RS_HL 7385.JPG,healthy,g1337,s_test
data/plantvillage/raw/color/Apple___healthy/3d0032d5-ac37-4dbe-8c2c-ef567472578b___RS_HL 7750.JPG,healthy,g1338,s_test
data/plantvillage/raw/color/Apple___healthy/3d075f90-7002-4c45-abc0-4f35ee49aa79___RS_HL 6272.JPG,healthy,g1339,s_train
data/plantvillage/raw/color/Apple___healthy/3d2a5995-d293-471e-bcd3-862a8850d78d___RS_HL 5773.JPG,healthy,g1340,s_test
data/plantvillage/raw/color/Apple___healthy/3d300955-5956-4ed8-9348-d2d02388d4d3___RS_HL 7772.JPG,healthy,g1341,s_train
data/plantvillage/raw/color/Apple___healthy/3df0da99-6c5d-4520-b396-9616e81f8935___RS_HL 6031.JPG,healthy,g1342,s_train
data/plantvillage/raw/color/Apple___healthy/3df65fa9-1348-4c13-aca6-04bdca4fc070___RS_HL 5668.JPG,healthy,g1343,s_train
data/plantvillage/raw/color/Apple___healthy/3e19a6c4-e5d8-4649-b403-7a8fd36b88e2___RS_HL 7533.JPG,healthy,g1344,s_reliability
data/plantvillage/raw/color/Apple___healthy/3e3eaffe-3dda-4a64-8aa7-ca6cf40ff284___RS_HL 5698.JPG,healthy,g1345,s_val
data/plantvillage/raw/color/Apple___healthy/3e694355-bfdc-4dfe-978e-16c08b70bdba___RS_HL 8028.JPG,healthy,g1346,s_train
data/plantvillage/raw/color/Apple___healthy/3e8eb97c-b2ad-4aeb-82ff-2f1334801c9b___RS_HL 6098.JPG,healthy,g1347,s_calibration
data/plantvillage/raw/color/Apple___healthy/3ecbb982-2844-4662-ad65-9a94fee38fa3___RS_HL 8060.JPG,healthy,g1348,s_reliability
data/plantvillage/raw/color/Apple___healthy/3ecfd9ce-30c4-4453-9d90-75854c7f82b7___RS_HL 5950.JPG,healthy,g1349,s_test
data/plantvillage/raw/color/Apple___healthy/3ee00792-0430-445e-8c25-970607d2759d___RS_HL 7810.JPG,healthy,g1350,s_reliability
data/plantvillage/raw/color/Apple___healthy/3ee17877-b649-4b43-939a-d9415a21dfd5___RS_HL 7300.JPG,healthy,g1351,s_train
data/plantvillage/raw/color/Apple___healthy/3ee70760-b734-43e2-b29b-aee4daafe6cd___RS_HL 7317.JPG,healthy,g1352,s_train
data/plantvillage/raw/color/Apple___healthy/3eef4051-9e25-4e17-8540-c35e5df18648___RS_HL 6054.JPG,healthy,g1353,s_val
data/plantvillage/raw/color/Apple___healthy/3f9788c1-8456-453f-b1c2-5cc66ba714a6___RS_HL 7635.JPG,healthy,g1354,s_train
data/plantvillage/raw/color/Apple___healthy/3fdbd8fe-f026-4fef-b02d-b451fb60cb86___RS_HL 7353.JPG,healthy,g1355,s_reliability
data/plantvillage/raw/color/Apple___healthy/400723a1-65ae-4d62-b7c7-d8c0b7a02480___RS_HL 7479.JPG,healthy,g1356,s_train
data/plantvillage/raw/color/Apple___healthy/4019c49e-a237-4e3f-b4a9-823905304e05___RS_HL 7997.JPG,healthy,g1357,s_val
data/plantvillage/raw/color/Apple___healthy/4023916c-9823-4410-bd89-b8bfe1b0b456___RS_HL 6009.JPG,healthy,g1358,s_val
data/plantvillage/raw/color/Apple___healthy/404ef08f-0f34-4530-bc4b-ce356b3c2da1___RS_HL 7484.JPG,healthy,g1359,s_test
data/plantvillage/raw/color/Apple___healthy/405ca310-f708-4815-b121-5bb315d98f6f___RS_HL 6122.JPG,healthy,g1360,s_reliability
data/plantvillage/raw/color/Apple___healthy/40655604-b43e-4dab-91a2-6fe928f782e9___RS_HL 7929.JPG,healthy,g1361,s_train
data/plantvillage/raw/color/Apple___healthy/40b69253-5e07-452f-82b5-8d4f0f15e400___RS_HL 5813.JPG,healthy,g1362,s_val
data/plantvillage/raw/color/Apple___healthy/41628932-5547-443e-8659-ed8ad6be820e___RS_HL 5711.JPG,healthy,g1363,s_val
data/plantvillage/raw/color/Apple___healthy/4179bae8-d3f3-43ea-8e36-b3b4c752c261___RS_HL 6138.JPG,healthy,g1364,s_train
data/plantvillage/raw/color/Apple___healthy/41969f52-e194-401e-a55b-4ff88f740a8a___RS_HL 6125.JPG,healthy,g1365,s_train
data/plantvillage/raw/color/Apple___healthy/41a4e6fd-7e26-4c73-ac08-bcfffda53c0f___RS_HL 7322.JPG,healthy,g1366,s_test
data/plantvillage/raw/color/Apple___healthy/4221a70d-e5ef-44c7-843f-098a1fe0bfe3___RS_HL 8085.JPG,healthy,g1367,s_test
data/plantvillage/raw/color/Apple___healthy/42777529-bf54-4134-9bd6-34fbd135575d___RS_HL 8045.JPG,healthy,g1368,s_calibration
data/plantvillage/raw/color/Apple___healthy/427a2799-ef47-4ee9-9175-f2f850cf933e___RS_HL 8018.JPG,healthy,g1369,s_train
data/plantvillage/raw/color/Apple___healthy/42f558a0-c252-4949-ba12-232731aa9a6b___RS_HL 7543.JPG,healthy,g1370,s_calibration
data/plantvillage/raw/color/Apple___healthy/42fdd9ce-6860-4862-8717-4f147884c7d6___RS_HL 5739.JPG,healthy,g1371,s_reliability
data/plantvillage/raw/color/Apple___healthy/42feb98c-4131-453a-b189-5e7c147f3f32___RS_HL 6264.JPG,healthy,g1372,s_val
data/plantvillage/raw/color/Apple___healthy/4306468f-a177-4c65-bb9a-4167e8d33223___RS_HL 5897.JPG,healthy,g1373,s_calibration
data/plantvillage/raw/color/Apple___healthy/430fd7d8-9390-411c-b849-e421cf11f7a7___RS_HL 7314.JPG,healthy,g1374,s_test
data/plantvillage/raw/color/Apple___healthy/432debb0-7063-4747-bf11-e6b335f58947___RS_HL 7548.JPG,healthy,g1375,s_test
data/plantvillage/raw/color/Apple___healthy/4342c40d-5a1b-4a93-97b4-2e3579802605___RS_HL 7744.JPG,healthy,g1376,s_train
data/plantvillage/raw/color/Apple___healthy/435d4aff-f96c-415a-91a4-07e21179a3d0___RS_HL 8159.JPG,healthy,g1377,s_train
data/plantvillage/raw/color/Apple___healthy/43619607-151e-41c1-b428-89f24c177515___RS_HL 5723.JPG,healthy,g1378,s_val
data/plantvillage/raw/color/Apple___healthy/445d268a-415e-41d4-80de-0116fdaca73d___RS_HL 5982.JPG,healthy,g1379,s_train
data/plantvillage/raw/color/Apple___healthy/44707c11-0d08-411f-9fa3-21d3edf72031___RS_HL 6255.JPG,healthy,g1380,s_test
data/plantvillage/raw/color/Apple___healthy/44714cae-d7c8-4b0a-9058-0fe9ba703064___RS_HL 8081.JPG,healthy,g1381,s_test
data/plantvillage/raw/color/Apple___healthy/449205c0-c994-4e4f-9ea4-ef7fa45f2151___RS_HL 7730.JPG,healthy,g1382,s_train
data/plantvillage/raw/color/Apple___healthy/44acd453-48a7-48db-997a-34b00a4d437a___RS_HL 7892.JPG,healthy,g1383,s_test
data/plantvillage/raw/color/Apple___healthy/44be3db8-37a5-44e1-a1b5-df963562cb86___RS_HL 7531.JPG,healthy,g1384,s_train
data/plantvillage/raw/color/Apple___healthy/44d0b31c-72e0-4a8f-9c3b-64051dab5d2e___RS_HL 7856.JPG,healthy,g1385,s_train
data/plantvillage/raw/color/Apple___healthy/44f96d95-150b-499d-8fb7-a95ed4df85c6___RS_HL 8152.JPG,healthy,g1386,s_val
data/plantvillage/raw/color/Apple___healthy/45584571-03d6-40eb-909e-00c752a4d66e___RS_HL 5803.JPG,healthy,g1387,s_train
data/plantvillage/raw/color/Apple___healthy/456779f4-b7a7-4980-94ee-1798491ca888___RS_HL 7415.JPG,healthy,g1388,s_train
data/plantvillage/raw/color/Apple___healthy/456d5c1e-e025-4d4d-866c-799627dfeb36___RS_HL 5673.JPG,healthy,g1389,s_train
data/plantvillage/raw/color/Apple___healthy/45b5782c-dd64-4513-954a-25a4c4c5fdef___RS_HL 7887.JPG,healthy,g1390,s_test
data/plantvillage/raw/color/Apple___healthy/45c79d4a-ac12-4bf8-a4d6-f59898aa4570___RS_HL 6317.JPG,healthy,g1391,s_train
data/plantvillage/raw/color/Apple___healthy/45ec1880-a9d2-4458-bd99-f0a6c01e54c4___RS_HL 6303.JPG,healthy,g1392,s_calibration
data/plantvillage/raw/color/Apple___healthy/461e67e8-40dd-4bf6-964a-d16c7fc59ac9___RS_HL 7244.JPG,healthy,g1393,s_train
data/plantvillage/raw/color/Apple___healthy/468c07f3-8ac1-4b0f-8e10-f97a7b41f4f9___RS_HL 7661.JPG,healthy,g1394,s_train
data/plantvillage/raw/color/Apple___healthy/46c590f0-7e60-4ccd-af4e-45f911abf66a___RS_HL 6152.JPG,healthy,g1295,s_train
data/plantvillage/raw/color/Apple___healthy/46ef8441-3792-4ca8-919b-eb6cedd0ed3f___RS_HL 5998.JPG,healthy,g1395,s_train
data/plantvillage/raw/color/Apple___healthy/472f7b3f-a843-4ca2-b602-005ffc13d457___RS_HL 5864.JPG,healthy,g1396,s_train
data/plantvillage/raw/color/Apple___healthy/47c4f435-2335-44ff-be67-20586e69aacf___RS_HL 7552.JPG,healthy,g1397,s_calibration
data/plantvillage/raw/color/Apple___healthy/47c52b97-c8c7-41da-8bff-608d8db48408___RS_HL 6243.JPG,healthy,g1398,s_test
data/plantvillage/raw/color/Apple___healthy/47c9915d-7fb5-4426-a1b8-5928c3b20666___RS_HL 7565.JPG,healthy,g1399,s_reliability
data/plantvillage/raw/color/Apple___healthy/482fa3b9-4ab6-46ff-b670-ff5ba0f37425___RS_HL 5937.JPG,healthy,g1400,s_train
data/plantvillage/raw/color/Apple___healthy/4839a9b1-c89f-475c-849f-c40c44e9cfff___RS_HL 6040.JPG,healthy,g1401,s_test
data/plantvillage/raw/color/Apple___healthy/48585f10-a0d6-417c-9edc-fc029b04a195___RS_HL 7382.JPG,healthy,g1402,s_val
data/plantvillage/raw/color/Apple___healthy/48beab72-35ef-4711-ad53-579bfaf787d3___RS_HL 6230.JPG,healthy,g1403,s_calibration
data/plantvillage/raw/color/Apple___healthy/48cdfda2-59c7-4de9-96e2-a38dffd80754___RS_HL 6158.JPG,healthy,g1404,s_test
data/plantvillage/raw/color/Apple___healthy/48ff38b5-5af1-44e5-9d94-ee9a32715aba___RS_HL 6109.JPG,healthy,g1405,s_reliability
data/plantvillage/raw/color/Apple___healthy/491f5957-ed75-4198-b988-4f0c834cd4ec___RS_HL 6043.JPG,healthy,g1406,s_reliability
data/plantvillage/raw/color/Apple___healthy/4941b5f6-7a47-4207-bf9c-adfb43d46e26___RS_HL 6262.JPG,healthy,g1407,s_train
data/plantvillage/raw/color/Apple___healthy/49b6b50f-7c76-4c31-9e33-b5ae8d22264c___RS_HL 5882.JPG,healthy,g1408,s_test
data/plantvillage/raw/color/Apple___healthy/49c357ef-7887-43d3-a478-85486e70e2d3___RS_HL 5656.JPG,healthy,g1409,s_calibration
data/plantvillage/raw/color/Apple___healthy/49cc68a3-a1df-47c2-99d5-c2cb3a4c0227___RS_HL 7854.JPG,healthy,g1410,s_reliability
data/plantvillage/raw/color/Apple___healthy/49d18ffd-bfd4-435d-bffb-fe66ec0e3af6___RS_HL 5647.JPG,healthy,g1411,s_reliability
data/plantvillage/raw/color/Apple___healthy/49db45ee-cfb4-4691-800f-e1887f163f49___RS_HL 6160.JPG,healthy,g1412,s_calibration
data/plantvillage/raw/color/Apple___healthy/49fa7047-3a59-4afe-8dc3-e6fc10e5b830___RS_HL 7435.JPG,healthy,g1413,s_val
data/plantvillage/raw/color/Apple___healthy/4a99390b-e2ee-4941-a14f-37575ada3004___RS_HL 6039.JPG,healthy,g1414,s_test
data/plantvillage/raw/color/Apple___healthy/4aa3b2bb-1bd4-410a-bf6b-09862798bf88___RS_HL 6148.JPG,healthy,g1415,s_train
data/plantvillage/raw/color/Apple___healthy/4aaa2349-eed7-48ed-a96c-02c313ee2d68___RS_HL 5911.JPG,healthy,g1416,s_train
data/plantvillage/raw/color/Apple___healthy/4ab36472-9140-4bab-a351-008dd4845fde___RS_HL 5870.JPG,healthy,g1417,s_train
data/plantvillage/raw/color/Apple___healthy/4ab5d6f0-6f9a-4af3-ab4d-6daf034edeff___RS_HL 7889.JPG,healthy,g1418,s_train
data/plantvillage/raw/color/Apple___healthy/4b186022-c0ab-4a26-9930-c7944a3c431e___RS_HL 7389.JPG,healthy,g1419,s_train
data/plantvillage/raw/color/Apple___healthy/4b22a1e7-745b-4c78-a49e-14ca8cfba26a___RS_HL 8111.JPG,healthy,g1420,s_val
data/plantvillage/raw/color/Apple___healthy/4b2958d2-b93d-4ed1-b899-01a6c3a5b8b6___RS_HL 7768.JPG,healthy,g1421,s_train
data/plantvillage/raw/color/Apple___healthy/4b2e833c-9618-4733-90b1-71877f87a6f6___RS_HL 7361.JPG,healthy,g1422,s_train
data/plantvillage/raw/color/Apple___healthy/4b8147d5-9bcb-4375-ab29-de19201bc9af___RS_HL 7372.JPG,healthy,g1423,s_calibration
data/plantvillage/raw/color/Apple___healthy/4b8ec331-226a-4526-a87f-a2d45df438d7___RS_HL 5961.JPG,healthy,g1424,s_train
data/plantvillage/raw/color/Apple___healthy/4bfc8d18-abd9-473f-b581-22283574686d___RS_HL 8088.JPG,healthy,g1425,s_train
data/plantvillage/raw/color/Apple___healthy/4c368acb-0a47-4c7f-84bd-29dc74660db9___RS_HL 5800.JPG,healthy,g1426,s_train
data/plantvillage/raw/color/Apple___healthy/4c3bd8fb-b507-4ef4-93b6-39f1b0d087d8___RS_HL 6252.JPG,healthy,g1427,s_train
data/plantvillage/raw/color/Apple___healthy/4c4358f8-03ad-4d68-be74-d769ab728ef1___RS_HL 5921.JPG,healthy,g1428,s_test
data/plantvillage/raw/color/Apple___healthy/4c501b09-39fc-4c6c-9c50-2200f0ba8b27___RS_HL 8187.JPG,healthy,g1429,s_train
data/plantvillage/raw/color/Apple___healthy/4c50a62b-3af4-43f9-a31d-794abd545413___RS_HL 7739.JPG,healthy,g1430,s_train
data/plantvillage/raw/color/Apple___healthy/4c6671cb-b873-4e04-9dd8-fafb839a3d28___RS_HL 7797.JPG,healthy,g1431,s_calibration
data/plantvillage/raw/color/Apple___healthy/4c7d424b-d418-4b72-84a9-2a639eabb5ec___RS_HL 5734.JPG,healthy,g1432,s_reliability
data/plantvillage/raw/color/Apple___healthy/4c7e1a5a-fc48-43a8-959d-c7c8ad6462b9___RS_HL 7561.JPG,healthy,g1433,s_reliability
data/plantvillage/raw/color/Apple___healthy/4cc430bb-9f3d-4dfc-86c0-0dfdfd71ebb3___RS_HL 6147.JPG,healthy,g1434,s_train
data/plantvillage/raw/color/Apple___healthy/4cd37f4e-557b-4317-8772-21abd1efec65___RS_HL 7420.JPG,healthy,g1435,s_train
data/plantvillage/raw/color/Apple___healthy/4cd8dfb9-2afe-425f-a110-39882ded3802___RS_HL 5799.JPG,healthy,g1436,s_calibration
data/plantvillage/raw/color/Apple___healthy/4cf06978-a0b5-43a0-8da3-fda45eee2e1c___RS_HL 5777.JPG,healthy,g1437,s_reliability
data/plantvillage/raw/color/Apple___healthy/4cfa1595-b674-419b-93f7-2a836ff4d1bd___RS_HL 7464.JPG,healthy,g1438,s_val
data/plantvillage/raw/color/Apple___healthy/4d3a7082-8a74-4cbe-8c75-eb9ffd47490b___RS_HL 7792.JPG,healthy,g1439,s_train
data/plantvillage/raw/color/Apple___healthy/4d6b1b98-2f9a-454d-9ac9-37433c715920___RS_HL 7338.JPG,healthy,g1440,s_test
data/plantvillage/raw/color/Apple___healthy/4d6cc52c-984d-4652-ac24-ad608cb2085d___RS_HL 7725.JPG,healthy,g1441,s_train
data/plantvillage/raw/color/Apple___healthy/4d7bd871-a301-44ce-a229-a8136e0a43e4___RS_HL 7891.JPG,healthy,g1442,s_calibration
data/plantvillage/raw/color/Apple___healthy/4da8c9ec-92d1-4e33-87b2-de2906f88a46___RS_HL 8201.JPG,healthy,g1443,s_train
data/plantvillage/raw/color/Apple___healthy/4ddc6bdf-fa72-43ff-99df-36430b318df4___RS_HL 7499.JPG,healthy,g1444,s_train
data/plantvillage/raw/color/Apple___healthy/4ddf9e55-b678-4036-87c3-66076035cbe2___RS_HL 6194.JPG,healthy,g1445,s_test
data/plantvillage/raw/color/Apple___healthy/4e481e14-a671-4794-a1f0-9fca67ad7d0d___RS_HL 8124.JPG,healthy,g1446,s_train
data/plantvillage/raw/color/Apple___healthy/4e817ac6-818a-431f-af6d-e44477f9b649___RS_HL 7616.JPG,healthy,g1447,s_reliability
data/plantvillage/raw/color/Apple___healthy/4eab95ce-76ec-4bd2-9cc6-f39747569750___RS_HL 5958.JPG,healthy,g1448,s_test
data/plantvillage/raw/color/Apple___healthy/4eae8d4c-d3d9-4109-8637-76b68e1a5b66___RS_HL 5975.JPG,healthy,g1449,s_train
data/plantvillage/raw/color/Apple___healthy/4ec6e6f9-7f03-44ca-9bd0-1f64b5964308___RS_HL 5669.JPG,healthy,g1450,s_test
data/plantvillage/raw/color/Apple___healthy/4f3f74a8-ea7f-4053-a14c-f2f6d3c219ad___RS_HL 7872.JPG,healthy,g1451,s_train
data/plantvillage/raw/color/Apple___healthy/4f7c8fa5-f8cf-4b64-aaff-14d4a1c2cb27___RS_HL 7421.JPG,healthy,g1452,s_train
data/plantvillage/raw/color/Apple___healthy/4f84889d-5057-4b56-9643-86b7ec5fcfdd___RS_HL 8063.JPG,healthy,g1453,s_test
data/plantvillage/raw/color/Apple___healthy/4f915b76-fe41-4201-ae61-9c9ad7cbc94d___RS_HL 5933.JPG,healthy,g1454,s_test
data/plantvillage/raw/color/Apple___healthy/4f9b8500-4510-4d79-bcbf-d9b680cd8fe8___RS_HL 6304.JPG,healthy,g1455,s_train
data/plantvillage/raw/color/Apple___healthy/4fa27e50-47f1-4ce8-964d-06e0d62c086d___RS_HL 7881.JPG,healthy,g1456,s_train
data/plantvillage/raw/color/Apple___healthy/4ffc00fe-a8ce-4103-9fab-30165684d8c5___RS_HL 7490.JPG,healthy,g1457,s_reliability
data/plantvillage/raw/color/Apple___healthy/50477370-452c-4dd9-bdad-f270011e9094___RS_HL 6183.JPG,healthy,g1458,s_val
data/plantvillage/raw/color/Apple___healthy/504ac2ab-ebfc-4c7d-89bf-d52955b6d297___RS_HL 7652.JPG,healthy,g1459,s_val
data/plantvillage/raw/color/Apple___healthy/5060f00a-8caf-4379-b0c7-01147b8d932a___RS_HL 7472.JPG,healthy,g1460,s_train
data/plantvillage/raw/color/Apple___healthy/507b3ab4-ca9a-490e-8f3a-0ac06905fc40___RS_HL 8033.JPG,healthy,g1461,s_test
data/plantvillage/raw/color/Apple___healthy/50d5a081-d2b9-4297-ad6b-6c572018d941___RS_HL 7388.JPG,healthy,g1462,s_train
data/plantvillage/raw/color/Apple___healthy/514b3065-844b-40c8-8a86-043200a1779e___RS_HL 7721.JPG,healthy,g1463,s_train
data/plantvillage/raw/color/Apple___healthy/5150163c-ce61-4b06-bcab-d806f8c78dba___RS_HL 7682.JPG,healthy,g1464,s_calibration
data/plantvillage/raw/color/Apple___healthy/5192db55-4aa7-421c-92d4-c2dac79e7379___RS_HL 6273.JPG,healthy,g1465,s_train
data/plantvillage/raw/color/Apple___healthy/51ad3661-ed25-4c8f-9f90-44f8f0f042e0___RS_HL 7645.JPG,healthy,g1466,s_reliability
data/plantvillage/raw/color/Apple___healthy/51cafddc-e99e-43bd-866f-21564d062cb2___RS_HL 6328.JPG,healthy,g1467,s_train
data/plantvillage/raw/color/Apple___healthy/51cb81e8-dd15-40cd-b4f2-5287379dfe74___RS_HL 6104.JPG,healthy,g1468,s_train
data/plantvillage/raw/color/Apple___healthy/51e374ab-4fe6-4207-9d81-ec059f4cd3b8___RS_HL 8050.JPG,healthy,g1469,s_calibration
data/plantvillage/raw/color/Apple___healthy/51e68778-c3ba-423c-8fb8-bc5d1c20645a___RS_HL 7302.JPG,healthy,g1470,s_calibration
data/plantvillage/raw/color/Apple___healthy/523a77ee-6f19-4887-a35f-6ab14d47740b___RS_HL 8079.JPG,healthy,g1471,s_calibration
data/plantvillage/raw/color/Apple___healthy/525ecf21-2ca1-4939-b258-6002432703aa___RS_HL 7712.JPG,healthy,g1472,s_val
data/plantvillage/raw/color/Apple___healthy/526782c6-8d24-4438-8255-37422811d33f___RS_HL 7601.JPG,healthy,g1473,s_test
data/plantvillage/raw/color/Apple___healthy/52cf2701-f319-4b3e-b6fb-8071f2f09ca9___RS_HL 8191.JPG,healthy,g1474,s_train
data/plantvillage/raw/color/Apple___healthy/530f24d7-aefb-419d-b814-2cb3a81cfe2c___RS_HL 6071.JPG,healthy,g1475,s_train
data/plantvillage/raw/color/Apple___healthy/531fbf24-8362-445d-ba13-6ece16d53de7___RS_HL 6206.JPG,healthy,g1476,s_train
data/plantvillage/raw/color/Apple___healthy/5345137b-4957-4d47-896c-e9dcab8b7c43___RS_HL 7685.JPG,healthy,g1477,s_train
data/plantvillage/raw/color/Apple___healthy/5348c7f1-02d4-40ae-989e-1537043644cf___RS_HL 7657.JPG,healthy,g1478,s_reliability
data/plantvillage/raw/color/Apple___healthy/5356ef92-e60f-4456-8687-f8b624d60b53___RS_HL 5829.JPG,healthy,g1479,s_test
data/plantvillage/raw/color/Apple___healthy/53ad510e-0bf0-4366-928b-8d80f1a51b50___RS_HL 5873.JPG,healthy,g1480,s_train
data/plantvillage/raw/color/Apple___healthy/53ad897b-864f-414f-84e7-0ea0ce53fa1d___RS_HL 7273.JPG,healthy,g1481,s_reliability
data/plantvillage/raw/color/Apple___healthy/53b0c397-52b3-40c1-9ef5-c52b6ae7f4bb___RS_HL 6329.JPG,healthy,g1482,s_train
data/plantvillage/raw/color/Apple___healthy/53d09cc6-89ef-4180-a823-31c5f6566656___RS_HL 6070.JPG,healthy,g1483,s_reliability
data/plantvillage/raw/color/Apple___healthy/54c9c89e-7cb7-4c1e-8bbe-f33ca90df541___RS_HL 7766.JPG,healthy,g1484,s_reliability
data/plantvillage/raw/color/Apple___healthy/54ef2bb4-12a7-447e-a980-32c74bd26c1e___RS_HL 7459.JPG,healthy,g1485,s_train
data/plantvillage/raw/color/Apple___healthy/556b0ba0-dfb0-45de-9806-c6c068a8149d___RS_HL 5644.JPG,healthy,g1486,s_train
data/plantvillage/raw/color/Apple___healthy/558de0a1-89a7-4fa4-8814-bb1d8a845bfd___RS_HL 5779.JPG,healthy,g1487,s_val
data/plantvillage/raw/color/Apple___healthy/55a94d0f-ce98-4681-a4d5-a89dc2031b6a___RS_HL 7311.JPG,healthy,g1488,s_train
data/plantvillage/raw/color/Apple___healthy/55b3e1e7-0bd4-4e0b-b929-19d68fc43e23___RS_HL 7653.JPG,healthy,g1489,s_train
data/plantvillage/raw/color/Apple___healthy/55b70cf6-c157-48bb-892c-24fa7c230a85___RS_HL 6203.JPG,healthy,g1490,s_train
data/plantvillage/raw/color/Apple___healthy/55c7113c-3c1e-452c-a7bd-bb6fe007a20d___RS_HL 5724.JPG,healthy,g1491,s_val
data/plantvillage/raw/color/Apple___healthy/55e058db-7a66-4468-b6f8-a2e3fd4d567d___RS_HL 8128.JPG,healthy,g1492,s_train
data/plantvillage/raw/color/Apple___healthy/55e3aeb1-2c97-4cdd-9b75-8ab8d94c8447___RS_HL 7778.JPG,healthy,g1493,s_train
data/plantvillage/raw/color/Apple___healthy/55e7b07d-f05f-403a-ab00-e8102cb0341c___RS_HL 7410.JPG,healthy,g1494,s_test
data/plantvillage/raw/color/Apple___healthy/55eca570-7e6f-4bb9-ae2e-b9834d8fcea7___RS_HL 7726.JPG,healthy,g1495,s_train
data/plantvillage/raw/color/Apple___healthy/56357993-94b9-4ed2-bc6e-22d4245f958e___RS_HL 7313.JPG,healthy,g1496,s_train
data/plantvillage/raw/color/Apple___healthy/567114a3-0ce7-42e3-8245-ca6f3e27cf43___RS_HL 8001.JPG,healthy,g1497,s_reliability
data/plantvillage/raw/color/Apple___healthy/567c7469-bee8-4ddc-8ee9-2f14b3fb569e___RS_HL 7817.JPG,healthy,g1498,s_train
data/plantvillage/raw/color/Apple___healthy/56bc065a-e27d-4ec9-a15b-63188f6ddf66___RS_HL 7933.JPG,healthy,g1499,s_train
data/plantvillage/raw/color/Apple___healthy/56bd23e7-9376-418a-8dfb-f767bdc78500___RS_HL 6124.JPG,healthy,g1500,s_train
data/plantvillage/raw/color/Apple___healthy/56c024f5-844e-47d0-a936-d1617219125c___RS_HL 7776.JPG,healthy,g1501,s_reliability
data/plantvillage/raw/color/Apple___healthy/56c8fb12-185b-4225-bdee-abdbdcc6101b___RS_HL 7574.JPG,healthy,g1502,s_calibration
data/plantvillage/raw/color/Apple___healthy/56ca7e9b-3db1-4130-ab97-8627eb1a3850___RS_HL 7593.JPG,healthy,g1503,s_train
data/plantvillage/raw/color/Apple___healthy/57113348-f0fa-49d9-9d53-46edc4ae7bdb___RS_HL 6215.JPG,healthy,g1504,s_test
data/plantvillage/raw/color/Apple___healthy/57b5c040-d081-45ad-a73b-948eb18dd3eb___RS_HL 7826.JPG,healthy,g1505,s_train
data/plantvillage/raw/color/Apple___healthy/57e50846-b756-498f-a4b7-84571faed0ab___RS_HL 7541.JPG,healthy,g1506,s_train
data/plantvillage/raw/color/Apple___healthy/57ef10ab-f1fe-4b14-ad46-91b4255f2e49___RS_HL 5796.JPG,healthy,g1507,s_test
data/plantvillage/raw/color/Apple___healthy/58200f54-e3ef-4546-9378-0700a030e697___RS_HL 8005.JPG,healthy,g1508,s_train
data/plantvillage/raw/color/Apple___healthy/5820f6e9-8564-4b16-b548-4565567b07c0___RS_HL 7793.JPG,healthy,g1509,s_reliability
data/plantvillage/raw/color/Apple___healthy/5823ffd3-bd23-4088-80f5-dd33ae876694___RS_HL 7765.JPG,healthy,g1510,s_train
data/plantvillage/raw/color/Apple___healthy/5857071f-208a-40a0-85f2-6bc9f5a98fea___RS_HL 6026.JPG,healthy,g1511,s_test
data/plantvillage/raw/color/Apple___healthy/58bebbd8-1cfa-486b-86b3-64cf33697320___RS_HL 7651.JPG,healthy,g1512,s_reliability
data/plantvillage/raw/color/Apple___healthy/590363be-ab1f-4d0e-87a5-d632b28d79e0___RS_HL 7334.JPG,healthy,g1513,s_test
data/plantvillage/raw/color/Apple___healthy/5915bea7-aecc-4247-acfe-6e115e7c9836___RS_HL 7703.JPG,healthy,g1514,s_reliability
data/plantvillage/raw/color/Apple___healthy/5941b857-a525-4aff-ba20-def608d63c4d___RS_HL 6119.JPG,healthy,g1515,s_test
data/plantvillage/raw/color/Apple___healthy/594c429c-488e-4d8e-9b44-c3929cecafc9___RS_HL 5878.JPG,healthy,g1516,s_calibration
data/plantvillage/raw/color/Apple___healthy/594d37c6-accf-4ea8-9c97-8a9e0300010d___RS_HL 8019.JPG,healthy,g1517,s_calibration
data/plantvillage/raw/color/Apple___healthy/595381e5-c16b-4348-aaea-00763903646d___RS_HL 6153.JPG,healthy,g1518,s_test
data/plantvillage/raw/color/Apple___healthy/5977222a-8f4a-44b3-9960-61fcf36c5e7f___RS_HL 5664.JPG,healthy,g1519,s_train
data/plantvillage/raw/color/Apple___healthy/5a0aa782-76a8-4de9-89e9-47cb35d222e3___RS_HL 6310.JPG,healthy,g1520,s_train
data/plantvillage/raw/color/Apple___healthy/5a2ee566-426a-4422-b8e7-14e2e3190846___RS_HL 7486.JPG,healthy,g1521,s_val
data/plantvillage/raw/color/Apple___healthy/5a92a89d-a10e-423c-aed8-8505e04e15dc___RS_HL 7836.JPG,healthy,g1522,s_reliability
data/plantvillage/raw/color/Apple___healthy/5ac41a3d-ca1b-4215-a7a5-500d77acc67a___RS_HL 5931.JPG,healthy,g1523,s_calibration
data/plantvillage/raw/color/Apple___healthy/5ade6606-f111-4074-a533-30f215297f08___RS_HL 6282.JPG,healthy,g1524,s_val
data/plantvillage/raw/color/Apple___healthy/5adf1cdb-17bc-4871-ad87-ccdf715cfdb7___RS_HL 7309.JPG,healthy,g1525,s_train
data/plantvillage/raw/color/Apple___healthy/5b0eb6d3-92f9-4332-8228-6c587810f9c6___RS_HL 7949.JPG,healthy,g1526,s_test
data/plantvillage/raw/color/Apple___healthy/5b264ecb-2c4c-47f3-93ec-c9f79a3e8e09___RS_HL 7401.JPG,healthy,g1527,s_calibration
data/plantvillage/raw/color/Apple___healthy/5b8c01e5-748f-4b5b-b64b-26bb129a5db6___RS_HL 7996.JPG,healthy,g1528,s_train
data/plantvillage/raw/color/Apple___healthy/5ba92c8d-c731-436f-9d77-5685ec780f5f___RS_HL 8120.JPG,healthy,g1529,s_train
data/plantvillage/raw/color/Apple___healthy/5bf61b7f-4211-4667-b004-3481279854f2___RS_HL 8095.JPG,healthy,g1530,s_train
data/plantvillage/raw/color/Apple___healthy/5bfc7dd9-17aa-4e40-b7f3-6033dc95f408___RS_HL 5717.JPG,healthy,g1531,s_test
data/plantvillage/raw/color/Apple___healthy/5c320c7a-e164-43d0-adab-b966ff9e2c1a___RS_HL 8055.JPG,healthy,g1532,s_test
data/plantvillage/raw/color/Apple___healthy/5c554f84-2f25-4a08-8cd9-561a0c56fc12___RS_HL 5820.JPG,healthy,g1533,s_calibration
data/plantvillage/raw/color/Apple___healthy/5c74b103-09f2-48ae-bbdd-7aa9aaf929cc___RS_HL 5649.JPG,healthy,g1534,s_test
data/plantvillage/raw/color/Apple___healthy/5ceb4c0b-09ea-48e5-87b8-454adc630534___RS_HL 7573.JPG,healthy,g1535,s_train
data/plantvillage/raw/color/Apple___healthy/5ceefac5-fa4f-4b5c-b270-3a945fc89ec0___RS_HL 6191.JPG,healthy,g1536,s_train
data/plantvillage/raw/color/Apple___healthy/5d1bb18d-dda0-4079-b3c5-62bc50c3ce35___RS_HL 7560.JPG,healthy,g1537,s_val
data/plantvillage/raw/color/Apple___healthy/5d4206ed-09fa-42d5-a42d-2fc98cb4820d___RS_HL 6032.JPG,healthy,g1538,s_calibration
data/plantvillage/raw/color/Apple___healthy/5d542bd8-d3c1-484e-9cc1-e7c409aff1f8___RS_HL 6197.JPG,healthy,g1539,s_val
data/plantvillage/raw/color/Apple___healthy/5d738917-48c8-4a27-90e9-0a4eac076fbc___RS_HL 5999.JPG,healthy,g1540,s_calibration
data/plantvillage/raw/color/Apple___healthy/5db8c857-6f3a-4066-9bd6-e245e725d03e___RS_HL 8016.JPG,healthy,g1541,s_train
data/plantvillage/raw/color/Apple___healthy/5dba053d-d3b0-49b9-babc-4f1e8e7d3f59___RS_HL 6235.JPG,healthy,g1542,s_reliability
data/plantvillage/raw/color/Apple___healthy/5decc9b0-698c-49d0-906b-1a679b0001f9___RS_HL 6245.JPG,healthy,g1543,s_train
data/plantvillage/raw/color/Apple___healthy/5ded9dac-20e0-4e68-a202-43c6723c335d___RS_HL 6186.JPG,healthy,g1544,s_reliability
data/plantvillage/raw/color/Apple___healthy/5e39c42c-b499-495f-8612-eb3a1079d594___RS_HL 6047.JPG,healthy,g1545,s_train
data/plantvillage/raw/color/Apple___healthy/5e552830-5ccd-4f85-9f77-ed63db285890___RS_HL 5994.JPG,healthy,g1546,s_val
data/plantvillage/raw/color/Apple___healthy/5e6846df-21b1-444c-ac0d-34c67443dbef___RS_HL 7270.JPG,healthy,g1547,s_train
data/plantvillage/raw/color/Apple___healthy/5ee4cb1c-d933-4e89-b364-9b740b48e077___RS_HL 6224.JPG,healthy,g1548,s_calibration
data/plantvillage/raw/color/Apple___healthy/5eea6ca0-2fb5-4382-bd60-2893d4367bc3___RS_HL 6007.JPG,healthy,g1549,s_train
data/plantvillage/raw/color/Apple___healthy/5f067f00-b2c7-4948-b961-b940b4b148db___RS_HL 5860.JPG,healthy,g1550,s_train
data/plantvillage/raw/color/Apple___healthy/5f1b959d-c157-455f-baea-258293cad073___RS_HL 6114.JPG,healthy,g1551,s_val
data/plantvillage/raw/color/Apple___healthy/5f4ef432-dcd4-4035-811a-b86aff3c885f___RS_HL 5963.JPG,healthy,g1552,s_train
data/plantvillage/raw/color/Apple___healthy/5f83961d-85ba-4fed-9d97-dbf83c2965d9___RS_HL 6029.JPG,healthy,g1553,s_train
data/plantvillage/raw/color/Apple___healthy/5fbda72a-a8f7-4ac9-a1d9-6c8d2e316297___RS_HL 7747.JPG,healthy,g1554,s_train
data/plantvillage/raw/color/Apple___healthy/5fc41ba8-baf5-47ce-b6e5-3741dd3b154f___RS_HL 5965.JPG,healthy,g1555,s_reliability
data/plantvillage/raw/color/Apple___healthy/5fc76906-09db-4c86-a95e-f3c8d70c29c6___RS_HL 7414.JPG,healthy,g1556,s_test
data/plantvillage/raw/color/Apple___healthy/5fd5b78d-72e9-4e04-99cf-a1b4ef4ba485___RS_HL 7852.JPG,healthy,g1557,s_train
data/plantvillage/raw/color/Apple___healthy/5fd95287-1688-4342-8105-ad21af63aeac___RS_HL 8078.JPG,healthy,g1558,s_train
data/plantvillage/raw/color/Apple___healthy/602a8c1f-1fa9-4141-b589-d514acc17ce4___RS_HL 6016.JPG,healthy,g1559,s_train
data/plantvillage/raw/color/Apple___healthy/6034f340-2122-4fe1-8696-cd5327f6984f___RS_HL 7445.JPG,healthy,g1560,s_val
data/plantvillage/raw/color/Apple___healthy/60385266-12df-445f-9fcf-196b1f91c254___RS_HL 8070.JPG,healthy,g1561,s_calibration
data/plantvillage/raw/color/Apple___healthy/603b96cc-3237-4ddf-97b9-11ddbf4840f0___RS_HL 7598.JPG,healthy,g1562,s_train
data/plantvillage/raw/color/Apple___healthy/605bebdc-6d3e-4cfe-8498-3ccd1028e76d___RS_HL 7877.JPG,healthy,g1563,s_train
data/plantvillage/raw/color/Apple___healthy/606de063-baa7-4f80-b474-6e5cf4ea010a___RS_HL 7979.JPG,healthy,g1564,s_train
data/plantvillage/raw/color/Apple___healthy/60a20878-4945-491b-adff-ca8829824261___RS_HL 5847.JPG,healthy,g1565,s_reliability
data/plantvillage/raw/color/Apple___healthy/60af8fc1-7f44-496c-9999-507d06e92142___RS_HL 7278.JPG,healthy,g1566,s_train
data/plantvillage/raw/color/Apple___healthy/60be19f7-984f-4e9d-ad1d-4d21ea4c0eef___RS_HL 7966.JPG,healthy,g1567,s_calibration
data/plantvillage/raw/color/Apple___healthy/614e548e-9a13-428c-89bf-353a1880cf73___RS_HL 8190.JPG,healthy,g1568,s_calibration
data/plantvillage/raw/color/Apple___healthy/61697828-b645-4f07-844a-dc9902713d3e___RS_HL 7363.JPG,healthy,g1569,s_reliability
data/plantvillage/raw/color/Apple___healthy/616a7bd4-b200-4057-9c03-3cdedae3992a___RS_HL 7614.JPG,healthy,g1570,s_train
data/plantvillage/raw/color/Apple___healthy/61cac07b-9d6e-4fac-b60f-410280d94ed1___RS_HL 7455.JPG,healthy,g1571,s_train
data/plantvillage/raw/color/Apple___healthy/61cc71ec-5d4d-4c85-939b-77e8cd75fafe___RS_HL 6038.JPG,healthy,g1572,s_test
data/plantvillage/raw/color/Apple___healthy/62047680-5efb-4779-99e0-d2bfe2ddba8a___RS_HL 7791.JPG,healthy,g1573,s_train
data/plantvillage/raw/color/Apple___healthy/6224ac4b-d395-4137-974b-e945c5655dbe___RS_HL 5960.JPG,healthy,g1574,s_train
data/plantvillage/raw/color/Apple___healthy/622b6e6e-1388-4933-9f74-3ae54937a3d7___RS_HL 5920.JPG,healthy,g1575,s_train
data/plantvillage/raw/color/Apple___healthy/6272b53a-1ade-46fc-85e8-cf9517c6e0ed___RS_HL 7858.JPG,healthy,g1576,s_test
data/plantvillage/raw/color/Apple___healthy/62acb368-c1b6-496c-910d-64cd4b8c5941___RS_HL 7964.JPG,healthy,g1577,s_train
data/plantvillage/raw/color/Apple___healthy/62c6270f-9667-492e-be5b-ee599927718a___RS_HL 7671.JPG,healthy,g1578,s_reliability
data/plantvillage/raw/color/Apple___healthy/62d3964c-3cc9-495c-94d5-0558f5fe3063___RS_HL 7607.JPG,healthy,g1579,s_test
data/plantvillage/raw/color/Apple___healthy/62e8755e-c7c8-4eb9-b937-4dd4f1e14723___RS_HL 7339.JPG,healthy,g1580,s_reliability
data/plantvillage/raw/color/Apple___healthy/6379ed3c-dd03-4f07-a773-84842960d921___RS_HL 7741.JPG,healthy,g1581,s_test
data/plantvillage/raw/color/Apple___healthy/638ea400-bbc7-4642-b7f3-f57e2f3409cb___RS_HL 7718.JPG,healthy,g1582,s_train
data/plantvillage/raw/color/Apple___healthy/63f2f961-ac3f-4a2d-9fc1-6987e8da97cc___RS_HL 7447.JPG,healthy,g1583,s_train
data/plantvillage/raw/color/Apple___healthy/6422d3df-4b2d-4e73-b1c9-3da9f763cb75___RS_HL 7259.JPG,healthy,g1584,s_train
data/plantvillage/raw/color/Apple___healthy/6437e60f-2ce4-447d-be7f-b2fb181eef42___RS_HL 5992.JPG,healthy,g1585,s_test
data/plantvillage/raw/color/Apple___healthy/643e172f-02bf-4021-9587-6cfd21c8a344___RS_HL 6053.JPG,healthy,g1586,s_reliability
data/plantvillage/raw/color/Apple___healthy/64764c6e-6e57-4fbe-903f-06103bd72a38___RS_HL 5951.JPG,healthy,g1587,s_train
data/plantvillage/raw/color/Apple___healthy/647ab085-3f32-4ff1-9972-bef63cb4085e___RS_HL 7595.JPG,healthy,g1588,s_train
data/plantvillage/raw/color/Apple___healthy/6504ca1b-442e-4839-b61e-2660fffcb67b___RS_HL 7952.JPG,healthy,g1589,s_calibration
data/plantvillage/raw/color/Apple___healthy/6519f187-e99f-4a02-9a28-eb4e167ea35c___RS_HL 6015.JPG,healthy,g1590,s_train
data/plantvillage/raw/color/Apple___healthy/65a6866e-a6ea-46d5-a8ca-413f98cd8b7a___RS_HL 5817.JPG,healthy,g1591,s_reliability
data/plantvillage/raw/color/Apple___healthy/65a6d1f7-616e-40b7-8ebb-8b895c69a7dd___RS_HL 7813.JPG,healthy,g1592,s_train
data/plantvillage/raw/color/Apple___healthy/65c5f31a-626b-4e2c-afd1-d740ce4ab7d8___RS_HL 7995.JPG,healthy,g1593,s_train
data/plantvillage/raw/color/Apple___healthy/65f9450e-cd32-465c-b2cd-e24111798fb1___RS_HL 7950.JPG,healthy,g1594,s_test
data/plantvillage/raw/color/Apple___healthy/65fcf384-964b-41c5-9a54-aecb473283d2___RS_HL 7672.JPG,healthy,g1595,s_test
data/plantvillage/raw/color/Apple___healthy/6627c6e7-9d4f-41a7-9d86-ad04cfe2841a___RS_HL 7442.JPG,healthy,g1596,s_calibration
data/plantvillage/raw/color/Apple___healthy/6695f23d-03f2-48ce-a3fe-b0fcd4f4972c___RS_HL 5884.JPG,healthy,g1597,s_train
data/plantvillage/raw/color/Apple___healthy/66b2ddc7-46d8-487c-a93b-43d4332b7a31___RS_HL 5764.JPG,healthy,g1598,s_calibration
data/plantvillage/raw/color/Apple___healthy/6758f085-1397-42a4-8b03-2f5e87f3bedd___RS_HL 5751.JPG,healthy,g1599,s_train
data/plantvillage/raw/color/Apple___healthy/6760f8fc-05d5-4cdb-ba7c-4d87d508bb79___RS_HL 8185.JPG,healthy,g1600,s_train
data/plantvillage/raw/color/Apple___healthy/679f57c6-992b-424e-beb7-5344a873e1dd___RS_HL 8026.JPG,healthy,g1601,s_train
data/plantvillage/raw/color/Apple___healthy/67bb4b6e-c398-42db-a269-7aa2e06fee3f___RS_HL 7610.JPG,healthy,g1602,s_calibration
data/plantvillage/raw/color/Apple___healthy/6806c56d-b5d6-45fc-8e96-0d8def5932b9___RS_HL 5692.JPG,healthy,g1603,s_test
data/plantvillage/raw/color/Apple___healthy/682b3d72-607f-404f-b9e8-48acc1574f41___RS_HL 7419.JPG,healthy,g1604,s_reliability
data/plantvillage/raw/color/Apple___healthy/686a65da-b541-4b08-94bf-631cf6d27449___RS_HL 7584.JPG,healthy,g1605,s_train
data/plantvillage/raw/color/Apple___healthy/686f612d-bb49-409a-8afa-0707481774fe___RS_HL 8184.JPG,healthy,g1606,s_val
data/plantvillage/raw/color/Apple___healthy/68812d5a-2b5d-4a89-b8de-f8f87422f321___RS_HL 6280.JPG,healthy,g1607,s_train
data/plantvillage/raw/color/Apple___healthy/688b1671-7399-46a1-b93e-53b11cf210f7___RS_HL 7842.JPG,healthy,g1608,s_reliability
data/plantvillage/raw/color/Apple___healthy/68b064ad-fce1-4ab8-9c2c-82f49c4a5ee2___RS_HL 7993.JPG,healthy,g1609,s_train
data/plantvillage/raw/color/Apple___healthy/68bec77e-3c62-4ea5-85e4-fa29068ebb34___RS_HL 7340.JPG,healthy,g1610,s_test
data/plantvillage/raw/color/Apple___healthy/68d3346d-11c5-4ad7-ba09-2f616dde3848___RS_HL 7428.JPG,healthy,g1611,s_train
data/plantvillage/raw/color/Apple___healthy/68dd3ff0-d8d5-49a7-8813-46293114d967___RS_HL 7990.JPG,healthy,g1612,s_train
data/plantvillage/raw/color/Apple___healthy/68f559ea-dff3-43a8-a804-a491e5c4feb9___RS_HL 7909.JPG,healthy,g1613,s_train
data/plantvillage/raw/color/Apple___healthy/68fdb88e-755a-47c3-8e60-600533b8a53c___RS_HL 7780.JPG,healthy,g1614,s_train
data/plantvillage/raw/color/Apple___healthy/68feaaac-b503-4202-99fb-2cb86ad427c3___RS_HL 7916.JPG,healthy,g1615,s_calibration
data/plantvillage/raw/color/Apple___healthy/69344270-ab7c-44c1-a395-03dfb984108a___RS_HL 5925.JPG,healthy,g1616,s_train
data/plantvillage/raw/color/Apple___healthy/6935b4ee-4f53-4f11-b2bf-d9e7db6dcaa9___RS_HL 7253.JPG,healthy,g1617,s_test
data/plantvillage/raw/color/Apple___healthy/698bc8a2-cead-4946-8d9a-abe38760d1fb___RS_HL 5855.JPG,healthy,g1618,s_val
data/plantvillage/raw/color/Apple___healthy/6a2b2664-0e91-455c-8978-64c097631604___RS_HL 7808.JPG,healthy,g1619,s_train
data/plantvillage/raw/color/Apple___healthy/6a5ded2c-8123-4d42-86fe-7be3c9f268a1___RS_HL 6302.JPG,healthy,g1620,s_test
data/plantvillage/raw/color/Apple___healthy/6aa4217e-6d45-4a3b-8804-99fe82bd8925___RS_HL 7627.JPG,healthy,g1621,s_val
data/plantvillage/raw/color/Apple___healthy/6acc4c43-8bc1-4a6e-a6d6-93474e9c8502___RS_HL 7654.JPG,healthy,g1622,s_train
data/plantvillage/raw/color/Apple___healthy/6b106a6f-b47f-40a3-8825-f7bfea6163d7___RS_HL 7905.JPG,healthy,g1623,s_train
data/plantvillage/raw/color/Apple___healthy/6b11324f-6b70-40d7-9cd2-f7d36b0c69cd___RS_HL 7431.JPG,healthy,g1624,s_reliability
data/plantvillage/raw/color/Apple___healthy/6b1696f3-a455-4ac4-b5e4-2839681937fe___RS_HL 5867.JPG,healthy,g1625,s_test
data/plantvillage/raw/color/Apple___healthy/6bf1bcc0-0e98-4f3c-901d-ab8552f04fdd___RS_HL 7899.JPG,healthy,g1626,s_calibration
data/plantvillage/raw/color/Apple___healthy/6c8764e8-c52e-421a-995d-dc3fdce8f40f___RS_HL 7380.JPG,healthy,g1627,s_val
data/plantvillage/raw/color/Apple___healthy/6d276438-7f26-4b65-b425-a18ce241ab04___RS_HL 6050.JPG,healthy,g1628,s_train
data/plantvillage/raw/color/Apple___healthy/6d92d301-d0e2-4c46-8715-afa326a6d5d9___RS_HL 8193.JPG,healthy,g1629,s_calibration
data/plantvillage/raw/color/Apple___healthy/6dd6bf2b-b606-46fd-af76-6c9166c7d626___RS_HL 7276.JPG,healthy,g1630,s_reliability
data/plantvillage/raw/color/Apple___healthy/6dea065f-3b56-4372-a04a-ab6d20e47234___RS_HL 7453.JPG,healthy,g1631,s_train
data/plantvillage/raw/color/Apple___healthy/6e05d89e-4cb2-45bd-9800-f128ddbcdaa8___RS_HL 8127.JPG,healthy,g1632,s_train
data/plantvillage/raw/color/Apple___healthy/6e158c4d-f39d-4667-9fb1-7ff184fd7288___RS_HL 6192.JPG,healthy,g1633,s_train
data/plantvillage/raw/color/Apple___healthy/6e9b4ada-0f43-4de2-8e5d-463a3cb4da0f___RS_HL 7495.JPG,healthy,g1634,s_test
data/plantvillage/raw/color/Apple___healthy/6f354ce6-6c55-4cf0-a63e-11f901af67d6___RS_HL 8103.JPG,healthy,g1635,s_train
data/plantvillage/raw/color/Apple___healthy/6fb1530c-0b24-48df-b2f2-02a8498546ad___RS_HL 8168.JPG,healthy,g1636,s_train
data/plantvillage/raw/color/Apple___healthy/6fdc92a4-12e5-43f3-8766-96f49075b59d___RS_HL 8015.JPG,healthy,g1637,s_train
data/plantvillage/raw/color/Apple___healthy/6fe99b1c-d402-4756-a21b-ff964b999adb___RS_HL 6253.JPG,healthy,g1638,s_train
data/plantvillage/raw/color/Apple___healthy/7007d57a-a05a-41b5-a80f-9fe33debaf1a___RS_HL 7354.JPG,healthy,g1639,s_reliability
data/plantvillage/raw/color/Apple___healthy/70491e38-2a9e-4fb7-9ab5-dfa49d46b202___RS_HL 7758.JPG,healthy,g1640,s_reliability
data/plantvillage/raw/color/Apple___healthy/705990f2-bc4f-4568-af0b-2f58bd3b51a0___RS_HL 7608.JPG,healthy,g1641,s_train
data/plantvillage/raw/color/Apple___healthy/707ef394-bd7d-463c-86b8-4a13464bc6e0___RS_HL 7555.JPG,healthy,g1642,s_val
data/plantvillage/raw/color/Apple___healthy/70b3a226-962d-4d2c-a6c0-31cb3d1eab4e___RS_HL 6189.JPG,healthy,g1643,s_test
data/plantvillage/raw/color/Apple___healthy/70bfc07a-818d-44fd-bd98-fc779161abce___RS_HL 6105.JPG,healthy,g1644,s_train
data/plantvillage/raw/color/Apple___healthy/70e5bc17-eaff-43e3-b198-2658561b63b1___RS_HL 5866.JPG,healthy,g1645,s_val
data/plantvillage/raw/color/Apple___healthy/712b5957-4109-4ed4-a393-a6605ebe6c08___RS_HL 5750.JPG,healthy,g1646,s_train
data/plantvillage/raw/color/Apple___healthy/715ddd59-a49f-42e1-8eed-2c3dd29677fd___RS_HL 5832.JPG,healthy,g1647,s_train
data/plantvillage/raw/color/Apple___healthy/71689ece-34cc-4210-ad88-23ee1d26dfde___RS_HL 7924.JPG,healthy,g1648,s_val
data/plantvillage/raw/color/Apple___healthy/71757e95-73f9-4d07-b357-feb6b120f4fd___RS_HL 7280.JPG,healthy,g1649,s_calibration
data/plantvillage/raw/color/Apple___healthy/71b2b307-ddd7-48bf-b904-4d1101c9fc4b___RS_HL 7755.JPG,healthy,g1650,s_calibration
data/plantvillage/raw/color/Apple___healthy/72053aee-f044-46c5-ab44-322e198c3f1d___RS_HL 7588.JPG,healthy,g1651,s_train
data/plantvillage/raw/color/Apple___healthy/72059689-4c66-4922-8702-1a8d1fef1594___RS_HL 7729.JPG,healthy,g1652,s_test
data/plantvillage/raw/color/Apple___healthy/720d9250-e209-42bd-8be8-c3ee3e2a057f___RS_HL 5869.JPG,healthy,g1653,s_train
data/plantvillage/raw/color/Apple___healthy/7236c207-e185-4e16-ad82-77b1dde69e23___RS_HL 6173.JPG,healthy,g1654,s_val
data/plantvillage/raw/color/Apple___healthy/723a658e-85ee-431c-bfe7-a411686bd528___RS_HL 6074.JPG,healthy,g1655,s_train
data/plantvillage/raw/color/Apple___healthy/725e9b8f-f55c-44ce-a0d8-7b6829f86630___RS_HL 7532.JPG,healthy,g1656,s_train
data/plantvillage/raw/color/Apple___healthy/725fe867-1075-471a-b69d-6553d1445216___RS_HL 6127.JPG,healthy,g1657,s_train
data/plantvillage/raw/color/Apple___healthy/726e185f-50c5-47f4-98cd-f1fd333f717b___RS_HL 5862.JPG,healthy,g1658,s_calibration
data/plantvillage/raw/color/Apple___healthy/72910301-856e-491d-b929-efdc81bb3eb5___RS_HL 5765.JPG,healthy,g1659,s_train
data/plantvillage/raw/color/Apple___healthy/72e2d888-0fd6-4bd0-be79-82715f062290___RS_HL 7621.JPG,healthy,g1660,s_test
data/plantvillage/raw/color/Apple___healthy/735b41f2-e433-4ca1-98eb-85b9af69a7bc___RS_HL 5879.JPG,healthy,g1661,s_train
data/plantvillage/raw/color/Apple___healthy/73f042d4-5213-4618-9783-8ff76967cb75___RS_HL 7821.JPG,healthy,g1662,s_train
data/plantvillage/raw/color/Apple___healthy/741841f6-e95c-4206-ac05-c5cb98c7e7cd___RS_HL 5908.JPG,healthy,g1663,s_test
data/plantvillage/raw/color/Apple___healthy/7450ae7f-41df-4afb-a9f5-6a4059d7a4a1___RS_HL 5818.JPG,healthy,g1664,s_train
data/plantvillage/raw/color/Apple___healthy/74ac887b-9c88-44bc-8f94-a1da87ccb3ef___RS_HL 7715.JPG,healthy,g1665,s_train
data/plantvillage/raw/color/Apple___healthy/74bda678-63b6-44fb-8e8f-259788239618___RS_HL 5830.JPG,healthy,g1666,s_reliability
data/plantvillage/raw/color/Apple___healthy/74d4928f-5a36-4f9b-acbe-be50736d397d___RS_HL 8169.JPG,healthy,g1667,s_train
data/plantvillage/raw/color/Apple___healthy/74df20a6-770a-4ab4-87a6-7020c98bc329___RS_HL 8064.JPG,healthy,g1668,s_train
data/plantvillage/raw/color/Apple___healthy/74f7c545-de83-473d-82de-1e8c89fd975a___RS_HL 8172.JPG,healthy,g1669,s_val
data/plantvillage/raw/color/Apple___healthy/74fa2964-1307-4b24-8361-0145f7f7f371___RS_HL 5919.JPG,healthy,g1670,s_calibration
data/plantvillage/raw/color/Apple___healthy/7519aef6-3f42-4dd9-8e9e-f3eced492298___RS_HL 5863.JPG,healthy,g1671,s_train
data/plantvillage/raw/color/Apple___healthy/752c8f77-8b65-46df-886f-e95346e7856f___RS_HL 5705.JPG,healthy,g1672,s_calibration
data/plantvillage/raw/color/Apple___healthy/753a02e9-3624-4692-a0c9-ccb78c8f916b___RS_HL 5782.JPG,healthy,g1673,s_train
data/plantvillage/raw/color/Apple___healthy/7569e8c8-96c8-4d87-8bcd-139566dd4d87___RS_HL 5763.JPG,healthy,g1674,s_calibration
data/plantvillage/raw/color/Apple___healthy/75872668-0901-4fe5-a995-80d0b0caee1c___RS_HL 8130.JPG,healthy,g1675,s_train
data/plantvillage/raw/color/Apple___healthy/75ab3bb8-40ec-4292-9c61-deaa6fcf71f0___RS_HL 8054.JPG,healthy,g1676,s_train
data/plantvillage/raw/color/Apple___healthy/75b7a5bc-e419-4312-b5d9-6c3446a24ef4___RS_HL 6079.JPG,healthy,g1677,s_val
data/plantvillage/raw/color/Apple___healthy/75bc8098-3ccc-4cc5-aff0-ce68b4fa2b82___RS_HL 7845.JPG,healthy,g1678,s_calibration
data/plantvillage/raw/color/Apple___healthy/76236e9c-1898-475e-b0f6-0d535e105432___RS_HL 7702.JPG,healthy,g1679,s_train
data/plantvillage/raw/color/Apple___healthy/76367d84-6702-4ef7-84f1-fe308315d04d___RS_HL 5967.JPG,healthy,g1680,s_val
data/plantvillage/raw/color/Apple___healthy/764614d4-c19d-4dac-ba69-e2aced0900aa___RS_HL 7546.JPG,healthy,g1681,s_train
data/plantvillage/raw/color/Apple___healthy/76598665-5f8b-4e6e-86c4-36d528385387___RS_HL 6312.JPG,healthy,g1682,s_train
data/plantvillage/raw/color/Apple___healthy/7671e6ca-f9a9-4657-a96a-1bcf0df3abe7___RS_HL 6231.JPG,healthy,g1683,s_reliability
data/plantvillage/raw/color/Apple___healthy/768f1904-8365-4d72-aa84-87d9f09ef2d5___RS_HL 7937.JPG,healthy,g1684,s_train
data/plantvillage/raw/color/Apple___healthy/76c0783e-5e1a-4a25-8371-9e7ef2a8c9d7___RS_HL 7465.JPG,healthy,g1685,s_train
data/plantvillage/raw/color/Apple___healthy/77004cfa-f435-49af-8435-7986927228ca___RS_HL 7609.JPG,healthy,g1686,s_calibration
data/plantvillage/raw/color/Apple___healthy/7703726c-19ce-4e3a-a921-1a84161b12d0___RS_HL 8174.JPG,healthy,g1687,s_val
data/plantvillage/raw/color/Apple___healthy/7710d64d-83a3-46af-a9ff-535dd225523f___RS_HL 5788.JPG,healthy,g1688,s_val
data/plantvillage/raw/color/Apple___healthy/77273304-be77-4b74-a4ed-cd42826f4635___RS_HL 8178.JPG,healthy,g1689,s_reliability
data/plantvillage/raw/color/Apple___healthy/772e7314-c24e-4126-aa12-224b27098319___RS_HL 5663.JPG,healthy,g1690,s_reliability
data/plantvillage/raw/color/Apple___healthy/7771f894-0889-44fc-93dc-0e0c1162a5e8___RS_HL 7870.JPG,healthy,g1691,s_train
data/plantvillage/raw/color/Apple___healthy/777d6fd1-feb3-4dac-afa7-79b507d48ffa___RS_HL 5859.JPG,healthy,g1692,s_reliability
data/plantvillage/raw/color/Apple___healthy/77a54591-ab85-4b5e-8341-62e599a9fc6f___RS_HL 8011.JPG,healthy,g1693,s_test
data/plantvillage/raw/color/Apple___healthy/77b48eb5-7237-460f-8751-cfb231c917a7___RS_HL 7687.JPG,healthy,g1694,s_train
data/plantvillage/raw/color/Apple___healthy/77b8d24a-27e6-410e-97ef-faacc60c5a10___RS_HL 5831.JPG,healthy,g1695,s_val
data/plantvillage/raw/color/Apple___healthy/77c943f7-afbd-4d41-a40a-9e05a2600fbc___RS_HL 7475.JPG,healthy,g1696,s_train
data/plantvillage/raw/color/Apple___healthy/77ce37f4-d184-4798-87e9-57f7ca0d9536___RS_HL 6017.JPG,healthy,g1697,s_train
data/plantvillage/raw/color/Apple___healthy/77dcceb4-6a47-42b6-837a-0b60999cd2d1___RS_HL 7471.JPG,healthy,g1698,s_reliability
data/plantvillage/raw/color/Apple___healthy/7804bbbb-77aa-4556-ba93-a47fed2eb008___RS_HL 6159.JPG,healthy,g1699,s_val
data/plantvillage/raw/color/Apple___healthy/782b4257-75e0-46c4-8cf0-bae4f9895da6___RS_HL 7969.JPG,healthy,g1700,s_calibration
data/plantvillage/raw/color/Apple___healthy/78308303-e9ca-4cc5-861a-9a7d8017bdad___RS_HL 6176.JPG,healthy,g1701,s_calibration
data/plantvillage/raw/color/Apple___healthy/7842bd80-8940-4bc3-a3b0-baebe47b6451___RS_HL 5955.JPG,healthy,g1702,s_train
data/plantvillage/raw/color/Apple___healthy/786696fd-ef1f-4e75-9ddd-250b628d9fe3___RS_HL 6199.JPG,healthy,g1703,s_calibration
data/plantvillage/raw/color/Apple___healthy/7873b55d-17cc-4d91-8914-e2473d18b766___RS_HL 8067.JPG,healthy,g1704,s_train
data/plantvillage/raw/color/Apple___healthy/78e648c6-a360-4fa8-b8ab-1225b164b7fd___RS_HL 7243.JPG,healthy,g1705,s_train
data/plantvillage/raw/color/Apple___healthy/792beb2d-d492-4a19-aa08-412963b87fc7___RS_HL 6314.JPG,healthy,g1706,s_test
data/plantvillage/raw/color/Apple___healthy/79d597cf-e046-4b0e-b489-a9d24b3a8f8e___RS_HL 8014.JPG,healthy,g1707,s_train
data/plantvillage/raw/color/Apple___healthy/7a13d83d-7511-41c5-9fd5-9fd18d3cf3b1___RS_HL 5685.JPG,healthy,g1708,s_train
data/plantvillage/raw/color/Apple___healthy/7a193736-ff69-4887-8cd6-44e4639de68f___RS_HL 5996.JPG,healthy,g1709,s_train
data/plantvillage/raw/color/Apple___healthy/7a4ee5b1-1dff-4719-a2be-e5b1674ac63d___RS_HL 6162.JPG,healthy,g1710,s_train
data/plantvillage/raw/color/Apple___healthy/7a56c531-cfa6-43c7-8241-dddf921f39d4___RS_HL 6240.JPG,healthy,g1711,s_train
data/plantvillage/raw/color/Apple___healthy/7a5ad785-c05e-49bd-b1e0-4d9405bedfb5___RS_HL 7804.JPG,healthy,g1712,s_reliability
data/plantvillage/raw/color/Apple___healthy/7a95ed03-478d-4410-804f-1bab389d5f77___RS_HL 7678.JPG,healthy,g1713,s_train
data/plantvillage/raw/color/Apple___healthy/7ac83dd1-c411-4348-82d9-f59abcf75924___RS_HL 7245.JPG,healthy,g1714,s_train
data/plantvillage/raw/color/Apple___healthy/7b0dc46f-4bfd-4329-85a3-06db12434d3a___RS_HL 7603.JPG,healthy,g1715,s_train
data/plantvillage/raw/color/Apple___healthy/7b236824-defb-40ae-8f83-76c00cf8b822___RS_HL 6222.JPG,healthy,g1716,s_train
data/plantvillage/raw/color/Apple___healthy/7b2e642b-cf2d-4154-b986-b7be01f215f5___RS_HL 7839.JPG,healthy,g1717,s_test
data/plantvillage/raw/color/Apple___healthy/7b5603c7-76c7-4b94-9c7a-5db00fb8581d___RS_HL 6064.JPG,healthy,g1718,s_calibration
data/plantvillage/raw/color/Apple___healthy/7b7dde04-2c9d-47da-9b22-dc356a851810___RS_HL 5722.JPG,healthy,g1719,s_val
data/plantvillage/raw/color/Apple___healthy/7be4cfca-8984-4624-ac7e-94d19aa2e5fe___RS_HL 7656.JPG,healthy,g1720,s_val
data/plantvillage/raw/color/Apple___healthy/7bf0ddc7-fa85-442b-859b-486b087a4641___RS_HL 5837.JPG,healthy,g1721,s_calibration
data/plantvillage/raw/color/Apple___healthy/7bf79f19-bb50-44cd-b8d5-0b4d6794689b___RS_HL 7989.JPG,healthy,g1722,s_train
data/plantvillage/raw/color/Apple___healthy/7c1289d0-4fe5-478c-a9f4-5d94b461d7bf___RS_HL 7970.JPG,healthy,g1723,s_val
data/plantvillage/raw/color/Apple___healthy/7c2adcd0-fa59-4181-8abf-3840a445c786___RS_HL 7690.JPG,healthy,g1724,s_train
data/plantvillage/raw/color/Apple___healthy/7c388477-2953-4b3d-8f22-7f9eed5fff5c___RS_HL 7527.JPG,healthy,g1725,s_reliability
data/plantvillage/raw/color/Apple___healthy/7c5e4508-64ba-4b06-8a5b-6d0147280d88___RS_HL 7577.JPG,healthy,g1726,s_train
data/plantvillage/raw/color/Apple___healthy/7cbd343b-9af0-47cb-9aa5-e19e675b3057___RS_HL 7265.JPG,healthy,g1727,s_train
data/plantvillage/raw/color/Apple___healthy/7ccedff8-c997-40f4-bcd6-50e43a783389___RS_HL 7936.JPG,healthy,g1728,s_val
data/plantvillage/raw/color/Apple___healthy/7d9eb65f-be86-4516-b239-cbf856aa5ed4___RS_HL 6110.JPG,healthy,g1729,s_train
data/plantvillage/raw/color/Apple___healthy/7dd45aba-e6cc-4ef9-a52c-5223c2e6b0ea___RS_HL 5877.JPG,healthy,g1730,s_train
data/plantvillage/raw/color/Apple___healthy/7de88302-023d-4979-ad91-88cb5c02f14b___RS_HL 7255.JPG,healthy,g1731,s_train
data/plantvillage/raw/color/Apple___healthy/7e2b569c-2eb5-4f4e-af96-e4cde4971634___RS_HL 6136.JPG,healthy,g1732,s_train
data/plantvillage/raw/color/Apple___healthy/7e502244-9105-4931-abde-46f8f7993fd7___RS_HL 7745.JPG,healthy,g1733,s_calibration
data/plantvillage/raw/color/Apple___healthy/7e582ef9-de24-4f2d-bfd7-a9c79dd4fb1f___RS_HL 5881.JPG,healthy,g1734,s_train
data/plantvillage/raw/color/Apple___healthy/7e721779-b328-4c32-ad15-889743f9846a___RS_HL 7832.JPG,healthy,g1735,s_train
data/plantvillage/raw/color/Apple___healthy/7ea27d6d-f7a0-44b3-b6a2-f24455deb48b___RS_HL 7589.JPG,healthy,g1736,s_reliability
data/plantvillage/raw/color/Apple___healthy/7ecec5dd-4dc9-4f1f-809c-4884d627a9e2___RS_HL 7467.JPG,healthy,g1737,s_train
data/plantvillage/raw/color/Apple___healthy/7f06e481-8f9a-47cd-860a-8fea5b81fe9b___RS_HL 6193.JPG,healthy,g1738,s_val
data/plantvillage/raw/color/Apple___healthy/7f447118-8a9c-4e77-8333-d411d1124c7f___RS_HL 5849.JPG,healthy,g1739,s_reliability
data/plantvillage/raw/color/Apple___healthy/7f7a6126-8b21-49fd-8880-25ffd0234302___RS_HL 6027.JPG,healthy,g1740,s_train
data/plantvillage/raw/color/Apple___healthy/80089e7a-4c0c-492b-ac23-753be3617cbf___RS_HL 6099.JPG,healthy,g1741,s_train
data/plantvillage/raw/color/Apple___healthy/801956aa-445e-4bb8-90bb-49dcea55c679___RS_HL 5865.JPG,healthy,g1742,s_train
data/plantvillage/raw/color/Apple___healthy/801b694b-8412-4e4d-96f7-98b42e3fe214___RS_HL 7494.JPG,healthy,g1743,s_val
data/plantvillage/raw/color/Apple___healthy/801feab6-e225-4ce5-8bf0-6fb44a767045___RS_HL 7723.JPG,healthy,g1744,s_train
data/plantvillage/raw/color/Apple___healthy/80392195-3a5e-4331-b824-5cd0e2dcc69d___RS_HL 5987.JPG,healthy,g1745,s_val
data/plantvillage/raw/color/Apple___healthy/803fcf75-7e13-45a8-bb3d-352140702555___RS_HL 5677.JPG,healthy,g1746,s_train
data/plantvillage/raw/color/Apple___healthy/8042447f-f615-4683-b8fc-267e746a4744___RS_HL 7820.JPG,healthy,g1747,s_reliability
data/plantvillage/raw/color/Apple___healthy/8098a8fe-6a51-485f-ab92-97350982e651___RS_HL 7474.JPG,healthy,g1748,s_train
data/plantvillage/raw/color/Apple___healthy/80b2c0f7-a3fe-40d9-904d-0d78ac00e35f___RS_HL 7883.JPG,healthy,g1749,s_test
data/plantvillage/raw/color/Apple___healthy/8130bd33-0680-4140-84c5-85f11c6c34ff___RS_HL 7397.JPG,healthy,g1750,s_val
data/plantvillage/raw/color/Apple___healthy/813a99b0-5df6-49cc-bd36-7910e0cb8912___RS_HL 7932.JPG,healthy,g1751,s_val
data/plantvillage/raw/color/Apple___healthy/8159ee63-0c79-4987-8d1d-42471d4e8b90___RS_HL 7508.JPG,healthy,g1752,s_test
data/plantvillage/raw/color/Apple___healthy/81666301-0038-450d-bd14-36d069f4f30a___RS_HL 7696.JPG,healthy,g1753,s_val
data/plantvillage/raw/color/Apple___healthy/817ae6f2-7f72-457f-889a-6cddeaf0945e___RS_HL 7674.JPG,healthy,g1754,s_train
data/plantvillage/raw/color/Apple___healthy/818082df-492c-4c5e-a3bb-a3153818d816___RS_HL 7319.JPG,healthy,g1755,s_train
data/plantvillage/raw/color/Apple___healthy/818854a8-1153-49bb-8981-8c6e5f34fbbe___RS_HL 8089.JPG,healthy,g1756,s_train
data/plantvillage/raw/color/Apple___healthy/81bf7931-e6d7-4f6d-aae5-9de7d0c4ae33___RS_HL 7893.JPG,healthy,g1757,s_reliability
data/plantvillage/raw/color/Apple___healthy/81dd861f-5c83-41f3-8aa2-2abbb94ed9f5___RS_HL 7325.JPG,healthy,g1758,s_train
data/plantvillage/raw/color/Apple___healthy/8201f21f-cd54-4ff6-9fc7-f3e97b0a8b42___RS_HL 8077.JPG,healthy,g1759,s_reliability
data/plantvillage/raw/color/Apple___healthy/826bd506-04f2-424d-89da-7fe6ad6926b2___RS_HL 5757.JPG,healthy,g1760,s_reliability
data/plantvillage/raw/color/Apple___healthy/828a6b50-e2fb-4e63-a595-556aa41d43a7___RS_HL 6250.JPG,healthy,g1761,s_reliability
data/plantvillage/raw/color/Apple___healthy/8293f7a8-cfde-4dea-be03-8d750b133e30___RS_HL 7440.JPG,healthy,g1762,s_train
data/plantvillage/raw/color/Apple___healthy/82aeb30f-575f-46d5-b653-408c3cf5e553___RS_HL 7566.JPG,healthy,g1763,s_train
data/plantvillage/raw/color/Apple___healthy/82d55fb4-a8df-439a-9935-5e5f72b05383___RS_HL 6107.JPG,healthy,g1764,s_train
data/plantvillage/raw/color/Apple___healthy/82fa759f-dfdd-40ee-98df-ed232a081ab1___RS_HL 7629.JPG,healthy,g1765,s_train
data/plantvillage/raw/color/Apple___healthy/831c37a3-44c3-4f1e-9fa2-4c10551809d2___RS_HL 6108.JPG,healthy,g1766,s_train
data/plantvillage/raw/color/Apple___healthy/83636c4e-c4f1-47c4-81e8-0bcf7bac8995___RS_HL 5730.JPG,healthy,g1767,s_val
data/plantvillage/raw/color/Apple___healthy/836734c2-f568-4b02-896e-9a6bca89404f___RS_HL 7900.JPG,healthy,g1768,s_test
data/plantvillage/raw/color/Apple___healthy/83849d18-49c5-412b-91c5-3fe882335e88___RS_HL 7840.JPG,healthy,g1769,s_train
data/plantvillage/raw/color/Apple___healthy/83d1ec74-db00-407e-ac1e-3cbb77d381e7___RS_HL 8102.JPG,healthy,g1770,s_train
data/plantvillage/raw/color/Apple___healthy/83e52e5f-0192-4cf9-b513-651040367ed8___RS_HL 7320.JPG,healthy,g1771,s_calibration
data/plantvillage/raw/color/Apple___healthy/844a6049-175e-4f5b-bdf4-142866cf0bc8___RS_HL 8022.JPG,healthy,g1772,s_test
data/plantvillage/raw/color/Apple___healthy/8471f2db-6c5c-4aba-9ea4-0eea99121f19___RS_HL 5641.JPG,healthy,g1773,s_train
data/plantvillage/raw/color/Apple___healthy/84bfff51-9aa5-4e6f-8798-5c5b14baa7a6___RS_HL 7549.JPG,healthy,g1774,s_train
data/plantvillage/raw/color/Apple___healthy/84d6003b-3195-49cb-9831-861d9dc5b2cd___RS_HL 8041.JPG,healthy,g1775,s_test
data/plantvillage/raw/color/Apple___healthy/84ed8ffd-a47f-4b52-befa-938a10012a4c___RS_HL 6135.JPG,healthy,g1776,s_reliability
data/plantvillage/raw/color/Apple___healthy/8516ac47-c297-4943-9ac1-a10f26e9101c___RS_HL 6094.JPG,healthy,g1777,s_val
data/plantvillage/raw/color/Apple___healthy/8536327d-1f21-4599-a587-c75b3ae576e4___RS_HL 5746.JPG,healthy,g1778,s_train
data/plantvillage/raw/color/Apple___healthy/8558ed98-6e99-4d7e-98e1-9437bd4d2382___RS_HL 5766.JPG,healthy,g1779,s_reliability
data/plantvillage/raw/color/Apple___healthy/857365c4-b60a-465e-8a86-101530c9e83d___RS_HL 5894.JPG,healthy,g1780,s_train
data/plantvillage/raw/color/Apple___healthy/857684fb-c4a3-43a4-ad47-da0058b403cd___RS_HL 8053.JPG,healthy,g1781,s_train
data/plantvillage/raw/color/Apple___healthy/85ebf3f6-11f4-45df-ac16-bd04b355cb31___RS_HL 5991.JPG,healthy,g1782,s_train
data/plantvillage/raw/color/Apple___healthy/862f3f9e-e9b4-4cd1-9810-832f6bf1d285___RS_HL 7879.JPG,healthy,g1783,s_train
data/plantvillage/raw/color/Apple___healthy/8656f9ff-3a95-4350-af32-82ed2fbff533___RS_HL 7976.JPG,healthy,g1784,s_reliability
data/plantvillage/raw/color/Apple___healthy/8673df90-01fb-4dde-9510-6743bfefb367___RS_HL 6069.JPG,healthy,g1785,s_reliability
data/plantvillage/raw/color/Apple___healthy/86abe4bd-80fd-4a65-ba6f-fd48e6d51119___RS_HL 6251.JPG,healthy,g1786,s_train
data/plantvillage/raw/color/Apple___healthy/86bbe500-5e1b-4212-9c9d-eb324af1236b___RS_HL 7413.JPG,healthy,g1787,s_train
data/plantvillage/raw/color/Apple___healthy/86e79f38-1fcf-4581-945d-5a28ed6d6852___RS_HL 7391.JPG,healthy,g1788,s_train
data/plantvillage/raw/color/Apple___healthy/86f3c6c0-3038-45dc-9307-3f548f20b74b___RS_HL 6318.JPG,healthy,g1789,s_reliability
data/plantvillage/raw/color/Apple___healthy/86f6b322-e7af-4d91-b0c3-c5c6d6336fa5___RS_HL 7422.JPG,healthy,g1790,s_reliability
data/plantvillage/raw/color/Apple___healthy/8704d8b7-1368-441a-bad0-9f05b1cb6e7b___RS_HL 7623.JPG,healthy,g1791,s_reliability
data/plantvillage/raw/color/Apple___healthy/871420e0-e5de-40c7-a79c-a17fe1781f8e___RS_HL 7444.JPG,healthy,g1792,s_calibration
data/plantvillage/raw/color/Apple___healthy/872f47c5-4779-4ebc-8102-ee38e695f0d3___RS_HL 7943.JPG,healthy,g1793,s_train
data/plantvillage/raw/color/Apple___healthy/872f54d3-61de-4b41-aaa4-57caad5ad9d3___RS_HL 7865.JPG,healthy,g1794,s_train
data/plantvillage/raw/color/Apple___healthy/8742bc93-09b4-4aa7-9a75-ec592ba27c57___RS_HL 7587.JPG,healthy,g1795,s_calibration
data/plantvillage/raw/color/Apple___healthy/879e60c7-fa8a-421d-ad5d-06a43fa2ae89___RS_HL 7634.JPG,healthy,g1796,s_train
data/plantvillage/raw/color/Apple___healthy/87a26817-6916-47fc-8cdb-adc5c57ad21b___RS_HL 5684.JPG,healthy,g1797,s_train
data/plantvillage/raw/color/Apple___healthy/87c49c13-8b4f-40c8-b624-57c19e6e51e9___RS_HL 5811.JPG,healthy,g1798,s_train
data/plantvillage/raw/color/Apple___healthy/88076c11-c60e-4aea-afca-a1f1187eff0a___RS_HL 5706.JPG,healthy,g1799,s_calibration
data/plantvillage/raw/color/Apple___healthy/880ed927-54cb-43f7-8d9d-4e2705cc8472___RS_HL 7488.JPG,healthy,g1800,s_train
data/plantvillage/raw/color/Apple___healthy/88334c09-9bd6-4653-8109-f1a36383b131___RS_HL 7841.JPG,healthy,g1801,s_train
data/plantvillage/raw/color/Apple___healthy/885dd825-a34b-4149-bbb0-445fa62a4e64___RS_HL 7814.JPG,healthy,g1802,s_reliability
data/plantvillage/raw/color/Apple___healthy/889a58f6-911e-4f6f-86fa-7058d2a5d964___RS_HL 7632.JPG,healthy,g1803,s_train
data/plantvillage/raw/color/Apple___healthy/88aad30d-4d2e-461f-847f-a4d2e9caf035___RS_HL 7967.JPG,healthy,g1804,s_train
data/plantvillage/raw/color/Apple___healthy/88b24a9d-7b04-4b83-815b-52a9f5949bbd___RS_HL 8083.JPG,healthy,g1805,s_train
data/plantvillage/raw/color/Apple___healthy/88ffb541-e088-4505-baef-c292c25925dc___RS_HL 6164.JPG,healthy,g1806,s_train
data/plantvillage/raw/color/Apple___healthy/8912707b-6c5d-4744-ad9c-b5d3564a0850___RS_HL 7796.JPG,healthy,g1807,s_reliability
data/plantvillage/raw/color/Apple___healthy/892258ae-052d-4df5-8a8c-27924cd64a85___RS_HL 7497.JPG,healthy,g1808,s_reliability
data/plantvillage/raw/color/Apple___healthy/89699048-94c3-4389-9a86-13e73dfd23c6___RS_HL 7257.JPG,healthy,g1809,s_calibration
data/plantvillage/raw/color/Apple___healthy/89ce10db-057c-4c03-9324-b512db8ca3d6___RS_HL 5797.JPG,healthy,g1810,s_train
data/plantvillage/raw/color/Apple___healthy/89ddfb64-92d0-494d-b4a2-bb13f2c0db4c___RS_HL 7642.JPG,healthy,g1811,s_train
data/plantvillage/raw/color/Apple___healthy/89f6b546-2692-4ea9-aaac-66ef1b8a7bdd___RS_HL 7250.JPG,healthy,g1812,s_test
data/plantvillage/raw/color/Apple___healthy/8a311714-e680-4c68-8f3a-60f4bfc16ada___RS_HL 8062.JPG,healthy,g1813,s_train
data/plantvillage/raw/color/Apple___healthy/8a5ead41-d268-4bc8-867e-036f90f3d99c___RS_HL 7771.JPG,healthy,g1814,s_train
data/plantvillage/raw/color/Apple___healthy/8a5fd341-9f0f-4c54-8f9d-b9c4c5b16994___RS_HL 7650.JPG,healthy,g1815,s_val
data/plantvillage/raw/color/Apple___healthy/8a6cad28-0c10-47aa-af0e-fd82de61ba70___RS_HL 6246.JPG,healthy,g1816,s_train
data/plantvillage/raw/color/Apple___healthy/8acb2f43-d1ff-4a60-8462-04e578be3be2___RS_HL 7753.JPG,healthy,g1817,s_train
data/plantvillage/raw/color/Apple___healthy/8ae37f10-377d-44a3-ad94-f271a95673c8___RS_HL 7297.JPG,healthy,g1818,s_train
data/plantvillage/raw/color/Apple___healthy/8aef4eea-eb12-493c-b912-d7cd43144c8b___RS_HL 8052.JPG,healthy,g1819,s_train
data/plantvillage/raw/color/Apple___healthy/8b258036-674c-4553-8e2c-408d02319a05___RS_HL 7767.JPG,healthy,g1820,s_val
data/plantvillage/raw/color/Apple___healthy/8b36cf3e-4ce6-477b-9773-442f5d3c90e1___RS_HL 7931.JPG,healthy,g1821,s_train
data/plantvillage/raw/color/Apple___healthy/8b60fc20-52fa-40a2-8d91-367307968f8e___RS_HL 7264.JPG,healthy,g1822,s_test
data/plantvillage/raw/color/Apple___healthy/8b944746-e4b0-4032-b5ec-8a6252128065___RS_HL 6266.JPG,healthy,g1823,s_val
data/plantvillage/raw/color/Apple___healthy/8b96fb28-f778-4d18-93ef-cb3ef4ecd532___RS_HL 7575.JPG,healthy,g1824,s_train
data/plantvillage/raw/color/Apple___healthy/8b9db905-ed0e-4f6b-b5f0-451f8b27ecbd___RS_HL 7640.JPG,healthy,g1825,s_train
data/plantvillage/raw/color/Apple___healthy/8bc978ac-e3b2-4466-a180-731dcbb71a59___RS_HL 8167.JPG,healthy,g1826,s_test
data/plantvillage/raw/color/Apple___healthy/8c00ea10-bfc2-4d26-9dcf-afbf2dcd377a___RS_HL 7326.JPG,healthy,g1827,s_train
data/plantvillage/raw/color/Apple___healthy/8c00f0dd-bcef-4188-a270-91e563d7b18b___RS_HL 6182.JPG,healthy,g1828,s_train
data/plantvillage/raw/color/Apple___healthy/8c43ceb4-000b-441b-887f-ef495da381e2___RS_HL 7864.JPG,healthy,g1829,s_reliability
data/plantvillage/raw/color/Apple___healthy/8c656b1d-5f20-4904-a20b-d0f7ef64e773___RS_HL 7526.JPG,healthy,g1830,s_train
data/plantvillage/raw/color/Apple___healthy/8c65a84d-100d-42af-bc07-6a02fd953a59___RS_HL 8192.JPG,healthy,g1831,s_test
data/plantvillage/raw/color/Apple___healthy/8c678916-c5d8-445d-9283-88c90c529edc___RS_HL 5740.JPG,healthy,g1832,s_test
data/plantvillage/raw/color/Apple___healthy/8c6b7e3f-0a34-4370-9477-110614bd7a8f___RS_HL 7281.JPG,healthy,g1833,s_val
data/plantvillage/raw/color/Apple___healthy/8c843c35-5dc9-47be-9ccf-1448ed30356c___RS_HL 5949.JPG,healthy,g1834,s_calibration
data/plantvillage/raw/color/Apple___healthy/8c850584-ade3-4067-bbf3-5c8602dba3c3___RS_HL 8175.JPG,healthy,g1835,s_test
data/plantvillage/raw/color/Apple___healthy/8cbf5a96-37a0-47d4-a626-26f0bcd9f024___RS_HL 5922.JPG,healthy,g1836,s_test
data/plantvillage/raw/color/Apple___healthy/8cc94307-16b9-4e2c-a786-5ba504d244c3___RS_HL 7799.JPG,healthy,g1837,s_test
data/plantvillage/raw/color/Apple___healthy/8cec684f-e301-4016-8bd8-4b686c6e4b9b___RS_HL 8075.JPG,healthy,g1838,s_val
data/plantvillage/raw/color/Apple___healthy/8cf44f32-5736-4681-be02-f86e4454e00a___RS_HL 5904.JPG,healthy,g1839,s_train
data/plantvillage/raw/color/Apple___healthy/8cf66a75-d71b-4808-a251-c929ecfa80bc___RS_HL 7514.JPG,healthy,g1840,s_reliability
data/plantvillage/raw/color/Apple___healthy/8d45fcf9-d1c1-47b6-be37-6e3d2fde46e0___RS_HL 7261.JPG,healthy,g1841,s_calibration
data/plantvillage/raw/color/Apple___healthy/8de1ca48-0d3b-4473-bc5a-9b4a881006ff___RS_HL 7433.JPG,healthy,g1842,s_calibration
data/plantvillage/raw/color/Apple___healthy/8e11b695-ac84-42c4-926a-b48b311bcfe8___RS_HL 7782.JPG,healthy,g1843,s_calibration
data/plantvillage/raw/color/Apple___healthy/8e153b00-732e-420f-8cea-f947b19403ad___RS_HL 7728.JPG,healthy,g1844,s_train
data/plantvillage/raw/color/Apple___healthy/8e1d492d-1f6e-48a1-aa14-db5bc515d580___RS_HL 7822.JPG,healthy,g1845,s_train
data/plantvillage/raw/color/Apple___healthy/8e2d41f1-9cae-4f1a-b7b4-9ec0c6fbd6fe___RS_HL 7329.JPG,healthy,g1846,s_train
data/plantvillage/raw/color/Apple___healthy/8e4b14b2-2601-4ffc-805c-a68b200e80ec___RS_HL 8069.JPG,healthy,g1847,s_train
data/plantvillage/raw/color/Apple___healthy/8e4e37b7-0ac8-44d3-90e7-001bf26aa5f3___RS_HL 7417.JPG,healthy,g1848,s_val
data/plantvillage/raw/color/Apple___healthy/8eb47c92-87b8-4c92-a6a1-faf62e651e3e___RS_HL 8156.JPG,healthy,g1849,s_test
data/plantvillage/raw/color/Apple___healthy/8ef4c6f0-d4fd-4d4c-bc4d-525b6b74b19a___RS_HL 7786.JPG,healthy,g1850,s_train
data/plantvillage/raw/color/Apple___healthy/8f38f758-8514-442b-82e9-90b53120db38___RS_HL 5781.JPG,healthy,g1851,s_val
data/plantvillage/raw/color/Apple___healthy/8f4c3d68-2d5a-40c5-bca1-911002ff3324___RS_HL 7299.JPG,healthy,g1852,s_train
data/plantvillage/raw/color/Apple___healthy/8f9ea5b9-f4c7-46d9-88b1-af5cf17694a0___RS_HL 7271.JPG,healthy,g1853,s_val
data/plantvillage/raw/color/Apple___healthy/8fba2297-e4e5-4fab-b41d-d5cb537dc840___RS_HL 6220.JPG,healthy,g1854,s_test
data/plantvillage/raw/color/Apple___healthy/8fd3cfbd-fbca-4c33-a2a7-1e7ecc71ec9e___RS_HL 6091.JPG,healthy,g1855,s_train
data/plantvillage/raw/color/Apple___healthy/8fdd8420-f139-40e5-8121-b76d43dcee32___RS_HL 6075.JPG,healthy,g1856,s_reliability
data/plantvillage/raw/color/Apple___healthy/90f3d34a-1bed-4681-aed9-fcd39c74d573___RS_HL 5732.JPG,healthy,g1857,s_train
data/plantvillage/raw/color/Apple___healthy/90fd9659-9d97-4428-bc35-c84def0ba3ba___RS_HL 7981.JPG,healthy,g1858,s_train
data/plantvillage/raw/color/Apple___healthy/9130029f-854a-4099-bc98-74170edfb660___RS_HL 7448.JPG,healthy,g1859,s_reliability
data/plantvillage/raw/color/Apple___healthy/919e61a6-e6fa-4d4c-bad1-62eea9b19c79___RS_HL 8106.JPG,healthy,g1860,s_test
data/plantvillage/raw/color/Apple___healthy/91a935c4-659c-4344-8355-eba55d673af5___RS_HL 8189.JPG,healthy,g1861,s_reliability
data/plantvillage/raw/color/Apple___healthy/91c6a666-8d31-466f-b7cf-78c9268fba9c___RS_HL 7697.JPG,healthy,g1862,s_train
data/plantvillage/raw/color/Apple___healthy/923ac4fd-39d5-4387-9636-ddfed02bc62e___RS_HL 8039.JPG,healthy,g1863,s_train
data/plantvillage/raw/color/Apple___healthy/92425071-59b8-4490-bea5-91830169a5a1___RS_HL 7469.JPG,healthy,g1864,s_train
data/plantvillage/raw/color/Apple___healthy/9244aeb1-9d6d-4ef7-9d94-7a02e369feea___RS_HL 7327.JPG,healthy,g1865,s_calibration
data/plantvillage/raw/color/Apple___healthy/925d0f0f-08ae-4f20-a528-0f78bf27b9e7___RS_HL 8032.JPG,healthy,g1866,s_test
data/plantvillage/raw/color/Apple___healthy/9284bd52-df45-4fc3-aaa6-4323666b41c4___RS_HL 7348.JPG,healthy,g1867,s_val
data/plantvillage/raw/color/Apple___healthy/9290b98f-6984-44d4-b2d5-6eca9177156e___RS_HL 7458.JPG,healthy,g1868,s_train
data/plantvillage/raw/color/Apple___healthy/92effbbb-c662-40c8-8aa9-a5a453d859df___RS_HL 5899.JPG,healthy,g1869,s_train
data/plantvillage/raw/color/Apple___healthy/936c7bd1-5902-499b-b03b-bcf1f9434a06___RS_HL 7785.JPG,healthy,g1870,s_reliability
data/plantvillage/raw/color/Apple___healthy/93d22073-347e-4447-ba19-92eccb54563e___RS_HL 5662.JPG,healthy,g1871,s_train
data/plantvillage/raw/color/Apple___healthy/946b311a-cb67-46d4-8c8b-0d91ebd456f3___RS_HL 5809.JPG,healthy,g1872,s_reliability
data/plantvillage/raw/color/Apple___healthy/94aeb96c-b0f5-4554-9627-98d131c7b321___RS_HL 5988.JPG,healthy,g1873,s_train
data/plantvillage/raw/color/Apple___healthy/94b7e2c6-9081-4546-b411-c89c0dd219e7___RS_HL 7416.JPG,healthy,g1874,s_reliability
data/plantvillage/raw/color/Apple___healthy/94c36e88-6c77-4e7b-b6c8-bf354d8f6fe9___RS_HL 7930.JPG,healthy,g1875,s_test
data/plantvillage/raw/color/Apple___healthy/94e40c05-1631-42bc-99b8-ec4afafd8d7b___RS_HL 5710.JPG,healthy,g1876,s_train
data/plantvillage/raw/color/Apple___healthy/950b3f81-0b23-4fed-a47c-e1291f430e8f___RS_HL 7418.JPG,healthy,g1877,s_train
data/plantvillage/raw/color/Apple___healthy/950e5c9d-49ec-4c5c-af23-69efff18f8a6___RS_HL 5749.JPG,healthy,g1878,s_test
data/plantvillage/raw/color/Apple___healthy/953076be-ed87-4a45-a553-48cd555b63bb___RS_HL 7888.JPG,healthy,g1879,s_test
data/plantvillage/raw/color/Apple___healthy/953743b5-d396-4f6f-926c-4e216df44f0b___RS_HL 5993.JPG,healthy,g1880,s_train
data/plantvillage/raw/color/Apple___healthy/956ef90c-41af-4e70-89a7-291687859623___RS_HL 6063.JPG,healthy,g1881,s_train
data/plantvillage/raw/color/Apple___healthy/95742a3e-9664-496c-8e3d-90bdd9299ae5___RS_HL 7298.JPG,healthy,g1882,s_calibration
data/plantvillage/raw/color/Apple___healthy/957a4a41-e0d8-4dc3-8ed8-43f8c2ac3684___RS_HL 8157.JPG,healthy,g1883,s_reliability
data/plantvillage/raw/color/Apple___healthy/957b622a-4f30-459f-9dbb-97c3f4bde0d3___RS_HL 6150.JPG,healthy,g1884,s_train
data/plantvillage/raw/color/Apple___healthy/95884f1c-6886-41a1-9ce3-cffa1dcaf8e5___RS_HL 6051.JPG,healthy,g1885,s_train
data/plantvillage/raw/color/Apple___healthy/95e2eed0-c0d2-4907-bfac-1117f38f5e5a___RS_HL 6202.JPG,healthy,g1886,s_train
data/plantvillage/raw/color/Apple___healthy/95e92b80-49d6-4589-95ad-be379775d193___RS_HL 7451.JPG,healthy,g1887,s_calibration
data/plantvillage/raw/color/Apple___healthy/962f2c1c-b6e2-4428-9ed1-077a92250128___RS_HL 5806.JPG,healthy,g1888,s_train
data/plantvillage/raw/color/Apple___healthy/966a6112-9699-4511-a71b-02a1dd62cb65___RS_HL 5850.JPG,healthy,g1889,s_train
data/plantvillage/raw/color/Apple___healthy/96717630-6d48-4660-b472-268f5f1304d9___RS_HL 7978.JPG,healthy,g1890,s_train
data/plantvillage/raw/color/Apple___healthy/96dce078-e196-4d9b-837a-570480acdf6d___RS_HL 7890.JPG,healthy,g1891,s_test
data/plantvillage/raw/color/Apple___healthy/96fa4629-851e-4706-b397-f27c6f6f272c___RS_HL 7913.JPG,healthy,g1892,s_reliability
data/plantvillage/raw/color/Apple___healthy/9781c9ee-9e01-4599-b799-3651b487ccc7___RS_HL 7304.JPG,healthy,g1893,s_train
data/plantvillage/raw/color/Apple___healthy/97a6eaed-70d4-4b78-9871-1aba3d7a9abe___RS_HL 7908.JPG,healthy,g1894,s_train
data/plantvillage/raw/color/Apple___healthy/985b2838-96ab-414f-9a53-89bb4567e682___RS_HL 5910.JPG,healthy,g1895,s_train
data/plantvillage/raw/color/Apple___healthy/9871fd63-1ee8-436a-a1b3-c6104350400b___RS_HL 5693.JPG,healthy,g1896,s_reliability
data/plantvillage/raw/color/Apple___healthy/98834a65-1043-4c21-b06e-5f625274b0c4___RS_HL 6267.JPG,healthy,g1897,s_val
data/plantvillage/raw/color/Apple___healthy/98cfff90-4edc-4b41-b834-09d18d1c08ca___RS_HL 6142.JPG,healthy,g1898,s_val
data/plantvillage/raw/color/Apple___healthy/98f456da-9871-48b8-b74a-a251dcfd1f9e___RS_HL 6123.JPG,healthy,g1899,s_reliability
data/plantvillage/raw/color/Apple___healthy/990838f4-b976-45bb-859d-95de901acc8c___RS_HL 7365.JPG,healthy,g1900,s_reliability
data/plantvillage/raw/color/Apple___healthy/9979c166-aa9e-4c63-af93-d9ad2b56bce2___RS_HL 5890.JPG,healthy,g1901,s_train
data/plantvillage/raw/color/Apple___healthy/997e59bf-7010-4153-a994-47aee2fdc666___RS_HL 8023.JPG,healthy,g1902,s_calibration
data/plantvillage/raw/color/Apple___healthy/9992b9d9-9301-476c-b0a7-7b68ee8a47e5___RS_HL 6014.JPG,healthy,g1903,s_calibration
data/plantvillage/raw/color/Apple___healthy/99997741-0ae6-4f14-a8e9-43b61a86ecc5___RS_HL 6294.JPG,healthy,g1904,s_train
data/plantvillage/raw/color/Apple___healthy/99b369d2-fa9b-4d3b-8516-462dbae8561a___RS_HL 7242.JPG,healthy,g1905,s_train
data/plantvillage/raw/color/Apple___healthy/99b7cd44-a359-45f7-98e0-155aa8f44eec___RS_HL 5728.JPG,healthy,g1906,s_test
data/plantvillage/raw/color/Apple___healthy/99d2c488-dfa2-4dde-a3de-a9cbeca28583___RS_HL 5823.JPG,healthy,g1907,s_train
data/plantvillage/raw/color/Apple___healthy/99eee6bd-5bca-412a-beaa-afc6009bb868___RS_HL 7434.JPG,healthy,g1908,s_train
data/plantvillage/raw/color/Apple___healthy/9a7d0452-4015-4cef-ab3c-f8f9633b6e9b___RS_HL 8117.JPG,healthy,g1909,s_train
data/plantvillage/raw/color/Apple___healthy/9aa3bace-83a4-4572-a2b2-cc12dcb4cafa___RS_HL 5742.JPG,healthy,g1910,s_train
data/plantvillage/raw/color/Apple___healthy/9ac93ab7-5e33-46f3-9db7-008edcf15f30___RS_HL 5787.JPG,healthy,g1911,s_train
data/plantvillage/raw/color/Apple___healthy/9ae0c2e4-ff70-4be7-a231-65d4c2acd8ee___RS_HL 7476.JPG,healthy,g1912,s_reliability
data/plantvillage/raw/color/Apple___healthy/9b0ebfaf-9d8f-4195-b2af-9505b5bc1f19___RS_HL 6212.JPG,healthy,g1913,s_train
data/plantvillage/raw/color/Apple___healthy/9b75de13-d4b0-4b3f-988c-3e9926eef957___RS_HL 6273.JPG,healthy,g1465,s_train
data/plantvillage/raw/color/Apple___healthy/9b84171d-c1b4-4697-a82b-e33535021013___RS_HL 5977.JPG,healthy,g1914,s_train
data/plantvillage/raw/color/Apple___healthy/9b958d1b-ef54-4290-9636-4aa08eb55dda___RS_HL 5843.JPG,healthy,g1915,s_train
data/plantvillage/raw/color/Apple___healthy/9c817f68-e2ba-44cd-8408-492efd9932c8___RS_HL 7757.JPG,healthy,g1916,s_train
data/plantvillage/raw/color/Apple___healthy/9c95370b-3dfa-4f1d-b9d6-def93d1cda1b___RS_HL 8044.JPG,healthy,g1917,s_train
data/plantvillage/raw/color/Apple___healthy/9cfb97eb-0e0a-4e55-b25d-d6121ceded58___RS_HL 6146.JPG,healthy,g1918,s_test
data/plantvillage/raw/color/Apple___healthy/9d135274-b26e-4925-8215-13c928b56b81___RS_HL 7583.JPG,healthy,g1919,s_reliability
data/plantvillage/raw/color/Apple___healthy/9d3b64cb-6af0-49b7-a488-2e8af4caff65___RS_HL 7330.JPG,healthy,g1920,s_train
data/plantvillage/raw/color/Apple___healthy/9d3bb139-5177-4d08-914b-5fe232cff065___RS_HL 6011.JPG,healthy,g1921,s_train
data/plantvillage/raw/color/Apple___healthy/9d555477-70c8-4716-b22e-8e353a290632___RS_HL 8013.JPG,healthy,g1922,s_val
data/plantvillage/raw/color/Apple___healthy/9d72b93c-59d4-41ec-b346-954a1e8e57bb___RS_HL 6284.JPG,healthy,g1923,s_reliability
data/plantvillage/raw/color/Apple___healthy/9d872301-fed3-4fc4-bf58-9963a5248105___RS_HL 5678.JPG,healthy,g1924,s_calibration
data/plantvillage/raw/color/Apple___healthy/9d98700c-5613-4156-95db-e09fbb00cb04___RS_HL 8007.JPG,healthy,g1925,s_train
data/plantvillage/raw/color/Apple___healthy/9dba8abe-f50e-45fe-aa32-17dd4445189b___RS_HL 7489.JPG,healthy,g1926,s_reliability
data/plantvillage/raw/color/Apple___healthy/9decdcd8-8027-4901-8da6-bd27c01e1ba1___RS_HL 5798.JPG,healthy,g1927,s_calibration
data/plantvillage/raw/color/Apple___healthy/9e5f1beb-8245-4775-8298-4cb787b3f897___RS_HL 5854.JPG,healthy,g1928,s_train
data/plantvillage/raw/color/Apple___healthy/9e68d5bf-8b78-4ba1-9f04-ce5c69c14d46___RS_HL 7733.JPG,healthy,g1929,s_train
data/plantvillage/raw/color/Apple___healthy/9ebc421f-9c65-41ee-a650-2da921e8e7cb___RS_HL 6227.JPG,healthy,g1930,s_calibration
data/plantvillage/raw/color/Apple___healthy/9ec4f654-e45e-4910-8b1f-8b9825cefbd1___RS_HL 8173.JPG,healthy,g1931,s_reliability
data/plantvillage/raw/color/Apple___healthy/9ece0a35-9af4-4974-acad-2aa973badf17___RS_HL 8129.JPG,healthy,g1932,s_train
data/plantvillage/raw/color/Apple___healthy/9ee2b5e6-46cf-400f-a82f-660a2ac05157___RS_HL 5643.JPG,healthy,g1933,s_reliability
data/plantvillage/raw/color/Apple___healthy/9efbd99b-9ac8-4c6c-9ad6-6cece321b832___RS_HL 7346.JPG,healthy,g1934,s_test
data/plantvillage/raw/color/Apple___healthy/9f288c49-e11c-4054-9a44-b5e81e39427a___RS_HL 7938.JPG,healthy,g1935,s_calibration
data/plantvillage/raw/color/Apple___healthy/9f6f67e7-5369-4642-9594-a29fba331a5c___RS_HL 5907.JPG,healthy,g1936,s_reliability
data/plantvillage/raw/color/Apple___healthy/9fa007fa-08c0-4d3a-b2b4-9ac7ad72c316___RS_HL 7833.JPG,healthy,g1937,s_test
data/plantvillage/raw/color/Apple___healthy/9fc6acc1-0394-498d-b51c-d2e92febae55___RS_HL 6013.JPG,healthy,g1938,s_calibration
data/plantvillage/raw/color/Apple___healthy/9fd4b6dc-c72b-4a90-b9c6-e5518f237d90___RS_HL 5760.JPG,healthy,g1939,s_test
data/plantvillage/raw/color/Apple___healthy/9fe1ea92-d106-4bc5-a0da-072a67c3260b___RS_HL 7828.JPG,healthy,g1940,s_reliability
data/plantvillage/raw/color/Apple___healthy/a0167593-6219-479d-9e28-161dfea5b19a___RS_HL 5790.JPG,healthy,g1941,s_val
data/plantvillage/raw/color/Apple___healthy/a01b22a2-292a-485e-ad7d-ee14de31506c___RS_HL 6102.JPG,healthy,g1942,s_calibration
data/plantvillage/raw/color/Apple___healthy/a027ddf2-029c-43c2-b812-f3ffcdefea80___RS_HL 7859.JPG,healthy,g1943,s_test
data/plantvillage/raw/color/Apple___healthy/a0548b7d-598a-4637-acfa-653b7bd3e8cd___RS_HL 7917.JPG,healthy,g1944,s_train
data/plantvillage/raw/color/Apple___healthy/a0670cfe-00e2-4c7a-a9f7-29408debdc3a___RS_HL 6061.JPG,healthy,g1945,s_train
data/plantvillage/raw/color/Apple___healthy/a09b0571-6876-487c-bf88-bb378dd4f0cc___RS_HL 8057.JPG,healthy,g1946,s_reliability
data/plantvillage/raw/color/Apple___healthy/a0a31340-6426-4e4b-9473-4daacbc305dc___RS_HL 7644.JPG,healthy,g1947,s_test
data/plantvillage/raw/color/Apple___healthy/a0c5f687-6807-44a3-8a74-faa5ab3d95bd___RS_HL 7850.JPG,healthy,g1948,s_val
data/plantvillage/raw/color/Apple___healthy/a0ebd8aa-d4d7-459e-8ecf-72f6854436aa___RS_HL 6238.JPG,healthy,g1949,s_val
data/plantvillage/raw/color/Apple___healthy/a117c853-363a-443a-b489-323fb4239f07___RS_HL 5697.JPG,healthy,g1950,s_reliability
data/plantvillage/raw/color/Apple___healthy/a11acc05-8bd6-43f7-9b9e-3899a0bbce2c___RS_HL 7658.JPG,healthy,g1951,s_train
data/plantvillage/raw/color/Apple___healthy/a1630d3e-2f30-455e-b259-d92b7b332588___RS_HL 5768.JPG,healthy,g1952,s_reliability
data/plantvillage/raw/color/Apple___healthy/a1644fa1-0871-47e1-a316-bc435c6a275b___RS_HL 6225.JPG,healthy,g1953,s_train
data/plantvillage/raw/color/Apple___healthy/a16cfc1d-26ae-4bf8-bd37-5f1ba495447b___RS_HL 5905.JPG,healthy,g1954,s_test
data/plantvillage/raw/color/Apple___healthy/a1788b2d-2440-4087-b2b8-166029c423ef___RS_HL 5713.JPG,healthy,g1955,s_train
data/plantvillage/raw/color/Apple___healthy/a1867bda-d965-4389-8a19-ed13c82df5f6___RS_HL 7655.JPG,healthy,g1956,s_reliability
data/plantvillage/raw/color/Apple___healthy/a19f8aa8-6d6e-4bcd-b0ac-5046336817bc___RS_HL 7660.JPG,healthy,g1957,s_calibration
data/plantvillage/raw/color/Apple___healthy/a2024303-1e78-4f1b-80b4-3f02f9f5dceb___RS_HL 7707.JPG,healthy,g1958,s_train
data/plantvillage/raw/color/Apple___healthy/a270262b-b9f7-4756-abc4-d8ce165a4a8f___RS_HL 7613.JPG,healthy,g1959,s_train
data/plantvillage/raw/color/Apple___healthy/a2b40acc-cec7-4c42-a1d4-199b85f7e4a1___RS_HL 7675.JPG,healthy,g1960,s_calibration
data/plantvillage/raw/color/Apple___healthy/a2c29f1a-5bdd-4755-94ce-1ee4ed63d037___RS_HL 7332.JPG,healthy,g1961,s_val
data/plantvillage/raw/color/Apple___healthy/a30bee25-14fb-43d2-9ab2-b179c920839c___RS_HL 5778.JPG,healthy,g1962,s_reliability
data/plantvillage/raw/color/Apple___healthy/a30edbd9-7605-47ca-9841-dce943c3e12a___RS_HL 7523.JPG,healthy,g1963,s_train
data/plantvillage/raw/color/Apple___healthy/a359d235-43af-469c-a14b-3a6677c0bb2e___RS_HL 8118.JPG,healthy,g1964,s_train
data/plantvillage/raw/color/Apple___healthy/a36d3771-3cbd-48ef-9e31-a1de629e56a6___RS_HL 8082.JPG,healthy,g1965,s_val
data/plantvillage/raw/color/Apple___healthy/a3bae732-a9e8-494a-93dd-7fd04dc558b7___RS_HL 6045.JPG,healthy,g1966,s_test
data/plantvillage/raw/color/Apple___healthy/a3d2fcfa-645e-419e-91a5-ab626f5fab6c___RS_HL 5930.JPG,healthy,g1967,s_reliability
data/plantvillage/raw/color/Apple___healthy/a3dfe485-ef1c-4c7b-bb11-38528d73947b___RS_HL 7982.JPG,healthy,g1968,s_train
data/plantvillage/raw/color/Apple___healthy/a4339fb7-ea48-4a93-ad00-aa1a55ea2b4e___RS_HL 7524.JPG,healthy,g1969,s_train
data/plantvillage/raw/color/Apple___healthy/a469c307-a754-4c0f-9012-b09ba22c4d00___RS_HL 5917.JPG,healthy,g1970,s_train
data/plantvillage/raw/color/Apple___healthy/a46a0643-d128-49ed-8044-de7e97fe3f97___RS_HL 6259.JPG,healthy,g1971,s_train
data/plantvillage/raw/color/Apple___healthy/a48cbfdf-653b-4ab0-8f63-2d6977ec1014___RS_HL 5639.JPG,healthy,g1972,s_val
data/plantvillage/raw/color/Apple___healthy/a4b86fe3-2a80-4399-bc38-6ab0f6c1ece6___RS_HL 6056.JPG,healthy,g1973,s_val
data/plantvillage/raw/color/Apple___healthy/a4c37f29-8f5a-4a06-b6c4-367d523d452a___RS_HL 7374.JPG,healthy,g1974,s_reliability
data/plantvillage/raw/color/Apple___healthy/a4c3d6d2-cc69-4d8e-acc9-0e648df959ef___RS_HL 7806.JPG,healthy,g1975,s_train
data/plantvillage/raw/color/Apple___healthy/a4f33d84-f27c-481d-83ac-9575c8469fe6___RS_HL 7960.JPG,healthy,g1976,s_train
data/plantvillage/raw/color/Apple___healthy/a50556b8-e947-45f6-8b4e-6574ddab1903___RS_HL 7944.JPG,healthy,g1977,s_train
data/plantvillage/raw/color/Apple___healthy/a5121b4f-be3e-4911-9d15-2678a0ccf66d___RS_HL 7751.JPG,healthy,g1978,s_reliability
data/plantvillage/raw/color/Apple___healthy/a58444b0-ca47-491a-8ddb-c9ae42c26747___RS_HL 6060.JPG,healthy,g1979,s_test
data/plantvillage/raw/color/Apple___healthy/a5acd48c-a7c2-42de-8a2e-231bb94e134d___RS_HL 7591.JPG,healthy,g1980,s_test
data/plantvillage/raw/color/Apple___healthy/a5da624b-8a38-4e64-ae7f-ace8b7c20548___RS_HL 5997.JPG,healthy,g1981,s_train
data/plantvillage/raw/color/Apple___healthy/a600f02f-b4a8-43e5-8d31-4c0d99009d7b___RS_HL 8132.JPG,healthy,g1982,s_calibration
data/plantvillage/raw/color/Apple___healthy/a61c6603-0f78-4fb9-b917-99eaf0d67c3f___RS_HL 5853.JPG,healthy,g1983,s_train
data/plantvillage/raw/color/Apple___healthy/a63295f1-8032-4db2-b0d7-4e51f6e30bad___RS_HL 6089.JPG,healthy,g1984,s_test
data/plantvillage/raw/color/Apple___healthy/a64b16af-0fb8-4c07-a4d3-b3f87e33d6ca___RS_HL 5795.JPG,healthy,g1985,s_calibration
data/plantvillage/raw/color/Apple___healthy/a65ad047-7fcd-4059-a4fa-15cd09a284d4___RS_HL 7861.JPG,healthy,g1986,s_train
data/plantvillage/raw/color/Apple___healthy/a6af24a5-31a8-4154-bfe6-7b3f7d516f6a___RS_HL 7622.JPG,healthy,g1987,s_train
data/plantvillage/raw/color/Apple___healthy/a6cfd8cf-37d2-42ea-9946-daf4fc794e3e___RS_HL 7853.JPG,healthy,g1988,s_train
data/plantvillage/raw/color/Apple___healthy/a6ff09a1-af72-4357-a122-4549efdb90b3___RS_HL 7646.JPG,healthy,g1989,s_test
data/plantvillage/raw/color/Apple___healthy/a70c8783-85c0-4a22-879f-9f0a0c46abf6___RS_HL 6161.JPG,healthy,g1990,s_train
data/plantvillage/raw/color/Apple___healthy/a7fde017-ef6b-44c7-9b1e-825ed048fcce___RS_HL 6049.JPG,healthy,g1991,s_train
data/plantvillage/raw/color/Apple___healthy/a850464f-70db-4726-8e80-bfe6ca501942___RS_HL 7999.JPG,healthy,g1992,s_train
data/plantvillage/raw/color/Apple___healthy/a88f01ad-8550-49f1-9757-e9e9649d81b2___RS_HL 7360.JPG,healthy,g1993,s_reliability
data/plantvillage/raw/color/Apple___healthy/a8af4c4f-6022-4e82-99bf-b0044e1bd3c3___RS_HL 8003.JPG,healthy,g1994,s_train
data/plantvillage/raw/color/Apple___healthy/a8bcd8e0-29d1-4118-9117-838fc9174aa9___RS_HL 7618.JPG,healthy,g1995,s_train
data/plantvillage/raw/color/Apple___healthy/a8c76694-697e-4684-bc13-ac1302ebd3c0___RS_HL 7411.JPG,healthy,g1996,s_test
data/plantvillage/raw/color/Apple___healthy/a8d012ca-b1ac-45b6-b8fa-44257fd4605f___RS_HL 5824.JPG,healthy,g1997,s_train
data/plantvillage/raw/color/Apple___healthy/aa701c91-01d7-44bf-a1df-b4d8ca4fbce0___RS_HL 5715.JPG,healthy,g1998,s_train
data/plantvillage/raw/color/Apple___healthy/aa8e1c77-667f-4610-8e36-c8a21f1f9eae___RS_HL 7578.JPG,healthy,g1999,s_test
data/plantvillage/raw/color/Apple___healthy/aacd1350-3b5c-46c6-9320-84f45f5161db___RS_HL 7746.JPG,healthy,g2000,s_test
data/plantvillage/raw/color/Apple___healthy/ab014481-2a2f-4bb8-9a80-6b0ceb012625___RS_HL 5808.JPG,healthy,g2001,s_val
data/plantvillage/raw/color/Apple___healthy/ab23fdc9-8036-47f2-a32b-b3facb13fd5b___RS_HL 5947.JPG,healthy,g2002,s_train
data/plantvillage/raw/color/Apple___healthy/ab3bb73a-9828-4951-89c1-44a47e980ca2___RS_HL 7695.JPG,healthy,g2003,s_val
data/plantvillage/raw/color/Apple___healthy/ab407e72-8e8a-4d0b-b6c7-515054c65caa___RS_HL 7869.JPG,healthy,g2004,s_calibration
data/plantvillage/raw/color/Apple___healthy/ab4fd2f9-da8a-4fe7-9634-50be1efa0730___RS_HL 7714.JPG,healthy,g2005,s_val
data/plantvillage/raw/color/Apple___healthy/ab56c266-3b13-43f0-9856-587367a3b45a___RS_HL 5770.JPG,healthy,g2006,s_reliability
data/plantvillage/raw/color/Apple___healthy/ab5eb58e-8cd9-4f70-ac56-1a14c101622e___RS_HL 7927.JPG,healthy,g2007,s_train
data/plantvillage/raw/color/Apple___healthy/ab9d5340-375c-4935-b997-99ed6e2cfaea___RS_HL 7493.JPG,healthy,g2008,s_train
data/plantvillage/raw/color/Apple___healthy/abb44bf0-cc56-4086-a5eb-0747cddc367c___RS_HL 5679.JPG,healthy,g2009,s_calibration
data/plantvillage/raw/color/Apple___healthy/abc9f5f6-ea98-46c0-8df7-2986969318bf___RS_HL 5928.JPG,healthy,g2010,s_train
data/plantvillage/raw/color/Apple___healthy/abff9f5a-3cc5-4753-96e7-1271110346cc___RS_HL 5914.JPG,healthy,g2011,s_train
data/plantvillage/raw/color/Apple___healthy/ac41e650-367c-4a74-b26e-0a983bc1223b___RS_HL 7743.JPG,healthy,g2012,s_reliability
data/plantvillage/raw/color/Apple___healthy/ac49a568-aa04-4c08-88a6-d1551e3f41ca___RS_HL 8146.JPG,healthy,g2013,s_train
data/plantvillage/raw/color/Apple___healthy/ac7b5666-1fe7-4407-a769-7beb71dadd13___RS_HL 5640.JPG,healthy,g2014,s_test
data/plantvillage/raw/color/Apple___healthy/ac83e870-8aec-4b1a-8156-b9a60fa09259___RS_HL 5735.JPG,healthy,g2015,s_calibration
data/plantvillage/raw/color/Apple___healthy/ac9eef55-7ba7-4663-913a-6c68fc5b3376___RS_HL 5696.JPG,healthy,g2016,s_reliability
data/plantvillage/raw/color/Apple___healthy/acb21cc2-8d65-4880-a7bb-dcc1eab1564b___RS_HL 6272.JPG,healthy,g1339,s_train
data/plantvillage/raw/color/Apple___healthy/acbdd971-62fa-4109-a0b7-38b6eae4d748___RS_HL 5939.JPG,healthy,g2017,s_train
data/plantvillage/raw/color/Apple___healthy/ad7674f8-ff0c-43f8-9bb7-1c347ba197fe___RS_HL 7812.JPG,healthy,g2018,s_val
data/plantvillage/raw/color/Apple___healthy/ad772bfa-6845-4104-8d94-8d3a2adb67c2___RS_HL 6149.JPG,healthy,g1415,s_train
data/plantvillage/raw/color/Apple___healthy/ada1699c-0a91-44ea-bc2b-476147394421___RS_HL 5646.JPG,healthy,g2019,s_val
data/plantvillage/raw/color/Apple___healthy/ae0a8f1e-235b-4fd9-980f-58d486951875___RS_HL 6244.JPG,healthy,g2020,s_train
data/plantvillage/raw/color/Apple___healthy/ae11ce7e-dfd2-42bc-9e1b-0b6a29f9e538___RS_HL 5674.JPG,healthy,g2021,s_train
data/plantvillage/raw/color/Apple___healthy/ae2bb9d6-502a-4ae2-b4e4-4c2fffd06ebc___RS_HL 7951.JPG,healthy,g2022,s_test
data/plantvillage/raw/color/Apple___healthy/ae4a5e3d-c781-49ec-901e-940f127e1688___RS_HL 6128.JPG,healthy,g2023,s_train
data/plantvillage/raw/color/Apple___healthy/ae67e27b-7937-4094-9263-580fcff3718d___RS_HL 7663.JPG,healthy,g2024,s_train
data/plantvillage/raw/color/Apple___healthy/ae8840d7-cde8-4739-817a-9ff6f548c522___RS_HL 8197.JPG,healthy,g2025,s_train
data/plantvillage/raw/color/Apple___healthy/aeae3ac9-437e-4f74-9ff4-48f9058e6c9e___RS_HL 7974.JPG,healthy,g2026,s_train
data/plantvillage/raw/color/Apple___healthy/aed7208f-81b3-4fbc-869b-87083033e048___RS_HL 8180.JPG,healthy,g2027,s_train
data/plantvillage/raw/color/Apple___healthy/aede527b-869e-4e42-a760-3ada64aeb8aa___RS_HL 6131.JPG,healthy,g2028,s_train
data/plantvillage/raw/color/Apple___healthy/af00bd10-d7ef-4076-90c8-28f2d6ff6aa2___RS_HL 8188.JPG,healthy,g2029,s_test
data/plantvillage/raw/color/Apple___healthy/af109f85-cfe8-4547-a642-10fd10a2b79b___RS_HL 7393.JPG,healthy,g2030,s_test
data/plantvillage/raw/color/Apple___healthy/af2972a9-c62d-44bf-a5df-45c0bdf70572___RS_HL 5835.JPG,healthy,g2031,s_calibration
data/plantvillage/raw/color/Apple___healthy/af413561-59ca-4d3a-9e7d-34711b946db4___RS_HL 6298.JPG,healthy,g2032,s_reliability
data/plantvillage/raw/color/Apple___healthy/afac9fcd-ff8d-4ab8-9be2-c5649a59d6a0___RS_HL 6324.JPG,healthy,g2033,s_calibration
data/plantvillage/raw/color/Apple___healthy/afc0668a-0e88-4fa3-a91b-acf3f54551d7___RS_HL 7800.JPG,healthy,g2034,s_calibration
data/plantvillage/raw/color/Apple___healthy/afc70f71-aaa3-4de5-9fe4-1e951fda71cc___RS_HL 6211.JPG,healthy,g2035,s_val
data/plantvillage/raw/color/Apple___healthy/b0178b88-d413-498c-a6de-1d7cef560d3a___RS_HL 7925.JPG,healthy,g2036,s_reliability
data/plantvillage/raw/color/Apple___healthy/b0233269-e0b7-4314-8aa1-6b7ecfd12033___RS_HL 8049.JPG,healthy,g2037,s_train
data/plantvillage/raw/color/Apple___healthy/b06260e3-9149-43c1-ab1d-2a592ee2b7fc___RS_HL 5825.JPG,healthy,g2038,s_train
data/plantvillage/raw/color/Apple___healthy/b09360ae-9c60-49b8-abb8-edc4c37d79c3___RS_HL 7643.JPG,healthy,g2039,s_calibration
data/plantvillage/raw/color/Apple___healthy/b0ba7a6d-95eb-44e2-a2a5-4d9ef9b489d7___RS_HL 5896.JPG,healthy,g2040,s_train
data/plantvillage/raw/color/Apple___healthy/b122dc1b-a929-4b77-baa9-faf01744fd88___RS_HL 5657.JPG,healthy,g2041,s_test
data/plantvillage/raw/color/Apple___healthy/b13ada28-ecc1-43e6-bfa2-e8847cd7ec02___RS_HL 7835.JPG,healthy,g2042,s_val
data/plantvillage/raw/color/Apple___healthy/b1784ebf-1145-4997-8e7c-4238d0ee2575___RS_HL 6299.JPG,healthy,g2043,s_train
data/plantvillage/raw/color/Apple___healthy/b17878ef-2476-4eba-9bdf-0a7950edae2a___RS_HL 7957.JPG,healthy,g2044,s_train
data/plantvillage/raw/color/Apple___healthy/b1e778d9-67ab-4480-ad8c-99608cbad53e___RS_HL 5976.JPG,healthy,g2045,s_train
data/plantvillage/raw/color/Apple___healthy/b202b328-dec4-4b4a-bf6f-50c331f63f89___RS_HL 6311.JPG,healthy,g2046,s_test
data/plantvillage/raw/color/Apple___healthy/b2187f22-a9bf-47e1-8b92-b12af779833f___RS_HL 5944.JPG,healthy,g2047,s_train
data/plantvillage/raw/color/Apple___healthy/b228e0e9-6082-4f02-a31e-11077fff799a___RS_HL 8143.JPG,healthy,g2048,s_reliability
data/plantvillage/raw/color/Apple___healthy/b2acd8b3-5156-4568-95e3-b7c6604ce7cc___RS_HL 7959.JPG,healthy,g2049,s_train
data/plantvillage/raw/color/Apple___healthy/b2daabdc-93aa-462f-8789-6e491d95a027___RS_HL 7641.JPG,healthy,g2050,s_test
data/plantvillage/raw/color/Apple___healthy/b30e7ae6-7ea7-4eaf-8ffa-06b0093c9f75___RS_HL 8030.JPG,healthy,g2051,s_val
data/plantvillage/raw/color/Apple___healthy/b31c759a-547a-46de-937f-56714107db63___RS_HL 5857.JPG,healthy,g2052,s_reliability
data/plantvillage/raw/color/Apple___healthy/b31cfff9-da7e-40ca-8e8a-2b8562031473___RS_HL 7333.JPG,healthy,g2053,s_train
data/plantvillage/raw/color/Apple___healthy/b34b807c-4986-4b85-8ede-73d625a14921___RS_HL 8025.JPG,healthy,g2054,s_train
data/plantvillage/raw/color/Apple___healthy/b3562453-945e-4462-8589-ec879c2a4102___RS_HL 5893.JPG,healthy,g2055,s_val
data/plantvillage/raw/color/Apple___healthy/b3731461-8db1-42f5-9976-5f3b8b72935b___RS_HL 5973.JPG,healthy,g2056,s_reliability
data/plantvillage/raw/color/Apple___healthy/b39834e5-d836-4265-a2d6-bba7116efaa3___RS_HL 7518.JPG,healthy,g2057,s_train
data/plantvillage/raw/color/Apple___healthy/b3a6e935-5855-48b2-905a-e3d6e1806e94___RS_HL 5688.JPG,healthy,g2058,s_reliability
data/plantvillage/raw/color/Apple___healthy/b49f9a95-3672-4f62-9767-51a0f9825267___RS_HL 6232.JPG,healthy,g2059,s_calibration
data/plantvillage/raw/color/Apple___healthy/b553a8a1-d101-4b38-aa0b-e76c89c10554___RS_HL 8010.JPG,healthy,g2060,s_train
data/plantvillage/raw/color/Apple___healthy/b55fbd6e-955c-4016-acff-4829df8a2f0f___RS_HL 7399.JPG,healthy,g2061,s_calibration
data/plantvillage/raw/color/Apple___healthy/b5bd9505-7491-4ff6-a703-d87b4f5db18b___RS_HL 6223.JPG,healthy,g2062,s_calibration
data/plantvillage/raw/color/Apple___healthy/b5ff5168-38d9-4a8b-b5bb-94c310e77b53___RS_HL 6083.JPG,healthy,g2063,s_train
data/plantvillage/raw/color/Apple___healthy/b6808ea5-f26b-49fa-87b2-a1bbbc98d74c___RS_HL 6095.JPG,healthy,g2064,s_test
data/plantvillage/raw/color/Apple___healthy/b681e485-e0a6-489f-b9c9-c67d67e70801___RS_HL 5874.JPG,healthy,g2065,s_reliability
data/plantvillage/raw/color/Apple___healthy/b68238fa-2e01-43b2-bf8c-0e9d38848b02___RS_HL 6289.JPG,healthy,g2066,s_reliability
data/plantvillage/raw/color/Apple___healthy/b687a4b9-a56c-4d15-b1a4-0e0ce647f7d3___RS_HL 7935.JPG,healthy,g2067,s_train
data/plantvillage/raw/color/Apple___healthy/b6a2a9d1-5fff-4f42-bc18-12c9777001e6___RS_HL 6067.JPG,healthy,g2068,s_calibration
data/plantvillage/raw/color/Apple___healthy/b6d4b26d-cc9d-4250-ae1f-5678b5fcd068___RS_HL 8071.JPG,healthy,g2069,s_train
data/plantvillage/raw/color/Apple___healthy/b776b468-ee06-4871-98da-3998ead30369___RS_HL 7438.JPG,healthy,g2070,s_reliability
data/plantvillage/raw/color/Apple___healthy/b78e8d44-f901-4cef-bb6b-220e229796e8___RS_HL 7468.JPG,healthy,g2071,s_train
data/plantvillage/raw/color/Apple___healthy/b78fc35e-44b6-4e89-8a23-54becf423e0c___RS_HL 5964.JPG,healthy,g2072,s_train
data/plantvillage/raw/color/Apple___healthy/b79b7572-548b-400e-a675-1ffa9a1d6079___RS_HL 6281.JPG,healthy,g2073,s_train
data/plantvillage/raw/color/Apple___healthy/b7bc8a7b-c93c-44c2-9b8f-d142e05cee7f___RS_HL 7617.JPG,healthy,g2074,s_train
data/plantvillage/raw/color/Apple___healthy/b7e9a2ff-31e8-4ddc-b739-17a8889715e7___RS_HL 6285.JPG,healthy,g2075,s_train
data/plantvillage/raw/color/Apple___healthy/b85dfb75-f620-427c-9108-02547560a2b4___RS_HL 5913.JPG,healthy,g2076,s_reliability
data/plantvillage/raw/color/Apple___healthy/b876a8f5-9fee-48fe-817c-f810a55c9ee2___RS_HL 7496.JPG,healthy,g2077,s_train
data/plantvillage/raw/color/Apple___healthy/b8e23dd6-ff8c-4617-8602-c9c3a0039766___RS_HL 7983.JPG,healthy,g2078,s_train
data/plantvillage/raw/color/Apple___healthy/b8ed9a0b-1f7d-476e-907e-7c3c6936d325___RS_HL 5769.JPG,healthy,g2079,s_train
data/plantvillage/raw/color/Apple___healthy/b93cadc6-112d-40f1-bec9-60c88e79f919___RS_HL 6229.JPG,healthy,g2080,s_train
data/plantvillage/raw/color/Apple___healthy/b95d7446-58e5-4f88-a1a9-4ee2930051c4___RS_HL 8205.JPG,healthy,g2081,s_train
data/plantvillage/raw/color/Apple___healthy/b9a7faa2-e43b-4d8d-8df0-2256c8ee3607___RS_HL 7483.JPG,healthy,g2082,s_calibration
data/plantvillage/raw/color/Apple___healthy/b9d6a99b-7ffb-47a2-a9f5-e3fedf6c0ec8___RS_HL 8204.JPG,healthy,g2083,s_train
data/plantvillage/raw/color/Apple___healthy/b9d6f390-c210-486f-802b-e204e27990ea___RS_HL 7756.JPG,healthy,g2084,s_train
data/plantvillage/raw/color/Apple___healthy/b9e6aeac-899b-4f14-9e45-abb938f58ec1___RS_HL 8200.JPG,healthy,g2085,s_test
data/plantvillage/raw/color/Apple___healthy/b9ff58a5-fdd5-429a-a6ef-e20d0be450e2___RS_HL 6059.JPG,healthy,g2086,s_train
data/plantvillage/raw/color/Apple___healthy/ba04fd9d-8914-4513-bc3a-2b8c3998fe83___RS_HL 7256.JPG,healthy,g2087,s_reliability
data/plantvillage/raw/color/Apple___healthy/ba0769ee-18a8-4250-b5c3-d7cfbb1ea0ac___RS_HL 6205.JPG,healthy,g2088,s_train
data/plantvillage/raw/color/Apple___healthy/ba1c31ed-0786-4d38-97dc-99c28fb61e64___RS_HL 7289.JPG,healthy,g2089,s_train
data/plantvillage/raw/color/Apple___healthy/ba26ee51-3cff-482d-8ed1-4387aa33f208___RS_HL 7316.JPG,healthy,g2090,s_val
data/plantvillage/raw/color/Apple___healthy/ba33103e-1321-43f0-8a86-6d5e014c0755___RS_HL 8166.JPG,healthy,g2091,s_train
data/plantvillage/raw/color/Apple___healthy/ba74e810-929a-4107-b366-ade4fc3cc50e___RS_HL 7436.JPG,healthy,g2092,s_train
data/plantvillage/raw/color/Apple___healthy/ba78848a-d307-4ba9-bb8e-34de742de684___RS_HL 7266.JPG,healthy,g2093,s_reliability
data/plantvillage/raw/color/Apple___healthy/ba7aa30a-5f0c-44b6-9323-f6ced64aed63___RS_HL 7370.JPG,healthy,g2094,s_val
data/plantvillage/raw/color/Apple___healthy/bae0be56-db99-469e-909a-6035f9b85443___RS_HL 6003.JPG,healthy,g2095,s_train
data/plantvillage/raw/color/Apple___healthy/baf96695-955b-4e24-8b10-c0d544a5d91a___RS_HL 7248.JPG,healthy,g2096,s_train
data/plantvillage/raw/color/Apple___healthy/bb575ddf-8661-4bcc-82ee-25050ba543b7___RS_HL 5807.JPG,healthy,g2097,s_train
data/plantvillage/raw/color/Apple___healthy/bb94fafa-e2c6-41bc-8146-83835e579513___RS_HL 7585.JPG,healthy,g2098,s_calibration
data/plantvillage/raw/color/Apple___healthy/bbc953a4-7860-4273-a653-6697a53c74e2___RS_HL 7606.JPG,healthy,g2099,s_calibration
data/plantvillage/raw/color/Apple___healthy/bbf190ed-4d1d-4add-a0d9-e672860c7b1e___RS_HL 7736.JPG,healthy,g2100,s_train
data/plantvillage/raw/color/Apple___healthy/bc0818a9-ad35-4d9d-93c7-20a9901c0781___RS_HL 8098.JPG,healthy,g2101,s_reliability
data/plantvillage/raw/color/Apple___healthy/bc1fe2f2-05c7-485e-9f97-af1dfb59394a___RS_HL 5901.JPG,healthy,g2102,s_val
data/plantvillage/raw/color/Apple___healthy/bc9b490b-eb06-4b0a-bfcc-f90478e0418b___RS_HL 7677.JPG,healthy,g2103,s_train
data/plantvillage/raw/color/Apple___healthy/bcc124a4-afd2-4663-86ff-5eef7101bf02___RS_HL 7939.JPG,healthy,g2104,s_train
data/plantvillage/raw/color/Apple___healthy/bcd55989-eab4-4d03-8fe2-2f24ba37c637___RS_HL 7394.JPG,healthy,g2105,s_train
data/plantvillage/raw/color/Apple___healthy/bd44da3a-be59-458e-a81b-cf8f9d38724d___RS_HL 7336.JPG,healthy,g2106,s_val
data/plantvillage/raw/color/Apple___healthy/bd55e151-34f4-46b0-8683-7315c39a7e34___RS_HL 7802.JPG,healthy,g2107,s_test
data/plantvillage/raw/color/Apple___healthy/bd61a0a7-939f-43ba-bb02-168ceb97a32a___RS_HL 5902.JPG,healthy,g2108,s_test
data/plantvillage/raw/color/Apple___healthy/bd802f98-838a-4703-b38d-5db77ddac1b8___RS_HL 8154.JPG,healthy,g2109,s_reliability
data/plantvillage/raw/color/Apple___healthy/bd8417a5-84a7-4d6f-b71c-687c343d97f5___RS_HL 6028.JPG,healthy,g2110,s_train
data/plantvillage/raw/color/Apple___healthy/bd910a05-42d0-4e01-9d88-0c8577ccdbe2___RS_HL 7396.JPG,healthy,g2111,s_calibration
data/plantvillage/raw/color/Apple___healthy/bd91bdc8-d23d-4414-94ab-485c2bc509b1___RS_HL 6313.JPG,healthy,g2112,s_test
data/plantvillage/raw/color/Apple___healthy/bd9222f6-b97a-4e5b-ac0f-ff320f5f7180___RS_HL 7630.JPG,healthy,g2113,s_reliability
data/plantvillage/raw/color/Apple___healthy/bda31474-87d3-4256-ace8-00d20ef05139___RS_HL 7443.JPG,healthy,g2114,s_train
data/plantvillage/raw/color/Apple___healthy/bdcce69f-7520-48cc-b22b-c3ad33d5be71___RS_HL 7878.JPG,healthy,g2115,s_train
data/plantvillage/raw/color/Apple___healthy/bde3160c-8a91-4169-908c-62b3429dc829___RS_HL 5981.JPG,healthy,g2116,s_train
data/plantvillage/raw/color/Apple___healthy/bdf80993-e555-4609-8a83-7f1676bce18b___RS_HL 5682.JPG,healthy,g2117,s_calibration
data/plantvillage/raw/color/Apple___healthy/be0f61c7-6307-4492-8a2c-50987ca6890e___RS_HL 7403.JPG,healthy,g2118,s_reliability
data/plantvillage/raw/color/Apple___healthy/be58ce4e-6678-4315-8786-31bd39e11909___RS_HL 6106.JPG,healthy,g2119,s_val
data/plantvillage/raw/color/Apple___healthy/be76ffa1-32a2-4d45-a5b4-740f0eb73156___RS_HL 5974.JPG,healthy,g2120,s_test
data/plantvillage/raw/color/Apple___healthy/be861072-a40c-4318-80a7-659f9f9a11ae___RS_HL 6241.JPG,healthy,g2121,s_train
data/plantvillage/raw/color/Apple___healthy/beaa2ead-91d2-46f1-b2a0-f3a3662ee1f0___RS_HL 7676.JPG,healthy,g2122,s_val
data/plantvillage/raw/color/Apple___healthy/becd7e46-f87c-46d0-a973-f957e99ba4b7___RS_HL 7519.JPG,healthy,g2123,s_calibration
data/plantvillage/raw/color/Apple___healthy/bed5806d-7325-4a3f-9515-e357432636f1___RS_HL 6301.JPG,healthy,g2124,s_train
data/plantvillage/raw/color/Apple___healthy/bede2484-dd97-4291-9132-bf015313a6bd___RS_HL 8196.JPG,healthy,g2125,s_train
data/plantvillage/raw/color/Apple___healthy/bf26ad48-1ebb-4186-a52c-e249dc19317e___RS_HL 8195.JPG,healthy,g2126,s_reliability
data/plantvillage/raw/color/Apple___healthy/bf5065ab-8a95-42b7-a914-60c43973ac47___RS_HL 5827.JPG,healthy,g2127,s_train
data/plantvillage/raw/color/Apple___healthy/bf5b3cf2-cc13-4fbd-b629-7a7f56afe59b___RS_HL 5932.JPG,healthy,g2128,s_test
data/plantvillage/raw/color/Apple___healthy/bf73cd4a-c19c-457c-827b-144d15f88b37___RS_HL 7830.JPG,healthy,g2129,s_train
data/plantvillage/raw/color/Apple___healthy/bf8697bb-a12a-4488-9178-22180bde51e5___RS_HL 5889.JPG,healthy,g2130,s_train
data/plantvillage/raw/color/Apple___healthy/bfbfd624-ea18-4469-8038-4c90e4369209___RS_HL 7628.JPG,healthy,g2131,s_test
data/plantvillage/raw/color/Apple___healthy/bfe9c599-e0d3-4ce6-8d8a-403df3d265cc___RS_HL 8058.JPG,healthy,g2132,s_train
data/plantvillage/raw/color/Apple___healthy/bfef73e8-a8d2-4c50-8266-b8eaafd993e4___RS_HL 5861.JPG,healthy,g2133,s_train
data/plantvillage/raw/color/Apple___healthy/bfff4d8f-8a42-435a-9793-07d7858d0e9a___RS_HL 6177.JPG,healthy,g2134,s_test
data/plantvillage/raw/color/Apple___healthy/c0045dfa-da87-423c-a78c-07eb2fd456f3___RS_HL 7764.JPG,healthy,g2135,s_reliability
data/plantvillage/raw/color/Apple___healthy/c023b0a2-5c8b-448f-9735-2e11a7a389ec___RS_HL 6198.JPG,healthy,g2136,s_train
data/plantvillage/raw/color/Apple___healthy/c02b90e9-753e-44a7-a4b8-1e19f1de42f4___RS_HL 7971.JPG,healthy,g2137,s_val
data/plantvillage/raw/color/Apple___healthy/c05b58c7-3d82-4e6b-b64f-324e0d30d44b___RS_HL 6320.JPG,healthy,g2138,s_test
data/plantvillage/raw/color/Apple___healthy/c07b5a20-2ebb-44b8-8a17-f8ce3890de91___RS_HL 7638.JPG,healthy,g2139,s_reliability
data/plantvillage/raw/color/Apple___healthy/c08ff541-b426-4e5b-8630-98b5246b7d20___RS_HL 5642.JPG,healthy,g2140,s_reliability
data/plantvillage/raw/color/Apple___healthy/c09a02e7-f47a-4dea-b648-eaad0d9f3df1___RS_HL 6037.JPG,healthy,g2141,s_reliability
data/plantvillage/raw/color/Apple___healthy/c0eef36a-242b-4420-9153-198446da57d4___RS_HL 7478.JPG,healthy,g2142,s_train
data/plantvillage/raw/color/Apple___healthy/c0ffd6a1-e3d2-4034-aa74-597bf3a257e9___RS_HL 7973.JPG,healthy,g2143,s_val
data/plantvillage/raw/color/Apple___healthy/c1b8e085-537b-4a2d-890f-76f0dabb4757___RS_HL 7928.JPG,healthy,g2144,s_reliability
data/plantvillage/raw/color/Apple___healthy/c1c192eb-1b3d-4fc5-b2c1-4eba9445536d___RS_HL 8061.JPG,healthy,g2145,s_train
data/plantvillage/raw/color/Apple___healthy/c1d50cb3-894c-4cfa-b414-b0a81b8cfbe6___RS_HL 7405.JPG,healthy,g2146,s_calibration
data/plantvillage/raw/color/Apple___healthy/c1fb257d-b00b-4a71-baad-92a73af09f52___RS_HL 5745.JPG,healthy,g2147,s_train
data/plantvillage/raw/color/Apple___healthy/c21cf428-bfc3-4710-b5d2-69d1c0e94748___RS_HL 6268.JPG,healthy,g1049,s_train
data/plantvillage/raw/color/Apple___healthy/c2498e7d-1a61-467a-9de9-800bab0e69bb___RS_HL 7395.JPG,healthy,g2148,s_test
data/plantvillage/raw/color/Apple___healthy/c25d42b9-915a-442d-bdae-d1405e76b8a8___RS_HL 6179.JPG,healthy,g2149,s_reliability
data/plantvillage/raw/color/Apple___healthy/c2a0c51e-b57c-459f-8ce0-34f0816323db___RS_HL 7754.JPG,healthy,g2150,s_train
data/plantvillage/raw/color/Apple___healthy/c2aa2c88-d07b-4df4-80c7-1ba703254844___RS_HL 5727.JPG,healthy,g2151,s_reliability
data/plantvillage/raw/color/Apple___healthy/c2bb2f86-2dc0-46cb-b6af-6fcfde123bec___RS_HL 7762.JPG,healthy,g2152,s_train
data/plantvillage/raw/color/Apple___healthy/c337df55-148e-41c6-8739-e7c87ec1b32e___RS_HL 6276.JPG,healthy,g2153,s_train
data/plantvillage/raw/color/Apple___healthy/c338ab5c-055e-4159-949f-9797c7314963___RS_HL 5989.JPG,healthy,g2154,s_train
data/plantvillage/raw/color/Apple___healthy/c35175e9-8421-4af6-a6dd-fc8163d7ba73___RS_HL 7876.JPG,healthy,g2155,s_train
data/plantvillage/raw/color/Apple___healthy/c36cccf8-e56e-49ea-ba5e-b44cb9e04ebd___RS_HL 6062.JPG,healthy,g2156,s_train
data/plantvillage/raw/color/Apple___healthy/c3740e2e-9676-4468-a33b-3e11de158532___RS_HL 5872.JPG,healthy,g2157,s_test
data/plantvillage/raw/color/Apple___healthy/c3d84f64-28b0-4ea7-a45a-ea564a9b801e___RS_HL 5648.JPG,healthy,g2158,s_reliability
data/plantvillage/raw/color/Apple___healthy/c3dfce5d-2232-4b97-8821-6f5c32553fb7___RS_HL 8149.JPG,healthy,g2159,s_test
data/plantvillage/raw/color/Apple___healthy/c419612e-2fa8-4d25-96c5-0bf68b3c7205___RS_HL 7720.JPG,healthy,g2160,s_train
data/plantvillage/raw/color/Apple___healthy/c475ca60-0635-4bd9-8d2f-d3e7003304c0___RS_HL 5814.JPG,healthy,g2161,s_train
data/plantvillage/raw/color/Apple___healthy/c4fcb18d-d501-43da-a069-85bb58831714___RS_HL 5840.JPG,healthy,g2162,s_test
data/plantvillage/raw/color/Apple___healthy/c53b358c-9cf4-4388-9743-7c3447715424___RS_HL 7880.JPG,healthy,g2163,s_train
data/plantvillage/raw/color/Apple___healthy/c53e1b93-f910-412e-b902-19f1693ea08d___RS_HL 5962.JPG,healthy,g2164,s_val
data/plantvillage/raw/color/Apple___healthy/c5415525-b654-4f0d-8aaf-c529db6c630f___RS_HL 8115.JPG,healthy,g2165,s_train
data/plantvillage/raw/color/Apple___healthy/c57694cb-8849-405f-9a84-bf0158c53c95___RS_HL 7241.JPG,healthy,g2166,s_train
data/plantvillage/raw/color/Apple___healthy/c58cad9c-4529-4be6-8c40-d0f10701fe14___RS_HL 5744.JPG,healthy,g2167,s_test
data/plantvillage/raw/color/Apple___healthy/c5a79e4d-e008-452d-b71d-503ef9077903___RS_HL 8027.JPG,healthy,g2168,s_train
data/plantvillage/raw/color/Apple___healthy/c5a85d3c-72bf-4768-9e3c-d6ba6da6e82e___RS_HL 6295.JPG,healthy,g2169,s_test
data/plantvillage/raw/color/Apple___healthy/c5bcd10f-39aa-47ce-a4e2-1f225bc60912___RS_HL 8037.JPG,healthy,g2170,s_calibration
data/plantvillage/raw/color/Apple___healthy/c5f61d94-be12-4995-99e0-551384b7df17___RS_HL 7860.JPG,healthy,g2171,s_calibration
data/plantvillage/raw/color/Apple___healthy/c6086c14-d6e9-4c87-8bfe-1275b959bcf7___RS_HL 7369.JPG,healthy,g2172,s_reliability
data/plantvillage/raw/color/Apple___healthy/c69944f6-08da-4638-8ff6-7e97b5878b57___RS_HL 5816.JPG,healthy,g2173,s_train
data/plantvillage/raw/color/Apple___healthy/c69a5e33-20a9-4f74-922e-c3bc34b1c98e___RS_HL 7921.JPG,healthy,g2174,s_train
data/plantvillage/raw/color/Apple___healthy/c6d3d356-50ed-4d65-8d29-e1b1b9f8f478___RS_HL 7347.JPG,healthy,g2175,s_train
data/plantvillage/raw/color/Apple___healthy/c6d8dca1-8921-4f81-aebe-90a692636b5a___RS_HL 7795.JPG,healthy,g2176,s_train
data/plantvillage/raw/color/Apple___healthy/c6e3b06c-3fb3-4516-b663-dea564d907d8___RS_HL 6309.JPG,healthy,g2177,s_train
data/plantvillage/raw/color/Apple___healthy/c72f2192-e438-4ae6-9b0a-0e9dafbf9a3e___RS_HL 7324.JPG,healthy,g2178,s_train
data/plantvillage/raw/color/Apple___healthy/c73cded7-83a5-4c2f-8f38-0b225165822c___RS_HL 5826.JPG,healthy,g2179,s_reliability
data/plantvillage/raw/color/Apple___healthy/c7ede8ae-237e-4228-b635-96d3b6a0bebe___RS_HL 7986.JPG,healthy,g2180,s_train
data/plantvillage/raw/color/Apple___healthy/c81e4d98-e76b-48cf-b03a-2ad382d19842___RS_HL 7807.JPG,healthy,g2181,s_train
data/plantvillage/raw/color/Apple___healthy/c81fa31b-23b0-4e58-bb69-36a45cb7898a___RS_HL 6093.JPG,healthy,g2182,s_val
data/plantvillage/raw/color/Apple___healthy/c854044d-2c8f-4c16-9601-7183b71e25cc___RS_HL 8047.JPG,healthy,g2183,s_test
data/plantvillage/raw/color/Apple___healthy/c866af3f-3279-42b7-8e3d-f4f1a84f733b___RS_HL 5883.JPG,healthy,g2184,s_reliability
data/plantvillage/raw/color/Apple___healthy/c86f1476-4e5c-4dbd-923d-a575bd03cd18___RS_HL 6210.JPG,healthy,g2185,s_train
data/plantvillage/raw/color/Apple___healthy/c87060be-7d4e-4cb2-b688-fe5378438d16___RS_HL 7473.JPG,healthy,g2186,s_test
data/plantvillage/raw/color/Apple___healthy/c870969d-cf55-467f-85fe-f9752cb76ec6___RS_HL 6323.JPG,healthy,g2187,s_val
data/plantvillage/raw/color/Apple___healthy/c89af5ca-be92-4d72-af08-56598771c4c3___RS_HL 5695.JPG,healthy,g2188,s_train
data/plantvillage/raw/color/Apple___healthy/c8f83443-9ab6-483b-99e2-d90760e32ea3___RS_HL 7535.JPG,healthy,g2189,s_test
data/plantvillage/raw/color/Apple___healthy/c8fe407d-1806-41a1-9fee-0c7d2c538fba___RS_HL 6166.JPG,healthy,g2190,s_train
data/plantvillage/raw/color/Apple___healthy/c928c4dd-fae7-4650-88e3-8b8cd738243e___RS_HL 7579.JPG,healthy,g2191,s_calibration
data/plantvillage/raw/color/Apple___healthy/c933494d-e4a3-497e-8518-c239d4f49f96___RS_HL 7423.JPG,healthy,g2192,s_val
data/plantvillage/raw/color/Apple___healthy/c936479f-544d-482a-a3d2-19b8bf69bf8d___RS_HL 7898.JPG,healthy,g2193,s_train
data/plantvillage/raw/color/Apple___healthy/c93d7101-89bf-48d9-bcb2-3957da7131ff___RS_HL 8035.JPG,healthy,g2194,s_reliability
data/plantvillage/raw/color/Apple___healthy/c95a27db-a513-4f92-b74f-cc4db60999a3___RS_HL 7599.JPG,healthy,g2195,s_train
data/plantvillage/raw/color/Apple___healthy/c95d4ca9-d33d-4cd6-b0da-31f327e8a5d6___RS_HL 7911.JPG,healthy,g2196,s_test
data/plantvillage/raw/color/Apple___healthy/c96313e1-59f4-4c05-ba19-a03a613b7d6c___RS_HL 5707.JPG,healthy,g2197,s_train
data/plantvillage/raw/color/Apple___healthy/c9783552-aa6d-4288-ab36-a30887253bdd___RS_HL 7547.JPG,healthy,g2198,s_calibration
data/plantvillage/raw/color/Apple___healthy/c9b9e157-bef7-41c8-be22-80933635137f___RS_HL 7922.JPG,healthy,g2199,s_train
data/plantvillage/raw/color/Apple___healthy/c9e911e2-cba6-4a08-b2a5-1c0e1bca68da___RS_HL 5821.JPG,healthy,g2200,s_train
data/plantvillage/raw/color/Apple___healthy/c9ea6277-0581-43dd-91d6-3fddfdf447be___RS_HL 7412.JPG,healthy,g2201,s_reliability
data/plantvillage/raw/color/Apple___healthy/c9ecb848-37bb-4076-9f57-c1bbe22dbec2___RS_HL 7288.JPG,healthy,g2202,s_test
data/plantvillage/raw/color/Apple___healthy/c9fff3f0-930b-41e7-889d-8e60e0b720cd___RS_HL 7781.JPG,healthy,g2203,s_test
data/plantvillage/raw/color/Apple___healthy/ca145350-137b-48ed-bbb4-0716f0f00448___RS_HL 7597.JPG,healthy,g2204,s_val
data/plantvillage/raw/color/Apple___healthy/ca1cb6e7-c72f-4c06-b7c8-b370b48a74c6___RS_HL 5691.JPG,healthy,g2205,s_reliability
data/plantvillage/raw/color/Apple___healthy/ca4458ac-56ef-41f3-b7a9-6084846069fd___RS_HL 6072.JPG,healthy,g2206,s_reliability
data/plantvillage/raw/color/Apple___healthy/ca66c694-e8cb-47df-84af-b4c46de1fd3e___RS_HL 7862.JPG,healthy,g2207,s_reliability
data/plantvillage/raw/color/Apple___healthy/cb237ceb-a536-4864-a5df-34aafa90dc5e___RS_HL 7871.JPG,healthy,g2208,s_train
data/plantvillage/raw/color/Apple___healthy/cb2820ba-baab-455a-8830-df6f53bbb580___RS_HL 6097.JPG,healthy,g2209,s_calibration
data/plantvillage/raw/color/Apple___healthy/cb32fb76-f899-4c50-8599-2d9551ff036d___RS_HL 6084.JPG,healthy,g2210,s_train
data/plantvillage/raw/color/Apple___healthy/cb368d24-b5a9-4056-8515-096c649d4007___RS_HL 7752.JPG,healthy,g2211,s_train
data/plantvillage/raw/color/Apple___healthy/cb6dbf98-5036-45b9-ab80-45b22ddbac00___RS_HL 6296.JPG,healthy,g2212,s_test
data/plantvillage/raw/color/Apple___healthy/cbc30a63-6c05-405d-b735-0a8eee10192d___RS_HL 5983.JPG,healthy,g2213,s_test
data/plantvillage/raw/color/Apple___healthy/cbd14a0d-dbbd-42b7-a28e-4ad56133b425___RS_HL 7491.JPG,healthy,g2214,s_test
data/plantvillage/raw/color/Apple___healthy/cc2bdee9-6965-4a72-9e00-b5cf39074c88___RS_HL 8114.JPG,healthy,g2215,s_train
data/plantvillage/raw/color/Apple___healthy/cc804c2c-87af-4c9f-b347-344701081271___RS_HL 7275.JPG,healthy,g2216,s_train
data/plantvillage/raw/color/Apple___healthy/cc97a80b-968e-46ba-a7ad-afd3d0ffb21f___RS_HL 6048.JPG,healthy,g2217,s_train
data/plantvillage/raw/color/Apple___healthy/ccf86248-4dee-4fa3-8192-fc145a227ff1___RS_HL 8097.JPG,healthy,g2218,s_test
data/plantvillage/raw/color/Apple___healthy/cd18fd71-59d6-4d48-8c52-d31ff68f1fe2___RS_HL 5716.JPG,healthy,g2219,s_train
data/plantvillage/raw/color/Apple___healthy/cd2bbe2b-8b63-44ea-a259-59d15dcf545d___RS_HL 8126.JPG,healthy,g2220,s_test
data/plantvillage/raw/color/Apple___healthy/cd320898-881e-4546-86fe-dd8676a88db8___RS_HL 7516.JPG,healthy,g2221,s_train
data/plantvillage/raw/color/Apple___healthy/cd39b453-a3bf-4c8c-9a17-98d8a9cde2a0___RS_HL 5775.JPG,healthy,g2222,s_train
data/plantvillage/raw/color/Apple___healthy/cdd69da3-ed98-4c7f-9ee9-f0673820a56a___RS_HL 7631.JPG,healthy,g2223,s_train
data/plantvillage/raw/color/Apple___healthy/ce2974ce-80a1-4edc-ab11-901f22a0c009___RS_HL 7700.JPG,healthy,g2224,s_train
data/plantvillage/raw/color/Apple___healthy/ce2f655a-64d9-44ed-a67c-7e23db612a35___RS_HL 7915.JPG,healthy,g2225,s_test
data/plantvillage/raw/color/Apple___healthy/ce57ae51-2e2e-4e60-bbc8-033b7b0584d0___RS_HL 6005.JPG,healthy,g2226,s_train
data/plantvillage/raw/color/Apple___healthy/ce955079-4dde-4b96-9240-5348dbb3c774___RS_HL 7760.JPG,healthy,g2227,s_reliability
data/plantvillage/raw/color/Apple___healthy/ce9a3738-55ea-4974-8539-922ed4f864b8___RS_HL 6175.JPG,healthy,g2228,s_train
data/plantvillage/raw/color/Apple___healthy/ced1918e-3327-45c8-8107-c93dd2586380___RS_HL 5970.JPG,healthy,g2229,s_calibration
data/plantvillage/raw/color/Apple___healthy/ced4e27a-5eff-4190-a33a-cdc3d84c811e___RS_HL 6270.JPG,healthy,g2230,s_train
data/plantvillage/raw/color/Apple___healthy/ceead707-a3f7-4ac7-801e-113399dcf68a___RS_HL 7254.JPG,healthy,g2231,s_reliability
data/plantvillage/raw/color/Apple___healthy/cf3df371-fa11-469e-8ab9-7bbeb7435920___RS_HL 6080.JPG,healthy,g2232,s_train
data/plantvillage/raw/color/Apple___healthy/cfb93659-94c6-4ff3-8104-bae70c975bde___RS_HL 5666.JPG,healthy,g2233,s_train
data/plantvillage/raw/color/Apple___healthy/cfde002c-0d87-4ccd-ab55-f14b47941e34___RS_HL 7424.JPG,healthy,g2234,s_train
data/plantvillage/raw/color/Apple___healthy/d05d3b29-86dc-411c-a7c2-ca2f9a784e02___RS_HL 8138.JPG,healthy,g2235,s_val
data/plantvillage/raw/color/Apple___healthy/d06d7e4c-e0d4-4f03-8f9d-004405a19f2b___RS_HL 5986.JPG,healthy,g2236,s_train
data/plantvillage/raw/color/Apple___healthy/d092beaf-5cb5-400a-a3b7-b8bcd501af2b___RS_HL 8076.JPG,healthy,g2237,s_test
data/plantvillage/raw/color/Apple___healthy/d0a8e454-67d0-4ddd-b331-c0425f46b5e0___RS_HL 7274.JPG,healthy,g2238,s_train
data/plantvillage/raw/color/Apple___healthy/d103c4fb-790f-4178-8208-dd191b375600___RS_HL 5645.JPG,healthy,g2239,s_test
data/plantvillage/raw/color/Apple___healthy/d137e403-df20-4a3e-8b30-ab3357870c6f___RS_HL 8048.JPG,healthy,g2240,s_calibration
data/plantvillage/raw/color/Apple___healthy/d15fe9d3-0631-4482-a482-68d9169f1970___RS_HL 7894.JPG,healthy,g2241,s_train
data/plantvillage/raw/color/Apple___healthy/d163d7d1-4557-443d-8584-dab6934f858f___RS_HL 7545.JPG,healthy,g2242,s_train
data/plantvillage/raw/color/Apple___healthy/d1660af9-58e5-458f-b125-4940f06711c0___RS_HL 7522.JPG,healthy,g2243,s_val
data/plantvillage/raw/color/Apple___healthy/d182b332-f33a-4ea1-aa3c-51ef7f01efd5___RS_HL 6137.JPG,healthy,g2244,s_train
data/plantvillage/raw/color/Apple___healthy/d1b50c46-7da6-4940-89e2-800d8c56c228___RS_HL 7594.JPG,healthy,g2245,s_train
data/plantvillage/raw/color/Apple___healthy/d1dd75fa-e0f8-4942-b530-5f6371ac9bc8___RS_HL 7427.JPG,healthy,g2246,s_train
data/plantvillage/raw/color/Apple___healthy/d215e01d-93aa-41cc-9212-614c93151cca___RS_HL 8068.JPG,healthy,g2247,s_train
data/plantvillage/raw/color/Apple___healthy/d22b7ff6-c7a8-4c8a-b398-918ea6009893___RS_HL 7604.JPG,healthy,g2248,s_test
data/plantvillage/raw/color/Apple___healthy/d25674da-5147-4d9d-9041-5b1e97afbdc5___RS_HL 7492.JPG,healthy,g2249,s_val
data/plantvillage/raw/color/Apple___healthy/d27854b1-51af-4804-a928-9305d63f2db1___RS_HL 6181.JPG,healthy,g2250,s_train
data/plantvillage/raw/color/Apple___healthy/d29e5681-1f95-4efa-9196-9ecd45538d87___RS_HL 7328.JPG,healthy,g2251,s_test
data/plantvillage/raw/color/Apple___healthy/d2ccc66e-eedd-4a68-8b8b-d4b8018f6a56___RS_HL 5792.JPG,healthy,g2252,s_train
data/plantvillage/raw/color/Apple___healthy/d2ec850e-20f3-40dc-917a-641424016b92___RS_HL 6217.JPG,healthy,g2253,s_calibration
data/plantvillage/raw/color/Apple___healthy/d2efd9dd-384c-4ad9-8b41-9780b0ed0c72___RS_HL 5703.JPG,healthy,g2254,s_train
data/plantvillage/raw/color/Apple___healthy/d2fc2f4e-9094-4e38-bc7a-f40c5c059280___RS_HL 8170.JPG,healthy,g2255,s_reliability
data/plantvillage/raw/color/Apple___healthy/d2fe5d37-e8e1-42b2-a24b-875fb2527675___RS_HL 7947.JPG,healthy,g2256,s_val
data/plantvillage/raw/color/Apple___healthy/d321145e-6ab0-4ad2-8109-f34ee4389149___RS_HL 7848.JPG,healthy,g2257,s_reliability
data/plantvillage/raw/color/Apple___healthy/d345baff-7be6-45a6-802a-b945b95b5885___RS_HL 5956.JPG,healthy,g2258,s_val
data/plantvillage/raw/color/Apple___healthy/d3524c88-0d60-43e0-a181-3ecc0facd54a___RS_HL 8181.JPG,healthy,g2259,s_train
data/plantvillage/raw/color/Apple___healthy/d3543a4b-c5df-44f9-99e2-199e814e61cc___RS_HL 7805.JPG,healthy,g2260,s_test
data/plantvillage/raw/color/Apple___healthy/d3647b4c-45d8-4366-8e93-baf1310072ba___RS_HL 6248.JPG,healthy,g2261,s_train
data/plantvillage/raw/color/Apple___healthy/d3780b4b-4bf7-484a-ab4a-2c2f0894f930___RS_HL 7681.JPG,healthy,g2262,s_reliability
data/plantvillage/raw/color/Apple___healthy/d39e5813-55e2-40e1-a305-5d549efa46f4___RS_HL 8112.JPG,healthy,g2263,s_test
data/plantvillage/raw/color/Apple___healthy/d3b63202-6e22-4d60-b4d0-31c54ffd2762___RS_HL 5675.JPG,healthy,g2264,s_train
data/plantvillage/raw/color/Apple___healthy/d3db83a2-69b7-4de2-b868-fc3f04a0bf85___RS_HL 7481.JPG,healthy,g2265,s_train
data/plantvillage/raw/color/Apple___healthy/d3f4f38e-212e-451f-9a8f-26a6ea5e3877___RS_HL 5924.JPG,healthy,g2266,s_reliability
data/plantvillage/raw/color/Apple___healthy/d4008303-6d94-458e-b0f4-61044cc427ae___RS_HL 7709.JPG,healthy,g2267,s_reliability
data/plantvillage/raw/color/Apple___healthy/d40c491e-7efa-4e8e-865a-fc2e5a240a66___RS_HL 8148.JPG,healthy,g2268,s_train
data/plantvillage/raw/color/Apple___healthy/d43caafc-79b9-43fb-ad92-d72d56a98494___RS_HL 7398.JPG,healthy,g2269,s_train
data/plantvillage/raw/color/Apple___healthy/d44b9a3e-7cec-4e55-af4b-0df481af3f79___RS_HL 7831.JPG,healthy,g2270,s_val
data/plantvillage/raw/color/Apple___healthy/d454a4da-a867-45f8-962e-465946df58c9___RS_HL 5876.JPG,healthy,g2271,s_reliability
data/plantvillage/raw/color/Apple___healthy/d45d99cd-6834-4e22-9a4d-f58ef0806ed0___RS_HL 7562.JPG,healthy,g2272,s_calibration
data/plantvillage/raw/color/Apple___healthy/d496c802-e976-49b5-af09-b698fcf991f7___RS_HL 7429.JPG,healthy,g2273,s_reliability
data/plantvillage/raw/color/Apple___healthy/d4ddb36a-e4cf-41be-b3f6-16c584e62b9a___RS_HL 7994.JPG,healthy,g2274,s_reliability
data/plantvillage/raw/color/Apple___healthy/d509b6e5-a4b7-49c8-ac55-c06c8dab3005___RS_HL 7626.JPG,healthy,g2275,s_train
data/plantvillage/raw/color/Apple___healthy/d529f5df-f802-4cfe-9a4c-4739ba5dfbdf___RS_HL 7875.JPG,healthy,g2276,s_calibration
data/plantvillage/raw/color/Apple___healthy/d54ab4d3-cd8b-4485-81b5-a38273f5fe1f___RS_HL 6076.JPG,healthy,g2277,s_reliability
data/plantvillage/raw/color/Apple___healthy/d5551b0d-594f-48c7-b689-c409145bf6cf___RS_HL 6325.JPG,healthy,g2278,s_train
data/plantvillage/raw/color/Apple___healthy/d5578393-868f-49fa-8fff-4f0484b4507e___RS_HL 5995.JPG,healthy,g2279,s_calibration
data/plantvillage/raw/color/Apple___healthy/d56f2b29-74ed-4997-a16c-f3416fe36c04___RS_HL 7988.JPG,healthy,g2280,s_val
data/plantvillage/raw/color/Apple___healthy/d57beb14-b60a-431f-8a41-17a342cba57a___RS_HL 5737.JPG,healthy,g2281,s_train
data/plantvillage/raw/color/Apple___healthy/d57f5f33-d8e9-4c40-80ad-c2875743f781___RS_HL 5726.JPG,healthy,g2282,s_train
data/plantvillage/raw/color/Apple___healthy/d5c866b2-7eb2-421a-a42a-906308cbffb2___RS_HL 6116.JPG,healthy,g2283,s_reliability
data/plantvillage/raw/color/Apple___healthy/d5f63752-d817-4b29-a773-f0e87544d61f___RS_HL 7247.JPG,healthy,g2284,s_train
data/plantvillage/raw/color/Apple___healthy/d5fc35d2-b7d0-4ff7-9f96-5d3055ef6dde___RS_HL 8150.JPG,healthy,g2285,s_calibration
data/plantvillage/raw/color/Apple___healthy/d6035c7f-f163-4c6b-ba51-d61d10ca1fed___RS_HL 8109.JPG,healthy,g2286,s_reliability
data/plantvillage/raw/color/Apple___healthy/d61c652b-5e6d-4994-aa4c-bbde26ca0de8___RS_HL 6002.JPG,healthy,g2287,s_val
data/plantvillage/raw/color/Apple___healthy/d6318793-dacc-4b58-bb19-043324042180___RS_HL 7246.JPG,healthy,g2288,s_reliability
data/plantvillage/raw/color/Apple___healthy/d64e56f8-7015-423b-9926-5fcf3b4370f5___RS_HL 7735.JPG,healthy,g2289,s_test
data/plantvillage/raw/color/Apple___healthy/d6590bcb-cb7e-47c9-beb0-80785efb4046___RS_HL 6234.JPG,healthy,g2290,s_train
data/plantvillage/raw/color/Apple___healthy/d6a24569-4143-4445-9b3f-77c889df9cd8___RS_HL 6288.JPG,healthy,g2291,s_train
data/plantvillage/raw/color/Apple___healthy/d6aa67d8-1597-4c78-ae39-a6dcad5de6b2___RS_HL 6188.JPG,healthy,g2292,s_val
data/plantvillage/raw/color/Apple___healthy/d6b55200-ce53-474b-be71-94b24991fa65___RS_HL 5743.JPG,healthy,g2293,s_train
data/plantvillage/raw/color/Apple___healthy/d6daf7ae-43ab-4a27-a881-8b716d6c55a1___RS_HL 5845.JPG,healthy,g2294,s_train
data/plantvillage/raw/color/Apple___healthy/d6dd2845-b0ca-4a51-8d0f-db77c8f06e73___RS_HL 5748.JPG,healthy,g2295,s_train
data/plantvillage/raw/color/Apple___healthy/d7308460-64d2-4e9e-aa0d-5b4f62d378ef___RS_HL 5802.JPG,healthy,g2296,s_reliability
data/plantvillage/raw/color/Apple___healthy/d74bd0ad-5a61-48ed-a5b6-9e0bf5f3911d___RS_HL 7906.JPG,healthy,g2297,s_train
data/plantvillage/raw/color/Apple___healthy/d76e79e5-2cd5-4a03-9354-5759b2741210___RS_HL 7980.JPG,healthy,g2298,s_calibration
data/plantvillage/raw/color/Apple___healthy/d7cc096f-4900-44b4-a85e-216386a73773___RS_HL 5774.JPG,healthy,g2299,s_train
data/plantvillage/raw/color/Apple___healthy/d7e31783-62dc-472c-a380-f7cc82207f48___RS_HL 7748.JPG,healthy,g2300,s_test
data/plantvillage/raw/color/Apple___healthy/d7e45523-ed79-4f45-ac59-92c7234682b6___RS_HL 7510.JPG,healthy,g2301,s_train
data/plantvillage/raw/color/Apple___healthy/d80a4d8f-c6a6-41e9-92d0-ba21894f8c64___RS_HL 5794.JPG,healthy,g2302,s_train
data/plantvillage/raw/color/Apple___healthy/d80c1667-5e83-4405-9759-a9521eff44ad___RS_HL 5699.JPG,healthy,g2303,s_train
data/plantvillage/raw/color/Apple___healthy/d81744f3-b4a1-4343-b956-7975fe630b83___RS_HL 7343.JPG,healthy,g2304,s_reliability
data/plantvillage/raw/color/Apple___healthy/d8182f26-41c1-47b0-96e2-e55236736738___RS_HL 6078.JPG,healthy,g2305,s_train
data/plantvillage/raw/color/Apple___healthy/d82119e5-4ee9-4523-9e08-e827d2df02cb___RS_HL 7355.JPG,healthy,g2306,s_train
data/plantvillage/raw/color/Apple___healthy/d826b07d-a57b-4331-a451-8bb1ea264861___RS_HL 7537.JPG,healthy,g2307,s_train
data/plantvillage/raw/color/Apple___healthy/d830e2b3-a724-448b-978b-2529bcdb35bf___RS_HL 6087.JPG,healthy,g2308,s_test
data/plantvillage/raw/color/Apple___healthy/d8328d5d-be0d-4de4-8f9d-6cf4b2dcc531___RS_HL 5665.JPG,healthy,g2309,s_test
data/plantvillage/raw/color/Apple___healthy/d87f5af4-6d78-40a7-838c-c5016a07a111___RS_HL 5676.JPG,healthy,g2310,s_val
data/plantvillage/raw/color/Apple___healthy/d88aa4e9-2d7d-4bd6-9a1d-e2f5a77507ff___RS_HL 7673.JPG,healthy,g2311,s_calibration
data/plantvillage/raw/color/Apple___healthy/d89ecf86-b89a-4be1-9ac9-017d54734563___RS_HL 7402.JPG,healthy,g2312,s_test
data/plantvillage/raw/color/Apple___healthy/d8bd2900-b811-43a1-9ed7-05aa5f3f2649___RS_HL 7794.JPG,healthy,g2313,s_reliability
data/plantvillage/raw/color/Apple___healthy/d8da7e4d-9520-4a25-8f29-4ff677e7c214___RS_HL 7763.JPG,healthy,g2314,s_val
data/plantvillage/raw/color/Apple___healthy/d91b6c09-9022-4860-98fb-643c0ec85fe3___RS_HL 7965.JPG,healthy,g2315,s_train
data/plantvillage/raw/color/Apple___healthy/d91d546a-0d07-4c6c-b1b6-1686371c0062___RS_HL 8121.JPG,healthy,g2316,s_train
data/plantvillage/raw/color/Apple___healthy/d93353b1-0471-4372-8c80-cc8dbd069d46___RS_HL 7592.JPG,healthy,g2317,s_val
data/plantvillage/raw/color/Apple___healthy/d96d3f24-2fb9-4650-8cd4-c58e1a42f18f___RS_HL 8176.JPG,healthy,g2318,s_reliability
data/plantvillage/raw/color/Apple___healthy/d990e148-621b-4e71-8a8c-9b71c15f7faf___RS_HL 8004.JPG,healthy,g2319,s_train
data/plantvillage/raw/color/Apple___healthy/d9983cb7-98ea-4dff-b283-faa1d93faa36___RS_HL 7749.JPG,healthy,g2320,s_train
data/plantvillage/raw/color/Apple___healthy/d99bef24-fac5-4739-8e4e-02465dba4fa8___RS_HL 5686.JPG,healthy,g2321,s_val
data/plantvillage/raw/color/Apple___healthy/d9cf36cf-9ce1-4846-927e-17287008563e___RS_HL 7335.JPG,healthy,g2322,s_train
data/plantvillage/raw/color/Apple___healthy/d9de1954-e451-48e5-ad8b-5aeca90fe7ea___RS_HL 6034.JPG,healthy,g2323,s_reliability
data/plantvillage/raw/color/Apple___healthy/d9e69ce7-c65b-4c96-85ad-04fcb1698d55___RS_HL 8020.JPG,healthy,g2324,s_test
data/plantvillage/raw/color/Apple___healthy/da3ef282-bae6-465c-9ffb-a393c4c38f1d___RS_HL 7528.JPG,healthy,g2325,s_train
data/plantvillage/raw/color/Apple___healthy/da4815d7-03f0-44f0-bc35-8d28c578cbc2___RS_HL 5990.JPG,healthy,g2326,s_train
data/plantvillage/raw/color/Apple___healthy/da781038-1b3d-4934-8927-9477efa7d5ec___RS_HL 5815.JPG,healthy,g2327,s_train
data/plantvillage/raw/color/Apple___healthy/da91e28c-3e10-406c-be5c-d10afd8e183d___RS_HL 6041.JPG,healthy,g2328,s_val
data/plantvillage/raw/color/Apple___healthy/dab1c693-aed0-4a33-ab47-66948821a615___RS_HL 7706.JPG,healthy,g2329,s_train
data/plantvillage/raw/color/Apple___healthy/dab82d8b-05d6-4f3c-8ab7-666b6cc46d72___RS_HL 7874.JPG,healthy,g2330,s_train
data/plantvillage/raw/color/Apple___healthy/daf045c7-3756-4753-922e-8f36a84a3422___RS_HL 5719.JPG,healthy,g2331,s_reliability
data/plantvillage/raw/color/Apple___healthy/db172d76-ff08-4bd5-bd0b-6231f432434a___RS_HL 5725.JPG,healthy,g2332,s_reliability
data/plantvillage/raw/color/Apple___healthy/db1d4348-8db7-420a-b2b4-ac86393f349e___RS_HL 8199.JPG,healthy,g2333,s_test
data/plantvillage/raw/color/Apple___healthy/db44d33e-8ef6-449f-9c92-211b4f7412ce___RS_HL 5783.JPG,healthy,g2334,s_train
data/plantvillage/raw/color/Apple___healthy/db85b64d-0f2a-41ad-9ac2-f912283d8e4b___RS_HL 7863.JPG,healthy,g2335,s_train
data/plantvillage/raw/color/Apple___healthy/dbe7017a-b866-4c93-8ee5-8b2526929328___RS_HL 7992.JPG,healthy,g2336,s_train
data/plantvillage/raw/color/Apple___healthy/dbe783c1-f25b-4c7b-9151-4f4abab0ec31___RS_HL 5701.JPG,healthy,g2337,s_train
data/plantvillage/raw/color/Apple___healthy/dbe91ac0-dcec-40f0-8be3-be2cafd83d5a___RS_HL 7384.JPG,healthy,g2338,s_test
data/plantvillage/raw/color/Apple___healthy/dbea92a9-9473-4cb1-b181-341789de0681___RS_HL 5708.JPG,healthy,g2339,s_reliability
data/plantvillage/raw/color/Apple___healthy/dc18b924-f172-445d-8fed-61445d437aaa___RS_HL 6270.JPG,healthy,g2230,s_train
data/plantvillage/raw/color/Apple___healthy/dc3fca98-91d0-4c97-aaa1-cdd1ad618b38___RS_HL 6290.JPG,healthy,g2340,s_train
data/plantvillage/raw/color/Apple___healthy/dc456961-360a-419b-abb7-b3de3963742a___RS_HL 6055.JPG,healthy,g2341,s_train
data/plantvillage/raw/color/Apple___healthy/dcaa9b5c-3581-421e-b3ee-b52097931cd6___RS_HL 7404.JPG,healthy,g2342,s_test
data/plantvillage/raw/color/Apple___healthy/dd296b3c-b97a-4af0-b9f2-3085b1e8b35a___RS_HL 7503.JPG,healthy,g2343,s_train
data/plantvillage/raw/color/Apple___healthy/dd2b6b6b-2278-4f52-8009-2d57037ab3f2___RS_HL 5670.JPG,healthy,g2344,s_reliability
data/plantvillage/raw/color/Apple___healthy/dd4efe08-e387-42e2-9c4c-61b35b09bd0d___RS_HL 8136.JPG,healthy,g2345,s_train
data/plantvillage/raw/color/Apple___healthy/ddbedf65-df68-476a-b6d5-c2b72d5e9b0b___RS_HL 5753.JPG,healthy,g2346,s_val
data/plantvillage/raw/color/Apple___healthy/ddbfa011-a5f6-449d-a327-b169fb547136___RS_HL 6306.JPG,healthy,g2347,s_test
data/plantvillage/raw/color/Apple___healthy/ddca8aa6-4338-40ea-bf8b-004a53547144___RS_HL 6052.JPG,healthy,g2348,s_train
data/plantvillage/raw/color/Apple___healthy/ddcb6c1e-1512-4f0f-95c0-8c99dbdba7e0___RS_HL 7801.JPG,healthy,g2349,s_train
data/plantvillage/raw/color/Apple___healthy/de10e57b-5529-437c-8d64-15821f05c574___RS_HL 8094.JPG,healthy,g2350,s_test
data/plantvillage/raw/color/Apple___healthy/de1cec8e-3880-4410-9fdb-99e79ce2dcbe___RS_HL 7819.JPG,healthy,g2351,s_train
data/plantvillage/raw/color/Apple___healthy/de864ffe-aea2-4c80-bd60-adfc8787be7f___RS_HL 5985.JPG,healthy,g2352,s_reliability
data/plantvillage/raw/color/Apple___healthy/de9e2aa0-cc3c-4771-bf19-15ac01a4cd25___RS_HL 5819.JPG,healthy,g2353,s_calibration
data/plantvillage/raw/color/Apple___healthy/deaf8b47-7a21-4cd2-97a6-8dc1fc644d00___RS_HL 5812.JPG,healthy,g2354,s_train
data/plantvillage/raw/color/Apple___healthy/decde1a5-7bb9-4f9c-ae10-99b8edcb24fd___RS_HL 7375.JPG,healthy,g2355,s_test
data/plantvillage/raw/color/Apple___healthy/deec00ab-1c30-441b-b6c0-9dd0dec827f4___RS_HL 6327.JPG,healthy,g2356,s_train
data/plantvillage/raw/color/Apple___healthy/def9ef11-75da-4f8f-8334-c6c54a31d3d6___RS_HL 5936.JPG,healthy,g2357,s_train
data/plantvillage/raw/color/Apple___healthy/df61d058-fa1e-4636-97e8-3e1d567fddd9___RS_HL 6139.JPG,healthy,g2358,s_calibration
data/plantvillage/raw/color/Apple___healthy/df6bce5a-1d1b-49f6-a9cb-8f262701b335___RS_HL 8164.JPG,healthy,g2359,s_reliability
data/plantvillage/raw/color/Apple___healthy/dfe47262-125f-4452-ab64-3c445b386061___RS_HL 7349.JPG,healthy,g2360,s_train
data/plantvillage/raw/color/Apple___healthy/dff74209-1167-4878-8236-e0bf62e877dd___RS_HL 7815.JPG,healthy,g2361,s_val
data/plantvillage/raw/color/Apple___healthy/e00be9db-9536-411d-a9f9-415387f2e605___RS_HL 7249.JPG,healthy,g2362,s_calibration
data/plantvillage/raw/color/Apple___healthy/e00d340c-2088-458e-b41d-b628959397c1___RS_HL 5940.JPG,healthy,g2363,s_calibration
data/plantvillage/raw/color/Apple___healthy/e0b3b9e7-70ab-4cd5-ba2f-2924568dc837___RS_HL 7774.JPG,healthy,g2364,s_reliability
data/plantvillage/raw/color/Apple___healthy/e1049a9b-7eb2-423b-9a2f-299d24499732___RS_HL 7344.JPG,healthy,g2365,s_train
data/plantvillage/raw/color/Apple___healthy/e10f9ab3-4775-4947-920a-d272329ae225___RS_HL 7946.JPG,healthy,g2366,s_train
data/plantvillage/raw/color/Apple___healthy/e1571e9e-b373-4d7d-9106-a0b1e4e89bd9___RS_HL 7342.JPG,healthy,g2367,s_train
data/plantvillage/raw/color/Apple___healthy/e162d750-979e-4e0c-b530-5ebde0367453___RS_HL 7345.JPG,healthy,g2368,s_val
data/plantvillage/raw/color/Apple___healthy/e181a90b-4e75-418b-a8d8-98173cd8bd1a___RS_HL 8194.JPG,healthy,g2369,s_train
data/plantvillage/raw/color/Apple___healthy/e1ba14eb-adfc-4b8f-91ec-cb6fa892f501___RS_HL 7633.JPG,healthy,g2370,s_test
data/plantvillage/raw/color/Apple___healthy/e1e675c7-7ec2-44d9-b5c6-9b71151e1447___RS_HL 7466.JPG,healthy,g2371,s_train
data/plantvillage/raw/color/Apple___healthy/e1feed76-9ae7-449b-8c58-aebd806c680b___RS_HL 8034.JPG,healthy,g2372,s_reliability
data/plantvillage/raw/color/Apple___healthy/e25a6ff6-6872-4e79-ac62-14221935dd6b___RS_HL 5736.JPG,healthy,g2373,s_train
data/plantvillage/raw/color/Apple___healthy/e263a6c7-e289-4d26-ad07-1a11c6854208___RS_HL 8113.JPG,healthy,g2374,s_test
data/plantvillage/raw/color/Apple___healthy/e2799f4e-65ba-4f57-aa7d-9ac6cfa6c300___RS_HL 6265.JPG,healthy,g2375,s_train
data/plantvillage/raw/color/Apple___healthy/e29afa6a-10d2-4d5c-a31c-b06fdf1bbadd___RS_HL 7691.JPG,healthy,g2376,s_calibration
data/plantvillage/raw/color/Apple___healthy/e2af3daf-392f-4661-baf0-f4d4522a07f9___RS_HL 5652.JPG,healthy,g2377,s_reliability
data/plantvillage/raw/color/Apple___healthy/e2cce5a6-04a9-436d-8e56-3bf4979b47bc___RS_HL 5886.JPG,healthy,g2378,s_train
data/plantvillage/raw/color/Apple___healthy/e30a5d07-5f6a-459a-a92d-52f86824bd2a___RS_HL 7896.JPG,healthy,g2379,s_train
data/plantvillage/raw/color/Apple___healthy/e30f75c3-08c7-47fa-ae3c-7e1e3e782583___RS_HL 6247.JPG,healthy,g2380,s_calibration
data/plantvillage/raw/color/Apple___healthy/e323a987-eb04-44a2-aaa0-0d85518bb3dd___RS_HL 7668.JPG,healthy,g2381,s_calibration
data/plantvillage/raw/color/Apple___healthy/e34850c1-041f-4674-ba19-b3c48956e986___RS_HL 6184.JPG,healthy,g2382,s_calibration
data/plantvillage/raw/color/Apple___healthy/e35729f0-09b8-4cd4-a04c-30c9b49095c5___RS_HL 6068.JPG,healthy,g2383,s_reliability
data/plantvillage/raw/color/Apple___healthy/e366d6d6-7a22-4182-bf81-a573831404a2___RS_HL 6165.JPG,healthy,g2384,s_calibration
data/plantvillage/raw/color/Apple___healthy/e3a3c4f3-12b0-49f2-a14c-c73cdc542e74___RS_HL 7773.JPG,healthy,g2385,s_reliability
data/plantvillage/raw/color/Apple___healthy/e3aa227f-1e49-4a2a-8e10-6a1c5c985214___RS_HL 6057.JPG,healthy,g2386,s_val
data/plantvillage/raw/color/Apple___healthy/e3bbf9e4-4af5-4137-b996-440c5de827dd___RS_HL 5780.JPG,healthy,g2387,s_train
data/plantvillage/raw/color/Apple___healthy/e439a002-e035-401e-a1aa-77f99fbd65ad___RS_HL 5880.JPG,healthy,g2388,s_reliability
data/plantvillage/raw/color/Apple___healthy/e4bca84a-8bf3-477f-8c67-208f7484b0af___RS_HL 7287.JPG,healthy,g2389,s_train
data/plantvillage/raw/color/Apple___healthy/e4c6e085-5cc2-4bbb-a43e-3d839724c31d___RS_HL 8139.JPG,healthy,g2390,s_train
data/plantvillage/raw/color/Apple___healthy/e5e32bed-0c56-49c1-93d8-415115dd9a09___RS_HL 8006.JPG,healthy,g2391,s_train
data/plantvillage/raw/color/Apple___healthy/e60576a0-8d11-4fe9-8efa-5fe763573dc7___RS_HL 7406.JPG,healthy,g2392,s_test
data/plantvillage/raw/color/Apple___healthy/e662b14d-58f7-4347-98b7-ba9cbc1e858f___RS_HL 6024.JPG,healthy,g2393,s_val
data/plantvillage/raw/color/Apple___healthy/e686d3b8-b691-4cc0-a371-8d812c168911___RS_HL 7539.JPG,healthy,g2394,s_train
data/plantvillage/raw/color/Apple___healthy/e6b195c1-8aa7-4853-9885-2a6db55b99aa___RS_HL 7409.JPG,healthy,g2395,s_val
data/plantvillage/raw/color/Apple___healthy/e6e1a82f-890f-4c43-b7cc-e35418a28359___RS_HL 6260.JPG,healthy,g2396,s_calibration
data/plantvillage/raw/color/Apple___healthy/e6fe30f6-a65f-473c-b266-f9a5cec8f6b4___RS_HL 7559.JPG,healthy,g2397,s_train
data/plantvillage/raw/color/Apple___healthy/e703a7bf-2f28-4577-9463-e67397c1b673___RS_HL 8100.JPG,healthy,g2398,s_calibration
data/plantvillage/raw/color/Apple___healthy/e706b363-0bc0-4846-9b56-b7ff2f60e112___RS_HL 5952.JPG,healthy,g2399,s_val
data/plantvillage/raw/color/Apple___healthy/e77cdcd7-1279-4cd1-87db-9d80721311b4___RS_HL 6283.JPG,healthy,g2400,s_reliability
data/plantvillage/raw/color/Apple___healthy/e7de79f6-05b5-4f79-8b00-b6c212bea3cd___RS_HL 7699.JPG,healthy,g2401,s_calibration
data/plantvillage/raw/color/Apple___healthy/e7ef1fc4-cb01-4be4-98ea-207ec6dfb91a___RS_HL 6316.JPG,healthy,g2402,s_train
data/plantvillage/raw/color/Apple___healthy/e7f0bd90-56b8-4d09-a406-9c4786eaca3a___RS_HL 7738.JPG,healthy,g2403,s_test
data/plantvillage/raw/color/Apple___healthy/e81989f9-3f71-4473-b997-fc0230a2f87e___RS_HL 7568.JPG,healthy,g2404,s_train
data/plantvillage/raw/color/Apple___healthy/e83245d3-f5e6-43f4-9621-899b089f1c08___RS_HL 7586.JPG,healthy,g2405,s_train
data/plantvillage/raw/color/Apple___healthy/e8f01d04-432d-4894-990b-df471a782651___RS_HL 6297.JPG,healthy,g2406,s_train
data/plantvillage/raw/color/Apple___healthy/e99a7776-9700-4845-bec6-b3db896f5562___RS_HL 7732.JPG,healthy,g2407,s_train
data/plantvillage/raw/color/Apple___healthy/e9a9e270-a397-4f0c-a1aa-d064d38379e2___RS_HL 8158.JPG,healthy,g2408,s_calibration
data/plantvillage/raw/color/Apple___healthy/e9d92a83-92dd-442f-8138-627ead72fcaf___RS_HL 5839.JPG,healthy,g2409,s_train
data/plantvillage/raw/color/Apple___healthy/e9f437d0-a209-461c-b071-5c8c13a2ed6a___RS_HL 6291.JPG,healthy,g2410,s_calibration
data/plantvillage/raw/color/Apple___healthy/ea45b7c8-f1c2-42c0-bfec-96444c58ddd0___RS_HL 6004.JPG,healthy,g2411,s_val
data/plantvillage/raw/color/Apple___healthy/ea6534d4-60f0-4607-b02b-fbd25fe9a9b4___RS_HL 5681.JPG,healthy,g2412,s_train
data/plantvillage/raw/color/Apple___healthy/eabe5670-2b40-4677-bc58-b30410ddbab0___RS_HL 7605.JPG,healthy,g2413,s_train
data/plantvillage/raw/color/Apple___healthy/eb1b7162-9f7a-4bb7-b3fc-5dcaef541b55___RS_HL 6218.JPG,healthy,g2414,s_test
data/plantvillage/raw/color/Apple___healthy/eb1fe703-b96e-4440-9f6c-d75efcda5be0___RS_HL 7454.JPG,healthy,g2415,s_test
data/plantvillage/raw/color/Apple___healthy/eb8bf5fc-9b26-403e-aa70-a0649a749629___RS_HL 8096.JPG,healthy,g2416,s_train
data/plantvillage/raw/color/Apple___healthy/ebba11b3-2d4b-4580-9c2f-9e59c1047cdc___RS_HL 7305.JPG,healthy,g2417,s_train
data/plantvillage/raw/color/Apple___healthy/ebfb312e-5c9c-40ed-a193-955439232491___RS_HL 7512.JPG,healthy,g2418,s_test
data/plantvillage/raw/color/Apple___healthy/ec1bf8ec-0876-4971-8df1-20f766ac3df2___RS_HL 7666.JPG,healthy,g2419,s_reliability
data/plantvillage/raw/color/Apple___healthy/ec274680-0ee1-49d4-af42-48c6fe0da457___RS_HL 7306.JPG,healthy,g2420,s_reliability
data/plantvillage/raw/color/Apple___healthy/ec41f18f-cd53-43db-ac79-954871449e40___RS_HL 7789.JPG,healthy,g2421,s_calibration
data/plantvillage/raw/color/Apple___healthy/ec5b9329-e53e-4578-ba60-03950b3e4883___RS_HL 7784.JPG,healthy,g2422,s_train
data/plantvillage/raw/color/Apple___healthy/ec9b03af-1ead-4a8f-ac8b-cf68ae3c46bb___RS_HL 7885.JPG,healthy,g2423,s_train
data/plantvillage/raw/color/Apple___healthy/ec9e541f-ebe0-4985-8a34-26f9daf88b5d___RS_HL 5948.JPG,healthy,g2424,s_train
data/plantvillage/raw/color/Apple___healthy/ecfed640-129c-4440-8617-fbe0372c0556___RS_HL 7485.JPG,healthy,g2425,s_train
data/plantvillage/raw/color/Apple___healthy/ed151c2d-14c0-49e0-bab4-48e5d879d9ca___RS_HL 7554.JPG,healthy,g2426,s_train
data/plantvillage/raw/color/Apple___healthy/ed54e461-78ec-4cd1-8926-ff568b3fd29c___RS_HL 7886.JPG,healthy,g2427,s_train
data/plantvillage/raw/color/Apple___healthy/ed921a4f-b7a5-4086-bcab-cbfe7a97d053___RS_HL 7449.JPG,healthy,g2428,s_train
data/plantvillage/raw/color/Apple___healthy/edb48c93-3366-4363-9840-41a96cb86e3a___RS_HL 6066.JPG,healthy,g2429,s_train
data/plantvillage/raw/color/Apple___healthy/ede0990f-ed5b-492b-9ecf-2f57027f2cd1___RS_HL 6319.JPG,healthy,g2430,s_train
data/plantvillage/raw/color/Apple___healthy/edf2aa3e-8736-4931-99dc-4a05252526b6___RS_HL 7710.JPG,healthy,g2431,s_train
data/plantvillage/raw/color/Apple___healthy/ee4eddac-1368-4d79-950f-e9b09e7cbd24___RS_HL 7704.JPG,healthy,g2432,s_calibration
data/plantvillage/raw/color/Apple___healthy/ee80e1f5-3e45-49a2-9766-ee6ec0981f91___RS_HL 5690.JPG,healthy,g2433,s_train
data/plantvillage/raw/color/Apple___healthy/ee93a9cb-b4e5-4ad6-874b-caff1370f5bd___RS_HL 8142.JPG,healthy,g2434,s_test
data/plantvillage/raw/color/Apple___healthy/eed4b520-3e7c-4a4f-8e7a-26cd9a893a32___RS_HL 5661.JPG,healthy,g2435,s_calibration
data/plantvillage/raw/color/Apple___healthy/eee67012-27f6-45d5-9365-2561429f046d___RS_HL 8165.JPG,healthy,g2436,s_reliability
data/plantvillage/raw/color/Apple___healthy/ef16aa29-f7bd-4bad-be8e-4877760a3712___RS_HL 5871.JPG,healthy,g2437,s_train
data/plantvillage/raw/color/Apple___healthy/ef39563c-7897-48be-b7d5-5371b873b110___RS_HL 8024.JPG,healthy,g2438,s_reliability
data/plantvillage/raw/color/Apple___healthy/efcddd81-0718-4555-ac8f-f417cc6e6280___RS_HL 7912.JPG,healthy,g2439,s_reliability
data/plantvillage/raw/color/Apple___healthy/eff8a4a7-8aa4-4549-ae15-035f85c15486___RS_HL 7783.JPG,healthy,g2440,s_reliability
data/plantvillage/raw/color/Apple___healthy/f0033a40-7a27-46e8-bf31-5af5cd0a9691___RS_HL 7941.JPG,healthy,g2441,s_train
data/plantvillage/raw/color/Apple___healthy/f0194580-8ee6-4149-a63d-7935bc29c09e___RS_HL 7761.JPG,healthy,g2442,s_train
data/plantvillage/raw/color/Apple___healthy/f0327e86-a56c-4ed1-bcdb-ed0a46ccd5a9___RS_HL 5926.JPG,healthy,g2443,s_train
data/plantvillage/raw/color/Apple___healthy/f03b4260-bf5c-41be-a4fe-96a5c341e7fc___RS_HL 7262.JPG,healthy,g2444,s_train
data/plantvillage/raw/color/Apple___healthy/f09b090f-bff1-4fc9-87ad-1b9e05373698___RS_HL 6035.JPG,healthy,g2445,s_reliability
data/plantvillage/raw/color/Apple___healthy/f0cc8fe8-a9ec-42bb-83b7-274f8f5f00f0___RS_HL 7940.JPG,healthy,g2446,s_train
data/plantvillage/raw/color/Apple___healthy/f0fb0e55-8a67-4df0-be6f-90913f64bc28___RS_HL 7352.JPG,healthy,g2447,s_train
data/plantvillage/raw/color/Apple___healthy/f109ab3b-0e85-47e6-9c7b-fe1b7a52a530___RS_HL 7975.JPG,healthy,g2448,s_train
data/plantvillage/raw/color/Apple___healthy/f17a1770-7878-4f53-a432-e93429328836___RS_HL 6090.JPG,healthy,g2449,s_train
data/plantvillage/raw/color/Apple___healthy/f18afd6d-b745-4c09-b615-b1b6200bcd89___RS_HL 7683.JPG,healthy,g2450,s_calibration
data/plantvillage/raw/color/Apple___healthy/f1953fa5-9c15-40a5-b9cd-43341f14dc4d___RS_HL 6115.JPG,healthy,g2451,s_test
data/plantvillage/raw/color/Apple___healthy/f1d26177-d15c-43ee-80e5-6246edc6556c___RS_HL 7713.JPG,healthy,g2452,s_val
data/plantvillage/raw/color/Apple___healthy/f1ff3bc9-8483-4255-a252-95433e00d5e2___RS_HL 7509.JPG,healthy,g2453,s_test
data/plantvillage/raw/color/Apple___healthy/f205d63f-9621-4509-b6e9-6d0ec7e3a402___RS_HL 7811.JPG,healthy,g2454,s_train
data/plantvillage/raw/color/Apple___healthy/f21adca8-b2d2-4a92-84f6-27a46e0935f8___RS_HL 8093.JPG,healthy,g2455,s_train
data/plantvillage/raw/color/Apple___healthy/f22abe65-38c0-4b02-b837-2ec8acb3803f___RS_HL 7868.JPG,healthy,g2456,s_train
data/plantvillage/raw/color/Apple___healthy/f2314f38-fd6f-4bee-b26e-ad095508beab___RS_HL 6145.JPG,healthy,g2457,s_reliability
data/plantvillage/raw/color/Apple___healthy/f2904228-2cc6-4c6c-a2b5-6951a6f3535e___RS_HL 6254.JPG,healthy,g2458,s_val
data/plantvillage/raw/color/Apple___healthy/f2cda910-55c7-46d7-b1a2-9a3bb9792148___RS_HL 6274.JPG,healthy,g2459,s_train
data/plantvillage/raw/color/Apple___healthy/f2e3e754-4307-440e-8055-1261b7c5c53f___RS_HL 7724.JPG,healthy,g2460,s_train
data/plantvillage/raw/color/Apple___healthy/f2e86675-cb7b-4d8a-9400-9b844ccc3f9e___RS_HL 7323.JPG,healthy,g2461,s_train
data/plantvillage/raw/color/Apple___healthy/f31086c2-e23e-4ae1-85a4-89eb742271bc___RS_HL 7611.JPG,healthy,g2462,s_test
data/plantvillage/raw/color/Apple___healthy/f3113ef9-20d8-4c82-9bff-66fe60e41065___RS_HL 7790.JPG,healthy,g2463,s_train
data/plantvillage/raw/color/Apple___healthy/f32ff514-bb33-437d-96bb-526b36662981___RS_HL 6121.JPG,healthy,g2464,s_calibration
data/plantvillage/raw/color/Apple___healthy/f33146e2-5f03-4bb7-ace6-0ebdf535d6e7___RS_HL 6214.JPG,healthy,g2465,s_val
data/plantvillage/raw/color/Apple___healthy/f3676c6a-f226-4bc7-b3d4-c9537de075f4___RS_HL 7963.JPG,healthy,g2466,s_test
data/plantvillage/raw/color/Apple___healthy/f37b30bb-fc44-488b-9184-bd6f73187803___RS_HL 7955.JPG,healthy,g2467,s_train
data/plantvillage/raw/color/Apple___healthy/f38f938c-4c62-49f0-b271-d0616057e84e___RS_HL 7843.JPG,healthy,g2468,s_train
data/plantvillage/raw/color/Apple___healthy/f3c88876-d854-4f94-999c-7fcddb87ced7___RS_HL 8202.JPG,healthy,g2469,s_train
data/plantvillage/raw/color/Apple___healthy/f3f9c00a-94b1-43bf-aa9a-a712f0925aaa___RS_HL 6308.JPG,healthy,g2470,s_train
data/plantvillage/raw/color/Apple___healthy/f43cffa7-756c-40c1-ad67-8924692019a1___RS_HL 6187.JPG,healthy,g2471,s_train
data/plantvillage/raw/color/Apple___healthy/f472e594-6b98-402a-a097-22f46921df9e___RS_HL 7818.JPG,healthy,g2472,s_train
data/plantvillage/raw/color/Apple___healthy/f4a37893-7443-478a-a9af-ba75e1f32767___RS_HL 5653.JPG,healthy,g2473,s_train
data/plantvillage/raw/color/Apple___healthy/f4b6cf56-ec35-43f4-b5e4-eebf509c9580___RS_HL 5946.JPG,healthy,g2474,s_calibration
data/plantvillage/raw/color/Apple___healthy/f4de145c-b5e6-4503-b04c-abc3820ca7b9___RS_HL 8099.JPG,healthy,g2475,s_train
data/plantvillage/raw/color/Apple___healthy/f52ac76d-ad63-4561-911a-4b5245d4e91a___RS_HL 6133.JPG,healthy,g2476,s_train
data/plantvillage/raw/color/Apple___healthy/f549a038-8cff-43b5-814c-70ecbfc2476a___RS_HL 6044.JPG,healthy,g2477,s_test
data/plantvillage/raw/color/Apple___healthy/f584ed58-5d11-42b2-8d84-0bd0108ed2c9___RS_HL 7426.JPG,healthy,g2478,s_train
data/plantvillage/raw/color/Apple___healthy/f591e5cc-e9fc-4d82-b2cd-09ab19cb4581___RS_HL 7829.JPG,healthy,g2479,s_test
data/plantvillage/raw/color/Apple___healthy/f6424729-cfe4-4f67-bd16-d4c5c84daaa0___RS_HL 6195.JPG,healthy,g2480,s_train
data/plantvillage/raw/color/Apple___healthy/f665c2bb-bdd4-4b6e-bb2d-6e6d017c8764___RS_HL 7679.JPG,healthy,g2481,s_train
data/plantvillage/raw/color/Apple___healthy/f681d565-ab7a-4b83-b476-339589e176a3___RS_HL 8160.JPG,healthy,g2482,s_calibration
data/plantvillage/raw/color/Apple___healthy/f71f7765-379e-407d-911a-ef80cfde5c1d___RS_HL 7602.JPG,healthy,g2483,s_train
data/plantvillage/raw/color/Apple___healthy/f7416f1d-cd65-4f2e-be3e-ca701e693df5___RS_HL 7920.JPG,healthy,g2484,s_reliability
data/plantvillage/raw/color/Apple___healthy/f749db98-b26d-40d0-af8e-af6740848dca___RS_HL 7895.JPG,healthy,g2485,s_train
data/plantvillage/raw/color/Apple___healthy/f76ff409-9723-4b89-83f9-1ff33edaffbc___RS_HL 7331.JPG,healthy,g2486,s_train
data/plantvillage/raw/color/Apple___healthy/f797f26c-c6c4-42b7-af20-69e9c7d8bb35___RS_HL 7737.JPG,healthy,g2487,s_val
data/plantvillage/raw/color/Apple___healthy/f7ac955e-05a2-455a-88aa-2771234e9be0___RS_HL 7530.JPG,healthy,g2488,s_calibration
data/plantvillage/raw/color/Apple___healthy/f7b08c73-ec97-42c3-a013-5c4aec725f6f___RS_HL 5923.JPG,healthy,g2489,s_val
data/plantvillage/raw/color/Apple___healthy/f7b5ebd2-2471-4a99-9944-e25696aa5fa8___RS_HL 6233.JPG,healthy,g2490,s_reliability
data/plantvillage/raw/color/Apple___healthy/f7f31913-51ef-481d-aacd-e6492daa74bd___RS_HL 5851.JPG,healthy,g2491,s_train
data/plantvillage/raw/color/Apple___healthy/f822b7fc-c28b-4fd8-8cde-037ed35c0b08___RS_HL 7847.JPG,healthy,g2492,s_train
data/plantvillage/raw/color/Apple___healthy/f85e6b2c-e4b2-42fe-99db-9583b58bb51b___RS_HL 6112.JPG,healthy,g2493,s_test
data/plantvillage/raw/color/Apple___healthy/f85fb3d4-c93d-4ef3-8ff2-47171f8aea77___RS_HL 6132.JPG,healthy,g2494,s_train
data/plantvillage/raw/color/Apple___healthy/f864bef8-0fb1-43e1-866f-a1e78336be9f___RS_HL 7521.JPG,healthy,g2495,s_train
data/plantvillage/raw/color/Apple___healthy/f867a4ff-fe32-4bc4-9fee-9403c5ade149___RS_HL 5752.JPG,healthy,g2496,s_reliability
data/plantvillage/raw/color/Apple___healthy/f876ed50-410a-4911-b82d-e95d3e73ecd0___RS_HL 6134.JPG,healthy,g2497,s_train
data/plantvillage/raw/color/Apple___healthy/f87dbe7e-189e-4dc9-ac5c-9b7737c34551___RS_HL 7665.JPG,healthy,g2498,s_train
data/plantvillage/raw/color/Apple___healthy/f8ac1022-aeb5-4d6c-a976-a4117a3c1b57___RS_HL 5892.JPG,healthy,g2499,s_calibration
data/plantvillage/raw/color/Apple___healthy/f8b4d48b-a454-4991-9f79-bba2f921ef9a___RS_HL 7705.JPG,healthy,g2500,s_calibration
data/plantvillage/raw/color/Apple___healthy/f902a6a0-a38b-441d-bd7e-5deb16ed709c___RS_HL 7727.JPG,healthy,g2501,s_train
data/plantvillage/raw/color/Apple___healthy/f9368405-e343-4423-8288-9b7112352b16___RS_HL 5833.JPG,healthy,g2502,s_train
data/plantvillage/raw/color/Apple___healthy/f9438410-18a8-4352-9aca-0d81c4574c2b___RS_HL 7742.JPG,healthy,g2503,s_calibration
data/plantvillage/raw/color/Apple___healthy/f9952d3a-f286-4863-8667-b8921416b8be___RS_HL 5810.JPG,healthy,g2504,s_test
data/plantvillage/raw/color/Apple___healthy/f995325a-1135-4bde-89a6-121b0fde8c6c___RS_HL 5891.JPG,healthy,g2505,s_reliability
data/plantvillage/raw/color/Apple___healthy/fa3dec4b-5fed-4ba4-808f-25b6b84c7c87___RS_HL 7525.JPG,healthy,g2506,s_train
data/plantvillage/raw/color/Apple___healthy/fa6db5ca-4c60-4ab4-8c23-b6bb852eafbe___RS_HL 7809.JPG,healthy,g2507,s_val
data/plantvillage/raw/color/Apple___healthy/fac07867-acdd-4a19-8be5-987958575af0___RS_HL 5972.JPG,healthy,g2508,s_train
data/plantvillage/raw/color/Apple___healthy/fac70506-5bb2-40bb-a8bd-249cbe7c27e3___RS_HL 7693.JPG,healthy,g2509,s_calibration
data/plantvillage/raw/color/Apple___healthy/fad6efb7-4486-4c45-8b23-1b6cf2a2912a___RS_HL 6077.JPG,healthy,g2510,s_val
data/plantvillage/raw/color/Apple___healthy/faf64a07-ea03-429d-b41d-2a87d2dd066a___RS_HL 5957.JPG,healthy,g2511,s_calibration
data/plantvillage/raw/color/Apple___healthy/fb0953a0-71a5-4c1c-9fb3-f0d9888c2170___RS_HL 8036.JPG,healthy,g2512,s_calibration
data/plantvillage/raw/color/Apple___healthy/fb5116a2-272b-49af-9c27-9b117376a306___RS_HL 8021.JPG,healthy,g2513,s_calibration
data/plantvillage/raw/color/Apple___healthy/fb723b31-aac6-4412-aa97-efcab9cc99a4___RS_HL 8101.JPG,healthy,g2514,s_reliability
data/plantvillage/raw/color/Apple___healthy/fc7a6626-26f1-4edd-9fa3-f4017354ef44___RS_HL 5903.JPG,healthy,g2515,s_train
data/plantvillage/raw/color/Apple___healthy/fc90f3d6-25bc-445e-b418-a5df46878d67___RS_HL 5767.JPG,healthy,g2516,s_train
data/plantvillage/raw/color/Apple___healthy/fca55eaf-abbb-4941-89f7-e3698c1f77f1___RS_HL 8171.JPG,healthy,g2517,s_val
data/plantvillage/raw/color/Apple___healthy/fca87ead-171e-4dd8-9b2d-669f69158dc5___RS_HL 6113.JPG,healthy,g2518,s_train
data/plantvillage/raw/color/Apple___healthy/fcc4c8a4-2177-4a08-a785-063497dfd121___RS_HL 5844.JPG,healthy,g2519,s_train
data/plantvillage/raw/color/Apple___healthy/fd35b750-8672-4801-895f-88a1bab1ac70___RS_HL 7277.JPG,healthy,g2520,s_train
data/plantvillage/raw/color/Apple___healthy/fd4a1e5a-cba8-4f4d-a11a-8e131e907728___RS_HL 6154.JPG,healthy,g2521,s_val
data/plantvillage/raw/color/Apple___healthy/fd7d6a50-e28f-4014-8e15-6028b5f349d0___RS_HL 5953.JPG,healthy,g2522,s_val
data/plantvillage/raw/color/Apple___healthy/fda25357-1076-4707-83e7-d409448a11a8___RS_HL 6221.JPG,healthy,g2523,s_reliability
data/plantvillage/raw/color/Apple___healthy/fdbfa6f7-f887-442d-8df1-1f0cf839fc4d___RS_HL 6274.JPG,healthy,g2459,s_train
data/plantvillage/raw/color/Apple___healthy/fdc0d1ae-70a8-40a6-aab8-2be6c10391a6___RS_HL 8145.JPG,healthy,g2524,s_train
data/plantvillage/raw/color/Apple___healthy/fdd77f89-e3b1-4492-9da3-f46bbc8666d9___RS_HL 6219.JPG,healthy,g2525,s_calibration
data/plantvillage/raw/color/Apple___healthy/fe0140ff-8690-437b-b3b6-dc7d476cb2d7___RS_HL 7837.JPG,healthy,g2526,s_test
data/plantvillage/raw/color/Apple___healthy/fe0701b3-d2f2-46b1-b88d-6ce5a6b2a687___RS_HL 7507.JPG,healthy,g2527,s_train
data/plantvillage/raw/color/Apple___healthy/fe768ce6-56c8-408f-921d-7c7d991bb742___RS_HL 7357.JPG,healthy,g2528,s_calibration
data/plantvillage/raw/color/Apple___healthy/fe89ea86-5245-49a9-9f61-fae47ecc51e9___RS_HL 8116.JPG,healthy,g2529,s_test
data/plantvillage/raw/color/Apple___healthy/fea00538-32c3-4876-8833-40652becc30c___RS_HL 5761.JPG,healthy,g2530,s_reliability
data/plantvillage/raw/color/Apple___healthy/feaf718b-59f2-4aa4-b36a-2b2786ee8b46___RS_HL 6141.JPG,healthy,g2531,s_train
data/plantvillage/raw/color/Apple___healthy/feb2c7d8-0cfd-4eb1-86d0-78a893dd8943___RS_HL 7866.JPG,healthy,g2532,s_reliability
data/plantvillage/raw/color/Apple___healthy/fed54ef2-dab8-4f5f-9cdc-f6c76b9314fb___RS_HL 6118.JPG,healthy,g2533,s_test
data/plantvillage/raw/color/Apple___healthy/ff2e08fe-a803-4159-a9ec-0de65dbaad36___RS_HL 7368.JPG,healthy,g2534,s_train
data/plantvillage/raw/color/Apple___healthy/ff716adb-c699-4135-a62f-dfd35184a6bf___RS_HL 5875.JPG,healthy,g2535,s_val
data/plantvillage/raw/color/Apple___healthy/ff89a869-8eb9-4a0a-9132-dc63e94421bd___RS_HL 7649.JPG,healthy,g2536,s_reliability
data/plantvillage/raw/color/Apple___healthy/ffb59eab-a2c5-471b-96f9-7699d5504b4d___RS_HL 7390.JPG,healthy,g2537,s_train
